roi_dir,bruker_roi_id,plate_date,plate_id_filled,slot_id_filled,roi_index_within_slot,dataset_slug,experiment_folder,fish_id,fish_number,fish_age_hpf,roi_anatomy,roi_tiffs,date_experiment,Date imaged,date_mount,ZF female genotype,ZF male genotype,genotype_base_codes,genotype_allele_codes,treatment_plasmid_base_codes,treatment_rna_base_codes,genotype_marker_fluor_codes,genotype_marker_tag_codes,genotype_marker_localizations,genotype_marker_fusion_labels,all_unique_organelles,all_fluor_organelles,link_source,treatment_plasmid_names_sheet,treatment_rna_names_sheet,treatment_protein_names_sheet,treatment_dye_names_sheet
/clusterfs/vast/abcabc/Korra_Foundation/20250428_mem_histone/fish1_72hpf/roi1_tail,20250428-plate1-slot1-roi1,20250428,1,1,1,20250428_mem_histone,20250428_mem_histone,fish1,1.0,72.0,tail,3206,20250428_mem_histone,2025-04-28,2025-04-28,ef1a:2xLynk:tdmSG(J) (F2 of allele 301),ef1a:2xLynk:tdmSG(J) (F2 of allele 301),pDQM005,301,,,tdmSG,2xLynk,membrane,tdmSG::2xLynk,membrane,tdmSG(membrane)|mScarlet3S2(histone),sheet,,mScarlet3-S2:H2B,,
/clusterfs/vast/abcabc/Korra_Foundation/20250428_mem_histone/fish1_72hpf/roi2_hindbrain_spine,20250428-plate1-slot1-roi2,20250428,1,1,2,20250428_mem_histone,20250428_mem_histone,fish1,1.0,72.0,hindbrain|spine,9760,20250428_mem_histone,2025-04-28,2025-04-28,ef1a:2xLynk:tdmSG(J) (F2 of allele 301),ef1a:2xLynk:tdmSG(J) (F2 of allele 301),pDQM005,301,,,tdmSG,2xLynk,membrane,tdmSG::2xLynk,membrane,tdmSG(membrane)|mScarlet3S2(histone),sheet,,mScarlet3-S2:H2B,,
/clusterfs/vast/abcabc/Korra_Foundation/20250429_mem_cytosol/fish1_24hpf/roi1,20250429-plate2-slot1-roi1,20250429,2,1,1,20250429_mem_cytosol,20250429_mem_cytosol,fish1,1.0,24.0,,6873,20250429_mem_cytosol,2025-04-29,2025-04-29,ef1a:2xLynk:tdmSG(J) (F2 of allele 301),ef1a:2xLynk:tdmSG(J) (F2 of allele 301),pDQM005,301,,,tdmSG,2xLynk,membrane,tdmSG::2xLynk,membrane,tdmSG(membrane),sheet,ef1a:mGold2s,,,
/clusterfs/vast/abcabc/Korra_Foundation/20250429_mem_cytosol/fish1_24hpf/roi1_test,20250429-plate2-slot1-roi2,20250429,2,1,2,20250429_mem_cytosol,20250429_mem_cytosol,fish1,1.0,24.0,test,46,20250429_mem_cytosol,2025-04-29,2025-04-29,ef1a:2xLynk:tdmSG(J) (F2 of allele 301),ef1a:2xLynk:tdmSG(J) (F2 of allele 301),pDQM005,301,,,tdmSG,2xLynk,membrane,tdmSG::2xLynk,membrane,tdmSG(membrane),sheet,ef1a:mGold2s,,,
/clusterfs/vast/abcabc/Korra_Foundation/20250429_mem_cytosol/fish2_48hpf/roi1,20250429-plate2-slot2-roi1,20250429,2,2,1,20250429_mem_cytosol,20250429_mem_cytosol,fish2,2.0,48.0,,3180,20250429_mem_cytosol,2025-04-29,2025-04-29,ef1a:2xLynk:tdmSG(J) (F2 of allele 301),ef1a:2xLynk:tdmSG(J) (F2 of allele 301),pDQM005,301,,,tdmSG,2xLynk,membrane,tdmSG::2xLynk,membrane,tdmSG(membrane),sheet,ef1a:mGold2s,,,
/clusterfs/vast/abcabc/Korra_Foundation/20250429_mem_cytosol/fish3_mem-halo_24hpf/roi1,20250429-plate2-slot3-roi1,20250429,2,3,1,20250429_mem_cytosol,20250429_mem_cytosol,fish3,3.0,24.0,,18,20250429_mem_cytosol,2025-04-29,2025-04-29,ef1a:2xLynk:tdmSG(J) (F2 of allele 301),ef1a:2xLynk:tdmSG(J) (F2 of allele 301),pDQM005,301,,,tdmSG,2xLynk,membrane,tdmSG::2xLynk,membrane,tdmSG(membrane),sheet,ef1a:mGold2s,,,
/clusterfs/vast/abcabc/Korra_Foundation/20250429_mem_cytosol/fish3_mem-halo_24hpf/roi2,20250429-plate2-slot3-roi2,20250429,2,3,2,20250429_mem_cytosol,20250429_mem_cytosol,fish3,3.0,24.0,,5120,20250429_mem_cytosol,2025-04-29,2025-04-29,ef1a:2xLynk:tdmSG(J) (F2 of allele 301),ef1a:2xLynk:tdmSG(J) (F2 of allele 301),pDQM005,301,,,tdmSG,2xLynk,membrane,tdmSG::2xLynk,membrane,tdmSG(membrane),sheet,ef1a:mGold2s,,,
/clusterfs/vast/abcabc/Korra_Foundation/20250429_mem_cytosol/fish4_mem-halo_48hpf/roi1,20250429-plate2-slot4-roi1,20250429,2,4,1,20250429_mem_cytosol,20250429_mem_cytosol,fish4,4.0,48.0,,3328,20250429_mem_cytosol,2025-04-29,2025-04-29,ef1a:2xLynk:tdmSG(J) (F2 of allele 301),ef1a:2xLynk:tdmSG(J) (F2 of allele 301),pDQM005,301,,,tdmSG,2xLynk,membrane,tdmSG::2xLynk,membrane,tdmSG(membrane),sheet,ef1a:mGold2s,,,
/clusterfs/vast/abcabc/Korra_Foundation/20250429_mem_cytosol/fish4_mem-halo_48hpf/roi2,20250429-plate2-slot4-roi2,20250429,2,4,2,20250429_mem_cytosol,20250429_mem_cytosol,fish4,4.0,48.0,,4608,20250429_mem_cytosol,2025-04-29,2025-04-29,ef1a:2xLynk:tdmSG(J) (F2 of allele 301),ef1a:2xLynk:tdmSG(J) (F2 of allele 301),pDQM005,301,,,tdmSG,2xLynk,membrane,tdmSG::2xLynk,membrane,tdmSG(membrane),sheet,ef1a:mGold2s,,,
/clusterfs/vast/abcabc/Korra_Foundation/20250429_mem_cytosol/fish4_mem-halo_48hpf/roi3,20250429-plate2-slot4-roi3,20250429,2,4,3,20250429_mem_cytosol,20250429_mem_cytosol,fish4,4.0,48.0,,6056,20250429_mem_cytosol,2025-04-29,2025-04-29,ef1a:2xLynk:tdmSG(J) (F2 of allele 301),ef1a:2xLynk:tdmSG(J) (F2 of allele 301),pDQM005,301,,,tdmSG,2xLynk,membrane,tdmSG::2xLynk,membrane,tdmSG(membrane),sheet,ef1a:mGold2s,,,
/clusterfs/vast/abcabc/Korra_Foundation/20250513_skittles/fish1/roi1,20250513-plate3-slot1-roi1,20250513,3,1,1,20250513_skittles,20250513_skittles,fish1,1.0,,,42,20250513_skittles,2025-05-13,2025-05-13,,,,,,,,,,,,,sheet,,phiC-NLS,,
/clusterfs/vast/abcabc/Korra_Foundation/20250513_skittles/fish1/roi2,20250513-plate3-slot1-roi2,20250513,3,1,2,20250513_skittles,20250513_skittles,fish1,1.0,,,38,20250513_skittles,2025-05-13,2025-05-13,,,,,,,,,,,,,sheet,,phiC-NLS,,
/clusterfs/vast/abcabc/Korra_Foundation/20250513_skittles/fish1/roi2_2,20250513-plate3-slot1-roi3,20250513,3,1,3,20250513_skittles,20250513_skittles,fish1,1.0,,,18,20250513_skittles,2025-05-13,2025-05-13,,,,,,,,,,,,,sheet,,phiC-NLS,,
/clusterfs/vast/abcabc/Korra_Foundation/20250513_skittles/fish10/roi1,20250513-plate3-slot2-roi1,20250513,3,2,1,20250513_skittles,20250513_skittles,fish10,10.0,,,240,20250513_skittles,2025-05-13,2025-05-13,,,,,,,,,,,,,sheet,,phiC-NLS,,
/clusterfs/vast/abcabc/Korra_Foundation/20250513_skittles/fish11/roi1,20250513-plate3-slot3-roi1,20250513,3,3,1,20250513_skittles,20250513_skittles,fish11,11.0,,,240,20250513_skittles,2025-05-13,2025-05-13,,,,,,,,,,,,,sheet,,phiC-NLS,,
/clusterfs/vast/abcabc/Korra_Foundation/20250513_skittles/fish11/roi1_test,20250513-plate3-slot3-roi2,20250513,3,3,2,20250513_skittles,20250513_skittles,fish11,11.0,,test,4,20250513_skittles,2025-05-13,2025-05-13,,,,,,,,,,,,,sheet,,phiC-NLS,,
/clusterfs/vast/abcabc/Korra_Foundation/20250513_skittles/fish12/roi1,20250513-plate3-slot4-roi1,20250513,3,4,1,20250513_skittles,20250513_skittles,fish12,12.0,,,18,20250513_skittles,2025-05-13,2025-05-13,,,,,,,,,,,,,sheet,,phiC-NLS,,
/clusterfs/vast/abcabc/Korra_Foundation/20250513_skittles/fish12/roi2,20250513-plate3-slot4-roi2,20250513,3,4,2,20250513_skittles,20250513_skittles,fish12,12.0,,,18,20250513_skittles,2025-05-13,2025-05-13,,,,,,,,,,,,,sheet,,phiC-NLS,,
/clusterfs/vast/abcabc/Korra_Foundation/20250513_skittles/fish12/roi3,20250513-plate3-slot4-roi3,20250513,3,4,3,20250513_skittles,20250513_skittles,fish12,12.0,,,18,20250513_skittles,2025-05-13,2025-05-13,,,,,,,,,,,,,sheet,,phiC-NLS,,
/clusterfs/vast/abcabc/Korra_Foundation/20250513_skittles/fish13/roi1,20250513-plate3-slot5-roi1,20250513,3,5,1,20250513_skittles,20250513_skittles,fish13,13.0,,,18,20250513_skittles,2025-05-13,2025-05-13,,,,,,,,,,,,,sheet,,phiC-NLS,,
/clusterfs/vast/abcabc/Korra_Foundation/20250513_skittles/fish13/roi2,20250513-plate3-slot5-roi2,20250513,3,5,2,20250513_skittles,20250513_skittles,fish13,13.0,,,18,20250513_skittles,2025-05-13,2025-05-13,,,,,,,,,,,,,sheet,,phiC-NLS,,
/clusterfs/vast/abcabc/Korra_Foundation/20250513_skittles/fish13/roi3,20250513-plate3-slot5-roi3,20250513,3,5,3,20250513_skittles,20250513_skittles,fish13,13.0,,,18,20250513_skittles,2025-05-13,2025-05-13,,,,,,,,,,,,,sheet,,phiC-NLS,,
/clusterfs/vast/abcabc/Korra_Foundation/20250513_skittles/fish13/roi4,20250513-plate3-slot5-roi4,20250513,3,5,4,20250513_skittles,20250513_skittles,fish13,13.0,,,18,20250513_skittles,2025-05-13,2025-05-13,,,,,,,,,,,,,sheet,,phiC-NLS,,
/clusterfs/vast/abcabc/Korra_Foundation/20250513_skittles/fish14/roi1_brain,20250513-plate3-slot6-roi1,20250513,3,6,1,20250513_skittles,20250513_skittles,fish14,14.0,,brain,36,20250513_skittles,2025-05-13,2025-05-13,,,,,,,,,,,,,sheet,,phiC-NLS,,
/clusterfs/vast/abcabc/Korra_Foundation/20250513_skittles/fish14/roi2_tailbud,20250513-plate3-slot6-roi2,20250513,3,6,2,20250513_skittles,20250513_skittles,fish14,14.0,,tailbud,18,20250513_skittles,2025-05-13,2025-05-13,,,,,,,,,,,,,sheet,,phiC-NLS,,
/clusterfs/vast/abcabc/Korra_Foundation/20250513_skittles/fish15/roi1,20250513-plate4-slot1-roi1,20250513,4,1,1,20250513_skittles,20250513_skittles,fish15,15.0,,,18,20250513_skittles,2025-05-13,2025-05-13,,,,,,,,,,,,,sheet,,phiC-NLS,,
/clusterfs/vast/abcabc/Korra_Foundation/20250513_skittles/fish15/roi2,20250513-plate4-slot1-roi2,20250513,4,1,2,20250513_skittles,20250513_skittles,fish15,15.0,,,18,20250513_skittles,2025-05-13,2025-05-13,,,,,,,,,,,,,sheet,,phiC-NLS,,
/clusterfs/vast/abcabc/Korra_Foundation/20250513_skittles/fish15/roi3,20250513-plate4-slot1-roi3,20250513,4,1,3,20250513_skittles,20250513_skittles,fish15,15.0,,,18,20250513_skittles,2025-05-13,2025-05-13,,,,,,,,,,,,,sheet,,phiC-NLS,,
/clusterfs/vast/abcabc/Korra_Foundation/20250513_skittles/fish15/roi4,20250513-plate4-slot1-roi4,20250513,4,1,4,20250513_skittles,20250513_skittles,fish15,15.0,,,18,20250513_skittles,2025-05-13,2025-05-13,,,,,,,,,,,,,sheet,,phiC-NLS,,
/clusterfs/vast/abcabc/Korra_Foundation/20250513_skittles/fish16/roi1_brain,20250513-plate4-slot2-roi1,20250513,4,2,1,20250513_skittles,20250513_skittles,fish16,16.0,,brain,18,20250513_skittles,2025-05-13,2025-05-13,,,,,,,,,,,,,sheet,,phiC-NLS,,
/clusterfs/vast/abcabc/Korra_Foundation/20250513_skittles/fish2/roi1,20250513-plate4-slot3-roi1,20250513,4,3,1,20250513_skittles,20250513_skittles,fish2,2.0,,,17,20250513_skittles,2025-05-13,2025-05-13,,,,,,,,,,,,,sheet,,phiC-NLS,,
/clusterfs/vast/abcabc/Korra_Foundation/20250513_skittles/fish2/roi2,20250513-plate4-slot3-roi2,20250513,4,3,2,20250513_skittles,20250513_skittles,fish2,2.0,,,10,20250513_skittles,2025-05-13,2025-05-13,,,,,,,,,,,,,sheet,,phiC-NLS,,
/clusterfs/vast/abcabc/Korra_Foundation/20250513_skittles/fish3/roi1,20250513-plate4-slot4-roi1,20250513,4,4,1,20250513_skittles,20250513_skittles,fish3,3.0,,,72,20250513_skittles,2025-05-13,2025-05-13,,,,,,,,,,,,,sheet,,phiC-NLS,,
/clusterfs/vast/abcabc/Korra_Foundation/20250513_skittles/fish3/roi2,20250513-plate4-slot4-roi2,20250513,4,4,2,20250513_skittles,20250513_skittles,fish3,3.0,,,36,20250513_skittles,2025-05-13,2025-05-13,,,,,,,,,,,,,sheet,,phiC-NLS,,
/clusterfs/vast/abcabc/Korra_Foundation/20250513_skittles/fish3/roi3,20250513-plate4-slot4-roi3,20250513,4,4,3,20250513_skittles,20250513_skittles,fish3,3.0,,,36,20250513_skittles,2025-05-13,2025-05-13,,,,,,,,,,,,,sheet,,phiC-NLS,,
/clusterfs/vast/abcabc/Korra_Foundation/20250513_skittles/fish3/roi4,20250513-plate4-slot4-roi4,20250513,4,4,4,20250513_skittles,20250513_skittles,fish3,3.0,,,36,20250513_skittles,2025-05-13,2025-05-13,,,,,,,,,,,,,sheet,,phiC-NLS,,
/clusterfs/vast/abcabc/Korra_Foundation/20250513_skittles/fish4/roi1,20250513-plate4-slot5-roi1,20250513,4,5,1,20250513_skittles,20250513_skittles,fish4,4.0,,,38,20250513_skittles,2025-05-13,2025-05-13,,,,,,,,,,,,,sheet,,phiC-NLS,,
/clusterfs/vast/abcabc/Korra_Foundation/20250513_skittles/fish4/roi2,20250513-plate4-slot5-roi2,20250513,4,5,2,20250513_skittles,20250513_skittles,fish4,4.0,,,72,20250513_skittles,2025-05-13,2025-05-13,,,,,,,,,,,,,sheet,,phiC-NLS,,
/clusterfs/vast/abcabc/Korra_Foundation/20250513_skittles/fish4/roi3,20250513-plate4-slot5-roi3,20250513,4,5,3,20250513_skittles,20250513_skittles,fish4,4.0,,,36,20250513_skittles,2025-05-13,2025-05-13,,,,,,,,,,,,,sheet,,phiC-NLS,,
/clusterfs/vast/abcabc/Korra_Foundation/20250513_skittles/fish5/roi1,20250513-plate4-slot6-roi1,20250513,4,6,1,20250513_skittles,20250513_skittles,fish5,5.0,,,186,20250513_skittles,2025-05-13,2025-05-13,,,,,,,,,,,,,sheet,,phiC-NLS,,
/clusterfs/vast/abcabc/Korra_Foundation/20250513_skittles/fish5/roi2,20250513-plate4-slot6-roi2,20250513,4,6,2,20250513_skittles,20250513_skittles,fish5,5.0,,,36,20250513_skittles,2025-05-13,2025-05-13,,,,,,,,,,,,,sheet,,phiC-NLS,,
/clusterfs/vast/abcabc/Korra_Foundation/20250513_skittles/fish5/roi3,20250513-plate4-slot6-roi3,20250513,4,6,3,20250513_skittles,20250513_skittles,fish5,5.0,,,36,20250513_skittles,2025-05-13,2025-05-13,,,,,,,,,,,,,sheet,,phiC-NLS,,
/clusterfs/vast/abcabc/Korra_Foundation/20250513_skittles/fish5/roi4,20250513-plate4-slot6-roi4,20250513,4,6,4,20250513_skittles,20250513_skittles,fish5,5.0,,,36,20250513_skittles,2025-05-13,2025-05-13,,,,,,,,,,,,,sheet,,phiC-NLS,,
/clusterfs/vast/abcabc/Korra_Foundation/20250513_skittles/fish5/roi5,20250513-plate4-slot6-roi5,20250513,4,6,5,20250513_skittles,20250513_skittles,fish5,5.0,,,36,20250513_skittles,2025-05-13,2025-05-13,,,,,,,,,,,,,sheet,,phiC-NLS,,
/clusterfs/vast/abcabc/Korra_Foundation/20250513_skittles/fish5/roi6,20250513-plate4-slot6-roi6,20250513,4,6,6,20250513_skittles,20250513_skittles,fish5,5.0,,,36,20250513_skittles,2025-05-13,2025-05-13,,,,,,,,,,,,,sheet,,phiC-NLS,,
/clusterfs/vast/abcabc/Korra_Foundation/20250513_skittles/fish5/roi7,20250513-plate4-slot6-roi7,20250513,4,6,7,20250513_skittles,20250513_skittles,fish5,5.0,,,36,20250513_skittles,2025-05-13,2025-05-13,,,,,,,,,,,,,sheet,,phiC-NLS,,
/clusterfs/vast/abcabc/Korra_Foundation/20250513_skittles/fish6/roi1,20250513-plate5-slot1-roi1,20250513,5,1,1,20250513_skittles,20250513_skittles,fish6,6.0,,,36,20250513_skittles,2025-05-13,2025-05-13,,,,,,,,,,,,,sheet,,phiC-NLS,,
/clusterfs/vast/abcabc/Korra_Foundation/20250513_skittles/fish6/roi2,20250513-plate5-slot1-roi2,20250513,5,1,2,20250513_skittles,20250513_skittles,fish6,6.0,,,36,20250513_skittles,2025-05-13,2025-05-13,,,,,,,,,,,,,sheet,,phiC-NLS,,
/clusterfs/vast/abcabc/Korra_Foundation/20250513_skittles/fish6/roi3,20250513-plate5-slot1-roi3,20250513,5,1,3,20250513_skittles,20250513_skittles,fish6,6.0,,,36,20250513_skittles,2025-05-13,2025-05-13,,,,,,,,,,,,,sheet,,phiC-NLS,,
/clusterfs/vast/abcabc/Korra_Foundation/20250513_skittles/fish6/roi4,20250513-plate5-slot1-roi4,20250513,5,1,4,20250513_skittles,20250513_skittles,fish6,6.0,,,36,20250513_skittles,2025-05-13,2025-05-13,,,,,,,,,,,,,sheet,,phiC-NLS,,
/clusterfs/vast/abcabc/Korra_Foundation/20250513_skittles/fish7/roi1_ear_brain,20250513-plate5-slot2-roi1,20250513,5,2,1,20250513_skittles,20250513_skittles,fish7,7.0,,ear|brain,72,20250513_skittles,2025-05-13,2025-05-13,,,,,,,,,,,,,sheet,,phiC-NLS,,
/clusterfs/vast/abcabc/Korra_Foundation/20250513_skittles/fish7/roi2_brain,20250513-plate5-slot2-roi2,20250513,5,2,2,20250513_skittles,20250513_skittles,fish7,7.0,,brain,36,20250513_skittles,2025-05-13,2025-05-13,,,,,,,,,,,,,sheet,,phiC-NLS,,
/clusterfs/vast/abcabc/Korra_Foundation/20250513_skittles/fish8/roi1,20250513-plate5-slot3-roi1,20250513,5,3,1,20250513_skittles,20250513_skittles,fish8,8.0,,,48,20250513_skittles,2025-05-13,2025-05-13,,,,,,,,,,,,,sheet,,phiC-NLS,,
/clusterfs/vast/abcabc/Korra_Foundation/20250513_skittles/fish9/roi1,20250513-plate5-slot4-roi1,20250513,5,4,1,20250513_skittles,20250513_skittles,fish9,9.0,,,180,20250513_skittles,2025-05-13,2025-05-13,,,,,,,,,,,,,sheet,,phiC-NLS,,
/clusterfs/vast/abcabc/Korra_Foundation/20250520_mem_histone/fish2/roi1,20250520-plate6-slot1-roi1,20250520,6,1,1,20250520_mem_histone,20250520_mem_histone,fish2,2.0,,,2048,20250520_mem_histone,2025-05-20,2025-05-20,ef1a:2xLynk:tdmSG(J) (F2 of allele 301),ef1a:2xLynk:tdmSG(J) (F2 of allele 301),pDQM005,301,,,tdmSG,2xLynk,membrane,tdmSG::2xLynk,membrane,tdmSG(membrane)|mScarlet3S2(histone),sheet,,mScarlet3-S2:H2B,,
/clusterfs/vast/abcabc/Korra_Foundation/20250520_mem_histone/fish2/roi1,20250520-plate6-slot1-roi2,20250520,6,1,2,20250520_mem_histone,20250520_mem_histone,fish2,2.0,,,2048,20250520_mem_histone,2025-05-20,2025-05-20,ef1a:2xLynk:tdmSG(J) (F2 of allele 301),ef1a:2xLynk:tdmSG(J) (F2 of allele 301),pDQM005,301,,,tdmSG,2xLynk,membrane,tdmSG::2xLynk,membrane,tdmSG(membrane)|mScarlet3S2(histone),sheet,,mScarlet3-S2:H2B,,
/clusterfs/vast/abcabc/Korra_Foundation/20250520_mem_histone/fish2/roi1,20250520-plate6-slot1-roi3,20250520,6,1,3,20250520_mem_histone,20250520_mem_histone,fish2,2.0,,,2048,20250520_mem_histone,2025-05-20,2025-05-20,ef1a:2xLynk:tdmSG(J) (F2 of allele 301),ef1a:2xLynk:tdmSG(J) (F2 of allele 301),pDQM005,301,,,tdmSG,2xLynk,membrane,tdmSG::2xLynk,membrane,tdmSG(membrane)|mScarlet3S2(histone),sheet,,mScarlet3-S2:H2B,,
/clusterfs/vast/abcabc/Korra_Foundation/20250520_mem_histone/fish4/roi1_tailbud,20250520-plate6-slot2-roi1,20250520,6,2,1,20250520_mem_histone,20250520_mem_histone,fish4,4.0,,tailbud,266,20250520_mem_histone,2025-05-20,2025-05-20,ef1a:2xLynk:tdmSG(J) (F2 of allele 301),ef1a:2xLynk:tdmSG(J) (F2 of allele 301),pDQM005,301,,,tdmSG,2xLynk,membrane,tdmSG::2xLynk,membrane,tdmSG(membrane)|mScarlet3S2(histone),sheet,,mScarlet3-S2:H2B,,
/clusterfs/vast/abcabc/Korra_Foundation/20250520_mem_histone/fish4/roi1_tailbud,20250520-plate6-slot2-roi2,20250520,6,2,2,20250520_mem_histone,20250520_mem_histone,fish4,4.0,,tailbud,266,20250520_mem_histone,2025-05-20,2025-05-20,ef1a:2xLynk:tdmSG(J) (F2 of allele 301),ef1a:2xLynk:tdmSG(J) (F2 of allele 301),pDQM005,301,,,tdmSG,2xLynk,membrane,tdmSG::2xLynk,membrane,tdmSG(membrane)|mScarlet3S2(histone),sheet,,mScarlet3-S2:H2B,,
/clusterfs/vast/abcabc/Korra_Foundation/20250520_mem_histone/fish4/roi1_tailbud,20250520-plate6-slot2-roi3,20250520,6,2,3,20250520_mem_histone,20250520_mem_histone,fish4,4.0,,tailbud,266,20250520_mem_histone,2025-05-20,2025-05-20,ef1a:2xLynk:tdmSG(J) (F2 of allele 301),ef1a:2xLynk:tdmSG(J) (F2 of allele 301),pDQM005,301,,,tdmSG,2xLynk,membrane,tdmSG::2xLynk,membrane,tdmSG(membrane)|mScarlet3S2(histone),sheet,,mScarlet3-S2:H2B,,
/clusterfs/vast/abcabc/Korra_Foundation/20250520_mem_histone/fish4/roi1_tailbud_2,20250520-plate6-slot2-roi4,20250520,6,2,4,20250520_mem_histone,20250520_mem_histone,fish4,4.0,,tailbud,1026,20250520_mem_histone,2025-05-20,2025-05-20,ef1a:2xLynk:tdmSG(J) (F2 of allele 301),ef1a:2xLynk:tdmSG(J) (F2 of allele 301),pDQM005,301,,,tdmSG,2xLynk,membrane,tdmSG::2xLynk,membrane,tdmSG(membrane)|mScarlet3S2(histone),sheet,,mScarlet3-S2:H2B,,
/clusterfs/vast/abcabc/Korra_Foundation/20250520_mem_histone/fish4/roi1_tailbud_2,20250520-plate6-slot2-roi5,20250520,6,2,5,20250520_mem_histone,20250520_mem_histone,fish4,4.0,,tailbud,1026,20250520_mem_histone,2025-05-20,2025-05-20,ef1a:2xLynk:tdmSG(J) (F2 of allele 301),ef1a:2xLynk:tdmSG(J) (F2 of allele 301),pDQM005,301,,,tdmSG,2xLynk,membrane,tdmSG::2xLynk,membrane,tdmSG(membrane)|mScarlet3S2(histone),sheet,,mScarlet3-S2:H2B,,
/clusterfs/vast/abcabc/Korra_Foundation/20250520_mem_histone/fish4/roi1_tailbud_2,20250520-plate6-slot2-roi6,20250520,6,2,6,20250520_mem_histone,20250520_mem_histone,fish4,4.0,,tailbud,1026,20250520_mem_histone,2025-05-20,2025-05-20,ef1a:2xLynk:tdmSG(J) (F2 of allele 301),ef1a:2xLynk:tdmSG(J) (F2 of allele 301),pDQM005,301,,,tdmSG,2xLynk,membrane,tdmSG::2xLynk,membrane,tdmSG(membrane)|mScarlet3S2(histone),sheet,,mScarlet3-S2:H2B,,
/clusterfs/vast/abcabc/Korra_Foundation/20250520_mem_histone/fish5/roi1_tailbud,20250520-plate6-slot3-roi1,20250520,6,3,1,20250520_mem_histone,20250520_mem_histone,fish5,5.0,,tailbud,3040,20250520_mem_histone,2025-05-20,2025-05-20,ef1a:2xLynk:tdmSG(J) (F2 of allele 301),ef1a:2xLynk:tdmSG(J) (F2 of allele 301),pDQM005,301,,,tdmSG,2xLynk,membrane,tdmSG::2xLynk,membrane,tdmSG(membrane)|mScarlet3S2(histone),sheet,,mScarlet3-S2:H2B,,
/clusterfs/vast/abcabc/Korra_Foundation/20250520_mem_histone/fish5/roi1_tailbud,20250520-plate6-slot3-roi2,20250520,6,3,2,20250520_mem_histone,20250520_mem_histone,fish5,5.0,,tailbud,3040,20250520_mem_histone,2025-05-20,2025-05-20,ef1a:2xLynk:tdmSG(J) (F2 of allele 301),ef1a:2xLynk:tdmSG(J) (F2 of allele 301),pDQM005,301,,,tdmSG,2xLynk,membrane,tdmSG::2xLynk,membrane,tdmSG(membrane)|mScarlet3S2(histone),sheet,,mScarlet3-S2:H2B,,
/clusterfs/vast/abcabc/Korra_Foundation/20250520_mem_histone/fish5/roi1_tailbud,20250520-plate6-slot3-roi3,20250520,6,3,3,20250520_mem_histone,20250520_mem_histone,fish5,5.0,,tailbud,3040,20250520_mem_histone,2025-05-20,2025-05-20,ef1a:2xLynk:tdmSG(J) (F2 of allele 301),ef1a:2xLynk:tdmSG(J) (F2 of allele 301),pDQM005,301,,,tdmSG,2xLynk,membrane,tdmSG::2xLynk,membrane,tdmSG(membrane)|mScarlet3S2(histone),sheet,,mScarlet3-S2:H2B,,
/clusterfs/vast/abcabc/Korra_Foundation/20250521_skittles_no-membrane/fish2/roi1,20250521-plate7-slot1-roi1,20250521,7,1,1,20250521_skittles_no-membrane,20250521_skittles_no-membrane,fish2,2.0,,,60,20250521_skittles_no-membrane,2025-05-21,2025-05-21,Dennis (F2 of allele 318),Abe (F2 of allele 309),pDQM036|pDQM034,318|309,,,nan|mKate2|mCitrine|Electra2|mKOK|mTFP1,nan,nan,,nan,,sheet,,phiC-NLS,,
/clusterfs/vast/abcabc/Korra_Foundation/20250521_skittles_no-membrane/fish2/roi2,20250521-plate7-slot1-roi2,20250521,7,1,2,20250521_skittles_no-membrane,20250521_skittles_no-membrane,fish2,2.0,,,20,20250521_skittles_no-membrane,2025-05-21,2025-05-21,Dennis (F2 of allele 318),Abe (F2 of allele 309),pDQM036|pDQM034,318|309,,,nan|mKate2|mCitrine|Electra2|mKOK|mTFP1,nan,nan,,nan,,sheet,,phiC-NLS,,
/clusterfs/vast/abcabc/Korra_Foundation/20250521_skittles_no-membrane/fish3/roi1,20250521-plate7-slot2-roi1,20250521,7,2,1,20250521_skittles_no-membrane,20250521_skittles_no-membrane,fish3,3.0,,,25,20250521_skittles_no-membrane,2025-05-21,2025-05-21,Dennis (F2 of allele 318),Abe (F2 of allele 309),pDQM036|pDQM034,318|309,,,nan|mKate2|mCitrine|Electra2|mKOK|mTFP1,nan,nan,,nan,,sheet,,phiC-NLS,,
/clusterfs/vast/abcabc/Korra_Foundation/20250521_skittles_no-membrane/fish4/roi1,20250521-plate7-slot3-roi1,20250521,7,3,1,20250521_skittles_no-membrane,20250521_skittles_no-membrane,fish4,4.0,,,30,20250521_skittles_no-membrane,2025-05-21,2025-05-21,Dennis (F2 of allele 318),Abe (F2 of allele 309),pDQM036|pDQM034,318|309,,,nan|mKate2|mCitrine|Electra2|mKOK|mTFP1,nan,nan,,nan,,sheet,,phiC-NLS,,
/clusterfs/vast/abcabc/Korra_Foundation/20250521_skittles_no-membrane/fish4/roi2,20250521-plate7-slot3-roi2,20250521,7,3,2,20250521_skittles_no-membrane,20250521_skittles_no-membrane,fish4,4.0,,,30,20250521_skittles_no-membrane,2025-05-21,2025-05-21,Dennis (F2 of allele 318),Abe (F2 of allele 309),pDQM036|pDQM034,318|309,,,nan|mKate2|mCitrine|Electra2|mKOK|mTFP1,nan,nan,,nan,,sheet,,phiC-NLS,,
/clusterfs/vast/abcabc/Korra_Foundation/20250522_skittlez/fish1/roi1,20250522-plate8-slot1-roi1,20250522,8,1,1,20250522_skittlez,20250522_skittlez,fish1,1.0,,,72,20250522_skittlez,2025-05-22,2025-05-22,,,,,,,,,,,,,sheet,,,,
/clusterfs/vast/abcabc/Korra_Foundation/20250522_skittlez/fish1/roi2,20250522-plate8-slot1-roi2,20250522,8,1,2,20250522_skittlez,20250522_skittlez,fish1,1.0,,,72,20250522_skittlez,2025-05-22,2025-05-22,,,,,,,,,,,,,sheet,,,,
/clusterfs/vast/abcabc/Korra_Foundation/20250522_skittlez/fish2/roi1,20250522-plate8-slot2-roi1,20250522,8,2,1,20250522_skittlez,20250522_skittlez,fish2,2.0,,,72,20250522_skittlez,2025-05-22,2025-05-22,,,,,,,,,,,,,sheet,,,,
/clusterfs/vast/abcabc/Korra_Foundation/20250522_skittlez/fish2/roi2,20250522-plate8-slot2-roi2,20250522,8,2,2,20250522_skittlez,20250522_skittlez,fish2,2.0,,,72,20250522_skittlez,2025-05-22,2025-05-22,,,,,,,,,,,,,sheet,,,,
/clusterfs/vast/abcabc/Korra_Foundation/20250522_skittlez/fish3/roi1,20250522-plate8-slot3-roi1,20250522,8,3,1,20250522_skittlez,20250522_skittlez,fish3,3.0,,,72,20250522_skittlez,2025-05-22,2025-05-22,,,,,,,,,,,,,sheet,,,,
/clusterfs/vast/abcabc/Korra_Foundation/20250522_skittlez/fish3/roi2,20250522-plate8-slot3-roi2,20250522,8,3,2,20250522_skittlez,20250522_skittlez,fish3,3.0,,,72,20250522_skittlez,2025-05-22,2025-05-22,,,,,,,,,,,,,sheet,,,,
/clusterfs/vast/abcabc/Korra_Foundation/20250522_skittlez/fish3/roi3,20250522-plate8-slot3-roi3,20250522,8,3,3,20250522_skittlez,20250522_skittlez,fish3,3.0,,,72,20250522_skittlez,2025-05-22,2025-05-22,,,,,,,,,,,,,sheet,,,,
/clusterfs/vast/abcabc/Korra_Foundation/20250522_skittlez/fish4/roi1,20250522-plate8-slot4-roi1,20250522,8,4,1,20250522_skittlez,20250522_skittlez,fish4,4.0,,,36,20250522_skittlez,2025-05-22,2025-05-22,,,,,,,,,,,,,sheet,,,,
/clusterfs/vast/abcabc/Korra_Foundation/20250522_skittlez/fish4/roi2,20250522-plate8-slot4-roi2,20250522,8,4,2,20250522_skittlez,20250522_skittlez,fish4,4.0,,,36,20250522_skittlez,2025-05-22,2025-05-22,,,,,,,,,,,,,sheet,,,,
/clusterfs/vast/abcabc/Korra_Foundation/20250522_skittlez/fish5/roi1,20250522-plate8-slot5-roi1,20250522,8,5,1,20250522_skittlez,20250522_skittlez,fish5,5.0,,,90,20250522_skittlez,2025-05-22,2025-05-22,,,,,,,,,,,,,sheet,,,,
/clusterfs/vast/abcabc/Korra_Foundation/20250522_skittlez/fish6/roi1,20250522-plate8-slot6-roi1,20250522,8,6,1,20250522_skittlez,20250522_skittlez,fish6,6.0,,,90,20250522_skittlez,2025-05-22,2025-05-22,,,,,,,,,,,,,sheet,,,,
/clusterfs/vast/abcabc/Korra_Foundation/20250522_skittlez/fish6/roi2,20250522-plate8-slot6-roi2,20250522,8,6,2,20250522_skittlez,20250522_skittlez,fish6,6.0,,,90,20250522_skittlez,2025-05-22,2025-05-22,,,,,,,,,,,,,sheet,,,,
/clusterfs/vast/abcabc/Korra_Foundation/20250522_skittlez/fish7/roi1,20250522-plate9-slot1-roi1,20250522,9,1,1,20250522_skittlez,20250522_skittlez,fish7,7.0,,,90,20250522_skittlez,2025-05-22,2025-05-22,,,,,,,,,,,,,sheet,,,,
/clusterfs/vast/abcabc/Korra_Foundation/20250522_skittlez/fish7/roi2,20250522-plate9-slot1-roi2,20250522,9,1,2,20250522_skittlez,20250522_skittlez,fish7,7.0,,,90,20250522_skittlez,2025-05-22,2025-05-22,,,,,,,,,,,,,sheet,,,,
/clusterfs/vast/abcabc/Korra_Foundation/20250522_skittlez/fish7/roi3,20250522-plate9-slot1-roi3,20250522,9,1,3,20250522_skittlez,20250522_skittlez,fish7,7.0,,,90,20250522_skittlez,2025-05-22,2025-05-22,,,,,,,,,,,,,sheet,,,,
/clusterfs/vast/abcabc/Korra_Foundation/20250522_skittlez/fish8/roi1,20250522-plate9-slot2-roi1,20250522,9,2,1,20250522_skittlez,20250522_skittlez,fish8,8.0,,,90,20250522_skittlez,2025-05-22,2025-05-22,,,,,,,,,,,,,sheet,,,,
/clusterfs/vast/abcabc/Korra_Foundation/20250522_skittlez/fish8/roi2,20250522-plate9-slot2-roi2,20250522,9,2,2,20250522_skittlez,20250522_skittlez,fish8,8.0,,,90,20250522_skittlez,2025-05-22,2025-05-22,,,,,,,,,,,,,sheet,,,,
/clusterfs/vast/abcabc/Korra_Foundation/20250522_skittlez/fish8/roi3,20250522-plate9-slot2-roi3,20250522,9,2,3,20250522_skittlez,20250522_skittlez,fish8,8.0,,,90,20250522_skittlez,2025-05-22,2025-05-22,,,,,,,,,,,,,sheet,,,,
/clusterfs/vast/abcabc/Korra_Foundation/20250522_skittlez/fish9/roi1,20250522-plate9-slot3-roi1,20250522,9,3,1,20250522_skittlez,20250522_skittlez,fish9,9.0,,,120,20250522_skittlez,2025-05-22,2025-05-22,,,,,,,,,,,,,sheet,,,,
/clusterfs/vast/abcabc/Korra_Foundation/20250523_mem_histone/fish1/roi1,20250523-plate10-slot1-roi1,20250523,10,1,1,20250523_mem_histone,20250523_mem_histone,fish1,1.0,,,4000,20250523_mem_histone,2025-05-23,2025-05-23,ef1a:2xLynk:tdmSG(J) (F2 of allele 302),ef1a:2xLynk:tdmSG(J) (F2 of allele 302),pDQM005,302,,,tdmSG,2xLynk,membrane,tdmSG::2xLynk,membrane,tdmSG(membrane)|mScarlet3S2(histone),sheet,,mScarlet3-S2:H2B,,
/clusterfs/vast/abcabc/Korra_Foundation/20250523_mem_histone/fish1/roi1,20250523-plate10-slot1-roi2,20250523,10,1,2,20250523_mem_histone,20250523_mem_histone,fish1,1.0,,,4000,20250523_mem_histone,2025-05-23,2025-05-23,ef1a:2xLynk:tdmSG(J) (F2 of allele 302),ef1a:2xLynk:tdmSG(J) (F2 of allele 302),pDQM005,302,,,tdmSG,2xLynk,membrane,tdmSG::2xLynk,membrane,tdmSG(membrane)|mScarlet3S2(histone),sheet,,mScarlet3-S2:H2B,,
/clusterfs/vast/abcabc/Korra_Foundation/20250523_mem_histone/fish2/roi1,20250523-plate10-slot2-roi1,20250523,10,2,1,20250523_mem_histone,20250523_mem_histone,fish2,2.0,,,8600,20250523_mem_histone,2025-05-23,2025-05-23,ef1a:2xLynk:tdmSG(J) (F2 of allele 302),ef1a:2xLynk:tdmSG(J) (F2 of allele 302),pDQM005,302,,,tdmSG,2xLynk,membrane,tdmSG::2xLynk,membrane,tdmSG(membrane)|mScarlet3S2(histone),sheet,,mScarlet3-S2:H2B,,
/clusterfs/vast/abcabc/Korra_Foundation/20250523_mem_histone/fish2/roi1,20250523-plate10-slot2-roi2,20250523,10,2,2,20250523_mem_histone,20250523_mem_histone,fish2,2.0,,,8600,20250523_mem_histone,2025-05-23,2025-05-23,ef1a:2xLynk:tdmSG(J) (F2 of allele 302),ef1a:2xLynk:tdmSG(J) (F2 of allele 302),pDQM005,302,,,tdmSG,2xLynk,membrane,tdmSG::2xLynk,membrane,tdmSG(membrane)|mScarlet3S2(histone),sheet,,mScarlet3-S2:H2B,,
/clusterfs/vast/abcabc/Korra_Foundation/20250523_mem_histone/fish3/roi1,20250523-plate10-slot3-roi1,20250523,10,3,1,20250523_mem_histone,20250523_mem_histone,fish3,3.0,,,4000,20250523_mem_histone,2025-05-23,2025-05-23,ef1a:2xLynk:tdmSG(J) (F2 of allele 302),ef1a:2xLynk:tdmSG(J) (F2 of allele 302),pDQM005,302,,,tdmSG,2xLynk,membrane,tdmSG::2xLynk,membrane,tdmSG(membrane)|mScarlet3S2(histone),sheet,,mScarlet3-S2:H2B,,
/clusterfs/vast/abcabc/Korra_Foundation/20250523_mem_histone/fish3/roi1,20250523-plate10-slot3-roi2,20250523,10,3,2,20250523_mem_histone,20250523_mem_histone,fish3,3.0,,,4000,20250523_mem_histone,2025-05-23,2025-05-23,ef1a:2xLynk:tdmSG(J) (F2 of allele 302),ef1a:2xLynk:tdmSG(J) (F2 of allele 302),pDQM005,302,,,tdmSG,2xLynk,membrane,tdmSG::2xLynk,membrane,tdmSG(membrane)|mScarlet3S2(histone),sheet,,mScarlet3-S2:H2B,,
/clusterfs/vast/abcabc/Korra_Foundation/20250523_mem_histone/fish4/roi1,20250523-plate10-slot4-roi1,20250523,10,4,1,20250523_mem_histone,20250523_mem_histone,fish4,4.0,,,4000,20250523_mem_histone,2025-05-23,2025-05-23,ef1a:2xLynk:tdmSG(J) (F2 of allele 302),ef1a:2xLynk:tdmSG(J) (F2 of allele 302),pDQM005,302,,,tdmSG,2xLynk,membrane,tdmSG::2xLynk,membrane,tdmSG(membrane)|mScarlet3S2(histone),sheet,,mScarlet3-S2:H2B,,
/clusterfs/vast/abcabc/Korra_Foundation/20250523_mem_histone/fish4/roi1,20250523-plate10-slot4-roi2,20250523,10,4,2,20250523_mem_histone,20250523_mem_histone,fish4,4.0,,,4000,20250523_mem_histone,2025-05-23,2025-05-23,ef1a:2xLynk:tdmSG(J) (F2 of allele 302),ef1a:2xLynk:tdmSG(J) (F2 of allele 302),pDQM005,302,,,tdmSG,2xLynk,membrane,tdmSG::2xLynk,membrane,tdmSG(membrane)|mScarlet3S2(histone),sheet,,mScarlet3-S2:H2B,,
/clusterfs/vast/abcabc/Korra_Foundation/20250523_mem_histone/fish5/roi1,20250523-plate10-slot5-roi1,20250523,10,5,1,20250523_mem_histone,20250523_mem_histone,fish5,5.0,,,7900,20250523_mem_histone,2025-05-23,2025-05-23,ef1a:2xLynk:tdmSG(J) (F2 of allele 302),ef1a:2xLynk:tdmSG(J) (F2 of allele 302),pDQM005,302,,,tdmSG,2xLynk,membrane,tdmSG::2xLynk,membrane,tdmSG(membrane)|mScarlet3S2(histone),sheet,,mScarlet3-S2:H2B,,
/clusterfs/vast/abcabc/Korra_Foundation/20250523_mem_histone/fish5/roi1,20250523-plate10-slot5-roi2,20250523,10,5,2,20250523_mem_histone,20250523_mem_histone,fish5,5.0,,,7900,20250523_mem_histone,2025-05-23,2025-05-23,ef1a:2xLynk:tdmSG(J) (F2 of allele 302),ef1a:2xLynk:tdmSG(J) (F2 of allele 302),pDQM005,302,,,tdmSG,2xLynk,membrane,tdmSG::2xLynk,membrane,tdmSG(membrane)|mScarlet3S2(histone),sheet,,mScarlet3-S2:H2B,,
/clusterfs/vast/abcabc/Korra_Foundation/20250528_mem-histone/fish1/roi1_spine,20250528-plate11-slot1-roi1,20250528,11,1,1,20250528_mem-histone,20250528_mem-histone,fish1,1.0,,spine,3192,20250528_mem-histone,2025-05-28,2025-05-28,ef1a:2xLynk:tdmSG(J) (F2 of allele 302),ef1a:2xLynk:tdmSG(J) (F2 of allele 302),pDQM005,302,,,tdmSG,2xLynk,membrane,tdmSG::2xLynk,membrane,tdmSG(membrane)|mScarlet3S2(histone),sheet,,mScarlet3-S2:H2B,,
/clusterfs/vast/abcabc/Korra_Foundation/20250528_mem-histone/fish1/roi1_spine,20250528-plate11-slot1-roi2,20250528,11,1,2,20250528_mem-histone,20250528_mem-histone,fish1,1.0,,spine,3192,20250528_mem-histone,2025-05-28,2025-05-28,ef1a:2xLynk:tdmSG(J) (F2 of allele 302),ef1a:2xLynk:tdmSG(J) (F2 of allele 302),pDQM005,302,,,tdmSG,2xLynk,membrane,tdmSG::2xLynk,membrane,tdmSG(membrane)|mScarlet3S2(histone),sheet,,mScarlet3-S2:H2B,,
/clusterfs/vast/abcabc/Korra_Foundation/20250528_mem-histone/fish2/roi1_brain,20250528-plate11-slot2-roi1,20250528,11,2,1,20250528_mem-histone,20250528_mem-histone,fish2,2.0,,brain,1300,20250528_mem-histone,2025-05-28,2025-05-28,ef1a:2xLynk:tdmSG(J) (F2 of allele 302),ef1a:2xLynk:tdmSG(J) (F2 of allele 302),pDQM005,302,,,tdmSG,2xLynk,membrane,tdmSG::2xLynk,membrane,tdmSG(membrane)|mScarlet3S2(histone),sheet,,mScarlet3-S2:H2B,,
/clusterfs/vast/abcabc/Korra_Foundation/20250528_mem-histone/fish2/roi1_brain,20250528-plate11-slot2-roi2,20250528,11,2,2,20250528_mem-histone,20250528_mem-histone,fish2,2.0,,brain,1300,20250528_mem-histone,2025-05-28,2025-05-28,ef1a:2xLynk:tdmSG(J) (F2 of allele 302),ef1a:2xLynk:tdmSG(J) (F2 of allele 302),pDQM005,302,,,tdmSG,2xLynk,membrane,tdmSG::2xLynk,membrane,tdmSG(membrane)|mScarlet3S2(histone),sheet,,mScarlet3-S2:H2B,,
/clusterfs/vast/abcabc/Korra_Foundation/20250528_mem-histone/fish3/roi2_spine,20250528-plate11-slot3-roi1,20250528,11,3,1,20250528_mem-histone,20250528_mem-histone,fish3,3.0,,spine,5642,20250528_mem-histone,2025-05-28,2025-05-28,ef1a:2xLynk:tdmSG(J) (F2 of allele 302),ef1a:2xLynk:tdmSG(J) (F2 of allele 302),pDQM005,302,,,tdmSG,2xLynk,membrane,tdmSG::2xLynk,membrane,tdmSG(membrane)|mScarlet3S2(histone),sheet,,mScarlet3-S2:H2B,,
/clusterfs/vast/abcabc/Korra_Foundation/20250528_mem-histone/fish3/roi2_spine,20250528-plate11-slot3-roi2,20250528,11,3,2,20250528_mem-histone,20250528_mem-histone,fish3,3.0,,spine,5642,20250528_mem-histone,2025-05-28,2025-05-28,ef1a:2xLynk:tdmSG(J) (F2 of allele 302),ef1a:2xLynk:tdmSG(J) (F2 of allele 302),pDQM005,302,,,tdmSG,2xLynk,membrane,tdmSG::2xLynk,membrane,tdmSG(membrane)|mScarlet3S2(histone),sheet,,mScarlet3-S2:H2B,,
/clusterfs/vast/abcabc/Korra_Foundation/20250528_skittlez/fish1/roi1,20250528-plate12-slot1-roi1,20250528,12,1,1,20250528_skittlez,20250528_skittlez,fish1,1.0,,,24,20250528_skittlez,2025-05-28,2025-05-28,,,,,,,,,,,,,sheet,,,,
/clusterfs/vast/abcabc/Korra_Foundation/20250528_skittlez/fish1/roi2,20250528-plate12-slot1-roi2,20250528,12,1,2,20250528_skittlez,20250528_skittlez,fish1,1.0,,,24,20250528_skittlez,2025-05-28,2025-05-28,,,,,,,,,,,,,sheet,,,,
/clusterfs/vast/abcabc/Korra_Foundation/20250529_skittlez/fish10_roi1,20250529-plate13-slot2-roi1,20250529,13,2,1,20250529_skittlez,20250529_skittlez,fish10,10.0,,,96,20250529_skittlez,2025-05-29,2025-05-29,Jim (F2 of allele 316),Ben (F2 of allele 310),pDQM059|pDQM034,316|310,,,gfp|mKate2|mCitrine|Electra2|mKOK|mTFP1,nan,nan,,nan,,sheet,,"phiC-NLS, 2xLynk:mSG, mChilada:H2B",,
/clusterfs/vast/abcabc/Korra_Foundation/20250529_skittlez/fish11_roi1_eye,20250529-plate13-slot3-roi1,20250529,13,3,1,20250529_skittlez,20250529_skittlez,fish11,11.0,,eye,18,20250529_skittlez,2025-05-29,2025-05-29,Jim (F2 of allele 316),Ben (F2 of allele 310),pDQM059|pDQM034,316|310,,,gfp|mKate2|mCitrine|Electra2|mKOK|mTFP1,nan,nan,,nan,,sheet,,"phiC-NLS, 2xLynk:mSG, mChilada:H2B",,
/clusterfs/vast/abcabc/Korra_Foundation/20250529_skittlez/fish11_roi1_eye_2,20250529-plate13-slot3-roi2,20250529,13,3,2,20250529_skittlez,20250529_skittlez,fish11,11.0,,eye,96,20250529_skittlez,2025-05-29,2025-05-29,Jim (F2 of allele 316),Ben (F2 of allele 310),pDQM059|pDQM034,316|310,,,gfp|mKate2|mCitrine|Electra2|mKOK|mTFP1,nan,nan,,nan,,sheet,,"phiC-NLS, 2xLynk:mSG, mChilada:H2B",,
/clusterfs/vast/abcabc/Korra_Foundation/20250529_skittlez/fish12_roi1,20250529-plate13-slot4-roi1,20250529,13,4,1,20250529_skittlez,20250529_skittlez,fish12,12.0,,,96,20250529_skittlez,2025-05-29,2025-05-29,Jim (F2 of allele 316),Ben (F2 of allele 310),pDQM059|pDQM034,316|310,,,gfp|mKate2|mCitrine|Electra2|mKOK|mTFP1,nan,nan,,nan,,sheet,,"phiC-NLS, 2xLynk:mSG, mChilada:H2B",,
/clusterfs/vast/abcabc/Korra_Foundation/20250529_skittlez/fish13_roi1,20250529-plate13-slot5-roi1,20250529,13,5,1,20250529_skittlez,20250529_skittlez,fish13,13.0,,,96,20250529_skittlez,2025-05-29,2025-05-29,Jim (F2 of allele 316),Ben (F2 of allele 310),pDQM059|pDQM034,316|310,,,gfp|mKate2|mCitrine|Electra2|mKOK|mTFP1,nan,nan,,nan,,sheet,,"phiC-NLS, 2xLynk:mSG, mChilada:H2B",,
/clusterfs/vast/abcabc/Korra_Foundation/20250529_skittlez/fish14_roi1,20250529-plate13-slot6-roi1,20250529,13,6,1,20250529_skittlez,20250529_skittlez,fish14,14.0,,,96,20250529_skittlez,2025-05-29,2025-05-29,Jim (F2 of allele 316),Ben (F2 of allele 310),pDQM059|pDQM034,316|310,,,gfp|mKate2|mCitrine|Electra2|mKOK|mTFP1,nan,nan,,nan,,sheet,,"phiC-NLS, 2xLynk:mSG, mChilada:H2B",,
/clusterfs/vast/abcabc/Korra_Foundation/20250529_skittlez/fish14_roi2,20250529-plate13-slot6-roi2,20250529,13,6,2,20250529_skittlez,20250529_skittlez,fish14,14.0,,,96,20250529_skittlez,2025-05-29,2025-05-29,Jim (F2 of allele 316),Ben (F2 of allele 310),pDQM059|pDQM034,316|310,,,gfp|mKate2|mCitrine|Electra2|mKOK|mTFP1,nan,nan,,nan,,sheet,,"phiC-NLS, 2xLynk:mSG, mChilada:H2B",,
/clusterfs/vast/abcabc/Korra_Foundation/20250529_skittlez/fish14_roi3,20250529-plate13-slot6-roi3,20250529,13,6,3,20250529_skittlez,20250529_skittlez,fish14,14.0,,,96,20250529_skittlez,2025-05-29,2025-05-29,Jim (F2 of allele 316),Ben (F2 of allele 310),pDQM059|pDQM034,316|310,,,gfp|mKate2|mCitrine|Electra2|mKOK|mTFP1,nan,nan,,nan,,sheet,,"phiC-NLS, 2xLynk:mSG, mChilada:H2B",,
/clusterfs/vast/abcabc/Korra_Foundation/20250529_skittlez/fish15_roi1,20250529-plate14-slot1-roi1,20250529,14,1,1,20250529_skittlez,20250529_skittlez,fish15,15.0,,,144,20250529_skittlez,2025-05-29,2025-05-29,Jim (F2 of allele 316),Ben (F2 of allele 310),pDQM059|pDQM034,316|310,,,gfp|mKate2|mCitrine|Electra2|mKOK|mTFP1,nan,nan,,nan,,sheet,,"phiC-NLS, 2xLynk:mSG, mChilada:H2B",,
/clusterfs/vast/abcabc/Korra_Foundation/20250529_skittlez/fish1_roi1,20250529-plate13-slot1-roi1,20250529,13,1,1,20250529_skittlez,20250529_skittlez,fish1,1.0,,,96,20250529_skittlez,2025-05-29,2025-05-29,Jim (F2 of allele 316),Ben (F2 of allele 310),pDQM059|pDQM034,316|310,,,gfp|mKate2|mCitrine|Electra2|mKOK|mTFP1,nan,nan,,nan,,sheet,,"phiC-NLS, 2xLynk:mSG, mChilada:H2B",,
/clusterfs/vast/abcabc/Korra_Foundation/20250529_skittlez/fish1_roi2,20250529-plate13-slot1-roi2,20250529,13,1,2,20250529_skittlez,20250529_skittlez,fish1,1.0,,,96,20250529_skittlez,2025-05-29,2025-05-29,Jim (F2 of allele 316),Ben (F2 of allele 310),pDQM059|pDQM034,316|310,,,gfp|mKate2|mCitrine|Electra2|mKOK|mTFP1,nan,nan,,nan,,sheet,,"phiC-NLS, 2xLynk:mSG, mChilada:H2B",,
/clusterfs/vast/abcabc/Korra_Foundation/20250529_skittlez/fish1_roi3,20250529-plate13-slot1-roi3,20250529,13,1,3,20250529_skittlez,20250529_skittlez,fish1,1.0,,,48,20250529_skittlez,2025-05-29,2025-05-29,Jim (F2 of allele 316),Ben (F2 of allele 310),pDQM059|pDQM034,316|310,,,gfp|mKate2|mCitrine|Electra2|mKOK|mTFP1,nan,nan,,nan,,sheet,,"phiC-NLS, 2xLynk:mSG, mChilada:H2B",,
/clusterfs/vast/abcabc/Korra_Foundation/20250529_skittlez/fish2_roi1,20250529-plate14-slot2-roi1,20250529,14,2,1,20250529_skittlez,20250529_skittlez,fish2,2.0,,,90,20250529_skittlez,2025-05-29,2025-05-29,Jim (F2 of allele 316),Ben (F2 of allele 310),pDQM059|pDQM034,316|310,,,gfp|mKate2|mCitrine|Electra2|mKOK|mTFP1,nan,nan,,nan,,sheet,,"phiC-NLS, 2xLynk:mSG, mChilada:H2B",,
/clusterfs/vast/abcabc/Korra_Foundation/20250529_skittlez/fish2_roi2,20250529-plate14-slot2-roi2,20250529,14,2,2,20250529_skittlez,20250529_skittlez,fish2,2.0,,,90,20250529_skittlez,2025-05-29,2025-05-29,Jim (F2 of allele 316),Ben (F2 of allele 310),pDQM059|pDQM034,316|310,,,gfp|mKate2|mCitrine|Electra2|mKOK|mTFP1,nan,nan,,nan,,sheet,,"phiC-NLS, 2xLynk:mSG, mChilada:H2B",,
/clusterfs/vast/abcabc/Korra_Foundation/20250529_skittlez/fish4_roi1,20250529-plate14-slot3-roi1,20250529,14,3,1,20250529_skittlez,20250529_skittlez,fish4,4.0,,,90,20250529_skittlez,2025-05-29,2025-05-29,Jim (F2 of allele 316),Ben (F2 of allele 310),pDQM059|pDQM034,316|310,,,gfp|mKate2|mCitrine|Electra2|mKOK|mTFP1,nan,nan,,nan,,sheet,,"phiC-NLS, 2xLynk:mSG, mChilada:H2B",,
/clusterfs/vast/abcabc/Korra_Foundation/20250529_skittlez/fish5_roi1,20250529-plate14-slot4-roi1,20250529,14,4,1,20250529_skittlez,20250529_skittlez,fish5,5.0,,,120,20250529_skittlez,2025-05-29,2025-05-29,Jim (F2 of allele 316),Ben (F2 of allele 310),pDQM059|pDQM034,316|310,,,gfp|mKate2|mCitrine|Electra2|mKOK|mTFP1,nan,nan,,nan,,sheet,,"phiC-NLS, 2xLynk:mSG, mChilada:H2B",,
/clusterfs/vast/abcabc/Korra_Foundation/20250529_skittlez/fish5_roi2,20250529-plate14-slot4-roi2,20250529,14,4,2,20250529_skittlez,20250529_skittlez,fish5,5.0,,,120,20250529_skittlez,2025-05-29,2025-05-29,Jim (F2 of allele 316),Ben (F2 of allele 310),pDQM059|pDQM034,316|310,,,gfp|mKate2|mCitrine|Electra2|mKOK|mTFP1,nan,nan,,nan,,sheet,,"phiC-NLS, 2xLynk:mSG, mChilada:H2B",,
/clusterfs/vast/abcabc/Korra_Foundation/20250529_skittlez/fish6_roi1,20250529-plate14-slot5-roi1,20250529,14,5,1,20250529_skittlez,20250529_skittlez,fish6,6.0,,,120,20250529_skittlez,2025-05-29,2025-05-29,Jim (F2 of allele 316),Ben (F2 of allele 310),pDQM059|pDQM034,316|310,,,gfp|mKate2|mCitrine|Electra2|mKOK|mTFP1,nan,nan,,nan,,sheet,,"phiC-NLS, 2xLynk:mSG, mChilada:H2B",,
/clusterfs/vast/abcabc/Korra_Foundation/20250529_skittlez/fish7_roi1,20250529-plate14-slot6-roi1,20250529,14,6,1,20250529_skittlez,20250529_skittlez,fish7,7.0,,,72,20250529_skittlez,2025-05-29,2025-05-29,Jim (F2 of allele 316),Ben (F2 of allele 310),pDQM059|pDQM034,316|310,,,gfp|mKate2|mCitrine|Electra2|mKOK|mTFP1,nan,nan,,nan,,sheet,,"phiC-NLS, 2xLynk:mSG, mChilada:H2B",,
/clusterfs/vast/abcabc/Korra_Foundation/20250529_skittlez/fish8_roi1,20250529-plate15-slot1-roi1,20250529,15,1,1,20250529_skittlez,20250529_skittlez,fish8,8.0,,,96,20250529_skittlez,2025-05-29,2025-05-29,Jim (F2 of allele 316),Ben (F2 of allele 310),pDQM059|pDQM034,316|310,,,gfp|mKate2|mCitrine|Electra2|mKOK|mTFP1,nan,nan,,nan,,sheet,,"phiC-NLS, 2xLynk:mSG, mChilada:H2B",,
/clusterfs/vast/abcabc/Korra_Foundation/20250529_skittlez/fish9_roi1,20250529-plate15-slot2-roi1,20250529,15,2,1,20250529_skittlez,20250529_skittlez,fish9,9.0,,,96,20250529_skittlez,2025-05-29,2025-05-29,Jim (F2 of allele 316),Ben (F2 of allele 310),pDQM059|pDQM034,316|310,,,gfp|mKate2|mCitrine|Electra2|mKOK|mTFP1,nan,nan,,nan,,sheet,,"phiC-NLS, 2xLynk:mSG, mChilada:H2B",,
/clusterfs/vast/abcabc/Korra_Foundation/20250529_skittlez/fish9_roi2,20250529-plate15-slot2-roi2,20250529,15,2,2,20250529_skittlez,20250529_skittlez,fish9,9.0,,,96,20250529_skittlez,2025-05-29,2025-05-29,Jim (F2 of allele 316),Ben (F2 of allele 310),pDQM059|pDQM034,316|310,,,gfp|mKate2|mCitrine|Electra2|mKOK|mTFP1,nan,nan,,nan,,sheet,,"phiC-NLS, 2xLynk:mSG, mChilada:H2B",,
/clusterfs/vast/abcabc/Korra_Foundation/20250530_mem-histone/fish1_roi1,20250530-plate16-slot1-roi1,20250530,16,1,1,20250530_mem-histone,20250530_mem-histone,fish1,1.0,,,2636,20250530_mem-histone,2025-05-30,2025-05-30,ef1a:2xLynk:tdmSG(J) (F2 of allele 302),ef1a:2xLynk:tdmSG(J) (F2 of allele 302),pDQM005,302,,,tdmSG,2xLynk,membrane,tdmSG::2xLynk,membrane,tdmSG(membrane)|mScarlet3S2(histone),sheet,,mScarlet3-S2:H2B,,
/clusterfs/vast/abcabc/Korra_Foundation/20250530_mem-histone/fish1_roi1-2,20250530-plate16-slot1-roi2,20250530,16,1,2,20250530_mem-histone,20250530_mem-histone,fish1,1.0,,fish1|roi1-2,12200,20250530_mem-histone,2025-05-30,2025-05-30,ef1a:2xLynk:tdmSG(J) (F2 of allele 302),ef1a:2xLynk:tdmSG(J) (F2 of allele 302),pDQM005,302,,,tdmSG,2xLynk,membrane,tdmSG::2xLynk,membrane,tdmSG(membrane)|mScarlet3S2(histone),sheet,,mScarlet3-S2:H2B,,
/clusterfs/vast/abcabc/Korra_Foundation/20250530_mem-histone/fish2_roi1,20250530-plate16-slot2-roi1,20250530,16,2,1,20250530_mem-histone,20250530_mem-histone,fish2,2.0,,,4350,20250530_mem-histone,2025-05-30,2025-05-30,ef1a:2xLynk:tdmSG(J) (F2 of allele 302),ef1a:2xLynk:tdmSG(J) (F2 of allele 302),pDQM005,302,,,tdmSG,2xLynk,membrane,tdmSG::2xLynk,membrane,tdmSG(membrane)|mScarlet3S2(histone),sheet,,mScarlet3-S2:H2B,,
/clusterfs/vast/abcabc/Korra_Foundation/20250602_mem/fish2_roi1,20250602-plate17-slot1-roi1,20250602,17,1,1,20250602_mem,20250602_mem,fish2,2.0,,,15812,20250602_mem,2025-06-02,2025-06-02,casper/rnf,ef1a:2xLynk:tdmSG(J) (F2 of allele 302),pDQM005,302,,,tdmSG,2xLynk,membrane,tdmSG::2xLynk,membrane,tdmSG(membrane),sheet,,,,
/clusterfs/vast/abcabc/Korra_Foundation/20250603_skittlez/fish10_roi1,20250603-plate18-slot2-roi1,20250603,18,2,1,20250603_skittlez,20250603_skittlez,fish10,10.0,,,144,20250603_skittlez,2025-06-03,2025-06-03,Liam (F2 of allele 321),Chris (F1 of allele 317),pDQM059|pDQM034,321|317,,,gfp|mKate2|mCitrine|Electra2|mKOK|mTFP1,nan,nan,,nan,,sheet,,"phiC-NLS, 2xLynk:mSG",,
/clusterfs/vast/abcabc/Korra_Foundation/20250603_skittlez/fish11_roi1,20250603-plate18-slot3-roi1,20250603,18,3,1,20250603_skittlez,20250603_skittlez,fish11,11.0,,,96,20250603_skittlez,2025-06-03,2025-06-03,Liam (F2 of allele 321),Chris (F1 of allele 317),pDQM059|pDQM034,321|317,,,gfp|mKate2|mCitrine|Electra2|mKOK|mTFP1,nan,nan,,nan,,sheet,,"phiC-NLS, 2xLynk:mSG",,
/clusterfs/vast/abcabc/Korra_Foundation/20250603_skittlez/fish12_roi1,20250603-plate18-slot4-roi1,20250603,18,4,1,20250603_skittlez,20250603_skittlez,fish12,12.0,,,192,20250603_skittlez,2025-06-03,2025-06-03,Liam (F2 of allele 321),Chris (F1 of allele 317),pDQM059|pDQM034,321|317,,,gfp|mKate2|mCitrine|Electra2|mKOK|mTFP1,nan,nan,,nan,,sheet,,"phiC-NLS, 2xLynk:mSG",,
/clusterfs/vast/abcabc/Korra_Foundation/20250603_skittlez/fish13_roi1,20250603-plate18-slot5-roi1,20250603,18,5,1,20250603_skittlez,20250603_skittlez,fish13,13.0,,,96,20250603_skittlez,2025-06-03,2025-06-03,Liam (F2 of allele 321),Chris (F1 of allele 317),pDQM059|pDQM034,321|317,,,gfp|mKate2|mCitrine|Electra2|mKOK|mTFP1,nan,nan,,nan,,sheet,,"phiC-NLS, 2xLynk:mSG",,
/clusterfs/vast/abcabc/Korra_Foundation/20250603_skittlez/fish14_roi1,20250603-plate18-slot6-roi1,20250603,18,6,1,20250603_skittlez,20250603_skittlez,fish14,14.0,,,240,20250603_skittlez,2025-06-03,2025-06-03,Liam (F2 of allele 321),Chris (F1 of allele 317),pDQM059|pDQM034,321|317,,,gfp|mKate2|mCitrine|Electra2|mKOK|mTFP1,nan,nan,,nan,,sheet,,"phiC-NLS, 2xLynk:mSG",,
/clusterfs/vast/abcabc/Korra_Foundation/20250603_skittlez/fish15_roi1,20250603-plate19-slot1-roi1,20250603,19,1,1,20250603_skittlez,20250603_skittlez,fish15,15.0,,,168,20250603_skittlez,2025-06-03,2025-06-03,Liam (F2 of allele 321),Chris (F1 of allele 317),pDQM059|pDQM034,321|317,,,gfp|mKate2|mCitrine|Electra2|mKOK|mTFP1,nan,nan,,nan,,sheet,,"phiC-NLS, 2xLynk:mSG",,
/clusterfs/vast/abcabc/Korra_Foundation/20250603_skittlez/fish16_roi1,20250603-plate19-slot2-roi1,20250603,19,2,1,20250603_skittlez,20250603_skittlez,fish16,16.0,,,120,20250603_skittlez,2025-06-03,2025-06-03,Liam (F2 of allele 321),Chris (F1 of allele 317),pDQM059|pDQM034,321|317,,,gfp|mKate2|mCitrine|Electra2|mKOK|mTFP1,nan,nan,,nan,,sheet,,"phiC-NLS, 2xLynk:mSG",,
/clusterfs/vast/abcabc/Korra_Foundation/20250603_skittlez/fish1_roi1_1,20250603-plate18-slot1-roi1,20250603,18,1,1,20250603_skittlez,20250603_skittlez,fish1,1.0,,,72,20250603_skittlez,2025-06-03,2025-06-03,Liam (F2 of allele 321),Chris (F1 of allele 317),pDQM059|pDQM034,321|317,,,gfp|mKate2|mCitrine|Electra2|mKOK|mTFP1,nan,nan,,nan,,sheet,,"phiC-NLS, 2xLynk:mSG",,
/clusterfs/vast/abcabc/Korra_Foundation/20250603_skittlez/fish2_roi1,20250603-plate19-slot3-roi1,20250603,19,3,1,20250603_skittlez,20250603_skittlez,fish2,2.0,,,6,20250603_skittlez,2025-06-03,2025-06-03,Liam (F2 of allele 321),Chris (F1 of allele 317),pDQM059|pDQM034,321|317,,,gfp|mKate2|mCitrine|Electra2|mKOK|mTFP1,nan,nan,,nan,,sheet,,"phiC-NLS, 2xLynk:mSG",,
/clusterfs/vast/abcabc/Korra_Foundation/20250603_skittlez/fish2_roi1_1,20250603-plate19-slot3-roi2,20250603,19,3,2,20250603_skittlez,20250603_skittlez,fish2,2.0,,,72,20250603_skittlez,2025-06-03,2025-06-03,Liam (F2 of allele 321),Chris (F1 of allele 317),pDQM059|pDQM034,321|317,,,gfp|mKate2|mCitrine|Electra2|mKOK|mTFP1,nan,nan,,nan,,sheet,,"phiC-NLS, 2xLynk:mSG",,
/clusterfs/vast/abcabc/Korra_Foundation/20250603_skittlez/fish3_roi1,20250603-plate19-slot4-roi1,20250603,19,4,1,20250603_skittlez,20250603_skittlez,fish3,3.0,,,90,20250603_skittlez,2025-06-03,2025-06-03,Liam (F2 of allele 321),Chris (F1 of allele 317),pDQM059|pDQM034,321|317,,,gfp|mKate2|mCitrine|Electra2|mKOK|mTFP1,nan,nan,,nan,,sheet,,"phiC-NLS, 2xLynk:mSG",,
/clusterfs/vast/abcabc/Korra_Foundation/20250603_skittlez/fish4_roi1,20250603-plate19-slot5-roi1,20250603,19,5,1,20250603_skittlez,20250603_skittlez,fish4,4.0,,,126,20250603_skittlez,2025-06-03,2025-06-03,Liam (F2 of allele 321),Chris (F1 of allele 317),pDQM059|pDQM034,321|317,,,gfp|mKate2|mCitrine|Electra2|mKOK|mTFP1,nan,nan,,nan,,sheet,,"phiC-NLS, 2xLynk:mSG",,
/clusterfs/vast/abcabc/Korra_Foundation/20250603_skittlez/fish6_roi1,20250603-plate19-slot6-roi1,20250603,19,6,1,20250603_skittlez,20250603_skittlez,fish6,6.0,,,174,20250603_skittlez,2025-06-03,2025-06-03,Liam (F2 of allele 321),Chris (F1 of allele 317),pDQM059|pDQM034,321|317,,,gfp|mKate2|mCitrine|Electra2|mKOK|mTFP1,nan,nan,,nan,,sheet,,"phiC-NLS, 2xLynk:mSG",,
/clusterfs/vast/abcabc/Korra_Foundation/20250603_skittlez/fish7_roi1,20250603-plate20-slot1-roi1,20250603,20,1,1,20250603_skittlez,20250603_skittlez,fish7,7.0,,,108,20250603_skittlez,2025-06-03,2025-06-03,Liam (F2 of allele 321),Chris (F1 of allele 317),pDQM059|pDQM034,321|317,,,gfp|mKate2|mCitrine|Electra2|mKOK|mTFP1,nan,nan,,nan,,sheet,,"phiC-NLS, 2xLynk:mSG",,
/clusterfs/vast/abcabc/Korra_Foundation/20250603_skittlez/fish8_roi1,20250603-plate20-slot2-roi1,20250603,20,2,1,20250603_skittlez,20250603_skittlez,fish8,8.0,,,72,20250603_skittlez,2025-06-03,2025-06-03,Liam (F2 of allele 321),Chris (F1 of allele 317),pDQM059|pDQM034,321|317,,,gfp|mKate2|mCitrine|Electra2|mKOK|mTFP1,nan,nan,,nan,,sheet,,"phiC-NLS, 2xLynk:mSG",,
/clusterfs/vast/abcabc/Korra_Foundation/20250603_skittlez/fish9_roi1,20250603-plate20-slot3-roi1,20250603,20,3,1,20250603_skittlez,20250603_skittlez,fish9,9.0,,,138,20250603_skittlez,2025-06-03,2025-06-03,Liam (F2 of allele 321),Chris (F1 of allele 317),pDQM059|pDQM034,321|317,,,gfp|mKate2|mCitrine|Electra2|mKOK|mTFP1,nan,nan,,nan,,sheet,,"phiC-NLS, 2xLynk:mSG",,
/clusterfs/vast/abcabc/Korra_Foundation/20250603_skittlez/fish9_roi2,20250603-plate20-slot3-roi2,20250603,20,3,2,20250603_skittlez,20250603_skittlez,fish9,9.0,,,48,20250603_skittlez,2025-06-03,2025-06-03,Liam (F2 of allele 321),Chris (F1 of allele 317),pDQM059|pDQM034,321|317,,,gfp|mKate2|mCitrine|Electra2|mKOK|mTFP1,nan,nan,,nan,,sheet,,"phiC-NLS, 2xLynk:mSG",,
/clusterfs/vast/abcabc/Korra_Foundation/20250603_skittlez/fish9_roi3,20250603-plate20-slot3-roi3,20250603,20,3,3,20250603_skittlez,20250603_skittlez,fish9,9.0,,,48,20250603_skittlez,2025-06-03,2025-06-03,Liam (F2 of allele 321),Chris (F1 of allele 317),pDQM059|pDQM034,321|317,,,gfp|mKate2|mCitrine|Electra2|mKOK|mTFP1,nan,nan,,nan,,sheet,,"phiC-NLS, 2xLynk:mSG",,
/clusterfs/vast/abcabc/Korra_Foundation/20250605_skittlez/fish10_roi1,20250605-plate21-slot2-roi1,20250605,21,2,1,20250605_skittlez,20250605_skittlez,fish10,10.0,,,72,20250605_skittlez,2025-06-05,2025-06-05,Dennis (F2 of allele 318),Abe (F2 of allele 309),pDQM036|pDQM034,318|309,,,nan|mKate2|mCitrine|Electra2|mKOK|mTFP1,nan,nan,,nan,,sheet,,"phiC-NLS, 2xLynk:mSG",,
/clusterfs/vast/abcabc/Korra_Foundation/20250605_skittlez/fish10_roi2,20250605-plate21-slot2-roi2,20250605,21,2,2,20250605_skittlez,20250605_skittlez,fish10,10.0,,,72,20250605_skittlez,2025-06-05,2025-06-05,Dennis (F2 of allele 318),Abe (F2 of allele 309),pDQM036|pDQM034,318|309,,,nan|mKate2|mCitrine|Electra2|mKOK|mTFP1,nan,nan,,nan,,sheet,,"phiC-NLS, 2xLynk:mSG",,
/clusterfs/vast/abcabc/Korra_Foundation/20250605_skittlez/fish11_roi1,20250605-plate21-slot3-roi1,20250605,21,3,1,20250605_skittlez,20250605_skittlez,fish11,11.0,,,96,20250605_skittlez,2025-06-05,2025-06-05,Dennis (F2 of allele 318),Abe (F2 of allele 309),pDQM036|pDQM034,318|309,,,nan|mKate2|mCitrine|Electra2|mKOK|mTFP1,nan,nan,,nan,,sheet,,"phiC-NLS, 2xLynk:mSG",,
/clusterfs/vast/abcabc/Korra_Foundation/20250605_skittlez/fish11_roi2,20250605-plate21-slot3-roi2,20250605,21,3,2,20250605_skittlez,20250605_skittlez,fish11,11.0,,,120,20250605_skittlez,2025-06-05,2025-06-05,Dennis (F2 of allele 318),Abe (F2 of allele 309),pDQM036|pDQM034,318|309,,,nan|mKate2|mCitrine|Electra2|mKOK|mTFP1,nan,nan,,nan,,sheet,,"phiC-NLS, 2xLynk:mSG",,
/clusterfs/vast/abcabc/Korra_Foundation/20250605_skittlez/fish12_roi1,20250605-plate21-slot4-roi1,20250605,21,4,1,20250605_skittlez,20250605_skittlez,fish12,12.0,,,96,20250605_skittlez,2025-06-05,2025-06-05,Dennis (F2 of allele 318),Abe (F2 of allele 309),pDQM036|pDQM034,318|309,,,nan|mKate2|mCitrine|Electra2|mKOK|mTFP1,nan,nan,,nan,,sheet,,"phiC-NLS, 2xLynk:mSG",,
/clusterfs/vast/abcabc/Korra_Foundation/20250605_skittlez/fish13_roi1,20250605-plate21-slot5-roi1,20250605,21,5,1,20250605_skittlez,20250605_skittlez,fish13,13.0,,,96,20250605_skittlez,2025-06-05,2025-06-05,Dennis (F2 of allele 318),Abe (F2 of allele 309),pDQM036|pDQM034,318|309,,,nan|mKate2|mCitrine|Electra2|mKOK|mTFP1,nan,nan,,nan,,sheet,,"phiC-NLS, 2xLynk:mSG",,
/clusterfs/vast/abcabc/Korra_Foundation/20250605_skittlez/fish13_roi2,20250605-plate21-slot5-roi2,20250605,21,5,2,20250605_skittlez,20250605_skittlez,fish13,13.0,,,96,20250605_skittlez,2025-06-05,2025-06-05,Dennis (F2 of allele 318),Abe (F2 of allele 309),pDQM036|pDQM034,318|309,,,nan|mKate2|mCitrine|Electra2|mKOK|mTFP1,nan,nan,,nan,,sheet,,"phiC-NLS, 2xLynk:mSG",,
/clusterfs/vast/abcabc/Korra_Foundation/20250605_skittlez/fish14_roi1,20250605-plate21-slot6-roi1,20250605,21,6,1,20250605_skittlez,20250605_skittlez,fish14,14.0,,,96,20250605_skittlez,2025-06-05,2025-06-05,Dennis (F2 of allele 318),Abe (F2 of allele 309),pDQM036|pDQM034,318|309,,,nan|mKate2|mCitrine|Electra2|mKOK|mTFP1,nan,nan,,nan,,sheet,,"phiC-NLS, 2xLynk:mSG",,
/clusterfs/vast/abcabc/Korra_Foundation/20250605_skittlez/fish1_roi1,20250605-plate21-slot1-roi1,20250605,21,1,1,20250605_skittlez,20250605_skittlez,fish1,1.0,,,90,20250605_skittlez,2025-06-05,2025-06-05,Dennis (F2 of allele 318),Abe (F2 of allele 309),pDQM036|pDQM034,318|309,,,nan|mKate2|mCitrine|Electra2|mKOK|mTFP1,nan,nan,,nan,,sheet,,"phiC-NLS, 2xLynk:mSG",,
/clusterfs/vast/abcabc/Korra_Foundation/20250605_skittlez/fish2_roi1,20250605-plate22-slot1-roi1,20250605,22,1,1,20250605_skittlez,20250605_skittlez,fish2,2.0,,,72,20250605_skittlez,2025-06-05,2025-06-05,Dennis (F2 of allele 318),Abe (F2 of allele 309),pDQM036|pDQM034,318|309,,,nan|mKate2|mCitrine|Electra2|mKOK|mTFP1,nan,nan,,nan,,sheet,,"phiC-NLS, 2xLynk:mSG",,
/clusterfs/vast/abcabc/Korra_Foundation/20250605_skittlez/fish2_roi12,20250605-plate22-slot1-roi2,20250605,22,1,2,20250605_skittlez,20250605_skittlez,fish2,2.0,,,72,20250605_skittlez,2025-06-05,2025-06-05,Dennis (F2 of allele 318),Abe (F2 of allele 309),pDQM036|pDQM034,318|309,,,nan|mKate2|mCitrine|Electra2|mKOK|mTFP1,nan,nan,,nan,,sheet,,"phiC-NLS, 2xLynk:mSG",,
/clusterfs/vast/abcabc/Korra_Foundation/20250605_skittlez/fish3_roi12,20250605-plate22-slot2-roi1,20250605,22,2,1,20250605_skittlez,20250605_skittlez,fish3,3.0,,,72,20250605_skittlez,2025-06-05,2025-06-05,Dennis (F2 of allele 318),Abe (F2 of allele 309),pDQM036|pDQM034,318|309,,,nan|mKate2|mCitrine|Electra2|mKOK|mTFP1,nan,nan,,nan,,sheet,,"phiC-NLS, 2xLynk:mSG",,
/clusterfs/vast/abcabc/Korra_Foundation/20250605_skittlez/fish3_roi2,20250605-plate22-slot2-roi2,20250605,22,2,2,20250605_skittlez,20250605_skittlez,fish3,3.0,,,72,20250605_skittlez,2025-06-05,2025-06-05,Dennis (F2 of allele 318),Abe (F2 of allele 309),pDQM036|pDQM034,318|309,,,nan|mKate2|mCitrine|Electra2|mKOK|mTFP1,nan,nan,,nan,,sheet,,"phiC-NLS, 2xLynk:mSG",,
/clusterfs/vast/abcabc/Korra_Foundation/20250605_skittlez/fish4_roi1,20250605-plate22-slot3-roi1,20250605,22,3,1,20250605_skittlez,20250605_skittlez,fish4,4.0,,,72,20250605_skittlez,2025-06-05,2025-06-05,Dennis (F2 of allele 318),Abe (F2 of allele 309),pDQM036|pDQM034,318|309,,,nan|mKate2|mCitrine|Electra2|mKOK|mTFP1,nan,nan,,nan,,sheet,,"phiC-NLS, 2xLynk:mSG",,
/clusterfs/vast/abcabc/Korra_Foundation/20250605_skittlez/fish5_roi1,20250605-plate22-slot4-roi1,20250605,22,4,1,20250605_skittlez,20250605_skittlez,fish5,5.0,,,54,20250605_skittlez,2025-06-05,2025-06-05,Dennis (F2 of allele 318),Abe (F2 of allele 309),pDQM036|pDQM034,318|309,,,nan|mKate2|mCitrine|Electra2|mKOK|mTFP1,nan,nan,,nan,,sheet,,"phiC-NLS, 2xLynk:mSG",,
/clusterfs/vast/abcabc/Korra_Foundation/20250605_skittlez/fish5_roi2,20250605-plate22-slot4-roi2,20250605,22,4,2,20250605_skittlez,20250605_skittlez,fish5,5.0,,,54,20250605_skittlez,2025-06-05,2025-06-05,Dennis (F2 of allele 318),Abe (F2 of allele 309),pDQM036|pDQM034,318|309,,,nan|mKate2|mCitrine|Electra2|mKOK|mTFP1,nan,nan,,nan,,sheet,,"phiC-NLS, 2xLynk:mSG",,
/clusterfs/vast/abcabc/Korra_Foundation/20250605_skittlez/fish6_roi1,20250605-plate22-slot5-roi1,20250605,22,5,1,20250605_skittlez,20250605_skittlez,fish6,6.0,,,72,20250605_skittlez,2025-06-05,2025-06-05,Dennis (F2 of allele 318),Abe (F2 of allele 309),pDQM036|pDQM034,318|309,,,nan|mKate2|mCitrine|Electra2|mKOK|mTFP1,nan,nan,,nan,,sheet,,"phiC-NLS, 2xLynk:mSG",,
/clusterfs/vast/abcabc/Korra_Foundation/20250605_skittlez/fish7_roi1,20250605-plate22-slot6-roi1,20250605,22,6,1,20250605_skittlez,20250605_skittlez,fish7,7.0,,,72,20250605_skittlez,2025-06-05,2025-06-05,Dennis (F2 of allele 318),Abe (F2 of allele 309),pDQM036|pDQM034,318|309,,,nan|mKate2|mCitrine|Electra2|mKOK|mTFP1,nan,nan,,nan,,sheet,,"phiC-NLS, 2xLynk:mSG",,
/clusterfs/vast/abcabc/Korra_Foundation/20250605_skittlez/fish8_roi1,20250605-plate23-slot1-roi1,20250605,23,1,1,20250605_skittlez,20250605_skittlez,fish8,8.0,,,54,20250605_skittlez,2025-06-05,2025-06-05,Dennis (F2 of allele 318),Abe (F2 of allele 309),pDQM036|pDQM034,318|309,,,nan|mKate2|mCitrine|Electra2|mKOK|mTFP1,nan,nan,,nan,,sheet,,"phiC-NLS, 2xLynk:mSG",,
/clusterfs/vast/abcabc/Korra_Foundation/20250605_skittlez/fish9_roi1,20250605-plate23-slot2-roi1,20250605,23,2,1,20250605_skittlez,20250605_skittlez,fish9,9.0,,,72,20250605_skittlez,2025-06-05,2025-06-05,Dennis (F2 of allele 318),Abe (F2 of allele 309),pDQM036|pDQM034,318|309,,,nan|mKate2|mCitrine|Electra2|mKOK|mTFP1,nan,nan,,nan,,sheet,,"phiC-NLS, 2xLynk:mSG",,
/clusterfs/vast/abcabc/Korra_Foundation/20250605_skittlez/fish9_roi2,20250605-plate23-slot2-roi2,20250605,23,2,2,20250605_skittlez,20250605_skittlez,fish9,9.0,,,72,20250605_skittlez,2025-06-05,2025-06-05,Dennis (F2 of allele 318),Abe (F2 of allele 309),pDQM036|pDQM034,318|309,,,nan|mKate2|mCitrine|Electra2|mKOK|mTFP1,nan,nan,,nan,,sheet,,"phiC-NLS, 2xLynk:mSG",,
/clusterfs/vast/abcabc/Korra_Foundation/20250606_skittlez/fish10_roi1,20250606-plate24-slot2-roi1,20250606,24,2,1,20250606_skittlez,20250606_skittlez,fish10,10.0,,,72,20250606_skittlez,2025-06-06,2025-06-06,Jim (F2 of allele 316),Ben (F2 of allele 310),pDQM059|pDQM034,316|310,,,gfp|mKate2|mCitrine|Electra2|mKOK|mTFP1,nan,nan,,nan,,sheet,,"phiC-NLS, 2xLynk:mSG",,
/clusterfs/vast/abcabc/Korra_Foundation/20250606_skittlez/fish11_roi1,20250606-plate24-slot3-roi1,20250606,24,3,1,20250606_skittlez,20250606_skittlez,fish11,11.0,,,72,20250606_skittlez,2025-06-06,2025-06-06,Jim (F2 of allele 316),Ben (F2 of allele 310),pDQM059|pDQM034,316|310,,,gfp|mKate2|mCitrine|Electra2|mKOK|mTFP1,nan,nan,,nan,,sheet,,"phiC-NLS, 2xLynk:mSG",,
/clusterfs/vast/abcabc/Korra_Foundation/20250606_skittlez/fish11_roi2,20250606-plate24-slot3-roi2,20250606,24,3,2,20250606_skittlez,20250606_skittlez,fish11,11.0,,,72,20250606_skittlez,2025-06-06,2025-06-06,Jim (F2 of allele 316),Ben (F2 of allele 310),pDQM059|pDQM034,316|310,,,gfp|mKate2|mCitrine|Electra2|mKOK|mTFP1,nan,nan,,nan,,sheet,,"phiC-NLS, 2xLynk:mSG",,
/clusterfs/vast/abcabc/Korra_Foundation/20250606_skittlez/fish12_roi1,20250606-plate24-slot4-roi1,20250606,24,4,1,20250606_skittlez,20250606_skittlez,fish12,12.0,,,72,20250606_skittlez,2025-06-06,2025-06-06,Jim (F2 of allele 316),Ben (F2 of allele 310),pDQM059|pDQM034,316|310,,,gfp|mKate2|mCitrine|Electra2|mKOK|mTFP1,nan,nan,,nan,,sheet,,"phiC-NLS, 2xLynk:mSG",,
/clusterfs/vast/abcabc/Korra_Foundation/20250606_skittlez/fish12_roi2,20250606-plate24-slot4-roi2,20250606,24,4,2,20250606_skittlez,20250606_skittlez,fish12,12.0,,,72,20250606_skittlez,2025-06-06,2025-06-06,Jim (F2 of allele 316),Ben (F2 of allele 310),pDQM059|pDQM034,316|310,,,gfp|mKate2|mCitrine|Electra2|mKOK|mTFP1,nan,nan,,nan,,sheet,,"phiC-NLS, 2xLynk:mSG",,
/clusterfs/vast/abcabc/Korra_Foundation/20250606_skittlez/fish13_roi1,20250606-plate24-slot5-roi1,20250606,24,5,1,20250606_skittlez,20250606_skittlez,fish13,13.0,,,72,20250606_skittlez,2025-06-06,2025-06-06,Jim (F2 of allele 316),Ben (F2 of allele 310),pDQM059|pDQM034,316|310,,,gfp|mKate2|mCitrine|Electra2|mKOK|mTFP1,nan,nan,,nan,,sheet,,"phiC-NLS, 2xLynk:mSG",,
/clusterfs/vast/abcabc/Korra_Foundation/20250606_skittlez/fish13_roi2,20250606-plate24-slot5-roi2,20250606,24,5,2,20250606_skittlez,20250606_skittlez,fish13,13.0,,,72,20250606_skittlez,2025-06-06,2025-06-06,Jim (F2 of allele 316),Ben (F2 of allele 310),pDQM059|pDQM034,316|310,,,gfp|mKate2|mCitrine|Electra2|mKOK|mTFP1,nan,nan,,nan,,sheet,,"phiC-NLS, 2xLynk:mSG",,
/clusterfs/vast/abcabc/Korra_Foundation/20250606_skittlez/fish14_roi1,20250606-plate24-slot6-roi1,20250606,24,6,1,20250606_skittlez,20250606_skittlez,fish14,14.0,,,72,20250606_skittlez,2025-06-06,2025-06-06,Jim (F2 of allele 316),Ben (F2 of allele 310),pDQM059|pDQM034,316|310,,,gfp|mKate2|mCitrine|Electra2|mKOK|mTFP1,nan,nan,,nan,,sheet,,"phiC-NLS, 2xLynk:mSG",,
/clusterfs/vast/abcabc/Korra_Foundation/20250606_skittlez/fish14_roi2,20250606-plate24-slot6-roi2,20250606,24,6,2,20250606_skittlez,20250606_skittlez,fish14,14.0,,,72,20250606_skittlez,2025-06-06,2025-06-06,Jim (F2 of allele 316),Ben (F2 of allele 310),pDQM059|pDQM034,316|310,,,gfp|mKate2|mCitrine|Electra2|mKOK|mTFP1,nan,nan,,nan,,sheet,,"phiC-NLS, 2xLynk:mSG",,
/clusterfs/vast/abcabc/Korra_Foundation/20250606_skittlez/fish14_roi3,20250606-plate24-slot6-roi3,20250606,24,6,3,20250606_skittlez,20250606_skittlez,fish14,14.0,,,72,20250606_skittlez,2025-06-06,2025-06-06,Jim (F2 of allele 316),Ben (F2 of allele 310),pDQM059|pDQM034,316|310,,,gfp|mKate2|mCitrine|Electra2|mKOK|mTFP1,nan,nan,,nan,,sheet,,"phiC-NLS, 2xLynk:mSG",,
/clusterfs/vast/abcabc/Korra_Foundation/20250606_skittlez/fish15_roi1,20250606-plate25-slot1-roi1,20250606,25,1,1,20250606_skittlez,20250606_skittlez,fish15,15.0,,,72,20250606_skittlez,2025-06-06,2025-06-06,Jim (F2 of allele 316),Ben (F2 of allele 310),pDQM059|pDQM034,316|310,,,gfp|mKate2|mCitrine|Electra2|mKOK|mTFP1,nan,nan,,nan,,sheet,,"phiC-NLS, 2xLynk:mSG",,
/clusterfs/vast/abcabc/Korra_Foundation/20250606_skittlez/fish15_roi2,20250606-plate25-slot1-roi2,20250606,25,1,2,20250606_skittlez,20250606_skittlez,fish15,15.0,,,72,20250606_skittlez,2025-06-06,2025-06-06,Jim (F2 of allele 316),Ben (F2 of allele 310),pDQM059|pDQM034,316|310,,,gfp|mKate2|mCitrine|Electra2|mKOK|mTFP1,nan,nan,,nan,,sheet,,"phiC-NLS, 2xLynk:mSG",,
/clusterfs/vast/abcabc/Korra_Foundation/20250606_skittlez/fish15_roi3,20250606-plate25-slot1-roi3,20250606,25,1,3,20250606_skittlez,20250606_skittlez,fish15,15.0,,,72,20250606_skittlez,2025-06-06,2025-06-06,Jim (F2 of allele 316),Ben (F2 of allele 310),pDQM059|pDQM034,316|310,,,gfp|mKate2|mCitrine|Electra2|mKOK|mTFP1,nan,nan,,nan,,sheet,,"phiC-NLS, 2xLynk:mSG",,
/clusterfs/vast/abcabc/Korra_Foundation/20250606_skittlez/fish1_roi1,20250606-plate24-slot1-roi1,20250606,24,1,1,20250606_skittlez,20250606_skittlez,fish1,1.0,,,48,20250606_skittlez,2025-06-06,2025-06-06,Jim (F2 of allele 316),Ben (F2 of allele 310),pDQM059|pDQM034,316|310,,,gfp|mKate2|mCitrine|Electra2|mKOK|mTFP1,nan,nan,,nan,,sheet,,"phiC-NLS, 2xLynk:mSG",,
/clusterfs/vast/abcabc/Korra_Foundation/20250606_skittlez/fish2_roi1,20250606-plate25-slot2-roi1,20250606,25,2,1,20250606_skittlez,20250606_skittlez,fish2,2.0,,,48,20250606_skittlez,2025-06-06,2025-06-06,Jim (F2 of allele 316),Ben (F2 of allele 310),pDQM059|pDQM034,316|310,,,gfp|mKate2|mCitrine|Electra2|mKOK|mTFP1,nan,nan,,nan,,sheet,,"phiC-NLS, 2xLynk:mSG",,
/clusterfs/vast/abcabc/Korra_Foundation/20250606_skittlez/fish3_roi1,20250606-plate25-slot3-roi1,20250606,25,3,1,20250606_skittlez,20250606_skittlez,fish3,3.0,,,48,20250606_skittlez,2025-06-06,2025-06-06,Jim (F2 of allele 316),Ben (F2 of allele 310),pDQM059|pDQM034,316|310,,,gfp|mKate2|mCitrine|Electra2|mKOK|mTFP1,nan,nan,,nan,,sheet,,"phiC-NLS, 2xLynk:mSG",,
/clusterfs/vast/abcabc/Korra_Foundation/20250606_skittlez/fish4_roi1,20250606-plate25-slot4-roi1,20250606,25,4,1,20250606_skittlez,20250606_skittlez,fish4,4.0,,,48,20250606_skittlez,2025-06-06,2025-06-06,Jim (F2 of allele 316),Ben (F2 of allele 310),pDQM059|pDQM034,316|310,,,gfp|mKate2|mCitrine|Electra2|mKOK|mTFP1,nan,nan,,nan,,sheet,,"phiC-NLS, 2xLynk:mSG",,
/clusterfs/vast/abcabc/Korra_Foundation/20250606_skittlez/fish6_roi1,20250606-plate25-slot5-roi1,20250606,25,5,1,20250606_skittlez,20250606_skittlez,fish6,6.0,,,48,20250606_skittlez,2025-06-06,2025-06-06,Jim (F2 of allele 316),Ben (F2 of allele 310),pDQM059|pDQM034,316|310,,,gfp|mKate2|mCitrine|Electra2|mKOK|mTFP1,nan,nan,,nan,,sheet,,"phiC-NLS, 2xLynk:mSG",,
/clusterfs/vast/abcabc/Korra_Foundation/20250606_skittlez/fish7_roi1,20250606-plate25-slot6-roi1,20250606,25,6,1,20250606_skittlez,20250606_skittlez,fish7,7.0,,,48,20250606_skittlez,2025-06-06,2025-06-06,Jim (F2 of allele 316),Ben (F2 of allele 310),pDQM059|pDQM034,316|310,,,gfp|mKate2|mCitrine|Electra2|mKOK|mTFP1,nan,nan,,nan,,sheet,,"phiC-NLS, 2xLynk:mSG",,
/clusterfs/vast/abcabc/Korra_Foundation/20250606_skittlez/fish7_roi2,20250606-plate25-slot6-roi2,20250606,25,6,2,20250606_skittlez,20250606_skittlez,fish7,7.0,,,48,20250606_skittlez,2025-06-06,2025-06-06,Jim (F2 of allele 316),Ben (F2 of allele 310),pDQM059|pDQM034,316|310,,,gfp|mKate2|mCitrine|Electra2|mKOK|mTFP1,nan,nan,,nan,,sheet,,"phiC-NLS, 2xLynk:mSG",,
/clusterfs/vast/abcabc/Korra_Foundation/20250606_skittlez/fish8_roi1,20250606-plate26-slot1-roi1,20250606,26,1,1,20250606_skittlez,20250606_skittlez,fish8,8.0,,,48,20250606_skittlez,2025-06-06,2025-06-06,Jim (F2 of allele 316),Ben (F2 of allele 310),pDQM059|pDQM034,316|310,,,gfp|mKate2|mCitrine|Electra2|mKOK|mTFP1,nan,nan,,nan,,sheet,,"phiC-NLS, 2xLynk:mSG",,
/clusterfs/vast/abcabc/Korra_Foundation/20250606_skittlez/fish9_roi1,20250606-plate26-slot2-roi1,20250606,26,2,1,20250606_skittlez,20250606_skittlez,fish9,9.0,,,72,20250606_skittlez,2025-06-06,2025-06-06,Jim (F2 of allele 316),Ben (F2 of allele 310),pDQM059|pDQM034,316|310,,,gfp|mKate2|mCitrine|Electra2|mKOK|mTFP1,nan,nan,,nan,,sheet,,"phiC-NLS, 2xLynk:mSG",,
/clusterfs/vast/abcabc/Korra_Foundation/20250606_skittlez/fish9_roi2,20250606-plate26-slot2-roi2,20250606,26,2,2,20250606_skittlez,20250606_skittlez,fish9,9.0,,,72,20250606_skittlez,2025-06-06,2025-06-06,Jim (F2 of allele 316),Ben (F2 of allele 310),pDQM059|pDQM034,316|310,,,gfp|mKate2|mCitrine|Electra2|mKOK|mTFP1,nan,nan,,nan,,sheet,,"phiC-NLS, 2xLynk:mSG",,
/clusterfs/vast/abcabc/Korra_Foundation/20250609_mem-histone/fish11_72hpf_roi1,20250609-plate27-slot1-roi1,20250609,27,1,1,20250609_mem-histone,20250609_mem-histone,fish11,11.0,72.0,,8168,20250609_mem-histone,2025-06-09,2025-06-09,ef1a:2xLynk:tdmSG(J) (F2 of allele 301),ef1a:2xLynk:tdmSG(J) (F2 of allele 301),pDQM005,301,,,tdmSG,2xLynk,membrane,tdmSG::2xLynk,membrane,tdmSG(membrane)|mScarlet3S2(histone),sheet,,mScarlet3-S2:H2B,,
/clusterfs/vast/abcabc/Korra_Foundation/20250609_mem-histone/fish2_24hpf_roi1,20250609-plate27-slot2-roi1,20250609,27,2,1,20250609_mem-histone,20250609_mem-histone,fish2,2.0,24.0,,2880,20250609_mem-histone,2025-06-09,2025-06-09,ef1a:2xLynk:tdmSG(J) (F2 of allele 301),ef1a:2xLynk:tdmSG(J) (F2 of allele 301),pDQM005,301,,,tdmSG,2xLynk,membrane,tdmSG::2xLynk,membrane,tdmSG(membrane)|mScarlet3S2(histone),sheet,,mScarlet3-S2:H2B,,
/clusterfs/vast/abcabc/Korra_Foundation/20250609_mem-histone/fish2_24hpf_roi2,20250609-plate27-slot2-roi2,20250609,27,2,2,20250609_mem-histone,20250609_mem-histone,fish2,2.0,24.0,,3520,20250609_mem-histone,2025-06-09,2025-06-09,ef1a:2xLynk:tdmSG(J) (F2 of allele 301),ef1a:2xLynk:tdmSG(J) (F2 of allele 301),pDQM005,301,,,tdmSG,2xLynk,membrane,tdmSG::2xLynk,membrane,tdmSG(membrane)|mScarlet3S2(histone),sheet,,mScarlet3-S2:H2B,,
/clusterfs/vast/abcabc/Korra_Foundation/20250609_mem-histone/fish3_24hpf_roi1,20250609-plate27-slot3-roi1,20250609,27,3,1,20250609_mem-histone,20250609_mem-histone,fish3,3.0,24.0,,4000,20250609_mem-histone,2025-06-09,2025-06-09,ef1a:2xLynk:tdmSG(J) (F2 of allele 301),ef1a:2xLynk:tdmSG(J) (F2 of allele 301),pDQM005,301,,,tdmSG,2xLynk,membrane,tdmSG::2xLynk,membrane,tdmSG(membrane)|mScarlet3S2(histone),sheet,,mScarlet3-S2:H2B,,
/clusterfs/vast/abcabc/Korra_Foundation/20250609_mem-histone/fish4_24hpf_roi1,20250609-plate27-slot4-roi1,20250609,27,4,1,20250609_mem-histone,20250609_mem-histone,fish4,4.0,24.0,,2560,20250609_mem-histone,2025-06-09,2025-06-09,ef1a:2xLynk:tdmSG(J) (F2 of allele 301),ef1a:2xLynk:tdmSG(J) (F2 of allele 301),pDQM005,301,,,tdmSG,2xLynk,membrane,tdmSG::2xLynk,membrane,tdmSG(membrane)|mScarlet3S2(histone),sheet,,mScarlet3-S2:H2B,,
/clusterfs/vast/abcabc/Korra_Foundation/20250609_mem-histone/fish5_24hpf_roi1,20250609-plate27-slot5-roi1,20250609,27,5,1,20250609_mem-histone,20250609_mem-histone,fish5,5.0,24.0,,2560,20250609_mem-histone,2025-06-09,2025-06-09,ef1a:2xLynk:tdmSG(J) (F2 of allele 301),ef1a:2xLynk:tdmSG(J) (F2 of allele 301),pDQM005,301,,,tdmSG,2xLynk,membrane,tdmSG::2xLynk,membrane,tdmSG(membrane)|mScarlet3S2(histone),sheet,,mScarlet3-S2:H2B,,
/clusterfs/vast/abcabc/Korra_Foundation/20250609_mem-histone/fish5_48hpf_roi2,20250609-plate27-slot5-roi2,20250609,27,5,2,20250609_mem-histone,20250609_mem-histone,fish5,5.0,48.0,,2560,20250609_mem-histone,2025-06-09,2025-06-09,ef1a:2xLynk:tdmSG(J) (F2 of allele 301),ef1a:2xLynk:tdmSG(J) (F2 of allele 301),pDQM005,301,,,tdmSG,2xLynk,membrane,tdmSG::2xLynk,membrane,tdmSG(membrane)|mScarlet3S2(histone),sheet,,mScarlet3-S2:H2B,,
/clusterfs/vast/abcabc/Korra_Foundation/20250609_mem-histone/fish6_48hpf_roi1,20250609-plate27-slot6-roi1,20250609,27,6,1,20250609_mem-histone,20250609_mem-histone,fish6,6.0,48.0,,2080,20250609_mem-histone,2025-06-09,2025-06-09,ef1a:2xLynk:tdmSG(J) (F2 of allele 301),ef1a:2xLynk:tdmSG(J) (F2 of allele 301),pDQM005,301,,,tdmSG,2xLynk,membrane,tdmSG::2xLynk,membrane,tdmSG(membrane)|mScarlet3S2(histone),sheet,,mScarlet3-S2:H2B,,
/clusterfs/vast/abcabc/Korra_Foundation/20250609_mem-histone/fish6_48hpf_roi2,20250609-plate27-slot6-roi2,20250609,27,6,2,20250609_mem-histone,20250609_mem-histone,fish6,6.0,48.0,,1600,20250609_mem-histone,2025-06-09,2025-06-09,ef1a:2xLynk:tdmSG(J) (F2 of allele 301),ef1a:2xLynk:tdmSG(J) (F2 of allele 301),pDQM005,301,,,tdmSG,2xLynk,membrane,tdmSG::2xLynk,membrane,tdmSG(membrane)|mScarlet3S2(histone),sheet,,mScarlet3-S2:H2B,,
/clusterfs/vast/abcabc/Korra_Foundation/20250612_skittlez/fish1_roi1,20250612-plate28-slot1-roi1,20250612,28,1,1,20250612_skittlez,20250612_skittlez,fish1,1.0,,,300,20250612_skittlez,2025-06-12,2025-06-12,Dennis (F2 of allele 318),Abe (F2 of allele 309),pDQM036|pDQM034,318|309,,,nan|mKate2|mCitrine|Electra2|mKOK|mTFP1,nan,nan,,nan,,sheet,,"phiC-NLS, 2xLynk:mSG",,
/clusterfs/vast/abcabc/Korra_Foundation/20250612_skittlez/fish2_roi1,20250612-plate28-slot2-roi1,20250612,28,2,1,20250612_skittlez,20250612_skittlez,fish2,2.0,,,120,20250612_skittlez,2025-06-12,2025-06-12,Dennis (F2 of allele 318),Abe (F2 of allele 309),pDQM036|pDQM034,318|309,,,nan|mKate2|mCitrine|Electra2|mKOK|mTFP1,nan,nan,,nan,,sheet,,"phiC-NLS, 2xLynk:mSG",,
/clusterfs/vast/abcabc/Korra_Foundation/20250612_skittlez/fish3_roi1,20250612-plate28-slot3-roi1,20250612,28,3,1,20250612_skittlez,20250612_skittlez,fish3,3.0,,,150,20250612_skittlez,2025-06-12,2025-06-12,Dennis (F2 of allele 318),Abe (F2 of allele 309),pDQM036|pDQM034,318|309,,,nan|mKate2|mCitrine|Electra2|mKOK|mTFP1,nan,nan,,nan,,sheet,,"phiC-NLS, 2xLynk:mSG",,
/clusterfs/vast/abcabc/Korra_Foundation/20250612_skittlez/fish4_roi1,20250612-plate28-slot4-roi1,20250612,28,4,1,20250612_skittlez,20250612_skittlez,fish4,4.0,,,270,20250612_skittlez,2025-06-12,2025-06-12,Dennis (F2 of allele 318),Abe (F2 of allele 309),pDQM036|pDQM034,318|309,,,nan|mKate2|mCitrine|Electra2|mKOK|mTFP1,nan,nan,,nan,,sheet,,"phiC-NLS, 2xLynk:mSG",,
/clusterfs/vast/abcabc/Korra_Foundation/20250612_skittlez/fish5_roi1,20250612-plate28-slot5-roi1,20250612,28,5,1,20250612_skittlez,20250612_skittlez,fish5,5.0,,,120,20250612_skittlez,2025-06-12,2025-06-12,Dennis (F2 of allele 318),Abe (F2 of allele 309),pDQM036|pDQM034,318|309,,,nan|mKate2|mCitrine|Electra2|mKOK|mTFP1,nan,nan,,nan,,sheet,,"phiC-NLS, 2xLynk:mSG",,
/clusterfs/vast/abcabc/Korra_Foundation/20250612_skittlez/fish5_roi2,20250612-plate28-slot5-roi2,20250612,28,5,2,20250612_skittlez,20250612_skittlez,fish5,5.0,,,120,20250612_skittlez,2025-06-12,2025-06-12,Dennis (F2 of allele 318),Abe (F2 of allele 309),pDQM036|pDQM034,318|309,,,nan|mKate2|mCitrine|Electra2|mKOK|mTFP1,nan,nan,,nan,,sheet,,"phiC-NLS, 2xLynk:mSG",,
/clusterfs/vast/abcabc/Korra_Foundation/20250612_skittlez/fish5_roi3,20250612-plate28-slot5-roi3,20250612,28,5,3,20250612_skittlez,20250612_skittlez,fish5,5.0,,,120,20250612_skittlez,2025-06-12,2025-06-12,Dennis (F2 of allele 318),Abe (F2 of allele 309),pDQM036|pDQM034,318|309,,,nan|mKate2|mCitrine|Electra2|mKOK|mTFP1,nan,nan,,nan,,sheet,,"phiC-NLS, 2xLynk:mSG",,
/clusterfs/vast/abcabc/Korra_Foundation/20250612_skittlez/fish6_roi1,20250612-plate28-slot6-roi1,20250612,28,6,1,20250612_skittlez,20250612_skittlez,fish6,6.0,,,120,20250612_skittlez,2025-06-12,2025-06-12,Dennis (F2 of allele 318),Abe (F2 of allele 309),pDQM036|pDQM034,318|309,,,nan|mKate2|mCitrine|Electra2|mKOK|mTFP1,nan,nan,,nan,,sheet,,"phiC-NLS, 2xLynk:mSG",,
/clusterfs/vast/abcabc/Korra_Foundation/20250612_skittlez/fish7_roi1,20250612-plate29-slot1-roi1,20250612,29,1,1,20250612_skittlez,20250612_skittlez,fish7,7.0,,,90,20250612_skittlez,2025-06-12,2025-06-12,Dennis (F2 of allele 318),Abe (F2 of allele 309),pDQM036|pDQM034,318|309,,,nan|mKate2|mCitrine|Electra2|mKOK|mTFP1,nan,nan,,nan,,sheet,,"phiC-NLS, 2xLynk:mSG",,
/clusterfs/vast/abcabc/Korra_Foundation/20250612_skittlez/fish8_roi1,20250612-plate29-slot2-roi1,20250612,29,2,1,20250612_skittlez,20250612_skittlez,fish8,8.0,,,180,20250612_skittlez,2025-06-12,2025-06-12,Dennis (F2 of allele 318),Abe (F2 of allele 309),pDQM036|pDQM034,318|309,,,nan|mKate2|mCitrine|Electra2|mKOK|mTFP1,nan,nan,,nan,,sheet,,"phiC-NLS, 2xLynk:mSG",,
/clusterfs/vast/abcabc/Korra_Foundation/20250613_skittlez/fish10_roi1,20250613-plate30-slot2-roi1,20250613,30,2,1,20250613_skittlez,20250613_skittlez,fish10,10.0,,,120,20250613_skittlez,2025-06-13,2025-06-13,Jim (F2 of allele 316),Dennis (F2 of allele 318),pDQM059|pDQM036,316|318,,,gfp|nan,nan,nan,,nan,,sheet,,"phiC-NLS, 2xLynk:mSG",this cross is very good,
/clusterfs/vast/abcabc/Korra_Foundation/20250613_skittlez/fish11_roi1,20250613-plate30-slot3-roi1,20250613,30,3,1,20250613_skittlez,20250613_skittlez,fish11,11.0,,,180,20250613_skittlez,2025-06-13,2025-06-13,Jim (F2 of allele 316),Dennis (F2 of allele 318),pDQM059|pDQM036,316|318,,,gfp|nan,nan,nan,,nan,,sheet,,"phiC-NLS, 2xLynk:mSG",this cross is very good,
/clusterfs/vast/abcabc/Korra_Foundation/20250613_skittlez/fish12_roi1,20250613-plate30-slot4-roi1,20250613,30,4,1,20250613_skittlez,20250613_skittlez,fish12,12.0,,,150,20250613_skittlez,2025-06-13,2025-06-13,Jim (F2 of allele 316),Dennis (F2 of allele 318),pDQM059|pDQM036,316|318,,,gfp|nan,nan,nan,,nan,,sheet,,"phiC-NLS, 2xLynk:mSG",this cross is very good,
/clusterfs/vast/abcabc/Korra_Foundation/20250613_skittlez/fish1_roi1,20250613-plate30-slot1-roi1,20250613,30,1,1,20250613_skittlez,20250613_skittlez,fish1,1.0,,,144,20250613_skittlez,2025-06-13,2025-06-13,Jim (F2 of allele 316),Dennis (F2 of allele 318),pDQM059|pDQM036,316|318,,,gfp|nan,nan,nan,,nan,,sheet,,"phiC-NLS, 2xLynk:mSG",this cross is very good,
/clusterfs/vast/abcabc/Korra_Foundation/20250613_skittlez/fish2_roi1,20250613-plate30-slot5-roi1,20250613,30,5,1,20250613_skittlez,20250613_skittlez,fish2,2.0,,,108,20250613_skittlez,2025-06-13,2025-06-13,Jim (F2 of allele 316),Dennis (F2 of allele 318),pDQM059|pDQM036,316|318,,,gfp|nan,nan,nan,,nan,,sheet,,"phiC-NLS, 2xLynk:mSG",this cross is very good,
/clusterfs/vast/abcabc/Korra_Foundation/20250613_skittlez/fish3_roi1,20250613-plate30-slot6-roi1,20250613,30,6,1,20250613_skittlez,20250613_skittlez,fish3,3.0,,,72,20250613_skittlez,2025-06-13,2025-06-13,Jim (F2 of allele 316),Dennis (F2 of allele 318),pDQM059|pDQM036,316|318,,,gfp|nan,nan,nan,,nan,,sheet,,"phiC-NLS, 2xLynk:mSG",this cross is very good,
/clusterfs/vast/abcabc/Korra_Foundation/20250613_skittlez/fish4_roi1,20250613-plate31-slot1-roi1,20250613,31,1,1,20250613_skittlez,20250613_skittlez,fish4,4.0,,,72,20250613_skittlez,2025-06-13,2025-06-13,Jim (F2 of allele 316),Dennis (F2 of allele 318),pDQM059|pDQM036,316|318,,,gfp|nan,nan,nan,,nan,,sheet,,"phiC-NLS, 2xLynk:mSG",this cross is very good,
/clusterfs/vast/abcabc/Korra_Foundation/20250613_skittlez/fish5_roi1,20250613-plate31-slot2-roi1,20250613,31,2,1,20250613_skittlez,20250613_skittlez,fish5,5.0,,,90,20250613_skittlez,2025-06-13,2025-06-13,Jim (F2 of allele 316),Dennis (F2 of allele 318),pDQM059|pDQM036,316|318,,,gfp|nan,nan,nan,,nan,,sheet,,"phiC-NLS, 2xLynk:mSG",this cross is very good,
/clusterfs/vast/abcabc/Korra_Foundation/20250613_skittlez/fish6_roi1,20250613-plate31-slot3-roi1,20250613,31,3,1,20250613_skittlez,20250613_skittlez,fish6,6.0,,,60,20250613_skittlez,2025-06-13,2025-06-13,Jim (F2 of allele 316),Dennis (F2 of allele 318),pDQM059|pDQM036,316|318,,,gfp|nan,nan,nan,,nan,,sheet,,"phiC-NLS, 2xLynk:mSG",this cross is very good,
/clusterfs/vast/abcabc/Korra_Foundation/20250613_skittlez/fish7_roi,20250613-plate31-slot4-roi1,20250613,31,4,1,20250613_skittlez,20250613_skittlez,fish7,7.0,,,108,20250613_skittlez,2025-06-13,2025-06-13,Jim (F2 of allele 316),Dennis (F2 of allele 318),pDQM059|pDQM036,316|318,,,gfp|nan,nan,nan,,nan,,sheet,,"phiC-NLS, 2xLynk:mSG",this cross is very good,
/clusterfs/vast/abcabc/Korra_Foundation/20250613_skittlez/fish8_roi1,20250613-plate31-slot5-roi1,20250613,31,5,1,20250613_skittlez,20250613_skittlez,fish8,8.0,,,90,20250613_skittlez,2025-06-13,2025-06-13,Jim (F2 of allele 316),Dennis (F2 of allele 318),pDQM059|pDQM036,316|318,,,gfp|nan,nan,nan,,nan,,sheet,,"phiC-NLS, 2xLynk:mSG",this cross is very good,
/clusterfs/vast/abcabc/Korra_Foundation/20250613_skittlez/fish9_roi1,20250613-plate31-slot6-roi1,20250613,31,6,1,20250613_skittlez,20250613_skittlez,fish9,9.0,,,240,20250613_skittlez,2025-06-13,2025-06-13,Jim (F2 of allele 316),Dennis (F2 of allele 318),pDQM059|pDQM036,316|318,,,gfp|nan,nan,nan,,nan,,sheet,,"phiC-NLS, 2xLynk:mSG",this cross is very good,
/clusterfs/vast/abcabc/Korra_Foundation/20250616_mem-histone/fish1_24hpf_roi1_brain,20250616-plate32-slot1-roi1,20250616,32,1,1,20250616_mem-histone,20250616_mem-histone,fish1,1.0,24.0,brain,1812,20250616_mem-histone,2025-06-16,2025-06-16,ef1a:2xLynk:tdmSG(J) (F2 of allele 301),ef1a:2xLynk:tdmSG(J) (F2 of allele 301),pDQM005,301,,,tdmSG,2xLynk,membrane,tdmSG::2xLynk,membrane,tdmSG(membrane)|mScarlet3S2(histone),sheet,,mScarlet3-S2:H2B,,
/clusterfs/vast/abcabc/Korra_Foundation/20250616_mem-histone/fish1_72hpf_roi1-ear,20250616-plate32-slot1-roi2,20250616,32,1,2,20250616_mem-histone,20250616_mem-histone,fish1,1.0,72.0,fish1|roi1-ear,1144,20250616_mem-histone,2025-06-16,2025-06-16,ef1a:2xLynk:tdmSG(J) (F2 of allele 301),ef1a:2xLynk:tdmSG(J) (F2 of allele 301),pDQM005,301,,,tdmSG,2xLynk,membrane,tdmSG::2xLynk,membrane,tdmSG(membrane)|mScarlet3S2(histone),sheet,,mScarlet3-S2:H2B,,
/clusterfs/vast/abcabc/Korra_Foundation/20250616_mem-histone/fish1_72hpf_roi2_muscle,20250616-plate32-slot1-roi3,20250616,32,1,3,20250616_mem-histone,20250616_mem-histone,fish1,1.0,72.0,muscle,8600,20250616_mem-histone,2025-06-16,2025-06-16,ef1a:2xLynk:tdmSG(J) (F2 of allele 301),ef1a:2xLynk:tdmSG(J) (F2 of allele 301),pDQM005,301,,,tdmSG,2xLynk,membrane,tdmSG::2xLynk,membrane,tdmSG(membrane)|mScarlet3S2(histone),sheet,,mScarlet3-S2:H2B,,
/clusterfs/vast/abcabc/Korra_Foundation/20250616_mem-histone/fish2_24hpf_roi1_brain,20250616-plate32-slot2-roi1,20250616,32,2,1,20250616_mem-histone,20250616_mem-histone,fish2,2.0,24.0,brain,3248,20250616_mem-histone,2025-06-16,2025-06-16,ef1a:2xLynk:tdmSG(J) (F2 of allele 301),ef1a:2xLynk:tdmSG(J) (F2 of allele 301),pDQM005,301,,,tdmSG,2xLynk,membrane,tdmSG::2xLynk,membrane,tdmSG(membrane)|mScarlet3S2(histone),sheet,,mScarlet3-S2:H2B,,
/clusterfs/vast/abcabc/Korra_Foundation/20250616_mem-histone/fish3_24hpf_roi1_brain,20250616-plate32-slot3-roi1,20250616,32,3,1,20250616_mem-histone,20250616_mem-histone,fish3,3.0,24.0,brain,3584,20250616_mem-histone,2025-06-16,2025-06-16,ef1a:2xLynk:tdmSG(J) (F2 of allele 301),ef1a:2xLynk:tdmSG(J) (F2 of allele 301),pDQM005,301,,,tdmSG,2xLynk,membrane,tdmSG::2xLynk,membrane,tdmSG(membrane)|mScarlet3S2(histone),sheet,,mScarlet3-S2:H2B,,
/clusterfs/vast/abcabc/Korra_Foundation/20250616_mem-histone/fish4_24hpf_roi1_brain,20250616-plate32-slot4-roi1,20250616,32,4,1,20250616_mem-histone,20250616_mem-histone,fish4,4.0,24.0,brain,1664,20250616_mem-histone,2025-06-16,2025-06-16,ef1a:2xLynk:tdmSG(J) (F2 of allele 301),ef1a:2xLynk:tdmSG(J) (F2 of allele 301),pDQM005,301,,,tdmSG,2xLynk,membrane,tdmSG::2xLynk,membrane,tdmSG(membrane)|mScarlet3S2(histone),sheet,,mScarlet3-S2:H2B,,
/clusterfs/vast/abcabc/Korra_Foundation/20250618_skittlez/fish10_roi1,20250618-plate33-slot2-roi1,20250618,33,2,1,20250618_skittlez,20250618_skittlez,fish10,10.0,,,72,20250618_skittlez,2025-06-18,2025-06-18,Ben (F2 of allele 310),Abe (F2 of allele 309),pDQM034,310|309,,,mKate2|mCitrine|Electra2|mKOK|mTFP1,nan,nan,,nan,,sheet,,"phiC-NLS, 2xLynk:mSG",,
/clusterfs/vast/abcabc/Korra_Foundation/20250618_skittlez/fish10_roi2,20250618-plate33-slot2-roi2,20250618,33,2,2,20250618_skittlez,20250618_skittlez,fish10,10.0,,,72,20250618_skittlez,2025-06-18,2025-06-18,Ben (F2 of allele 310),Abe (F2 of allele 309),pDQM034,310|309,,,mKate2|mCitrine|Electra2|mKOK|mTFP1,nan,nan,,nan,,sheet,,"phiC-NLS, 2xLynk:mSG",,
/clusterfs/vast/abcabc/Korra_Foundation/20250618_skittlez/fish10_roi3,20250618-plate33-slot2-roi3,20250618,33,2,3,20250618_skittlez,20250618_skittlez,fish10,10.0,,,72,20250618_skittlez,2025-06-18,2025-06-18,Ben (F2 of allele 310),Abe (F2 of allele 309),pDQM034,310|309,,,mKate2|mCitrine|Electra2|mKOK|mTFP1,nan,nan,,nan,,sheet,,"phiC-NLS, 2xLynk:mSG",,
/clusterfs/vast/abcabc/Korra_Foundation/20250618_skittlez/fish10_roi4,20250618-plate33-slot2-roi4,20250618,33,2,4,20250618_skittlez,20250618_skittlez,fish10,10.0,,,72,20250618_skittlez,2025-06-18,2025-06-18,Ben (F2 of allele 310),Abe (F2 of allele 309),pDQM034,310|309,,,mKate2|mCitrine|Electra2|mKOK|mTFP1,nan,nan,,nan,,sheet,,"phiC-NLS, 2xLynk:mSG",,
/clusterfs/vast/abcabc/Korra_Foundation/20250618_skittlez/fish11_roi1,20250618-plate33-slot3-roi1,20250618,33,3,1,20250618_skittlez,20250618_skittlez,fish11,11.0,,,90,20250618_skittlez,2025-06-18,2025-06-18,Ben (F2 of allele 310),Abe (F2 of allele 309),pDQM034,310|309,,,mKate2|mCitrine|Electra2|mKOK|mTFP1,nan,nan,,nan,,sheet,,"phiC-NLS, 2xLynk:mSG",,
/clusterfs/vast/abcabc/Korra_Foundation/20250618_skittlez/fish1_roi1,20250618-plate33-slot1-roi1,20250618,33,1,1,20250618_skittlez,20250618_skittlez,fish1,1.0,,,24,20250618_skittlez,2025-06-18,2025-06-18,Ben (F2 of allele 310),Abe (F2 of allele 309),pDQM034,310|309,,,mKate2|mCitrine|Electra2|mKOK|mTFP1,nan,nan,,nan,,sheet,,"phiC-NLS, 2xLynk:mSG",,
/clusterfs/vast/abcabc/Korra_Foundation/20250618_skittlez/fish1_roi1_2,20250618-plate33-slot1-roi2,20250618,33,1,2,20250618_skittlez,20250618_skittlez,fish1,1.0,,,96,20250618_skittlez,2025-06-18,2025-06-18,Ben (F2 of allele 310),Abe (F2 of allele 309),pDQM034,310|309,,,mKate2|mCitrine|Electra2|mKOK|mTFP1,nan,nan,,nan,,sheet,,"phiC-NLS, 2xLynk:mSG",,
/clusterfs/vast/abcabc/Korra_Foundation/20250618_skittlez/fish2_roi1,20250618-plate33-slot4-roi1,20250618,33,4,1,20250618_skittlez,20250618_skittlez,fish2,2.0,,,120,20250618_skittlez,2025-06-18,2025-06-18,Ben (F2 of allele 310),Abe (F2 of allele 309),pDQM034,310|309,,,mKate2|mCitrine|Electra2|mKOK|mTFP1,nan,nan,,nan,,sheet,,"phiC-NLS, 2xLynk:mSG",,
/clusterfs/vast/abcabc/Korra_Foundation/20250618_skittlez/fish3_roi1,20250618-plate33-slot5-roi1,20250618,33,5,1,20250618_skittlez,20250618_skittlez,fish3,3.0,,,72,20250618_skittlez,2025-06-18,2025-06-18,Ben (F2 of allele 310),Abe (F2 of allele 309),pDQM034,310|309,,,mKate2|mCitrine|Electra2|mKOK|mTFP1,nan,nan,,nan,,sheet,,"phiC-NLS, 2xLynk:mSG",,
/clusterfs/vast/abcabc/Korra_Foundation/20250618_skittlez/fish4_roi1,20250618-plate33-slot6-roi1,20250618,33,6,1,20250618_skittlez,20250618_skittlez,fish4,4.0,,,72,20250618_skittlez,2025-06-18,2025-06-18,Ben (F2 of allele 310),Abe (F2 of allele 309),pDQM034,310|309,,,mKate2|mCitrine|Electra2|mKOK|mTFP1,nan,nan,,nan,,sheet,,"phiC-NLS, 2xLynk:mSG",,
/clusterfs/vast/abcabc/Korra_Foundation/20250618_skittlez/fish5_roi1,20250618-plate34-slot1-roi1,20250618,34,1,1,20250618_skittlez,20250618_skittlez,fish5,5.0,,,72,20250618_skittlez,2025-06-18,2025-06-18,Ben (F2 of allele 310),Abe (F2 of allele 309),pDQM034,310|309,,,mKate2|mCitrine|Electra2|mKOK|mTFP1,nan,nan,,nan,,sheet,,"phiC-NLS, 2xLynk:mSG",,
/clusterfs/vast/abcabc/Korra_Foundation/20250618_skittlez/fish6_roi1,20250618-plate34-slot2-roi1,20250618,34,2,1,20250618_skittlez,20250618_skittlez,fish6,6.0,,,54,20250618_skittlez,2025-06-18,2025-06-18,Ben (F2 of allele 310),Abe (F2 of allele 309),pDQM034,310|309,,,mKate2|mCitrine|Electra2|mKOK|mTFP1,nan,nan,,nan,,sheet,,"phiC-NLS, 2xLynk:mSG",,
/clusterfs/vast/abcabc/Korra_Foundation/20250618_skittlez/fish6_roi2,20250618-plate34-slot2-roi2,20250618,34,2,2,20250618_skittlez,20250618_skittlez,fish6,6.0,,,72,20250618_skittlez,2025-06-18,2025-06-18,Ben (F2 of allele 310),Abe (F2 of allele 309),pDQM034,310|309,,,mKate2|mCitrine|Electra2|mKOK|mTFP1,nan,nan,,nan,,sheet,,"phiC-NLS, 2xLynk:mSG",,
/clusterfs/vast/abcabc/Korra_Foundation/20250618_skittlez/fish7_roi1,20250618-plate34-slot3-roi1,20250618,34,3,1,20250618_skittlez,20250618_skittlez,fish7,7.0,,,72,20250618_skittlez,2025-06-18,2025-06-18,Ben (F2 of allele 310),Abe (F2 of allele 309),pDQM034,310|309,,,mKate2|mCitrine|Electra2|mKOK|mTFP1,nan,nan,,nan,,sheet,,"phiC-NLS, 2xLynk:mSG",,
/clusterfs/vast/abcabc/Korra_Foundation/20250618_skittlez/fish7_roi2,20250618-plate34-slot3-roi2,20250618,34,3,2,20250618_skittlez,20250618_skittlez,fish7,7.0,,,72,20250618_skittlez,2025-06-18,2025-06-18,Ben (F2 of allele 310),Abe (F2 of allele 309),pDQM034,310|309,,,mKate2|mCitrine|Electra2|mKOK|mTFP1,nan,nan,,nan,,sheet,,"phiC-NLS, 2xLynk:mSG",,
/clusterfs/vast/abcabc/Korra_Foundation/20250618_skittlez/fish7_roi3,20250618-plate34-slot3-roi3,20250618,34,3,3,20250618_skittlez,20250618_skittlez,fish7,7.0,,,48,20250618_skittlez,2025-06-18,2025-06-18,Ben (F2 of allele 310),Abe (F2 of allele 309),pDQM034,310|309,,,mKate2|mCitrine|Electra2|mKOK|mTFP1,nan,nan,,nan,,sheet,,"phiC-NLS, 2xLynk:mSG",,
/clusterfs/vast/abcabc/Korra_Foundation/20250618_skittlez/fish7_roi4,20250618-plate34-slot3-roi4,20250618,34,3,4,20250618_skittlez,20250618_skittlez,fish7,7.0,,,48,20250618_skittlez,2025-06-18,2025-06-18,Ben (F2 of allele 310),Abe (F2 of allele 309),pDQM034,310|309,,,mKate2|mCitrine|Electra2|mKOK|mTFP1,nan,nan,,nan,,sheet,,"phiC-NLS, 2xLynk:mSG",,
/clusterfs/vast/abcabc/Korra_Foundation/20250618_skittlez/fish8_roi1,20250618-plate34-slot4-roi1,20250618,34,4,1,20250618_skittlez,20250618_skittlez,fish8,8.0,,,48,20250618_skittlez,2025-06-18,2025-06-18,Ben (F2 of allele 310),Abe (F2 of allele 309),pDQM034,310|309,,,mKate2|mCitrine|Electra2|mKOK|mTFP1,nan,nan,,nan,,sheet,,"phiC-NLS, 2xLynk:mSG",,
/clusterfs/vast/abcabc/Korra_Foundation/20250618_skittlez/fish8_roi2,20250618-plate34-slot4-roi2,20250618,34,4,2,20250618_skittlez,20250618_skittlez,fish8,8.0,,,48,20250618_skittlez,2025-06-18,2025-06-18,Ben (F2 of allele 310),Abe (F2 of allele 309),pDQM034,310|309,,,mKate2|mCitrine|Electra2|mKOK|mTFP1,nan,nan,,nan,,sheet,,"phiC-NLS, 2xLynk:mSG",,
/clusterfs/vast/abcabc/Korra_Foundation/20250618_skittlez/fish8_roi3,20250618-plate34-slot4-roi3,20250618,34,4,3,20250618_skittlez,20250618_skittlez,fish8,8.0,,,48,20250618_skittlez,2025-06-18,2025-06-18,Ben (F2 of allele 310),Abe (F2 of allele 309),pDQM034,310|309,,,mKate2|mCitrine|Electra2|mKOK|mTFP1,nan,nan,,nan,,sheet,,"phiC-NLS, 2xLynk:mSG",,
/clusterfs/vast/abcabc/Korra_Foundation/20250618_skittlez/fish8_roi4,20250618-plate34-slot4-roi4,20250618,34,4,4,20250618_skittlez,20250618_skittlez,fish8,8.0,,,48,20250618_skittlez,2025-06-18,2025-06-18,Ben (F2 of allele 310),Abe (F2 of allele 309),pDQM034,310|309,,,mKate2|mCitrine|Electra2|mKOK|mTFP1,nan,nan,,nan,,sheet,,"phiC-NLS, 2xLynk:mSG",,
/clusterfs/vast/abcabc/Korra_Foundation/20250618_skittlez/fish9_roi1,20250618-plate34-slot5-roi1,20250618,34,5,1,20250618_skittlez,20250618_skittlez,fish9,9.0,,,48,20250618_skittlez,2025-06-18,2025-06-18,Ben (F2 of allele 310),Abe (F2 of allele 309),pDQM034,310|309,,,mKate2|mCitrine|Electra2|mKOK|mTFP1,nan,nan,,nan,,sheet,,"phiC-NLS, 2xLynk:mSG",,
/clusterfs/vast/abcabc/Korra_Foundation/20250618_skittlez/fish9_roi2,20250618-plate34-slot5-roi2,20250618,34,5,2,20250618_skittlez,20250618_skittlez,fish9,9.0,,,48,20250618_skittlez,2025-06-18,2025-06-18,Ben (F2 of allele 310),Abe (F2 of allele 309),pDQM034,310|309,,,mKate2|mCitrine|Electra2|mKOK|mTFP1,nan,nan,,nan,,sheet,,"phiC-NLS, 2xLynk:mSG",,
/clusterfs/vast/abcabc/Korra_Foundation/20250619_skittlez/fish1_roi1,20250619-plate35-slot1-roi1,20250619,35,1,1,20250619_skittlez,20250619_skittlez,fish1,1.0,,,72,20250619_skittlez,2025-06-19,2025-06-19,Dennis (F2 of allele 318),Abe (F2 of allele 309),pDQM036|pDQM034,318|309,,,nan|mKate2|mCitrine|Electra2|mKOK|mTFP1,nan,nan,,nan,,sheet,,"phiC-NLS, 2xLynk:mSG",,
/clusterfs/vast/abcabc/Korra_Foundation/20250619_skittlez/fish1_roi2,20250619-plate35-slot1-roi2,20250619,35,1,2,20250619_skittlez,20250619_skittlez,fish1,1.0,,,72,20250619_skittlez,2025-06-19,2025-06-19,Dennis (F2 of allele 318),Abe (F2 of allele 309),pDQM036|pDQM034,318|309,,,nan|mKate2|mCitrine|Electra2|mKOK|mTFP1,nan,nan,,nan,,sheet,,"phiC-NLS, 2xLynk:mSG",,
/clusterfs/vast/abcabc/Korra_Foundation/20250619_skittlez/fish2_roi1,20250619-plate35-slot2-roi1,20250619,35,2,1,20250619_skittlez,20250619_skittlez,fish2,2.0,,,72,20250619_skittlez,2025-06-19,2025-06-19,Dennis (F2 of allele 318),Abe (F2 of allele 309),pDQM036|pDQM034,318|309,,,nan|mKate2|mCitrine|Electra2|mKOK|mTFP1,nan,nan,,nan,,sheet,,"phiC-NLS, 2xLynk:mSG",,
/clusterfs/vast/abcabc/Korra_Foundation/20250619_skittlez/fish3_roi1,20250619-plate35-slot3-roi1,20250619,35,3,1,20250619_skittlez,20250619_skittlez,fish3,3.0,,,72,20250619_skittlez,2025-06-19,2025-06-19,Dennis (F2 of allele 318),Abe (F2 of allele 309),pDQM036|pDQM034,318|309,,,nan|mKate2|mCitrine|Electra2|mKOK|mTFP1,nan,nan,,nan,,sheet,,"phiC-NLS, 2xLynk:mSG",,
/clusterfs/vast/abcabc/Korra_Foundation/20250619_skittlez/fish3_roi2,20250619-plate35-slot3-roi2,20250619,35,3,2,20250619_skittlez,20250619_skittlez,fish3,3.0,,,72,20250619_skittlez,2025-06-19,2025-06-19,Dennis (F2 of allele 318),Abe (F2 of allele 309),pDQM036|pDQM034,318|309,,,nan|mKate2|mCitrine|Electra2|mKOK|mTFP1,nan,nan,,nan,,sheet,,"phiC-NLS, 2xLynk:mSG",,
/clusterfs/vast/abcabc/Korra_Foundation/20250619_skittlez/fish4_roi1,20250619-plate35-slot4-roi1,20250619,35,4,1,20250619_skittlez,20250619_skittlez,fish4,4.0,,,108,20250619_skittlez,2025-06-19,2025-06-19,Dennis (F2 of allele 318),Abe (F2 of allele 309),pDQM036|pDQM034,318|309,,,nan|mKate2|mCitrine|Electra2|mKOK|mTFP1,nan,nan,,nan,,sheet,,"phiC-NLS, 2xLynk:mSG",,
/clusterfs/vast/abcabc/Korra_Foundation/20250619_skittlez/fish5_roi1,20250619-plate35-slot5-roi1,20250619,35,5,1,20250619_skittlez,20250619_skittlez,fish5,5.0,,,72,20250619_skittlez,2025-06-19,2025-06-19,Dennis (F2 of allele 318),Abe (F2 of allele 309),pDQM036|pDQM034,318|309,,,nan|mKate2|mCitrine|Electra2|mKOK|mTFP1,nan,nan,,nan,,sheet,,"phiC-NLS, 2xLynk:mSG",,
/clusterfs/vast/abcabc/Korra_Foundation/20250619_skittlez/fish5_roi2,20250619-plate35-slot5-roi2,20250619,35,5,2,20250619_skittlez,20250619_skittlez,fish5,5.0,,,72,20250619_skittlez,2025-06-19,2025-06-19,Dennis (F2 of allele 318),Abe (F2 of allele 309),pDQM036|pDQM034,318|309,,,nan|mKate2|mCitrine|Electra2|mKOK|mTFP1,nan,nan,,nan,,sheet,,"phiC-NLS, 2xLynk:mSG",,
/clusterfs/vast/abcabc/Korra_Foundation/20250620_mitomSG/fish1_roi1,20250620-plate36-slot1-roi1,20250620,36,1,1,20250620_mitomSG,20250620_mitomSG,fish1,1.0,,,705,20250620_mitomSG,2025-06-20,2025-06-20,,,,,,,,,,,,,inferred,,,,
/clusterfs/vast/abcabc/Korra_Foundation/20250624_skittlez_Chris_x_Liam/fish2_roi1,20250624-plate37-slot1-roi1,20250624,37,1,1,20250624_skittlez_Chris_x_Liam,20250624_skittlez_Chris_x_Liam,fish2,2.0,,,72,20250624_skittlez_Chris_x_Liam,2025-06-24,2025-06-24,Liam (F2 of allele 321),Chris (F1 of allele 317),pDQM059|pDQM034,321|317,,,gfp|mKate2|mCitrine|Electra2|mKOK|mTFP1,nan,nan,,nan,,sheet,,"phiC-NLS, 2xLynk:mSG","this cross is high in 514, which causes difficulty for mSG channel",
/clusterfs/vast/abcabc/Korra_Foundation/20250624_skittlez_Chris_x_Liam/fish3_roi1,20250624-plate37-slot2-roi1,20250624,37,2,1,20250624_skittlez_Chris_x_Liam,20250624_skittlez_Chris_x_Liam,fish3,3.0,,,72,20250624_skittlez_Chris_x_Liam,2025-06-24,2025-06-24,Liam (F2 of allele 321),Chris (F1 of allele 317),pDQM059|pDQM034,321|317,,,gfp|mKate2|mCitrine|Electra2|mKOK|mTFP1,nan,nan,,nan,,sheet,,"phiC-NLS, 2xLynk:mSG","this cross is high in 514, which causes difficulty for mSG channel",
/clusterfs/vast/abcabc/Korra_Foundation/20250624_skittlez_Chris_x_Liam/fish3_roi2,20250624-plate37-slot2-roi2,20250624,37,2,2,20250624_skittlez_Chris_x_Liam,20250624_skittlez_Chris_x_Liam,fish3,3.0,,,72,20250624_skittlez_Chris_x_Liam,2025-06-24,2025-06-24,Liam (F2 of allele 321),Chris (F1 of allele 317),pDQM059|pDQM034,321|317,,,gfp|mKate2|mCitrine|Electra2|mKOK|mTFP1,nan,nan,,nan,,sheet,,"phiC-NLS, 2xLynk:mSG","this cross is high in 514, which causes difficulty for mSG channel",
/clusterfs/vast/abcabc/Korra_Foundation/20250624_skittlez_Chris_x_Liam/fish3_roi3,20250624-plate37-slot2-roi3,20250624,37,2,3,20250624_skittlez_Chris_x_Liam,20250624_skittlez_Chris_x_Liam,fish3,3.0,,,72,20250624_skittlez_Chris_x_Liam,2025-06-24,2025-06-24,Liam (F2 of allele 321),Chris (F1 of allele 317),pDQM059|pDQM034,321|317,,,gfp|mKate2|mCitrine|Electra2|mKOK|mTFP1,nan,nan,,nan,,sheet,,"phiC-NLS, 2xLynk:mSG","this cross is high in 514, which causes difficulty for mSG channel",
/clusterfs/vast/abcabc/Korra_Foundation/20250624_skittlez_Chris_x_Liam/fish4_roi1,20250624-plate37-slot3-roi1,20250624,37,3,1,20250624_skittlez_Chris_x_Liam,20250624_skittlez_Chris_x_Liam,fish4,4.0,,,72,20250624_skittlez_Chris_x_Liam,2025-06-24,2025-06-24,Liam (F2 of allele 321),Chris (F1 of allele 317),pDQM059|pDQM034,321|317,,,gfp|mKate2|mCitrine|Electra2|mKOK|mTFP1,nan,nan,,nan,,sheet,,"phiC-NLS, 2xLynk:mSG","this cross is high in 514, which causes difficulty for mSG channel",
/clusterfs/vast/abcabc/Korra_Foundation/20250624_skittlez_Chris_x_Liam/fish4_roi2,20250624-plate37-slot3-roi2,20250624,37,3,2,20250624_skittlez_Chris_x_Liam,20250624_skittlez_Chris_x_Liam,fish4,4.0,,,72,20250624_skittlez_Chris_x_Liam,2025-06-24,2025-06-24,Liam (F2 of allele 321),Chris (F1 of allele 317),pDQM059|pDQM034,321|317,,,gfp|mKate2|mCitrine|Electra2|mKOK|mTFP1,nan,nan,,nan,,sheet,,"phiC-NLS, 2xLynk:mSG","this cross is high in 514, which causes difficulty for mSG channel",
/clusterfs/vast/abcabc/Korra_Foundation/20250624_skittlez_Chris_x_Liam/fish4_roi3,20250624-plate37-slot3-roi3,20250624,37,3,3,20250624_skittlez_Chris_x_Liam,20250624_skittlez_Chris_x_Liam,fish4,4.0,,,72,20250624_skittlez_Chris_x_Liam,2025-06-24,2025-06-24,Liam (F2 of allele 321),Chris (F1 of allele 317),pDQM059|pDQM034,321|317,,,gfp|mKate2|mCitrine|Electra2|mKOK|mTFP1,nan,nan,,nan,,sheet,,"phiC-NLS, 2xLynk:mSG","this cross is high in 514, which causes difficulty for mSG channel",
/clusterfs/vast/abcabc/Korra_Foundation/20250624_skittlez_Chris_x_Liam/fish4_roi4,20250624-plate37-slot3-roi4,20250624,37,3,4,20250624_skittlez_Chris_x_Liam,20250624_skittlez_Chris_x_Liam,fish4,4.0,,,72,20250624_skittlez_Chris_x_Liam,2025-06-24,2025-06-24,Liam (F2 of allele 321),Chris (F1 of allele 317),pDQM059|pDQM034,321|317,,,gfp|mKate2|mCitrine|Electra2|mKOK|mTFP1,nan,nan,,nan,,sheet,,"phiC-NLS, 2xLynk:mSG","this cross is high in 514, which causes difficulty for mSG channel",
/clusterfs/vast/abcabc/Korra_Foundation/20250624_skittlez_Chris_x_Liam/fish5_roi1,20250624-plate37-slot4-roi1,20250624,37,4,1,20250624_skittlez_Chris_x_Liam,20250624_skittlez_Chris_x_Liam,fish5,5.0,,,2,20250624_skittlez_Chris_x_Liam,2025-06-24,2025-06-24,Liam (F2 of allele 321),Chris (F1 of allele 317),pDQM059|pDQM034,321|317,,,gfp|mKate2|mCitrine|Electra2|mKOK|mTFP1,nan,nan,,nan,,sheet,,"phiC-NLS, 2xLynk:mSG","this cross is high in 514, which causes difficulty for mSG channel",
/clusterfs/vast/abcabc/Korra_Foundation/20250624_skittlez_Chris_x_Liam/fish5_roi1-1,20250624-plate37-slot4-roi2,20250624,37,4,2,20250624_skittlez_Chris_x_Liam,20250624_skittlez_Chris_x_Liam,fish5,5.0,,fish5|roi1-1,48,20250624_skittlez_Chris_x_Liam,2025-06-24,2025-06-24,Liam (F2 of allele 321),Chris (F1 of allele 317),pDQM059|pDQM034,321|317,,,gfp|mKate2|mCitrine|Electra2|mKOK|mTFP1,nan,nan,,nan,,sheet,,"phiC-NLS, 2xLynk:mSG","this cross is high in 514, which causes difficulty for mSG channel",
/clusterfs/vast/abcabc/Korra_Foundation/20250624_skittlez_Chris_x_Liam/fish6_roi1,20250624-plate37-slot5-roi1,20250624,37,5,1,20250624_skittlez_Chris_x_Liam,20250624_skittlez_Chris_x_Liam,fish6,6.0,,,48,20250624_skittlez_Chris_x_Liam,2025-06-24,2025-06-24,Liam (F2 of allele 321),Chris (F1 of allele 317),pDQM059|pDQM034,321|317,,,gfp|mKate2|mCitrine|Electra2|mKOK|mTFP1,nan,nan,,nan,,sheet,,"phiC-NLS, 2xLynk:mSG","this cross is high in 514, which causes difficulty for mSG channel",
/clusterfs/vast/abcabc/Korra_Foundation/20250624_skittlez_Chris_x_Liam/fish6_roi2,20250624-plate37-slot5-roi2,20250624,37,5,2,20250624_skittlez_Chris_x_Liam,20250624_skittlez_Chris_x_Liam,fish6,6.0,,,48,20250624_skittlez_Chris_x_Liam,2025-06-24,2025-06-24,Liam (F2 of allele 321),Chris (F1 of allele 317),pDQM059|pDQM034,321|317,,,gfp|mKate2|mCitrine|Electra2|mKOK|mTFP1,nan,nan,,nan,,sheet,,"phiC-NLS, 2xLynk:mSG","this cross is high in 514, which causes difficulty for mSG channel",
/clusterfs/vast/abcabc/Korra_Foundation/20250624_skittlez_Chris_x_Liam/fish6_roi3,20250624-plate37-slot5-roi3,20250624,37,5,3,20250624_skittlez_Chris_x_Liam,20250624_skittlez_Chris_x_Liam,fish6,6.0,,,48,20250624_skittlez_Chris_x_Liam,2025-06-24,2025-06-24,Liam (F2 of allele 321),Chris (F1 of allele 317),pDQM059|pDQM034,321|317,,,gfp|mKate2|mCitrine|Electra2|mKOK|mTFP1,nan,nan,,nan,,sheet,,"phiC-NLS, 2xLynk:mSG","this cross is high in 514, which causes difficulty for mSG channel",
/clusterfs/vast/abcabc/Korra_Foundation/20250624_skittlez_Chris_x_Liam/fish7_roi1,20250624-plate37-slot6-roi1,20250624,37,6,1,20250624_skittlez_Chris_x_Liam,20250624_skittlez_Chris_x_Liam,fish7,7.0,,,48,20250624_skittlez_Chris_x_Liam,2025-06-24,2025-06-24,Liam (F2 of allele 321),Chris (F1 of allele 317),pDQM059|pDQM034,321|317,,,gfp|mKate2|mCitrine|Electra2|mKOK|mTFP1,nan,nan,,nan,,sheet,,"phiC-NLS, 2xLynk:mSG","this cross is high in 514, which causes difficulty for mSG channel",
/clusterfs/vast/abcabc/Korra_Foundation/20250624_skittlez_Chris_x_Liam/fish7_roi2,20250624-plate37-slot6-roi2,20250624,37,6,2,20250624_skittlez_Chris_x_Liam,20250624_skittlez_Chris_x_Liam,fish7,7.0,,,48,20250624_skittlez_Chris_x_Liam,2025-06-24,2025-06-24,Liam (F2 of allele 321),Chris (F1 of allele 317),pDQM059|pDQM034,321|317,,,gfp|mKate2|mCitrine|Electra2|mKOK|mTFP1,nan,nan,,nan,,sheet,,"phiC-NLS, 2xLynk:mSG","this cross is high in 514, which causes difficulty for mSG channel",
/clusterfs/vast/abcabc/Korra_Foundation/20250624_skittlez_Chris_x_Liam/fish7_roi3,20250624-plate37-slot6-roi3,20250624,37,6,3,20250624_skittlez_Chris_x_Liam,20250624_skittlez_Chris_x_Liam,fish7,7.0,,,48,20250624_skittlez_Chris_x_Liam,2025-06-24,2025-06-24,Liam (F2 of allele 321),Chris (F1 of allele 317),pDQM059|pDQM034,321|317,,,gfp|mKate2|mCitrine|Electra2|mKOK|mTFP1,nan,nan,,nan,,sheet,,"phiC-NLS, 2xLynk:mSG","this cross is high in 514, which causes difficulty for mSG channel",
/clusterfs/vast/abcabc/Korra_Foundation/20250624_skittlez_Chris_x_Liam/fish7_roi4,20250624-plate37-slot6-roi4,20250624,37,6,4,20250624_skittlez_Chris_x_Liam,20250624_skittlez_Chris_x_Liam,fish7,7.0,,,48,20250624_skittlez_Chris_x_Liam,2025-06-24,2025-06-24,Liam (F2 of allele 321),Chris (F1 of allele 317),pDQM059|pDQM034,321|317,,,gfp|mKate2|mCitrine|Electra2|mKOK|mTFP1,nan,nan,,nan,,sheet,,"phiC-NLS, 2xLynk:mSG","this cross is high in 514, which causes difficulty for mSG channel",
/clusterfs/vast/abcabc/Korra_Foundation/20250624_skittlez_Issac_x_Ken/fish1_roi1,20250624-plate38-slot1-roi1,20250624,38,1,1,20250624_skittlez_Issac_x_Ken,20250624_skittlez_Issac_x_Ken,fish1,1.0,,,54,20250624_skittlez_Issac_x_Ken,2025-06-24,2025-06-24,Ken (F2 of allele 320),Isaac (F2 of allele 314),pDQM059|pDQM064,320|314,,,gfp|GFP|mKate2|Electra2|mCitrine|mKoK|mTFP1,nan,nan,,nan,,sheet,,"phiC-NLS, 2xLynk:mSG",,
/clusterfs/vast/abcabc/Korra_Foundation/20250624_skittlez_Issac_x_Ken/fish2_roi1,20250624-plate38-slot2-roi1,20250624,38,2,1,20250624_skittlez_Issac_x_Ken,20250624_skittlez_Issac_x_Ken,fish2,2.0,,,72,20250624_skittlez_Issac_x_Ken,2025-06-24,2025-06-24,Ken (F2 of allele 320),Isaac (F2 of allele 314),pDQM059|pDQM064,320|314,,,gfp|GFP|mKate2|Electra2|mCitrine|mKoK|mTFP1,nan,nan,,nan,,sheet,,"phiC-NLS, 2xLynk:mSG",,
/clusterfs/vast/abcabc/Korra_Foundation/20250624_skittlez_Issac_x_Ken/fish2_roi2,20250624-plate38-slot2-roi2,20250624,38,2,2,20250624_skittlez_Issac_x_Ken,20250624_skittlez_Issac_x_Ken,fish2,2.0,,,72,20250624_skittlez_Issac_x_Ken,2025-06-24,2025-06-24,Ken (F2 of allele 320),Isaac (F2 of allele 314),pDQM059|pDQM064,320|314,,,gfp|GFP|mKate2|Electra2|mCitrine|mKoK|mTFP1,nan,nan,,nan,,sheet,,"phiC-NLS, 2xLynk:mSG",,
/clusterfs/vast/abcabc/Korra_Foundation/20250624_skittlez_Issac_x_Ken/fish3_roi1,20250624-plate38-slot3-roi1,20250624,38,3,1,20250624_skittlez_Issac_x_Ken,20250624_skittlez_Issac_x_Ken,fish3,3.0,,,60,20250624_skittlez_Issac_x_Ken,2025-06-24,2025-06-24,Ken (F2 of allele 320),Isaac (F2 of allele 314),pDQM059|pDQM064,320|314,,,gfp|GFP|mKate2|Electra2|mCitrine|mKoK|mTFP1,nan,nan,,nan,,sheet,,"phiC-NLS, 2xLynk:mSG",,
/clusterfs/vast/abcabc/Korra_Foundation/20250624_skittlez_Issac_x_Ken/fish4_roi1,20250624-plate38-slot4-roi1,20250624,38,4,1,20250624_skittlez_Issac_x_Ken,20250624_skittlez_Issac_x_Ken,fish4,4.0,,,72,20250624_skittlez_Issac_x_Ken,2025-06-24,2025-06-24,Ken (F2 of allele 320),Isaac (F2 of allele 314),pDQM059|pDQM064,320|314,,,gfp|GFP|mKate2|Electra2|mCitrine|mKoK|mTFP1,nan,nan,,nan,,sheet,,"phiC-NLS, 2xLynk:mSG",,
/clusterfs/vast/abcabc/Korra_Foundation/20250625_skittlez/fish1_roi1,20250625-plate39-slot1-roi1,20250625,39,1,1,20250625_skittlez,20250625_skittlez,fish1,1.0,,,72,20250625_skittlez,2025-06-25,2025-06-25,,,,,,,,,,,,,inferred,,,,
/clusterfs/vast/abcabc/Korra_Foundation/20250625_skittlez/fish1_roi2,20250625-plate39-slot1-roi2,20250625,39,1,2,20250625_skittlez,20250625_skittlez,fish1,1.0,,,72,20250625_skittlez,2025-06-25,2025-06-25,,,,,,,,,,,,,inferred,,,,
/clusterfs/vast/abcabc/Korra_Foundation/20250625_skittlez/fish3_roi1,20250625-plate39-slot2-roi1,20250625,39,2,1,20250625_skittlez,20250625_skittlez,fish3,3.0,,,90,20250625_skittlez,2025-06-25,2025-06-25,,,,,,,,,,,,,inferred,,,,
/clusterfs/vast/abcabc/Korra_Foundation/20250625_skittlez/fish4_roi1,20250625-plate39-slot3-roi1,20250625,39,3,1,20250625_skittlez,20250625_skittlez,fish4,4.0,,,72,20250625_skittlez,2025-06-25,2025-06-25,,,,,,,,,,,,,inferred,,,,
/clusterfs/vast/abcabc/Korra_Foundation/20250625_skittlez/fish5_roi1,20250625-plate39-slot4-roi1,20250625,39,4,1,20250625_skittlez,20250625_skittlez,fish5,5.0,,,72,20250625_skittlez,2025-06-25,2025-06-25,,,,,,,,,,,,,inferred,,,,
/clusterfs/vast/abcabc/Korra_Foundation/20250625_skittlez/fish5_roi2,20250625-plate39-slot4-roi2,20250625,39,4,2,20250625_skittlez,20250625_skittlez,fish5,5.0,,,72,20250625_skittlez,2025-06-25,2025-06-25,,,,,,,,,,,,,inferred,,,,
/clusterfs/vast/abcabc/Korra_Foundation/20250625_skittlez/fish7_roi1,20250625-plate39-slot5-roi1,20250625,39,5,1,20250625_skittlez,20250625_skittlez,fish7,7.0,,,90,20250625_skittlez,2025-06-25,2025-06-25,,,,,,,,,,,,,inferred,,,,
/clusterfs/vast/abcabc/Korra_Foundation/20250625_skittlez/fish8_roi1,20250625-plate39-slot6-roi1,20250625,39,6,1,20250625_skittlez,20250625_skittlez,fish8,8.0,,,72,20250625_skittlez,2025-06-25,2025-06-25,,,,,,,,,,,,,inferred,,,,
/clusterfs/vast/abcabc/Korra_Foundation/20250625_skittlez/fish8_roi2,20250625-plate39-slot6-roi2,20250625,39,6,2,20250625_skittlez,20250625_skittlez,fish8,8.0,,,72,20250625_skittlez,2025-06-25,2025-06-25,,,,,,,,,,,,,inferred,,,,
/clusterfs/vast/abcabc/Korra_Foundation/20250625_skittlez/fish9_roi1,20250625-plate40-slot1-roi1,20250625,40,1,1,20250625_skittlez,20250625_skittlez,fish9,9.0,,,90,20250625_skittlez,2025-06-25,2025-06-25,,,,,,,,,,,,,inferred,,,,
/clusterfs/vast/abcabc/Korra_Foundation/20250627_skittlez/fish10_roi1,20250627-plate41-slot2-roi1,20250627,41,2,1,20250627_skittlez,20250627_skittlez,fish10,10.0,,,108,20250627_skittlez,2025-06-27,2025-06-27,Jim (F2 of allele 316),Ben (F2 of allele 310),pDQM059|pDQM034,316|310,,,gfp|mKate2|mCitrine|Electra2|mKOK|mTFP1,nan,nan,,nan,,sheet,,"phiC-NLS, 2xLynk:mSG",,
/clusterfs/vast/abcabc/Korra_Foundation/20250627_skittlez/fish1_roi1,20250627-plate41-slot1-roi1,20250627,41,1,1,20250627_skittlez,20250627_skittlez,fish1,1.0,,,72,20250627_skittlez,2025-06-27,2025-06-27,Jim (F2 of allele 316),Ben (F2 of allele 310),pDQM059|pDQM034,316|310,,,gfp|mKate2|mCitrine|Electra2|mKOK|mTFP1,nan,nan,,nan,,sheet,,"phiC-NLS, 2xLynk:mSG",,
/clusterfs/vast/abcabc/Korra_Foundation/20250627_skittlez/fish1_roi2,20250627-plate41-slot1-roi2,20250627,41,1,2,20250627_skittlez,20250627_skittlez,fish1,1.0,,,72,20250627_skittlez,2025-06-27,2025-06-27,Jim (F2 of allele 316),Ben (F2 of allele 310),pDQM059|pDQM034,316|310,,,gfp|mKate2|mCitrine|Electra2|mKOK|mTFP1,nan,nan,,nan,,sheet,,"phiC-NLS, 2xLynk:mSG",,
/clusterfs/vast/abcabc/Korra_Foundation/20250627_skittlez/fish1_roi3,20250627-plate41-slot1-roi3,20250627,41,1,3,20250627_skittlez,20250627_skittlez,fish1,1.0,,,72,20250627_skittlez,2025-06-27,2025-06-27,Jim (F2 of allele 316),Ben (F2 of allele 310),pDQM059|pDQM034,316|310,,,gfp|mKate2|mCitrine|Electra2|mKOK|mTFP1,nan,nan,,nan,,sheet,,"phiC-NLS, 2xLynk:mSG",,
/clusterfs/vast/abcabc/Korra_Foundation/20250627_skittlez/fish2_roi1,20250627-plate41-slot3-roi1,20250627,41,3,1,20250627_skittlez,20250627_skittlez,fish2,2.0,,,72,20250627_skittlez,2025-06-27,2025-06-27,Jim (F2 of allele 316),Ben (F2 of allele 310),pDQM059|pDQM034,316|310,,,gfp|mKate2|mCitrine|Electra2|mKOK|mTFP1,nan,nan,,nan,,sheet,,"phiC-NLS, 2xLynk:mSG",,
/clusterfs/vast/abcabc/Korra_Foundation/20250627_skittlez/fish3_roi1,20250627-plate41-slot4-roi1,20250627,41,4,1,20250627_skittlez,20250627_skittlez,fish3,3.0,,,90,20250627_skittlez,2025-06-27,2025-06-27,Jim (F2 of allele 316),Ben (F2 of allele 310),pDQM059|pDQM034,316|310,,,gfp|mKate2|mCitrine|Electra2|mKOK|mTFP1,nan,nan,,nan,,sheet,,"phiC-NLS, 2xLynk:mSG",,
/clusterfs/vast/abcabc/Korra_Foundation/20250627_skittlez/fish4_roi1,20250627-plate41-slot5-roi1,20250627,41,5,1,20250627_skittlez,20250627_skittlez,fish4,4.0,,,72,20250627_skittlez,2025-06-27,2025-06-27,Jim (F2 of allele 316),Ben (F2 of allele 310),pDQM059|pDQM034,316|310,,,gfp|mKate2|mCitrine|Electra2|mKOK|mTFP1,nan,nan,,nan,,sheet,,"phiC-NLS, 2xLynk:mSG",,
/clusterfs/vast/abcabc/Korra_Foundation/20250627_skittlez/fish4_roi2,20250627-plate41-slot5-roi2,20250627,41,5,2,20250627_skittlez,20250627_skittlez,fish4,4.0,,,72,20250627_skittlez,2025-06-27,2025-06-27,Jim (F2 of allele 316),Ben (F2 of allele 310),pDQM059|pDQM034,316|310,,,gfp|mKate2|mCitrine|Electra2|mKOK|mTFP1,nan,nan,,nan,,sheet,,"phiC-NLS, 2xLynk:mSG",,
/clusterfs/vast/abcabc/Korra_Foundation/20250627_skittlez/fish5_roi1,20250627-plate41-slot6-roi1,20250627,41,6,1,20250627_skittlez,20250627_skittlez,fish5,5.0,,,90,20250627_skittlez,2025-06-27,2025-06-27,Jim (F2 of allele 316),Ben (F2 of allele 310),pDQM059|pDQM034,316|310,,,gfp|mKate2|mCitrine|Electra2|mKOK|mTFP1,nan,nan,,nan,,sheet,,"phiC-NLS, 2xLynk:mSG",,
/clusterfs/vast/abcabc/Korra_Foundation/20250627_skittlez/fish7_roi1,20250627-plate42-slot1-roi1,20250627,42,1,1,20250627_skittlez,20250627_skittlez,fish7,7.0,,,90,20250627_skittlez,2025-06-27,2025-06-27,Jim (F2 of allele 316),Ben (F2 of allele 310),pDQM059|pDQM034,316|310,,,gfp|mKate2|mCitrine|Electra2|mKOK|mTFP1,nan,nan,,nan,,sheet,,"phiC-NLS, 2xLynk:mSG",,
/clusterfs/vast/abcabc/Korra_Foundation/20250627_skittlez/fish8_roi1,20250627-plate42-slot2-roi1,20250627,42,2,1,20250627_skittlez,20250627_skittlez,fish8,8.0,,,90,20250627_skittlez,2025-06-27,2025-06-27,Jim (F2 of allele 316),Ben (F2 of allele 310),pDQM059|pDQM034,316|310,,,gfp|mKate2|mCitrine|Electra2|mKOK|mTFP1,nan,nan,,nan,,sheet,,"phiC-NLS, 2xLynk:mSG",,
/clusterfs/vast/abcabc/Korra_Foundation/20250627_skittlez/fish9_roi1,20250627-plate42-slot3-roi1,20250627,42,3,1,20250627_skittlez,20250627_skittlez,fish9,9.0,,,108,20250627_skittlez,2025-06-27,2025-06-27,Jim (F2 of allele 316),Ben (F2 of allele 310),pDQM059|pDQM034,316|310,,,gfp|mKate2|mCitrine|Electra2|mKOK|mTFP1,nan,nan,,nan,,sheet,,"phiC-NLS, 2xLynk:mSG",,
/clusterfs/vast/abcabc/Korra_Foundation/20250715_mem_organelle/fish1_mem_sg_mito_msc3/roi1,20250715-plate43-slot1-roi1,20250715,43,1,1,20250715_mem_organelle,20250715_mem_organelle,fish1,1.0,,,384,20250715_mem_organelle,2025-07-15,2025-07-15,ef1a:2xLynk:tdmSG(J) (F2 of allele 301),ef1a:2xLynk:tdmSG(J) (F2 of allele 301),pDQM005,301,,,tdmSG,2xLynk,membrane,tdmSG::2xLynk,membrane,tdmSG(membrane)|Halo(ER)|mScarlet3S2(ER)|mScarlet3S2(mitochondria)|Halo(mitochondria),sheet,ef1a-extended:2xCox8A:mScarlet3S2|ef1a-extended:2xCox8A:Halo,ef1a-extended:Halo:sec61b|ef1a-extended:mScarlet3S2:sec61b,,JF 635
/clusterfs/vast/abcabc/Korra_Foundation/20250715_mem_organelle/fish1_mem_sg_mito_msc3/roi1,20250715-plate43-slot1-roi2,20250715,43,1,2,20250715_mem_organelle,20250715_mem_organelle,fish1,1.0,,,384,20250715_mem_organelle,2025-07-15,2025-07-15,ef1a:2xLynk:tdmSG(J) (F2 of allele 301),ef1a:2xLynk:tdmSG(J) (F2 of allele 301),pDQM005,301,,,tdmSG,2xLynk,membrane,tdmSG::2xLynk,membrane,tdmSG(membrane)|Halo(ER)|mScarlet3S2(ER)|mScarlet3S2(mitochondria)|Halo(mitochondria),sheet,ef1a-extended:2xCox8A:mScarlet3S2|ef1a-extended:2xCox8A:Halo,ef1a-extended:Halo:sec61b|ef1a-extended:mScarlet3S2:sec61b,,JF 635
/clusterfs/vast/abcabc/Korra_Foundation/20250715_mem_organelle/fish1_mem_sg_mito_msc3/roi2,20250715-plate43-slot1-roi3,20250715,43,1,3,20250715_mem_organelle,20250715_mem_organelle,fish1,1.0,,,640,20250715_mem_organelle,2025-07-15,2025-07-15,ef1a:2xLynk:tdmSG(J) (F2 of allele 301),ef1a:2xLynk:tdmSG(J) (F2 of allele 301),pDQM005,301,,,tdmSG,2xLynk,membrane,tdmSG::2xLynk,membrane,tdmSG(membrane)|Halo(ER)|mScarlet3S2(ER)|mScarlet3S2(mitochondria)|Halo(mitochondria),sheet,ef1a-extended:2xCox8A:mScarlet3S2|ef1a-extended:2xCox8A:Halo,ef1a-extended:Halo:sec61b|ef1a-extended:mScarlet3S2:sec61b,,JF 635
/clusterfs/vast/abcabc/Korra_Foundation/20250715_mem_organelle/fish1_mem_sg_mito_msc3/roi2,20250715-plate43-slot1-roi4,20250715,43,1,4,20250715_mem_organelle,20250715_mem_organelle,fish1,1.0,,,640,20250715_mem_organelle,2025-07-15,2025-07-15,ef1a:2xLynk:tdmSG(J) (F2 of allele 301),ef1a:2xLynk:tdmSG(J) (F2 of allele 301),pDQM005,301,,,tdmSG,2xLynk,membrane,tdmSG::2xLynk,membrane,tdmSG(membrane)|Halo(ER)|mScarlet3S2(ER)|mScarlet3S2(mitochondria)|Halo(mitochondria),sheet,ef1a-extended:2xCox8A:mScarlet3S2|ef1a-extended:2xCox8A:Halo,ef1a-extended:Halo:sec61b|ef1a-extended:mScarlet3S2:sec61b,,JF 635
/clusterfs/vast/abcabc/Korra_Foundation/20250715_mem_organelle/fish2_24hpf_mem_mito_msc3_er_halo/roi1_eye,20250715-plate43-slot2-roi1,20250715,43,2,1,20250715_mem_organelle,20250715_mem_organelle,fish2,2.0,24.0,eye,1922,20250715_mem_organelle,2025-07-15,2025-07-15,ef1a:2xLynk:tdmSG(J) (F2 of allele 301),ef1a:2xLynk:tdmSG(J) (F2 of allele 301),pDQM005,301,,,tdmSG,2xLynk,membrane,tdmSG::2xLynk,membrane,tdmSG(membrane)|Halo(ER)|mScarlet3S2(ER)|mScarlet3S2(mitochondria)|Halo(mitochondria),sheet,ef1a-extended:2xCox8A:mScarlet3S2|ef1a-extended:2xCox8A:Halo,ef1a-extended:Halo:sec61b|ef1a-extended:mScarlet3S2:sec61b,,JF 635
/clusterfs/vast/abcabc/Korra_Foundation/20250715_mem_organelle/fish2_24hpf_mem_mito_msc3_er_halo/roi1_eye,20250715-plate43-slot2-roi2,20250715,43,2,2,20250715_mem_organelle,20250715_mem_organelle,fish2,2.0,24.0,eye,1922,20250715_mem_organelle,2025-07-15,2025-07-15,ef1a:2xLynk:tdmSG(J) (F2 of allele 301),ef1a:2xLynk:tdmSG(J) (F2 of allele 301),pDQM005,301,,,tdmSG,2xLynk,membrane,tdmSG::2xLynk,membrane,tdmSG(membrane)|Halo(ER)|mScarlet3S2(ER)|mScarlet3S2(mitochondria)|Halo(mitochondria),sheet,ef1a-extended:2xCox8A:mScarlet3S2|ef1a-extended:2xCox8A:Halo,ef1a-extended:Halo:sec61b|ef1a-extended:mScarlet3S2:sec61b,,JF 635
/clusterfs/vast/abcabc/Korra_Foundation/20250715_mem_organelle/fish3_24hpf_mem_mito_msc3_er_halo/roi1,20250715-plate43-slot3-roi1,20250715,43,3,1,20250715_mem_organelle,20250715_mem_organelle,fish3,3.0,24.0,,960,20250715_mem_organelle,2025-07-15,2025-07-15,ef1a:2xLynk:tdmSG(J) (F2 of allele 301),ef1a:2xLynk:tdmSG(J) (F2 of allele 301),pDQM005,301,,,tdmSG,2xLynk,membrane,tdmSG::2xLynk,membrane,tdmSG(membrane)|Halo(ER)|mScarlet3S2(ER)|mScarlet3S2(mitochondria)|Halo(mitochondria),sheet,ef1a-extended:2xCox8A:mScarlet3S2|ef1a-extended:2xCox8A:Halo,ef1a-extended:Halo:sec61b|ef1a-extended:mScarlet3S2:sec61b,,JF 635
/clusterfs/vast/abcabc/Korra_Foundation/20250715_mem_organelle/fish3_24hpf_mem_mito_msc3_er_halo/roi1,20250715-plate43-slot3-roi2,20250715,43,3,2,20250715_mem_organelle,20250715_mem_organelle,fish3,3.0,24.0,,960,20250715_mem_organelle,2025-07-15,2025-07-15,ef1a:2xLynk:tdmSG(J) (F2 of allele 301),ef1a:2xLynk:tdmSG(J) (F2 of allele 301),pDQM005,301,,,tdmSG,2xLynk,membrane,tdmSG::2xLynk,membrane,tdmSG(membrane)|Halo(ER)|mScarlet3S2(ER)|mScarlet3S2(mitochondria)|Halo(mitochondria),sheet,ef1a-extended:2xCox8A:mScarlet3S2|ef1a-extended:2xCox8A:Halo,ef1a-extended:Halo:sec61b|ef1a-extended:mScarlet3S2:sec61b,,JF 635
/clusterfs/vast/abcabc/Korra_Foundation/20250715_mem_organelle/fish3_24hpf_mem_mito_msc3_er_halo/roi2,20250715-plate43-slot3-roi3,20250715,43,3,3,20250715_mem_organelle,20250715_mem_organelle,fish3,3.0,24.0,,960,20250715_mem_organelle,2025-07-15,2025-07-15,ef1a:2xLynk:tdmSG(J) (F2 of allele 301),ef1a:2xLynk:tdmSG(J) (F2 of allele 301),pDQM005,301,,,tdmSG,2xLynk,membrane,tdmSG::2xLynk,membrane,tdmSG(membrane)|Halo(ER)|mScarlet3S2(ER)|mScarlet3S2(mitochondria)|Halo(mitochondria),sheet,ef1a-extended:2xCox8A:mScarlet3S2|ef1a-extended:2xCox8A:Halo,ef1a-extended:Halo:sec61b|ef1a-extended:mScarlet3S2:sec61b,,JF 635
/clusterfs/vast/abcabc/Korra_Foundation/20250715_mem_organelle/fish3_24hpf_mem_mito_msc3_er_halo/roi2,20250715-plate43-slot3-roi4,20250715,43,3,4,20250715_mem_organelle,20250715_mem_organelle,fish3,3.0,24.0,,960,20250715_mem_organelle,2025-07-15,2025-07-15,ef1a:2xLynk:tdmSG(J) (F2 of allele 301),ef1a:2xLynk:tdmSG(J) (F2 of allele 301),pDQM005,301,,,tdmSG,2xLynk,membrane,tdmSG::2xLynk,membrane,tdmSG(membrane)|Halo(ER)|mScarlet3S2(ER)|mScarlet3S2(mitochondria)|Halo(mitochondria),sheet,ef1a-extended:2xCox8A:mScarlet3S2|ef1a-extended:2xCox8A:Halo,ef1a-extended:Halo:sec61b|ef1a-extended:mScarlet3S2:sec61b,,JF 635
/clusterfs/vast/abcabc/Korra_Foundation/20250715_mem_organelle/fish4_24hpf_mem_mito_msc3_er_halo/roi1,20250715-plate43-slot4-roi1,20250715,43,4,1,20250715_mem_organelle,20250715_mem_organelle,fish4,4.0,24.0,,960,20250715_mem_organelle,2025-07-15,2025-07-15,ef1a:2xLynk:tdmSG(J) (F2 of allele 301),ef1a:2xLynk:tdmSG(J) (F2 of allele 301),pDQM005,301,,,tdmSG,2xLynk,membrane,tdmSG::2xLynk,membrane,tdmSG(membrane)|Halo(ER)|mScarlet3S2(ER)|mScarlet3S2(mitochondria)|Halo(mitochondria),sheet,ef1a-extended:2xCox8A:mScarlet3S2|ef1a-extended:2xCox8A:Halo,ef1a-extended:Halo:sec61b|ef1a-extended:mScarlet3S2:sec61b,,JF 635
/clusterfs/vast/abcabc/Korra_Foundation/20250715_mem_organelle/fish4_24hpf_mem_mito_msc3_er_halo/roi1,20250715-plate43-slot4-roi2,20250715,43,4,2,20250715_mem_organelle,20250715_mem_organelle,fish4,4.0,24.0,,960,20250715_mem_organelle,2025-07-15,2025-07-15,ef1a:2xLynk:tdmSG(J) (F2 of allele 301),ef1a:2xLynk:tdmSG(J) (F2 of allele 301),pDQM005,301,,,tdmSG,2xLynk,membrane,tdmSG::2xLynk,membrane,tdmSG(membrane)|Halo(ER)|mScarlet3S2(ER)|mScarlet3S2(mitochondria)|Halo(mitochondria),sheet,ef1a-extended:2xCox8A:mScarlet3S2|ef1a-extended:2xCox8A:Halo,ef1a-extended:Halo:sec61b|ef1a-extended:mScarlet3S2:sec61b,,JF 635
/clusterfs/vast/abcabc/Korra_Foundation/20250715_mem_organelle/fish4_24hpf_mem_mito_msc3_er_halo/roi2,20250715-plate43-slot4-roi3,20250715,43,4,3,20250715_mem_organelle,20250715_mem_organelle,fish4,4.0,24.0,,960,20250715_mem_organelle,2025-07-15,2025-07-15,ef1a:2xLynk:tdmSG(J) (F2 of allele 301),ef1a:2xLynk:tdmSG(J) (F2 of allele 301),pDQM005,301,,,tdmSG,2xLynk,membrane,tdmSG::2xLynk,membrane,tdmSG(membrane)|Halo(ER)|mScarlet3S2(ER)|mScarlet3S2(mitochondria)|Halo(mitochondria),sheet,ef1a-extended:2xCox8A:mScarlet3S2|ef1a-extended:2xCox8A:Halo,ef1a-extended:Halo:sec61b|ef1a-extended:mScarlet3S2:sec61b,,JF 635
/clusterfs/vast/abcabc/Korra_Foundation/20250715_mem_organelle/fish4_24hpf_mem_mito_msc3_er_halo/roi2,20250715-plate43-slot4-roi4,20250715,43,4,4,20250715_mem_organelle,20250715_mem_organelle,fish4,4.0,24.0,,960,20250715_mem_organelle,2025-07-15,2025-07-15,ef1a:2xLynk:tdmSG(J) (F2 of allele 301),ef1a:2xLynk:tdmSG(J) (F2 of allele 301),pDQM005,301,,,tdmSG,2xLynk,membrane,tdmSG::2xLynk,membrane,tdmSG(membrane)|Halo(ER)|mScarlet3S2(ER)|mScarlet3S2(mitochondria)|Halo(mitochondria),sheet,ef1a-extended:2xCox8A:mScarlet3S2|ef1a-extended:2xCox8A:Halo,ef1a-extended:Halo:sec61b|ef1a-extended:mScarlet3S2:sec61b,,JF 635
/clusterfs/vast/abcabc/Korra_Foundation/20250715_mem_organelle/fish4_24hpf_mem_mito_msc3_er_halo/roi3,20250715-plate43-slot4-roi5,20250715,43,4,5,20250715_mem_organelle,20250715_mem_organelle,fish4,4.0,24.0,,960,20250715_mem_organelle,2025-07-15,2025-07-15,ef1a:2xLynk:tdmSG(J) (F2 of allele 301),ef1a:2xLynk:tdmSG(J) (F2 of allele 301),pDQM005,301,,,tdmSG,2xLynk,membrane,tdmSG::2xLynk,membrane,tdmSG(membrane)|Halo(ER)|mScarlet3S2(ER)|mScarlet3S2(mitochondria)|Halo(mitochondria),sheet,ef1a-extended:2xCox8A:mScarlet3S2|ef1a-extended:2xCox8A:Halo,ef1a-extended:Halo:sec61b|ef1a-extended:mScarlet3S2:sec61b,,JF 635
/clusterfs/vast/abcabc/Korra_Foundation/20250715_mem_organelle/fish4_24hpf_mem_mito_msc3_er_halo/roi3,20250715-plate43-slot4-roi6,20250715,43,4,6,20250715_mem_organelle,20250715_mem_organelle,fish4,4.0,24.0,,960,20250715_mem_organelle,2025-07-15,2025-07-15,ef1a:2xLynk:tdmSG(J) (F2 of allele 301),ef1a:2xLynk:tdmSG(J) (F2 of allele 301),pDQM005,301,,,tdmSG,2xLynk,membrane,tdmSG::2xLynk,membrane,tdmSG(membrane)|Halo(ER)|mScarlet3S2(ER)|mScarlet3S2(mitochondria)|Halo(mitochondria),sheet,ef1a-extended:2xCox8A:mScarlet3S2|ef1a-extended:2xCox8A:Halo,ef1a-extended:Halo:sec61b|ef1a-extended:mScarlet3S2:sec61b,,JF 635
/clusterfs/vast/abcabc/Korra_Foundation/20250715_mem_organelle/fish5_48hpf_mem_mito_halo_er_msc2/roi1,20250715-plate43-slot5-roi1,20250715,43,5,1,20250715_mem_organelle,20250715_mem_organelle,fish5,5.0,48.0,,1329,20250715_mem_organelle,2025-07-15,2025-07-15,ef1a:2xLynk:tdmSG(J) (F2 of allele 301),ef1a:2xLynk:tdmSG(J) (F2 of allele 301),pDQM005,301,,,tdmSG,2xLynk,membrane,tdmSG::2xLynk,membrane,tdmSG(membrane)|Halo(ER)|mScarlet3S2(ER)|mScarlet3S2(mitochondria)|Halo(mitochondria),sheet,ef1a-extended:2xCox8A:mScarlet3S2|ef1a-extended:2xCox8A:Halo,ef1a-extended:Halo:sec61b|ef1a-extended:mScarlet3S2:sec61b,,JF 635
/clusterfs/vast/abcabc/Korra_Foundation/20250715_mem_organelle/fish5_48hpf_mem_mito_halo_er_msc2/roi1,20250715-plate43-slot5-roi2,20250715,43,5,2,20250715_mem_organelle,20250715_mem_organelle,fish5,5.0,48.0,,1329,20250715_mem_organelle,2025-07-15,2025-07-15,ef1a:2xLynk:tdmSG(J) (F2 of allele 301),ef1a:2xLynk:tdmSG(J) (F2 of allele 301),pDQM005,301,,,tdmSG,2xLynk,membrane,tdmSG::2xLynk,membrane,tdmSG(membrane)|Halo(ER)|mScarlet3S2(ER)|mScarlet3S2(mitochondria)|Halo(mitochondria),sheet,ef1a-extended:2xCox8A:mScarlet3S2|ef1a-extended:2xCox8A:Halo,ef1a-extended:Halo:sec61b|ef1a-extended:mScarlet3S2:sec61b,,JF 635
/clusterfs/vast/abcabc/Korra_Foundation/20250715_mem_organelle/fish5_48hpf_mem_mito_halo_er_msc2/roi2,20250715-plate43-slot5-roi3,20250715,43,5,3,20250715_mem_organelle,20250715_mem_organelle,fish5,5.0,48.0,,1300,20250715_mem_organelle,2025-07-15,2025-07-15,ef1a:2xLynk:tdmSG(J) (F2 of allele 301),ef1a:2xLynk:tdmSG(J) (F2 of allele 301),pDQM005,301,,,tdmSG,2xLynk,membrane,tdmSG::2xLynk,membrane,tdmSG(membrane)|Halo(ER)|mScarlet3S2(ER)|mScarlet3S2(mitochondria)|Halo(mitochondria),sheet,ef1a-extended:2xCox8A:mScarlet3S2|ef1a-extended:2xCox8A:Halo,ef1a-extended:Halo:sec61b|ef1a-extended:mScarlet3S2:sec61b,,JF 635
/clusterfs/vast/abcabc/Korra_Foundation/20250715_mem_organelle/fish5_48hpf_mem_mito_halo_er_msc2/roi2,20250715-plate43-slot5-roi4,20250715,43,5,4,20250715_mem_organelle,20250715_mem_organelle,fish5,5.0,48.0,,1300,20250715_mem_organelle,2025-07-15,2025-07-15,ef1a:2xLynk:tdmSG(J) (F2 of allele 301),ef1a:2xLynk:tdmSG(J) (F2 of allele 301),pDQM005,301,,,tdmSG,2xLynk,membrane,tdmSG::2xLynk,membrane,tdmSG(membrane)|Halo(ER)|mScarlet3S2(ER)|mScarlet3S2(mitochondria)|Halo(mitochondria),sheet,ef1a-extended:2xCox8A:mScarlet3S2|ef1a-extended:2xCox8A:Halo,ef1a-extended:Halo:sec61b|ef1a-extended:mScarlet3S2:sec61b,,JF 635
/clusterfs/vast/abcabc/Korra_Foundation/20250715_mem_organelle/fish5_48hpf_mem_mito_halo_er_msc2/roi3,20250715-plate43-slot5-roi5,20250715,43,5,5,20250715_mem_organelle,20250715_mem_organelle,fish5,5.0,48.0,,1300,20250715_mem_organelle,2025-07-15,2025-07-15,ef1a:2xLynk:tdmSG(J) (F2 of allele 301),ef1a:2xLynk:tdmSG(J) (F2 of allele 301),pDQM005,301,,,tdmSG,2xLynk,membrane,tdmSG::2xLynk,membrane,tdmSG(membrane)|Halo(ER)|mScarlet3S2(ER)|mScarlet3S2(mitochondria)|Halo(mitochondria),sheet,ef1a-extended:2xCox8A:mScarlet3S2|ef1a-extended:2xCox8A:Halo,ef1a-extended:Halo:sec61b|ef1a-extended:mScarlet3S2:sec61b,,JF 635
/clusterfs/vast/abcabc/Korra_Foundation/20250715_mem_organelle/fish5_48hpf_mem_mito_halo_er_msc2/roi3,20250715-plate43-slot5-roi6,20250715,43,5,6,20250715_mem_organelle,20250715_mem_organelle,fish5,5.0,48.0,,1300,20250715_mem_organelle,2025-07-15,2025-07-15,ef1a:2xLynk:tdmSG(J) (F2 of allele 301),ef1a:2xLynk:tdmSG(J) (F2 of allele 301),pDQM005,301,,,tdmSG,2xLynk,membrane,tdmSG::2xLynk,membrane,tdmSG(membrane)|Halo(ER)|mScarlet3S2(ER)|mScarlet3S2(mitochondria)|Halo(mitochondria),sheet,ef1a-extended:2xCox8A:mScarlet3S2|ef1a-extended:2xCox8A:Halo,ef1a-extended:Halo:sec61b|ef1a-extended:mScarlet3S2:sec61b,,JF 635
/clusterfs/vast/abcabc/Korra_Foundation/20250715_mem_organelle/fish5_48hpf_mem_mito_halo_er_msc2/roi4,20250715-plate43-slot5-roi7,20250715,43,5,7,20250715_mem_organelle,20250715_mem_organelle,fish5,5.0,48.0,,1300,20250715_mem_organelle,2025-07-15,2025-07-15,ef1a:2xLynk:tdmSG(J) (F2 of allele 301),ef1a:2xLynk:tdmSG(J) (F2 of allele 301),pDQM005,301,,,tdmSG,2xLynk,membrane,tdmSG::2xLynk,membrane,tdmSG(membrane)|Halo(ER)|mScarlet3S2(ER)|mScarlet3S2(mitochondria)|Halo(mitochondria),sheet,ef1a-extended:2xCox8A:mScarlet3S2|ef1a-extended:2xCox8A:Halo,ef1a-extended:Halo:sec61b|ef1a-extended:mScarlet3S2:sec61b,,JF 635
/clusterfs/vast/abcabc/Korra_Foundation/20250715_mem_organelle/fish5_48hpf_mem_mito_halo_er_msc2/roi4,20250715-plate43-slot5-roi8,20250715,43,5,8,20250715_mem_organelle,20250715_mem_organelle,fish5,5.0,48.0,,1300,20250715_mem_organelle,2025-07-15,2025-07-15,ef1a:2xLynk:tdmSG(J) (F2 of allele 301),ef1a:2xLynk:tdmSG(J) (F2 of allele 301),pDQM005,301,,,tdmSG,2xLynk,membrane,tdmSG::2xLynk,membrane,tdmSG(membrane)|Halo(ER)|mScarlet3S2(ER)|mScarlet3S2(mitochondria)|Halo(mitochondria),sheet,ef1a-extended:2xCox8A:mScarlet3S2|ef1a-extended:2xCox8A:Halo,ef1a-extended:Halo:sec61b|ef1a-extended:mScarlet3S2:sec61b,,JF 635
/clusterfs/vast/abcabc/Korra_Foundation/20250715_mem_organelle/fish6_48hpf_mem_mito_halo_er_msc2/roi1,20250715-plate43-slot6-roi1,20250715,43,6,1,20250715_mem_organelle,20250715_mem_organelle,fish6,6.0,48.0,,1300,20250715_mem_organelle,2025-07-15,2025-07-15,ef1a:2xLynk:tdmSG(J) (F2 of allele 301),ef1a:2xLynk:tdmSG(J) (F2 of allele 301),pDQM005,301,,,tdmSG,2xLynk,membrane,tdmSG::2xLynk,membrane,tdmSG(membrane)|Halo(ER)|mScarlet3S2(ER)|mScarlet3S2(mitochondria)|Halo(mitochondria),sheet,ef1a-extended:2xCox8A:mScarlet3S2|ef1a-extended:2xCox8A:Halo,ef1a-extended:Halo:sec61b|ef1a-extended:mScarlet3S2:sec61b,,JF 635
/clusterfs/vast/abcabc/Korra_Foundation/20250715_mem_organelle/fish6_48hpf_mem_mito_halo_er_msc2/roi1,20250715-plate43-slot6-roi2,20250715,43,6,2,20250715_mem_organelle,20250715_mem_organelle,fish6,6.0,48.0,,1300,20250715_mem_organelle,2025-07-15,2025-07-15,ef1a:2xLynk:tdmSG(J) (F2 of allele 301),ef1a:2xLynk:tdmSG(J) (F2 of allele 301),pDQM005,301,,,tdmSG,2xLynk,membrane,tdmSG::2xLynk,membrane,tdmSG(membrane)|Halo(ER)|mScarlet3S2(ER)|mScarlet3S2(mitochondria)|Halo(mitochondria),sheet,ef1a-extended:2xCox8A:mScarlet3S2|ef1a-extended:2xCox8A:Halo,ef1a-extended:Halo:sec61b|ef1a-extended:mScarlet3S2:sec61b,,JF 635
/clusterfs/vast/abcabc/Korra_Foundation/20250715_mem_organelle/fish6_48hpf_mem_mito_halo_er_msc2/roi2,20250715-plate43-slot6-roi3,20250715,43,6,3,20250715_mem_organelle,20250715_mem_organelle,fish6,6.0,48.0,,1300,20250715_mem_organelle,2025-07-15,2025-07-15,ef1a:2xLynk:tdmSG(J) (F2 of allele 301),ef1a:2xLynk:tdmSG(J) (F2 of allele 301),pDQM005,301,,,tdmSG,2xLynk,membrane,tdmSG::2xLynk,membrane,tdmSG(membrane)|Halo(ER)|mScarlet3S2(ER)|mScarlet3S2(mitochondria)|Halo(mitochondria),sheet,ef1a-extended:2xCox8A:mScarlet3S2|ef1a-extended:2xCox8A:Halo,ef1a-extended:Halo:sec61b|ef1a-extended:mScarlet3S2:sec61b,,JF 635
/clusterfs/vast/abcabc/Korra_Foundation/20250715_mem_organelle/fish6_48hpf_mem_mito_halo_er_msc2/roi2,20250715-plate43-slot6-roi4,20250715,43,6,4,20250715_mem_organelle,20250715_mem_organelle,fish6,6.0,48.0,,1300,20250715_mem_organelle,2025-07-15,2025-07-15,ef1a:2xLynk:tdmSG(J) (F2 of allele 301),ef1a:2xLynk:tdmSG(J) (F2 of allele 301),pDQM005,301,,,tdmSG,2xLynk,membrane,tdmSG::2xLynk,membrane,tdmSG(membrane)|Halo(ER)|mScarlet3S2(ER)|mScarlet3S2(mitochondria)|Halo(mitochondria),sheet,ef1a-extended:2xCox8A:mScarlet3S2|ef1a-extended:2xCox8A:Halo,ef1a-extended:Halo:sec61b|ef1a-extended:mScarlet3S2:sec61b,,JF 635
/clusterfs/vast/abcabc/Korra_Foundation/20250715_mem_organelle/fish6_48hpf_mem_mito_halo_er_msc2/roi3,20250715-plate43-slot6-roi5,20250715,43,6,5,20250715_mem_organelle,20250715_mem_organelle,fish6,6.0,48.0,,1300,20250715_mem_organelle,2025-07-15,2025-07-15,ef1a:2xLynk:tdmSG(J) (F2 of allele 301),ef1a:2xLynk:tdmSG(J) (F2 of allele 301),pDQM005,301,,,tdmSG,2xLynk,membrane,tdmSG::2xLynk,membrane,tdmSG(membrane)|Halo(ER)|mScarlet3S2(ER)|mScarlet3S2(mitochondria)|Halo(mitochondria),sheet,ef1a-extended:2xCox8A:mScarlet3S2|ef1a-extended:2xCox8A:Halo,ef1a-extended:Halo:sec61b|ef1a-extended:mScarlet3S2:sec61b,,JF 635
/clusterfs/vast/abcabc/Korra_Foundation/20250715_mem_organelle/fish6_48hpf_mem_mito_halo_er_msc2/roi3,20250715-plate43-slot6-roi6,20250715,43,6,6,20250715_mem_organelle,20250715_mem_organelle,fish6,6.0,48.0,,1300,20250715_mem_organelle,2025-07-15,2025-07-15,ef1a:2xLynk:tdmSG(J) (F2 of allele 301),ef1a:2xLynk:tdmSG(J) (F2 of allele 301),pDQM005,301,,,tdmSG,2xLynk,membrane,tdmSG::2xLynk,membrane,tdmSG(membrane)|Halo(ER)|mScarlet3S2(ER)|mScarlet3S2(mitochondria)|Halo(mitochondria),sheet,ef1a-extended:2xCox8A:mScarlet3S2|ef1a-extended:2xCox8A:Halo,ef1a-extended:Halo:sec61b|ef1a-extended:mScarlet3S2:sec61b,,JF 635
/clusterfs/vast/abcabc/Korra_Foundation/20250715_mem_organelle/fish6_48hpf_mem_mito_halo_er_msc2/roi4,20250715-plate43-slot6-roi7,20250715,43,6,7,20250715_mem_organelle,20250715_mem_organelle,fish6,6.0,48.0,,1300,20250715_mem_organelle,2025-07-15,2025-07-15,ef1a:2xLynk:tdmSG(J) (F2 of allele 301),ef1a:2xLynk:tdmSG(J) (F2 of allele 301),pDQM005,301,,,tdmSG,2xLynk,membrane,tdmSG::2xLynk,membrane,tdmSG(membrane)|Halo(ER)|mScarlet3S2(ER)|mScarlet3S2(mitochondria)|Halo(mitochondria),sheet,ef1a-extended:2xCox8A:mScarlet3S2|ef1a-extended:2xCox8A:Halo,ef1a-extended:Halo:sec61b|ef1a-extended:mScarlet3S2:sec61b,,JF 635
/clusterfs/vast/abcabc/Korra_Foundation/20250715_mem_organelle/fish6_48hpf_mem_mito_halo_er_msc2/roi4,20250715-plate43-slot6-roi8,20250715,43,6,8,20250715_mem_organelle,20250715_mem_organelle,fish6,6.0,48.0,,1300,20250715_mem_organelle,2025-07-15,2025-07-15,ef1a:2xLynk:tdmSG(J) (F2 of allele 301),ef1a:2xLynk:tdmSG(J) (F2 of allele 301),pDQM005,301,,,tdmSG,2xLynk,membrane,tdmSG::2xLynk,membrane,tdmSG(membrane)|Halo(ER)|mScarlet3S2(ER)|mScarlet3S2(mitochondria)|Halo(mitochondria),sheet,ef1a-extended:2xCox8A:mScarlet3S2|ef1a-extended:2xCox8A:Halo,ef1a-extended:Halo:sec61b|ef1a-extended:mScarlet3S2:sec61b,,JF 635
/clusterfs/vast/abcabc/Korra_Foundation/20250715_mem_organelle/fish6_48hpf_mem_mito_halo_er_msc2/roi5,20250715-plate43-slot6-roi9,20250715,43,6,9,20250715_mem_organelle,20250715_mem_organelle,fish6,6.0,48.0,,1300,20250715_mem_organelle,2025-07-15,2025-07-15,ef1a:2xLynk:tdmSG(J) (F2 of allele 301),ef1a:2xLynk:tdmSG(J) (F2 of allele 301),pDQM005,301,,,tdmSG,2xLynk,membrane,tdmSG::2xLynk,membrane,tdmSG(membrane)|Halo(ER)|mScarlet3S2(ER)|mScarlet3S2(mitochondria)|Halo(mitochondria),sheet,ef1a-extended:2xCox8A:mScarlet3S2|ef1a-extended:2xCox8A:Halo,ef1a-extended:Halo:sec61b|ef1a-extended:mScarlet3S2:sec61b,,JF 635
/clusterfs/vast/abcabc/Korra_Foundation/20250715_mem_organelle/fish6_48hpf_mem_mito_halo_er_msc2/roi5,20250715-plate43-slot6-roi10,20250715,43,6,10,20250715_mem_organelle,20250715_mem_organelle,fish6,6.0,48.0,,1300,20250715_mem_organelle,2025-07-15,2025-07-15,ef1a:2xLynk:tdmSG(J) (F2 of allele 301),ef1a:2xLynk:tdmSG(J) (F2 of allele 301),pDQM005,301,,,tdmSG,2xLynk,membrane,tdmSG::2xLynk,membrane,tdmSG(membrane)|Halo(ER)|mScarlet3S2(ER)|mScarlet3S2(mitochondria)|Halo(mitochondria),sheet,ef1a-extended:2xCox8A:mScarlet3S2|ef1a-extended:2xCox8A:Halo,ef1a-extended:Halo:sec61b|ef1a-extended:mScarlet3S2:sec61b,,JF 635
/clusterfs/vast/abcabc/Korra_Foundation/20250715_mem_organelle/fish7_48hpf_mem_mito_halo_er_msc2/roi1,20250715-plate44-slot1-roi1,20250715,44,1,1,20250715_mem_organelle,20250715_mem_organelle,fish7,7.0,48.0,,1300,20250715_mem_organelle,2025-07-15,2025-07-15,ef1a:2xLynk:tdmSG(J) (F2 of allele 301),ef1a:2xLynk:tdmSG(J) (F2 of allele 301),pDQM005,301,,,tdmSG,2xLynk,membrane,tdmSG::2xLynk,membrane,tdmSG(membrane)|Halo(ER)|mScarlet3S2(ER)|mScarlet3S2(mitochondria)|Halo(mitochondria),sheet,ef1a-extended:2xCox8A:mScarlet3S2|ef1a-extended:2xCox8A:Halo,ef1a-extended:Halo:sec61b|ef1a-extended:mScarlet3S2:sec61b,,JF 635
/clusterfs/vast/abcabc/Korra_Foundation/20250715_mem_organelle/fish7_48hpf_mem_mito_halo_er_msc2/roi1,20250715-plate44-slot1-roi2,20250715,44,1,2,20250715_mem_organelle,20250715_mem_organelle,fish7,7.0,48.0,,1300,20250715_mem_organelle,2025-07-15,2025-07-15,ef1a:2xLynk:tdmSG(J) (F2 of allele 301),ef1a:2xLynk:tdmSG(J) (F2 of allele 301),pDQM005,301,,,tdmSG,2xLynk,membrane,tdmSG::2xLynk,membrane,tdmSG(membrane)|Halo(ER)|mScarlet3S2(ER)|mScarlet3S2(mitochondria)|Halo(mitochondria),sheet,ef1a-extended:2xCox8A:mScarlet3S2|ef1a-extended:2xCox8A:Halo,ef1a-extended:Halo:sec61b|ef1a-extended:mScarlet3S2:sec61b,,JF 635
/clusterfs/vast/abcabc/Korra_Foundation/20250715_mem_organelle/fish8_72hpf_mem_mito_msc3_er_halo/roi1,20250715-plate44-slot2-roi1,20250715,44,2,1,20250715_mem_organelle,20250715_mem_organelle,fish8,8.0,72.0,,1300,20250715_mem_organelle,2025-07-15,2025-07-15,ef1a:2xLynk:tdmSG(J) (F2 of allele 301),ef1a:2xLynk:tdmSG(J) (F2 of allele 301),pDQM005,301,,,tdmSG,2xLynk,membrane,tdmSG::2xLynk,membrane,tdmSG(membrane)|Halo(ER)|mScarlet3S2(ER)|mScarlet3S2(mitochondria)|Halo(mitochondria),sheet,ef1a-extended:2xCox8A:mScarlet3S2|ef1a-extended:2xCox8A:Halo,ef1a-extended:Halo:sec61b|ef1a-extended:mScarlet3S2:sec61b,,JF 635
/clusterfs/vast/abcabc/Korra_Foundation/20250715_mem_organelle/fish8_72hpf_mem_mito_msc3_er_halo/roi1,20250715-plate44-slot2-roi2,20250715,44,2,2,20250715_mem_organelle,20250715_mem_organelle,fish8,8.0,72.0,,1300,20250715_mem_organelle,2025-07-15,2025-07-15,ef1a:2xLynk:tdmSG(J) (F2 of allele 301),ef1a:2xLynk:tdmSG(J) (F2 of allele 301),pDQM005,301,,,tdmSG,2xLynk,membrane,tdmSG::2xLynk,membrane,tdmSG(membrane)|Halo(ER)|mScarlet3S2(ER)|mScarlet3S2(mitochondria)|Halo(mitochondria),sheet,ef1a-extended:2xCox8A:mScarlet3S2|ef1a-extended:2xCox8A:Halo,ef1a-extended:Halo:sec61b|ef1a-extended:mScarlet3S2:sec61b,,JF 635
/clusterfs/vast/abcabc/Korra_Foundation/20250715_mem_organelle/fish8_72hpf_mem_mito_msc3_er_halo/roi2,20250715-plate44-slot2-roi3,20250715,44,2,3,20250715_mem_organelle,20250715_mem_organelle,fish8,8.0,72.0,,1300,20250715_mem_organelle,2025-07-15,2025-07-15,ef1a:2xLynk:tdmSG(J) (F2 of allele 301),ef1a:2xLynk:tdmSG(J) (F2 of allele 301),pDQM005,301,,,tdmSG,2xLynk,membrane,tdmSG::2xLynk,membrane,tdmSG(membrane)|Halo(ER)|mScarlet3S2(ER)|mScarlet3S2(mitochondria)|Halo(mitochondria),sheet,ef1a-extended:2xCox8A:mScarlet3S2|ef1a-extended:2xCox8A:Halo,ef1a-extended:Halo:sec61b|ef1a-extended:mScarlet3S2:sec61b,,JF 635
/clusterfs/vast/abcabc/Korra_Foundation/20250715_mem_organelle/fish8_72hpf_mem_mito_msc3_er_halo/roi2,20250715-plate44-slot2-roi4,20250715,44,2,4,20250715_mem_organelle,20250715_mem_organelle,fish8,8.0,72.0,,1300,20250715_mem_organelle,2025-07-15,2025-07-15,ef1a:2xLynk:tdmSG(J) (F2 of allele 301),ef1a:2xLynk:tdmSG(J) (F2 of allele 301),pDQM005,301,,,tdmSG,2xLynk,membrane,tdmSG::2xLynk,membrane,tdmSG(membrane)|Halo(ER)|mScarlet3S2(ER)|mScarlet3S2(mitochondria)|Halo(mitochondria),sheet,ef1a-extended:2xCox8A:mScarlet3S2|ef1a-extended:2xCox8A:Halo,ef1a-extended:Halo:sec61b|ef1a-extended:mScarlet3S2:sec61b,,JF 635
/clusterfs/vast/abcabc/Korra_Foundation/20250715_mem_organelle/fish8_72hpf_mem_mito_msc3_er_halo/roi3,20250715-plate44-slot2-roi5,20250715,44,2,5,20250715_mem_organelle,20250715_mem_organelle,fish8,8.0,72.0,,1300,20250715_mem_organelle,2025-07-15,2025-07-15,ef1a:2xLynk:tdmSG(J) (F2 of allele 301),ef1a:2xLynk:tdmSG(J) (F2 of allele 301),pDQM005,301,,,tdmSG,2xLynk,membrane,tdmSG::2xLynk,membrane,tdmSG(membrane)|Halo(ER)|mScarlet3S2(ER)|mScarlet3S2(mitochondria)|Halo(mitochondria),sheet,ef1a-extended:2xCox8A:mScarlet3S2|ef1a-extended:2xCox8A:Halo,ef1a-extended:Halo:sec61b|ef1a-extended:mScarlet3S2:sec61b,,JF 635
/clusterfs/vast/abcabc/Korra_Foundation/20250715_mem_organelle/fish8_72hpf_mem_mito_msc3_er_halo/roi3,20250715-plate44-slot2-roi6,20250715,44,2,6,20250715_mem_organelle,20250715_mem_organelle,fish8,8.0,72.0,,1300,20250715_mem_organelle,2025-07-15,2025-07-15,ef1a:2xLynk:tdmSG(J) (F2 of allele 301),ef1a:2xLynk:tdmSG(J) (F2 of allele 301),pDQM005,301,,,tdmSG,2xLynk,membrane,tdmSG::2xLynk,membrane,tdmSG(membrane)|Halo(ER)|mScarlet3S2(ER)|mScarlet3S2(mitochondria)|Halo(mitochondria),sheet,ef1a-extended:2xCox8A:mScarlet3S2|ef1a-extended:2xCox8A:Halo,ef1a-extended:Halo:sec61b|ef1a-extended:mScarlet3S2:sec61b,,JF 635
/clusterfs/vast/abcabc/Korra_Foundation/20250723_mem-halo_ER-mSG/fish3_48hpf/roi1_mb,20250723-plate45-slot1-roi1,20250723,45,1,1,20250723_mem-halo_ER-mSG,20250723_mem-halo_ER-mSG,fish3,3.0,48.0,mb,65,20250723_mem-halo_ER-mSG,2025-07-23,2025-07-23,membrane Halo,membrane Halo,pSWIN01,is01,,,nan,nan,nan,,nan,mStayGold(ER),sheet,,mSG:sec61b,,JF 635
/clusterfs/vast/abcabc/Korra_Foundation/20250723_mem-halo_ER-mSG/fish3_48hpf/roi2,20250723-plate45-slot1-roi2,20250723,45,1,2,20250723_mem-halo_ER-mSG,20250723_mem-halo_ER-mSG,fish3,3.0,48.0,,81,20250723_mem-halo_ER-mSG,2025-07-23,2025-07-23,membrane Halo,membrane Halo,pSWIN01,is01,,,nan,nan,nan,,nan,mStayGold(ER),sheet,,mSG:sec61b,,JF 635
/clusterfs/vast/abcabc/Korra_Foundation/20250723_mem-halo_ER-mSG/fish3_48hpf/roi3,20250723-plate45-slot1-roi3,20250723,45,1,3,20250723_mem-halo_ER-mSG,20250723_mem-halo_ER-mSG,fish3,3.0,48.0,,227,20250723_mem-halo_ER-mSG,2025-07-23,2025-07-23,membrane Halo,membrane Halo,pSWIN01,is01,,,nan,nan,nan,,nan,mStayGold(ER),sheet,,mSG:sec61b,,JF 635
/clusterfs/vast/abcabc/Korra_Foundation/20250723_mem-halo_ER-mSG/fish3_48hpf/roi4,20250723-plate45-slot1-roi4,20250723,45,1,4,20250723_mem-halo_ER-mSG,20250723_mem-halo_ER-mSG,fish3,3.0,48.0,,243,20250723_mem-halo_ER-mSG,2025-07-23,2025-07-23,membrane Halo,membrane Halo,pSWIN01,is01,,,nan,nan,nan,,nan,mStayGold(ER),sheet,,mSG:sec61b,,JF 635
/clusterfs/vast/abcabc/Korra_Foundation/20250723_mem-halo_ER-mSG/fish3_48hpf/roi5,20250723-plate45-slot1-roi5,20250723,45,1,5,20250723_mem-halo_ER-mSG,20250723_mem-halo_ER-mSG,fish3,3.0,48.0,,243,20250723_mem-halo_ER-mSG,2025-07-23,2025-07-23,membrane Halo,membrane Halo,pSWIN01,is01,,,nan,nan,nan,,nan,mStayGold(ER),sheet,,mSG:sec61b,,JF 635
/clusterfs/vast/abcabc/Korra_Foundation/20250723_mem-halo_ER-mSG/fish3_48hpf/roi6,20250723-plate45-slot1-roi6,20250723,45,1,6,20250723_mem-halo_ER-mSG,20250723_mem-halo_ER-mSG,fish3,3.0,48.0,,243,20250723_mem-halo_ER-mSG,2025-07-23,2025-07-23,membrane Halo,membrane Halo,pSWIN01,is01,,,nan,nan,nan,,nan,mStayGold(ER),sheet,,mSG:sec61b,,JF 635
/clusterfs/vast/abcabc/Korra_Foundation/20250724_mem-mchilada_er-mSG/fish1_24hpf/roi1,20250724-plate46-slot1-roi1,20250724,46,1,1,20250724_mem-mchilada_er-mSG,20250724_mem-mchilada_er-mSG,fish1,1.0,24.0,,97,20250724_mem-mchilada_er-mSG,2025-07-24,2025-07-24,membrane mChilada,membrane mChilada,pDQM082,315,,,tdmChilada,2xLynk,membrane,tdmChilada::2xLynk,membrane,tdmChilada(membrane)|mStayGold(ER),sheet,,mSG:sec61b,,
/clusterfs/vast/abcabc/Korra_Foundation/20250724_mem-mchilada_er-mSG/fish1_24hpf/roi1_2,20250724-plate46-slot1-roi2,20250724,46,1,2,20250724_mem-mchilada_er-mSG,20250724_mem-mchilada_er-mSG,fish1,1.0,24.0,,579,20250724_mem-mchilada_er-mSG,2025-07-24,2025-07-24,membrane mChilada,membrane mChilada,pDQM082,315,,,tdmChilada,2xLynk,membrane,tdmChilada::2xLynk,membrane,tdmChilada(membrane)|mStayGold(ER),sheet,,mSG:sec61b,,
/clusterfs/vast/abcabc/Korra_Foundation/20250724_mem-mchilada_er-mSG/fish1_24hpf/roi1_3,20250724-plate46-slot1-roi3,20250724,46,1,3,20250724_mem-mchilada_er-mSG,20250724_mem-mchilada_er-mSG,fish1,1.0,24.0,,579,20250724_mem-mchilada_er-mSG,2025-07-24,2025-07-24,membrane mChilada,membrane mChilada,pDQM082,315,,,tdmChilada,2xLynk,membrane,tdmChilada::2xLynk,membrane,tdmChilada(membrane)|mStayGold(ER),sheet,,mSG:sec61b,,
/clusterfs/vast/abcabc/Korra_Foundation/20250724_mem-mchilada_er-mSG/fish1_24hpf/roi2,20250724-plate46-slot1-roi4,20250724,46,1,4,20250724_mem-mchilada_er-mSG,20250724_mem-mchilada_er-mSG,fish1,1.0,24.0,,963,20250724_mem-mchilada_er-mSG,2025-07-24,2025-07-24,membrane mChilada,membrane mChilada,pDQM082,315,,,tdmChilada,2xLynk,membrane,tdmChilada::2xLynk,membrane,tdmChilada(membrane)|mStayGold(ER),sheet,,mSG:sec61b,,
/clusterfs/vast/abcabc/Korra_Foundation/20250728_mem-histone/fish1_roi1,20250728-plate47-slot1-roi1,20250728,47,1,1,20250728_mem-histone,20250728_mem-histone,fish1,1.0,,,2160,20250728_mem-histone,2025-07-28,2025-07-28,ef1a:2xLynk:tdmSG(J) (F2 of allele 301),ef1a:2xLynk:tdmSG(J) (F2 of allele 301),pDQM005,301,,,tdmSG,2xLynk,membrane,tdmSG::2xLynk,membrane,tdmSG(membrane)|tdmChilada(nucleus),sheet,,tdmChilada:PCNA,,
/clusterfs/vast/abcabc/Korra_Foundation/20250728_mem-histone/fish1_roi2,20250728-plate47-slot1-roi2,20250728,47,1,2,20250728_mem-histone,20250728_mem-histone,fish1,1.0,,,2400,20250728_mem-histone,2025-07-28,2025-07-28,ef1a:2xLynk:tdmSG(J) (F2 of allele 301),ef1a:2xLynk:tdmSG(J) (F2 of allele 301),pDQM005,301,,,tdmSG,2xLynk,membrane,tdmSG::2xLynk,membrane,tdmSG(membrane)|tdmChilada(nucleus),sheet,,tdmChilada:PCNA,,
/clusterfs/vast/abcabc/Korra_Foundation/20250801_mem-PCNA/fish1_roi1,20250801-plate48-slot1-roi1,20250801,48,1,1,20250801_mem-PCNA,20250801_mem-PCNA,fish1,1.0,,,1344,20250801_mem-PCNA,2025-08-01,2025-08-01,ef1a:2xLynk:tdmSG(J) (F2 of allele 301),ef1a:2xLynk:tdmSG(J) (F2 of allele 301),pDQM005,301,,,tdmSG,2xLynk,membrane,tdmSG::2xLynk,membrane,tdmSG(membrane)|tdmChilada(nucleus),sheet,,tdmChilada:PCNA,,
/clusterfs/vast/abcabc/Korra_Foundation/20250801_mem-PCNA/fish2_roi1,20250801-plate48-slot2-roi1,20250801,48,2,1,20250801_mem-PCNA,20250801_mem-PCNA,fish2,2.0,,,1104,20250801_mem-PCNA,2025-08-01,2025-08-01,ef1a:2xLynk:tdmSG(J) (F2 of allele 301),ef1a:2xLynk:tdmSG(J) (F2 of allele 301),pDQM005,301,,,tdmSG,2xLynk,membrane,tdmSG::2xLynk,membrane,tdmSG(membrane)|tdmChilada(nucleus),sheet,,tdmChilada:PCNA,,
/clusterfs/vast/abcabc/Korra_Foundation/20250801_mem-PCNA/fish3_72hpf_roi1,20250801-plate48-slot3-roi1,20250801,48,3,1,20250801_mem-PCNA,20250801_mem-PCNA,fish3,3.0,72.0,,6226,20250801_mem-PCNA,2025-08-01,2025-08-01,ef1a:2xLynk:tdmSG(J) (F2 of allele 301),ef1a:2xLynk:tdmSG(J) (F2 of allele 301),pDQM005,301,,,tdmSG,2xLynk,membrane,tdmSG::2xLynk,membrane,tdmSG(membrane)|tdmChilada(nucleus),sheet,,tdmChilada:PCNA,,
/clusterfs/vast/abcabc/Korra_Foundation/20250801_mem-histone/fish1_roi1,20250801-plate49-slot1-roi1,20250801,49,1,1,20250801_mem-histone,20250801_mem-histone,fish1,1.0,,,300,20250801_mem-histone,2025-08-01,2025-08-01,,,,,,,,,,,,,inferred,,,,
/clusterfs/vast/abcabc/Korra_Foundation/20251007_mem-histone/fish1_48hpf_roi1,20251007-plate50-slot1-roi1,20251007,50,1,1,20251007_mem-histone,20251007_mem-histone,fish1,1.0,48.0,,82,20251007_mem-histone,2025-10-07,2025-10-07,,,,,,,,,,,,,inferred,,,,
/clusterfs/vast/abcabc/Korra_Foundation/20251007_mem-histone/fish1_48hpf_roi1_test,20251007-plate50-slot1-roi2,20251007,50,1,2,20251007_mem-histone,20251007_mem-histone,fish1,1.0,48.0,test,12,20251007_mem-histone,2025-10-07,2025-10-07,,,,,,,,,,,,,inferred,,,,
/clusterfs/vast/abcabc/Korra_Foundation/20251007_mem-histone/fish1_48hpf_roi1test,20251007-plate50-slot1-roi3,20251007,50,1,3,20251007_mem-histone,20251007_mem-histone,fish1,1.0,48.0,fish1|roi1test,18,20251007_mem-histone,2025-10-07,2025-10-07,,,,,,,,,,,,,inferred,,,,
/clusterfs/vast/abcabc/Korra_Foundation/20251007_mem-histone/fish3_48hpf_roi1,20251007-plate50-slot2-roi1,20251007,50,2,1,20251007_mem-histone,20251007_mem-histone,fish3,3.0,48.0,,2880,20251007_mem-histone,2025-10-07,2025-10-07,,,,,,,,,,,,,inferred,,,,
/clusterfs/vast/abcabc/Korra_Foundation/20251007_mem-histone/fish3_48hpf_roi1_test,20251007-plate50-slot2-roi2,20251007,50,2,2,20251007_mem-histone,20251007_mem-histone,fish3,3.0,48.0,test,16,20251007_mem-histone,2025-10-07,2025-10-07,,,,,,,,,,,,,inferred,,,,
/clusterfs/vast/abcabc/Korra_Foundation/20251007_mem-histone/fish3_48hpf_roi2,20251007-plate50-slot2-roi3,20251007,50,2,3,20251007_mem-histone,20251007_mem-histone,fish3,3.0,48.0,,2304,20251007_mem-histone,2025-10-07,2025-10-07,,,,,,,,,,,,,inferred,,,,
/clusterfs/vast/abcabc/Korra_Foundation/20251007_mem-histone/fish3_48hpf_roi2_test,20251007-plate50-slot2-roi4,20251007,50,2,4,20251007_mem-histone,20251007_mem-histone,fish3,3.0,48.0,test,52,20251007_mem-histone,2025-10-07,2025-10-07,,,,,,,,,,,,,inferred,,,,
/clusterfs/vast/abcabc/Korra_Foundation/20251009_skittlez/fish1_roi1,20251009-plate51-slot1-roi1,20251009,51,1,1,20251009_skittlez,20251009_skittlez,fish1,1.0,,,22,20251009_skittlez,2025-10-09,2025-10-09,,,,,,,,,,,,,inferred,,,,
/clusterfs/vast/abcabc/Korra_Foundation/20251010_mem-histone/fish1_24hpf_roi1,20251010-plate52-slot1-roi1,20251010,52,1,1,20251010_mem-histone,20251010_mem-histone,fish1,1.0,24.0,,9216,20251010_mem-histone,2025-10-10,2025-10-10,ef1a:2xLynk:tdmSG(J) (F1 of allele 301),tdmScarlet3S2:H2B-tol2 (F1 of allele 324),pDQM005|pDQM133,301|324,,,tdmSG|tdmScarlet3,2xLynk|H2B,membrane|histone,tdmSG::2xLynk|tdmScarlet3::H2B,membrane|histone,tdmSG(membrane)|tdmScarlet3(histone),sheet,,,,
/clusterfs/vast/abcabc/Korra_Foundation/20251013_mem-histone/fish1_96hpf_roi0_test,20251013-plate53-slot1-roi1,20251013,53,1,1,20251013_mem-histone,20251013_mem-histone,fish1,1.0,96.0,test,2986,20251013_mem-histone,2025-10-13,2025-10-13,ef1a:2xLynk:tdmSG(J) (F1 of allele 301),tdmScarlet3S2:H2B-tol2 (F1 of allele 324),pDQM005|pDQM133,301|324,,,tdmSG|tdmScarlet3,2xLynk|H2B,membrane|histone,tdmSG::2xLynk|tdmScarlet3::H2B,membrane|histone,tdmSG(membrane)|tdmScarlet3(histone),sheet,,,,
/clusterfs/vast/abcabc/Korra_Foundation/20251013_mem-histone/fish1_96hpf_roi0_test,20251013-plate53-slot1-roi2,20251013,53,1,2,20251013_mem-histone,20251013_mem-histone,fish1,1.0,96.0,test,2986,20251013_mem-histone,2025-10-13,2025-10-13,ef1a:2xLynk:tdmSG(J) (F1 of allele 301),tdmScarlet3S2:H2B-tol2 (F1 of allele 324),pDQM005|pDQM133,301|324,,,tdmSG|tdmScarlet3,2xLynk|H2B,membrane|histone,tdmSG::2xLynk|tdmScarlet3::H2B,membrane|histone,tdmSG(membrane)|tdmScarlet3(histone),sheet,,,,
/clusterfs/vast/abcabc/Korra_Foundation/20251013_mem-histone/fish1_96hpf_roi1,20251013-plate53-slot1-roi3,20251013,53,1,3,20251013_mem-histone,20251013_mem-histone,fish1,1.0,96.0,,2880,20251013_mem-histone,2025-10-13,2025-10-13,ef1a:2xLynk:tdmSG(J) (F1 of allele 301),tdmScarlet3S2:H2B-tol2 (F1 of allele 324),pDQM005|pDQM133,301|324,,,tdmSG|tdmScarlet3,2xLynk|H2B,membrane|histone,tdmSG::2xLynk|tdmScarlet3::H2B,membrane|histone,tdmSG(membrane)|tdmScarlet3(histone),sheet,,,,
/clusterfs/vast/abcabc/Korra_Foundation/20251013_mem-histone/fish1_96hpf_roi1,20251013-plate53-slot1-roi4,20251013,53,1,4,20251013_mem-histone,20251013_mem-histone,fish1,1.0,96.0,,2880,20251013_mem-histone,2025-10-13,2025-10-13,ef1a:2xLynk:tdmSG(J) (F1 of allele 301),tdmScarlet3S2:H2B-tol2 (F1 of allele 324),pDQM005|pDQM133,301|324,,,tdmSG|tdmScarlet3,2xLynk|H2B,membrane|histone,tdmSG::2xLynk|tdmScarlet3::H2B,membrane|histone,tdmSG(membrane)|tdmScarlet3(histone),sheet,,,,
/clusterfs/vast/abcabc/Korra_Foundation/20251013_mem-histone/fish1_96hpf_roi2,20251013-plate53-slot1-roi7,20251013,53,1,7,20251013_mem-histone,20251013_mem-histone,fish1,1.0,96.0,,2880,20251013_mem-histone,2025-10-13,2025-10-13,ef1a:2xLynk:tdmSG(J) (F1 of allele 301),tdmScarlet3S2:H2B-tol2 (F1 of allele 324),pDQM005|pDQM133,301|324,,,tdmSG|tdmScarlet3,2xLynk|H2B,membrane|histone,tdmSG::2xLynk|tdmScarlet3::H2B,membrane|histone,tdmSG(membrane)|tdmScarlet3(histone),sheet,,,,
/clusterfs/vast/abcabc/Korra_Foundation/20251013_mem-histone/fish1_96hpf_roi2,20251013-plate53-slot1-roi8,20251013,53,1,8,20251013_mem-histone,20251013_mem-histone,fish1,1.0,96.0,,2880,20251013_mem-histone,2025-10-13,2025-10-13,ef1a:2xLynk:tdmSG(J) (F1 of allele 301),tdmScarlet3S2:H2B-tol2 (F1 of allele 324),pDQM005|pDQM133,301|324,,,tdmSG|tdmScarlet3,2xLynk|H2B,membrane|histone,tdmSG::2xLynk|tdmScarlet3::H2B,membrane|histone,tdmSG(membrane)|tdmScarlet3(histone),sheet,,,,
/clusterfs/vast/abcabc/Korra_Foundation/20251013_mem-histone/fish1_96hpf_roi3,20251013-plate53-slot1-roi9,20251013,53,1,9,20251013_mem-histone,20251013_mem-histone,fish1,1.0,96.0,,2880,20251013_mem-histone,2025-10-13,2025-10-13,ef1a:2xLynk:tdmSG(J) (F1 of allele 301),tdmScarlet3S2:H2B-tol2 (F1 of allele 324),pDQM005|pDQM133,301|324,,,tdmSG|tdmScarlet3,2xLynk|H2B,membrane|histone,tdmSG::2xLynk|tdmScarlet3::H2B,membrane|histone,tdmSG(membrane)|tdmScarlet3(histone),sheet,,,,
/clusterfs/vast/abcabc/Korra_Foundation/20251013_mem-histone/fish1_96hpf_roi3,20251013-plate53-slot1-roi10,20251013,53,1,10,20251013_mem-histone,20251013_mem-histone,fish1,1.0,96.0,,2880,20251013_mem-histone,2025-10-13,2025-10-13,ef1a:2xLynk:tdmSG(J) (F1 of allele 301),tdmScarlet3S2:H2B-tol2 (F1 of allele 324),pDQM005|pDQM133,301|324,,,tdmSG|tdmScarlet3,2xLynk|H2B,membrane|histone,tdmSG::2xLynk|tdmScarlet3::H2B,membrane|histone,tdmSG(membrane)|tdmScarlet3(histone),sheet,,,,
/clusterfs/vast/abcabc/Korra_Foundation/20251013_mem-histone/fish2_96hpf_roi1,20251013-plate53-slot2-roi1,20251013,53,2,1,20251013_mem-histone,20251013_mem-histone,fish2,2.0,96.0,,2880,20251013_mem-histone,2025-10-13,2025-10-13,ef1a:2xLynk:tdmSG(J) (F1 of allele 301),tdmScarlet3S2:H2B-tol2 (F1 of allele 324),pDQM005|pDQM133,301|324,,,tdmSG|tdmScarlet3,2xLynk|H2B,membrane|histone,tdmSG::2xLynk|tdmScarlet3::H2B,membrane|histone,tdmSG(membrane)|tdmScarlet3(histone),sheet,,,,
/clusterfs/vast/abcabc/Korra_Foundation/20251013_mem-histone/fish2_96hpf_roi1,20251013-plate53-slot2-roi2,20251013,53,2,2,20251013_mem-histone,20251013_mem-histone,fish2,2.0,96.0,,2880,20251013_mem-histone,2025-10-13,2025-10-13,ef1a:2xLynk:tdmSG(J) (F1 of allele 301),tdmScarlet3S2:H2B-tol2 (F1 of allele 324),pDQM005|pDQM133,301|324,,,tdmSG|tdmScarlet3,2xLynk|H2B,membrane|histone,tdmSG::2xLynk|tdmScarlet3::H2B,membrane|histone,tdmSG(membrane)|tdmScarlet3(histone),sheet,,,,
/clusterfs/vast/abcabc/Korra_Foundation/20251013_mem-histone/fish2_96hpf_roi2,20251013-plate53-slot2-roi3,20251013,53,2,3,20251013_mem-histone,20251013_mem-histone,fish2,2.0,96.0,,2880,20251013_mem-histone,2025-10-13,2025-10-13,ef1a:2xLynk:tdmSG(J) (F1 of allele 301),tdmScarlet3S2:H2B-tol2 (F1 of allele 324),pDQM005|pDQM133,301|324,,,tdmSG|tdmScarlet3,2xLynk|H2B,membrane|histone,tdmSG::2xLynk|tdmScarlet3::H2B,membrane|histone,tdmSG(membrane)|tdmScarlet3(histone),sheet,,,,
/clusterfs/vast/abcabc/Korra_Foundation/20251013_mem-histone/fish2_96hpf_roi2,20251013-plate53-slot2-roi4,20251013,53,2,4,20251013_mem-histone,20251013_mem-histone,fish2,2.0,96.0,,2880,20251013_mem-histone,2025-10-13,2025-10-13,ef1a:2xLynk:tdmSG(J) (F1 of allele 301),tdmScarlet3S2:H2B-tol2 (F1 of allele 324),pDQM005|pDQM133,301|324,,,tdmSG|tdmScarlet3,2xLynk|H2B,membrane|histone,tdmSG::2xLynk|tdmScarlet3::H2B,membrane|histone,tdmSG(membrane)|tdmScarlet3(histone),sheet,,,,
/clusterfs/vast/abcabc/Korra_Foundation/20251013_mem-histone/fish3_96hpf_roi1,20251013-plate53-slot3-roi1,20251013,53,3,1,20251013_mem-histone,20251013_mem-histone,fish3,3.0,96.0,,2880,20251013_mem-histone,2025-10-13,2025-10-13,ef1a:2xLynk:tdmSG(J) (F1 of allele 301),tdmScarlet3S2:H2B-tol2 (F1 of allele 324),pDQM005|pDQM133,301|324,,,tdmSG|tdmScarlet3,2xLynk|H2B,membrane|histone,tdmSG::2xLynk|tdmScarlet3::H2B,membrane|histone,tdmSG(membrane)|tdmScarlet3(histone),sheet,,,,
/clusterfs/vast/abcabc/Korra_Foundation/20251013_mem-histone/fish3_96hpf_roi1,20251013-plate53-slot3-roi2,20251013,53,3,2,20251013_mem-histone,20251013_mem-histone,fish3,3.0,96.0,,2880,20251013_mem-histone,2025-10-13,2025-10-13,ef1a:2xLynk:tdmSG(J) (F1 of allele 301),tdmScarlet3S2:H2B-tol2 (F1 of allele 324),pDQM005|pDQM133,301|324,,,tdmSG|tdmScarlet3,2xLynk|H2B,membrane|histone,tdmSG::2xLynk|tdmScarlet3::H2B,membrane|histone,tdmSG(membrane)|tdmScarlet3(histone),sheet,,,,
/clusterfs/vast/abcabc/Korra_Foundation/20251013_mem-histone/fish3_96hpf_roi2,20251013-plate53-slot3-roi5,20251013,53,3,5,20251013_mem-histone,20251013_mem-histone,fish3,3.0,96.0,,2880,20251013_mem-histone,2025-10-13,2025-10-13,ef1a:2xLynk:tdmSG(J) (F1 of allele 301),tdmScarlet3S2:H2B-tol2 (F1 of allele 324),pDQM005|pDQM133,301|324,,,tdmSG|tdmScarlet3,2xLynk|H2B,membrane|histone,tdmSG::2xLynk|tdmScarlet3::H2B,membrane|histone,tdmSG(membrane)|tdmScarlet3(histone),sheet,,,,
/clusterfs/vast/abcabc/Korra_Foundation/20251013_mem-histone/fish3_96hpf_roi2,20251013-plate53-slot3-roi6,20251013,53,3,6,20251013_mem-histone,20251013_mem-histone,fish3,3.0,96.0,,2880,20251013_mem-histone,2025-10-13,2025-10-13,ef1a:2xLynk:tdmSG(J) (F1 of allele 301),tdmScarlet3S2:H2B-tol2 (F1 of allele 324),pDQM005|pDQM133,301|324,,,tdmSG|tdmScarlet3,2xLynk|H2B,membrane|histone,tdmSG::2xLynk|tdmScarlet3::H2B,membrane|histone,tdmSG(membrane)|tdmScarlet3(histone),sheet,,,,
/clusterfs/vast/abcabc/Korra_Foundation/20251013_mem-histone/fish3_96hpf_roi3,20251013-plate53-slot3-roi9,20251013,53,3,9,20251013_mem-histone,20251013_mem-histone,fish3,3.0,96.0,,2880,20251013_mem-histone,2025-10-13,2025-10-13,ef1a:2xLynk:tdmSG(J) (F1 of allele 301),tdmScarlet3S2:H2B-tol2 (F1 of allele 324),pDQM005|pDQM133,301|324,,,tdmSG|tdmScarlet3,2xLynk|H2B,membrane|histone,tdmSG::2xLynk|tdmScarlet3::H2B,membrane|histone,tdmSG(membrane)|tdmScarlet3(histone),sheet,,,,
/clusterfs/vast/abcabc/Korra_Foundation/20251013_mem-histone/fish3_96hpf_roi3,20251013-plate53-slot3-roi10,20251013,53,3,10,20251013_mem-histone,20251013_mem-histone,fish3,3.0,96.0,,2880,20251013_mem-histone,2025-10-13,2025-10-13,ef1a:2xLynk:tdmSG(J) (F1 of allele 301),tdmScarlet3S2:H2B-tol2 (F1 of allele 324),pDQM005|pDQM133,301|324,,,tdmSG|tdmScarlet3,2xLynk|H2B,membrane|histone,tdmSG::2xLynk|tdmScarlet3::H2B,membrane|histone,tdmSG(membrane)|tdmScarlet3(histone),sheet,,,,
/clusterfs/vast/abcabc/Korra_Foundation/20251015_mem-histone/fish1_48hpf_roi1,20251015-plate54-slot1-roi1,20251015,54,1,1,20251015_mem-histone,20251015_mem-histone,fish1,1.0,48.0,,2880,20251015_mem-histone,2025-10-15,2025-10-15,ef1a:2xLynk:tdmSG(J) (F1 of allele 302),tdmScarlet3S2:H2B-tol2 (F1 of allele 324),pDQM005|pDQM133,302|324,,,tdmSG|tdmScarlet3,2xLynk|H2B,membrane|histone,tdmSG::2xLynk|tdmScarlet3::H2B,membrane|histone,tdmSG(membrane)|tdmScarlet3(histone),sheet,,,,
/clusterfs/vast/abcabc/Korra_Foundation/20251015_mem-histone/fish1_48hpf_roi1,20251014-plate55-slot1-roi1,20251014,55,1,1,20251015_mem-histone,20251015_mem-histone,fish1,1.0,48.0,,2880,20251015_mem-histone,2025-10-15,2025-10-14,ef1a:2xLynk:tdmSG(J) (F1 of allele 302),tdmScarlet3S2:H2B-tol2 (F1 of allele 324),pDQM005|pDQM133,302|324,,,tdmSG|tdmScarlet3,2xLynk|H2B,membrane|histone,tdmSG::2xLynk|tdmScarlet3::H2B,membrane|histone,tdmSG(membrane)|tdmScarlet3(histone),sheet,,,,
/clusterfs/vast/abcabc/Korra_Foundation/20251015_mem-histone/fish2_48hpf_roi1,20251015-plate54-slot2-roi1,20251015,54,2,1,20251015_mem-histone,20251015_mem-histone,fish2,2.0,48.0,,2880,20251015_mem-histone,2025-10-15,2025-10-15,ef1a:2xLynk:tdmSG(J) (F1 of allele 302),tdmScarlet3S2:H2B-tol2 (F1 of allele 324),pDQM005|pDQM133,302|324,,,tdmSG|tdmScarlet3,2xLynk|H2B,membrane|histone,tdmSG::2xLynk|tdmScarlet3::H2B,membrane|histone,tdmSG(membrane)|tdmScarlet3(histone),sheet,,,,
/clusterfs/vast/abcabc/Korra_Foundation/20251015_mem-histone/fish2_48hpf_roi1,20251014-plate55-slot2-roi1,20251014,55,2,1,20251015_mem-histone,20251015_mem-histone,fish2,2.0,48.0,,2880,20251015_mem-histone,2025-10-15,2025-10-14,ef1a:2xLynk:tdmSG(J) (F1 of allele 302),tdmScarlet3S2:H2B-tol2 (F1 of allele 324),pDQM005|pDQM133,302|324,,,tdmSG|tdmScarlet3,2xLynk|H2B,membrane|histone,tdmSG::2xLynk|tdmScarlet3::H2B,membrane|histone,tdmSG(membrane)|tdmScarlet3(histone),sheet,,,,
/clusterfs/vast/abcabc/Korra_Foundation/20251015_mem-histone/fish3_48hpf_roi1,20251015-plate54-slot3-roi1,20251015,54,3,1,20251015_mem-histone,20251015_mem-histone,fish3,3.0,48.0,,2880,20251015_mem-histone,2025-10-15,2025-10-15,ef1a:2xLynk:tdmSG(J) (F1 of allele 302),tdmScarlet3S2:H2B-tol2 (F1 of allele 324),pDQM005|pDQM133,302|324,,,tdmSG|tdmScarlet3,2xLynk|H2B,membrane|histone,tdmSG::2xLynk|tdmScarlet3::H2B,membrane|histone,tdmSG(membrane)|tdmScarlet3(histone),sheet,,,,
/clusterfs/vast/abcabc/Korra_Foundation/20251015_mem-histone/fish3_48hpf_roi1,20251014-plate55-slot3-roi1,20251014,55,3,1,20251015_mem-histone,20251015_mem-histone,fish3,3.0,48.0,,2880,20251015_mem-histone,2025-10-15,2025-10-14,ef1a:2xLynk:tdmSG(J) (F1 of allele 302),tdmScarlet3S2:H2B-tol2 (F1 of allele 324),pDQM005|pDQM133,302|324,,,tdmSG|tdmScarlet3,2xLynk|H2B,membrane|histone,tdmSG::2xLynk|tdmScarlet3::H2B,membrane|histone,tdmSG(membrane)|tdmScarlet3(histone),sheet,,,,
/clusterfs/vast/abcabc/Korra_Foundation/20251015_mem-histone/fish3_48hpf_roi2,20251015-plate54-slot3-roi3,20251015,54,3,3,20251015_mem-histone,20251015_mem-histone,fish3,3.0,48.0,,2880,20251015_mem-histone,2025-10-15,2025-10-15,ef1a:2xLynk:tdmSG(J) (F1 of allele 302),tdmScarlet3S2:H2B-tol2 (F1 of allele 324),pDQM005|pDQM133,302|324,,,tdmSG|tdmScarlet3,2xLynk|H2B,membrane|histone,tdmSG::2xLynk|tdmScarlet3::H2B,membrane|histone,tdmSG(membrane)|tdmScarlet3(histone),sheet,,,,
/clusterfs/vast/abcabc/Korra_Foundation/20251015_mem-histone/fish3_48hpf_roi2,20251014-plate55-slot3-roi3,20251014,55,3,3,20251015_mem-histone,20251015_mem-histone,fish3,3.0,48.0,,2880,20251015_mem-histone,2025-10-15,2025-10-14,ef1a:2xLynk:tdmSG(J) (F1 of allele 302),tdmScarlet3S2:H2B-tol2 (F1 of allele 324),pDQM005|pDQM133,302|324,,,tdmSG|tdmScarlet3,2xLynk|H2B,membrane|histone,tdmSG::2xLynk|tdmScarlet3::H2B,membrane|histone,tdmSG(membrane)|tdmScarlet3(histone),sheet,,,,
/clusterfs/vast/abcabc/Korra_Foundation/20251015_mem-histone/fish4_48hpf_roi1,20251015-plate54-slot4-roi1,20251015,54,4,1,20251015_mem-histone,20251015_mem-histone,fish4,4.0,48.0,,2880,20251015_mem-histone,2025-10-15,2025-10-15,ef1a:2xLynk:tdmSG(J) (F1 of allele 302),tdmScarlet3S2:H2B-tol2 (F1 of allele 324),pDQM005|pDQM133,302|324,,,tdmSG|tdmScarlet3,2xLynk|H2B,membrane|histone,tdmSG::2xLynk|tdmScarlet3::H2B,membrane|histone,tdmSG(membrane)|tdmScarlet3(histone),sheet,,,,
/clusterfs/vast/abcabc/Korra_Foundation/20251015_mem-histone/fish4_48hpf_roi1,20251014-plate55-slot4-roi1,20251014,55,4,1,20251015_mem-histone,20251015_mem-histone,fish4,4.0,48.0,,2880,20251015_mem-histone,2025-10-15,2025-10-14,ef1a:2xLynk:tdmSG(J) (F1 of allele 302),tdmScarlet3S2:H2B-tol2 (F1 of allele 324),pDQM005|pDQM133,302|324,,,tdmSG|tdmScarlet3,2xLynk|H2B,membrane|histone,tdmSG::2xLynk|tdmScarlet3::H2B,membrane|histone,tdmSG(membrane)|tdmScarlet3(histone),sheet,,,,
/clusterfs/vast/abcabc/Korra_Foundation/20251016_mem-histone/fish1_72hpf_roi1,20251016-plate56-slot1-roi1,20251016,56,1,1,20251016_mem-histone,20251016_mem-histone,fish1,1.0,72.0,,2880,20251016_mem-histone,2025-10-16,2025-10-16,ef1a:2xLynk:tdmSG(J) (F1 of allele 302),tdmScarlet3S2:H2B-tol2 (F1 of allele 324),pDQM005|pDQM133,302|324,,,tdmSG|tdmScarlet3,2xLynk|H2B,membrane|histone,tdmSG::2xLynk|tdmScarlet3::H2B,membrane|histone,tdmSG(membrane)|tdmScarlet3(histone),sheet,,,,
/clusterfs/vast/abcabc/Korra_Foundation/20251016_mem-histone/fish2_72hpf_roi1,20251016-plate56-slot2-roi1,20251016,56,2,1,20251016_mem-histone,20251016_mem-histone,fish2,2.0,72.0,,2880,20251016_mem-histone,2025-10-16,2025-10-16,ef1a:2xLynk:tdmSG(J) (F1 of allele 302),tdmScarlet3S2:H2B-tol2 (F1 of allele 324),pDQM005|pDQM133,302|324,,,tdmSG|tdmScarlet3,2xLynk|H2B,membrane|histone,tdmSG::2xLynk|tdmScarlet3::H2B,membrane|histone,tdmSG(membrane)|tdmScarlet3(histone),sheet,,,,
/clusterfs/vast/abcabc/Korra_Foundation/20251016_mem-histone/fish2_72hpf_roi2,20251016-plate56-slot2-roi2,20251016,56,2,2,20251016_mem-histone,20251016_mem-histone,fish2,2.0,72.0,,2880,20251016_mem-histone,2025-10-16,2025-10-16,ef1a:2xLynk:tdmSG(J) (F1 of allele 302),tdmScarlet3S2:H2B-tol2 (F1 of allele 324),pDQM005|pDQM133,302|324,,,tdmSG|tdmScarlet3,2xLynk|H2B,membrane|histone,tdmSG::2xLynk|tdmScarlet3::H2B,membrane|histone,tdmSG(membrane)|tdmScarlet3(histone),sheet,,,,
/clusterfs/vast/abcabc/Korra_Foundation/20251016_mem-histone/fish2_72hpf_roi3,20251016-plate56-slot2-roi3,20251016,56,2,3,20251016_mem-histone,20251016_mem-histone,fish2,2.0,72.0,,2880,20251016_mem-histone,2025-10-16,2025-10-16,ef1a:2xLynk:tdmSG(J) (F1 of allele 302),tdmScarlet3S2:H2B-tol2 (F1 of allele 324),pDQM005|pDQM133,302|324,,,tdmSG|tdmScarlet3,2xLynk|H2B,membrane|histone,tdmSG::2xLynk|tdmScarlet3::H2B,membrane|histone,tdmSG(membrane)|tdmScarlet3(histone),sheet,,,,
/clusterfs/vast/abcabc/Korra_Foundation/20251016_mem-histone/fish3_72hpf_roi1,20251016-plate56-slot3-roi1,20251016,56,3,1,20251016_mem-histone,20251016_mem-histone,fish3,3.0,72.0,,2880,20251016_mem-histone,2025-10-16,2025-10-16,ef1a:2xLynk:tdmSG(J) (F1 of allele 302),tdmScarlet3S2:H2B-tol2 (F1 of allele 324),pDQM005|pDQM133,302|324,,,tdmSG|tdmScarlet3,2xLynk|H2B,membrane|histone,tdmSG::2xLynk|tdmScarlet3::H2B,membrane|histone,tdmSG(membrane)|tdmScarlet3(histone),sheet,,,,
/clusterfs/vast/abcabc/Korra_Foundation/20251016_mem-histone/fish3_72hpf_roi2,20251016-plate56-slot3-roi2,20251016,56,3,2,20251016_mem-histone,20251016_mem-histone,fish3,3.0,72.0,,2880,20251016_mem-histone,2025-10-16,2025-10-16,ef1a:2xLynk:tdmSG(J) (F1 of allele 302),tdmScarlet3S2:H2B-tol2 (F1 of allele 324),pDQM005|pDQM133,302|324,,,tdmSG|tdmScarlet3,2xLynk|H2B,membrane|histone,tdmSG::2xLynk|tdmScarlet3::H2B,membrane|histone,tdmSG(membrane)|tdmScarlet3(histone),sheet,,,,
/clusterfs/vast/abcabc/Korra_Foundation/20251017_microtubules/fish2_24hpf_roi1_test,20251017-plate57-slot1-roi1,20251017,57,1,1,20251017_microtubules,20251017_microtubules,fish2,2.0,24.0,test,2880,20251017_microtubules,2025-10-17,2025-10-17,casper/rnf,casper/rnf,,,,,,,,,,,sheet,MGCO50(microtubule-A2UCOE-attb_entire+pDQM147-EB3-mStayGold),,,
/clusterfs/vast/abcabc/Korra_Foundation/20251020_mem-histone/fish1_72hpf_roi1,20251020-plate58-slot1-roi1,20251020,58,1,1,20251020_mem-histone,20251020_mem-histone,fish1,1.0,72.0,,2880,20251020_mem-histone,2025-10-20,2025-10-20,ef1a:2xLynk:tdmSG(J) (F1 of allele 301),tdmScarlet3S2:H2B-tol2 (F1 of allele 324),pDQM005|pDQM133,301|324,,,tdmSG|tdmScarlet3,2xLynk|H2B,membrane|histone,tdmSG::2xLynk|tdmScarlet3::H2B,membrane|histone,tdmSG(membrane)|tdmScarlet3(histone),sheet,,,,
/clusterfs/vast/abcabc/Korra_Foundation/20251020_mem-histone/fish1_72hpf_roi1,20251020-plate58-slot1-roi2,20251020,58,1,2,20251020_mem-histone,20251020_mem-histone,fish1,1.0,72.0,,2880,20251020_mem-histone,2025-10-20,2025-10-20,ef1a:2xLynk:tdmSG(J) (F1 of allele 301),tdmScarlet3S2:H2B-tol2 (F1 of allele 324),pDQM005|pDQM133,301|324,,,tdmSG|tdmScarlet3,2xLynk|H2B,membrane|histone,tdmSG::2xLynk|tdmScarlet3::H2B,membrane|histone,tdmSG(membrane)|tdmScarlet3(histone),sheet,,,,
/clusterfs/vast/abcabc/Korra_Foundation/20251020_mem-histone/fish1_72hpf_roi2,20251020-plate58-slot1-roi5,20251020,58,1,5,20251020_mem-histone,20251020_mem-histone,fish1,1.0,72.0,,2880,20251020_mem-histone,2025-10-20,2025-10-20,ef1a:2xLynk:tdmSG(J) (F1 of allele 301),tdmScarlet3S2:H2B-tol2 (F1 of allele 324),pDQM005|pDQM133,301|324,,,tdmSG|tdmScarlet3,2xLynk|H2B,membrane|histone,tdmSG::2xLynk|tdmScarlet3::H2B,membrane|histone,tdmSG(membrane)|tdmScarlet3(histone),sheet,,,,
/clusterfs/vast/abcabc/Korra_Foundation/20251020_mem-histone/fish1_72hpf_roi2,20251020-plate58-slot1-roi6,20251020,58,1,6,20251020_mem-histone,20251020_mem-histone,fish1,1.0,72.0,,2880,20251020_mem-histone,2025-10-20,2025-10-20,ef1a:2xLynk:tdmSG(J) (F1 of allele 301),tdmScarlet3S2:H2B-tol2 (F1 of allele 324),pDQM005|pDQM133,301|324,,,tdmSG|tdmScarlet3,2xLynk|H2B,membrane|histone,tdmSG::2xLynk|tdmScarlet3::H2B,membrane|histone,tdmSG(membrane)|tdmScarlet3(histone),sheet,,,,
/clusterfs/vast/abcabc/Korra_Foundation/20251020_mem-histone/fish1_72hpf_roi3,20251020-plate58-slot1-roi9,20251020,58,1,9,20251020_mem-histone,20251020_mem-histone,fish1,1.0,72.0,,2880,20251020_mem-histone,2025-10-20,2025-10-20,ef1a:2xLynk:tdmSG(J) (F1 of allele 301),tdmScarlet3S2:H2B-tol2 (F1 of allele 324),pDQM005|pDQM133,301|324,,,tdmSG|tdmScarlet3,2xLynk|H2B,membrane|histone,tdmSG::2xLynk|tdmScarlet3::H2B,membrane|histone,tdmSG(membrane)|tdmScarlet3(histone),sheet,,,,
/clusterfs/vast/abcabc/Korra_Foundation/20251020_mem-histone/fish1_72hpf_roi3,20251020-plate58-slot1-roi10,20251020,58,1,10,20251020_mem-histone,20251020_mem-histone,fish1,1.0,72.0,,2880,20251020_mem-histone,2025-10-20,2025-10-20,ef1a:2xLynk:tdmSG(J) (F1 of allele 301),tdmScarlet3S2:H2B-tol2 (F1 of allele 324),pDQM005|pDQM133,301|324,,,tdmSG|tdmScarlet3,2xLynk|H2B,membrane|histone,tdmSG::2xLynk|tdmScarlet3::H2B,membrane|histone,tdmSG(membrane)|tdmScarlet3(histone),sheet,,,,
/clusterfs/vast/abcabc/Korra_Foundation/20251020_mem-histone/fish1_72hpf_roi4,20251020-plate58-slot1-roi13,20251020,58,1,13,20251020_mem-histone,20251020_mem-histone,fish1,1.0,72.0,,2880,20251020_mem-histone,2025-10-20,2025-10-20,ef1a:2xLynk:tdmSG(J) (F1 of allele 301),tdmScarlet3S2:H2B-tol2 (F1 of allele 324),pDQM005|pDQM133,301|324,,,tdmSG|tdmScarlet3,2xLynk|H2B,membrane|histone,tdmSG::2xLynk|tdmScarlet3::H2B,membrane|histone,tdmSG(membrane)|tdmScarlet3(histone),sheet,,,,
/clusterfs/vast/abcabc/Korra_Foundation/20251020_mem-histone/fish1_72hpf_roi4,20251020-plate58-slot1-roi14,20251020,58,1,14,20251020_mem-histone,20251020_mem-histone,fish1,1.0,72.0,,2880,20251020_mem-histone,2025-10-20,2025-10-20,ef1a:2xLynk:tdmSG(J) (F1 of allele 301),tdmScarlet3S2:H2B-tol2 (F1 of allele 324),pDQM005|pDQM133,301|324,,,tdmSG|tdmScarlet3,2xLynk|H2B,membrane|histone,tdmSG::2xLynk|tdmScarlet3::H2B,membrane|histone,tdmSG(membrane)|tdmScarlet3(histone),sheet,,,,
/clusterfs/vast/abcabc/Korra_Foundation/20251020_mem-histone/fish1_72hpf_roi5,20251020-plate58-slot1-roi17,20251020,58,1,17,20251020_mem-histone,20251020_mem-histone,fish1,1.0,72.0,,2880,20251020_mem-histone,2025-10-20,2025-10-20,ef1a:2xLynk:tdmSG(J) (F1 of allele 301),tdmScarlet3S2:H2B-tol2 (F1 of allele 324),pDQM005|pDQM133,301|324,,,tdmSG|tdmScarlet3,2xLynk|H2B,membrane|histone,tdmSG::2xLynk|tdmScarlet3::H2B,membrane|histone,tdmSG(membrane)|tdmScarlet3(histone),sheet,,,,
/clusterfs/vast/abcabc/Korra_Foundation/20251020_mem-histone/fish1_72hpf_roi5,20251020-plate58-slot1-roi18,20251020,58,1,18,20251020_mem-histone,20251020_mem-histone,fish1,1.0,72.0,,2880,20251020_mem-histone,2025-10-20,2025-10-20,ef1a:2xLynk:tdmSG(J) (F1 of allele 301),tdmScarlet3S2:H2B-tol2 (F1 of allele 324),pDQM005|pDQM133,301|324,,,tdmSG|tdmScarlet3,2xLynk|H2B,membrane|histone,tdmSG::2xLynk|tdmScarlet3::H2B,membrane|histone,tdmSG(membrane)|tdmScarlet3(histone),sheet,,,,
/clusterfs/vast/abcabc/Korra_Foundation/20251020_mem-histone/fish2_72hpf_roi1,20251020-plate58-slot2-roi1,20251020,58,2,1,20251020_mem-histone,20251020_mem-histone,fish2,2.0,72.0,,2880,20251020_mem-histone,2025-10-20,2025-10-20,ef1a:2xLynk:tdmSG(J) (F1 of allele 301),tdmScarlet3S2:H2B-tol2 (F1 of allele 324),pDQM005|pDQM133,301|324,,,tdmSG|tdmScarlet3,2xLynk|H2B,membrane|histone,tdmSG::2xLynk|tdmScarlet3::H2B,membrane|histone,tdmSG(membrane)|tdmScarlet3(histone),sheet,,,,
/clusterfs/vast/abcabc/Korra_Foundation/20251020_mem-histone/fish2_72hpf_roi1,20251020-plate58-slot2-roi2,20251020,58,2,2,20251020_mem-histone,20251020_mem-histone,fish2,2.0,72.0,,2880,20251020_mem-histone,2025-10-20,2025-10-20,ef1a:2xLynk:tdmSG(J) (F1 of allele 301),tdmScarlet3S2:H2B-tol2 (F1 of allele 324),pDQM005|pDQM133,301|324,,,tdmSG|tdmScarlet3,2xLynk|H2B,membrane|histone,tdmSG::2xLynk|tdmScarlet3::H2B,membrane|histone,tdmSG(membrane)|tdmScarlet3(histone),sheet,,,,
/clusterfs/vast/abcabc/Korra_Foundation/20251020_mem-histone/fish2_72hpf_roi2,20251020-plate58-slot2-roi5,20251020,58,2,5,20251020_mem-histone,20251020_mem-histone,fish2,2.0,72.0,,2880,20251020_mem-histone,2025-10-20,2025-10-20,ef1a:2xLynk:tdmSG(J) (F1 of allele 301),tdmScarlet3S2:H2B-tol2 (F1 of allele 324),pDQM005|pDQM133,301|324,,,tdmSG|tdmScarlet3,2xLynk|H2B,membrane|histone,tdmSG::2xLynk|tdmScarlet3::H2B,membrane|histone,tdmSG(membrane)|tdmScarlet3(histone),sheet,,,,
/clusterfs/vast/abcabc/Korra_Foundation/20251020_mem-histone/fish2_72hpf_roi2,20251020-plate58-slot2-roi6,20251020,58,2,6,20251020_mem-histone,20251020_mem-histone,fish2,2.0,72.0,,2880,20251020_mem-histone,2025-10-20,2025-10-20,ef1a:2xLynk:tdmSG(J) (F1 of allele 301),tdmScarlet3S2:H2B-tol2 (F1 of allele 324),pDQM005|pDQM133,301|324,,,tdmSG|tdmScarlet3,2xLynk|H2B,membrane|histone,tdmSG::2xLynk|tdmScarlet3::H2B,membrane|histone,tdmSG(membrane)|tdmScarlet3(histone),sheet,,,,
/clusterfs/vast/abcabc/Korra_Foundation/20251020_mem-histone/fish2_72hpf_roi3,20251020-plate58-slot2-roi9,20251020,58,2,9,20251020_mem-histone,20251020_mem-histone,fish2,2.0,72.0,,104,20251020_mem-histone,2025-10-20,2025-10-20,ef1a:2xLynk:tdmSG(J) (F1 of allele 301),tdmScarlet3S2:H2B-tol2 (F1 of allele 324),pDQM005|pDQM133,301|324,,,tdmSG|tdmScarlet3,2xLynk|H2B,membrane|histone,tdmSG::2xLynk|tdmScarlet3::H2B,membrane|histone,tdmSG(membrane)|tdmScarlet3(histone),sheet,,,,
/clusterfs/vast/abcabc/Korra_Foundation/20251020_mem-histone/fish2_72hpf_roi3,20251020-plate58-slot2-roi10,20251020,58,2,10,20251020_mem-histone,20251020_mem-histone,fish2,2.0,72.0,,104,20251020_mem-histone,2025-10-20,2025-10-20,ef1a:2xLynk:tdmSG(J) (F1 of allele 301),tdmScarlet3S2:H2B-tol2 (F1 of allele 324),pDQM005|pDQM133,301|324,,,tdmSG|tdmScarlet3,2xLynk|H2B,membrane|histone,tdmSG::2xLynk|tdmScarlet3::H2B,membrane|histone,tdmSG(membrane)|tdmScarlet3(histone),sheet,,,,
/clusterfs/vast/abcabc/Korra_Foundation/20251022_mem-histone/fish1_24hpf_roi2,20251022-plate59-slot1-roi1,20251022,59,1,1,20251022_mem-histone,20251022_mem-histone,fish1,1.0,24.0,,2880,20251022_mem-histone,2025-10-22,2025-10-22,ef1a:2xLynk:tdmSG(J) (F1 of allele 302),tdmScarlet3S2:H2B-tol2 (F1 of allele 324),pDQM005|pDQM133,302|324,,,tdmSG|tdmScarlet3,2xLynk|H2B,membrane|histone,tdmSG::2xLynk|tdmScarlet3::H2B,membrane|histone,tdmSG(membrane)|tdmScarlet3(histone),sheet,,,,
/clusterfs/vast/abcabc/Korra_Foundation/20251022_mem-histone/fish1_24hpf_roi3,20251022-plate59-slot1-roi2,20251022,59,1,2,20251022_mem-histone,20251022_mem-histone,fish1,1.0,24.0,,2880,20251022_mem-histone,2025-10-22,2025-10-22,ef1a:2xLynk:tdmSG(J) (F1 of allele 302),tdmScarlet3S2:H2B-tol2 (F1 of allele 324),pDQM005|pDQM133,302|324,,,tdmSG|tdmScarlet3,2xLynk|H2B,membrane|histone,tdmSG::2xLynk|tdmScarlet3::H2B,membrane|histone,tdmSG(membrane)|tdmScarlet3(histone),sheet,,,,
/clusterfs/vast/abcabc/Korra_Foundation/20251022_mem-histone/fish2_24hpf_roi1,20251022-plate59-slot2-roi1,20251022,59,2,1,20251022_mem-histone,20251022_mem-histone,fish2,2.0,24.0,,2880,20251022_mem-histone,2025-10-22,2025-10-22,ef1a:2xLynk:tdmSG(J) (F1 of allele 302),tdmScarlet3S2:H2B-tol2 (F1 of allele 324),pDQM005|pDQM133,302|324,,,tdmSG|tdmScarlet3,2xLynk|H2B,membrane|histone,tdmSG::2xLynk|tdmScarlet3::H2B,membrane|histone,tdmSG(membrane)|tdmScarlet3(histone),sheet,,,,
/clusterfs/vast/abcabc/Korra_Foundation/20251022_mem-histone/fish2_24hpf_roi2,20251022-plate59-slot2-roi2,20251022,59,2,2,20251022_mem-histone,20251022_mem-histone,fish2,2.0,24.0,,2880,20251022_mem-histone,2025-10-22,2025-10-22,ef1a:2xLynk:tdmSG(J) (F1 of allele 302),tdmScarlet3S2:H2B-tol2 (F1 of allele 324),pDQM005|pDQM133,302|324,,,tdmSG|tdmScarlet3,2xLynk|H2B,membrane|histone,tdmSG::2xLynk|tdmScarlet3::H2B,membrane|histone,tdmSG(membrane)|tdmScarlet3(histone),sheet,,,,
/clusterfs/vast/abcabc/Korra_Foundation/20251022_mem-histone/fish2_24hpf_roi3,20251022-plate59-slot2-roi3,20251022,59,2,3,20251022_mem-histone,20251022_mem-histone,fish2,2.0,24.0,,2880,20251022_mem-histone,2025-10-22,2025-10-22,ef1a:2xLynk:tdmSG(J) (F1 of allele 302),tdmScarlet3S2:H2B-tol2 (F1 of allele 324),pDQM005|pDQM133,302|324,,,tdmSG|tdmScarlet3,2xLynk|H2B,membrane|histone,tdmSG::2xLynk|tdmScarlet3::H2B,membrane|histone,tdmSG(membrane)|tdmScarlet3(histone),sheet,,,,
/clusterfs/vast/abcabc/Korra_Foundation/20251022_mem-histone/fish3_24hpf_roi1,20251022-plate59-slot3-roi1,20251022,59,3,1,20251022_mem-histone,20251022_mem-histone,fish3,3.0,24.0,,2880,20251022_mem-histone,2025-10-22,2025-10-22,ef1a:2xLynk:tdmSG(J) (F1 of allele 302),tdmScarlet3S2:H2B-tol2 (F1 of allele 324),pDQM005|pDQM133,302|324,,,tdmSG|tdmScarlet3,2xLynk|H2B,membrane|histone,tdmSG::2xLynk|tdmScarlet3::H2B,membrane|histone,tdmSG(membrane)|tdmScarlet3(histone),sheet,,,,
/clusterfs/vast/abcabc/Korra_Foundation/20251022_mem-histone/fish3_24hpf_roi2,20251022-plate59-slot3-roi2,20251022,59,3,2,20251022_mem-histone,20251022_mem-histone,fish3,3.0,24.0,,2880,20251022_mem-histone,2025-10-22,2025-10-22,ef1a:2xLynk:tdmSG(J) (F1 of allele 302),tdmScarlet3S2:H2B-tol2 (F1 of allele 324),pDQM005|pDQM133,302|324,,,tdmSG|tdmScarlet3,2xLynk|H2B,membrane|histone,tdmSG::2xLynk|tdmScarlet3::H2B,membrane|histone,tdmSG(membrane)|tdmScarlet3(histone),sheet,,,,
/clusterfs/vast/abcabc/Korra_Foundation/20251022_mem-histone/fish4_24hpf_roi1,20251022-plate59-slot4-roi1,20251022,59,4,1,20251022_mem-histone,20251022_mem-histone,fish4,4.0,24.0,,2880,20251022_mem-histone,2025-10-22,2025-10-22,ef1a:2xLynk:tdmSG(J) (F1 of allele 302),tdmScarlet3S2:H2B-tol2 (F1 of allele 324),pDQM005|pDQM133,302|324,,,tdmSG|tdmScarlet3,2xLynk|H2B,membrane|histone,tdmSG::2xLynk|tdmScarlet3::H2B,membrane|histone,tdmSG(membrane)|tdmScarlet3(histone),sheet,,,,
/clusterfs/vast/abcabc/Korra_Foundation/20251022_mem-histone/fish4_24hpf_roi2,20251022-plate59-slot4-roi2,20251022,59,4,2,20251022_mem-histone,20251022_mem-histone,fish4,4.0,24.0,,2880,20251022_mem-histone,2025-10-22,2025-10-22,ef1a:2xLynk:tdmSG(J) (F1 of allele 302),tdmScarlet3S2:H2B-tol2 (F1 of allele 324),pDQM005|pDQM133,302|324,,,tdmSG|tdmScarlet3,2xLynk|H2B,membrane|histone,tdmSG::2xLynk|tdmScarlet3::H2B,membrane|histone,tdmSG(membrane)|tdmScarlet3(histone),sheet,,,,
/clusterfs/vast/abcabc/Korra_Foundation/20251022_mem-histone/fish4_24hpf_roi3,20251022-plate59-slot4-roi3,20251022,59,4,3,20251022_mem-histone,20251022_mem-histone,fish4,4.0,24.0,,2880,20251022_mem-histone,2025-10-22,2025-10-22,ef1a:2xLynk:tdmSG(J) (F1 of allele 302),tdmScarlet3S2:H2B-tol2 (F1 of allele 324),pDQM005|pDQM133,302|324,,,tdmSG|tdmScarlet3,2xLynk|H2B,membrane|histone,tdmSG::2xLynk|tdmScarlet3::H2B,membrane|histone,tdmSG(membrane)|tdmScarlet3(histone),sheet,,,,
/clusterfs/vast/abcabc/Korra_Foundation/20251024_mem-histone/fish2_72hpf_roi1,20251024-plate60-slot1-roi1,20251024,60,1,1,20251024_mem-histone,20251024_mem-histone,fish2,2.0,72.0,,2880,20251024_mem-histone,2025-10-24,2025-10-24,ef1a:2xLynk:tdmSG(J) (F1 of allele 302),tdmScarlet3S2:H2B-tol2 (F1 of allele 324),pDQM005|pDQM133,302|324,,,tdmSG|tdmScarlet3,2xLynk|H2B,membrane|histone,tdmSG::2xLynk|tdmScarlet3::H2B,membrane|histone,tdmSG(membrane)|tdmScarlet3(histone),sheet,,,,
/clusterfs/vast/abcabc/Korra_Foundation/20251024_mem-histone/fish2_72hpf_roi2,20251024-plate60-slot1-roi2,20251024,60,1,2,20251024_mem-histone,20251024_mem-histone,fish2,2.0,72.0,,2880,20251024_mem-histone,2025-10-24,2025-10-24,ef1a:2xLynk:tdmSG(J) (F1 of allele 302),tdmScarlet3S2:H2B-tol2 (F1 of allele 324),pDQM005|pDQM133,302|324,,,tdmSG|tdmScarlet3,2xLynk|H2B,membrane|histone,tdmSG::2xLynk|tdmScarlet3::H2B,membrane|histone,tdmSG(membrane)|tdmScarlet3(histone),sheet,,,,
/clusterfs/vast/abcabc/Korra_Foundation/20251024_mem-histone/fish2_72hpf_roi3,20251024-plate60-slot1-roi3,20251024,60,1,3,20251024_mem-histone,20251024_mem-histone,fish2,2.0,72.0,,2880,20251024_mem-histone,2025-10-24,2025-10-24,ef1a:2xLynk:tdmSG(J) (F1 of allele 302),tdmScarlet3S2:H2B-tol2 (F1 of allele 324),pDQM005|pDQM133,302|324,,,tdmSG|tdmScarlet3,2xLynk|H2B,membrane|histone,tdmSG::2xLynk|tdmScarlet3::H2B,membrane|histone,tdmSG(membrane)|tdmScarlet3(histone),sheet,,,,
/clusterfs/vast/abcabc/Korra_Foundation/20251024_mem-histone/fish3_72hpf_roi1,20251024-plate60-slot2-roi1,20251024,60,2,1,20251024_mem-histone,20251024_mem-histone,fish3,3.0,72.0,,2880,20251024_mem-histone,2025-10-24,2025-10-24,ef1a:2xLynk:tdmSG(J) (F1 of allele 302),tdmScarlet3S2:H2B-tol2 (F1 of allele 324),pDQM005|pDQM133,302|324,,,tdmSG|tdmScarlet3,2xLynk|H2B,membrane|histone,tdmSG::2xLynk|tdmScarlet3::H2B,membrane|histone,tdmSG(membrane)|tdmScarlet3(histone),sheet,,,,
/clusterfs/vast/abcabc/Korra_Foundation/20251024_mem-histone/fish3_72hpf_roi2,20251024-plate60-slot2-roi2,20251024,60,2,2,20251024_mem-histone,20251024_mem-histone,fish3,3.0,72.0,,2880,20251024_mem-histone,2025-10-24,2025-10-24,ef1a:2xLynk:tdmSG(J) (F1 of allele 302),tdmScarlet3S2:H2B-tol2 (F1 of allele 324),pDQM005|pDQM133,302|324,,,tdmSG|tdmScarlet3,2xLynk|H2B,membrane|histone,tdmSG::2xLynk|tdmScarlet3::H2B,membrane|histone,tdmSG(membrane)|tdmScarlet3(histone),sheet,,,,
/clusterfs/vast/abcabc/Korra_Foundation/20251024_mem-histone/fish3_72hpf_roi3,20251024-plate60-slot2-roi3,20251024,60,2,3,20251024_mem-histone,20251024_mem-histone,fish3,3.0,72.0,,2880,20251024_mem-histone,2025-10-24,2025-10-24,ef1a:2xLynk:tdmSG(J) (F1 of allele 302),tdmScarlet3S2:H2B-tol2 (F1 of allele 324),pDQM005|pDQM133,302|324,,,tdmSG|tdmScarlet3,2xLynk|H2B,membrane|histone,tdmSG::2xLynk|tdmScarlet3::H2B,membrane|histone,tdmSG(membrane)|tdmScarlet3(histone),sheet,,,,
/clusterfs/vast/abcabc/Korra_Foundation/20251024_mem-histone/fish3_72hpf_roi4,20251024-plate60-slot2-roi4,20251024,60,2,4,20251024_mem-histone,20251024_mem-histone,fish3,3.0,72.0,,2880,20251024_mem-histone,2025-10-24,2025-10-24,ef1a:2xLynk:tdmSG(J) (F1 of allele 302),tdmScarlet3S2:H2B-tol2 (F1 of allele 324),pDQM005|pDQM133,302|324,,,tdmSG|tdmScarlet3,2xLynk|H2B,membrane|histone,tdmSG::2xLynk|tdmScarlet3::H2B,membrane|histone,tdmSG(membrane)|tdmScarlet3(histone),sheet,,,,
/clusterfs/vast/abcabc/Korra_Foundation/20251024_mem-histone/fish3_72hpf_roi5,20251024-plate60-slot2-roi5,20251024,60,2,5,20251024_mem-histone,20251024_mem-histone,fish3,3.0,72.0,,2880,20251024_mem-histone,2025-10-24,2025-10-24,ef1a:2xLynk:tdmSG(J) (F1 of allele 302),tdmScarlet3S2:H2B-tol2 (F1 of allele 324),pDQM005|pDQM133,302|324,,,tdmSG|tdmScarlet3,2xLynk|H2B,membrane|histone,tdmSG::2xLynk|tdmScarlet3::H2B,membrane|histone,tdmSG(membrane)|tdmScarlet3(histone),sheet,,,,
/clusterfs/vast/abcabc/Korra_Foundation/20251027_mem-histone/fish3_72hpf_roi1,20251027-plate61-slot2-roi15,20251027,61,2,15,20251027_mem-histone,20251027_mem-histone,fish3,3.0,72.0,,2880,20251027_mem-histone,2025-10-27,2025-10-27,ef1a:2xLynk:tdmSG(J) (F1 of allele 302),tdmScarlet3S2:H2B-tol2 (F1 of allele 324),pDQM005|pDQM133,302|324,,,tdmSG|tdmScarlet3,2xLynk|H2B,membrane|histone,tdmSG::2xLynk|tdmScarlet3::H2B,membrane|histone,tdmSG(membrane)|tdmScarlet3(histone),sheet,,,,
/clusterfs/vast/abcabc/Korra_Foundation/20251027_mem-histone/fish3_72hpf_roi1,20251027-plate61-slot2-roi16,20251027,61,2,16,20251027_mem-histone,20251027_mem-histone,fish3,3.0,72.0,,2880,20251027_mem-histone,2025-10-27,2025-10-27,ef1a:2xLynk:tdmSG(J) (F1 of allele 302),tdmScarlet3S2:H2B-tol2 (F1 of allele 324),pDQM005|pDQM133,302|324,,,tdmSG|tdmScarlet3,2xLynk|H2B,membrane|histone,tdmSG::2xLynk|tdmScarlet3::H2B,membrane|histone,tdmSG(membrane)|tdmScarlet3(histone),sheet,,,,
/clusterfs/vast/abcabc/Korra_Foundation/20251027_mem-histone/fish3_72hpf_roi2,20251027-plate61-slot2-roi17,20251027,61,2,17,20251027_mem-histone,20251027_mem-histone,fish3,3.0,72.0,,2880,20251027_mem-histone,2025-10-27,2025-10-27,ef1a:2xLynk:tdmSG(J) (F1 of allele 302),tdmScarlet3S2:H2B-tol2 (F1 of allele 324),pDQM005|pDQM133,302|324,,,tdmSG|tdmScarlet3,2xLynk|H2B,membrane|histone,tdmSG::2xLynk|tdmScarlet3::H2B,membrane|histone,tdmSG(membrane)|tdmScarlet3(histone),sheet,,,,
/clusterfs/vast/abcabc/Korra_Foundation/20251027_mem-histone/fish3_72hpf_roi2,20251027-plate61-slot2-roi18,20251027,61,2,18,20251027_mem-histone,20251027_mem-histone,fish3,3.0,72.0,,2880,20251027_mem-histone,2025-10-27,2025-10-27,ef1a:2xLynk:tdmSG(J) (F1 of allele 302),tdmScarlet3S2:H2B-tol2 (F1 of allele 324),pDQM005|pDQM133,302|324,,,tdmSG|tdmScarlet3,2xLynk|H2B,membrane|histone,tdmSG::2xLynk|tdmScarlet3::H2B,membrane|histone,tdmSG(membrane)|tdmScarlet3(histone),sheet,,,,
/clusterfs/vast/abcabc/Korra_Foundation/20251027_mem-histone/fish3_72hpf_roi3,20251027-plate61-slot2-roi19,20251027,61,2,19,20251027_mem-histone,20251027_mem-histone,fish3,3.0,72.0,,2880,20251027_mem-histone,2025-10-27,2025-10-27,ef1a:2xLynk:tdmSG(J) (F1 of allele 302),tdmScarlet3S2:H2B-tol2 (F1 of allele 324),pDQM005|pDQM133,302|324,,,tdmSG|tdmScarlet3,2xLynk|H2B,membrane|histone,tdmSG::2xLynk|tdmScarlet3::H2B,membrane|histone,tdmSG(membrane)|tdmScarlet3(histone),sheet,,,,
/clusterfs/vast/abcabc/Korra_Foundation/20251027_mem-histone/fish3_72hpf_roi3,20251027-plate61-slot2-roi20,20251027,61,2,20,20251027_mem-histone,20251027_mem-histone,fish3,3.0,72.0,,2880,20251027_mem-histone,2025-10-27,2025-10-27,ef1a:2xLynk:tdmSG(J) (F1 of allele 302),tdmScarlet3S2:H2B-tol2 (F1 of allele 324),pDQM005|pDQM133,302|324,,,tdmSG|tdmScarlet3,2xLynk|H2B,membrane|histone,tdmSG::2xLynk|tdmScarlet3::H2B,membrane|histone,tdmSG(membrane)|tdmScarlet3(histone),sheet,,,,
/clusterfs/vast/abcabc/Korra_Foundation/20251027_mem-histone/fish3_72hpf_roi4,20251027-plate61-slot2-roi21,20251027,61,2,21,20251027_mem-histone,20251027_mem-histone,fish3,3.0,72.0,,2880,20251027_mem-histone,2025-10-27,2025-10-27,ef1a:2xLynk:tdmSG(J) (F1 of allele 302),tdmScarlet3S2:H2B-tol2 (F1 of allele 324),pDQM005|pDQM133,302|324,,,tdmSG|tdmScarlet3,2xLynk|H2B,membrane|histone,tdmSG::2xLynk|tdmScarlet3::H2B,membrane|histone,tdmSG(membrane)|tdmScarlet3(histone),sheet,,,,
/clusterfs/vast/abcabc/Korra_Foundation/20251027_mem-histone/fish3_72hpf_roi4,20251027-plate61-slot2-roi22,20251027,61,2,22,20251027_mem-histone,20251027_mem-histone,fish3,3.0,72.0,,2880,20251027_mem-histone,2025-10-27,2025-10-27,ef1a:2xLynk:tdmSG(J) (F1 of allele 302),tdmScarlet3S2:H2B-tol2 (F1 of allele 324),pDQM005|pDQM133,302|324,,,tdmSG|tdmScarlet3,2xLynk|H2B,membrane|histone,tdmSG::2xLynk|tdmScarlet3::H2B,membrane|histone,tdmSG(membrane)|tdmScarlet3(histone),sheet,,,,
/clusterfs/vast/abcabc/Korra_Foundation/20251029_mem-histone/fish2_24hpf_roi1,20251029-plate62-slot2-roi1,20251029,62,2,1,20251029_mem-histone,20251029_mem-histone,fish2,2.0,24.0,,2880,20251029_mem-histone,2025-10-29,2025-10-29,ef1a:2xLynk:tdmSG(J) (F1 of allele 302),tdmScarlet3S2:H2B-tol2 (F1 of allele 324),pDQM005|pDQM133,302|324,,,tdmSG|tdmScarlet3,2xLynk|H2B,membrane|histone,tdmSG::2xLynk|tdmScarlet3::H2B,membrane|histone,tdmSG(membrane)|tdmScarlet3(histone)|mStayGold(mitochondria),sheet,,2xCox8A:mSG,,
/clusterfs/vast/abcabc/Korra_Foundation/20251029_mem-histone/fish3_24hpf_roi1,20251029-plate62-slot3-roi1,20251029,62,3,1,20251029_mem-histone,20251029_mem-histone,fish3,3.0,24.0,,2880,20251029_mem-histone,2025-10-29,2025-10-29,ef1a:2xLynk:tdmSG(J) (F1 of allele 302),tdmScarlet3S2:H2B-tol2 (F1 of allele 324),pDQM005|pDQM133,302|324,,,tdmSG|tdmScarlet3,2xLynk|H2B,membrane|histone,tdmSG::2xLynk|tdmScarlet3::H2B,membrane|histone,tdmSG(membrane)|tdmScarlet3(histone)|mStayGold(mitochondria),sheet,,2xCox8A:mSG,,
/clusterfs/vast/abcabc/Korra_Foundation/20251029_mem-histone/fish5_24hpf_roi1,20251029-plate62-slot5-roi1,20251029,62,5,1,20251029_mem-histone,20251029_mem-histone,fish5,5.0,24.0,,2880,20251029_mem-histone,2025-10-29,2025-10-29,ef1a:2xLynk:tdmSG(J) (F1 of allele 302),tdmScarlet3S2:H2B-tol2 (F1 of allele 324),pDQM005|pDQM133,302|324,,,tdmSG|tdmScarlet3,2xLynk|H2B,membrane|histone,tdmSG::2xLynk|tdmScarlet3::H2B,membrane|histone,tdmSG(membrane)|tdmScarlet3(histone)|mStayGold(mitochondria),sheet,,2xCox8A:mSG,,
/clusterfs/vast/abcabc/Korra_Foundation/20251029_mem-histone/fish5_24hpf_roi2,20251029-plate62-slot5-roi2,20251029,62,5,2,20251029_mem-histone,20251029_mem-histone,fish5,5.0,24.0,,2880,20251029_mem-histone,2025-10-29,2025-10-29,ef1a:2xLynk:tdmSG(J) (F1 of allele 302),tdmScarlet3S2:H2B-tol2 (F1 of allele 324),pDQM005|pDQM133,302|324,,,tdmSG|tdmScarlet3,2xLynk|H2B,membrane|histone,tdmSG::2xLynk|tdmScarlet3::H2B,membrane|histone,tdmSG(membrane)|tdmScarlet3(histone)|mStayGold(mitochondria),sheet,,2xCox8A:mSG,,
/clusterfs/vast/abcabc/Korra_Foundation/20251106_mem-mito/fish1_48hpf_roi1,20251106-plate63-slot1-roi1,20251106,63,1,1,20251106_mem-mito,20251106_mem-mito,fish1,1.0,48.0,,768,20251106_mem-mito,2025-11-06,2025-11-06,casper,ef1a:2xLynk:tdmChilada (F1 of allele 315),pDQM082,315,,,tdmChilada,2xLynk,membrane,tdmChilada::2xLynk,membrane,tdmChilada(membrane)|mStayGold(mitochondria),sheet,,2xCox8A:mSG,,
/clusterfs/vast/abcabc/Korra_Foundation/20251106_mem-mito/fish1_48hpf_roi2,20251106-plate63-slot1-roi3,20251106,63,1,3,20251106_mem-mito,20251106_mem-mito,fish1,1.0,48.0,,768,20251106_mem-mito,2025-11-06,2025-11-06,casper,ef1a:2xLynk:tdmChilada (F1 of allele 315),pDQM082,315,,,tdmChilada,2xLynk,membrane,tdmChilada::2xLynk,membrane,tdmChilada(membrane)|mStayGold(mitochondria),sheet,,2xCox8A:mSG,,
/clusterfs/vast/abcabc/Korra_Foundation/20251106_mem-mito/fish1_48hpf_roi3,20251106-plate63-slot1-roi5,20251106,63,1,5,20251106_mem-mito,20251106_mem-mito,fish1,1.0,48.0,,768,20251106_mem-mito,2025-11-06,2025-11-06,casper,ef1a:2xLynk:tdmChilada (F1 of allele 315),pDQM082,315,,,tdmChilada,2xLynk,membrane,tdmChilada::2xLynk,membrane,tdmChilada(membrane)|mStayGold(mitochondria),sheet,,2xCox8A:mSG,,
/clusterfs/vast/abcabc/Korra_Foundation/20251106_mem-mito/fish1_48hpf_roi4,20251106-plate63-slot1-roi6,20251106,63,1,6,20251106_mem-mito,20251106_mem-mito,fish1,1.0,48.0,,768,20251106_mem-mito,2025-11-06,2025-11-06,casper,ef1a:2xLynk:tdmChilada (F1 of allele 315),pDQM082,315,,,tdmChilada,2xLynk,membrane,tdmChilada::2xLynk,membrane,tdmChilada(membrane)|mStayGold(mitochondria),sheet,,2xCox8A:mSG,,
/clusterfs/vast/abcabc/Korra_Foundation/20251106_mem-mito/fish1_48hpf_roi5,20251106-plate63-slot1-roi7,20251106,63,1,7,20251106_mem-mito,20251106_mem-mito,fish1,1.0,48.0,,768,20251106_mem-mito,2025-11-06,2025-11-06,casper,ef1a:2xLynk:tdmChilada (F1 of allele 315),pDQM082,315,,,tdmChilada,2xLynk,membrane,tdmChilada::2xLynk,membrane,tdmChilada(membrane)|mStayGold(mitochondria),sheet,,2xCox8A:mSG,,
/clusterfs/vast/abcabc/Korra_Foundation/20251106_mem-mito/fish2_48hpf_roi1,20251106-plate63-slot2-roi1,20251106,63,2,1,20251106_mem-mito,20251106_mem-mito,fish2,2.0,48.0,,1024,20251106_mem-mito,2025-11-06,2025-11-06,casper,ef1a:2xLynk:tdmChilada (F1 of allele 315),pDQM082,315,,,tdmChilada,2xLynk,membrane,tdmChilada::2xLynk,membrane,tdmChilada(membrane)|mStayGold(mitochondria),sheet,,2xCox8A:mSG,,
/clusterfs/vast/abcabc/Korra_Foundation/20251106_mem-mito/fish2_48hpf_roi2,20251106-plate63-slot2-roi3,20251106,63,2,3,20251106_mem-mito,20251106_mem-mito,fish2,2.0,48.0,,1024,20251106_mem-mito,2025-11-06,2025-11-06,casper,ef1a:2xLynk:tdmChilada (F1 of allele 315),pDQM082,315,,,tdmChilada,2xLynk,membrane,tdmChilada::2xLynk,membrane,tdmChilada(membrane)|mStayGold(mitochondria),sheet,,2xCox8A:mSG,,
/clusterfs/vast/abcabc/Korra_Foundation/20251106_mem-mito/fish2_48hpf_roi3,20251106-plate63-slot2-roi5,20251106,63,2,5,20251106_mem-mito,20251106_mem-mito,fish2,2.0,48.0,,1024,20251106_mem-mito,2025-11-06,2025-11-06,casper,ef1a:2xLynk:tdmChilada (F1 of allele 315),pDQM082,315,,,tdmChilada,2xLynk,membrane,tdmChilada::2xLynk,membrane,tdmChilada(membrane)|mStayGold(mitochondria),sheet,,2xCox8A:mSG,,
/clusterfs/vast/abcabc/Korra_Foundation/20251106_mem-mito/fish2_48hpf_roi4,20251106-plate63-slot2-roi7,20251106,63,2,7,20251106_mem-mito,20251106_mem-mito,fish2,2.0,48.0,,1024,20251106_mem-mito,2025-11-06,2025-11-06,casper,ef1a:2xLynk:tdmChilada (F1 of allele 315),pDQM082,315,,,tdmChilada,2xLynk,membrane,tdmChilada::2xLynk,membrane,tdmChilada(membrane)|mStayGold(mitochondria),sheet,,2xCox8A:mSG,,
/clusterfs/vast/abcabc/Korra_Foundation/20251106_mem-mito/fish2_48hpf_roi5,20251106-plate63-slot2-roi9,20251106,63,2,9,20251106_mem-mito,20251106_mem-mito,fish2,2.0,48.0,,1024,20251106_mem-mito,2025-11-06,2025-11-06,casper,ef1a:2xLynk:tdmChilada (F1 of allele 315),pDQM082,315,,,tdmChilada,2xLynk,membrane,tdmChilada::2xLynk,membrane,tdmChilada(membrane)|mStayGold(mitochondria),sheet,,2xCox8A:mSG,,
/clusterfs/vast/abcabc/Korra_Foundation/20251110_mem-histone/fish1_48hpf_roi1,20251110-plate64-slot1-roi1,20251110,64,1,1,20251110_mem-histone,20251110_mem-histone,fish1,1.0,48.0,,12,20251110_mem-histone,2025-11-10,2025-11-10,ef1a:2xLynk:tdmSG(J) (F1 of allele 301),tdmScarlet3S2:H2B-tol2 (F1 of allele 324),pDQM005|pDQM133,301|324,,,tdmSG|tdmScarlet3,2xLynk|H2B,membrane|histone,tdmSG::2xLynk|tdmScarlet3::H2B,membrane|histone,tdmSG(membrane)|tdmScarlet3(histone),sheet,,,,
/clusterfs/vast/abcabc/Korra_Foundation/20251110_mem-histone/fish1_48hpf_roi2,20251110-plate64-slot1-roi2,20251110,64,1,2,20251110_mem-histone,20251110_mem-histone,fish1,1.0,48.0,,1920,20251110_mem-histone,2025-11-10,2025-11-10,ef1a:2xLynk:tdmSG(J) (F1 of allele 301),tdmScarlet3S2:H2B-tol2 (F1 of allele 324),pDQM005|pDQM133,301|324,,,tdmSG|tdmScarlet3,2xLynk|H2B,membrane|histone,tdmSG::2xLynk|tdmScarlet3::H2B,membrane|histone,tdmSG(membrane)|tdmScarlet3(histone),sheet,,,,
/clusterfs/vast/abcabc/Korra_Foundation/20251110_mem-histone/fish2_48hpf_roi1,20251110-plate64-slot2-roi1,20251110,64,2,1,20251110_mem-histone,20251110_mem-histone,fish2,2.0,48.0,,12,20251110_mem-histone,2025-11-10,2025-11-10,ef1a:2xLynk:tdmSG(J) (F1 of allele 301),tdmScarlet3S2:H2B-tol2 (F1 of allele 324),pDQM005|pDQM133,301|324,,,tdmSG|tdmScarlet3,2xLynk|H2B,membrane|histone,tdmSG::2xLynk|tdmScarlet3::H2B,membrane|histone,tdmSG(membrane)|tdmScarlet3(histone),sheet,,,,
/clusterfs/vast/abcabc/Korra_Foundation/20251110_mem-histone/fish2_48hpf_roi1-2,20251110-plate64-slot2-roi2,20251110,64,2,2,20251110_mem-histone,20251110_mem-histone,fish2,2.0,48.0,fish2|roi1-2,3840,20251110_mem-histone,2025-11-10,2025-11-10,ef1a:2xLynk:tdmSG(J) (F1 of allele 301),tdmScarlet3S2:H2B-tol2 (F1 of allele 324),pDQM005|pDQM133,301|324,,,tdmSG|tdmScarlet3,2xLynk|H2B,membrane|histone,tdmSG::2xLynk|tdmScarlet3::H2B,membrane|histone,tdmSG(membrane)|tdmScarlet3(histone),sheet,,,,
/clusterfs/vast/abcabc/Korra_Foundation/20251110_mem-histone/fish3_48hpf_roi1,20251110-plate64-slot3-roi1,20251110,64,3,1,20251110_mem-histone,20251110_mem-histone,fish3,3.0,48.0,,9360,20251110_mem-histone,2025-11-10,2025-11-10,ef1a:2xLynk:tdmSG(J) (F1 of allele 301),tdmScarlet3S2:H2B-tol2 (F1 of allele 324),pDQM005|pDQM133,301|324,,,tdmSG|tdmScarlet3,2xLynk|H2B,membrane|histone,tdmSG::2xLynk|tdmScarlet3::H2B,membrane|histone,tdmSG(membrane)|tdmScarlet3(histone),sheet,,,,
/clusterfs/vast/abcabc/Korra_Foundation/20251110_mem-histone/fish4_48hpf_roi1,20251110-plate64-slot4-roi1,20251110,64,4,1,20251110_mem-histone,20251110_mem-histone,fish4,4.0,48.0,,144,20251110_mem-histone,2025-11-10,2025-11-10,ef1a:2xLynk:tdmSG(J) (F1 of allele 301),tdmScarlet3S2:H2B-tol2 (F1 of allele 324),pDQM005|pDQM133,301|324,,,tdmSG|tdmScarlet3,2xLynk|H2B,membrane|histone,tdmSG::2xLynk|tdmScarlet3::H2B,membrane|histone,tdmSG(membrane)|tdmScarlet3(histone),sheet,,,,
/clusterfs/vast/abcabc/Korra_Foundation/20251112_mem-mito/fish2_48hpf_roi1,20251112-plate65-slot1-roi1,20251112,65,1,1,20251112_mem-mito,20251112_mem-mito,fish2,2.0,48.0,,1280,20251112_mem-mito,2025-11-12,2025-11-12,casper,memrane tdmScarlet3S2 (F1 of allele 325),pDQM136,325,,,tdmScarlet3,2xLynk,membrane,tdmScarlet3::2xLynk,membrane,tdmScarlet3(membrane),sheet,MGCO-01(ef1a-2Xcox8A-linker-mStayGold-SV40-attb-tol2),,,
/clusterfs/vast/abcabc/Korra_Foundation/20251112_mem-mito/fish2_48hpf_roi2,20251112-plate65-slot1-roi2,20251112,65,1,2,20251112_mem-mito,20251112_mem-mito,fish2,2.0,48.0,,1280,20251112_mem-mito,2025-11-12,2025-11-12,casper,memrane tdmScarlet3S2 (F1 of allele 325),pDQM136,325,,,tdmScarlet3,2xLynk,membrane,tdmScarlet3::2xLynk,membrane,tdmScarlet3(membrane),sheet,MGCO-01(ef1a-2Xcox8A-linker-mStayGold-SV40-attb-tol2),,,
/clusterfs/vast/abcabc/Korra_Foundation/20251112_mem-mito/fish2_48hpf_roi3,20251112-plate65-slot1-roi3,20251112,65,1,3,20251112_mem-mito,20251112_mem-mito,fish2,2.0,48.0,,1280,20251112_mem-mito,2025-11-12,2025-11-12,casper,memrane tdmScarlet3S2 (F1 of allele 325),pDQM136,325,,,tdmScarlet3,2xLynk,membrane,tdmScarlet3::2xLynk,membrane,tdmScarlet3(membrane),sheet,MGCO-01(ef1a-2Xcox8A-linker-mStayGold-SV40-attb-tol2),,,
/clusterfs/vast/abcabc/Korra_Foundation/20251112_mem-mito/fish3_48hpf_roi1,20251112-plate65-slot2-roi1,20251112,65,2,1,20251112_mem-mito,20251112_mem-mito,fish3,3.0,48.0,,1280,20251112_mem-mito,2025-11-12,2025-11-12,casper,memrane tdmScarlet3S2 (F1 of allele 325),pDQM136,325,,,tdmScarlet3,2xLynk,membrane,tdmScarlet3::2xLynk,membrane,tdmScarlet3(membrane),sheet,MGCO-01(ef1a-2Xcox8A-linker-mStayGold-SV40-attb-tol2),,,
/clusterfs/vast/abcabc/Korra_Foundation/20251112_mem-mito/fish3_48hpf_roi2,20251112-plate65-slot2-roi2,20251112,65,2,2,20251112_mem-mito,20251112_mem-mito,fish3,3.0,48.0,,1280,20251112_mem-mito,2025-11-12,2025-11-12,casper,memrane tdmScarlet3S2 (F1 of allele 325),pDQM136,325,,,tdmScarlet3,2xLynk,membrane,tdmScarlet3::2xLynk,membrane,tdmScarlet3(membrane),sheet,MGCO-01(ef1a-2Xcox8A-linker-mStayGold-SV40-attb-tol2),,,
/clusterfs/vast/abcabc/Korra_Foundation/20251112_mem-mito/fish3_48hpf_roi3,20251112-plate65-slot2-roi3,20251112,65,2,3,20251112_mem-mito,20251112_mem-mito,fish3,3.0,48.0,,1280,20251112_mem-mito,2025-11-12,2025-11-12,casper,memrane tdmScarlet3S2 (F1 of allele 325),pDQM136,325,,,tdmScarlet3,2xLynk,membrane,tdmScarlet3::2xLynk,membrane,tdmScarlet3(membrane),sheet,MGCO-01(ef1a-2Xcox8A-linker-mStayGold-SV40-attb-tol2),,,
/clusterfs/vast/abcabc/Korra_Foundation/20251112_mem-mito/fish3_48hpf_roi4,20251112-plate65-slot2-roi4,20251112,65,2,4,20251112_mem-mito,20251112_mem-mito,fish3,3.0,48.0,,1280,20251112_mem-mito,2025-11-12,2025-11-12,casper,memrane tdmScarlet3S2 (F1 of allele 325),pDQM136,325,,,tdmScarlet3,2xLynk,membrane,tdmScarlet3::2xLynk,membrane,tdmScarlet3(membrane),sheet,MGCO-01(ef1a-2Xcox8A-linker-mStayGold-SV40-attb-tol2),,,
/clusterfs/vast/abcabc/Korra_Foundation/20251112_mem-mito/fish4_48hpf_roi1,20251112-plate65-slot3-roi1,20251112,65,3,1,20251112_mem-mito,20251112_mem-mito,fish4,4.0,48.0,,1280,20251112_mem-mito,2025-11-12,2025-11-12,casper,memrane tdmScarlet3S2 (F1 of allele 325),pDQM136,325,,,tdmScarlet3,2xLynk,membrane,tdmScarlet3::2xLynk,membrane,tdmScarlet3(membrane),sheet,MGCO-01(ef1a-2Xcox8A-linker-mStayGold-SV40-attb-tol2),,,
/clusterfs/vast/abcabc/Korra_Foundation/20251112_mem-mito/fish4_48hpf_roi2,20251112-plate65-slot3-roi2,20251112,65,3,2,20251112_mem-mito,20251112_mem-mito,fish4,4.0,48.0,,852,20251112_mem-mito,2025-11-12,2025-11-12,casper,memrane tdmScarlet3S2 (F1 of allele 325),pDQM136,325,,,tdmScarlet3,2xLynk,membrane,tdmScarlet3::2xLynk,membrane,tdmScarlet3(membrane),sheet,MGCO-01(ef1a-2Xcox8A-linker-mStayGold-SV40-attb-tol2),,,
/clusterfs/vast/abcabc/Aang_Foundation/20250721_72hpf_mrna_mSG_organelle_LLS-SIM/er_roi1,20250721-plate66-slot1-roi1,20250721,66,1,1,20250721_72hpf_mrna_mSG_organelle_LLS-SIM,20250721_72hpf_mrna_mSG_organelle_LLS-SIM,er_roi1,,72.0,,74,20250721_72hpf_mrna_mSG_organelle_LLS-SIM,2025-07-21,2025-07-21,,,,,,,,,,,,,inferred,,,,
/clusterfs/vast/abcabc/Aang_Foundation/20250721_72hpf_mrna_mSG_organelle_LLS-SIM/er_roi2,20250721-plate66-slot2-roi1,20250721,66,2,1,20250721_72hpf_mrna_mSG_organelle_LLS-SIM,20250721_72hpf_mrna_mSG_organelle_LLS-SIM,er_roi2,,72.0,,74,20250721_72hpf_mrna_mSG_organelle_LLS-SIM,2025-07-21,2025-07-21,,,,,,,,,,,,,inferred,,,,
/clusterfs/vast/abcabc/Aang_Foundation/20250721_72hpf_mrna_mSG_organelle_LLS-SIM/er_roi3,20250721-plate66-slot3-roi1,20250721,66,3,1,20250721_72hpf_mrna_mSG_organelle_LLS-SIM,20250721_72hpf_mrna_mSG_organelle_LLS-SIM,er_roi3,,72.0,,80,20250721_72hpf_mrna_mSG_organelle_LLS-SIM,2025-07-21,2025-07-21,,,,,,,,,,,,,inferred,,,,
/clusterfs/vast/abcabc/Aang_Foundation/20250721_72hpf_mrna_mSG_organelle_LLS-SIM/mito_roi1,20250721-plate66-slot4-roi1,20250721,66,4,1,20250721_72hpf_mrna_mSG_organelle_LLS-SIM,20250721_72hpf_mrna_mSG_organelle_LLS-SIM,mito_roi1,,72.0,,50,20250721_72hpf_mrna_mSG_organelle_LLS-SIM,2025-07-21,2025-07-21,,,,,,,,,,,,,inferred,,,,
/clusterfs/vast/abcabc/Aang_Foundation/20250721_72hpf_mrna_mSG_organelle_LLS-SIM/mito_roi2,20250721-plate66-slot5-roi1,20250721,66,5,1,20250721_72hpf_mrna_mSG_organelle_LLS-SIM,20250721_72hpf_mrna_mSG_organelle_LLS-SIM,mito_roi2,,72.0,,80,20250721_72hpf_mrna_mSG_organelle_LLS-SIM,2025-07-21,2025-07-21,,,,,,,,,,,,,inferred,,,,
/clusterfs/vast/abcabc/Aang_Foundation/20250722_mem-halo_er-mSG/fish1_24hpf_roi1,20250722-plate67-slot1-roi1,20250722,67,1,1,20250722_mem-halo_er-mSG,20250722_mem-halo_er-mSG,fish1,1.0,24.0,,33,20250722_mem-halo_er-mSG,2025-07-22,2025-07-22,membrane Halo,membrane Halo,pSWIN01,is01,,,nan,nan,nan,,nan,mStayGold(ER),sheet,,mSG:sec61b,,JF 635
/clusterfs/vast/abcabc/Aang_Foundation/20250722_mem-halo_er-mSG/fish1_24hpf_roi2,20250722-plate67-slot1-roi2,20250722,67,1,2,20250722_mem-halo_er-mSG,20250722_mem-halo_er-mSG,fish1,1.0,24.0,,109,20250722_mem-halo_er-mSG,2025-07-22,2025-07-22,membrane Halo,membrane Halo,pSWIN01,is01,,,nan,nan,nan,,nan,mStayGold(ER),sheet,,mSG:sec61b,,JF 635
/clusterfs/vast/abcabc/Aang_Foundation/20250722_mem-halo_er-mSG/fish1_24hpf_roi3,20250722-plate67-slot1-roi3,20250722,67,1,3,20250722_mem-halo_er-mSG,20250722_mem-halo_er-mSG,fish1,1.0,24.0,,37,20250722_mem-halo_er-mSG,2025-07-22,2025-07-22,membrane Halo,membrane Halo,pSWIN01,is01,,,nan,nan,nan,,nan,mStayGold(ER),sheet,,mSG:sec61b,,JF 635
/clusterfs/vast/abcabc/Aang_Foundation/20250722_mem-halo_er-mSG/fish1_24hpf_roi4,20250722-plate67-slot1-roi4,20250722,67,1,4,20250722_mem-halo_er-mSG,20250722_mem-halo_er-mSG,fish1,1.0,24.0,,140,20250722_mem-halo_er-mSG,2025-07-22,2025-07-22,membrane Halo,membrane Halo,pSWIN01,is01,,,nan,nan,nan,,nan,mStayGold(ER),sheet,,mSG:sec61b,,JF 635
/clusterfs/vast/abcabc/Aang_Foundation/20250722_mem-halo_er-mSG/fish1_24hpf_roi5,20250722-plate67-slot1-roi5,20250722,67,1,5,20250722_mem-halo_er-mSG,20250722_mem-halo_er-mSG,fish1,1.0,24.0,,37,20250722_mem-halo_er-mSG,2025-07-22,2025-07-22,membrane Halo,membrane Halo,pSWIN01,is01,,,nan,nan,nan,,nan,mStayGold(ER),sheet,,mSG:sec61b,,JF 635
/clusterfs/vast/abcabc/Aang_Foundation/20250722_mem-halo_er-mSG/fish2_24hpf_roi1,20250722-plate67-slot2-roi1,20250722,67,2,1,20250722_mem-halo_er-mSG,20250722_mem-halo_er-mSG,fish2,2.0,24.0,,109,20250722_mem-halo_er-mSG,2025-07-22,2025-07-22,membrane Halo,membrane Halo,pSWIN01,is01,,,nan,nan,nan,,nan,mStayGold(ER),sheet,,mSG:sec61b,,JF 635
/clusterfs/vast/abcabc/Aang_Foundation/20250722_mem-halo_er-mSG/fish2_24hpf_roi2,20250722-plate67-slot2-roi2,20250722,67,2,2,20250722_mem-halo_er-mSG,20250722_mem-halo_er-mSG,fish2,2.0,24.0,,105,20250722_mem-halo_er-mSG,2025-07-22,2025-07-22,membrane Halo,membrane Halo,pSWIN01,is01,,,nan,nan,nan,,nan,mStayGold(ER),sheet,,mSG:sec61b,,JF 635
/clusterfs/vast/abcabc/Aang_Foundation/20250722_mem-halo_er-mSG/fish2_24hpf_roi3,20250722-plate67-slot2-roi3,20250722,67,2,3,20250722_mem-halo_er-mSG,20250722_mem-halo_er-mSG,fish2,2.0,24.0,,105,20250722_mem-halo_er-mSG,2025-07-22,2025-07-22,membrane Halo,membrane Halo,pSWIN01,is01,,,nan,nan,nan,,nan,mStayGold(ER),sheet,,mSG:sec61b,,JF 635
/clusterfs/vast/abcabc/Aang_Foundation/20250722_mem-halo_er-mSG/fish2_24hpf_roi4,20250722-plate67-slot2-roi4,20250722,67,2,4,20250722_mem-halo_er-mSG,20250722_mem-halo_er-mSG,fish2,2.0,24.0,,35,20250722_mem-halo_er-mSG,2025-07-22,2025-07-22,membrane Halo,membrane Halo,pSWIN01,is01,,,nan,nan,nan,,nan,mStayGold(ER),sheet,,mSG:sec61b,,JF 635
/clusterfs/vast/abcabc/Aang_Foundation/20250722_mrna_mito-mSG_mem-mChilada/fish1_roi1,20250722-plate68-slot1-roi1,20250722,68,1,1,20250722_mrna_mito-mSG_mem-mChilada,20250722_mrna_mito-mSG_mem-mChilada,fish1,1.0,,,40,20250722_mrna_mito-mSG_mem-mChilada,2025-07-22,2025-07-22,membrane mChilada,membrane mChilada,pDQM082,315,,,tdmChilada,2xLynk,membrane,tdmChilada::2xLynk,membrane,tdmChilada(membrane)|mStayGold(mitochondria),sheet,,2xCox8A:mSG,,
/clusterfs/vast/abcabc/Aang_Foundation/20250722_mrna_mito-mSG_mem-mChilada/fish1_roi2,20250722-plate68-slot1-roi2,20250722,68,1,2,20250722_mrna_mito-mSG_mem-mChilada,20250722_mrna_mito-mSG_mem-mChilada,fish1,1.0,,,65,20250722_mrna_mito-mSG_mem-mChilada,2025-07-22,2025-07-22,membrane mChilada,membrane mChilada,pDQM082,315,,,tdmChilada,2xLynk,membrane,tdmChilada::2xLynk,membrane,tdmChilada(membrane)|mStayGold(mitochondria),sheet,,2xCox8A:mSG,,
/clusterfs/vast/abcabc/Aang_Foundation/20250722_mrna_mito-mSG_mem-mChilada/fish1_roi3,20250722-plate68-slot1-roi3,20250722,68,1,3,20250722_mrna_mito-mSG_mem-mChilada,20250722_mrna_mito-mSG_mem-mChilada,fish1,1.0,,,61,20250722_mrna_mito-mSG_mem-mChilada,2025-07-22,2025-07-22,membrane mChilada,membrane mChilada,pDQM082,315,,,tdmChilada,2xLynk,membrane,tdmChilada::2xLynk,membrane,tdmChilada(membrane)|mStayGold(mitochondria),sheet,,2xCox8A:mSG,,
/clusterfs/vast/abcabc/Aang_Foundation/20250722_mrna_mito-mSG_mem-mChilada/fish2_48hpf_roi1,20250722-plate68-slot2-roi1,20250722,68,2,1,20250722_mrna_mito-mSG_mem-mChilada,20250722_mrna_mito-mSG_mem-mChilada,fish2,2.0,48.0,,56,20250722_mrna_mito-mSG_mem-mChilada,2025-07-22,2025-07-22,membrane mChilada,membrane mChilada,pDQM082,315,,,tdmChilada,2xLynk,membrane,tdmChilada::2xLynk,membrane,tdmChilada(membrane)|mStayGold(mitochondria),sheet,,2xCox8A:mSG,,
/clusterfs/vast/abcabc/Aang_Foundation/20250722_mrna_mito-mSG_mem-mChilada/fish2_48hpf_roi2,20250722-plate68-slot2-roi2,20250722,68,2,2,20250722_mrna_mito-mSG_mem-mChilada,20250722_mrna_mito-mSG_mem-mChilada,fish2,2.0,48.0,,70,20250722_mrna_mito-mSG_mem-mChilada,2025-07-22,2025-07-22,membrane mChilada,membrane mChilada,pDQM082,315,,,tdmChilada,2xLynk,membrane,tdmChilada::2xLynk,membrane,tdmChilada(membrane)|mStayGold(mitochondria),sheet,,2xCox8A:mSG,,
/clusterfs/vast/abcabc/Aang_Foundation/20250722_mrna_mito-mSG_mem-mChilada/fish2_48hpf_roi3,20250722-plate68-slot2-roi3,20250722,68,2,3,20250722_mrna_mito-mSG_mem-mChilada,20250722_mrna_mito-mSG_mem-mChilada,fish2,2.0,48.0,,93,20250722_mrna_mito-mSG_mem-mChilada,2025-07-22,2025-07-22,membrane mChilada,membrane mChilada,pDQM082,315,,,tdmChilada,2xLynk,membrane,tdmChilada::2xLynk,membrane,tdmChilada(membrane)|mStayGold(mitochondria),sheet,,2xCox8A:mSG,,
/clusterfs/vast/abcabc/Aang_Foundation/20250722_mrna_mito-mSG_mem-mChilada/fish2_48hpf_roi4,20250722-plate68-slot2-roi4,20250722,68,2,4,20250722_mrna_mito-mSG_mem-mChilada,20250722_mrna_mito-mSG_mem-mChilada,fish2,2.0,48.0,,70,20250722_mrna_mito-mSG_mem-mChilada,2025-07-22,2025-07-22,membrane mChilada,membrane mChilada,pDQM082,315,,,tdmChilada,2xLynk,membrane,tdmChilada::2xLynk,membrane,tdmChilada(membrane)|mStayGold(mitochondria),sheet,,2xCox8A:mSG,,
/clusterfs/vast/abcabc/Aang_Foundation/20250722_mrna_mito-mSG_mem-mChilada/fish2_48hpf_roi5,20250722-plate68-slot2-roi5,20250722,68,2,5,20250722_mrna_mito-mSG_mem-mChilada,20250722_mrna_mito-mSG_mem-mChilada,fish2,2.0,48.0,,72,20250722_mrna_mito-mSG_mem-mChilada,2025-07-22,2025-07-22,membrane mChilada,membrane mChilada,pDQM082,315,,,tdmChilada,2xLynk,membrane,tdmChilada::2xLynk,membrane,tdmChilada(membrane)|mStayGold(mitochondria),sheet,,2xCox8A:mSG,,
/clusterfs/vast/abcabc/Aang_Foundation/20250722_mrna_mito-mSG_mem-mChilada/fish3_48hpf_roi1,20250722-plate68-slot3-roi1,20250722,68,3,1,20250722_mrna_mito-mSG_mem-mChilada,20250722_mrna_mito-mSG_mem-mChilada,fish3,3.0,48.0,,70,20250722_mrna_mito-mSG_mem-mChilada,2025-07-22,2025-07-22,membrane mChilada,membrane mChilada,pDQM082,315,,,tdmChilada,2xLynk,membrane,tdmChilada::2xLynk,membrane,tdmChilada(membrane)|mStayGold(mitochondria),sheet,,2xCox8A:mSG,,
/clusterfs/vast/abcabc/Aang_Foundation/20250722_mrna_mito-mSG_mem-mChilada/fish3_48hpf_roi2,20250722-plate68-slot3-roi2,20250722,68,3,2,20250722_mrna_mito-mSG_mem-mChilada,20250722_mrna_mito-mSG_mem-mChilada,fish3,3.0,48.0,,70,20250722_mrna_mito-mSG_mem-mChilada,2025-07-22,2025-07-22,membrane mChilada,membrane mChilada,pDQM082,315,,,tdmChilada,2xLynk,membrane,tdmChilada::2xLynk,membrane,tdmChilada(membrane)|mStayGold(mitochondria),sheet,,2xCox8A:mSG,,
/clusterfs/vast/abcabc/Aang_Foundation/20250722_mrna_mito-mSG_mem-mChilada/fish3_48hpf_roi3,20250722-plate68-slot3-roi3,20250722,68,3,3,20250722_mrna_mito-mSG_mem-mChilada,20250722_mrna_mito-mSG_mem-mChilada,fish3,3.0,48.0,,70,20250722_mrna_mito-mSG_mem-mChilada,2025-07-22,2025-07-22,membrane mChilada,membrane mChilada,pDQM082,315,,,tdmChilada,2xLynk,membrane,tdmChilada::2xLynk,membrane,tdmChilada(membrane)|mStayGold(mitochondria),sheet,,2xCox8A:mSG,,
/clusterfs/vast/abcabc/Aang_Foundation/20250722_mrna_mito-mSG_mem-mChilada/fish3_48hpf_roi4,20250722-plate68-slot3-roi4,20250722,68,3,4,20250722_mrna_mito-mSG_mem-mChilada,20250722_mrna_mito-mSG_mem-mChilada,fish3,3.0,48.0,,70,20250722_mrna_mito-mSG_mem-mChilada,2025-07-22,2025-07-22,membrane mChilada,membrane mChilada,pDQM082,315,,,tdmChilada,2xLynk,membrane,tdmChilada::2xLynk,membrane,tdmChilada(membrane)|mStayGold(mitochondria),sheet,,2xCox8A:mSG,,
/clusterfs/vast/abcabc/Aang_Foundation/20250723_er-mSG_mem-mChilada/fish1_24hpf_roi1,20250723-plate69-slot1-roi1,20250723,69,1,1,20250723_er-mSG_mem-mChilada,20250723_er-mSG_mem-mChilada,fish1,1.0,24.0,,390,20250723_er-mSG_mem-mChilada,2025-07-23,2025-07-23,,,,,,,,,,,,,inferred,,,,
/clusterfs/vast/abcabc/Aang_Foundation/20250805_lifeact_mem-halo/fish1_48hpf_roi1,20250805-plate70-slot1-roi1,20250805,70,1,1,20250805_lifeact_mem-halo,20250805_lifeact_mem-halo,fish1,1.0,48.0,,390,20250805_lifeact_mem-halo,2025-08-05,2025-08-05,,,,,,,,,,,,,inferred,,,,
/clusterfs/vast/abcabc/Aang_Foundation/20250805_lifeact_mem-halo/fish1_48hpf_roi2,20250805-plate70-slot1-roi2,20250805,70,1,2,20250805_lifeact_mem-halo,20250805_lifeact_mem-halo,fish1,1.0,48.0,,390,20250805_lifeact_mem-halo,2025-08-05,2025-08-05,,,,,,,,,,,,,inferred,,,,
/clusterfs/vast/abcabc/Aang_Foundation/20250805_lifeact_mem-halo/fish1_48hpf_roi3,20250805-plate70-slot1-roi3,20250805,70,1,3,20250805_lifeact_mem-halo,20250805_lifeact_mem-halo,fish1,1.0,48.0,,390,20250805_lifeact_mem-halo,2025-08-05,2025-08-05,,,,,,,,,,,,,inferred,,,,
/clusterfs/vast/abcabc/Aang_Foundation/20250805_lifeact_mem-halo/fish1_48hpf_roi4,20250805-plate70-slot1-roi4,20250805,70,1,4,20250805_lifeact_mem-halo,20250805_lifeact_mem-halo,fish1,1.0,48.0,,390,20250805_lifeact_mem-halo,2025-08-05,2025-08-05,,,,,,,,,,,,,inferred,,,,
/clusterfs/vast/abcabc/Aang_Foundation/20250805_lifeact_mem-halo/fish1_48hpf_roi5,20250805-plate70-slot1-roi5,20250805,70,1,5,20250805_lifeact_mem-halo,20250805_lifeact_mem-halo,fish1,1.0,48.0,,390,20250805_lifeact_mem-halo,2025-08-05,2025-08-05,,,,,,,,,,,,,inferred,,,,
/clusterfs/vast/abcabc/Aang_Foundation/20250805_mito_mem-halo/fish1_24hpf_roi1,20250805-plate71-slot1-roi1,20250805,71,1,1,20250805_mito_mem-halo,20250805_mito_mem-halo,fish1,1.0,24.0,,390,20250805_mito_mem-halo,2025-08-05,2025-08-05,membrane Halo,membrane Halo,pSWIN01,is01,,,nan,nan,nan,,nan,mStayGold(mitochondria),sheet,,2xCox8A:mSG,,
/clusterfs/vast/abcabc/Aang_Foundation/20250805_mito_mem-halo/fish1_24hpf_roi2,20250805-plate71-slot1-roi2,20250805,71,1,2,20250805_mito_mem-halo,20250805_mito_mem-halo,fish1,1.0,24.0,,390,20250805_mito_mem-halo,2025-08-05,2025-08-05,membrane Halo,membrane Halo,pSWIN01,is01,,,nan,nan,nan,,nan,mStayGold(mitochondria),sheet,,2xCox8A:mSG,,
/clusterfs/vast/abcabc/Aang_Foundation/20250805_mito_mem-halo/fish2_24hpf_roi1,20250805-plate71-slot2-roi1,20250805,71,2,1,20250805_mito_mem-halo,20250805_mito_mem-halo,fish2,2.0,24.0,,390,20250805_mito_mem-halo,2025-08-05,2025-08-05,membrane Halo,membrane Halo,pSWIN01,is01,,,nan,nan,nan,,nan,mStayGold(mitochondria),sheet,,2xCox8A:mSG,,
/clusterfs/vast/abcabc/Aang_Foundation/20250805_mito_mem-halo/fish2_24hpf_roi2,20250805-plate71-slot2-roi2,20250805,71,2,2,20250805_mito_mem-halo,20250805_mito_mem-halo,fish2,2.0,24.0,,390,20250805_mito_mem-halo,2025-08-05,2025-08-05,membrane Halo,membrane Halo,pSWIN01,is01,,,nan,nan,nan,,nan,mStayGold(mitochondria),sheet,,2xCox8A:mSG,,
/clusterfs/vast/abcabc/Aang_Foundation/20250805_mito_mem-halo/fish2_24hpf_roi3,20250805-plate71-slot2-roi3,20250805,71,2,3,20250805_mito_mem-halo,20250805_mito_mem-halo,fish2,2.0,24.0,,390,20250805_mito_mem-halo,2025-08-05,2025-08-05,membrane Halo,membrane Halo,pSWIN01,is01,,,nan,nan,nan,,nan,mStayGold(mitochondria),sheet,,2xCox8A:mSG,,
/clusterfs/vast/abcabc/Aang_Foundation/20250805_mito_mem-halo/fish3_24hpf_roi1,20250805-plate71-slot3-roi1,20250805,71,3,1,20250805_mito_mem-halo,20250805_mito_mem-halo,fish3,3.0,24.0,,390,20250805_mito_mem-halo,2025-08-05,2025-08-05,membrane Halo,membrane Halo,pSWIN01,is01,,,nan,nan,nan,,nan,mStayGold(mitochondria),sheet,,2xCox8A:mSG,,
/clusterfs/vast/abcabc/Aang_Foundation/20250805_mito_mem-halo/fish3_24hpf_roi2,20250805-plate71-slot3-roi2,20250805,71,3,2,20250805_mito_mem-halo,20250805_mito_mem-halo,fish3,3.0,24.0,,780,20250805_mito_mem-halo,2025-08-05,2025-08-05,membrane Halo,membrane Halo,pSWIN01,is01,,,nan,nan,nan,,nan,mStayGold(mitochondria),sheet,,2xCox8A:mSG,,
/clusterfs/vast/abcabc/Aang_Foundation/20250808_mem_organelle/fish1_24hpf_mem-mchilada_lyso-mSG/roi1,20250808-plate72-slot1-roi1,20250808,72,1,1,20250808_mem_organelle,20250808_mem_organelle,fish1,1.0,24.0,,108,20250808_mem_organelle,2025-08-08,2025-08-08,membrane mChilada,membrane mChilada,pDQM082,315,,,tdmChilada,2xLynk,membrane,tdmChilada::2xLynk,membrane,tdmChilada(membrane)|mStayGold(mitochondria)|mStayGold(lysosome),sheet,,2xCox8A:mSG|LAMP1:mSG,,
/clusterfs/vast/abcabc/Aang_Foundation/20250808_mem_organelle/fish1_24hpf_mem-mchilada_lyso-mSG/roi1,20250808-plate72-slot1-roi2,20250808,72,1,2,20250808_mem_organelle,20250808_mem_organelle,fish1,1.0,24.0,,108,20250808_mem_organelle,2025-08-08,2025-08-08,membrane mChilada,membrane mChilada,pDQM082,315,,,tdmChilada,2xLynk,membrane,tdmChilada::2xLynk,membrane,tdmChilada(membrane)|mStayGold(mitochondria)|mStayGold(lysosome),sheet,,2xCox8A:mSG|LAMP1:mSG,,
/clusterfs/vast/abcabc/Aang_Foundation/20250808_mem_organelle/fish1_24hpf_mem-mchilada_lyso-mSG/roi1_1,20250808-plate72-slot1-roi3,20250808,72,1,3,20250808_mem_organelle,20250808_mem_organelle,fish1,1.0,24.0,,300,20250808_mem_organelle,2025-08-08,2025-08-08,membrane mChilada,membrane mChilada,pDQM082,315,,,tdmChilada,2xLynk,membrane,tdmChilada::2xLynk,membrane,tdmChilada(membrane)|mStayGold(mitochondria)|mStayGold(lysosome),sheet,,2xCox8A:mSG|LAMP1:mSG,,
/clusterfs/vast/abcabc/Aang_Foundation/20250808_mem_organelle/fish1_24hpf_mem-mchilada_lyso-mSG/roi1_1,20250808-plate72-slot1-roi4,20250808,72,1,4,20250808_mem_organelle,20250808_mem_organelle,fish1,1.0,24.0,,300,20250808_mem_organelle,2025-08-08,2025-08-08,membrane mChilada,membrane mChilada,pDQM082,315,,,tdmChilada,2xLynk,membrane,tdmChilada::2xLynk,membrane,tdmChilada(membrane)|mStayGold(mitochondria)|mStayGold(lysosome),sheet,,2xCox8A:mSG|LAMP1:mSG,,
/clusterfs/vast/abcabc/Aang_Foundation/20250808_mem_organelle/fish1_24hpf_mem-mchilada_lyso-mSG/roi1_test,20250808-plate72-slot1-roi5,20250808,72,1,5,20250808_mem_organelle,20250808_mem_organelle,fish1,1.0,24.0,test,6,20250808_mem_organelle,2025-08-08,2025-08-08,membrane mChilada,membrane mChilada,pDQM082,315,,,tdmChilada,2xLynk,membrane,tdmChilada::2xLynk,membrane,tdmChilada(membrane)|mStayGold(mitochondria)|mStayGold(lysosome),sheet,,2xCox8A:mSG|LAMP1:mSG,,
/clusterfs/vast/abcabc/Aang_Foundation/20250808_mem_organelle/fish1_24hpf_mem-mchilada_lyso-mSG/roi1_test,20250808-plate72-slot1-roi6,20250808,72,1,6,20250808_mem_organelle,20250808_mem_organelle,fish1,1.0,24.0,test,6,20250808_mem_organelle,2025-08-08,2025-08-08,membrane mChilada,membrane mChilada,pDQM082,315,,,tdmChilada,2xLynk,membrane,tdmChilada::2xLynk,membrane,tdmChilada(membrane)|mStayGold(mitochondria)|mStayGold(lysosome),sheet,,2xCox8A:mSG|LAMP1:mSG,,
/clusterfs/vast/abcabc/Aang_Foundation/20250808_mem_organelle/fish1_24hpf_mem-mchilada_lyso-mSG/roi2,20250808-plate72-slot1-roi7,20250808,72,1,7,20250808_mem_organelle,20250808_mem_organelle,fish1,1.0,24.0,,300,20250808_mem_organelle,2025-08-08,2025-08-08,membrane mChilada,membrane mChilada,pDQM082,315,,,tdmChilada,2xLynk,membrane,tdmChilada::2xLynk,membrane,tdmChilada(membrane)|mStayGold(mitochondria)|mStayGold(lysosome),sheet,,2xCox8A:mSG|LAMP1:mSG,,
/clusterfs/vast/abcabc/Aang_Foundation/20250808_mem_organelle/fish1_24hpf_mem-mchilada_lyso-mSG/roi2,20250808-plate72-slot1-roi8,20250808,72,1,8,20250808_mem_organelle,20250808_mem_organelle,fish1,1.0,24.0,,300,20250808_mem_organelle,2025-08-08,2025-08-08,membrane mChilada,membrane mChilada,pDQM082,315,,,tdmChilada,2xLynk,membrane,tdmChilada::2xLynk,membrane,tdmChilada(membrane)|mStayGold(mitochondria)|mStayGold(lysosome),sheet,,2xCox8A:mSG|LAMP1:mSG,,
/clusterfs/vast/abcabc/Aang_Foundation/20250808_mem_organelle/fish1_24hpf_mem-mchilada_lyso-mSG/roi3,20250808-plate72-slot1-roi9,20250808,72,1,9,20250808_mem_organelle,20250808_mem_organelle,fish1,1.0,24.0,,300,20250808_mem_organelle,2025-08-08,2025-08-08,membrane mChilada,membrane mChilada,pDQM082,315,,,tdmChilada,2xLynk,membrane,tdmChilada::2xLynk,membrane,tdmChilada(membrane)|mStayGold(mitochondria)|mStayGold(lysosome),sheet,,2xCox8A:mSG|LAMP1:mSG,,
/clusterfs/vast/abcabc/Aang_Foundation/20250808_mem_organelle/fish1_24hpf_mem-mchilada_lyso-mSG/roi3,20250808-plate72-slot1-roi10,20250808,72,1,10,20250808_mem_organelle,20250808_mem_organelle,fish1,1.0,24.0,,300,20250808_mem_organelle,2025-08-08,2025-08-08,membrane mChilada,membrane mChilada,pDQM082,315,,,tdmChilada,2xLynk,membrane,tdmChilada::2xLynk,membrane,tdmChilada(membrane)|mStayGold(mitochondria)|mStayGold(lysosome),sheet,,2xCox8A:mSG|LAMP1:mSG,,
/clusterfs/vast/abcabc/Aang_Foundation/20250808_mem_organelle/fish2_24hpf_mem-mchilada_lyso-mSG/roi1,20250808-plate72-slot2-roi1,20250808,72,2,1,20250808_mem_organelle,20250808_mem_organelle,fish2,2.0,24.0,,300,20250808_mem_organelle,2025-08-08,2025-08-08,membrane mChilada,membrane mChilada,pDQM082,315,,,tdmChilada,2xLynk,membrane,tdmChilada::2xLynk,membrane,tdmChilada(membrane)|mStayGold(mitochondria)|mStayGold(lysosome),sheet,,2xCox8A:mSG|LAMP1:mSG,,
/clusterfs/vast/abcabc/Aang_Foundation/20250808_mem_organelle/fish2_24hpf_mem-mchilada_lyso-mSG/roi1,20250808-plate72-slot2-roi2,20250808,72,2,2,20250808_mem_organelle,20250808_mem_organelle,fish2,2.0,24.0,,300,20250808_mem_organelle,2025-08-08,2025-08-08,membrane mChilada,membrane mChilada,pDQM082,315,,,tdmChilada,2xLynk,membrane,tdmChilada::2xLynk,membrane,tdmChilada(membrane)|mStayGold(mitochondria)|mStayGold(lysosome),sheet,,2xCox8A:mSG|LAMP1:mSG,,
/clusterfs/vast/abcabc/Aang_Foundation/20250808_mem_organelle/fish2_24hpf_mem-mchilada_lyso-mSG/roi2,20250808-plate72-slot2-roi3,20250808,72,2,3,20250808_mem_organelle,20250808_mem_organelle,fish2,2.0,24.0,,300,20250808_mem_organelle,2025-08-08,2025-08-08,membrane mChilada,membrane mChilada,pDQM082,315,,,tdmChilada,2xLynk,membrane,tdmChilada::2xLynk,membrane,tdmChilada(membrane)|mStayGold(mitochondria)|mStayGold(lysosome),sheet,,2xCox8A:mSG|LAMP1:mSG,,
/clusterfs/vast/abcabc/Aang_Foundation/20250808_mem_organelle/fish2_24hpf_mem-mchilada_lyso-mSG/roi2,20250808-plate72-slot2-roi4,20250808,72,2,4,20250808_mem_organelle,20250808_mem_organelle,fish2,2.0,24.0,,300,20250808_mem_organelle,2025-08-08,2025-08-08,membrane mChilada,membrane mChilada,pDQM082,315,,,tdmChilada,2xLynk,membrane,tdmChilada::2xLynk,membrane,tdmChilada(membrane)|mStayGold(mitochondria)|mStayGold(lysosome),sheet,,2xCox8A:mSG|LAMP1:mSG,,
/clusterfs/vast/abcabc/Aang_Foundation/20250808_mem_organelle/fish2_24hpf_mem-mchilada_lyso-mSG/roi3,20250808-plate72-slot2-roi5,20250808,72,2,5,20250808_mem_organelle,20250808_mem_organelle,fish2,2.0,24.0,,300,20250808_mem_organelle,2025-08-08,2025-08-08,membrane mChilada,membrane mChilada,pDQM082,315,,,tdmChilada,2xLynk,membrane,tdmChilada::2xLynk,membrane,tdmChilada(membrane)|mStayGold(mitochondria)|mStayGold(lysosome),sheet,,2xCox8A:mSG|LAMP1:mSG,,
/clusterfs/vast/abcabc/Aang_Foundation/20250808_mem_organelle/fish2_24hpf_mem-mchilada_lyso-mSG/roi3,20250808-plate72-slot2-roi6,20250808,72,2,6,20250808_mem_organelle,20250808_mem_organelle,fish2,2.0,24.0,,300,20250808_mem_organelle,2025-08-08,2025-08-08,membrane mChilada,membrane mChilada,pDQM082,315,,,tdmChilada,2xLynk,membrane,tdmChilada::2xLynk,membrane,tdmChilada(membrane)|mStayGold(mitochondria)|mStayGold(lysosome),sheet,,2xCox8A:mSG|LAMP1:mSG,,
/clusterfs/vast/abcabc/Aang_Foundation/20250808_mem_organelle/fish3_24hpf_mem-mchilada_mito-mSG/roi1,20250808-plate72-slot3-roi1,20250808,72,3,1,20250808_mem_organelle,20250808_mem_organelle,fish3,3.0,24.0,,300,20250808_mem_organelle,2025-08-08,2025-08-08,membrane mChilada,membrane mChilada,pDQM082,315,,,tdmChilada,2xLynk,membrane,tdmChilada::2xLynk,membrane,tdmChilada(membrane)|mStayGold(mitochondria)|mStayGold(lysosome),sheet,,2xCox8A:mSG|LAMP1:mSG,,
/clusterfs/vast/abcabc/Aang_Foundation/20250808_mem_organelle/fish3_24hpf_mem-mchilada_mito-mSG/roi1,20250808-plate72-slot3-roi2,20250808,72,3,2,20250808_mem_organelle,20250808_mem_organelle,fish3,3.0,24.0,,300,20250808_mem_organelle,2025-08-08,2025-08-08,membrane mChilada,membrane mChilada,pDQM082,315,,,tdmChilada,2xLynk,membrane,tdmChilada::2xLynk,membrane,tdmChilada(membrane)|mStayGold(mitochondria)|mStayGold(lysosome),sheet,,2xCox8A:mSG|LAMP1:mSG,,
/clusterfs/vast/abcabc/Aang_Foundation/20250808_mem_organelle/fish3_24hpf_mem-mchilada_mito-mSG/roi2,20250808-plate72-slot3-roi3,20250808,72,3,3,20250808_mem_organelle,20250808_mem_organelle,fish3,3.0,24.0,,300,20250808_mem_organelle,2025-08-08,2025-08-08,membrane mChilada,membrane mChilada,pDQM082,315,,,tdmChilada,2xLynk,membrane,tdmChilada::2xLynk,membrane,tdmChilada(membrane)|mStayGold(mitochondria)|mStayGold(lysosome),sheet,,2xCox8A:mSG|LAMP1:mSG,,
/clusterfs/vast/abcabc/Aang_Foundation/20250808_mem_organelle/fish3_24hpf_mem-mchilada_mito-mSG/roi2,20250808-plate72-slot3-roi4,20250808,72,3,4,20250808_mem_organelle,20250808_mem_organelle,fish3,3.0,24.0,,300,20250808_mem_organelle,2025-08-08,2025-08-08,membrane mChilada,membrane mChilada,pDQM082,315,,,tdmChilada,2xLynk,membrane,tdmChilada::2xLynk,membrane,tdmChilada(membrane)|mStayGold(mitochondria)|mStayGold(lysosome),sheet,,2xCox8A:mSG|LAMP1:mSG,,
/clusterfs/vast/abcabc/Aang_Foundation/20250808_mem_organelle/fish3_24hpf_mem-mchilada_mito-mSG/roi3,20250808-plate72-slot3-roi5,20250808,72,3,5,20250808_mem_organelle,20250808_mem_organelle,fish3,3.0,24.0,,300,20250808_mem_organelle,2025-08-08,2025-08-08,membrane mChilada,membrane mChilada,pDQM082,315,,,tdmChilada,2xLynk,membrane,tdmChilada::2xLynk,membrane,tdmChilada(membrane)|mStayGold(mitochondria)|mStayGold(lysosome),sheet,,2xCox8A:mSG|LAMP1:mSG,,
/clusterfs/vast/abcabc/Aang_Foundation/20250808_mem_organelle/fish3_24hpf_mem-mchilada_mito-mSG/roi3,20250808-plate72-slot3-roi6,20250808,72,3,6,20250808_mem_organelle,20250808_mem_organelle,fish3,3.0,24.0,,300,20250808_mem_organelle,2025-08-08,2025-08-08,membrane mChilada,membrane mChilada,pDQM082,315,,,tdmChilada,2xLynk,membrane,tdmChilada::2xLynk,membrane,tdmChilada(membrane)|mStayGold(mitochondria)|mStayGold(lysosome),sheet,,2xCox8A:mSG|LAMP1:mSG,,
/clusterfs/vast/abcabc/Aang_Foundation/20250808_mem_organelle/fish3_24hpf_mem-mchilada_mito-mSG/roi4,20250808-plate72-slot3-roi7,20250808,72,3,7,20250808_mem_organelle,20250808_mem_organelle,fish3,3.0,24.0,,300,20250808_mem_organelle,2025-08-08,2025-08-08,membrane mChilada,membrane mChilada,pDQM082,315,,,tdmChilada,2xLynk,membrane,tdmChilada::2xLynk,membrane,tdmChilada(membrane)|mStayGold(mitochondria)|mStayGold(lysosome),sheet,,2xCox8A:mSG|LAMP1:mSG,,
/clusterfs/vast/abcabc/Aang_Foundation/20250808_mem_organelle/fish3_24hpf_mem-mchilada_mito-mSG/roi4,20250808-plate72-slot3-roi8,20250808,72,3,8,20250808_mem_organelle,20250808_mem_organelle,fish3,3.0,24.0,,300,20250808_mem_organelle,2025-08-08,2025-08-08,membrane mChilada,membrane mChilada,pDQM082,315,,,tdmChilada,2xLynk,membrane,tdmChilada::2xLynk,membrane,tdmChilada(membrane)|mStayGold(mitochondria)|mStayGold(lysosome),sheet,,2xCox8A:mSG|LAMP1:mSG,,
/clusterfs/vast/abcabc/Aang_Foundation/20250808_mem_organelle/fish4_24hpf_mem-mchilada_mito-mSG/roi1,20250808-plate72-slot4-roi1,20250808,72,4,1,20250808_mem_organelle,20250808_mem_organelle,fish4,4.0,24.0,,300,20250808_mem_organelle,2025-08-08,2025-08-08,membrane mChilada,membrane mChilada,pDQM082,315,,,tdmChilada,2xLynk,membrane,tdmChilada::2xLynk,membrane,tdmChilada(membrane)|mStayGold(mitochondria)|mStayGold(lysosome),sheet,,2xCox8A:mSG|LAMP1:mSG,,
/clusterfs/vast/abcabc/Aang_Foundation/20250808_mem_organelle/fish4_24hpf_mem-mchilada_mito-mSG/roi1,20250808-plate72-slot4-roi2,20250808,72,4,2,20250808_mem_organelle,20250808_mem_organelle,fish4,4.0,24.0,,300,20250808_mem_organelle,2025-08-08,2025-08-08,membrane mChilada,membrane mChilada,pDQM082,315,,,tdmChilada,2xLynk,membrane,tdmChilada::2xLynk,membrane,tdmChilada(membrane)|mStayGold(mitochondria)|mStayGold(lysosome),sheet,,2xCox8A:mSG|LAMP1:mSG,,
/clusterfs/vast/abcabc/Aang_Foundation/20250808_mem_organelle/fish4_24hpf_mem-mchilada_mito-mSG/roi2,20250808-plate72-slot4-roi3,20250808,72,4,3,20250808_mem_organelle,20250808_mem_organelle,fish4,4.0,24.0,,300,20250808_mem_organelle,2025-08-08,2025-08-08,membrane mChilada,membrane mChilada,pDQM082,315,,,tdmChilada,2xLynk,membrane,tdmChilada::2xLynk,membrane,tdmChilada(membrane)|mStayGold(mitochondria)|mStayGold(lysosome),sheet,,2xCox8A:mSG|LAMP1:mSG,,
/clusterfs/vast/abcabc/Aang_Foundation/20250808_mem_organelle/fish4_24hpf_mem-mchilada_mito-mSG/roi2,20250808-plate72-slot4-roi4,20250808,72,4,4,20250808_mem_organelle,20250808_mem_organelle,fish4,4.0,24.0,,300,20250808_mem_organelle,2025-08-08,2025-08-08,membrane mChilada,membrane mChilada,pDQM082,315,,,tdmChilada,2xLynk,membrane,tdmChilada::2xLynk,membrane,tdmChilada(membrane)|mStayGold(mitochondria)|mStayGold(lysosome),sheet,,2xCox8A:mSG|LAMP1:mSG,,
/clusterfs/vast/abcabc/Aang_Foundation/20250808_mem_organelle/fish4_24hpf_mem-mchilada_mito-mSG/roi3,20250808-plate72-slot4-roi5,20250808,72,4,5,20250808_mem_organelle,20250808_mem_organelle,fish4,4.0,24.0,,300,20250808_mem_organelle,2025-08-08,2025-08-08,membrane mChilada,membrane mChilada,pDQM082,315,,,tdmChilada,2xLynk,membrane,tdmChilada::2xLynk,membrane,tdmChilada(membrane)|mStayGold(mitochondria)|mStayGold(lysosome),sheet,,2xCox8A:mSG|LAMP1:mSG,,
/clusterfs/vast/abcabc/Aang_Foundation/20250808_mem_organelle/fish4_24hpf_mem-mchilada_mito-mSG/roi3,20250808-plate72-slot4-roi6,20250808,72,4,6,20250808_mem_organelle,20250808_mem_organelle,fish4,4.0,24.0,,300,20250808_mem_organelle,2025-08-08,2025-08-08,membrane mChilada,membrane mChilada,pDQM082,315,,,tdmChilada,2xLynk,membrane,tdmChilada::2xLynk,membrane,tdmChilada(membrane)|mStayGold(mitochondria)|mStayGold(lysosome),sheet,,2xCox8A:mSG|LAMP1:mSG,,
/clusterfs/vast/abcabc/Aang_Foundation/20250808_mem_organelle/fish4_24hpf_mem-mchilada_mito-mSG/roi4,20250808-plate72-slot4-roi7,20250808,72,4,7,20250808_mem_organelle,20250808_mem_organelle,fish4,4.0,24.0,,300,20250808_mem_organelle,2025-08-08,2025-08-08,membrane mChilada,membrane mChilada,pDQM082,315,,,tdmChilada,2xLynk,membrane,tdmChilada::2xLynk,membrane,tdmChilada(membrane)|mStayGold(mitochondria)|mStayGold(lysosome),sheet,,2xCox8A:mSG|LAMP1:mSG,,
/clusterfs/vast/abcabc/Aang_Foundation/20250808_mem_organelle/fish4_24hpf_mem-mchilada_mito-mSG/roi4,20250808-plate72-slot4-roi8,20250808,72,4,8,20250808_mem_organelle,20250808_mem_organelle,fish4,4.0,24.0,,300,20250808_mem_organelle,2025-08-08,2025-08-08,membrane mChilada,membrane mChilada,pDQM082,315,,,tdmChilada,2xLynk,membrane,tdmChilada::2xLynk,membrane,tdmChilada(membrane)|mStayGold(mitochondria)|mStayGold(lysosome),sheet,,2xCox8A:mSG|LAMP1:mSG,,
/clusterfs/vast/abcabc/Aang_Foundation/20250808_mem_organelle/fish4_24hpf_mem-mchilada_mito-mSG/roi5,20250808-plate72-slot4-roi9,20250808,72,4,9,20250808_mem_organelle,20250808_mem_organelle,fish4,4.0,24.0,,300,20250808_mem_organelle,2025-08-08,2025-08-08,membrane mChilada,membrane mChilada,pDQM082,315,,,tdmChilada,2xLynk,membrane,tdmChilada::2xLynk,membrane,tdmChilada(membrane)|mStayGold(mitochondria)|mStayGold(lysosome),sheet,,2xCox8A:mSG|LAMP1:mSG,,
/clusterfs/vast/abcabc/Aang_Foundation/20250808_mem_organelle/fish4_24hpf_mem-mchilada_mito-mSG/roi5,20250808-plate72-slot4-roi10,20250808,72,4,10,20250808_mem_organelle,20250808_mem_organelle,fish4,4.0,24.0,,300,20250808_mem_organelle,2025-08-08,2025-08-08,membrane mChilada,membrane mChilada,pDQM082,315,,,tdmChilada,2xLynk,membrane,tdmChilada::2xLynk,membrane,tdmChilada(membrane)|mStayGold(mitochondria)|mStayGold(lysosome),sheet,,2xCox8A:mSG|LAMP1:mSG,,
/clusterfs/vast/abcabc/Aang_Foundation/20250808_mem_organelle/fish4_24hpf_mem-mchilada_mito-mSG/roi6,20250808-plate72-slot4-roi11,20250808,72,4,11,20250808_mem_organelle,20250808_mem_organelle,fish4,4.0,24.0,,300,20250808_mem_organelle,2025-08-08,2025-08-08,membrane mChilada,membrane mChilada,pDQM082,315,,,tdmChilada,2xLynk,membrane,tdmChilada::2xLynk,membrane,tdmChilada(membrane)|mStayGold(mitochondria)|mStayGold(lysosome),sheet,,2xCox8A:mSG|LAMP1:mSG,,
/clusterfs/vast/abcabc/Aang_Foundation/20250808_mem_organelle/fish4_24hpf_mem-mchilada_mito-mSG/roi6,20250808-plate72-slot4-roi12,20250808,72,4,12,20250808_mem_organelle,20250808_mem_organelle,fish4,4.0,24.0,,300,20250808_mem_organelle,2025-08-08,2025-08-08,membrane mChilada,membrane mChilada,pDQM082,315,,,tdmChilada,2xLynk,membrane,tdmChilada::2xLynk,membrane,tdmChilada(membrane)|mStayGold(mitochondria)|mStayGold(lysosome),sheet,,2xCox8A:mSG|LAMP1:mSG,,
/clusterfs/vast/abcabc/Aang_Foundation/20250808_mem_organelle/fish4_24hpf_mem-mchilada_mito-mSG/roi7,20250808-plate72-slot4-roi13,20250808,72,4,13,20250808_mem_organelle,20250808_mem_organelle,fish4,4.0,24.0,,300,20250808_mem_organelle,2025-08-08,2025-08-08,membrane mChilada,membrane mChilada,pDQM082,315,,,tdmChilada,2xLynk,membrane,tdmChilada::2xLynk,membrane,tdmChilada(membrane)|mStayGold(mitochondria)|mStayGold(lysosome),sheet,,2xCox8A:mSG|LAMP1:mSG,,
/clusterfs/vast/abcabc/Aang_Foundation/20250808_mem_organelle/fish4_24hpf_mem-mchilada_mito-mSG/roi7,20250808-plate72-slot4-roi14,20250808,72,4,14,20250808_mem_organelle,20250808_mem_organelle,fish4,4.0,24.0,,300,20250808_mem_organelle,2025-08-08,2025-08-08,membrane mChilada,membrane mChilada,pDQM082,315,,,tdmChilada,2xLynk,membrane,tdmChilada::2xLynk,membrane,tdmChilada(membrane)|mStayGold(mitochondria)|mStayGold(lysosome),sheet,,2xCox8A:mSG|LAMP1:mSG,,
/clusterfs/vast/abcabc/Aang_Foundation/20250808_mem_organelle/fish4_24hpf_mem-mchilada_mito-mSG/roi8,20250808-plate72-slot4-roi15,20250808,72,4,15,20250808_mem_organelle,20250808_mem_organelle,fish4,4.0,24.0,,300,20250808_mem_organelle,2025-08-08,2025-08-08,membrane mChilada,membrane mChilada,pDQM082,315,,,tdmChilada,2xLynk,membrane,tdmChilada::2xLynk,membrane,tdmChilada(membrane)|mStayGold(mitochondria)|mStayGold(lysosome),sheet,,2xCox8A:mSG|LAMP1:mSG,,
/clusterfs/vast/abcabc/Aang_Foundation/20250808_mem_organelle/fish4_24hpf_mem-mchilada_mito-mSG/roi8,20250808-plate72-slot4-roi16,20250808,72,4,16,20250808_mem_organelle,20250808_mem_organelle,fish4,4.0,24.0,,300,20250808_mem_organelle,2025-08-08,2025-08-08,membrane mChilada,membrane mChilada,pDQM082,315,,,tdmChilada,2xLynk,membrane,tdmChilada::2xLynk,membrane,tdmChilada(membrane)|mStayGold(mitochondria)|mStayGold(lysosome),sheet,,2xCox8A:mSG|LAMP1:mSG,,
/clusterfs/vast/abcabc/Aang_Foundation/20250808_mem_organelle/fish4_24hpf_mem-mchilada_mito-mSG/roi9,20250808-plate72-slot4-roi17,20250808,72,4,17,20250808_mem_organelle,20250808_mem_organelle,fish4,4.0,24.0,,300,20250808_mem_organelle,2025-08-08,2025-08-08,membrane mChilada,membrane mChilada,pDQM082,315,,,tdmChilada,2xLynk,membrane,tdmChilada::2xLynk,membrane,tdmChilada(membrane)|mStayGold(mitochondria)|mStayGold(lysosome),sheet,,2xCox8A:mSG|LAMP1:mSG,,
/clusterfs/vast/abcabc/Aang_Foundation/20250808_mem_organelle/fish4_24hpf_mem-mchilada_mito-mSG/roi9,20250808-plate72-slot4-roi18,20250808,72,4,18,20250808_mem_organelle,20250808_mem_organelle,fish4,4.0,24.0,,300,20250808_mem_organelle,2025-08-08,2025-08-08,membrane mChilada,membrane mChilada,pDQM082,315,,,tdmChilada,2xLynk,membrane,tdmChilada::2xLynk,membrane,tdmChilada(membrane)|mStayGold(mitochondria)|mStayGold(lysosome),sheet,,2xCox8A:mSG|LAMP1:mSG,,
/clusterfs/vast/abcabc/Aang_Foundation/20250819_mem_ER/fish1_24hpf_roi2,20250819-plate73-slot1-roi1,20250819,73,1,1,20250819_mem_ER,20250819_mem_ER,fish1,1.0,24.0,,400,20250819_mem_ER,2025-08-19,2025-08-19,casper/rnf,mem:tdmChilada,pDQM082,315,,,tdmChilada,2xLynk,membrane,tdmChilada::2xLynk,membrane,tdmChilada(membrane)|mStayGold(ER),sheet,,mSG:sec61b,,
/clusterfs/vast/abcabc/Aang_Foundation/20250819_mem_ER/fish1_24hpf_roi3,20250819-plate73-slot1-roi2,20250819,73,1,2,20250819_mem_ER,20250819_mem_ER,fish1,1.0,24.0,,409,20250819_mem_ER,2025-08-19,2025-08-19,casper/rnf,mem:tdmChilada,pDQM082,315,,,tdmChilada,2xLynk,membrane,tdmChilada::2xLynk,membrane,tdmChilada(membrane)|mStayGold(ER),sheet,,mSG:sec61b,,
/clusterfs/vast/abcabc/Aang_Foundation/20250819_mem_ER/fish1_24hpf_roi4,20250819-plate73-slot1-roi3,20250819,73,1,3,20250819_mem_ER,20250819_mem_ER,fish1,1.0,24.0,,306,20250819_mem_ER,2025-08-19,2025-08-19,casper/rnf,mem:tdmChilada,pDQM082,315,,,tdmChilada,2xLynk,membrane,tdmChilada::2xLynk,membrane,tdmChilada(membrane)|mStayGold(ER),sheet,,mSG:sec61b,,
/clusterfs/vast/abcabc/Aang_Foundation/20250819_mem_ER/fish1_24hpf_roi5,20250819-plate73-slot1-roi4,20250819,73,1,4,20250819_mem_ER,20250819_mem_ER,fish1,1.0,24.0,,306,20250819_mem_ER,2025-08-19,2025-08-19,casper/rnf,mem:tdmChilada,pDQM082,315,,,tdmChilada,2xLynk,membrane,tdmChilada::2xLynk,membrane,tdmChilada(membrane)|mStayGold(ER),sheet,,mSG:sec61b,,
/clusterfs/vast/abcabc/Aang_Foundation/20250819_mem_ER/fish2_24hpf_roi1,20250819-plate73-slot2-roi1,20250819,73,2,1,20250819_mem_ER,20250819_mem_ER,fish2,2.0,24.0,,408,20250819_mem_ER,2025-08-19,2025-08-19,casper/rnf,mem:tdmChilada,pDQM082,315,,,tdmChilada,2xLynk,membrane,tdmChilada::2xLynk,membrane,tdmChilada(membrane)|mStayGold(ER),sheet,,mSG:sec61b,,
/clusterfs/vast/abcabc/Aang_Foundation/20250819_mem_ER/fish2_24hpf_roi2,20250819-plate73-slot2-roi2,20250819,73,2,2,20250819_mem_ER,20250819_mem_ER,fish2,2.0,24.0,,408,20250819_mem_ER,2025-08-19,2025-08-19,casper/rnf,mem:tdmChilada,pDQM082,315,,,tdmChilada,2xLynk,membrane,tdmChilada::2xLynk,membrane,tdmChilada(membrane)|mStayGold(ER),sheet,,mSG:sec61b,,
/clusterfs/vast/abcabc/Aang_Foundation/20250819_mem_ER/fish2_24hpf_roi3,20250819-plate73-slot2-roi3,20250819,73,2,3,20250819_mem_ER,20250819_mem_ER,fish2,2.0,24.0,,408,20250819_mem_ER,2025-08-19,2025-08-19,casper/rnf,mem:tdmChilada,pDQM082,315,,,tdmChilada,2xLynk,membrane,tdmChilada::2xLynk,membrane,tdmChilada(membrane)|mStayGold(ER),sheet,,mSG:sec61b,,
/clusterfs/vast/abcabc/Aang_Foundation/20250819_mem_ER/roi1_newscripttest,20250819-plate73-slot3-roi1,20250819,73,3,1,20250819_mem_ER,20250819_mem_ER,roi1_newscripttest,,,newscripttest,24,20250819_mem_ER,2025-08-19,2025-08-19,casper/rnf,mem:tdmChilada,pDQM082,315,,,tdmChilada,2xLynk,membrane,tdmChilada::2xLynk,membrane,tdmChilada(membrane)|mStayGold(ER),sheet,,mSG:sec61b,,
/clusterfs/vast/abcabc/Aang_Foundation/20250819_mem_mito/fish1_24hpf_roi1,20250819-plate74-slot1-roi1,20250819,74,1,1,20250819_mem_mito,20250819_mem_mito,fish1,1.0,24.0,,600,20250819_mem_mito,2025-08-19,2025-08-19,casper/rnf,mem:tdmChilada,pDQM082,315,,,tdmChilada,2xLynk,membrane,tdmChilada::2xLynk,membrane,tdmChilada(membrane)|mStayGold(mitochondria),sheet,,2xCox8A:mSG,,
/clusterfs/vast/abcabc/Aang_Foundation/20250819_mem_mito/fish1_24hpf_roi2,20250819-plate74-slot1-roi2,20250819,74,1,2,20250819_mem_mito,20250819_mem_mito,fish1,1.0,24.0,,600,20250819_mem_mito,2025-08-19,2025-08-19,casper/rnf,mem:tdmChilada,pDQM082,315,,,tdmChilada,2xLynk,membrane,tdmChilada::2xLynk,membrane,tdmChilada(membrane)|mStayGold(mitochondria),sheet,,2xCox8A:mSG,,
/clusterfs/vast/abcabc/Aang_Foundation/20250819_mem_mito/fish1_24hpf_roi3,20250819-plate74-slot1-roi3,20250819,74,1,3,20250819_mem_mito,20250819_mem_mito,fish1,1.0,24.0,,600,20250819_mem_mito,2025-08-19,2025-08-19,casper/rnf,mem:tdmChilada,pDQM082,315,,,tdmChilada,2xLynk,membrane,tdmChilada::2xLynk,membrane,tdmChilada(membrane)|mStayGold(mitochondria),sheet,,2xCox8A:mSG,,
/clusterfs/vast/abcabc/Aang_Foundation/20250819_mem_mito/fish1_24hpf_roi4,20250819-plate74-slot1-roi4,20250819,74,1,4,20250819_mem_mito,20250819_mem_mito,fish1,1.0,24.0,,600,20250819_mem_mito,2025-08-19,2025-08-19,casper/rnf,mem:tdmChilada,pDQM082,315,,,tdmChilada,2xLynk,membrane,tdmChilada::2xLynk,membrane,tdmChilada(membrane)|mStayGold(mitochondria),sheet,,2xCox8A:mSG,,
/clusterfs/vast/abcabc/Aang_Foundation/20250819_mem_mito/fish1_24hpf_roi5,20250819-plate74-slot1-roi5,20250819,74,1,5,20250819_mem_mito,20250819_mem_mito,fish1,1.0,24.0,,600,20250819_mem_mito,2025-08-19,2025-08-19,casper/rnf,mem:tdmChilada,pDQM082,315,,,tdmChilada,2xLynk,membrane,tdmChilada::2xLynk,membrane,tdmChilada(membrane)|mStayGold(mitochondria),sheet,,2xCox8A:mSG,,
/clusterfs/vast/abcabc/Aang_Foundation/20250819_mem_mito/fish1_24hpf_roi6,20250819-plate74-slot1-roi6,20250819,74,1,6,20250819_mem_mito,20250819_mem_mito,fish1,1.0,24.0,,600,20250819_mem_mito,2025-08-19,2025-08-19,casper/rnf,mem:tdmChilada,pDQM082,315,,,tdmChilada,2xLynk,membrane,tdmChilada::2xLynk,membrane,tdmChilada(membrane)|mStayGold(mitochondria),sheet,,2xCox8A:mSG,,
/clusterfs/vast/abcabc/Aang_Foundation/20250819_mem_mito/fish1_24hpf_roi7,20250819-plate74-slot1-roi7,20250819,74,1,7,20250819_mem_mito,20250819_mem_mito,fish1,1.0,24.0,,600,20250819_mem_mito,2025-08-19,2025-08-19,casper/rnf,mem:tdmChilada,pDQM082,315,,,tdmChilada,2xLynk,membrane,tdmChilada::2xLynk,membrane,tdmChilada(membrane)|mStayGold(mitochondria),sheet,,2xCox8A:mSG,,
/clusterfs/vast/abcabc/Aang_Foundation/20250819_mem_mito/fish1_24hpf_roi8,20250819-plate74-slot1-roi8,20250819,74,1,8,20250819_mem_mito,20250819_mem_mito,fish1,1.0,24.0,,600,20250819_mem_mito,2025-08-19,2025-08-19,casper/rnf,mem:tdmChilada,pDQM082,315,,,tdmChilada,2xLynk,membrane,tdmChilada::2xLynk,membrane,tdmChilada(membrane)|mStayGold(mitochondria),sheet,,2xCox8A:mSG,,
/clusterfs/vast/abcabc/Aang_Foundation/20250819_mem_mito/fish2_24hpf_roi1,20250819-plate74-slot2-roi1,20250819,74,2,1,20250819_mem_mito,20250819_mem_mito,fish2,2.0,24.0,,600,20250819_mem_mito,2025-08-19,2025-08-19,casper/rnf,mem:tdmChilada,pDQM082,315,,,tdmChilada,2xLynk,membrane,tdmChilada::2xLynk,membrane,tdmChilada(membrane)|mStayGold(mitochondria),sheet,,2xCox8A:mSG,,
/clusterfs/vast/abcabc/Aang_Foundation/20250819_mem_mito/fish2_24hpf_roi2,20250819-plate74-slot2-roi2,20250819,74,2,2,20250819_mem_mito,20250819_mem_mito,fish2,2.0,24.0,,600,20250819_mem_mito,2025-08-19,2025-08-19,casper/rnf,mem:tdmChilada,pDQM082,315,,,tdmChilada,2xLynk,membrane,tdmChilada::2xLynk,membrane,tdmChilada(membrane)|mStayGold(mitochondria),sheet,,2xCox8A:mSG,,
/clusterfs/vast/abcabc/Aang_Foundation/20250819_mem_mito/fish3_24hpf_roi1,20250819-plate74-slot3-roi1,20250819,74,3,1,20250819_mem_mito,20250819_mem_mito,fish3,3.0,24.0,,600,20250819_mem_mito,2025-08-19,2025-08-19,casper/rnf,mem:tdmChilada,pDQM082,315,,,tdmChilada,2xLynk,membrane,tdmChilada::2xLynk,membrane,tdmChilada(membrane)|mStayGold(mitochondria),sheet,,2xCox8A:mSG,,
/clusterfs/vast/abcabc/Aang_Foundation/20250819_mem_mito/fish4_48hpf_roi1,20250819-plate74-slot4-roi1,20250819,74,4,1,20250819_mem_mito,20250819_mem_mito,fish4,4.0,48.0,,600,20250819_mem_mito,2025-08-19,2025-08-19,casper/rnf,mem:tdmChilada,pDQM082,315,,,tdmChilada,2xLynk,membrane,tdmChilada::2xLynk,membrane,tdmChilada(membrane)|mStayGold(mitochondria),sheet,,2xCox8A:mSG,,
/clusterfs/vast/abcabc/Aang_Foundation/20250819_mem_mito/fish4_48hpf_roi3,20250819-plate74-slot4-roi2,20250819,74,4,2,20250819_mem_mito,20250819_mem_mito,fish4,4.0,48.0,,600,20250819_mem_mito,2025-08-19,2025-08-19,casper/rnf,mem:tdmChilada,pDQM082,315,,,tdmChilada,2xLynk,membrane,tdmChilada::2xLynk,membrane,tdmChilada(membrane)|mStayGold(mitochondria),sheet,,2xCox8A:mSG,,
/clusterfs/vast/abcabc/Aang_Foundation/20250819_mem_mito/fish4_48hpf_roi4,20250819-plate74-slot4-roi3,20250819,74,4,3,20250819_mem_mito,20250819_mem_mito,fish4,4.0,48.0,,600,20250819_mem_mito,2025-08-19,2025-08-19,casper/rnf,mem:tdmChilada,pDQM082,315,,,tdmChilada,2xLynk,membrane,tdmChilada::2xLynk,membrane,tdmChilada(membrane)|mStayGold(mitochondria),sheet,,2xCox8A:mSG,,
/clusterfs/vast/abcabc/Aang_Foundation/20250819_mem_mito/fish4_48hpf_roi5,20250819-plate74-slot4-roi4,20250819,74,4,4,20250819_mem_mito,20250819_mem_mito,fish4,4.0,48.0,,600,20250819_mem_mito,2025-08-19,2025-08-19,casper/rnf,mem:tdmChilada,pDQM082,315,,,tdmChilada,2xLynk,membrane,tdmChilada::2xLynk,membrane,tdmChilada(membrane)|mStayGold(mitochondria),sheet,,2xCox8A:mSG,,
/clusterfs/vast/abcabc/Aang_Foundation/20250819_mem_mito/fish4_48hpf_roi6,20250819-plate74-slot4-roi5,20250819,74,4,5,20250819_mem_mito,20250819_mem_mito,fish4,4.0,48.0,,600,20250819_mem_mito,2025-08-19,2025-08-19,casper/rnf,mem:tdmChilada,pDQM082,315,,,tdmChilada,2xLynk,membrane,tdmChilada::2xLynk,membrane,tdmChilada(membrane)|mStayGold(mitochondria),sheet,,2xCox8A:mSG,,
/clusterfs/vast/abcabc/Aang_Foundation/20250819_mem_mito/fish4_48hpf_roi7,20250819-plate74-slot4-roi6,20250819,74,4,6,20250819_mem_mito,20250819_mem_mito,fish4,4.0,48.0,,600,20250819_mem_mito,2025-08-19,2025-08-19,casper/rnf,mem:tdmChilada,pDQM082,315,,,tdmChilada,2xLynk,membrane,tdmChilada::2xLynk,membrane,tdmChilada(membrane)|mStayGold(mitochondria),sheet,,2xCox8A:mSG,,
/clusterfs/vast/abcabc/Aang_Foundation/20250819_mem_mito/fish4_48hpf_roi8,20250819-plate74-slot4-roi7,20250819,74,4,7,20250819_mem_mito,20250819_mem_mito,fish4,4.0,48.0,,600,20250819_mem_mito,2025-08-19,2025-08-19,casper/rnf,mem:tdmChilada,pDQM082,315,,,tdmChilada,2xLynk,membrane,tdmChilada::2xLynk,membrane,tdmChilada(membrane)|mStayGold(mitochondria),sheet,,2xCox8A:mSG,,
/clusterfs/vast/abcabc/Aang_Foundation/20250819_mem_mito/fish5_48hpf_roi11,20250819-plate74-slot5-roi1,20250819,74,5,1,20250819_mem_mito,20250819_mem_mito,fish5,5.0,48.0,,900,20250819_mem_mito,2025-08-19,2025-08-19,casper/rnf,mem:tdmChilada,pDQM082,315,,,tdmChilada,2xLynk,membrane,tdmChilada::2xLynk,membrane,tdmChilada(membrane)|mStayGold(mitochondria),sheet,,2xCox8A:mSG,,
/clusterfs/vast/abcabc/Aang_Foundation/20250819_mem_mito/fish5_48hpf_roi12,20250819-plate74-slot5-roi2,20250819,74,5,2,20250819_mem_mito,20250819_mem_mito,fish5,5.0,48.0,,900,20250819_mem_mito,2025-08-19,2025-08-19,casper/rnf,mem:tdmChilada,pDQM082,315,,,tdmChilada,2xLynk,membrane,tdmChilada::2xLynk,membrane,tdmChilada(membrane)|mStayGold(mitochondria),sheet,,2xCox8A:mSG,,
/clusterfs/vast/abcabc/Aang_Foundation/20250819_mem_mito/fish6_48hpf_roi1,20250819-plate74-slot6-roi1,20250819,74,6,1,20250819_mem_mito,20250819_mem_mito,fish6,6.0,48.0,,900,20250819_mem_mito,2025-08-19,2025-08-19,casper/rnf,mem:tdmChilada,pDQM082,315,,,tdmChilada,2xLynk,membrane,tdmChilada::2xLynk,membrane,tdmChilada(membrane)|mStayGold(mitochondria),sheet,,2xCox8A:mSG,,
/clusterfs/vast/abcabc/Aang_Foundation/20250819_mem_mito/fish6_48hpf_roi2,20250819-plate74-slot6-roi2,20250819,74,6,2,20250819_mem_mito,20250819_mem_mito,fish6,6.0,48.0,,900,20250819_mem_mito,2025-08-19,2025-08-19,casper/rnf,mem:tdmChilada,pDQM082,315,,,tdmChilada,2xLynk,membrane,tdmChilada::2xLynk,membrane,tdmChilada(membrane)|mStayGold(mitochondria),sheet,,2xCox8A:mSG,,
/clusterfs/vast/abcabc/Aang_Foundation/20250819_mem_mito/fish6_48hpf_roi3,20250819-plate74-slot6-roi3,20250819,74,6,3,20250819_mem_mito,20250819_mem_mito,fish6,6.0,48.0,,900,20250819_mem_mito,2025-08-19,2025-08-19,casper/rnf,mem:tdmChilada,pDQM082,315,,,tdmChilada,2xLynk,membrane,tdmChilada::2xLynk,membrane,tdmChilada(membrane)|mStayGold(mitochondria),sheet,,2xCox8A:mSG,,
/clusterfs/vast/abcabc/Aang_Foundation/20250819_mem_mito/fish6_48hpf_roi4,20250819-plate74-slot6-roi4,20250819,74,6,4,20250819_mem_mito,20250819_mem_mito,fish6,6.0,48.0,,900,20250819_mem_mito,2025-08-19,2025-08-19,casper/rnf,mem:tdmChilada,pDQM082,315,,,tdmChilada,2xLynk,membrane,tdmChilada::2xLynk,membrane,tdmChilada(membrane)|mStayGold(mitochondria),sheet,,2xCox8A:mSG,,
/clusterfs/vast/abcabc/Aang_Foundation/20250819_mem_mito/fish6_48hpf_roi5,20250819-plate74-slot6-roi5,20250819,74,6,5,20250819_mem_mito,20250819_mem_mito,fish6,6.0,48.0,,900,20250819_mem_mito,2025-08-19,2025-08-19,casper/rnf,mem:tdmChilada,pDQM082,315,,,tdmChilada,2xLynk,membrane,tdmChilada::2xLynk,membrane,tdmChilada(membrane)|mStayGold(mitochondria),sheet,,2xCox8A:mSG,,
/clusterfs/vast/abcabc/Aang_Foundation/20250821_mem_mito/fish1_24hpf_roi1,20250821-plate75-slot1-roi1,20250821,75,1,1,20250821_mem_mito,20250821_mem_mito,fish1,1.0,24.0,,1500,20250821_mem_mito,2025-08-21,2025-08-21,casper/rnf,mem:tdmChilada,pDQM082,315,,,tdmChilada,2xLynk,membrane,tdmChilada::2xLynk,membrane,tdmChilada(membrane)|mStayGold(mitochondria),sheet,,2xCox8A:mSG,,
/clusterfs/vast/abcabc/Aang_Foundation/20250821_mem_mito/fish1_24hpf_roi2,20250821-plate75-slot1-roi2,20250821,75,1,2,20250821_mem_mito,20250821_mem_mito,fish1,1.0,24.0,,1500,20250821_mem_mito,2025-08-21,2025-08-21,casper/rnf,mem:tdmChilada,pDQM082,315,,,tdmChilada,2xLynk,membrane,tdmChilada::2xLynk,membrane,tdmChilada(membrane)|mStayGold(mitochondria),sheet,,2xCox8A:mSG,,
/clusterfs/vast/abcabc/Aang_Foundation/20250821_mem_mito/fish2_24hpf_roi1,20250821-plate75-slot2-roi1,20250821,75,2,1,20250821_mem_mito,20250821_mem_mito,fish2,2.0,24.0,,900,20250821_mem_mito,2025-08-21,2025-08-21,casper/rnf,mem:tdmChilada,pDQM082,315,,,tdmChilada,2xLynk,membrane,tdmChilada::2xLynk,membrane,tdmChilada(membrane)|mStayGold(mitochondria),sheet,,2xCox8A:mSG,,
/clusterfs/vast/abcabc/Aang_Foundation/20250821_mem_mito/fish2_24hpf_roi2,20250821-plate75-slot2-roi2,20250821,75,2,2,20250821_mem_mito,20250821_mem_mito,fish2,2.0,24.0,,900,20250821_mem_mito,2025-08-21,2025-08-21,casper/rnf,mem:tdmChilada,pDQM082,315,,,tdmChilada,2xLynk,membrane,tdmChilada::2xLynk,membrane,tdmChilada(membrane)|mStayGold(mitochondria),sheet,,2xCox8A:mSG,,
/clusterfs/vast/abcabc/Aang_Foundation/20250821_mem_mito/fish3_24hpf_roi1,20250821-plate75-slot3-roi1,20250821,75,3,1,20250821_mem_mito,20250821_mem_mito,fish3,3.0,24.0,,1500,20250821_mem_mito,2025-08-21,2025-08-21,casper/rnf,mem:tdmChilada,pDQM082,315,,,tdmChilada,2xLynk,membrane,tdmChilada::2xLynk,membrane,tdmChilada(membrane)|mStayGold(mitochondria),sheet,,2xCox8A:mSG,,
/clusterfs/vast/abcabc/Aang_Foundation/20250821_mem_mito/fish3_24hpf_roi2,20250821-plate75-slot3-roi2,20250821,75,3,2,20250821_mem_mito,20250821_mem_mito,fish3,3.0,24.0,,1500,20250821_mem_mito,2025-08-21,2025-08-21,casper/rnf,mem:tdmChilada,pDQM082,315,,,tdmChilada,2xLynk,membrane,tdmChilada::2xLynk,membrane,tdmChilada(membrane)|mStayGold(mitochondria),sheet,,2xCox8A:mSG,,
/clusterfs/vast/abcabc/Aang_Foundation/20250821_mem_mito/fish4_24hpf_roi1,20250821-plate75-slot4-roi1,20250821,75,4,1,20250821_mem_mito,20250821_mem_mito,fish4,4.0,24.0,,1500,20250821_mem_mito,2025-08-21,2025-08-21,casper/rnf,mem:tdmChilada,pDQM082,315,,,tdmChilada,2xLynk,membrane,tdmChilada::2xLynk,membrane,tdmChilada(membrane)|mStayGold(mitochondria),sheet,,2xCox8A:mSG,,
/clusterfs/vast/abcabc/Aang_Foundation/20250821_mem_mito/fish4_24hpf_roi2,20250821-plate75-slot4-roi2,20250821,75,4,2,20250821_mem_mito,20250821_mem_mito,fish4,4.0,24.0,,1500,20250821_mem_mito,2025-08-21,2025-08-21,casper/rnf,mem:tdmChilada,pDQM082,315,,,tdmChilada,2xLynk,membrane,tdmChilada::2xLynk,membrane,tdmChilada(membrane)|mStayGold(mitochondria),sheet,,2xCox8A:mSG,,
/clusterfs/vast/abcabc/Aang_Foundation/20250821_mem_mito/fish6_24hpf_roi1,20250821-plate75-slot5-roi1,20250821,75,5,1,20250821_mem_mito,20250821_mem_mito,fish6,6.0,24.0,,1500,20250821_mem_mito,2025-08-21,2025-08-21,casper/rnf,mem:tdmChilada,pDQM082,315,,,tdmChilada,2xLynk,membrane,tdmChilada::2xLynk,membrane,tdmChilada(membrane)|mStayGold(mitochondria),sheet,,2xCox8A:mSG,,
/clusterfs/vast/abcabc/Aang_Foundation/20250821_mem_mito/fish6_24hpf_roi2,20250821-plate75-slot5-roi2,20250821,75,5,2,20250821_mem_mito,20250821_mem_mito,fish6,6.0,24.0,,1471,20250821_mem_mito,2025-08-21,2025-08-21,casper/rnf,mem:tdmChilada,pDQM082,315,,,tdmChilada,2xLynk,membrane,tdmChilada::2xLynk,membrane,tdmChilada(membrane)|mStayGold(mitochondria),sheet,,2xCox8A:mSG,,
/clusterfs/vast/abcabc/Aang_Foundation/20250821_mem_mito/fish7_48hpf_roi1,20250821-plate75-slot6-roi1,20250821,75,6,1,20250821_mem_mito,20250821_mem_mito,fish7,7.0,48.0,,1500,20250821_mem_mito,2025-08-21,2025-08-21,casper/rnf,mem:tdmChilada,pDQM082,315,,,tdmChilada,2xLynk,membrane,tdmChilada::2xLynk,membrane,tdmChilada(membrane)|mStayGold(mitochondria),sheet,,2xCox8A:mSG,,
/clusterfs/vast/abcabc/Aang_Foundation/20250821_mem_mito/fish7_48hpf_roi2,20250821-plate75-slot6-roi2,20250821,75,6,2,20250821_mem_mito,20250821_mem_mito,fish7,7.0,48.0,,1500,20250821_mem_mito,2025-08-21,2025-08-21,casper/rnf,mem:tdmChilada,pDQM082,315,,,tdmChilada,2xLynk,membrane,tdmChilada::2xLynk,membrane,tdmChilada(membrane)|mStayGold(mitochondria),sheet,,2xCox8A:mSG,,
/clusterfs/vast/abcabc/Aang_Foundation/20250821_mem_mito/fish8_48hpf_roi1,20250821-plate76-slot1-roi1,20250821,76,1,1,20250821_mem_mito,20250821_mem_mito,fish8,8.0,48.0,,1500,20250821_mem_mito,2025-08-21,2025-08-21,casper/rnf,mem:tdmChilada,pDQM082,315,,,tdmChilada,2xLynk,membrane,tdmChilada::2xLynk,membrane,tdmChilada(membrane)|mStayGold(mitochondria),sheet,,2xCox8A:mSG,,
/clusterfs/vast/abcabc/Aang_Foundation/20250821_mem_mito/fish8_48hpf_roi2,20250821-plate76-slot1-roi2,20250821,76,1,2,20250821_mem_mito,20250821_mem_mito,fish8,8.0,48.0,,1500,20250821_mem_mito,2025-08-21,2025-08-21,casper/rnf,mem:tdmChilada,pDQM082,315,,,tdmChilada,2xLynk,membrane,tdmChilada::2xLynk,membrane,tdmChilada(membrane)|mStayGold(mitochondria),sheet,,2xCox8A:mSG,,
/clusterfs/vast/abcabc/Aang_Foundation/20250821_mem_mito/fish8_48hpf_roi3,20250821-plate76-slot1-roi3,20250821,76,1,3,20250821_mem_mito,20250821_mem_mito,fish8,8.0,48.0,,1500,20250821_mem_mito,2025-08-21,2025-08-21,casper/rnf,mem:tdmChilada,pDQM082,315,,,tdmChilada,2xLynk,membrane,tdmChilada::2xLynk,membrane,tdmChilada(membrane)|mStayGold(mitochondria),sheet,,2xCox8A:mSG,,
/clusterfs/vast/abcabc/Aang_Foundation/20250826_mem_actin/fish1_24hpf_roi1,20250826-plate77-slot1-roi1,20250826,77,1,1,20250826_mem_actin,20250826_mem_actin,fish1,1.0,24.0,,1850,20250826_mem_actin,2025-08-26,2025-08-26,casper/rnf,mem:tdmChilada,pDQM082,315,,,tdmChilada,2xLynk,membrane,tdmChilada::2xLynk,membrane,tdmChilada(membrane)|mStayGold(actin),sheet,,Lifeact:mSG,,
/clusterfs/vast/abcabc/Aang_Foundation/20250826_mem_actin/fish1_24hpf_roi2,20250826-plate77-slot1-roi2,20250826,77,1,2,20250826_mem_actin,20250826_mem_actin,fish1,1.0,24.0,,1200,20250826_mem_actin,2025-08-26,2025-08-26,casper/rnf,mem:tdmChilada,pDQM082,315,,,tdmChilada,2xLynk,membrane,tdmChilada::2xLynk,membrane,tdmChilada(membrane)|mStayGold(actin),sheet,,Lifeact:mSG,,
/clusterfs/vast/abcabc/Aang_Foundation/20250826_mem_actin/fish2_24hpf_roi1,20250826-plate77-slot2-roi1,20250826,77,2,1,20250826_mem_actin,20250826_mem_actin,fish2,2.0,24.0,,816,20250826_mem_actin,2025-08-26,2025-08-26,casper/rnf,mem:tdmChilada,pDQM082,315,,,tdmChilada,2xLynk,membrane,tdmChilada::2xLynk,membrane,tdmChilada(membrane)|mStayGold(actin),sheet,,Lifeact:mSG,,
/clusterfs/vast/abcabc/Aang_Foundation/20250826_mem_actin/fish3_24hpf_roi1,20250826-plate77-slot3-roi1,20250826,77,3,1,20250826_mem_actin,20250826_mem_actin,fish3,3.0,24.0,,816,20250826_mem_actin,2025-08-26,2025-08-26,casper/rnf,mem:tdmChilada,pDQM082,315,,,tdmChilada,2xLynk,membrane,tdmChilada::2xLynk,membrane,tdmChilada(membrane)|mStayGold(actin),sheet,,Lifeact:mSG,,
/clusterfs/vast/abcabc/Aang_Foundation/20250826_mem_actin/fish3_24hpf_roi2,20250826-plate77-slot3-roi2,20250826,77,3,2,20250826_mem_actin,20250826_mem_actin,fish3,3.0,24.0,,818,20250826_mem_actin,2025-08-26,2025-08-26,casper/rnf,mem:tdmChilada,pDQM082,315,,,tdmChilada,2xLynk,membrane,tdmChilada::2xLynk,membrane,tdmChilada(membrane)|mStayGold(actin),sheet,,Lifeact:mSG,,
/clusterfs/vast/abcabc/Aang_Foundation/20250826_mem_actin/fish5_24hpf_roi1,20250826-plate77-slot4-roi1,20250826,77,4,1,20250826_mem_actin,20250826_mem_actin,fish5,5.0,24.0,,816,20250826_mem_actin,2025-08-26,2025-08-26,casper/rnf,mem:tdmChilada,pDQM082,315,,,tdmChilada,2xLynk,membrane,tdmChilada::2xLynk,membrane,tdmChilada(membrane)|mStayGold(actin),sheet,,Lifeact:mSG,,
/clusterfs/vast/abcabc/Aang_Foundation/20250826_mem_actin/fish5_24hpf_roi2,20250826-plate77-slot4-roi2,20250826,77,4,2,20250826_mem_actin,20250826_mem_actin,fish5,5.0,24.0,,816,20250826_mem_actin,2025-08-26,2025-08-26,casper/rnf,mem:tdmChilada,pDQM082,315,,,tdmChilada,2xLynk,membrane,tdmChilada::2xLynk,membrane,tdmChilada(membrane)|mStayGold(actin),sheet,,Lifeact:mSG,,
/clusterfs/vast/abcabc/Aang_Foundation/20250826_mem_actin/fish6_24hpf_roi1,20250826-plate77-slot5-roi1,20250826,77,5,1,20250826_mem_actin,20250826_mem_actin,fish6,6.0,24.0,,816,20250826_mem_actin,2025-08-26,2025-08-26,casper/rnf,mem:tdmChilada,pDQM082,315,,,tdmChilada,2xLynk,membrane,tdmChilada::2xLynk,membrane,tdmChilada(membrane)|mStayGold(actin),sheet,,Lifeact:mSG,,
/clusterfs/vast/abcabc/Aang_Foundation/20250827_mem_actin/fish3_48hpf_roi1,20250827-plate78-slot1-roi1,20250827,78,1,1,20250827_mem_actin,20250827_mem_actin,fish3,3.0,48.0,,408,20250827_mem_actin,2025-08-27,2025-08-27,casper/rnf,ef1a:2xLynk:tdmChilada (F1 of allele 315),pDQM082,315,,,tdmChilada,2xLynk,membrane,tdmChilada::2xLynk,membrane,tdmChilada(membrane)|mStayGold(actin),sheet,,Lifeact:mSG,,
/clusterfs/vast/abcabc/Aang_Foundation/20250827_mem_actin/fish3_48hpf_roi2,20250827-plate78-slot1-roi2,20250827,78,1,2,20250827_mem_actin,20250827_mem_actin,fish3,3.0,48.0,,408,20250827_mem_actin,2025-08-27,2025-08-27,casper/rnf,ef1a:2xLynk:tdmChilada (F1 of allele 315),pDQM082,315,,,tdmChilada,2xLynk,membrane,tdmChilada::2xLynk,membrane,tdmChilada(membrane)|mStayGold(actin),sheet,,Lifeact:mSG,,
/clusterfs/vast/abcabc/Aang_Foundation/20250827_mem_actin/fish5_48hpf_roi1,20250827-plate78-slot2-roi1,20250827,78,2,1,20250827_mem_actin,20250827_mem_actin,fish5,5.0,48.0,,136,20250827_mem_actin,2025-08-27,2025-08-27,casper/rnf,ef1a:2xLynk:tdmChilada (F1 of allele 315),pDQM082,315,,,tdmChilada,2xLynk,membrane,tdmChilada::2xLynk,membrane,tdmChilada(membrane)|mStayGold(actin),sheet,,Lifeact:mSG,,
/clusterfs/vast/abcabc/Aang_Foundation/20250827_mem_actin/fish5_48hpf_roi2,20250827-plate78-slot2-roi2,20250827,78,2,2,20250827_mem_actin,20250827_mem_actin,fish5,5.0,48.0,,136,20250827_mem_actin,2025-08-27,2025-08-27,casper/rnf,ef1a:2xLynk:tdmChilada (F1 of allele 315),pDQM082,315,,,tdmChilada,2xLynk,membrane,tdmChilada::2xLynk,membrane,tdmChilada(membrane)|mStayGold(actin),sheet,,Lifeact:mSG,,
/clusterfs/vast/abcabc/Aang_Foundation/20250827_mem_actin/fish5_48hpf_roi3,20250827-plate78-slot2-roi3,20250827,78,2,3,20250827_mem_actin,20250827_mem_actin,fish5,5.0,48.0,,136,20250827_mem_actin,2025-08-27,2025-08-27,casper/rnf,ef1a:2xLynk:tdmChilada (F1 of allele 315),pDQM082,315,,,tdmChilada,2xLynk,membrane,tdmChilada::2xLynk,membrane,tdmChilada(membrane)|mStayGold(actin),sheet,,Lifeact:mSG,,
/clusterfs/vast/abcabc/Aang_Foundation/20250828_mem_actin/fish1_24hpf_roi1,20250828-plate79-slot1-roi1,20250828,79,1,1,20250828_mem_actin,20250828_mem_actin,fish1,1.0,24.0,,50,20250828_mem_actin,2025-08-28,2025-08-28,casper/rnf,ef1a:2xLynk:tdmChilada (F1 of allele 315),pDQM082,315,,,tdmChilada,2xLynk,membrane,tdmChilada::2xLynk,membrane,tdmChilada(membrane)|mStayGold(actin),sheet,,Lifeact:mSG,,
/clusterfs/vast/abcabc/Aang_Foundation/20250828_mem_actin/fish1_24hpf_roi1-2,20250828-plate79-slot1-roi2,20250828,79,1,2,20250828_mem_actin,20250828_mem_actin,fish1,1.0,24.0,fish1|roi1-2,1476,20250828_mem_actin,2025-08-28,2025-08-28,casper/rnf,ef1a:2xLynk:tdmChilada (F1 of allele 315),pDQM082,315,,,tdmChilada,2xLynk,membrane,tdmChilada::2xLynk,membrane,tdmChilada(membrane)|mStayGold(actin),sheet,,Lifeact:mSG,,
/clusterfs/vast/abcabc/Aang_Foundation/20250828_mem_actin/fish1_24hpf_roi2,20250828-plate79-slot1-roi3,20250828,79,1,3,20250828_mem_actin,20250828_mem_actin,fish1,1.0,24.0,,656,20250828_mem_actin,2025-08-28,2025-08-28,casper/rnf,ef1a:2xLynk:tdmChilada (F1 of allele 315),pDQM082,315,,,tdmChilada,2xLynk,membrane,tdmChilada::2xLynk,membrane,tdmChilada(membrane)|mStayGold(actin),sheet,,Lifeact:mSG,,
/clusterfs/vast/abcabc/Aang_Foundation/20250828_mem_actin/fish1_24hpf_roi3,20250828-plate79-slot1-roi4,20250828,79,1,4,20250828_mem_actin,20250828_mem_actin,fish1,1.0,24.0,,656,20250828_mem_actin,2025-08-28,2025-08-28,casper/rnf,ef1a:2xLynk:tdmChilada (F1 of allele 315),pDQM082,315,,,tdmChilada,2xLynk,membrane,tdmChilada::2xLynk,membrane,tdmChilada(membrane)|mStayGold(actin),sheet,,Lifeact:mSG,,
/clusterfs/vast/abcabc/Aang_Foundation/20250828_mem_actin/fish2_24hpf_roi1,20250828-plate79-slot2-roi1,20250828,79,2,1,20250828_mem_actin,20250828_mem_actin,fish2,2.0,24.0,,1925,20250828_mem_actin,2025-08-28,2025-08-28,casper/rnf,ef1a:2xLynk:tdmChilada (F1 of allele 315),pDQM082,315,,,tdmChilada,2xLynk,membrane,tdmChilada::2xLynk,membrane,tdmChilada(membrane)|mStayGold(actin),sheet,,Lifeact:mSG,,
/clusterfs/vast/abcabc/Aang_Foundation/20250828_mem_actin/fish2_24hpf_roi2,20250828-plate79-slot2-roi2,20250828,79,2,2,20250828_mem_actin,20250828_mem_actin,fish2,2.0,24.0,,1726,20250828_mem_actin,2025-08-28,2025-08-28,casper/rnf,ef1a:2xLynk:tdmChilada (F1 of allele 315),pDQM082,315,,,tdmChilada,2xLynk,membrane,tdmChilada::2xLynk,membrane,tdmChilada(membrane)|mStayGold(actin),sheet,,Lifeact:mSG,,
/clusterfs/vast/abcabc/Aang_Foundation/20250828_mem_actin/fish2_24hpf_roi2-2,20250828-plate79-slot2-roi3,20250828,79,2,3,20250828_mem_actin,20250828_mem_actin,fish2,2.0,24.0,fish2|roi2-2,1968,20250828_mem_actin,2025-08-28,2025-08-28,casper/rnf,ef1a:2xLynk:tdmChilada (F1 of allele 315),pDQM082,315,,,tdmChilada,2xLynk,membrane,tdmChilada::2xLynk,membrane,tdmChilada(membrane)|mStayGold(actin),sheet,,Lifeact:mSG,,
/clusterfs/vast/abcabc/Aang_Foundation/20250828_mem_actin/fish4_24hpf_roi1,20250828-plate79-slot3-roi1,20250828,79,3,1,20250828_mem_actin,20250828_mem_actin,fish4,4.0,24.0,,1968,20250828_mem_actin,2025-08-28,2025-08-28,casper/rnf,ef1a:2xLynk:tdmChilada (F1 of allele 315),pDQM082,315,,,tdmChilada,2xLynk,membrane,tdmChilada::2xLynk,membrane,tdmChilada(membrane)|mStayGold(actin),sheet,,Lifeact:mSG,,
/clusterfs/vast/abcabc/Aang_Foundation/20250828_mem_actin/fish4_24hpf_roi2,20250828-plate79-slot3-roi2,20250828,79,3,2,20250828_mem_actin,20250828_mem_actin,fish4,4.0,24.0,,1968,20250828_mem_actin,2025-08-28,2025-08-28,casper/rnf,ef1a:2xLynk:tdmChilada (F1 of allele 315),pDQM082,315,,,tdmChilada,2xLynk,membrane,tdmChilada::2xLynk,membrane,tdmChilada(membrane)|mStayGold(actin),sheet,,Lifeact:mSG,,
/clusterfs/vast/abcabc/Aang_Foundation/20250828_mem_actin/fish5_24hpf_roi1,20250828-plate79-slot4-roi1,20250828,79,4,1,20250828_mem_actin,20250828_mem_actin,fish5,5.0,24.0,,656,20250828_mem_actin,2025-08-28,2025-08-28,casper/rnf,ef1a:2xLynk:tdmChilada (F1 of allele 315),pDQM082,315,,,tdmChilada,2xLynk,membrane,tdmChilada::2xLynk,membrane,tdmChilada(membrane)|mStayGold(actin),sheet,,Lifeact:mSG,,
/clusterfs/vast/abcabc/Aang_Foundation/20250828_mem_actin/fish5_24hpf_roi2,20250828-plate79-slot4-roi2,20250828,79,4,2,20250828_mem_actin,20250828_mem_actin,fish5,5.0,24.0,,656,20250828_mem_actin,2025-08-28,2025-08-28,casper/rnf,ef1a:2xLynk:tdmChilada (F1 of allele 315),pDQM082,315,,,tdmChilada,2xLynk,membrane,tdmChilada::2xLynk,membrane,tdmChilada(membrane)|mStayGold(actin),sheet,,Lifeact:mSG,,
/clusterfs/vast/abcabc/Aang_Foundation/20250828_mem_actin/fish5_24hpf_roi3,20250828-plate79-slot4-roi3,20250828,79,4,3,20250828_mem_actin,20250828_mem_actin,fish5,5.0,24.0,,656,20250828_mem_actin,2025-08-28,2025-08-28,casper/rnf,ef1a:2xLynk:tdmChilada (F1 of allele 315),pDQM082,315,,,tdmChilada,2xLynk,membrane,tdmChilada::2xLynk,membrane,tdmChilada(membrane)|mStayGold(actin),sheet,,Lifeact:mSG,,
/clusterfs/vast/abcabc/Aang_Foundation/20250828_mem_actin/fish6_24hpf_roi1,20250828-plate79-slot5-roi1,20250828,79,5,1,20250828_mem_actin,20250828_mem_actin,fish6,6.0,24.0,,1968,20250828_mem_actin,2025-08-28,2025-08-28,casper/rnf,ef1a:2xLynk:tdmChilada (F1 of allele 315),pDQM082,315,,,tdmChilada,2xLynk,membrane,tdmChilada::2xLynk,membrane,tdmChilada(membrane)|mStayGold(actin),sheet,,Lifeact:mSG,,
/clusterfs/vast/abcabc/Aang_Foundation/20250828_mem_actin/fish6_24hpf_roi2,20250828-plate79-slot5-roi2,20250828,79,5,2,20250828_mem_actin,20250828_mem_actin,fish6,6.0,24.0,,1968,20250828_mem_actin,2025-08-28,2025-08-28,casper/rnf,ef1a:2xLynk:tdmChilada (F1 of allele 315),pDQM082,315,,,tdmChilada,2xLynk,membrane,tdmChilada::2xLynk,membrane,tdmChilada(membrane)|mStayGold(actin),sheet,,Lifeact:mSG,,
/clusterfs/vast/abcabc/Aang_Foundation/20250903_lifeact-mSG/fish1_24hpf_roi1,20250903-plate80-slot1-roi1,20250903,80,1,1,20250903_lifeact-mSG,20250903_lifeact-mSG,fish1,1.0,24.0,,400,20250903_lifeact-mSG,2025-09-03,2025-09-03,,,,,,,,,,,,,inferred,,,,
/clusterfs/vast/abcabc/Aang_Foundation/20250903_lifeact-mSG/fish1_24hpf_roi2,20250903-plate80-slot1-roi2,20250903,80,1,2,20250903_lifeact-mSG,20250903_lifeact-mSG,fish1,1.0,24.0,,656,20250903_lifeact-mSG,2025-09-03,2025-09-03,,,,,,,,,,,,,inferred,,,,
/clusterfs/vast/abcabc/Aang_Foundation/20250903_lifeact-mSG/fish1_24hpf_roi3,20250903-plate80-slot1-roi3,20250903,80,1,3,20250903_lifeact-mSG,20250903_lifeact-mSG,fish1,1.0,24.0,,82,20250903_lifeact-mSG,2025-09-03,2025-09-03,,,,,,,,,,,,,inferred,,,,
/clusterfs/vast/abcabc/Aang_Foundation/20250903_lifeact-mSG/fish1_24hpf_roi3_2,20250903-plate80-slot1-roi4,20250903,80,1,4,20250903_lifeact-mSG,20250903_lifeact-mSG,fish1,1.0,24.0,,1312,20250903_lifeact-mSG,2025-09-03,2025-09-03,,,,,,,,,,,,,inferred,,,,
/clusterfs/vast/abcabc/Aang_Foundation/20250903_lifeact-mSG/fish2_24hpf_roi1,20250903-plate80-slot2-roi1,20250903,80,2,1,20250903_lifeact-mSG,20250903_lifeact-mSG,fish2,2.0,24.0,,656,20250903_lifeact-mSG,2025-09-03,2025-09-03,,,,,,,,,,,,,inferred,,,,
/clusterfs/vast/abcabc/Aang_Foundation/20250903_lifeact-mSG/fish2_24hpf_roi2,20250903-plate80-slot2-roi2,20250903,80,2,2,20250903_lifeact-mSG,20250903_lifeact-mSG,fish2,2.0,24.0,,656,20250903_lifeact-mSG,2025-09-03,2025-09-03,,,,,,,,,,,,,inferred,,,,
/clusterfs/vast/abcabc/Aang_Foundation/20250904_lifeact-mSG/fish1_24hpf_roi1,20250904-plate81-slot1-roi1,20250904,81,1,1,20250904_lifeact-mSG,20250904_lifeact-mSG,fish1,1.0,24.0,,656,20250904_lifeact-mSG,2025-09-04,2025-09-04,casper/rnf,ef1a-extended:2xLynk:tdmScarlet3-S2-tol2 (F1 of allele 325),pDQM136,325,,,tdmScarlet3,2xLynk,membrane,tdmScarlet3::2xLynk,membrane,tdmScarlet3(membrane)|mStayGold(actin),sheet,,HC-9 Lifeact:mStayGold,,
/clusterfs/vast/abcabc/Aang_Foundation/20250904_lifeact-mSG/fish1_24hpf_roi2,20250904-plate81-slot1-roi2,20250904,81,1,2,20250904_lifeact-mSG,20250904_lifeact-mSG,fish1,1.0,24.0,,25,20250904_lifeact-mSG,2025-09-04,2025-09-04,casper/rnf,ef1a-extended:2xLynk:tdmScarlet3-S2-tol2 (F1 of allele 325),pDQM136,325,,,tdmScarlet3,2xLynk,membrane,tdmScarlet3::2xLynk,membrane,tdmScarlet3(membrane)|mStayGold(actin),sheet,,HC-9 Lifeact:mStayGold,,
/clusterfs/vast/abcabc/Aang_Foundation/20250904_lifeact-mSG/fish1_24hpf_roi3,20250904-plate81-slot1-roi3,20250904,81,1,3,20250904_lifeact-mSG,20250904_lifeact-mSG,fish1,1.0,24.0,,656,20250904_lifeact-mSG,2025-09-04,2025-09-04,casper/rnf,ef1a-extended:2xLynk:tdmScarlet3-S2-tol2 (F1 of allele 325),pDQM136,325,,,tdmScarlet3,2xLynk,membrane,tdmScarlet3::2xLynk,membrane,tdmScarlet3(membrane)|mStayGold(actin),sheet,,HC-9 Lifeact:mStayGold,,
/clusterfs/vast/abcabc/Aang_Foundation/20250904_lifeact-mSG/fish1_24hpf_roi4,20250904-plate81-slot1-roi4,20250904,81,1,4,20250904_lifeact-mSG,20250904_lifeact-mSG,fish1,1.0,24.0,,656,20250904_lifeact-mSG,2025-09-04,2025-09-04,casper/rnf,ef1a-extended:2xLynk:tdmScarlet3-S2-tol2 (F1 of allele 325),pDQM136,325,,,tdmScarlet3,2xLynk,membrane,tdmScarlet3::2xLynk,membrane,tdmScarlet3(membrane)|mStayGold(actin),sheet,,HC-9 Lifeact:mStayGold,,
/clusterfs/vast/abcabc/Aang_Foundation/20250904_lifeact-mSG/fish1_24hpf_roi5,20250904-plate81-slot1-roi5,20250904,81,1,5,20250904_lifeact-mSG,20250904_lifeact-mSG,fish1,1.0,24.0,,656,20250904_lifeact-mSG,2025-09-04,2025-09-04,casper/rnf,ef1a-extended:2xLynk:tdmScarlet3-S2-tol2 (F1 of allele 325),pDQM136,325,,,tdmScarlet3,2xLynk,membrane,tdmScarlet3::2xLynk,membrane,tdmScarlet3(membrane)|mStayGold(actin),sheet,,HC-9 Lifeact:mStayGold,,
/clusterfs/vast/abcabc/Aang_Foundation/20250905_lifeact-mSG/fish2_72hpf_roi1,20250905-plate82-slot1-roi1,20250905,82,1,1,20250905_lifeact-mSG,20250905_lifeact-mSG,fish2,2.0,72.0,,656,20250905_lifeact-mSG,2025-09-05,2025-09-05,casper/rnf,mem:tdmChilada,pDQM082,315,,,tdmChilada,2xLynk,membrane,tdmChilada::2xLynk,membrane,tdmChilada(membrane)|mStayGold(actin),sheet,,HC-9 Lifeact:mStayGold,,
/clusterfs/vast/abcabc/Aang_Foundation/20250905_lifeact-mSG/fish2_72hpf_roi2,20250905-plate82-slot1-roi2,20250905,82,1,2,20250905_lifeact-mSG,20250905_lifeact-mSG,fish2,2.0,72.0,,257,20250905_lifeact-mSG,2025-09-05,2025-09-05,casper/rnf,mem:tdmChilada,pDQM082,315,,,tdmChilada,2xLynk,membrane,tdmChilada::2xLynk,membrane,tdmChilada(membrane)|mStayGold(actin),sheet,,HC-9 Lifeact:mStayGold,,
/clusterfs/vast/abcabc/Aang_Foundation/20250905_lifeact-mSG/fish2_72hpf_roi3,20250905-plate82-slot1-roi3,20250905,82,1,3,20250905_lifeact-mSG,20250905_lifeact-mSG,fish2,2.0,72.0,,816,20250905_lifeact-mSG,2025-09-05,2025-09-05,casper/rnf,mem:tdmChilada,pDQM082,315,,,tdmChilada,2xLynk,membrane,tdmChilada::2xLynk,membrane,tdmChilada(membrane)|mStayGold(actin),sheet,,HC-9 Lifeact:mStayGold,,
/clusterfs/vast/abcabc/Aang_Foundation/20250905_lifeact-mSG/fish2_72hpf_roi4,20250905-plate82-slot1-roi4,20250905,82,1,4,20250905_lifeact-mSG,20250905_lifeact-mSG,fish2,2.0,72.0,,816,20250905_lifeact-mSG,2025-09-05,2025-09-05,casper/rnf,mem:tdmChilada,pDQM082,315,,,tdmChilada,2xLynk,membrane,tdmChilada::2xLynk,membrane,tdmChilada(membrane)|mStayGold(actin),sheet,,HC-9 Lifeact:mStayGold,,
/clusterfs/vast/abcabc/Aang_Foundation/20250908_mem-mito/fish1_24hpf_roi1,20250908-plate83-slot1-roi1,20250908,83,1,1,20250908_mem-mito,20250908_mem-mito,fish1,1.0,24.0,,332,20250908_mem-mito,2025-09-08,2025-09-08,ef1a:2xLynk:tdm:mChilada,ef1a:2xLynk:tdm:mChilada,pDQM082,315,,,tdmChilada,2xLynk,membrane,tdmChilada::2xLynk,membrane,tdmChilada(membrane)|mStayGold(mitochondria),sheet,,2xCox8A:mSG,,
/clusterfs/vast/abcabc/Aang_Foundation/20250908_mem-mito/fish1_24hpf_roi2,20250908-plate83-slot1-roi2,20250908,83,1,2,20250908_mem-mito,20250908_mem-mito,fish1,1.0,24.0,,1188,20250908_mem-mito,2025-09-08,2025-09-08,ef1a:2xLynk:tdm:mChilada,ef1a:2xLynk:tdm:mChilada,pDQM082,315,,,tdmChilada,2xLynk,membrane,tdmChilada::2xLynk,membrane,tdmChilada(membrane)|mStayGold(mitochondria),sheet,,2xCox8A:mSG,,
/clusterfs/vast/abcabc/Aang_Foundation/20250908_mem-mito/fish1_24hpf_roi3,20250908-plate83-slot1-roi3,20250908,83,1,3,20250908_mem-mito,20250908_mem-mito,fish1,1.0,24.0,,450,20250908_mem-mito,2025-09-08,2025-09-08,ef1a:2xLynk:tdm:mChilada,ef1a:2xLynk:tdm:mChilada,pDQM082,315,,,tdmChilada,2xLynk,membrane,tdmChilada::2xLynk,membrane,tdmChilada(membrane)|mStayGold(mitochondria),sheet,,2xCox8A:mSG,,
/clusterfs/vast/abcabc/Aang_Foundation/20250908_mem-mito/fish1_24hpf_roi4,20250908-plate83-slot1-roi4,20250908,83,1,4,20250908_mem-mito,20250908_mem-mito,fish1,1.0,24.0,,450,20250908_mem-mito,2025-09-08,2025-09-08,ef1a:2xLynk:tdm:mChilada,ef1a:2xLynk:tdm:mChilada,pDQM082,315,,,tdmChilada,2xLynk,membrane,tdmChilada::2xLynk,membrane,tdmChilada(membrane)|mStayGold(mitochondria),sheet,,2xCox8A:mSG,,
/clusterfs/vast/abcabc/Aang_Foundation/20250908_mem-mito/fish2_24hpf_roi1,20250908-plate83-slot2-roi1,20250908,83,2,1,20250908_mem-mito,20250908_mem-mito,fish2,2.0,24.0,,450,20250908_mem-mito,2025-09-08,2025-09-08,ef1a:2xLynk:tdm:mChilada,ef1a:2xLynk:tdm:mChilada,pDQM082,315,,,tdmChilada,2xLynk,membrane,tdmChilada::2xLynk,membrane,tdmChilada(membrane)|mStayGold(mitochondria),sheet,,2xCox8A:mSG,,
/clusterfs/vast/abcabc/Aang_Foundation/20250908_mem-mito/fish2_24hpf_roi2,20250908-plate83-slot2-roi2,20250908,83,2,2,20250908_mem-mito,20250908_mem-mito,fish2,2.0,24.0,,300,20250908_mem-mito,2025-09-08,2025-09-08,ef1a:2xLynk:tdm:mChilada,ef1a:2xLynk:tdm:mChilada,pDQM082,315,,,tdmChilada,2xLynk,membrane,tdmChilada::2xLynk,membrane,tdmChilada(membrane)|mStayGold(mitochondria),sheet,,2xCox8A:mSG,,
/clusterfs/vast/abcabc/Aang_Foundation/20250908_mem-mito/fish2_24hpf_roi3,20250908-plate83-slot2-roi3,20250908,83,2,3,20250908_mem-mito,20250908_mem-mito,fish2,2.0,24.0,,4,20250908_mem-mito,2025-09-08,2025-09-08,ef1a:2xLynk:tdm:mChilada,ef1a:2xLynk:tdm:mChilada,pDQM082,315,,,tdmChilada,2xLynk,membrane,tdmChilada::2xLynk,membrane,tdmChilada(membrane)|mStayGold(mitochondria),sheet,,2xCox8A:mSG,,
/clusterfs/vast/abcabc/Aang_Foundation/20250908_mem-mito/fish2_72hpf_roi1,20250908-plate83-slot2-roi4,20250908,83,2,4,20250908_mem-mito,20250908_mem-mito,fish2,2.0,72.0,,2000,20250908_mem-mito,2025-09-08,2025-09-08,ef1a:2xLynk:tdm:mChilada,ef1a:2xLynk:tdm:mChilada,pDQM082,315,,,tdmChilada,2xLynk,membrane,tdmChilada::2xLynk,membrane,tdmChilada(membrane)|mStayGold(mitochondria),sheet,,2xCox8A:mSG,,
/clusterfs/vast/abcabc/Aang_Foundation/20250908_mem-mito/fish2_72hpf_roi2,20250908-plate83-slot2-roi5,20250908,83,2,5,20250908_mem-mito,20250908_mem-mito,fish2,2.0,72.0,,1200,20250908_mem-mito,2025-09-08,2025-09-08,ef1a:2xLynk:tdm:mChilada,ef1a:2xLynk:tdm:mChilada,pDQM082,315,,,tdmChilada,2xLynk,membrane,tdmChilada::2xLynk,membrane,tdmChilada(membrane)|mStayGold(mitochondria),sheet,,2xCox8A:mSG,,
/clusterfs/vast/abcabc/Aang_Foundation/20250908_mem-mito/fish2_72hpf_roi3,20250908-plate83-slot2-roi6,20250908,83,2,6,20250908_mem-mito,20250908_mem-mito,fish2,2.0,72.0,,1200,20250908_mem-mito,2025-09-08,2025-09-08,ef1a:2xLynk:tdm:mChilada,ef1a:2xLynk:tdm:mChilada,pDQM082,315,,,tdmChilada,2xLynk,membrane,tdmChilada::2xLynk,membrane,tdmChilada(membrane)|mStayGold(mitochondria),sheet,,2xCox8A:mSG,,
/clusterfs/vast/abcabc/Aang_Foundation/20250908_mem-mito/fish2_72hpf_roi4,20250908-plate83-slot2-roi7,20250908,83,2,7,20250908_mem-mito,20250908_mem-mito,fish2,2.0,72.0,,1200,20250908_mem-mito,2025-09-08,2025-09-08,ef1a:2xLynk:tdm:mChilada,ef1a:2xLynk:tdm:mChilada,pDQM082,315,,,tdmChilada,2xLynk,membrane,tdmChilada::2xLynk,membrane,tdmChilada(membrane)|mStayGold(mitochondria),sheet,,2xCox8A:mSG,,
/clusterfs/vast/abcabc/Aang_Foundation/20250908_mem-mito/fish2_72hpf_roi5,20250908-plate83-slot2-roi8,20250908,83,2,8,20250908_mem-mito,20250908_mem-mito,fish2,2.0,72.0,,1200,20250908_mem-mito,2025-09-08,2025-09-08,ef1a:2xLynk:tdm:mChilada,ef1a:2xLynk:tdm:mChilada,pDQM082,315,,,tdmChilada,2xLynk,membrane,tdmChilada::2xLynk,membrane,tdmChilada(membrane)|mStayGold(mitochondria),sheet,,2xCox8A:mSG,,
/clusterfs/vast/abcabc/Aang_Foundation/20250908_mem-mito/fish4_24hpf_roi1,20250908-plate83-slot3-roi1,20250908,83,3,1,20250908_mem-mito,20250908_mem-mito,fish4,4.0,24.0,,300,20250908_mem-mito,2025-09-08,2025-09-08,ef1a:2xLynk:tdm:mChilada,ef1a:2xLynk:tdm:mChilada,pDQM082,315,,,tdmChilada,2xLynk,membrane,tdmChilada::2xLynk,membrane,tdmChilada(membrane)|mStayGold(mitochondria),sheet,,2xCox8A:mSG,,
/clusterfs/vast/abcabc/Aang_Foundation/20250908_mem-mito/fish4_24hpf_roi2,20250908-plate83-slot3-roi2,20250908,83,3,2,20250908_mem-mito,20250908_mem-mito,fish4,4.0,24.0,,300,20250908_mem-mito,2025-09-08,2025-09-08,ef1a:2xLynk:tdm:mChilada,ef1a:2xLynk:tdm:mChilada,pDQM082,315,,,tdmChilada,2xLynk,membrane,tdmChilada::2xLynk,membrane,tdmChilada(membrane)|mStayGold(mitochondria),sheet,,2xCox8A:mSG,,
/clusterfs/vast/abcabc/Aang_Foundation/20250908_mem-mito/fish4_24hpf_roi3,20250908-plate83-slot3-roi3,20250908,83,3,3,20250908_mem-mito,20250908_mem-mito,fish4,4.0,24.0,,300,20250908_mem-mito,2025-09-08,2025-09-08,ef1a:2xLynk:tdm:mChilada,ef1a:2xLynk:tdm:mChilada,pDQM082,315,,,tdmChilada,2xLynk,membrane,tdmChilada::2xLynk,membrane,tdmChilada(membrane)|mStayGold(mitochondria),sheet,,2xCox8A:mSG,,
/clusterfs/vast/abcabc/Aang_Foundation/20250908_mem-mito/fish5_24hpf_roi1,20250908-plate83-slot4-roi1,20250908,83,4,1,20250908_mem-mito,20250908_mem-mito,fish5,5.0,24.0,,300,20250908_mem-mito,2025-09-08,2025-09-08,ef1a:2xLynk:tdm:mChilada,ef1a:2xLynk:tdm:mChilada,pDQM082,315,,,tdmChilada,2xLynk,membrane,tdmChilada::2xLynk,membrane,tdmChilada(membrane)|mStayGold(mitochondria),sheet,,2xCox8A:mSG,,
/clusterfs/vast/abcabc/Aang_Foundation/20250908_mem-mito/fish5_24hpf_roi2,20250908-plate83-slot4-roi2,20250908,83,4,2,20250908_mem-mito,20250908_mem-mito,fish5,5.0,24.0,,300,20250908_mem-mito,2025-09-08,2025-09-08,ef1a:2xLynk:tdm:mChilada,ef1a:2xLynk:tdm:mChilada,pDQM082,315,,,tdmChilada,2xLynk,membrane,tdmChilada::2xLynk,membrane,tdmChilada(membrane)|mStayGold(mitochondria),sheet,,2xCox8A:mSG,,
/clusterfs/vast/abcabc/Aang_Foundation/20250908_mem-mito/fish5_24hpf_roi3,20250908-plate83-slot4-roi3,20250908,83,4,3,20250908_mem-mito,20250908_mem-mito,fish5,5.0,24.0,,300,20250908_mem-mito,2025-09-08,2025-09-08,ef1a:2xLynk:tdm:mChilada,ef1a:2xLynk:tdm:mChilada,pDQM082,315,,,tdmChilada,2xLynk,membrane,tdmChilada::2xLynk,membrane,tdmChilada(membrane)|mStayGold(mitochondria),sheet,,2xCox8A:mSG,,
/clusterfs/vast/abcabc/Aang_Foundation/20250908_mem-mito/fish5_24hpf_roi4,20250908-plate83-slot4-roi4,20250908,83,4,4,20250908_mem-mito,20250908_mem-mito,fish5,5.0,24.0,,300,20250908_mem-mito,2025-09-08,2025-09-08,ef1a:2xLynk:tdm:mChilada,ef1a:2xLynk:tdm:mChilada,pDQM082,315,,,tdmChilada,2xLynk,membrane,tdmChilada::2xLynk,membrane,tdmChilada(membrane)|mStayGold(mitochondria),sheet,,2xCox8A:mSG,,
/clusterfs/vast/abcabc/Aang_Foundation/20250908_mem-mito/fish6_24hpf_roi1,20250908-plate83-slot5-roi1,20250908,83,5,1,20250908_mem-mito,20250908_mem-mito,fish6,6.0,24.0,,300,20250908_mem-mito,2025-09-08,2025-09-08,ef1a:2xLynk:tdm:mChilada,ef1a:2xLynk:tdm:mChilada,pDQM082,315,,,tdmChilada,2xLynk,membrane,tdmChilada::2xLynk,membrane,tdmChilada(membrane)|mStayGold(mitochondria),sheet,,2xCox8A:mSG,,
/clusterfs/vast/abcabc/Aang_Foundation/20250908_mem-mito/fish6_24hpf_roi2,20250908-plate83-slot5-roi2,20250908,83,5,2,20250908_mem-mito,20250908_mem-mito,fish6,6.0,24.0,,300,20250908_mem-mito,2025-09-08,2025-09-08,ef1a:2xLynk:tdm:mChilada,ef1a:2xLynk:tdm:mChilada,pDQM082,315,,,tdmChilada,2xLynk,membrane,tdmChilada::2xLynk,membrane,tdmChilada(membrane)|mStayGold(mitochondria),sheet,,2xCox8A:mSG,,
/clusterfs/vast/abcabc/Aang_Foundation/20250908_mem-mito/fish6_24hpf_roi3,20250908-plate83-slot5-roi3,20250908,83,5,3,20250908_mem-mito,20250908_mem-mito,fish6,6.0,24.0,,300,20250908_mem-mito,2025-09-08,2025-09-08,ef1a:2xLynk:tdm:mChilada,ef1a:2xLynk:tdm:mChilada,pDQM082,315,,,tdmChilada,2xLynk,membrane,tdmChilada::2xLynk,membrane,tdmChilada(membrane)|mStayGold(mitochondria),sheet,,2xCox8A:mSG,,
/clusterfs/vast/abcabc/Aang_Foundation/20250911_mem-mito/fish1_48hpf_roi1,20250911-plate84-slot1-roi1,20250911,84,1,1,20250911_mem-mito,20250911_mem-mito,fish1,1.0,48.0,,400,20250911_mem-mito,2025-09-11,2025-09-11,ef1a:2xLynk:tdmChilada (F1 of allele 315),ef1a:2xLynk:tdmChilada (F1 of allele 315),pDQM082,315,,,tdmChilada,2xLynk,membrane,tdmChilada::2xLynk,membrane,tdmChilada(membrane)|mStayGold(mitochondria),sheet,,2xCox8A:mSG,,
/clusterfs/vast/abcabc/Aang_Foundation/20250911_mem-mito/fish1_48hpf_roi2,20250911-plate84-slot1-roi2,20250911,84,1,2,20250911_mem-mito,20250911_mem-mito,fish1,1.0,48.0,,400,20250911_mem-mito,2025-09-11,2025-09-11,ef1a:2xLynk:tdmChilada (F1 of allele 315),ef1a:2xLynk:tdmChilada (F1 of allele 315),pDQM082,315,,,tdmChilada,2xLynk,membrane,tdmChilada::2xLynk,membrane,tdmChilada(membrane)|mStayGold(mitochondria),sheet,,2xCox8A:mSG,,
/clusterfs/vast/abcabc/Aang_Foundation/20250911_mem-mito/fish1_48hpf_roi3,20250911-plate84-slot1-roi3,20250911,84,1,3,20250911_mem-mito,20250911_mem-mito,fish1,1.0,48.0,,400,20250911_mem-mito,2025-09-11,2025-09-11,ef1a:2xLynk:tdmChilada (F1 of allele 315),ef1a:2xLynk:tdmChilada (F1 of allele 315),pDQM082,315,,,tdmChilada,2xLynk,membrane,tdmChilada::2xLynk,membrane,tdmChilada(membrane)|mStayGold(mitochondria),sheet,,2xCox8A:mSG,,
/clusterfs/vast/abcabc/Aang_Foundation/20250911_mem-mito/fish1_48hpf_roi4,20250911-plate84-slot1-roi4,20250911,84,1,4,20250911_mem-mito,20250911_mem-mito,fish1,1.0,48.0,,400,20250911_mem-mito,2025-09-11,2025-09-11,ef1a:2xLynk:tdmChilada (F1 of allele 315),ef1a:2xLynk:tdmChilada (F1 of allele 315),pDQM082,315,,,tdmChilada,2xLynk,membrane,tdmChilada::2xLynk,membrane,tdmChilada(membrane)|mStayGold(mitochondria),sheet,,2xCox8A:mSG,,
/clusterfs/vast/abcabc/Aang_Foundation/20250911_mem-mito/fish1_48hpf_roi5,20250911-plate84-slot1-roi5,20250911,84,1,5,20250911_mem-mito,20250911_mem-mito,fish1,1.0,48.0,,400,20250911_mem-mito,2025-09-11,2025-09-11,ef1a:2xLynk:tdmChilada (F1 of allele 315),ef1a:2xLynk:tdmChilada (F1 of allele 315),pDQM082,315,,,tdmChilada,2xLynk,membrane,tdmChilada::2xLynk,membrane,tdmChilada(membrane)|mStayGold(mitochondria),sheet,,2xCox8A:mSG,,
/clusterfs/vast/abcabc/Aang_Foundation/20250911_mem-mito/fish2_48hpf_roi1,20250911-plate84-slot2-roi1,20250911,84,2,1,20250911_mem-mito,20250911_mem-mito,fish2,2.0,48.0,,400,20250911_mem-mito,2025-09-11,2025-09-11,ef1a:2xLynk:tdmChilada (F1 of allele 315),ef1a:2xLynk:tdmChilada (F1 of allele 315),pDQM082,315,,,tdmChilada,2xLynk,membrane,tdmChilada::2xLynk,membrane,tdmChilada(membrane)|mStayGold(mitochondria),sheet,,2xCox8A:mSG,,
/clusterfs/vast/abcabc/Aang_Foundation/20250911_mem-mito/fish2_48hpf_roi2,20250911-plate84-slot2-roi2,20250911,84,2,2,20250911_mem-mito,20250911_mem-mito,fish2,2.0,48.0,,400,20250911_mem-mito,2025-09-11,2025-09-11,ef1a:2xLynk:tdmChilada (F1 of allele 315),ef1a:2xLynk:tdmChilada (F1 of allele 315),pDQM082,315,,,tdmChilada,2xLynk,membrane,tdmChilada::2xLynk,membrane,tdmChilada(membrane)|mStayGold(mitochondria),sheet,,2xCox8A:mSG,,
/clusterfs/vast/abcabc/Aang_Foundation/20250911_mem-mito/fish2_48hpf_roi3,20250911-plate84-slot2-roi3,20250911,84,2,3,20250911_mem-mito,20250911_mem-mito,fish2,2.0,48.0,,400,20250911_mem-mito,2025-09-11,2025-09-11,ef1a:2xLynk:tdmChilada (F1 of allele 315),ef1a:2xLynk:tdmChilada (F1 of allele 315),pDQM082,315,,,tdmChilada,2xLynk,membrane,tdmChilada::2xLynk,membrane,tdmChilada(membrane)|mStayGold(mitochondria),sheet,,2xCox8A:mSG,,
/clusterfs/vast/abcabc/Aang_Foundation/20250912_mem-mito/fish1_72hpf_roi1,20250912-plate85-slot1-roi1,20250912,85,1,1,20250912_mem-mito,20250912_mem-mito,fish1,1.0,72.0,,400,20250912_mem-mito,2025-09-12,2025-09-12,ef1a:2xLynk:tdmChilada (F1 of allele 315),ef1a:2xLynk:tdmChilada (F1 of allele 315),pDQM082,315,,,tdmChilada,2xLynk,membrane,tdmChilada::2xLynk,membrane,tdmChilada(membrane)|mStayGold(mitochondria),sheet,,2xCox8A:mSG,,
/clusterfs/vast/abcabc/Aang_Foundation/20250912_mem-mito/fish1_72hpf_roi2,20250912-plate85-slot1-roi2,20250912,85,1,2,20250912_mem-mito,20250912_mem-mito,fish1,1.0,72.0,,200,20250912_mem-mito,2025-09-12,2025-09-12,ef1a:2xLynk:tdmChilada (F1 of allele 315),ef1a:2xLynk:tdmChilada (F1 of allele 315),pDQM082,315,,,tdmChilada,2xLynk,membrane,tdmChilada::2xLynk,membrane,tdmChilada(membrane)|mStayGold(mitochondria),sheet,,2xCox8A:mSG,,
/clusterfs/vast/abcabc/Aang_Foundation/20250912_mem-mito/fish1_72hpf_roi3,20250912-plate85-slot1-roi3,20250912,85,1,3,20250912_mem-mito,20250912_mem-mito,fish1,1.0,72.0,,350,20250912_mem-mito,2025-09-12,2025-09-12,ef1a:2xLynk:tdmChilada (F1 of allele 315),ef1a:2xLynk:tdmChilada (F1 of allele 315),pDQM082,315,,,tdmChilada,2xLynk,membrane,tdmChilada::2xLynk,membrane,tdmChilada(membrane)|mStayGold(mitochondria),sheet,,2xCox8A:mSG,,
/clusterfs/vast/abcabc/Aang_Foundation/20250912_mem-mito/fish1_72hpf_roi4,20250912-plate85-slot1-roi4,20250912,85,1,4,20250912_mem-mito,20250912_mem-mito,fish1,1.0,72.0,,350,20250912_mem-mito,2025-09-12,2025-09-12,ef1a:2xLynk:tdmChilada (F1 of allele 315),ef1a:2xLynk:tdmChilada (F1 of allele 315),pDQM082,315,,,tdmChilada,2xLynk,membrane,tdmChilada::2xLynk,membrane,tdmChilada(membrane)|mStayGold(mitochondria),sheet,,2xCox8A:mSG,,
/clusterfs/vast/abcabc/Aang_Foundation/20250912_mem-mito/fish2_72hpf_roi1,20250912-plate85-slot2-roi1,20250912,85,2,1,20250912_mem-mito,20250912_mem-mito,fish2,2.0,72.0,,350,20250912_mem-mito,2025-09-12,2025-09-12,ef1a:2xLynk:tdmChilada (F1 of allele 315),ef1a:2xLynk:tdmChilada (F1 of allele 315),pDQM082,315,,,tdmChilada,2xLynk,membrane,tdmChilada::2xLynk,membrane,tdmChilada(membrane)|mStayGold(mitochondria),sheet,,2xCox8A:mSG,,
/clusterfs/vast/abcabc/Aang_Foundation/20250912_mem-mito/fish2_72hpf_roi2,20250912-plate85-slot2-roi2,20250912,85,2,2,20250912_mem-mito,20250912_mem-mito,fish2,2.0,72.0,,200,20250912_mem-mito,2025-09-12,2025-09-12,ef1a:2xLynk:tdmChilada (F1 of allele 315),ef1a:2xLynk:tdmChilada (F1 of allele 315),pDQM082,315,,,tdmChilada,2xLynk,membrane,tdmChilada::2xLynk,membrane,tdmChilada(membrane)|mStayGold(mitochondria),sheet,,2xCox8A:mSG,,
/clusterfs/vast/abcabc/Aang_Foundation/20250912_mem-mito/fish2_72hpf_roi3,20250912-plate85-slot2-roi3,20250912,85,2,3,20250912_mem-mito,20250912_mem-mito,fish2,2.0,72.0,,400,20250912_mem-mito,2025-09-12,2025-09-12,ef1a:2xLynk:tdmChilada (F1 of allele 315),ef1a:2xLynk:tdmChilada (F1 of allele 315),pDQM082,315,,,tdmChilada,2xLynk,membrane,tdmChilada::2xLynk,membrane,tdmChilada(membrane)|mStayGold(mitochondria),sheet,,2xCox8A:mSG,,
/clusterfs/vast/abcabc/Aang_Foundation/20250912_mem-mito/fish2_72hpf_roi4,20250912-plate85-slot2-roi4,20250912,85,2,4,20250912_mem-mito,20250912_mem-mito,fish2,2.0,72.0,,350,20250912_mem-mito,2025-09-12,2025-09-12,ef1a:2xLynk:tdmChilada (F1 of allele 315),ef1a:2xLynk:tdmChilada (F1 of allele 315),pDQM082,315,,,tdmChilada,2xLynk,membrane,tdmChilada::2xLynk,membrane,tdmChilada(membrane)|mStayGold(mitochondria),sheet,,2xCox8A:mSG,,
/clusterfs/vast/abcabc/Aang_Foundation/20250912_mem-mito/fish3_72hpf_roi1,20250912-plate85-slot3-roi1,20250912,85,3,1,20250912_mem-mito,20250912_mem-mito,fish3,3.0,72.0,,400,20250912_mem-mito,2025-09-12,2025-09-12,ef1a:2xLynk:tdmChilada (F1 of allele 315),ef1a:2xLynk:tdmChilada (F1 of allele 315),pDQM082,315,,,tdmChilada,2xLynk,membrane,tdmChilada::2xLynk,membrane,tdmChilada(membrane)|mStayGold(mitochondria),sheet,,2xCox8A:mSG,,
/clusterfs/vast/abcabc/Aang_Foundation/20250912_mem-mito/fish3_72hpf_roi10,20250912-plate85-slot3-roi2,20250912,85,3,2,20250912_mem-mito,20250912_mem-mito,fish3,3.0,72.0,,300,20250912_mem-mito,2025-09-12,2025-09-12,ef1a:2xLynk:tdmChilada (F1 of allele 315),ef1a:2xLynk:tdmChilada (F1 of allele 315),pDQM082,315,,,tdmChilada,2xLynk,membrane,tdmChilada::2xLynk,membrane,tdmChilada(membrane)|mStayGold(mitochondria),sheet,,2xCox8A:mSG,,
/clusterfs/vast/abcabc/Aang_Foundation/20250912_mem-mito/fish3_72hpf_roi11,20250912-plate85-slot3-roi3,20250912,85,3,3,20250912_mem-mito,20250912_mem-mito,fish3,3.0,72.0,,400,20250912_mem-mito,2025-09-12,2025-09-12,ef1a:2xLynk:tdmChilada (F1 of allele 315),ef1a:2xLynk:tdmChilada (F1 of allele 315),pDQM082,315,,,tdmChilada,2xLynk,membrane,tdmChilada::2xLynk,membrane,tdmChilada(membrane)|mStayGold(mitochondria),sheet,,2xCox8A:mSG,,
/clusterfs/vast/abcabc/Aang_Foundation/20250912_mem-mito/fish3_72hpf_roi12,20250912-plate85-slot3-roi4,20250912,85,3,4,20250912_mem-mito,20250912_mem-mito,fish3,3.0,72.0,,400,20250912_mem-mito,2025-09-12,2025-09-12,ef1a:2xLynk:tdmChilada (F1 of allele 315),ef1a:2xLynk:tdmChilada (F1 of allele 315),pDQM082,315,,,tdmChilada,2xLynk,membrane,tdmChilada::2xLynk,membrane,tdmChilada(membrane)|mStayGold(mitochondria),sheet,,2xCox8A:mSG,,
/clusterfs/vast/abcabc/Aang_Foundation/20250912_mem-mito/fish3_72hpf_roi2,20250912-plate85-slot3-roi5,20250912,85,3,5,20250912_mem-mito,20250912_mem-mito,fish3,3.0,72.0,,350,20250912_mem-mito,2025-09-12,2025-09-12,ef1a:2xLynk:tdmChilada (F1 of allele 315),ef1a:2xLynk:tdmChilada (F1 of allele 315),pDQM082,315,,,tdmChilada,2xLynk,membrane,tdmChilada::2xLynk,membrane,tdmChilada(membrane)|mStayGold(mitochondria),sheet,,2xCox8A:mSG,,
/clusterfs/vast/abcabc/Aang_Foundation/20250912_mem-mito/fish3_72hpf_roi3,20250912-plate85-slot3-roi6,20250912,85,3,6,20250912_mem-mito,20250912_mem-mito,fish3,3.0,72.0,,400,20250912_mem-mito,2025-09-12,2025-09-12,ef1a:2xLynk:tdmChilada (F1 of allele 315),ef1a:2xLynk:tdmChilada (F1 of allele 315),pDQM082,315,,,tdmChilada,2xLynk,membrane,tdmChilada::2xLynk,membrane,tdmChilada(membrane)|mStayGold(mitochondria),sheet,,2xCox8A:mSG,,
/clusterfs/vast/abcabc/Aang_Foundation/20250912_mem-mito/fish3_72hpf_roi4,20250912-plate85-slot3-roi7,20250912,85,3,7,20250912_mem-mito,20250912_mem-mito,fish3,3.0,72.0,,400,20250912_mem-mito,2025-09-12,2025-09-12,ef1a:2xLynk:tdmChilada (F1 of allele 315),ef1a:2xLynk:tdmChilada (F1 of allele 315),pDQM082,315,,,tdmChilada,2xLynk,membrane,tdmChilada::2xLynk,membrane,tdmChilada(membrane)|mStayGold(mitochondria),sheet,,2xCox8A:mSG,,
/clusterfs/vast/abcabc/Aang_Foundation/20250912_mem-mito/fish3_72hpf_roi5,20250912-plate85-slot3-roi8,20250912,85,3,8,20250912_mem-mito,20250912_mem-mito,fish3,3.0,72.0,,400,20250912_mem-mito,2025-09-12,2025-09-12,ef1a:2xLynk:tdmChilada (F1 of allele 315),ef1a:2xLynk:tdmChilada (F1 of allele 315),pDQM082,315,,,tdmChilada,2xLynk,membrane,tdmChilada::2xLynk,membrane,tdmChilada(membrane)|mStayGold(mitochondria),sheet,,2xCox8A:mSG,,
/clusterfs/vast/abcabc/Aang_Foundation/20250912_mem-mito/fish3_72hpf_roi6,20250912-plate85-slot3-roi9,20250912,85,3,9,20250912_mem-mito,20250912_mem-mito,fish3,3.0,72.0,,400,20250912_mem-mito,2025-09-12,2025-09-12,ef1a:2xLynk:tdmChilada (F1 of allele 315),ef1a:2xLynk:tdmChilada (F1 of allele 315),pDQM082,315,,,tdmChilada,2xLynk,membrane,tdmChilada::2xLynk,membrane,tdmChilada(membrane)|mStayGold(mitochondria),sheet,,2xCox8A:mSG,,
/clusterfs/vast/abcabc/Aang_Foundation/20250912_mem-mito/fish3_72hpf_roi7,20250912-plate85-slot3-roi10,20250912,85,3,10,20250912_mem-mito,20250912_mem-mito,fish3,3.0,72.0,,400,20250912_mem-mito,2025-09-12,2025-09-12,ef1a:2xLynk:tdmChilada (F1 of allele 315),ef1a:2xLynk:tdmChilada (F1 of allele 315),pDQM082,315,,,tdmChilada,2xLynk,membrane,tdmChilada::2xLynk,membrane,tdmChilada(membrane)|mStayGold(mitochondria),sheet,,2xCox8A:mSG,,
/clusterfs/vast/abcabc/Aang_Foundation/20250912_mem-mito/fish3_72hpf_roi8,20250912-plate85-slot3-roi11,20250912,85,3,11,20250912_mem-mito,20250912_mem-mito,fish3,3.0,72.0,,400,20250912_mem-mito,2025-09-12,2025-09-12,ef1a:2xLynk:tdmChilada (F1 of allele 315),ef1a:2xLynk:tdmChilada (F1 of allele 315),pDQM082,315,,,tdmChilada,2xLynk,membrane,tdmChilada::2xLynk,membrane,tdmChilada(membrane)|mStayGold(mitochondria),sheet,,2xCox8A:mSG,,
/clusterfs/vast/abcabc/Aang_Foundation/20250912_mem-mito/fish3_72hpf_roi9,20250912-plate85-slot3-roi12,20250912,85,3,12,20250912_mem-mito,20250912_mem-mito,fish3,3.0,72.0,,350,20250912_mem-mito,2025-09-12,2025-09-12,ef1a:2xLynk:tdmChilada (F1 of allele 315),ef1a:2xLynk:tdmChilada (F1 of allele 315),pDQM082,315,,,tdmChilada,2xLynk,membrane,tdmChilada::2xLynk,membrane,tdmChilada(membrane)|mStayGold(mitochondria),sheet,,2xCox8A:mSG,,
/clusterfs/vast/abcabc/Aang_Foundation/20250912_mem-mito/fish4_72hpf_roi1,20250912-plate85-slot4-roi1,20250912,85,4,1,20250912_mem-mito,20250912_mem-mito,fish4,4.0,72.0,,400,20250912_mem-mito,2025-09-12,2025-09-12,ef1a:2xLynk:tdmChilada (F1 of allele 315),ef1a:2xLynk:tdmChilada (F1 of allele 315),pDQM082,315,,,tdmChilada,2xLynk,membrane,tdmChilada::2xLynk,membrane,tdmChilada(membrane)|mStayGold(mitochondria),sheet,,2xCox8A:mSG,,
/clusterfs/vast/abcabc/Aang_Foundation/20250912_mem-mito/fish4_72hpf_roi2,20250912-plate85-slot4-roi2,20250912,85,4,2,20250912_mem-mito,20250912_mem-mito,fish4,4.0,72.0,,300,20250912_mem-mito,2025-09-12,2025-09-12,ef1a:2xLynk:tdmChilada (F1 of allele 315),ef1a:2xLynk:tdmChilada (F1 of allele 315),pDQM082,315,,,tdmChilada,2xLynk,membrane,tdmChilada::2xLynk,membrane,tdmChilada(membrane)|mStayGold(mitochondria),sheet,,2xCox8A:mSG,,
/clusterfs/vast/abcabc/Aang_Foundation/20250912_mem-mito/fish4_72hpf_roi3,20250912-plate85-slot4-roi3,20250912,85,4,3,20250912_mem-mito,20250912_mem-mito,fish4,4.0,72.0,,200,20250912_mem-mito,2025-09-12,2025-09-12,ef1a:2xLynk:tdmChilada (F1 of allele 315),ef1a:2xLynk:tdmChilada (F1 of allele 315),pDQM082,315,,,tdmChilada,2xLynk,membrane,tdmChilada::2xLynk,membrane,tdmChilada(membrane)|mStayGold(mitochondria),sheet,,2xCox8A:mSG,,
/clusterfs/vast/abcabc/Aang_Foundation/20250912_mem-mito/fish4_72hpf_roi4,20250912-plate85-slot4-roi4,20250912,85,4,4,20250912_mem-mito,20250912_mem-mito,fish4,4.0,72.0,,200,20250912_mem-mito,2025-09-12,2025-09-12,ef1a:2xLynk:tdmChilada (F1 of allele 315),ef1a:2xLynk:tdmChilada (F1 of allele 315),pDQM082,315,,,tdmChilada,2xLynk,membrane,tdmChilada::2xLynk,membrane,tdmChilada(membrane)|mStayGold(mitochondria),sheet,,2xCox8A:mSG,,
/clusterfs/vast/abcabc/Aang_Foundation/20250912_mem-mito/fish4_72hpf_roi5,20250912-plate85-slot4-roi5,20250912,85,4,5,20250912_mem-mito,20250912_mem-mito,fish4,4.0,72.0,,300,20250912_mem-mito,2025-09-12,2025-09-12,ef1a:2xLynk:tdmChilada (F1 of allele 315),ef1a:2xLynk:tdmChilada (F1 of allele 315),pDQM082,315,,,tdmChilada,2xLynk,membrane,tdmChilada::2xLynk,membrane,tdmChilada(membrane)|mStayGold(mitochondria),sheet,,2xCox8A:mSG,,
/clusterfs/vast/abcabc/Aang_Foundation/20250912_mem-mito/fish4_72hpf_roi6,20250912-plate85-slot4-roi6,20250912,85,4,6,20250912_mem-mito,20250912_mem-mito,fish4,4.0,72.0,,350,20250912_mem-mito,2025-09-12,2025-09-12,ef1a:2xLynk:tdmChilada (F1 of allele 315),ef1a:2xLynk:tdmChilada (F1 of allele 315),pDQM082,315,,,tdmChilada,2xLynk,membrane,tdmChilada::2xLynk,membrane,tdmChilada(membrane)|mStayGold(mitochondria),sheet,,2xCox8A:mSG,,
/clusterfs/vast/abcabc/Aang_Foundation/20250915_mem-mito/fish1_72hpf_roi1,20250915-plate86-slot1-roi1,20250915,86,1,1,20250915_mem-mito,20250915_mem-mito,fish1,1.0,72.0,,250,20250915_mem-mito,2025-09-15,2025-09-15,,ef1a:2xLynk:tdm:Halo,pSWIN05,is05,,,nan,nan,nan,,nan,mStayGold(mitochondria),sheet,,2xCox8A:mSG,,
/clusterfs/vast/abcabc/Aang_Foundation/20250915_mem-mito/fish1_72hpf_roi2,20250915-plate86-slot1-roi2,20250915,86,1,2,20250915_mem-mito,20250915_mem-mito,fish1,1.0,72.0,,250,20250915_mem-mito,2025-09-15,2025-09-15,,ef1a:2xLynk:tdm:Halo,pSWIN05,is05,,,nan,nan,nan,,nan,mStayGold(mitochondria),sheet,,2xCox8A:mSG,,
/clusterfs/vast/abcabc/Aang_Foundation/20250915_mem-mito/fish1_72hpf_roi3,20250915-plate86-slot1-roi3,20250915,86,1,3,20250915_mem-mito,20250915_mem-mito,fish1,1.0,72.0,,200,20250915_mem-mito,2025-09-15,2025-09-15,,ef1a:2xLynk:tdm:Halo,pSWIN05,is05,,,nan,nan,nan,,nan,mStayGold(mitochondria),sheet,,2xCox8A:mSG,,
/clusterfs/vast/abcabc/Aang_Foundation/20250915_mem-mito/fish1_72hpf_roi4,20250915-plate86-slot1-roi4,20250915,86,1,4,20250915_mem-mito,20250915_mem-mito,fish1,1.0,72.0,,350,20250915_mem-mito,2025-09-15,2025-09-15,,ef1a:2xLynk:tdm:Halo,pSWIN05,is05,,,nan,nan,nan,,nan,mStayGold(mitochondria),sheet,,2xCox8A:mSG,,
/clusterfs/vast/abcabc/Aang_Foundation/20250915_mem-mito/fish1_72hpf_roi5,20250915-plate86-slot1-roi5,20250915,86,1,5,20250915_mem-mito,20250915_mem-mito,fish1,1.0,72.0,,200,20250915_mem-mito,2025-09-15,2025-09-15,,ef1a:2xLynk:tdm:Halo,pSWIN05,is05,,,nan,nan,nan,,nan,mStayGold(mitochondria),sheet,,2xCox8A:mSG,,
/clusterfs/vast/abcabc/Aang_Foundation/20250915_mem-mito/fish2_72hpf_roi1,20250915-plate86-slot2-roi1,20250915,86,2,1,20250915_mem-mito,20250915_mem-mito,fish2,2.0,72.0,,350,20250915_mem-mito,2025-09-15,2025-09-15,,ef1a:2xLynk:tdm:Halo,pSWIN05,is05,,,nan,nan,nan,,nan,mStayGold(mitochondria),sheet,,2xCox8A:mSG,,
/clusterfs/vast/abcabc/Aang_Foundation/20250915_mem-mito/fish2_72hpf_roi2,20250915-plate86-slot2-roi2,20250915,86,2,2,20250915_mem-mito,20250915_mem-mito,fish2,2.0,72.0,,250,20250915_mem-mito,2025-09-15,2025-09-15,,ef1a:2xLynk:tdm:Halo,pSWIN05,is05,,,nan,nan,nan,,nan,mStayGold(mitochondria),sheet,,2xCox8A:mSG,,
/clusterfs/vast/abcabc/Aang_Foundation/20250915_mem-mito/fish2_72hpf_roi3,20250915-plate86-slot2-roi3,20250915,86,2,3,20250915_mem-mito,20250915_mem-mito,fish2,2.0,72.0,,200,20250915_mem-mito,2025-09-15,2025-09-15,,ef1a:2xLynk:tdm:Halo,pSWIN05,is05,,,nan,nan,nan,,nan,mStayGold(mitochondria),sheet,,2xCox8A:mSG,,
/clusterfs/vast/abcabc/Aang_Foundation/20250915_mem-mito/fish3_72hpf_roi1,20250915-plate86-slot3-roi1,20250915,86,3,1,20250915_mem-mito,20250915_mem-mito,fish3,3.0,72.0,,250,20250915_mem-mito,2025-09-15,2025-09-15,,ef1a:2xLynk:tdm:Halo,pSWIN05,is05,,,nan,nan,nan,,nan,mStayGold(mitochondria),sheet,,2xCox8A:mSG,,
/clusterfs/vast/abcabc/Aang_Foundation/20250915_mem-mito/fish3_72hpf_roi2,20250915-plate86-slot3-roi2,20250915,86,3,2,20250915_mem-mito,20250915_mem-mito,fish3,3.0,72.0,,400,20250915_mem-mito,2025-09-15,2025-09-15,,ef1a:2xLynk:tdm:Halo,pSWIN05,is05,,,nan,nan,nan,,nan,mStayGold(mitochondria),sheet,,2xCox8A:mSG,,
/clusterfs/vast/abcabc/Aang_Foundation/20250915_mem-mito/fish3_72hpf_roi3,20250915-plate86-slot3-roi3,20250915,86,3,3,20250915_mem-mito,20250915_mem-mito,fish3,3.0,72.0,,300,20250915_mem-mito,2025-09-15,2025-09-15,,ef1a:2xLynk:tdm:Halo,pSWIN05,is05,,,nan,nan,nan,,nan,mStayGold(mitochondria),sheet,,2xCox8A:mSG,,
/clusterfs/vast/abcabc/Aang_Foundation/20250915_mem-mito/fish3_72hpf_roi4,20250915-plate86-slot3-roi4,20250915,86,3,4,20250915_mem-mito,20250915_mem-mito,fish3,3.0,72.0,,400,20250915_mem-mito,2025-09-15,2025-09-15,,ef1a:2xLynk:tdm:Halo,pSWIN05,is05,,,nan,nan,nan,,nan,mStayGold(mitochondria),sheet,,2xCox8A:mSG,,
/clusterfs/vast/abcabc/Aang_Foundation/20250915_mem-mito/fish3_72hpf_roi5,20250915-plate86-slot3-roi5,20250915,86,3,5,20250915_mem-mito,20250915_mem-mito,fish3,3.0,72.0,,250,20250915_mem-mito,2025-09-15,2025-09-15,,ef1a:2xLynk:tdm:Halo,pSWIN05,is05,,,nan,nan,nan,,nan,mStayGold(mitochondria),sheet,,2xCox8A:mSG,,
/clusterfs/vast/abcabc/Aang_Foundation/20250915_mem-mito/fish3_72hpf_roi6,20250915-plate86-slot3-roi6,20250915,86,3,6,20250915_mem-mito,20250915_mem-mito,fish3,3.0,72.0,,400,20250915_mem-mito,2025-09-15,2025-09-15,,ef1a:2xLynk:tdm:Halo,pSWIN05,is05,,,nan,nan,nan,,nan,mStayGold(mitochondria),sheet,,2xCox8A:mSG,,
/clusterfs/vast/abcabc/Aang_Foundation/20250915_mem-mito/fish3_72hpf_roi7,20250915-plate86-slot3-roi7,20250915,86,3,7,20250915_mem-mito,20250915_mem-mito,fish3,3.0,72.0,,200,20250915_mem-mito,2025-09-15,2025-09-15,,ef1a:2xLynk:tdm:Halo,pSWIN05,is05,,,nan,nan,nan,,nan,mStayGold(mitochondria),sheet,,2xCox8A:mSG,,
/clusterfs/vast/abcabc/Aang_Foundation/20250915_mem-mito/fish5_72hpf_roi1,20250915-plate86-slot4-roi1,20250915,86,4,1,20250915_mem-mito,20250915_mem-mito,fish5,5.0,72.0,,200,20250915_mem-mito,2025-09-15,2025-09-15,,ef1a:2xLynk:tdm:Halo,pSWIN05,is05,,,nan,nan,nan,,nan,mStayGold(mitochondria),sheet,,2xCox8A:mSG,,
/clusterfs/vast/abcabc/Aang_Foundation/20250915_mem-mito/fish5_72hpf_roi2,20250915-plate86-slot4-roi2,20250915,86,4,2,20250915_mem-mito,20250915_mem-mito,fish5,5.0,72.0,,300,20250915_mem-mito,2025-09-15,2025-09-15,,ef1a:2xLynk:tdm:Halo,pSWIN05,is05,,,nan,nan,nan,,nan,mStayGold(mitochondria),sheet,,2xCox8A:mSG,,
/clusterfs/vast/abcabc/Aang_Foundation/20250915_mem-mito/fish5_72hpf_roi3,20250915-plate86-slot4-roi3,20250915,86,4,3,20250915_mem-mito,20250915_mem-mito,fish5,5.0,72.0,,350,20250915_mem-mito,2025-09-15,2025-09-15,,ef1a:2xLynk:tdm:Halo,pSWIN05,is05,,,nan,nan,nan,,nan,mStayGold(mitochondria),sheet,,2xCox8A:mSG,,
/clusterfs/vast/abcabc/Aang_Foundation/20250917_mem-mito/fish1_48hpf_roi1,20250916-plate87-slot1-roi1,20250916,87,1,1,20250917_mem-mito,20250917_mem-mito,fish1,1.0,48.0,,300,20250917_mem-mito,2025-09-17,2025-09-16,ef1a:2xLynk:tdmChilada (F1 of allele 315),ef1a:2xLynk:tdmChilada (F1 of allele 315),pDQM082,315,,,tdmChilada|tdmScarlet3,2xLynk,membrane,tdmChilada::2xLynk|tdmScarlet3::2xLynk,membrane,tdmChilada(membrane)|tdmScarlet3(membrane)|mStayGold(mitochondria),sheet,,2xCox8A:mSG,,
/clusterfs/vast/abcabc/Aang_Foundation/20250917_mem-mito/fish1_48hpf_roi1,20250916-plate87-slot1-roi2,20250916,87,1,2,20250917_mem-mito,20250917_mem-mito,fish1,1.0,48.0,,300,20250917_mem-mito,2025-09-17,2025-09-16,tdmScarlet3S2 (F1 of allele 325),tdmScarlet3S2 (F1 of allele 325),pDQM136,325,,,tdmChilada|tdmScarlet3,2xLynk,membrane,tdmChilada::2xLynk|tdmScarlet3::2xLynk,membrane,tdmChilada(membrane)|tdmScarlet3(membrane)|mStayGold(mitochondria),sheet,,2xCox8A:mSG,,
/clusterfs/vast/abcabc/Aang_Foundation/20250917_mem-mito/fish1_48hpf_roi2,20250916-plate87-slot1-roi3,20250916,87,1,3,20250917_mem-mito,20250917_mem-mito,fish1,1.0,48.0,,200,20250917_mem-mito,2025-09-17,2025-09-16,ef1a:2xLynk:tdmChilada (F1 of allele 315),ef1a:2xLynk:tdmChilada (F1 of allele 315),pDQM082,315,,,tdmChilada|tdmScarlet3,2xLynk,membrane,tdmChilada::2xLynk|tdmScarlet3::2xLynk,membrane,tdmChilada(membrane)|tdmScarlet3(membrane)|mStayGold(mitochondria),sheet,,2xCox8A:mSG,,
/clusterfs/vast/abcabc/Aang_Foundation/20250917_mem-mito/fish1_48hpf_roi2,20250916-plate87-slot1-roi4,20250916,87,1,4,20250917_mem-mito,20250917_mem-mito,fish1,1.0,48.0,,200,20250917_mem-mito,2025-09-17,2025-09-16,tdmScarlet3S2 (F1 of allele 325),tdmScarlet3S2 (F1 of allele 325),pDQM136,325,,,tdmChilada|tdmScarlet3,2xLynk,membrane,tdmChilada::2xLynk|tdmScarlet3::2xLynk,membrane,tdmChilada(membrane)|tdmScarlet3(membrane)|mStayGold(mitochondria),sheet,,2xCox8A:mSG,,
/clusterfs/vast/abcabc/Aang_Foundation/20250917_mem-mito/fish2_48hpf_roi1,20250916-plate87-slot2-roi1,20250916,87,2,1,20250917_mem-mito,20250917_mem-mito,fish2,2.0,48.0,,300,20250917_mem-mito,2025-09-17,2025-09-16,ef1a:2xLynk:tdmChilada (F1 of allele 315),ef1a:2xLynk:tdmChilada (F1 of allele 315),pDQM082,315,,,tdmChilada|tdmScarlet3,2xLynk,membrane,tdmChilada::2xLynk|tdmScarlet3::2xLynk,membrane,tdmChilada(membrane)|tdmScarlet3(membrane)|mStayGold(mitochondria),sheet,,2xCox8A:mSG,,
/clusterfs/vast/abcabc/Aang_Foundation/20250917_mem-mito/fish2_48hpf_roi1,20250916-plate87-slot2-roi2,20250916,87,2,2,20250917_mem-mito,20250917_mem-mito,fish2,2.0,48.0,,300,20250917_mem-mito,2025-09-17,2025-09-16,tdmScarlet3S2 (F1 of allele 325),tdmScarlet3S2 (F1 of allele 325),pDQM136,325,,,tdmChilada|tdmScarlet3,2xLynk,membrane,tdmChilada::2xLynk|tdmScarlet3::2xLynk,membrane,tdmChilada(membrane)|tdmScarlet3(membrane)|mStayGold(mitochondria),sheet,,2xCox8A:mSG,,
/clusterfs/vast/abcabc/Aang_Foundation/20250917_mem-mito/fish2_48hpf_roi2,20250916-plate87-slot2-roi3,20250916,87,2,3,20250917_mem-mito,20250917_mem-mito,fish2,2.0,48.0,,250,20250917_mem-mito,2025-09-17,2025-09-16,ef1a:2xLynk:tdmChilada (F1 of allele 315),ef1a:2xLynk:tdmChilada (F1 of allele 315),pDQM082,315,,,tdmChilada|tdmScarlet3,2xLynk,membrane,tdmChilada::2xLynk|tdmScarlet3::2xLynk,membrane,tdmChilada(membrane)|tdmScarlet3(membrane)|mStayGold(mitochondria),sheet,,2xCox8A:mSG,,
/clusterfs/vast/abcabc/Aang_Foundation/20250917_mem-mito/fish2_48hpf_roi2,20250916-plate87-slot2-roi4,20250916,87,2,4,20250917_mem-mito,20250917_mem-mito,fish2,2.0,48.0,,250,20250917_mem-mito,2025-09-17,2025-09-16,tdmScarlet3S2 (F1 of allele 325),tdmScarlet3S2 (F1 of allele 325),pDQM136,325,,,tdmChilada|tdmScarlet3,2xLynk,membrane,tdmChilada::2xLynk|tdmScarlet3::2xLynk,membrane,tdmChilada(membrane)|tdmScarlet3(membrane)|mStayGold(mitochondria),sheet,,2xCox8A:mSG,,
/clusterfs/vast/abcabc/Aang_Foundation/20250917_mem-mito/fish3_48hpf_roi1,20250916-plate87-slot3-roi1,20250916,87,3,1,20250917_mem-mito,20250917_mem-mito,fish3,3.0,48.0,,400,20250917_mem-mito,2025-09-17,2025-09-16,ef1a:2xLynk:tdmChilada (F1 of allele 315),ef1a:2xLynk:tdmChilada (F1 of allele 315),pDQM082,315,,,tdmChilada|tdmScarlet3,2xLynk,membrane,tdmChilada::2xLynk|tdmScarlet3::2xLynk,membrane,tdmChilada(membrane)|tdmScarlet3(membrane)|mStayGold(mitochondria),sheet,,2xCox8A:mSG,,
/clusterfs/vast/abcabc/Aang_Foundation/20250917_mem-mito/fish3_48hpf_roi1,20250916-plate87-slot3-roi2,20250916,87,3,2,20250917_mem-mito,20250917_mem-mito,fish3,3.0,48.0,,400,20250917_mem-mito,2025-09-17,2025-09-16,tdmScarlet3S2 (F1 of allele 325),tdmScarlet3S2 (F1 of allele 325),pDQM136,325,,,tdmChilada|tdmScarlet3,2xLynk,membrane,tdmChilada::2xLynk|tdmScarlet3::2xLynk,membrane,tdmChilada(membrane)|tdmScarlet3(membrane)|mStayGold(mitochondria),sheet,,2xCox8A:mSG,,
/clusterfs/vast/abcabc/Aang_Foundation/20250917_mem-mito/fish3_48hpf_roi2,20250916-plate87-slot3-roi3,20250916,87,3,3,20250917_mem-mito,20250917_mem-mito,fish3,3.0,48.0,,400,20250917_mem-mito,2025-09-17,2025-09-16,ef1a:2xLynk:tdmChilada (F1 of allele 315),ef1a:2xLynk:tdmChilada (F1 of allele 315),pDQM082,315,,,tdmChilada|tdmScarlet3,2xLynk,membrane,tdmChilada::2xLynk|tdmScarlet3::2xLynk,membrane,tdmChilada(membrane)|tdmScarlet3(membrane)|mStayGold(mitochondria),sheet,,2xCox8A:mSG,,
/clusterfs/vast/abcabc/Aang_Foundation/20250917_mem-mito/fish3_48hpf_roi2,20250916-plate87-slot3-roi4,20250916,87,3,4,20250917_mem-mito,20250917_mem-mito,fish3,3.0,48.0,,400,20250917_mem-mito,2025-09-17,2025-09-16,tdmScarlet3S2 (F1 of allele 325),tdmScarlet3S2 (F1 of allele 325),pDQM136,325,,,tdmChilada|tdmScarlet3,2xLynk,membrane,tdmChilada::2xLynk|tdmScarlet3::2xLynk,membrane,tdmChilada(membrane)|tdmScarlet3(membrane)|mStayGold(mitochondria),sheet,,2xCox8A:mSG,,
/clusterfs/vast/abcabc/Aang_Foundation/20250917_mem-mito/fish3_48hpf_roi3,20250916-plate87-slot3-roi5,20250916,87,3,5,20250917_mem-mito,20250917_mem-mito,fish3,3.0,48.0,,350,20250917_mem-mito,2025-09-17,2025-09-16,ef1a:2xLynk:tdmChilada (F1 of allele 315),ef1a:2xLynk:tdmChilada (F1 of allele 315),pDQM082,315,,,tdmChilada|tdmScarlet3,2xLynk,membrane,tdmChilada::2xLynk|tdmScarlet3::2xLynk,membrane,tdmChilada(membrane)|tdmScarlet3(membrane)|mStayGold(mitochondria),sheet,,2xCox8A:mSG,,
/clusterfs/vast/abcabc/Aang_Foundation/20250917_mem-mito/fish3_48hpf_roi3,20250916-plate87-slot3-roi6,20250916,87,3,6,20250917_mem-mito,20250917_mem-mito,fish3,3.0,48.0,,350,20250917_mem-mito,2025-09-17,2025-09-16,tdmScarlet3S2 (F1 of allele 325),tdmScarlet3S2 (F1 of allele 325),pDQM136,325,,,tdmChilada|tdmScarlet3,2xLynk,membrane,tdmChilada::2xLynk|tdmScarlet3::2xLynk,membrane,tdmChilada(membrane)|tdmScarlet3(membrane)|mStayGold(mitochondria),sheet,,2xCox8A:mSG,,
/clusterfs/vast/abcabc/Aang_Foundation/20250917_mem-mito/fish3_48hpf_roi4,20250916-plate87-slot3-roi7,20250916,87,3,7,20250917_mem-mito,20250917_mem-mito,fish3,3.0,48.0,,300,20250917_mem-mito,2025-09-17,2025-09-16,ef1a:2xLynk:tdmChilada (F1 of allele 315),ef1a:2xLynk:tdmChilada (F1 of allele 315),pDQM082,315,,,tdmChilada|tdmScarlet3,2xLynk,membrane,tdmChilada::2xLynk|tdmScarlet3::2xLynk,membrane,tdmChilada(membrane)|tdmScarlet3(membrane)|mStayGold(mitochondria),sheet,,2xCox8A:mSG,,
/clusterfs/vast/abcabc/Aang_Foundation/20250917_mem-mito/fish3_48hpf_roi4,20250916-plate87-slot3-roi8,20250916,87,3,8,20250917_mem-mito,20250917_mem-mito,fish3,3.0,48.0,,300,20250917_mem-mito,2025-09-17,2025-09-16,tdmScarlet3S2 (F1 of allele 325),tdmScarlet3S2 (F1 of allele 325),pDQM136,325,,,tdmChilada|tdmScarlet3,2xLynk,membrane,tdmChilada::2xLynk|tdmScarlet3::2xLynk,membrane,tdmChilada(membrane)|tdmScarlet3(membrane)|mStayGold(mitochondria),sheet,,2xCox8A:mSG,,
/clusterfs/vast/abcabc/Aang_Foundation/20250917_mem-mito/fish4_48hpf_roi1,20250916-plate87-slot4-roi1,20250916,87,4,1,20250917_mem-mito,20250917_mem-mito,fish4,4.0,48.0,,250,20250917_mem-mito,2025-09-17,2025-09-16,ef1a:2xLynk:tdmChilada (F1 of allele 315),ef1a:2xLynk:tdmChilada (F1 of allele 315),pDQM082,315,,,tdmChilada|tdmScarlet3,2xLynk,membrane,tdmChilada::2xLynk|tdmScarlet3::2xLynk,membrane,tdmChilada(membrane)|tdmScarlet3(membrane)|mStayGold(mitochondria),sheet,,2xCox8A:mSG,,
/clusterfs/vast/abcabc/Aang_Foundation/20250917_mem-mito/fish4_48hpf_roi1,20250916-plate87-slot4-roi2,20250916,87,4,2,20250917_mem-mito,20250917_mem-mito,fish4,4.0,48.0,,250,20250917_mem-mito,2025-09-17,2025-09-16,tdmScarlet3S2 (F1 of allele 325),tdmScarlet3S2 (F1 of allele 325),pDQM136,325,,,tdmChilada|tdmScarlet3,2xLynk,membrane,tdmChilada::2xLynk|tdmScarlet3::2xLynk,membrane,tdmChilada(membrane)|tdmScarlet3(membrane)|mStayGold(mitochondria),sheet,,2xCox8A:mSG,,
/clusterfs/vast/abcabc/Aang_Foundation/20250917_mem-mito/fish4_48hpf_roi2,20250916-plate87-slot4-roi3,20250916,87,4,3,20250917_mem-mito,20250917_mem-mito,fish4,4.0,48.0,,250,20250917_mem-mito,2025-09-17,2025-09-16,ef1a:2xLynk:tdmChilada (F1 of allele 315),ef1a:2xLynk:tdmChilada (F1 of allele 315),pDQM082,315,,,tdmChilada|tdmScarlet3,2xLynk,membrane,tdmChilada::2xLynk|tdmScarlet3::2xLynk,membrane,tdmChilada(membrane)|tdmScarlet3(membrane)|mStayGold(mitochondria),sheet,,2xCox8A:mSG,,
/clusterfs/vast/abcabc/Aang_Foundation/20250917_mem-mito/fish4_48hpf_roi2,20250916-plate87-slot4-roi4,20250916,87,4,4,20250917_mem-mito,20250917_mem-mito,fish4,4.0,48.0,,250,20250917_mem-mito,2025-09-17,2025-09-16,tdmScarlet3S2 (F1 of allele 325),tdmScarlet3S2 (F1 of allele 325),pDQM136,325,,,tdmChilada|tdmScarlet3,2xLynk,membrane,tdmChilada::2xLynk|tdmScarlet3::2xLynk,membrane,tdmChilada(membrane)|tdmScarlet3(membrane)|mStayGold(mitochondria),sheet,,2xCox8A:mSG,,
/clusterfs/vast/abcabc/Aang_Foundation/20250917_mem-mito/fish4_48hpf_roi3,20250916-plate87-slot4-roi5,20250916,87,4,5,20250917_mem-mito,20250917_mem-mito,fish4,4.0,48.0,,300,20250917_mem-mito,2025-09-17,2025-09-16,ef1a:2xLynk:tdmChilada (F1 of allele 315),ef1a:2xLynk:tdmChilada (F1 of allele 315),pDQM082,315,,,tdmChilada|tdmScarlet3,2xLynk,membrane,tdmChilada::2xLynk|tdmScarlet3::2xLynk,membrane,tdmChilada(membrane)|tdmScarlet3(membrane)|mStayGold(mitochondria),sheet,,2xCox8A:mSG,,
/clusterfs/vast/abcabc/Aang_Foundation/20250917_mem-mito/fish4_48hpf_roi3,20250916-plate87-slot4-roi6,20250916,87,4,6,20250917_mem-mito,20250917_mem-mito,fish4,4.0,48.0,,300,20250917_mem-mito,2025-09-17,2025-09-16,tdmScarlet3S2 (F1 of allele 325),tdmScarlet3S2 (F1 of allele 325),pDQM136,325,,,tdmChilada|tdmScarlet3,2xLynk,membrane,tdmChilada::2xLynk|tdmScarlet3::2xLynk,membrane,tdmChilada(membrane)|tdmScarlet3(membrane)|mStayGold(mitochondria),sheet,,2xCox8A:mSG,,
/clusterfs/vast/abcabc/Aang_Foundation/20250917_mem-mito/fish4_48hpf_roi4,20250916-plate87-slot4-roi7,20250916,87,4,7,20250917_mem-mito,20250917_mem-mito,fish4,4.0,48.0,,200,20250917_mem-mito,2025-09-17,2025-09-16,ef1a:2xLynk:tdmChilada (F1 of allele 315),ef1a:2xLynk:tdmChilada (F1 of allele 315),pDQM082,315,,,tdmChilada|tdmScarlet3,2xLynk,membrane,tdmChilada::2xLynk|tdmScarlet3::2xLynk,membrane,tdmChilada(membrane)|tdmScarlet3(membrane)|mStayGold(mitochondria),sheet,,2xCox8A:mSG,,
/clusterfs/vast/abcabc/Aang_Foundation/20250917_mem-mito/fish4_48hpf_roi4,20250916-plate87-slot4-roi8,20250916,87,4,8,20250917_mem-mito,20250917_mem-mito,fish4,4.0,48.0,,200,20250917_mem-mito,2025-09-17,2025-09-16,tdmScarlet3S2 (F1 of allele 325),tdmScarlet3S2 (F1 of allele 325),pDQM136,325,,,tdmChilada|tdmScarlet3,2xLynk,membrane,tdmChilada::2xLynk|tdmScarlet3::2xLynk,membrane,tdmChilada(membrane)|tdmScarlet3(membrane)|mStayGold(mitochondria),sheet,,2xCox8A:mSG,,
/clusterfs/vast/abcabc/Aang_Foundation/20250917_mem-mito/fish4_48hpf_roi5,20250916-plate87-slot4-roi9,20250916,87,4,9,20250917_mem-mito,20250917_mem-mito,fish4,4.0,48.0,,400,20250917_mem-mito,2025-09-17,2025-09-16,ef1a:2xLynk:tdmChilada (F1 of allele 315),ef1a:2xLynk:tdmChilada (F1 of allele 315),pDQM082,315,,,tdmChilada|tdmScarlet3,2xLynk,membrane,tdmChilada::2xLynk|tdmScarlet3::2xLynk,membrane,tdmChilada(membrane)|tdmScarlet3(membrane)|mStayGold(mitochondria),sheet,,2xCox8A:mSG,,
/clusterfs/vast/abcabc/Aang_Foundation/20250917_mem-mito/fish4_48hpf_roi5,20250916-plate87-slot4-roi10,20250916,87,4,10,20250917_mem-mito,20250917_mem-mito,fish4,4.0,48.0,,400,20250917_mem-mito,2025-09-17,2025-09-16,tdmScarlet3S2 (F1 of allele 325),tdmScarlet3S2 (F1 of allele 325),pDQM136,325,,,tdmChilada|tdmScarlet3,2xLynk,membrane,tdmChilada::2xLynk|tdmScarlet3::2xLynk,membrane,tdmChilada(membrane)|tdmScarlet3(membrane)|mStayGold(mitochondria),sheet,,2xCox8A:mSG,,
/clusterfs/vast/abcabc/Aang_Foundation/20250917_mem-mito/fish4_48hpf_roi6,20250916-plate87-slot4-roi11,20250916,87,4,11,20250917_mem-mito,20250917_mem-mito,fish4,4.0,48.0,,400,20250917_mem-mito,2025-09-17,2025-09-16,ef1a:2xLynk:tdmChilada (F1 of allele 315),ef1a:2xLynk:tdmChilada (F1 of allele 315),pDQM082,315,,,tdmChilada|tdmScarlet3,2xLynk,membrane,tdmChilada::2xLynk|tdmScarlet3::2xLynk,membrane,tdmChilada(membrane)|tdmScarlet3(membrane)|mStayGold(mitochondria),sheet,,2xCox8A:mSG,,
/clusterfs/vast/abcabc/Aang_Foundation/20250917_mem-mito/fish4_48hpf_roi6,20250916-plate87-slot4-roi12,20250916,87,4,12,20250917_mem-mito,20250917_mem-mito,fish4,4.0,48.0,,400,20250917_mem-mito,2025-09-17,2025-09-16,tdmScarlet3S2 (F1 of allele 325),tdmScarlet3S2 (F1 of allele 325),pDQM136,325,,,tdmChilada|tdmScarlet3,2xLynk,membrane,tdmChilada::2xLynk|tdmScarlet3::2xLynk,membrane,tdmChilada(membrane)|tdmScarlet3(membrane)|mStayGold(mitochondria),sheet,,2xCox8A:mSG,,
/clusterfs/vast/abcabc/Aang_Foundation/20250917_mem-mito/fish5_48hpf_roi1,20250916-plate87-slot5-roi1,20250916,87,5,1,20250917_mem-mito,20250917_mem-mito,fish5,5.0,48.0,,300,20250917_mem-mito,2025-09-17,2025-09-16,ef1a:2xLynk:tdmChilada (F1 of allele 315),ef1a:2xLynk:tdmChilada (F1 of allele 315),pDQM082,315,,,tdmChilada|tdmScarlet3,2xLynk,membrane,tdmChilada::2xLynk|tdmScarlet3::2xLynk,membrane,tdmChilada(membrane)|tdmScarlet3(membrane)|mStayGold(mitochondria),sheet,,2xCox8A:mSG,,
/clusterfs/vast/abcabc/Aang_Foundation/20250917_mem-mito/fish5_48hpf_roi1,20250916-plate87-slot5-roi2,20250916,87,5,2,20250917_mem-mito,20250917_mem-mito,fish5,5.0,48.0,,300,20250917_mem-mito,2025-09-17,2025-09-16,tdmScarlet3S2 (F1 of allele 325),tdmScarlet3S2 (F1 of allele 325),pDQM136,325,,,tdmChilada|tdmScarlet3,2xLynk,membrane,tdmChilada::2xLynk|tdmScarlet3::2xLynk,membrane,tdmChilada(membrane)|tdmScarlet3(membrane)|mStayGold(mitochondria),sheet,,2xCox8A:mSG,,
/clusterfs/vast/abcabc/Aang_Foundation/20250917_mem-mito/fish5_48hpf_roi2,20250916-plate87-slot5-roi3,20250916,87,5,3,20250917_mem-mito,20250917_mem-mito,fish5,5.0,48.0,,150,20250917_mem-mito,2025-09-17,2025-09-16,ef1a:2xLynk:tdmChilada (F1 of allele 315),ef1a:2xLynk:tdmChilada (F1 of allele 315),pDQM082,315,,,tdmChilada|tdmScarlet3,2xLynk,membrane,tdmChilada::2xLynk|tdmScarlet3::2xLynk,membrane,tdmChilada(membrane)|tdmScarlet3(membrane)|mStayGold(mitochondria),sheet,,2xCox8A:mSG,,
/clusterfs/vast/abcabc/Aang_Foundation/20250917_mem-mito/fish5_48hpf_roi2,20250916-plate87-slot5-roi4,20250916,87,5,4,20250917_mem-mito,20250917_mem-mito,fish5,5.0,48.0,,150,20250917_mem-mito,2025-09-17,2025-09-16,tdmScarlet3S2 (F1 of allele 325),tdmScarlet3S2 (F1 of allele 325),pDQM136,325,,,tdmChilada|tdmScarlet3,2xLynk,membrane,tdmChilada::2xLynk|tdmScarlet3::2xLynk,membrane,tdmChilada(membrane)|tdmScarlet3(membrane)|mStayGold(mitochondria),sheet,,2xCox8A:mSG,,
/clusterfs/vast/abcabc/Aang_Foundation/20250917_mem-mito/fish5_48hpf_roi3,20250916-plate87-slot5-roi5,20250916,87,5,5,20250917_mem-mito,20250917_mem-mito,fish5,5.0,48.0,,150,20250917_mem-mito,2025-09-17,2025-09-16,ef1a:2xLynk:tdmChilada (F1 of allele 315),ef1a:2xLynk:tdmChilada (F1 of allele 315),pDQM082,315,,,tdmChilada|tdmScarlet3,2xLynk,membrane,tdmChilada::2xLynk|tdmScarlet3::2xLynk,membrane,tdmChilada(membrane)|tdmScarlet3(membrane)|mStayGold(mitochondria),sheet,,2xCox8A:mSG,,
/clusterfs/vast/abcabc/Aang_Foundation/20250917_mem-mito/fish5_48hpf_roi3,20250916-plate87-slot5-roi6,20250916,87,5,6,20250917_mem-mito,20250917_mem-mito,fish5,5.0,48.0,,150,20250917_mem-mito,2025-09-17,2025-09-16,tdmScarlet3S2 (F1 of allele 325),tdmScarlet3S2 (F1 of allele 325),pDQM136,325,,,tdmChilada|tdmScarlet3,2xLynk,membrane,tdmChilada::2xLynk|tdmScarlet3::2xLynk,membrane,tdmChilada(membrane)|tdmScarlet3(membrane)|mStayGold(mitochondria),sheet,,2xCox8A:mSG,,
/clusterfs/vast/abcabc/Aang_Foundation/20250917_mem-mito/fish5_48hpf_roi4,20250916-plate87-slot5-roi7,20250916,87,5,7,20250917_mem-mito,20250917_mem-mito,fish5,5.0,48.0,,400,20250917_mem-mito,2025-09-17,2025-09-16,ef1a:2xLynk:tdmChilada (F1 of allele 315),ef1a:2xLynk:tdmChilada (F1 of allele 315),pDQM082,315,,,tdmChilada|tdmScarlet3,2xLynk,membrane,tdmChilada::2xLynk|tdmScarlet3::2xLynk,membrane,tdmChilada(membrane)|tdmScarlet3(membrane)|mStayGold(mitochondria),sheet,,2xCox8A:mSG,,
/clusterfs/vast/abcabc/Aang_Foundation/20250917_mem-mito/fish5_48hpf_roi4,20250916-plate87-slot5-roi8,20250916,87,5,8,20250917_mem-mito,20250917_mem-mito,fish5,5.0,48.0,,400,20250917_mem-mito,2025-09-17,2025-09-16,tdmScarlet3S2 (F1 of allele 325),tdmScarlet3S2 (F1 of allele 325),pDQM136,325,,,tdmChilada|tdmScarlet3,2xLynk,membrane,tdmChilada::2xLynk|tdmScarlet3::2xLynk,membrane,tdmChilada(membrane)|tdmScarlet3(membrane)|mStayGold(mitochondria),sheet,,2xCox8A:mSG,,
/clusterfs/vast/abcabc/Aang_Foundation/20250917_mem-mito/fish5_48hpf_roi5,20250916-plate87-slot5-roi9,20250916,87,5,9,20250917_mem-mito,20250917_mem-mito,fish5,5.0,48.0,,200,20250917_mem-mito,2025-09-17,2025-09-16,ef1a:2xLynk:tdmChilada (F1 of allele 315),ef1a:2xLynk:tdmChilada (F1 of allele 315),pDQM082,315,,,tdmChilada|tdmScarlet3,2xLynk,membrane,tdmChilada::2xLynk|tdmScarlet3::2xLynk,membrane,tdmChilada(membrane)|tdmScarlet3(membrane)|mStayGold(mitochondria),sheet,,2xCox8A:mSG,,
/clusterfs/vast/abcabc/Aang_Foundation/20250917_mem-mito/fish5_48hpf_roi5,20250916-plate87-slot5-roi10,20250916,87,5,10,20250917_mem-mito,20250917_mem-mito,fish5,5.0,48.0,,200,20250917_mem-mito,2025-09-17,2025-09-16,tdmScarlet3S2 (F1 of allele 325),tdmScarlet3S2 (F1 of allele 325),pDQM136,325,,,tdmChilada|tdmScarlet3,2xLynk,membrane,tdmChilada::2xLynk|tdmScarlet3::2xLynk,membrane,tdmChilada(membrane)|tdmScarlet3(membrane)|mStayGold(mitochondria),sheet,,2xCox8A:mSG,,
/clusterfs/vast/abcabc/Aang_Foundation/20250917_mem-mito/fish6_48hpf_roi1,20250916-plate87-slot6-roi1,20250916,87,6,1,20250917_mem-mito,20250917_mem-mito,fish6,6.0,48.0,,400,20250917_mem-mito,2025-09-17,2025-09-16,ef1a:2xLynk:tdmChilada (F1 of allele 315),ef1a:2xLynk:tdmChilada (F1 of allele 315),pDQM082,315,,,tdmChilada|tdmScarlet3,2xLynk,membrane,tdmChilada::2xLynk|tdmScarlet3::2xLynk,membrane,tdmChilada(membrane)|tdmScarlet3(membrane)|mStayGold(mitochondria),sheet,,2xCox8A:mSG,,
/clusterfs/vast/abcabc/Aang_Foundation/20250917_mem-mito/fish6_48hpf_roi1,20250916-plate87-slot6-roi2,20250916,87,6,2,20250917_mem-mito,20250917_mem-mito,fish6,6.0,48.0,,400,20250917_mem-mito,2025-09-17,2025-09-16,tdmScarlet3S2 (F1 of allele 325),tdmScarlet3S2 (F1 of allele 325),pDQM136,325,,,tdmChilada|tdmScarlet3,2xLynk,membrane,tdmChilada::2xLynk|tdmScarlet3::2xLynk,membrane,tdmChilada(membrane)|tdmScarlet3(membrane)|mStayGold(mitochondria),sheet,,2xCox8A:mSG,,
/clusterfs/vast/abcabc/Aang_Foundation/20250917_mem-mito/fish6_48hpf_roi2,20250916-plate87-slot6-roi3,20250916,87,6,3,20250917_mem-mito,20250917_mem-mito,fish6,6.0,48.0,,350,20250917_mem-mito,2025-09-17,2025-09-16,ef1a:2xLynk:tdmChilada (F1 of allele 315),ef1a:2xLynk:tdmChilada (F1 of allele 315),pDQM082,315,,,tdmChilada|tdmScarlet3,2xLynk,membrane,tdmChilada::2xLynk|tdmScarlet3::2xLynk,membrane,tdmChilada(membrane)|tdmScarlet3(membrane)|mStayGold(mitochondria),sheet,,2xCox8A:mSG,,
/clusterfs/vast/abcabc/Aang_Foundation/20250917_mem-mito/fish6_48hpf_roi2,20250916-plate87-slot6-roi4,20250916,87,6,4,20250917_mem-mito,20250917_mem-mito,fish6,6.0,48.0,,350,20250917_mem-mito,2025-09-17,2025-09-16,tdmScarlet3S2 (F1 of allele 325),tdmScarlet3S2 (F1 of allele 325),pDQM136,325,,,tdmChilada|tdmScarlet3,2xLynk,membrane,tdmChilada::2xLynk|tdmScarlet3::2xLynk,membrane,tdmChilada(membrane)|tdmScarlet3(membrane)|mStayGold(mitochondria),sheet,,2xCox8A:mSG,,
/clusterfs/vast/abcabc/Aang_Foundation/20250918_mem-mito/fish1_72hpf_roi1,20250918-plate88-slot1-roi1,20250918,88,1,1,20250918_mem-mito,20250918_mem-mito,fish1,1.0,72.0,,400,20250918_mem-mito,2025-09-18,2025-09-18,ef1a:2xLynk:tdmChilada (F1 of allele 315),ef1a:2xLynk:tdmChilada (F1 of allele 315),pDQM082,315,,,tdmChilada,2xLynk,membrane,tdmChilada::2xLynk,membrane,tdmChilada(membrane)|mStayGold(mitochondria),sheet,,2xCox8A:mSG,,
/clusterfs/vast/abcabc/Aang_Foundation/20250918_mem-mito/fish1_72hpf_roi2,20250918-plate88-slot1-roi2,20250918,88,1,2,20250918_mem-mito,20250918_mem-mito,fish1,1.0,72.0,,350,20250918_mem-mito,2025-09-18,2025-09-18,ef1a:2xLynk:tdmChilada (F1 of allele 315),ef1a:2xLynk:tdmChilada (F1 of allele 315),pDQM082,315,,,tdmChilada,2xLynk,membrane,tdmChilada::2xLynk,membrane,tdmChilada(membrane)|mStayGold(mitochondria),sheet,,2xCox8A:mSG,,
/clusterfs/vast/abcabc/Aang_Foundation/20250918_mem-mito/fish1_72hpf_roi3,20250918-plate88-slot1-roi3,20250918,88,1,3,20250918_mem-mito,20250918_mem-mito,fish1,1.0,72.0,,350,20250918_mem-mito,2025-09-18,2025-09-18,ef1a:2xLynk:tdmChilada (F1 of allele 315),ef1a:2xLynk:tdmChilada (F1 of allele 315),pDQM082,315,,,tdmChilada,2xLynk,membrane,tdmChilada::2xLynk,membrane,tdmChilada(membrane)|mStayGold(mitochondria),sheet,,2xCox8A:mSG,,
/clusterfs/vast/abcabc/Aang_Foundation/20250918_mem-mito/fish1_72hpf_roi4,20250918-plate88-slot1-roi4,20250918,88,1,4,20250918_mem-mito,20250918_mem-mito,fish1,1.0,72.0,,250,20250918_mem-mito,2025-09-18,2025-09-18,ef1a:2xLynk:tdmChilada (F1 of allele 315),ef1a:2xLynk:tdmChilada (F1 of allele 315),pDQM082,315,,,tdmChilada,2xLynk,membrane,tdmChilada::2xLynk,membrane,tdmChilada(membrane)|mStayGold(mitochondria),sheet,,2xCox8A:mSG,,
/clusterfs/vast/abcabc/Aang_Foundation/20250918_mem-mito/fish1_72hpf_roi5,20250918-plate88-slot1-roi5,20250918,88,1,5,20250918_mem-mito,20250918_mem-mito,fish1,1.0,72.0,,200,20250918_mem-mito,2025-09-18,2025-09-18,ef1a:2xLynk:tdmChilada (F1 of allele 315),ef1a:2xLynk:tdmChilada (F1 of allele 315),pDQM082,315,,,tdmChilada,2xLynk,membrane,tdmChilada::2xLynk,membrane,tdmChilada(membrane)|mStayGold(mitochondria),sheet,,2xCox8A:mSG,,
/clusterfs/vast/abcabc/Aang_Foundation/20250918_mem-mito/fish1_72hpf_roi6,20250918-plate88-slot1-roi6,20250918,88,1,6,20250918_mem-mito,20250918_mem-mito,fish1,1.0,72.0,,400,20250918_mem-mito,2025-09-18,2025-09-18,ef1a:2xLynk:tdmChilada (F1 of allele 315),ef1a:2xLynk:tdmChilada (F1 of allele 315),pDQM082,315,,,tdmChilada,2xLynk,membrane,tdmChilada::2xLynk,membrane,tdmChilada(membrane)|mStayGold(mitochondria),sheet,,2xCox8A:mSG,,
/clusterfs/vast/abcabc/Aang_Foundation/20250918_mem-mito/fish2_72hpf_roi1,20250918-plate88-slot2-roi1,20250918,88,2,1,20250918_mem-mito,20250918_mem-mito,fish2,2.0,72.0,,350,20250918_mem-mito,2025-09-18,2025-09-18,ef1a:2xLynk:tdmChilada (F1 of allele 315),ef1a:2xLynk:tdmChilada (F1 of allele 315),pDQM082,315,,,tdmChilada,2xLynk,membrane,tdmChilada::2xLynk,membrane,tdmChilada(membrane)|mStayGold(mitochondria),sheet,,2xCox8A:mSG,,
/clusterfs/vast/abcabc/Aang_Foundation/20250918_mem-mito/fish2_72hpf_roi2,20250918-plate88-slot2-roi2,20250918,88,2,2,20250918_mem-mito,20250918_mem-mito,fish2,2.0,72.0,,350,20250918_mem-mito,2025-09-18,2025-09-18,ef1a:2xLynk:tdmChilada (F1 of allele 315),ef1a:2xLynk:tdmChilada (F1 of allele 315),pDQM082,315,,,tdmChilada,2xLynk,membrane,tdmChilada::2xLynk,membrane,tdmChilada(membrane)|mStayGold(mitochondria),sheet,,2xCox8A:mSG,,
/clusterfs/vast/abcabc/Aang_Foundation/20250918_mem-mito/fish2_72hpf_roi3,20250918-plate88-slot2-roi3,20250918,88,2,3,20250918_mem-mito,20250918_mem-mito,fish2,2.0,72.0,,250,20250918_mem-mito,2025-09-18,2025-09-18,ef1a:2xLynk:tdmChilada (F1 of allele 315),ef1a:2xLynk:tdmChilada (F1 of allele 315),pDQM082,315,,,tdmChilada,2xLynk,membrane,tdmChilada::2xLynk,membrane,tdmChilada(membrane)|mStayGold(mitochondria),sheet,,2xCox8A:mSG,,
/clusterfs/vast/abcabc/Aang_Foundation/20250918_mem-mito/fish2_72hpf_roi4,20250918-plate88-slot2-roi4,20250918,88,2,4,20250918_mem-mito,20250918_mem-mito,fish2,2.0,72.0,,300,20250918_mem-mito,2025-09-18,2025-09-18,ef1a:2xLynk:tdmChilada (F1 of allele 315),ef1a:2xLynk:tdmChilada (F1 of allele 315),pDQM082,315,,,tdmChilada,2xLynk,membrane,tdmChilada::2xLynk,membrane,tdmChilada(membrane)|mStayGold(mitochondria),sheet,,2xCox8A:mSG,,
/clusterfs/vast/abcabc/Aang_Foundation/20250918_mem-mito/fish3_72hpf_roi1,20250918-plate88-slot3-roi1,20250918,88,3,1,20250918_mem-mito,20250918_mem-mito,fish3,3.0,72.0,,400,20250918_mem-mito,2025-09-18,2025-09-18,ef1a:2xLynk:tdmChilada (F1 of allele 315),ef1a:2xLynk:tdmChilada (F1 of allele 315),pDQM082,315,,,tdmChilada,2xLynk,membrane,tdmChilada::2xLynk,membrane,tdmChilada(membrane)|mStayGold(mitochondria),sheet,,2xCox8A:mSG,,
/clusterfs/vast/abcabc/Aang_Foundation/20250918_mem-mito/fish3_72hpf_roi10,20250918-plate88-slot3-roi2,20250918,88,3,2,20250918_mem-mito,20250918_mem-mito,fish3,3.0,72.0,,400,20250918_mem-mito,2025-09-18,2025-09-18,ef1a:2xLynk:tdmChilada (F1 of allele 315),ef1a:2xLynk:tdmChilada (F1 of allele 315),pDQM082,315,,,tdmChilada,2xLynk,membrane,tdmChilada::2xLynk,membrane,tdmChilada(membrane)|mStayGold(mitochondria),sheet,,2xCox8A:mSG,,
/clusterfs/vast/abcabc/Aang_Foundation/20250918_mem-mito/fish3_72hpf_roi11,20250918-plate88-slot3-roi3,20250918,88,3,3,20250918_mem-mito,20250918_mem-mito,fish3,3.0,72.0,,400,20250918_mem-mito,2025-09-18,2025-09-18,ef1a:2xLynk:tdmChilada (F1 of allele 315),ef1a:2xLynk:tdmChilada (F1 of allele 315),pDQM082,315,,,tdmChilada,2xLynk,membrane,tdmChilada::2xLynk,membrane,tdmChilada(membrane)|mStayGold(mitochondria),sheet,,2xCox8A:mSG,,
/clusterfs/vast/abcabc/Aang_Foundation/20250918_mem-mito/fish3_72hpf_roi2,20250918-plate88-slot3-roi4,20250918,88,3,4,20250918_mem-mito,20250918_mem-mito,fish3,3.0,72.0,,200,20250918_mem-mito,2025-09-18,2025-09-18,ef1a:2xLynk:tdmChilada (F1 of allele 315),ef1a:2xLynk:tdmChilada (F1 of allele 315),pDQM082,315,,,tdmChilada,2xLynk,membrane,tdmChilada::2xLynk,membrane,tdmChilada(membrane)|mStayGold(mitochondria),sheet,,2xCox8A:mSG,,
/clusterfs/vast/abcabc/Aang_Foundation/20250918_mem-mito/fish3_72hpf_roi3,20250918-plate88-slot3-roi5,20250918,88,3,5,20250918_mem-mito,20250918_mem-mito,fish3,3.0,72.0,,300,20250918_mem-mito,2025-09-18,2025-09-18,ef1a:2xLynk:tdmChilada (F1 of allele 315),ef1a:2xLynk:tdmChilada (F1 of allele 315),pDQM082,315,,,tdmChilada,2xLynk,membrane,tdmChilada::2xLynk,membrane,tdmChilada(membrane)|mStayGold(mitochondria),sheet,,2xCox8A:mSG,,
/clusterfs/vast/abcabc/Aang_Foundation/20250918_mem-mito/fish3_72hpf_roi4,20250918-plate88-slot3-roi6,20250918,88,3,6,20250918_mem-mito,20250918_mem-mito,fish3,3.0,72.0,,200,20250918_mem-mito,2025-09-18,2025-09-18,ef1a:2xLynk:tdmChilada (F1 of allele 315),ef1a:2xLynk:tdmChilada (F1 of allele 315),pDQM082,315,,,tdmChilada,2xLynk,membrane,tdmChilada::2xLynk,membrane,tdmChilada(membrane)|mStayGold(mitochondria),sheet,,2xCox8A:mSG,,
/clusterfs/vast/abcabc/Aang_Foundation/20250918_mem-mito/fish3_72hpf_roi5,20250918-plate88-slot3-roi7,20250918,88,3,7,20250918_mem-mito,20250918_mem-mito,fish3,3.0,72.0,,400,20250918_mem-mito,2025-09-18,2025-09-18,ef1a:2xLynk:tdmChilada (F1 of allele 315),ef1a:2xLynk:tdmChilada (F1 of allele 315),pDQM082,315,,,tdmChilada,2xLynk,membrane,tdmChilada::2xLynk,membrane,tdmChilada(membrane)|mStayGold(mitochondria),sheet,,2xCox8A:mSG,,
/clusterfs/vast/abcabc/Aang_Foundation/20250918_mem-mito/fish3_72hpf_roi6,20250918-plate88-slot3-roi8,20250918,88,3,8,20250918_mem-mito,20250918_mem-mito,fish3,3.0,72.0,,250,20250918_mem-mito,2025-09-18,2025-09-18,ef1a:2xLynk:tdmChilada (F1 of allele 315),ef1a:2xLynk:tdmChilada (F1 of allele 315),pDQM082,315,,,tdmChilada,2xLynk,membrane,tdmChilada::2xLynk,membrane,tdmChilada(membrane)|mStayGold(mitochondria),sheet,,2xCox8A:mSG,,
/clusterfs/vast/abcabc/Aang_Foundation/20250918_mem-mito/fish3_72hpf_roi7,20250918-plate88-slot3-roi9,20250918,88,3,9,20250918_mem-mito,20250918_mem-mito,fish3,3.0,72.0,,400,20250918_mem-mito,2025-09-18,2025-09-18,ef1a:2xLynk:tdmChilada (F1 of allele 315),ef1a:2xLynk:tdmChilada (F1 of allele 315),pDQM082,315,,,tdmChilada,2xLynk,membrane,tdmChilada::2xLynk,membrane,tdmChilada(membrane)|mStayGold(mitochondria),sheet,,2xCox8A:mSG,,
/clusterfs/vast/abcabc/Aang_Foundation/20250918_mem-mito/fish3_72hpf_roi8,20250918-plate88-slot3-roi10,20250918,88,3,10,20250918_mem-mito,20250918_mem-mito,fish3,3.0,72.0,,350,20250918_mem-mito,2025-09-18,2025-09-18,ef1a:2xLynk:tdmChilada (F1 of allele 315),ef1a:2xLynk:tdmChilada (F1 of allele 315),pDQM082,315,,,tdmChilada,2xLynk,membrane,tdmChilada::2xLynk,membrane,tdmChilada(membrane)|mStayGold(mitochondria),sheet,,2xCox8A:mSG,,
/clusterfs/vast/abcabc/Aang_Foundation/20250918_mem-mito/fish3_72hpf_roi9,20250918-plate88-slot3-roi11,20250918,88,3,11,20250918_mem-mito,20250918_mem-mito,fish3,3.0,72.0,,400,20250918_mem-mito,2025-09-18,2025-09-18,ef1a:2xLynk:tdmChilada (F1 of allele 315),ef1a:2xLynk:tdmChilada (F1 of allele 315),pDQM082,315,,,tdmChilada,2xLynk,membrane,tdmChilada::2xLynk,membrane,tdmChilada(membrane)|mStayGold(mitochondria),sheet,,2xCox8A:mSG,,
/clusterfs/vast/abcabc/Aang_Foundation/20250918_mem-mito/fish5_72hpf_roi1,20250918-plate88-slot4-roi1,20250918,88,4,1,20250918_mem-mito,20250918_mem-mito,fish5,5.0,72.0,,400,20250918_mem-mito,2025-09-18,2025-09-18,ef1a:2xLynk:tdmChilada (F1 of allele 315),ef1a:2xLynk:tdmChilada (F1 of allele 315),pDQM082,315,,,tdmChilada,2xLynk,membrane,tdmChilada::2xLynk,membrane,tdmChilada(membrane)|mStayGold(mitochondria),sheet,,2xCox8A:mSG,,
/clusterfs/vast/abcabc/Aang_Foundation/20250918_mem-mito/fish5_72hpf_roi2,20250918-plate88-slot4-roi2,20250918,88,4,2,20250918_mem-mito,20250918_mem-mito,fish5,5.0,72.0,,300,20250918_mem-mito,2025-09-18,2025-09-18,ef1a:2xLynk:tdmChilada (F1 of allele 315),ef1a:2xLynk:tdmChilada (F1 of allele 315),pDQM082,315,,,tdmChilada,2xLynk,membrane,tdmChilada::2xLynk,membrane,tdmChilada(membrane)|mStayGold(mitochondria),sheet,,2xCox8A:mSG,,
/clusterfs/vast/abcabc/Aang_Foundation/20250918_mem-mito/fish5_72hpf_roi3,20250918-plate88-slot4-roi3,20250918,88,4,3,20250918_mem-mito,20250918_mem-mito,fish5,5.0,72.0,,250,20250918_mem-mito,2025-09-18,2025-09-18,ef1a:2xLynk:tdmChilada (F1 of allele 315),ef1a:2xLynk:tdmChilada (F1 of allele 315),pDQM082,315,,,tdmChilada,2xLynk,membrane,tdmChilada::2xLynk,membrane,tdmChilada(membrane)|mStayGold(mitochondria),sheet,,2xCox8A:mSG,,
/clusterfs/vast/abcabc/Aang_Foundation/20250918_mem-mito/fish5_72hpf_roi4,20250918-plate88-slot4-roi4,20250918,88,4,4,20250918_mem-mito,20250918_mem-mito,fish5,5.0,72.0,,200,20250918_mem-mito,2025-09-18,2025-09-18,ef1a:2xLynk:tdmChilada (F1 of allele 315),ef1a:2xLynk:tdmChilada (F1 of allele 315),pDQM082,315,,,tdmChilada,2xLynk,membrane,tdmChilada::2xLynk,membrane,tdmChilada(membrane)|mStayGold(mitochondria),sheet,,2xCox8A:mSG,,
/clusterfs/vast/abcabc/Aang_Foundation/20250918_mem-mito/fish6_72hpf_roi1,20250918-plate88-slot5-roi1,20250918,88,5,1,20250918_mem-mito,20250918_mem-mito,fish6,6.0,72.0,,400,20250918_mem-mito,2025-09-18,2025-09-18,ef1a:2xLynk:tdmChilada (F1 of allele 315),ef1a:2xLynk:tdmChilada (F1 of allele 315),pDQM082,315,,,tdmChilada,2xLynk,membrane,tdmChilada::2xLynk,membrane,tdmChilada(membrane)|mStayGold(mitochondria),sheet,,2xCox8A:mSG,,
/clusterfs/vast/abcabc/Aang_Foundation/20250919_mem-mito/fish1_24hpf_roi1,20250919-plate89-slot1-roi1,20250919,89,1,1,20250919_mem-mito,20250919_mem-mito,fish1,1.0,24.0,,626,20250919_mem-mito,2025-09-19,2025-09-19,ef1a:2xLynk:tdmChilada (F1 of allele 315),ef1a:2xLynk:tdmChilada (F1 of allele 315),pDQM082,315,,,tdmChilada,2xLynk,membrane,tdmChilada::2xLynk,membrane,tdmChilada(membrane)|mStayGold(mitochondria),sheet,,2xCox8A:mSG,,
/clusterfs/vast/abcabc/Aang_Foundation/20250919_mem-mito/fish1_24hpf_roi2,20250919-plate89-slot1-roi2,20250919,89,1,2,20250919_mem-mito,20250919_mem-mito,fish1,1.0,24.0,,528,20250919_mem-mito,2025-09-19,2025-09-19,ef1a:2xLynk:tdmChilada (F1 of allele 315),ef1a:2xLynk:tdmChilada (F1 of allele 315),pDQM082,315,,,tdmChilada,2xLynk,membrane,tdmChilada::2xLynk,membrane,tdmChilada(membrane)|mStayGold(mitochondria),sheet,,2xCox8A:mSG,,
/clusterfs/vast/abcabc/Aang_Foundation/20250919_mem-mito/fish1_24hpf_roi3,20250919-plate89-slot1-roi3,20250919,89,1,3,20250919_mem-mito,20250919_mem-mito,fish1,1.0,24.0,,462,20250919_mem-mito,2025-09-19,2025-09-19,ef1a:2xLynk:tdmChilada (F1 of allele 315),ef1a:2xLynk:tdmChilada (F1 of allele 315),pDQM082,315,,,tdmChilada,2xLynk,membrane,tdmChilada::2xLynk,membrane,tdmChilada(membrane)|mStayGold(mitochondria),sheet,,2xCox8A:mSG,,
/clusterfs/vast/abcabc/Aang_Foundation/20250919_mem-mito/fish2_24hpf_roi1,20250919-plate89-slot2-roi1,20250919,89,2,1,20250919_mem-mito,20250919_mem-mito,fish2,2.0,24.0,,528,20250919_mem-mito,2025-09-19,2025-09-19,ef1a:2xLynk:tdmChilada (F1 of allele 315),ef1a:2xLynk:tdmChilada (F1 of allele 315),pDQM082,315,,,tdmChilada,2xLynk,membrane,tdmChilada::2xLynk,membrane,tdmChilada(membrane)|mStayGold(mitochondria),sheet,,2xCox8A:mSG,,
/clusterfs/vast/abcabc/Aang_Foundation/20250919_mem-mito/fish2_24hpf_roi2,20250919-plate89-slot2-roi2,20250919,89,2,2,20250919_mem-mito,20250919_mem-mito,fish2,2.0,24.0,,462,20250919_mem-mito,2025-09-19,2025-09-19,ef1a:2xLynk:tdmChilada (F1 of allele 315),ef1a:2xLynk:tdmChilada (F1 of allele 315),pDQM082,315,,,tdmChilada,2xLynk,membrane,tdmChilada::2xLynk,membrane,tdmChilada(membrane)|mStayGold(mitochondria),sheet,,2xCox8A:mSG,,
/clusterfs/vast/abcabc/Aang_Foundation/20250919_mem-mito/fish2_24hpf_roi3,20250919-plate89-slot2-roi3,20250919,89,2,3,20250919_mem-mito,20250919_mem-mito,fish2,2.0,24.0,,528,20250919_mem-mito,2025-09-19,2025-09-19,ef1a:2xLynk:tdmChilada (F1 of allele 315),ef1a:2xLynk:tdmChilada (F1 of allele 315),pDQM082,315,,,tdmChilada,2xLynk,membrane,tdmChilada::2xLynk,membrane,tdmChilada(membrane)|mStayGold(mitochondria),sheet,,2xCox8A:mSG,,
/clusterfs/vast/abcabc/Aang_Foundation/20250919_mem-mito/fish4_24hpf_roi1,20250919-plate89-slot3-roi1,20250919,89,3,1,20250919_mem-mito,20250919_mem-mito,fish4,4.0,24.0,,528,20250919_mem-mito,2025-09-19,2025-09-19,ef1a:2xLynk:tdmChilada (F1 of allele 315),ef1a:2xLynk:tdmChilada (F1 of allele 315),pDQM082,315,,,tdmChilada,2xLynk,membrane,tdmChilada::2xLynk,membrane,tdmChilada(membrane)|mStayGold(mitochondria),sheet,,2xCox8A:mSG,,
/clusterfs/vast/abcabc/Aang_Foundation/20250919_mem-mito/fish4_24hpf_roi2,20250919-plate89-slot3-roi2,20250919,89,3,2,20250919_mem-mito,20250919_mem-mito,fish4,4.0,24.0,,462,20250919_mem-mito,2025-09-19,2025-09-19,ef1a:2xLynk:tdmChilada (F1 of allele 315),ef1a:2xLynk:tdmChilada (F1 of allele 315),pDQM082,315,,,tdmChilada,2xLynk,membrane,tdmChilada::2xLynk,membrane,tdmChilada(membrane)|mStayGold(mitochondria),sheet,,2xCox8A:mSG,,
/clusterfs/vast/abcabc/Aang_Foundation/20250919_mem-mito/fish4_24hpf_roi3,20250919-plate89-slot3-roi3,20250919,89,3,3,20250919_mem-mito,20250919_mem-mito,fish4,4.0,24.0,,330,20250919_mem-mito,2025-09-19,2025-09-19,ef1a:2xLynk:tdmChilada (F1 of allele 315),ef1a:2xLynk:tdmChilada (F1 of allele 315),pDQM082,315,,,tdmChilada,2xLynk,membrane,tdmChilada::2xLynk,membrane,tdmChilada(membrane)|mStayGold(mitochondria),sheet,,2xCox8A:mSG,,
/clusterfs/vast/abcabc/Aang_Foundation/20250919_mem-mito/fish5_24hpf_roi1,20250919-plate89-slot4-roi1,20250919,89,4,1,20250919_mem-mito,20250919_mem-mito,fish5,5.0,24.0,,462,20250919_mem-mito,2025-09-19,2025-09-19,ef1a:2xLynk:tdmChilada (F1 of allele 315),ef1a:2xLynk:tdmChilada (F1 of allele 315),pDQM082,315,,,tdmChilada,2xLynk,membrane,tdmChilada::2xLynk,membrane,tdmChilada(membrane)|mStayGold(mitochondria),sheet,,2xCox8A:mSG,,
/clusterfs/vast/abcabc/Aang_Foundation/20250919_mem-mito/fish5_24hpf_roi2,20250919-plate89-slot4-roi2,20250919,89,4,2,20250919_mem-mito,20250919_mem-mito,fish5,5.0,24.0,,528,20250919_mem-mito,2025-09-19,2025-09-19,ef1a:2xLynk:tdmChilada (F1 of allele 315),ef1a:2xLynk:tdmChilada (F1 of allele 315),pDQM082,315,,,tdmChilada,2xLynk,membrane,tdmChilada::2xLynk,membrane,tdmChilada(membrane)|mStayGold(mitochondria),sheet,,2xCox8A:mSG,,
/clusterfs/vast/abcabc/Aang_Foundation/20250919_mem-mito/fish5_24hpf_roi3,20250919-plate89-slot4-roi3,20250919,89,4,3,20250919_mem-mito,20250919_mem-mito,fish5,5.0,24.0,,330,20250919_mem-mito,2025-09-19,2025-09-19,ef1a:2xLynk:tdmChilada (F1 of allele 315),ef1a:2xLynk:tdmChilada (F1 of allele 315),pDQM082,315,,,tdmChilada,2xLynk,membrane,tdmChilada::2xLynk,membrane,tdmChilada(membrane)|mStayGold(mitochondria),sheet,,2xCox8A:mSG,,
/clusterfs/vast/abcabc/Aang_Foundation/20250919_mem-mito/fish5_24hpf_roi4,20250919-plate89-slot4-roi4,20250919,89,4,4,20250919_mem-mito,20250919_mem-mito,fish5,5.0,24.0,,330,20250919_mem-mito,2025-09-19,2025-09-19,ef1a:2xLynk:tdmChilada (F1 of allele 315),ef1a:2xLynk:tdmChilada (F1 of allele 315),pDQM082,315,,,tdmChilada,2xLynk,membrane,tdmChilada::2xLynk,membrane,tdmChilada(membrane)|mStayGold(mitochondria),sheet,,2xCox8A:mSG,,
/clusterfs/vast/abcabc/Aang_Foundation/20250919_mem-mito/fish7_24hpf_roi1,20250919-plate89-slot5-roi1,20250919,89,5,1,20250919_mem-mito,20250919_mem-mito,fish7,7.0,24.0,,528,20250919_mem-mito,2025-09-19,2025-09-19,ef1a:2xLynk:tdmChilada (F1 of allele 315),ef1a:2xLynk:tdmChilada (F1 of allele 315),pDQM082,315,,,tdmChilada,2xLynk,membrane,tdmChilada::2xLynk,membrane,tdmChilada(membrane)|mStayGold(mitochondria),sheet,,2xCox8A:mSG,,
/clusterfs/vast/abcabc/Aang_Foundation/20250919_mem-mito/fish7_24hpf_roi2,20250919-plate89-slot5-roi2,20250919,89,5,2,20250919_mem-mito,20250919_mem-mito,fish7,7.0,24.0,,462,20250919_mem-mito,2025-09-19,2025-09-19,ef1a:2xLynk:tdmChilada (F1 of allele 315),ef1a:2xLynk:tdmChilada (F1 of allele 315),pDQM082,315,,,tdmChilada,2xLynk,membrane,tdmChilada::2xLynk,membrane,tdmChilada(membrane)|mStayGold(mitochondria),sheet,,2xCox8A:mSG,,
/clusterfs/vast/abcabc/Aang_Foundation/20250919_mem-mito/fish7_24hpf_roi3,20250919-plate89-slot5-roi3,20250919,89,5,3,20250919_mem-mito,20250919_mem-mito,fish7,7.0,24.0,,528,20250919_mem-mito,2025-09-19,2025-09-19,ef1a:2xLynk:tdmChilada (F1 of allele 315),ef1a:2xLynk:tdmChilada (F1 of allele 315),pDQM082,315,,,tdmChilada,2xLynk,membrane,tdmChilada::2xLynk,membrane,tdmChilada(membrane)|mStayGold(mitochondria),sheet,,2xCox8A:mSG,,
/clusterfs/vast/abcabc/Aang_Foundation/20250919_mem-mito/fish7_24hpf_roi4,20250919-plate89-slot5-roi4,20250919,89,5,4,20250919_mem-mito,20250919_mem-mito,fish7,7.0,24.0,,330,20250919_mem-mito,2025-09-19,2025-09-19,ef1a:2xLynk:tdmChilada (F1 of allele 315),ef1a:2xLynk:tdmChilada (F1 of allele 315),pDQM082,315,,,tdmChilada,2xLynk,membrane,tdmChilada::2xLynk,membrane,tdmChilada(membrane)|mStayGold(mitochondria),sheet,,2xCox8A:mSG,,
/clusterfs/vast/abcabc/Aang_Foundation/20250919_mem-mito/fish7_24hpf_roi5,20250919-plate89-slot5-roi5,20250919,89,5,5,20250919_mem-mito,20250919_mem-mito,fish7,7.0,24.0,,264,20250919_mem-mito,2025-09-19,2025-09-19,ef1a:2xLynk:tdmChilada (F1 of allele 315),ef1a:2xLynk:tdmChilada (F1 of allele 315),pDQM082,315,,,tdmChilada,2xLynk,membrane,tdmChilada::2xLynk,membrane,tdmChilada(membrane)|mStayGold(mitochondria),sheet,,2xCox8A:mSG,,
/clusterfs/vast/abcabc/Aang_Foundation/20250919_mem-mito/fish8_24hpf_roi1,20250919-plate89-slot6-roi1,20250919,89,6,1,20250919_mem-mito,20250919_mem-mito,fish8,8.0,24.0,,462,20250919_mem-mito,2025-09-19,2025-09-19,ef1a:2xLynk:tdmChilada (F1 of allele 315),ef1a:2xLynk:tdmChilada (F1 of allele 315),pDQM082,315,,,tdmChilada,2xLynk,membrane,tdmChilada::2xLynk,membrane,tdmChilada(membrane)|mStayGold(mitochondria),sheet,,2xCox8A:mSG,,
/clusterfs/vast/abcabc/Aang_Foundation/20250919_mem-mito/fish8_24hpf_roi2,20250919-plate89-slot6-roi2,20250919,89,6,2,20250919_mem-mito,20250919_mem-mito,fish8,8.0,24.0,,462,20250919_mem-mito,2025-09-19,2025-09-19,ef1a:2xLynk:tdmChilada (F1 of allele 315),ef1a:2xLynk:tdmChilada (F1 of allele 315),pDQM082,315,,,tdmChilada,2xLynk,membrane,tdmChilada::2xLynk,membrane,tdmChilada(membrane)|mStayGold(mitochondria),sheet,,2xCox8A:mSG,,
/clusterfs/vast/abcabc/Aang_Foundation/20250919_mem-mito/fish8_24hpf_roi3,20250919-plate89-slot6-roi3,20250919,89,6,3,20250919_mem-mito,20250919_mem-mito,fish8,8.0,24.0,,330,20250919_mem-mito,2025-09-19,2025-09-19,ef1a:2xLynk:tdmChilada (F1 of allele 315),ef1a:2xLynk:tdmChilada (F1 of allele 315),pDQM082,315,,,tdmChilada,2xLynk,membrane,tdmChilada::2xLynk,membrane,tdmChilada(membrane)|mStayGold(mitochondria),sheet,,2xCox8A:mSG,,
/clusterfs/vast/abcabc/Aang_Foundation/20250919_mem-mito/fish8_24hpf_roi4,20250919-plate89-slot6-roi4,20250919,89,6,4,20250919_mem-mito,20250919_mem-mito,fish8,8.0,24.0,,330,20250919_mem-mito,2025-09-19,2025-09-19,ef1a:2xLynk:tdmChilada (F1 of allele 315),ef1a:2xLynk:tdmChilada (F1 of allele 315),pDQM082,315,,,tdmChilada,2xLynk,membrane,tdmChilada::2xLynk,membrane,tdmChilada(membrane)|mStayGold(mitochondria),sheet,,2xCox8A:mSG,,
/clusterfs/vast/abcabc/Aang_Foundation/20250919_mem-mito/fish8_24hpf_roi5,20250919-plate89-slot6-roi5,20250919,89,6,5,20250919_mem-mito,20250919_mem-mito,fish8,8.0,24.0,,396,20250919_mem-mito,2025-09-19,2025-09-19,ef1a:2xLynk:tdmChilada (F1 of allele 315),ef1a:2xLynk:tdmChilada (F1 of allele 315),pDQM082,315,,,tdmChilada,2xLynk,membrane,tdmChilada::2xLynk,membrane,tdmChilada(membrane)|mStayGold(mitochondria),sheet,,2xCox8A:mSG,,
/clusterfs/vast/abcabc/Aang_Foundation/20250922_mem-mito/fish1_72hpf_roi1,20250922-plate90-slot1-roi1,20250922,90,1,1,20250922_mem-mito,20250922_mem-mito,fish1,1.0,72.0,,400,20250922_mem-mito,2025-09-22,2025-09-22,casper/rnf,tdmScarlet3S2 (F1 of allele 325),pDQM136,325,,,tdmScarlet3,2xLynk,membrane,tdmScarlet3::2xLynk,membrane,tdmScarlet3(membrane)|mStayGold(mitochondria),sheet,,2xCox8A:mSG,,
/clusterfs/vast/abcabc/Aang_Foundation/20250922_mem-mito/fish1_72hpf_roi2,20250922-plate90-slot1-roi2,20250922,90,1,2,20250922_mem-mito,20250922_mem-mito,fish1,1.0,72.0,,400,20250922_mem-mito,2025-09-22,2025-09-22,casper/rnf,tdmScarlet3S2 (F1 of allele 325),pDQM136,325,,,tdmScarlet3,2xLynk,membrane,tdmScarlet3::2xLynk,membrane,tdmScarlet3(membrane)|mStayGold(mitochondria),sheet,,2xCox8A:mSG,,
/clusterfs/vast/abcabc/Aang_Foundation/20250922_mem-mito/fish1_72hpf_roi3,20250922-plate90-slot1-roi3,20250922,90,1,3,20250922_mem-mito,20250922_mem-mito,fish1,1.0,72.0,,400,20250922_mem-mito,2025-09-22,2025-09-22,casper/rnf,tdmScarlet3S2 (F1 of allele 325),pDQM136,325,,,tdmScarlet3,2xLynk,membrane,tdmScarlet3::2xLynk,membrane,tdmScarlet3(membrane)|mStayGold(mitochondria),sheet,,2xCox8A:mSG,,
/clusterfs/vast/abcabc/Aang_Foundation/20250922_mem-mito/fish1_72hpf_roi4,20250922-plate90-slot1-roi4,20250922,90,1,4,20250922_mem-mito,20250922_mem-mito,fish1,1.0,72.0,,400,20250922_mem-mito,2025-09-22,2025-09-22,casper/rnf,tdmScarlet3S2 (F1 of allele 325),pDQM136,325,,,tdmScarlet3,2xLynk,membrane,tdmScarlet3::2xLynk,membrane,tdmScarlet3(membrane)|mStayGold(mitochondria),sheet,,2xCox8A:mSG,,
/clusterfs/vast/abcabc/Aang_Foundation/20250922_mem-mito/fish1_72hpf_roi5,20250922-plate90-slot1-roi5,20250922,90,1,5,20250922_mem-mito,20250922_mem-mito,fish1,1.0,72.0,,100,20250922_mem-mito,2025-09-22,2025-09-22,casper/rnf,tdmScarlet3S2 (F1 of allele 325),pDQM136,325,,,tdmScarlet3,2xLynk,membrane,tdmScarlet3::2xLynk,membrane,tdmScarlet3(membrane)|mStayGold(mitochondria),sheet,,2xCox8A:mSG,,
/clusterfs/vast/abcabc/Aang_Foundation/20250922_mem-mito/fish1_72hpf_roi6,20250922-plate90-slot1-roi6,20250922,90,1,6,20250922_mem-mito,20250922_mem-mito,fish1,1.0,72.0,,400,20250922_mem-mito,2025-09-22,2025-09-22,casper/rnf,tdmScarlet3S2 (F1 of allele 325),pDQM136,325,,,tdmScarlet3,2xLynk,membrane,tdmScarlet3::2xLynk,membrane,tdmScarlet3(membrane)|mStayGold(mitochondria),sheet,,2xCox8A:mSG,,
/clusterfs/vast/abcabc/Aang_Foundation/20250922_mem-mito/fish1_72hpf_roi7,20250922-plate90-slot1-roi7,20250922,90,1,7,20250922_mem-mito,20250922_mem-mito,fish1,1.0,72.0,,400,20250922_mem-mito,2025-09-22,2025-09-22,casper/rnf,tdmScarlet3S2 (F1 of allele 325),pDQM136,325,,,tdmScarlet3,2xLynk,membrane,tdmScarlet3::2xLynk,membrane,tdmScarlet3(membrane)|mStayGold(mitochondria),sheet,,2xCox8A:mSG,,
/clusterfs/vast/abcabc/Aang_Foundation/20250922_mem-mito/fish1_72hpf_roi8,20250922-plate90-slot1-roi8,20250922,90,1,8,20250922_mem-mito,20250922_mem-mito,fish1,1.0,72.0,,400,20250922_mem-mito,2025-09-22,2025-09-22,casper/rnf,tdmScarlet3S2 (F1 of allele 325),pDQM136,325,,,tdmScarlet3,2xLynk,membrane,tdmScarlet3::2xLynk,membrane,tdmScarlet3(membrane)|mStayGold(mitochondria),sheet,,2xCox8A:mSG,,
/clusterfs/vast/abcabc/Aang_Foundation/20250922_mem-mito/fish2_72hpf_roi1,20250922-plate90-slot2-roi1,20250922,90,2,1,20250922_mem-mito,20250922_mem-mito,fish2,2.0,72.0,,400,20250922_mem-mito,2025-09-22,2025-09-22,casper/rnf,tdmScarlet3S2 (F1 of allele 325),pDQM136,325,,,tdmScarlet3,2xLynk,membrane,tdmScarlet3::2xLynk,membrane,tdmScarlet3(membrane)|mStayGold(mitochondria),sheet,,2xCox8A:mSG,,
/clusterfs/vast/abcabc/Aang_Foundation/20250922_mem-mito/fish2_72hpf_roi2,20250922-plate90-slot2-roi2,20250922,90,2,2,20250922_mem-mito,20250922_mem-mito,fish2,2.0,72.0,,400,20250922_mem-mito,2025-09-22,2025-09-22,casper/rnf,tdmScarlet3S2 (F1 of allele 325),pDQM136,325,,,tdmScarlet3,2xLynk,membrane,tdmScarlet3::2xLynk,membrane,tdmScarlet3(membrane)|mStayGold(mitochondria),sheet,,2xCox8A:mSG,,
/clusterfs/vast/abcabc/Aang_Foundation/20250922_mem-mito/fish2_72hpf_roi3,20250922-plate90-slot2-roi3,20250922,90,2,3,20250922_mem-mito,20250922_mem-mito,fish2,2.0,72.0,,400,20250922_mem-mito,2025-09-22,2025-09-22,casper/rnf,tdmScarlet3S2 (F1 of allele 325),pDQM136,325,,,tdmScarlet3,2xLynk,membrane,tdmScarlet3::2xLynk,membrane,tdmScarlet3(membrane)|mStayGold(mitochondria),sheet,,2xCox8A:mSG,,
/clusterfs/vast/abcabc/Aang_Foundation/20250922_mem-mito/fish2_72hpf_roi4,20250922-plate90-slot2-roi4,20250922,90,2,4,20250922_mem-mito,20250922_mem-mito,fish2,2.0,72.0,,400,20250922_mem-mito,2025-09-22,2025-09-22,casper/rnf,tdmScarlet3S2 (F1 of allele 325),pDQM136,325,,,tdmScarlet3,2xLynk,membrane,tdmScarlet3::2xLynk,membrane,tdmScarlet3(membrane)|mStayGold(mitochondria),sheet,,2xCox8A:mSG,,
/clusterfs/vast/abcabc/Aang_Foundation/20250922_mem-mito/fish4_72hpf_roi1,20250922-plate90-slot3-roi1,20250922,90,3,1,20250922_mem-mito,20250922_mem-mito,fish4,4.0,72.0,,400,20250922_mem-mito,2025-09-22,2025-09-22,casper/rnf,tdmScarlet3S2 (F1 of allele 325),pDQM136,325,,,tdmScarlet3,2xLynk,membrane,tdmScarlet3::2xLynk,membrane,tdmScarlet3(membrane)|mStayGold(mitochondria),sheet,,2xCox8A:mSG,,
/clusterfs/vast/abcabc/Aang_Foundation/20250922_mem-mito/fish5_72hpf_roi1,20250922-plate90-slot4-roi1,20250922,90,4,1,20250922_mem-mito,20250922_mem-mito,fish5,5.0,72.0,,400,20250922_mem-mito,2025-09-22,2025-09-22,casper/rnf,tdmScarlet3S2 (F1 of allele 325),pDQM136,325,,,tdmScarlet3,2xLynk,membrane,tdmScarlet3::2xLynk,membrane,tdmScarlet3(membrane)|mStayGold(mitochondria),sheet,,2xCox8A:mSG,,
/clusterfs/vast/abcabc/Aang_Foundation/20250922_mem-mito/fish5_72hpf_roi2,20250922-plate90-slot4-roi2,20250922,90,4,2,20250922_mem-mito,20250922_mem-mito,fish5,5.0,72.0,,400,20250922_mem-mito,2025-09-22,2025-09-22,casper/rnf,tdmScarlet3S2 (F1 of allele 325),pDQM136,325,,,tdmScarlet3,2xLynk,membrane,tdmScarlet3::2xLynk,membrane,tdmScarlet3(membrane)|mStayGold(mitochondria),sheet,,2xCox8A:mSG,,
/clusterfs/vast/abcabc/Aang_Foundation/20250922_mem-mito/fish5_72hpf_roi3,20250922-plate90-slot4-roi3,20250922,90,4,3,20250922_mem-mito,20250922_mem-mito,fish5,5.0,72.0,,400,20250922_mem-mito,2025-09-22,2025-09-22,casper/rnf,tdmScarlet3S2 (F1 of allele 325),pDQM136,325,,,tdmScarlet3,2xLynk,membrane,tdmScarlet3::2xLynk,membrane,tdmScarlet3(membrane)|mStayGold(mitochondria),sheet,,2xCox8A:mSG,,
/clusterfs/vast/abcabc/Aang_Foundation/20250922_mem-mito/fish5_72hpf_roi4,20250922-plate90-slot4-roi4,20250922,90,4,4,20250922_mem-mito,20250922_mem-mito,fish5,5.0,72.0,,400,20250922_mem-mito,2025-09-22,2025-09-22,casper/rnf,tdmScarlet3S2 (F1 of allele 325),pDQM136,325,,,tdmScarlet3,2xLynk,membrane,tdmScarlet3::2xLynk,membrane,tdmScarlet3(membrane)|mStayGold(mitochondria),sheet,,2xCox8A:mSG,,
/clusterfs/vast/abcabc/Aang_Foundation/20250924_mem-mito/fish1_24hpf_roi1,20250924-plate91-slot1-roi1,20250924,91,1,1,20250924_mem-mito,20250924_mem-mito,fish1,1.0,24.0,,528,20250924_mem-mito,2025-09-24,2025-09-24,casper/rnf,from Swinburne lab - tank ID 344 (F1 of allele 45385),pSWIN04,is04,,,nan,nan,nan,,nan,mStayGold(mitochondria),sheet,,2xCox8A:mSG,,
/clusterfs/vast/abcabc/Aang_Foundation/20250924_mem-mito/fish1_24hpf_roi2,20250924-plate91-slot1-roi2,20250924,91,1,2,20250924_mem-mito,20250924_mem-mito,fish1,1.0,24.0,,528,20250924_mem-mito,2025-09-24,2025-09-24,casper/rnf,from Swinburne lab - tank ID 344 (F1 of allele 45385),pSWIN04,is04,,,nan,nan,nan,,nan,mStayGold(mitochondria),sheet,,2xCox8A:mSG,,
/clusterfs/vast/abcabc/Aang_Foundation/20250924_mem-mito/fish1_24hpf_roi3,20250924-plate91-slot1-roi3,20250924,91,1,3,20250924_mem-mito,20250924_mem-mito,fish1,1.0,24.0,,528,20250924_mem-mito,2025-09-24,2025-09-24,casper/rnf,from Swinburne lab - tank ID 344 (F1 of allele 45385),pSWIN04,is04,,,nan,nan,nan,,nan,mStayGold(mitochondria),sheet,,2xCox8A:mSG,,
/clusterfs/vast/abcabc/Aang_Foundation/20250924_mem-mito/fish1_24hpf_roi4,20250924-plate91-slot1-roi4,20250924,91,1,4,20250924_mem-mito,20250924_mem-mito,fish1,1.0,24.0,,400,20250924_mem-mito,2025-09-24,2025-09-24,casper/rnf,from Swinburne lab - tank ID 344 (F1 of allele 45385),pSWIN04,is04,,,nan,nan,nan,,nan,mStayGold(mitochondria),sheet,,2xCox8A:mSG,,
/clusterfs/vast/abcabc/Aang_Foundation/20250924_mem-mito/fish1_24hpf_roi5,20250924-plate91-slot1-roi5,20250924,91,1,5,20250924_mem-mito,20250924_mem-mito,fish1,1.0,24.0,,1,20250924_mem-mito,2025-09-24,2025-09-24,casper/rnf,from Swinburne lab - tank ID 344 (F1 of allele 45385),pSWIN04,is04,,,nan,nan,nan,,nan,mStayGold(mitochondria),sheet,,2xCox8A:mSG,,
/clusterfs/vast/abcabc/Aang_Foundation/20250924_mem-mito/fish1_24hpf_roi6,20250924-plate91-slot1-roi6,20250924,91,1,6,20250924_mem-mito,20250924_mem-mito,fish1,1.0,24.0,,12,20250924_mem-mito,2025-09-24,2025-09-24,casper/rnf,from Swinburne lab - tank ID 344 (F1 of allele 45385),pSWIN04,is04,,,nan,nan,nan,,nan,mStayGold(mitochondria),sheet,,2xCox8A:mSG,,
/clusterfs/vast/abcabc/Aang_Foundation/20250924_mem-mito/fish2_24hpf_roi1,20250924-plate91-slot2-roi1,20250924,91,2,1,20250924_mem-mito,20250924_mem-mito,fish2,2.0,24.0,,400,20250924_mem-mito,2025-09-24,2025-09-24,casper/rnf,from Swinburne lab - tank ID 344 (F1 of allele 45385),pSWIN04,is04,,,nan,nan,nan,,nan,mStayGold(mitochondria),sheet,,2xCox8A:mSG,,
/clusterfs/vast/abcabc/Aang_Foundation/20250924_mem-mito/fish2_24hpf_roi2,20250924-plate91-slot2-roi2,20250924,91,2,2,20250924_mem-mito,20250924_mem-mito,fish2,2.0,24.0,,400,20250924_mem-mito,2025-09-24,2025-09-24,casper/rnf,from Swinburne lab - tank ID 344 (F1 of allele 45385),pSWIN04,is04,,,nan,nan,nan,,nan,mStayGold(mitochondria),sheet,,2xCox8A:mSG,,
/clusterfs/vast/abcabc/Aang_Foundation/20250924_mem-mito/fish3_24hpf_roi1,20250924-plate91-slot3-roi1,20250924,91,3,1,20250924_mem-mito,20250924_mem-mito,fish3,3.0,24.0,,800,20250924_mem-mito,2025-09-24,2025-09-24,casper/rnf,from Swinburne lab - tank ID 344 (F1 of allele 45385),pSWIN04,is04,,,nan,nan,nan,,nan,mStayGold(mitochondria),sheet,,2xCox8A:mSG,,
/clusterfs/vast/abcabc/Aang_Foundation/20250924_mem-mito/fish3_24hpf_roi1_test,20250924-plate91-slot3-roi2,20250924,91,3,2,20250924_mem-mito,20250924_mem-mito,fish3,3.0,24.0,test,4,20250924_mem-mito,2025-09-24,2025-09-24,casper/rnf,from Swinburne lab - tank ID 344 (F1 of allele 45385),pSWIN04,is04,,,nan,nan,nan,,nan,mStayGold(mitochondria),sheet,,2xCox8A:mSG,,
/clusterfs/vast/abcabc/Aang_Foundation/20250924_mem-mito/fish3_24hpf_roi3,20250924-plate91-slot3-roi3,20250924,91,3,3,20250924_mem-mito,20250924_mem-mito,fish3,3.0,24.0,,400,20250924_mem-mito,2025-09-24,2025-09-24,casper/rnf,from Swinburne lab - tank ID 344 (F1 of allele 45385),pSWIN04,is04,,,nan,nan,nan,,nan,mStayGold(mitochondria),sheet,,2xCox8A:mSG,,
/clusterfs/vast/abcabc/Aang_Foundation/20250924_mem-mito/fish3_24hpf_roi4,20250924-plate91-slot3-roi4,20250924,91,3,4,20250924_mem-mito,20250924_mem-mito,fish3,3.0,24.0,,400,20250924_mem-mito,2025-09-24,2025-09-24,casper/rnf,from Swinburne lab - tank ID 344 (F1 of allele 45385),pSWIN04,is04,,,nan,nan,nan,,nan,mStayGold(mitochondria),sheet,,2xCox8A:mSG,,
/clusterfs/vast/abcabc/Aang_Foundation/20250924_mem-mito/fish3_24hpf_roi5,20250924-plate91-slot3-roi5,20250924,91,3,5,20250924_mem-mito,20250924_mem-mito,fish3,3.0,24.0,,400,20250924_mem-mito,2025-09-24,2025-09-24,casper/rnf,from Swinburne lab - tank ID 344 (F1 of allele 45385),pSWIN04,is04,,,nan,nan,nan,,nan,mStayGold(mitochondria),sheet,,2xCox8A:mSG,,
/clusterfs/vast/abcabc/Aang_Foundation/20250924_mem-mito/fish3_24hpf_roi6,20250924-plate91-slot3-roi6,20250924,91,3,6,20250924_mem-mito,20250924_mem-mito,fish3,3.0,24.0,,400,20250924_mem-mito,2025-09-24,2025-09-24,casper/rnf,from Swinburne lab - tank ID 344 (F1 of allele 45385),pSWIN04,is04,,,nan,nan,nan,,nan,mStayGold(mitochondria),sheet,,2xCox8A:mSG,,
/clusterfs/vast/abcabc/Aang_Foundation/20250924_mem-mito/fish3_24hpf_roi7,20250924-plate91-slot3-roi7,20250924,91,3,7,20250924_mem-mito,20250924_mem-mito,fish3,3.0,24.0,,400,20250924_mem-mito,2025-09-24,2025-09-24,casper/rnf,from Swinburne lab - tank ID 344 (F1 of allele 45385),pSWIN04,is04,,,nan,nan,nan,,nan,mStayGold(mitochondria),sheet,,2xCox8A:mSG,,
/clusterfs/vast/abcabc/Aang_Foundation/20250924_mem-mito/fish4_24hpf_roi1,20250924-plate91-slot4-roi1,20250924,91,4,1,20250924_mem-mito,20250924_mem-mito,fish4,4.0,24.0,,400,20250924_mem-mito,2025-09-24,2025-09-24,casper/rnf,from Swinburne lab - tank ID 344 (F1 of allele 45385),pSWIN04,is04,,,nan,nan,nan,,nan,mStayGold(mitochondria),sheet,,2xCox8A:mSG,,
/clusterfs/vast/abcabc/Aang_Foundation/20250924_mem-mito/fish4_24hpf_roi2,20250924-plate91-slot4-roi2,20250924,91,4,2,20250924_mem-mito,20250924_mem-mito,fish4,4.0,24.0,,400,20250924_mem-mito,2025-09-24,2025-09-24,casper/rnf,from Swinburne lab - tank ID 344 (F1 of allele 45385),pSWIN04,is04,,,nan,nan,nan,,nan,mStayGold(mitochondria),sheet,,2xCox8A:mSG,,
/clusterfs/vast/abcabc/Aang_Foundation/20250924_mem-mito/fish4_24hpf_roi3,20250924-plate91-slot4-roi3,20250924,91,4,3,20250924_mem-mito,20250924_mem-mito,fish4,4.0,24.0,,458,20250924_mem-mito,2025-09-24,2025-09-24,casper/rnf,from Swinburne lab - tank ID 344 (F1 of allele 45385),pSWIN04,is04,,,nan,nan,nan,,nan,mStayGold(mitochondria),sheet,,2xCox8A:mSG,,
/clusterfs/vast/abcabc/Aang_Foundation/20250925_mem-mito/fish1_48hpf_roi1,20250925-plate92-slot1-roi1,20250925,92,1,1,20250925_mem-mito,20250925_mem-mito,fish1,1.0,48.0,,600,20250925_mem-mito,2025-09-25,2025-09-25,casper/rnf,from Swinburne lab - tank ID 344 (F1 of allele 45385),pSWIN04,is04,,,nan,nan,nan,,nan,mStayGold(mitochondria),sheet,,2xCox8A:mSG,,
/clusterfs/vast/abcabc/Aang_Foundation/20250925_mem-mito/fish1_48hpf_roi2,20250925-plate92-slot1-roi2,20250925,92,1,2,20250925_mem-mito,20250925_mem-mito,fish1,1.0,48.0,,600,20250925_mem-mito,2025-09-25,2025-09-25,casper/rnf,from Swinburne lab - tank ID 344 (F1 of allele 45385),pSWIN04,is04,,,nan,nan,nan,,nan,mStayGold(mitochondria),sheet,,2xCox8A:mSG,,
/clusterfs/vast/abcabc/Aang_Foundation/20250925_mem-mito/fish1_48hpf_roi3,20250925-plate92-slot1-roi3,20250925,92,1,3,20250925_mem-mito,20250925_mem-mito,fish1,1.0,48.0,,600,20250925_mem-mito,2025-09-25,2025-09-25,casper/rnf,from Swinburne lab - tank ID 344 (F1 of allele 45385),pSWIN04,is04,,,nan,nan,nan,,nan,mStayGold(mitochondria),sheet,,2xCox8A:mSG,,
/clusterfs/vast/abcabc/Aang_Foundation/20250925_mem-mito/fish3_48hpf_roi1,20250925-plate92-slot2-roi1,20250925,92,2,1,20250925_mem-mito,20250925_mem-mito,fish3,3.0,48.0,,600,20250925_mem-mito,2025-09-25,2025-09-25,casper/rnf,from Swinburne lab - tank ID 344 (F1 of allele 45385),pSWIN04,is04,,,nan,nan,nan,,nan,mStayGold(mitochondria),sheet,,2xCox8A:mSG,,
/clusterfs/vast/abcabc/Aang_Foundation/20250925_mem-mito/fish3_48hpf_roi2,20250925-plate92-slot2-roi2,20250925,92,2,2,20250925_mem-mito,20250925_mem-mito,fish3,3.0,48.0,,600,20250925_mem-mito,2025-09-25,2025-09-25,casper/rnf,from Swinburne lab - tank ID 344 (F1 of allele 45385),pSWIN04,is04,,,nan,nan,nan,,nan,mStayGold(mitochondria),sheet,,2xCox8A:mSG,,
/clusterfs/vast/abcabc/Aang_Foundation/20250925_mem-mito/fish3_48hpf_roi3,20250925-plate92-slot2-roi3,20250925,92,2,3,20250925_mem-mito,20250925_mem-mito,fish3,3.0,48.0,,600,20250925_mem-mito,2025-09-25,2025-09-25,casper/rnf,from Swinburne lab - tank ID 344 (F1 of allele 45385),pSWIN04,is04,,,nan,nan,nan,,nan,mStayGold(mitochondria),sheet,,2xCox8A:mSG,,
/clusterfs/vast/abcabc/Aang_Foundation/20250925_mem-mito/fish3_48hpf_roi4,20250925-plate92-slot2-roi4,20250925,92,2,4,20250925_mem-mito,20250925_mem-mito,fish3,3.0,48.0,,600,20250925_mem-mito,2025-09-25,2025-09-25,casper/rnf,from Swinburne lab - tank ID 344 (F1 of allele 45385),pSWIN04,is04,,,nan,nan,nan,,nan,mStayGold(mitochondria),sheet,,2xCox8A:mSG,,
/clusterfs/vast/abcabc/Aang_Foundation/20250926_mem-mito/fish1_48hpf_roi1,20250926-plate93-slot1-roi1,20250926,93,1,1,20250926_mem-mito,20250926_mem-mito,fish1,1.0,48.0,,335,20250926_mem-mito,2025-09-26,2025-09-26,casper/rnf,ef1a:2xLynk:tdmChilada (F1 of allele 315),pDQM082,315,,,tdmChilada,2xLynk,membrane,tdmChilada::2xLynk,membrane,tdmChilada(membrane)|mStayGold(mitochondria),sheet,,2xCox8A:mSG,,
/clusterfs/vast/abcabc/Aang_Foundation/20250926_mem-mito/fish1_48hpf_roi2,20250926-plate93-slot1-roi2,20250926,93,1,2,20250926_mem-mito,20250926_mem-mito,fish1,1.0,48.0,,600,20250926_mem-mito,2025-09-26,2025-09-26,casper/rnf,ef1a:2xLynk:tdmChilada (F1 of allele 315),pDQM082,315,,,tdmChilada,2xLynk,membrane,tdmChilada::2xLynk,membrane,tdmChilada(membrane)|mStayGold(mitochondria),sheet,,2xCox8A:mSG,,
/clusterfs/vast/abcabc/Aang_Foundation/20250926_mem-mito/fish1_48hpf_roi3,20250926-plate93-slot1-roi3,20250926,93,1,3,20250926_mem-mito,20250926_mem-mito,fish1,1.0,48.0,,600,20250926_mem-mito,2025-09-26,2025-09-26,casper/rnf,ef1a:2xLynk:tdmChilada (F1 of allele 315),pDQM082,315,,,tdmChilada,2xLynk,membrane,tdmChilada::2xLynk,membrane,tdmChilada(membrane)|mStayGold(mitochondria),sheet,,2xCox8A:mSG,,
/clusterfs/vast/abcabc/Aang_Foundation/20250926_mem-mito/fish1_48hpf_roi4,20250926-plate93-slot1-roi4,20250926,93,1,4,20250926_mem-mito,20250926_mem-mito,fish1,1.0,48.0,,600,20250926_mem-mito,2025-09-26,2025-09-26,casper/rnf,ef1a:2xLynk:tdmChilada (F1 of allele 315),pDQM082,315,,,tdmChilada,2xLynk,membrane,tdmChilada::2xLynk,membrane,tdmChilada(membrane)|mStayGold(mitochondria),sheet,,2xCox8A:mSG,,
/clusterfs/vast/abcabc/Aang_Foundation/20250926_mem-mito/fish2_48hpf_roi1,20250926-plate93-slot2-roi1,20250926,93,2,1,20250926_mem-mito,20250926_mem-mito,fish2,2.0,48.0,,600,20250926_mem-mito,2025-09-26,2025-09-26,casper/rnf,ef1a:2xLynk:tdmChilada (F1 of allele 315),pDQM082,315,,,tdmChilada,2xLynk,membrane,tdmChilada::2xLynk,membrane,tdmChilada(membrane)|mStayGold(mitochondria),sheet,,2xCox8A:mSG,,
/clusterfs/vast/abcabc/Aang_Foundation/20250926_mem-mito/fish2_48hpf_roi2,20250926-plate93-slot2-roi2,20250926,93,2,2,20250926_mem-mito,20250926_mem-mito,fish2,2.0,48.0,,600,20250926_mem-mito,2025-09-26,2025-09-26,casper/rnf,ef1a:2xLynk:tdmChilada (F1 of allele 315),pDQM082,315,,,tdmChilada,2xLynk,membrane,tdmChilada::2xLynk,membrane,tdmChilada(membrane)|mStayGold(mitochondria),sheet,,2xCox8A:mSG,,
/clusterfs/vast/abcabc/Aang_Foundation/20250926_mem-mito/fish2_48hpf_roi3,20250926-plate93-slot2-roi3,20250926,93,2,3,20250926_mem-mito,20250926_mem-mito,fish2,2.0,48.0,,600,20250926_mem-mito,2025-09-26,2025-09-26,casper/rnf,ef1a:2xLynk:tdmChilada (F1 of allele 315),pDQM082,315,,,tdmChilada,2xLynk,membrane,tdmChilada::2xLynk,membrane,tdmChilada(membrane)|mStayGold(mitochondria),sheet,,2xCox8A:mSG,,
/clusterfs/vast/abcabc/Aang_Foundation/20250926_mem-mito/fish2_48hpf_roi4,20250926-plate93-slot2-roi4,20250926,93,2,4,20250926_mem-mito,20250926_mem-mito,fish2,2.0,48.0,,407,20250926_mem-mito,2025-09-26,2025-09-26,casper/rnf,ef1a:2xLynk:tdmChilada (F1 of allele 315),pDQM082,315,,,tdmChilada,2xLynk,membrane,tdmChilada::2xLynk,membrane,tdmChilada(membrane)|mStayGold(mitochondria),sheet,,2xCox8A:mSG,,
/clusterfs/vast/abcabc/Aang_Foundation/20250926_mem-mito/fish3_48hpf_roi1,20250926-plate93-slot3-roi1,20250926,93,3,1,20250926_mem-mito,20250926_mem-mito,fish3,3.0,48.0,,600,20250926_mem-mito,2025-09-26,2025-09-26,casper/rnf,ef1a:2xLynk:tdmChilada (F1 of allele 315),pDQM082,315,,,tdmChilada,2xLynk,membrane,tdmChilada::2xLynk,membrane,tdmChilada(membrane)|mStayGold(mitochondria),sheet,,2xCox8A:mSG,,
/clusterfs/vast/abcabc/Aang_Foundation/20250926_mem-mito/fish3_48hpf_roi2,20250926-plate93-slot3-roi2,20250926,93,3,2,20250926_mem-mito,20250926_mem-mito,fish3,3.0,48.0,,600,20250926_mem-mito,2025-09-26,2025-09-26,casper/rnf,ef1a:2xLynk:tdmChilada (F1 of allele 315),pDQM082,315,,,tdmChilada,2xLynk,membrane,tdmChilada::2xLynk,membrane,tdmChilada(membrane)|mStayGold(mitochondria),sheet,,2xCox8A:mSG,,
/clusterfs/vast/abcabc/Aang_Foundation/20250926_mem-mito/fish3_48hpf_roi3,20250926-plate93-slot3-roi3,20250926,93,3,3,20250926_mem-mito,20250926_mem-mito,fish3,3.0,48.0,,600,20250926_mem-mito,2025-09-26,2025-09-26,casper/rnf,ef1a:2xLynk:tdmChilada (F1 of allele 315),pDQM082,315,,,tdmChilada,2xLynk,membrane,tdmChilada::2xLynk,membrane,tdmChilada(membrane)|mStayGold(mitochondria),sheet,,2xCox8A:mSG,,
/clusterfs/vast/abcabc/Aang_Foundation/20250926_mem-mito/fish3_48hpf_roi4,20250926-plate93-slot3-roi4,20250926,93,3,4,20250926_mem-mito,20250926_mem-mito,fish3,3.0,48.0,,600,20250926_mem-mito,2025-09-26,2025-09-26,casper/rnf,ef1a:2xLynk:tdmChilada (F1 of allele 315),pDQM082,315,,,tdmChilada,2xLynk,membrane,tdmChilada::2xLynk,membrane,tdmChilada(membrane)|mStayGold(mitochondria),sheet,,2xCox8A:mSG,,
/clusterfs/vast/abcabc/Aang_Foundation/20250926_mem-mito/fish_48hpf_roi1,20250926-plate93-slot4-roi1,20250926,93,4,1,20250926_mem-mito,20250926_mem-mito,fish_48hpf_roi1,,48.0,,600,20250926_mem-mito,2025-09-26,2025-09-26,casper/rnf,ef1a:2xLynk:tdmChilada (F1 of allele 315),pDQM082,315,,,tdmChilada,2xLynk,membrane,tdmChilada::2xLynk,membrane,tdmChilada(membrane)|mStayGold(mitochondria),sheet,,2xCox8A:mSG,,
/clusterfs/vast/abcabc/Aang_Foundation/20250926_mem-mito/fish_48hpf_roi2,20250926-plate93-slot5-roi1,20250926,93,5,1,20250926_mem-mito,20250926_mem-mito,fish_48hpf_roi2,,48.0,,600,20250926_mem-mito,2025-09-26,2025-09-26,casper/rnf,ef1a:2xLynk:tdmChilada (F1 of allele 315),pDQM082,315,,,tdmChilada,2xLynk,membrane,tdmChilada::2xLynk,membrane,tdmChilada(membrane)|mStayGold(mitochondria),sheet,,2xCox8A:mSG,,
/clusterfs/vast/abcabc/Aang_Foundation/20250926_mem-mito/fish_48hpf_roi3,20250926-plate93-slot6-roi1,20250926,93,6,1,20250926_mem-mito,20250926_mem-mito,fish_48hpf_roi3,,48.0,,600,20250926_mem-mito,2025-09-26,2025-09-26,casper/rnf,ef1a:2xLynk:tdmChilada (F1 of allele 315),pDQM082,315,,,tdmChilada,2xLynk,membrane,tdmChilada::2xLynk,membrane,tdmChilada(membrane)|mStayGold(mitochondria),sheet,,2xCox8A:mSG,,
/clusterfs/vast/abcabc/Aang_Foundation/20250926_mem-mito/fish_48hpf_roi4,20250926-plate94-slot1-roi1,20250926,94,1,1,20250926_mem-mito,20250926_mem-mito,fish_48hpf_roi4,,48.0,,600,20250926_mem-mito,2025-09-26,2025-09-26,casper/rnf,ef1a:2xLynk:tdmChilada (F1 of allele 315),pDQM082,315,,,tdmChilada,2xLynk,membrane,tdmChilada::2xLynk,membrane,tdmChilada(membrane)|mStayGold(mitochondria),sheet,,2xCox8A:mSG,,
/clusterfs/vast/abcabc/Aang_Foundation/20251001_mem-histone/fish1_24hpf_roi1,20251001-plate95-slot1-roi1,20251001,95,1,1,20251001_mem-histone,20251001_mem-histone,fish1,1.0,24.0,,2340,20251001_mem-histone,2025-10-01,2025-10-01,ef1a:2xLynk:tdmSG(J) (F1 of allele 301),tdmScarlet3S2:H2B-tol2 (F1 of allele 324),pDQM005|pDQM133,301|324,,,tdmSG|tdmScarlet3,2xLynk|H2B,membrane|histone,tdmSG::2xLynk|tdmScarlet3::H2B,membrane|histone,tdmSG(membrane)|tdmScarlet3(histone),sheet,,,,
/clusterfs/vast/abcabc/Aang_Foundation/20251001_mem-histone/fish1_24hpf_roi2,20251001-plate95-slot1-roi2,20251001,95,1,2,20251001_mem-histone,20251001_mem-histone,fish1,1.0,24.0,,1920,20251001_mem-histone,2025-10-01,2025-10-01,ef1a:2xLynk:tdmSG(J) (F1 of allele 301),tdmScarlet3S2:H2B-tol2 (F1 of allele 324),pDQM005|pDQM133,301|324,,,tdmSG|tdmScarlet3,2xLynk|H2B,membrane|histone,tdmSG::2xLynk|tdmScarlet3::H2B,membrane|histone,tdmSG(membrane)|tdmScarlet3(histone),sheet,,,,
/clusterfs/vast/abcabc/Aang_Foundation/20251001_mem-histone/fish2_24hpf_roi1,20251001-plate95-slot2-roi1,20251001,95,2,1,20251001_mem-histone,20251001_mem-histone,fish2,2.0,24.0,,1920,20251001_mem-histone,2025-10-01,2025-10-01,ef1a:2xLynk:tdmSG(J) (F1 of allele 301),tdmScarlet3S2:H2B-tol2 (F1 of allele 324),pDQM005|pDQM133,301|324,,,tdmSG|tdmScarlet3,2xLynk|H2B,membrane|histone,tdmSG::2xLynk|tdmScarlet3::H2B,membrane|histone,tdmSG(membrane)|tdmScarlet3(histone),sheet,,,,
/clusterfs/vast/abcabc/Aang_Foundation/20251001_mem-histone/fish2_24hpf_roi2,20251001-plate95-slot2-roi2,20251001,95,2,2,20251001_mem-histone,20251001_mem-histone,fish2,2.0,24.0,,1920,20251001_mem-histone,2025-10-01,2025-10-01,ef1a:2xLynk:tdmSG(J) (F1 of allele 301),tdmScarlet3S2:H2B-tol2 (F1 of allele 324),pDQM005|pDQM133,301|324,,,tdmSG|tdmScarlet3,2xLynk|H2B,membrane|histone,tdmSG::2xLynk|tdmScarlet3::H2B,membrane|histone,tdmSG(membrane)|tdmScarlet3(histone),sheet,,,,
/clusterfs/vast/abcabc/Aang_Foundation/20251001_mem-histone/fish2_24hpf_roi3,20251001-plate95-slot2-roi3,20251001,95,2,3,20251001_mem-histone,20251001_mem-histone,fish2,2.0,24.0,,1920,20251001_mem-histone,2025-10-01,2025-10-01,ef1a:2xLynk:tdmSG(J) (F1 of allele 301),tdmScarlet3S2:H2B-tol2 (F1 of allele 324),pDQM005|pDQM133,301|324,,,tdmSG|tdmScarlet3,2xLynk|H2B,membrane|histone,tdmSG::2xLynk|tdmScarlet3::H2B,membrane|histone,tdmSG(membrane)|tdmScarlet3(histone),sheet,,,,
/clusterfs/vast/abcabc/Aang_Foundation/20251001_mem-histone/fish4_24hpf_roi1,20251001-plate95-slot3-roi1,20251001,95,3,1,20251001_mem-histone,20251001_mem-histone,fish4,4.0,24.0,,1920,20251001_mem-histone,2025-10-01,2025-10-01,ef1a:2xLynk:tdmSG(J) (F1 of allele 301),tdmScarlet3S2:H2B-tol2 (F1 of allele 324),pDQM005|pDQM133,301|324,,,tdmSG|tdmScarlet3,2xLynk|H2B,membrane|histone,tdmSG::2xLynk|tdmScarlet3::H2B,membrane|histone,tdmSG(membrane)|tdmScarlet3(histone),sheet,,,,
/clusterfs/vast/abcabc/Aang_Foundation/20251001_mem-histone/fish4_24hpf_roi2,20251001-plate95-slot3-roi2,20251001,95,3,2,20251001_mem-histone,20251001_mem-histone,fish4,4.0,24.0,,1920,20251001_mem-histone,2025-10-01,2025-10-01,ef1a:2xLynk:tdmSG(J) (F1 of allele 301),tdmScarlet3S2:H2B-tol2 (F1 of allele 324),pDQM005|pDQM133,301|324,,,tdmSG|tdmScarlet3,2xLynk|H2B,membrane|histone,tdmSG::2xLynk|tdmScarlet3::H2B,membrane|histone,tdmSG(membrane)|tdmScarlet3(histone),sheet,,,,
/clusterfs/vast/abcabc/Aang_Foundation/20251001_mem-histone/fish5_24hpf_roi1,20251001-plate95-slot4-roi1,20251001,95,4,1,20251001_mem-histone,20251001_mem-histone,fish5,5.0,24.0,,1920,20251001_mem-histone,2025-10-01,2025-10-01,ef1a:2xLynk:tdmSG(J) (F1 of allele 301),tdmScarlet3S2:H2B-tol2 (F1 of allele 324),pDQM005|pDQM133,301|324,,,tdmSG|tdmScarlet3,2xLynk|H2B,membrane|histone,tdmSG::2xLynk|tdmScarlet3::H2B,membrane|histone,tdmSG(membrane)|tdmScarlet3(histone),sheet,,,,
/clusterfs/vast/abcabc/Aang_Foundation/20251001_mem-histone/fish5_24hpf_roi2,20251001-plate95-slot4-roi2,20251001,95,4,2,20251001_mem-histone,20251001_mem-histone,fish5,5.0,24.0,,1920,20251001_mem-histone,2025-10-01,2025-10-01,ef1a:2xLynk:tdmSG(J) (F1 of allele 301),tdmScarlet3S2:H2B-tol2 (F1 of allele 324),pDQM005|pDQM133,301|324,,,tdmSG|tdmScarlet3,2xLynk|H2B,membrane|histone,tdmSG::2xLynk|tdmScarlet3::H2B,membrane|histone,tdmSG(membrane)|tdmScarlet3(histone),sheet,,,,
/clusterfs/vast/abcabc/Aang_Foundation/20251001_mem-histone/fish5_24hpf_roi3,20251001-plate95-slot4-roi3,20251001,95,4,3,20251001_mem-histone,20251001_mem-histone,fish5,5.0,24.0,,1920,20251001_mem-histone,2025-10-01,2025-10-01,ef1a:2xLynk:tdmSG(J) (F1 of allele 301),tdmScarlet3S2:H2B-tol2 (F1 of allele 324),pDQM005|pDQM133,301|324,,,tdmSG|tdmScarlet3,2xLynk|H2B,membrane|histone,tdmSG::2xLynk|tdmScarlet3::H2B,membrane|histone,tdmSG(membrane)|tdmScarlet3(histone),sheet,,,,
/clusterfs/vast/abcabc/Aang_Foundation/20251001_mem-histone/fish5_24hpf_roi4,20251001-plate95-slot4-roi4,20251001,95,4,4,20251001_mem-histone,20251001_mem-histone,fish5,5.0,24.0,,1920,20251001_mem-histone,2025-10-01,2025-10-01,ef1a:2xLynk:tdmSG(J) (F1 of allele 301),tdmScarlet3S2:H2B-tol2 (F1 of allele 324),pDQM005|pDQM133,301|324,,,tdmSG|tdmScarlet3,2xLynk|H2B,membrane|histone,tdmSG::2xLynk|tdmScarlet3::H2B,membrane|histone,tdmSG(membrane)|tdmScarlet3(histone),sheet,,,,
/clusterfs/vast/abcabc/Aang_Foundation/20251002_mem_mito/fish10_24hpf_roi1,20251002-plate96-slot2-roi1,20251002,96,2,1,20251002_mem_mito,20251002_mem_mito,fish10,10.0,24.0,,272,20251002_mem_mito,2025-10-02,2025-10-02,,,,,,,,,,,,,inferred,,,,
/clusterfs/vast/abcabc/Aang_Foundation/20251002_mem_mito/fish10_24hpf_roi2,20251002-plate96-slot2-roi2,20251002,96,2,2,20251002_mem_mito,20251002_mem_mito,fish10,10.0,24.0,,272,20251002_mem_mito,2025-10-02,2025-10-02,,,,,,,,,,,,,inferred,,,,
/clusterfs/vast/abcabc/Aang_Foundation/20251002_mem_mito/fish11_24hpf_roi1,20251002-plate96-slot3-roi1,20251002,96,3,1,20251002_mem_mito,20251002_mem_mito,fish11,11.0,24.0,,400,20251002_mem_mito,2025-10-02,2025-10-02,,,,,,,,,,,,,inferred,,,,
/clusterfs/vast/abcabc/Aang_Foundation/20251002_mem_mito/fish11_24hpf_roi2,20251002-plate96-slot3-roi2,20251002,96,3,2,20251002_mem_mito,20251002_mem_mito,fish11,11.0,24.0,,400,20251002_mem_mito,2025-10-02,2025-10-02,,,,,,,,,,,,,inferred,,,,
/clusterfs/vast/abcabc/Aang_Foundation/20251002_mem_mito/fish11_24hpf_roi3,20251002-plate96-slot3-roi3,20251002,96,3,3,20251002_mem_mito,20251002_mem_mito,fish11,11.0,24.0,,400,20251002_mem_mito,2025-10-02,2025-10-02,,,,,,,,,,,,,inferred,,,,
/clusterfs/vast/abcabc/Aang_Foundation/20251002_mem_mito/fish12_24hpf_roi1,20251002-plate96-slot4-roi1,20251002,96,4,1,20251002_mem_mito,20251002_mem_mito,fish12,12.0,24.0,,400,20251002_mem_mito,2025-10-02,2025-10-02,,,,,,,,,,,,,inferred,,,,
/clusterfs/vast/abcabc/Aang_Foundation/20251002_mem_mito/fish12_24hpf_roi2,20251002-plate96-slot4-roi2,20251002,96,4,2,20251002_mem_mito,20251002_mem_mito,fish12,12.0,24.0,,400,20251002_mem_mito,2025-10-02,2025-10-02,,,,,,,,,,,,,inferred,,,,
/clusterfs/vast/abcabc/Aang_Foundation/20251002_mem_mito/fish12_24hpf_roi3,20251002-plate96-slot4-roi3,20251002,96,4,3,20251002_mem_mito,20251002_mem_mito,fish12,12.0,24.0,,400,20251002_mem_mito,2025-10-02,2025-10-02,,,,,,,,,,,,,inferred,,,,
/clusterfs/vast/abcabc/Aang_Foundation/20251002_mem_mito/fish12_24hpf_roi4,20251002-plate96-slot4-roi4,20251002,96,4,4,20251002_mem_mito,20251002_mem_mito,fish12,12.0,24.0,,400,20251002_mem_mito,2025-10-02,2025-10-02,,,,,,,,,,,,,inferred,,,,
/clusterfs/vast/abcabc/Aang_Foundation/20251002_mem_mito/fish1_24hpf_roi1,20251002-plate96-slot1-roi1,20251002,96,1,1,20251002_mem_mito,20251002_mem_mito,fish1,1.0,24.0,,333,20251002_mem_mito,2025-10-02,2025-10-02,,,,,,,,,,,,,inferred,,,,
/clusterfs/vast/abcabc/Aang_Foundation/20251002_mem_mito/fish3_24hpf_roi1,20251002-plate96-slot5-roi1,20251002,96,5,1,20251002_mem_mito,20251002_mem_mito,fish3,3.0,24.0,,277,20251002_mem_mito,2025-10-02,2025-10-02,,,,,,,,,,,,,inferred,,,,
/clusterfs/vast/abcabc/Aang_Foundation/20251002_mem_mito/fish3_24hpf_roi2,20251002-plate96-slot5-roi2,20251002,96,5,2,20251002_mem_mito,20251002_mem_mito,fish3,3.0,24.0,,144,20251002_mem_mito,2025-10-02,2025-10-02,,,,,,,,,,,,,inferred,,,,
/clusterfs/vast/abcabc/Aang_Foundation/20251002_mem_mito/fish5_24hpf_roi1,20251002-plate96-slot6-roi1,20251002,96,6,1,20251002_mem_mito,20251002_mem_mito,fish5,5.0,24.0,,144,20251002_mem_mito,2025-10-02,2025-10-02,,,,,,,,,,,,,inferred,,,,
/clusterfs/vast/abcabc/Aang_Foundation/20251002_mem_mito/fish5_24hpf_roi2,20251002-plate96-slot6-roi2,20251002,96,6,2,20251002_mem_mito,20251002_mem_mito,fish5,5.0,24.0,,144,20251002_mem_mito,2025-10-02,2025-10-02,,,,,,,,,,,,,inferred,,,,
/clusterfs/vast/abcabc/Aang_Foundation/20251002_mem_mito/fish5_24hpf_roi3,20251002-plate96-slot6-roi3,20251002,96,6,3,20251002_mem_mito,20251002_mem_mito,fish5,5.0,24.0,,144,20251002_mem_mito,2025-10-02,2025-10-02,,,,,,,,,,,,,inferred,,,,
/clusterfs/vast/abcabc/Aang_Foundation/20251002_mem_mito/fish6_24hpf_roi1,20251002-plate97-slot1-roi1,20251002,97,1,1,20251002_mem_mito,20251002_mem_mito,fish6,6.0,24.0,,408,20251002_mem_mito,2025-10-02,2025-10-02,,,,,,,,,,,,,inferred,,,,
/clusterfs/vast/abcabc/Aang_Foundation/20251002_mem_mito/fish6_24hpf_roi2,20251002-plate97-slot1-roi2,20251002,97,1,2,20251002_mem_mito,20251002_mem_mito,fish6,6.0,24.0,,408,20251002_mem_mito,2025-10-02,2025-10-02,,,,,,,,,,,,,inferred,,,,
/clusterfs/vast/abcabc/Aang_Foundation/20251002_mem_mito/fish6_24hpf_roi3,20251002-plate97-slot1-roi3,20251002,97,1,3,20251002_mem_mito,20251002_mem_mito,fish6,6.0,24.0,,238,20251002_mem_mito,2025-10-02,2025-10-02,,,,,,,,,,,,,inferred,,,,
/clusterfs/vast/abcabc/Aang_Foundation/20251002_mem_mito/fish7_24hpf_roi1,20251002-plate97-slot2-roi1,20251002,97,2,1,20251002_mem_mito,20251002_mem_mito,fish7,7.0,24.0,,272,20251002_mem_mito,2025-10-02,2025-10-02,,,,,,,,,,,,,inferred,,,,
/clusterfs/vast/abcabc/Aang_Foundation/20251002_mem_mito/fish7_24hpf_roi2,20251002-plate97-slot2-roi2,20251002,97,2,2,20251002_mem_mito,20251002_mem_mito,fish7,7.0,24.0,,272,20251002_mem_mito,2025-10-02,2025-10-02,,,,,,,,,,,,,inferred,,,,
/clusterfs/vast/abcabc/Aang_Foundation/20251002_mem_mito/fish8_24hpf_roi1,20251002-plate97-slot3-roi1,20251002,97,3,1,20251002_mem_mito,20251002_mem_mito,fish8,8.0,24.0,,272,20251002_mem_mito,2025-10-02,2025-10-02,,,,,,,,,,,,,inferred,,,,
/clusterfs/vast/abcabc/Aang_Foundation/20251002_mem_mito/fish8_24hpf_roi2,20251002-plate97-slot3-roi2,20251002,97,3,2,20251002_mem_mito,20251002_mem_mito,fish8,8.0,24.0,,272,20251002_mem_mito,2025-10-02,2025-10-02,,,,,,,,,,,,,inferred,,,,
/clusterfs/vast/abcabc/Aang_Foundation/20251002_mem_mito/fish9_24hpf_roi1,20251002-plate97-slot4-roi1,20251002,97,4,1,20251002_mem_mito,20251002_mem_mito,fish9,9.0,24.0,,408,20251002_mem_mito,2025-10-02,2025-10-02,,,,,,,,,,,,,inferred,,,,
/clusterfs/vast/abcabc/Aang_Foundation/20251002_mem_mito/fish9_24hpf_roi2,20251002-plate97-slot4-roi2,20251002,97,4,2,20251002_mem_mito,20251002_mem_mito,fish9,9.0,24.0,,408,20251002_mem_mito,2025-10-02,2025-10-02,,,,,,,,,,,,,inferred,,,,
/clusterfs/vast/abcabc/Aang_Foundation/20251003_mem_tester/fish1_48hpf_xscan_roi1_brain,20251003-plate98-slot1-roi1,20251003,98,1,1,20251003_mem_tester,20251003_mem_tester,fish1,1.0,48.0,brain,31,20251003_mem_tester,2025-10-03,2025-10-03,,,,,,,,,,,,,inferred,,,,
/clusterfs/vast/abcabc/Aang_Foundation/20251003_mem_tester/fish1_48hpf_xscan_roi2_spine_muscle,20251003-plate98-slot1-roi2,20251003,98,1,2,20251003_mem_tester,20251003_mem_tester,fish1,1.0,48.0,spine|muscle,20,20251003_mem_tester,2025-10-03,2025-10-03,,,,,,,,,,,,,inferred,,,,
/clusterfs/vast/abcabc/Aang_Foundation/20251003_mem_tester/fish1_48hpf_xscan_roi3_spine_muscle_tail,20251003-plate98-slot1-roi3,20251003,98,1,3,20251003_mem_tester,20251003_mem_tester,fish1,1.0,48.0,spine|muscle|tail,20,20251003_mem_tester,2025-10-03,2025-10-03,,,,,,,,,,,,,inferred,,,,
/clusterfs/vast/abcabc/Aang_Foundation/20251003_mem_tester/fish1_48hpf_xscan_roi4_spine_muscle_tail,20251003-plate98-slot1-roi4,20251003,98,1,4,20251003_mem_tester,20251003_mem_tester,fish1,1.0,48.0,spine|muscle|tail,20,20251003_mem_tester,2025-10-03,2025-10-03,,,,,,,,,,,,,inferred,,,,
/clusterfs/vast/abcabc/Aang_Foundation/20251003_mem_tester/fish1_48hpf_xscan_roi5_spine_muscle_tail,20251003-plate98-slot1-roi5,20251003,98,1,5,20251003_mem_tester,20251003_mem_tester,fish1,1.0,48.0,spine|muscle|tail,20,20251003_mem_tester,2025-10-03,2025-10-03,,,,,,,,,,,,,inferred,,,,
/clusterfs/vast/abcabc/Aang_Foundation/20251003_mem_tester/fish1_48hpf_xscan_roi6_spine_muscle_tail,20251003-plate98-slot1-roi6,20251003,98,1,6,20251003_mem_tester,20251003_mem_tester,fish1,1.0,48.0,spine|muscle|tail,20,20251003_mem_tester,2025-10-03,2025-10-03,,,,,,,,,,,,,inferred,,,,
/clusterfs/vast/abcabc/Aang_Foundation/20251003_mem_tester/fish1_48hpf_xscan_roi7_spine_muscle_tail,20251003-plate98-slot1-roi7,20251003,98,1,7,20251003_mem_tester,20251003_mem_tester,fish1,1.0,48.0,spine|muscle|tail,20,20251003_mem_tester,2025-10-03,2025-10-03,,,,,,,,,,,,,inferred,,,,
/clusterfs/vast/abcabc/Aang_Foundation/20251006_mem_histone/fish1_24hpf_roi1,20251006-plate99-slot1-roi1,20251006,99,1,1,20251006_mem_histone,20251006_mem_histone,fish1,1.0,24.0,,1280,20251006_mem_histone,2025-10-06,2025-10-06,,,,,,,,,,,,,inferred,,,,
/clusterfs/vast/abcabc/Aang_Foundation/20251006_mem_histone/fish1_24hpf_roi2,20251006-plate99-slot1-roi2,20251006,99,1,2,20251006_mem_histone,20251006_mem_histone,fish1,1.0,24.0,,1280,20251006_mem_histone,2025-10-06,2025-10-06,,,,,,,,,,,,,inferred,,,,
/clusterfs/vast/abcabc/Aang_Foundation/20251006_mem_histone/fish1_24hpf_roi3,20251006-plate99-slot1-roi3,20251006,99,1,3,20251006_mem_histone,20251006_mem_histone,fish1,1.0,24.0,,1280,20251006_mem_histone,2025-10-06,2025-10-06,,,,,,,,,,,,,inferred,,,,
/clusterfs/vast/abcabc/Aang_Foundation/20251006_mem_histone/fish1_24hpf_roi4,20251006-plate99-slot1-roi4,20251006,99,1,4,20251006_mem_histone,20251006_mem_histone,fish1,1.0,24.0,,1280,20251006_mem_histone,2025-10-06,2025-10-06,,,,,,,,,,,,,inferred,,,,
/clusterfs/vast/abcabc/Aang_Foundation/20251006_mem_histone/fish3_24hpf_roi1,20251006-plate99-slot2-roi1,20251006,99,2,1,20251006_mem_histone,20251006_mem_histone,fish3,3.0,24.0,,1024,20251006_mem_histone,2025-10-06,2025-10-06,,,,,,,,,,,,,inferred,,,,
/clusterfs/vast/abcabc/Aang_Foundation/20251006_mem_histone/fish3_24hpf_roi2,20251006-plate99-slot2-roi2,20251006,99,2,2,20251006_mem_histone,20251006_mem_histone,fish3,3.0,24.0,,1024,20251006_mem_histone,2025-10-06,2025-10-06,,,,,,,,,,,,,inferred,,,,
/clusterfs/vast/abcabc/Aang_Foundation/20251006_mem_histone/fish4_24hpf_roi1,20251006-plate99-slot3-roi1,20251006,99,3,1,20251006_mem_histone,20251006_mem_histone,fish4,4.0,24.0,,1024,20251006_mem_histone,2025-10-06,2025-10-06,,,,,,,,,,,,,inferred,,,,
/clusterfs/vast/abcabc/Aang_Foundation/20251006_mem_histone/fish4_24hpf_roi2,20251006-plate99-slot3-roi2,20251006,99,3,2,20251006_mem_histone,20251006_mem_histone,fish4,4.0,24.0,,1024,20251006_mem_histone,2025-10-06,2025-10-06,,,,,,,,,,,,,inferred,,,,
/clusterfs/vast/abcabc/Aang_Foundation/20251006_mem_histone/fish4_24hpf_roi3,20251006-plate99-slot3-roi3,20251006,99,3,3,20251006_mem_histone,20251006_mem_histone,fish4,4.0,24.0,,1024,20251006_mem_histone,2025-10-06,2025-10-06,,,,,,,,,,,,,inferred,,,,
/clusterfs/vast/abcabc/Aang_Foundation/20251006_mem_histone/fish6_24hpf_roi1,20251006-plate99-slot4-roi1,20251006,99,4,1,20251006_mem_histone,20251006_mem_histone,fish6,6.0,24.0,,1024,20251006_mem_histone,2025-10-06,2025-10-06,,,,,,,,,,,,,inferred,,,,
/clusterfs/vast/abcabc/Aang_Foundation/20251006_mem_histone/fish6_24hpf_roi2,20251006-plate99-slot4-roi2,20251006,99,4,2,20251006_mem_histone,20251006_mem_histone,fish6,6.0,24.0,,1024,20251006_mem_histone,2025-10-06,2025-10-06,,,,,,,,,,,,,inferred,,,,
/clusterfs/vast/abcabc/Aang_Foundation/20251007_mem_histone/fish2_48hpf_roi1,20251007-plate100-slot1-roi1,20251007,100,1,1,20251007_mem_histone,20251007_mem_histone,fish2,2.0,48.0,,1024,20251007_mem_histone,2025-10-07,2025-10-07,,,,,,,,,,,,,inferred,,,,
/clusterfs/vast/abcabc/Aang_Foundation/20251007_mem_histone/fish2_48hpf_roi2,20251007-plate100-slot1-roi2,20251007,100,1,2,20251007_mem_histone,20251007_mem_histone,fish2,2.0,48.0,,46,20251007_mem_histone,2025-10-07,2025-10-07,,,,,,,,,,,,,inferred,,,,
/clusterfs/vast/abcabc/Aang_Foundation/20251007_mem_histone/fish2_48hpf_roi2_test,20251007-plate100-slot1-roi3,20251007,100,1,3,20251007_mem_histone,20251007_mem_histone,fish2,2.0,48.0,test,70,20251007_mem_histone,2025-10-07,2025-10-07,,,,,,,,,,,,,inferred,,,,
/clusterfs/vast/abcabc/Aang_Foundation/20251007_mem_histone/fish2_48hpf_roi3,20251007-plate100-slot1-roi4,20251007,100,1,4,20251007_mem_histone,20251007_mem_histone,fish2,2.0,48.0,,1024,20251007_mem_histone,2025-10-07,2025-10-07,,,,,,,,,,,,,inferred,,,,
/clusterfs/vast/abcabc/Aang_Foundation/20251007_mem_histone/fish2_48hpf_roi4,20251007-plate100-slot1-roi5,20251007,100,1,5,20251007_mem_histone,20251007_mem_histone,fish2,2.0,48.0,,1024,20251007_mem_histone,2025-10-07,2025-10-07,,,,,,,,,,,,,inferred,,,,
/clusterfs/vast/abcabc/Aang_Foundation/20251007_mem_histone/fish2_48hpf_roi5,20251007-plate100-slot1-roi6,20251007,100,1,6,20251007_mem_histone,20251007_mem_histone,fish2,2.0,48.0,,1024,20251007_mem_histone,2025-10-07,2025-10-07,,,,,,,,,,,,,inferred,,,,
/clusterfs/vast/abcabc/Aang_Foundation/20251007_mem_histone/fish3_48hpf_roi1,20251007-plate100-slot2-roi1,20251007,100,2,1,20251007_mem_histone,20251007_mem_histone,fish3,3.0,48.0,,1024,20251007_mem_histone,2025-10-07,2025-10-07,,,,,,,,,,,,,inferred,,,,
/clusterfs/vast/abcabc/Aang_Foundation/20251009_mem-mito/fish3_48hpf_roi1,20251009-plate101-slot1-roi1,20251009,101,1,1,20251009_mem-mito,20251009_mem-mito,fish3,3.0,48.0,,271,20251009_mem-mito,2025-10-09,2025-10-09,,,,,,,,,,,,,inferred,,,,
/clusterfs/vast/abcabc/Aang_Foundation/20251009_mem-mito/fish3_48hpf_roi2,20251009-plate101-slot1-roi2,20251009,101,1,2,20251009_mem-mito,20251009_mem-mito,fish3,3.0,48.0,,408,20251009_mem-mito,2025-10-09,2025-10-09,,,,,,,,,,,,,inferred,,,,
/clusterfs/vast/abcabc/Aang_Foundation/20251009_mem-mito/fish3_48hpf_roi3,20251009-plate101-slot1-roi3,20251009,101,1,3,20251009_mem-mito,20251009_mem-mito,fish3,3.0,48.0,,408,20251009_mem-mito,2025-10-09,2025-10-09,,,,,,,,,,,,,inferred,,,,
/clusterfs/vast/abcabc/Aang_Foundation/20251009_mem-mito/fish3_48hpf_roi4,20251009-plate101-slot1-roi4,20251009,101,1,4,20251009_mem-mito,20251009_mem-mito,fish3,3.0,48.0,,408,20251009_mem-mito,2025-10-09,2025-10-09,,,,,,,,,,,,,inferred,,,,
/clusterfs/vast/abcabc/Aang_Foundation/20251010_mem-mito/fish1_24hpf_roi1,20251009-plate102-slot1-roi1,20251009,102,1,1,20251010_mem-mito,20251010_mem-mito,fish1,1.0,24.0,,1024,20251010_mem-mito,2025-10-10,2025-10-09,ef1a:2xLynk:tdmChilada (F1 of allele 315),casper/rnf,pDQM082,315,,,tdmChilada,2xLynk,membrane,tdmChilada::2xLynk,membrane,tdmChilada(membrane),sheet,MGCO-28(ef1a-extended-2Xcox8A-linker-mStayGold-SV40-attb-tol2),,,
/clusterfs/vast/abcabc/Aang_Foundation/20251010_mem-mito/fish1_24hpf_roi2,20251009-plate102-slot1-roi2,20251009,102,1,2,20251010_mem-mito,20251010_mem-mito,fish1,1.0,24.0,,1024,20251010_mem-mito,2025-10-10,2025-10-09,ef1a:2xLynk:tdmChilada (F1 of allele 315),casper/rnf,pDQM082,315,,,tdmChilada,2xLynk,membrane,tdmChilada::2xLynk,membrane,tdmChilada(membrane),sheet,MGCO-28(ef1a-extended-2Xcox8A-linker-mStayGold-SV40-attb-tol2),,,
/clusterfs/vast/abcabc/Aang_Foundation/20251010_mem-mito/fish2_24hpf_roi1,20251009-plate102-slot2-roi1,20251009,102,2,1,20251010_mem-mito,20251010_mem-mito,fish2,2.0,24.0,,4608,20251010_mem-mito,2025-10-10,2025-10-09,ef1a:2xLynk:tdmChilada (F1 of allele 315),casper/rnf,pDQM082,315,,,tdmChilada,2xLynk,membrane,tdmChilada::2xLynk,membrane,tdmChilada(membrane),sheet,MGCO-28(ef1a-extended-2Xcox8A-linker-mStayGold-SV40-attb-tol2),,,
/clusterfs/vast/abcabc/Aang_Foundation/20251010_mem-mito/fish2_24hpf_roi2,20251009-plate102-slot2-roi2,20251009,102,2,2,20251010_mem-mito,20251010_mem-mito,fish2,2.0,24.0,,4608,20251010_mem-mito,2025-10-10,2025-10-09,ef1a:2xLynk:tdmChilada (F1 of allele 315),casper/rnf,pDQM082,315,,,tdmChilada,2xLynk,membrane,tdmChilada::2xLynk,membrane,tdmChilada(membrane),sheet,MGCO-28(ef1a-extended-2Xcox8A-linker-mStayGold-SV40-attb-tol2),,,
/clusterfs/vast/abcabc/Aang_Foundation/20251010_mem-mito/fish3_24hpf_roi1,20251009-plate102-slot3-roi1,20251009,102,3,1,20251010_mem-mito,20251010_mem-mito,fish3,3.0,24.0,,4608,20251010_mem-mito,2025-10-10,2025-10-09,ef1a:2xLynk:tdmChilada (F1 of allele 315),casper/rnf,pDQM082,315,,,tdmChilada,2xLynk,membrane,tdmChilada::2xLynk,membrane,tdmChilada(membrane),sheet,MGCO-28(ef1a-extended-2Xcox8A-linker-mStayGold-SV40-attb-tol2),,,
/clusterfs/vast/abcabc/Aang_Foundation/20251010_mem-mito/fish3_24hpf_roi2,20251009-plate102-slot3-roi2,20251009,102,3,2,20251010_mem-mito,20251010_mem-mito,fish3,3.0,24.0,,4608,20251010_mem-mito,2025-10-10,2025-10-09,ef1a:2xLynk:tdmChilada (F1 of allele 315),casper/rnf,pDQM082,315,,,tdmChilada,2xLynk,membrane,tdmChilada::2xLynk,membrane,tdmChilada(membrane),sheet,MGCO-28(ef1a-extended-2Xcox8A-linker-mStayGold-SV40-attb-tol2),,,
/clusterfs/vast/abcabc/Aang_Foundation/20251010_mem-mito/fish4_24hpf_roi1,20251009-plate102-slot4-roi1,20251009,102,4,1,20251010_mem-mito,20251010_mem-mito,fish4,4.0,24.0,,4608,20251010_mem-mito,2025-10-10,2025-10-09,ef1a:2xLynk:tdmChilada (F1 of allele 315),casper/rnf,pDQM082,315,,,tdmChilada,2xLynk,membrane,tdmChilada::2xLynk,membrane,tdmChilada(membrane),sheet,MGCO-28(ef1a-extended-2Xcox8A-linker-mStayGold-SV40-attb-tol2),,,
/clusterfs/vast/abcabc/Aang_Foundation/20251010_mem-mito/fish4_24hpf_roi2,20251009-plate102-slot4-roi2,20251009,102,4,2,20251010_mem-mito,20251010_mem-mito,fish4,4.0,24.0,,4608,20251010_mem-mito,2025-10-10,2025-10-09,ef1a:2xLynk:tdmChilada (F1 of allele 315),casper/rnf,pDQM082,315,,,tdmChilada,2xLynk,membrane,tdmChilada::2xLynk,membrane,tdmChilada(membrane),sheet,MGCO-28(ef1a-extended-2Xcox8A-linker-mStayGold-SV40-attb-tol2),,,
/clusterfs/vast/abcabc/Aang_Foundation/20251010_mem-mito/fish5_24hpf_roi1,20251009-plate102-slot5-roi1,20251009,102,5,1,20251010_mem-mito,20251010_mem-mito,fish5,5.0,24.0,,4608,20251010_mem-mito,2025-10-10,2025-10-09,ef1a:2xLynk:tdmChilada (F1 of allele 315),casper/rnf,pDQM082,315,,,tdmChilada,2xLynk,membrane,tdmChilada::2xLynk,membrane,tdmChilada(membrane),sheet,MGCO-28(ef1a-extended-2Xcox8A-linker-mStayGold-SV40-attb-tol2),,,
/clusterfs/vast/abcabc/Aang_Foundation/20251010_mem-mito/fish5_24hpf_roi2,20251009-plate102-slot5-roi2,20251009,102,5,2,20251010_mem-mito,20251010_mem-mito,fish5,5.0,24.0,,4608,20251010_mem-mito,2025-10-10,2025-10-09,ef1a:2xLynk:tdmChilada (F1 of allele 315),casper/rnf,pDQM082,315,,,tdmChilada,2xLynk,membrane,tdmChilada::2xLynk,membrane,tdmChilada(membrane),sheet,MGCO-28(ef1a-extended-2Xcox8A-linker-mStayGold-SV40-attb-tol2),,,
/clusterfs/vast/abcabc/Aang_Foundation/20251010_mem-mito/fish6_24hpf_roi1,20251009-plate102-slot6-roi1,20251009,102,6,1,20251010_mem-mito,20251010_mem-mito,fish6,6.0,24.0,,4608,20251010_mem-mito,2025-10-10,2025-10-09,ef1a:2xLynk:tdmChilada (F1 of allele 315),casper/rnf,pDQM082,315,,,tdmChilada,2xLynk,membrane,tdmChilada::2xLynk,membrane,tdmChilada(membrane),sheet,MGCO-28(ef1a-extended-2Xcox8A-linker-mStayGold-SV40-attb-tol2),,,
/clusterfs/vast/abcabc/Aang_Foundation/20251010_mem-mito/fish6_24hpf_roi2,20251009-plate102-slot6-roi2,20251009,102,6,2,20251010_mem-mito,20251010_mem-mito,fish6,6.0,24.0,,4608,20251010_mem-mito,2025-10-10,2025-10-09,ef1a:2xLynk:tdmChilada (F1 of allele 315),casper/rnf,pDQM082,315,,,tdmChilada,2xLynk,membrane,tdmChilada::2xLynk,membrane,tdmChilada(membrane),sheet,MGCO-28(ef1a-extended-2Xcox8A-linker-mStayGold-SV40-attb-tol2),,,
/clusterfs/vast/abcabc/Aang_Foundation/20251013_mem-histone/fish1_96hpf_roi1,20251013-plate53-slot1-roi5,20251013,53,1,5,20251013_mem-histone,20251013_mem-histone,fish1,1.0,96.0,,4608,20251013_mem-histone,2025-10-13,2025-10-13,ef1a:2xLynk:tdmSG(J) (F1 of allele 301),tdmScarlet3S2:H2B-tol2 (F1 of allele 324),pDQM005|pDQM133,301|324,,,tdmSG|tdmScarlet3,2xLynk|H2B,membrane|histone,tdmSG::2xLynk|tdmScarlet3::H2B,membrane|histone,tdmSG(membrane)|tdmScarlet3(histone),sheet,,,,
/clusterfs/vast/abcabc/Aang_Foundation/20251013_mem-histone/fish1_96hpf_roi1,20251013-plate53-slot1-roi6,20251013,53,1,6,20251013_mem-histone,20251013_mem-histone,fish1,1.0,96.0,,4608,20251013_mem-histone,2025-10-13,2025-10-13,ef1a:2xLynk:tdmSG(J) (F1 of allele 301),tdmScarlet3S2:H2B-tol2 (F1 of allele 324),pDQM005|pDQM133,301|324,,,tdmSG|tdmScarlet3,2xLynk|H2B,membrane|histone,tdmSG::2xLynk|tdmScarlet3::H2B,membrane|histone,tdmSG(membrane)|tdmScarlet3(histone),sheet,,,,
/clusterfs/vast/abcabc/Aang_Foundation/20251013_mem-histone/fish1_96hpf_roi3,20251013-plate53-slot1-roi11,20251013,53,1,11,20251013_mem-histone,20251013_mem-histone,fish1,1.0,96.0,,4608,20251013_mem-histone,2025-10-13,2025-10-13,ef1a:2xLynk:tdmSG(J) (F1 of allele 301),tdmScarlet3S2:H2B-tol2 (F1 of allele 324),pDQM005|pDQM133,301|324,,,tdmSG|tdmScarlet3,2xLynk|H2B,membrane|histone,tdmSG::2xLynk|tdmScarlet3::H2B,membrane|histone,tdmSG(membrane)|tdmScarlet3(histone),sheet,,,,
/clusterfs/vast/abcabc/Aang_Foundation/20251013_mem-histone/fish1_96hpf_roi3,20251013-plate53-slot1-roi12,20251013,53,1,12,20251013_mem-histone,20251013_mem-histone,fish1,1.0,96.0,,4608,20251013_mem-histone,2025-10-13,2025-10-13,ef1a:2xLynk:tdmSG(J) (F1 of allele 301),tdmScarlet3S2:H2B-tol2 (F1 of allele 324),pDQM005|pDQM133,301|324,,,tdmSG|tdmScarlet3,2xLynk|H2B,membrane|histone,tdmSG::2xLynk|tdmScarlet3::H2B,membrane|histone,tdmSG(membrane)|tdmScarlet3(histone),sheet,,,,
/clusterfs/vast/abcabc/Aang_Foundation/20251013_mem-histone/fish3_96hpf_roi1,20251013-plate53-slot3-roi3,20251013,53,3,3,20251013_mem-histone,20251013_mem-histone,fish3,3.0,96.0,,4608,20251013_mem-histone,2025-10-13,2025-10-13,ef1a:2xLynk:tdmSG(J) (F1 of allele 301),tdmScarlet3S2:H2B-tol2 (F1 of allele 324),pDQM005|pDQM133,301|324,,,tdmSG|tdmScarlet3,2xLynk|H2B,membrane|histone,tdmSG::2xLynk|tdmScarlet3::H2B,membrane|histone,tdmSG(membrane)|tdmScarlet3(histone),sheet,,,,
/clusterfs/vast/abcabc/Aang_Foundation/20251013_mem-histone/fish3_96hpf_roi1,20251013-plate53-slot3-roi4,20251013,53,3,4,20251013_mem-histone,20251013_mem-histone,fish3,3.0,96.0,,4608,20251013_mem-histone,2025-10-13,2025-10-13,ef1a:2xLynk:tdmSG(J) (F1 of allele 301),tdmScarlet3S2:H2B-tol2 (F1 of allele 324),pDQM005|pDQM133,301|324,,,tdmSG|tdmScarlet3,2xLynk|H2B,membrane|histone,tdmSG::2xLynk|tdmScarlet3::H2B,membrane|histone,tdmSG(membrane)|tdmScarlet3(histone),sheet,,,,
/clusterfs/vast/abcabc/Aang_Foundation/20251013_mem-histone/fish3_96hpf_roi2,20251013-plate53-slot3-roi7,20251013,53,3,7,20251013_mem-histone,20251013_mem-histone,fish3,3.0,96.0,,4608,20251013_mem-histone,2025-10-13,2025-10-13,ef1a:2xLynk:tdmSG(J) (F1 of allele 301),tdmScarlet3S2:H2B-tol2 (F1 of allele 324),pDQM005|pDQM133,301|324,,,tdmSG|tdmScarlet3,2xLynk|H2B,membrane|histone,tdmSG::2xLynk|tdmScarlet3::H2B,membrane|histone,tdmSG(membrane)|tdmScarlet3(histone),sheet,,,,
/clusterfs/vast/abcabc/Aang_Foundation/20251013_mem-histone/fish3_96hpf_roi2,20251013-plate53-slot3-roi8,20251013,53,3,8,20251013_mem-histone,20251013_mem-histone,fish3,3.0,96.0,,4608,20251013_mem-histone,2025-10-13,2025-10-13,ef1a:2xLynk:tdmSG(J) (F1 of allele 301),tdmScarlet3S2:H2B-tol2 (F1 of allele 324),pDQM005|pDQM133,301|324,,,tdmSG|tdmScarlet3,2xLynk|H2B,membrane|histone,tdmSG::2xLynk|tdmScarlet3::H2B,membrane|histone,tdmSG(membrane)|tdmScarlet3(histone),sheet,,,,
/clusterfs/vast/abcabc/Aang_Foundation/20251013_mem-histone/fish3_96hpf_roi3,20251013-plate53-slot3-roi11,20251013,53,3,11,20251013_mem-histone,20251013_mem-histone,fish3,3.0,96.0,,4608,20251013_mem-histone,2025-10-13,2025-10-13,ef1a:2xLynk:tdmSG(J) (F1 of allele 301),tdmScarlet3S2:H2B-tol2 (F1 of allele 324),pDQM005|pDQM133,301|324,,,tdmSG|tdmScarlet3,2xLynk|H2B,membrane|histone,tdmSG::2xLynk|tdmScarlet3::H2B,membrane|histone,tdmSG(membrane)|tdmScarlet3(histone),sheet,,,,
/clusterfs/vast/abcabc/Aang_Foundation/20251013_mem-histone/fish3_96hpf_roi3,20251013-plate53-slot3-roi12,20251013,53,3,12,20251013_mem-histone,20251013_mem-histone,fish3,3.0,96.0,,4608,20251013_mem-histone,2025-10-13,2025-10-13,ef1a:2xLynk:tdmSG(J) (F1 of allele 301),tdmScarlet3S2:H2B-tol2 (F1 of allele 324),pDQM005|pDQM133,301|324,,,tdmSG|tdmScarlet3,2xLynk|H2B,membrane|histone,tdmSG::2xLynk|tdmScarlet3::H2B,membrane|histone,tdmSG(membrane)|tdmScarlet3(histone),sheet,,,,
/clusterfs/vast/abcabc/Aang_Foundation/20251013_mem-histone/fish3_96hpf_roi4,20251013-plate53-slot3-roi13,20251013,53,3,13,20251013_mem-histone,20251013_mem-histone,fish3,3.0,96.0,,4608,20251013_mem-histone,2025-10-13,2025-10-13,ef1a:2xLynk:tdmSG(J) (F1 of allele 301),tdmScarlet3S2:H2B-tol2 (F1 of allele 324),pDQM005|pDQM133,301|324,,,tdmSG|tdmScarlet3,2xLynk|H2B,membrane|histone,tdmSG::2xLynk|tdmScarlet3::H2B,membrane|histone,tdmSG(membrane)|tdmScarlet3(histone),sheet,,,,
/clusterfs/vast/abcabc/Aang_Foundation/20251013_mem-histone/fish3_96hpf_roi4,20251013-plate53-slot3-roi14,20251013,53,3,14,20251013_mem-histone,20251013_mem-histone,fish3,3.0,96.0,,4608,20251013_mem-histone,2025-10-13,2025-10-13,ef1a:2xLynk:tdmSG(J) (F1 of allele 301),tdmScarlet3S2:H2B-tol2 (F1 of allele 324),pDQM005|pDQM133,301|324,,,tdmSG|tdmScarlet3,2xLynk|H2B,membrane|histone,tdmSG::2xLynk|tdmScarlet3::H2B,membrane|histone,tdmSG(membrane)|tdmScarlet3(histone),sheet,,,,
/clusterfs/vast/abcabc/Aang_Foundation/20251015_mem-histone/fish1_48hpf_roi1,20251015-plate54-slot1-roi2,20251015,54,1,2,20251015_mem-histone,20251015_mem-histone,fish1,1.0,48.0,,4608,20251015_mem-histone,2025-10-15,2025-10-15,ef1a:2xLynk:tdmSG(J) (F1 of allele 302),tdmScarlet3S2:H2B-tol2 (F1 of allele 324),pDQM005|pDQM133,302|324,,,tdmSG|tdmScarlet3,2xLynk|H2B,membrane|histone,tdmSG::2xLynk|tdmScarlet3::H2B,membrane|histone,tdmSG(membrane)|tdmScarlet3(histone),sheet,,,,
/clusterfs/vast/abcabc/Aang_Foundation/20251015_mem-histone/fish1_48hpf_roi1,20251014-plate55-slot1-roi2,20251014,55,1,2,20251015_mem-histone,20251015_mem-histone,fish1,1.0,48.0,,4608,20251015_mem-histone,2025-10-15,2025-10-14,ef1a:2xLynk:tdmSG(J) (F1 of allele 302),tdmScarlet3S2:H2B-tol2 (F1 of allele 324),pDQM005|pDQM133,302|324,,,tdmSG|tdmScarlet3,2xLynk|H2B,membrane|histone,tdmSG::2xLynk|tdmScarlet3::H2B,membrane|histone,tdmSG(membrane)|tdmScarlet3(histone),sheet,,,,
/clusterfs/vast/abcabc/Aang_Foundation/20251015_mem-histone/fish1_48hpf_roi2,20251015-plate54-slot1-roi3,20251015,54,1,3,20251015_mem-histone,20251015_mem-histone,fish1,1.0,48.0,,4608,20251015_mem-histone,2025-10-15,2025-10-15,ef1a:2xLynk:tdmSG(J) (F1 of allele 302),tdmScarlet3S2:H2B-tol2 (F1 of allele 324),pDQM005|pDQM133,302|324,,,tdmSG|tdmScarlet3,2xLynk|H2B,membrane|histone,tdmSG::2xLynk|tdmScarlet3::H2B,membrane|histone,tdmSG(membrane)|tdmScarlet3(histone),sheet,,,,
/clusterfs/vast/abcabc/Aang_Foundation/20251015_mem-histone/fish1_48hpf_roi2,20251014-plate55-slot1-roi3,20251014,55,1,3,20251015_mem-histone,20251015_mem-histone,fish1,1.0,48.0,,4608,20251015_mem-histone,2025-10-15,2025-10-14,ef1a:2xLynk:tdmSG(J) (F1 of allele 302),tdmScarlet3S2:H2B-tol2 (F1 of allele 324),pDQM005|pDQM133,302|324,,,tdmSG|tdmScarlet3,2xLynk|H2B,membrane|histone,tdmSG::2xLynk|tdmScarlet3::H2B,membrane|histone,tdmSG(membrane)|tdmScarlet3(histone),sheet,,,,
/clusterfs/vast/abcabc/Aang_Foundation/20251015_mem-histone/fish1_48hpf_roi3,20251015-plate54-slot1-roi4,20251015,54,1,4,20251015_mem-histone,20251015_mem-histone,fish1,1.0,48.0,,4608,20251015_mem-histone,2025-10-15,2025-10-15,ef1a:2xLynk:tdmSG(J) (F1 of allele 302),tdmScarlet3S2:H2B-tol2 (F1 of allele 324),pDQM005|pDQM133,302|324,,,tdmSG|tdmScarlet3,2xLynk|H2B,membrane|histone,tdmSG::2xLynk|tdmScarlet3::H2B,membrane|histone,tdmSG(membrane)|tdmScarlet3(histone),sheet,,,,
/clusterfs/vast/abcabc/Aang_Foundation/20251015_mem-histone/fish1_48hpf_roi3,20251014-plate55-slot1-roi4,20251014,55,1,4,20251015_mem-histone,20251015_mem-histone,fish1,1.0,48.0,,4608,20251015_mem-histone,2025-10-15,2025-10-14,ef1a:2xLynk:tdmSG(J) (F1 of allele 302),tdmScarlet3S2:H2B-tol2 (F1 of allele 324),pDQM005|pDQM133,302|324,,,tdmSG|tdmScarlet3,2xLynk|H2B,membrane|histone,tdmSG::2xLynk|tdmScarlet3::H2B,membrane|histone,tdmSG(membrane)|tdmScarlet3(histone),sheet,,,,
/clusterfs/vast/abcabc/Aang_Foundation/20251015_mem-histone/fish2_48hpf_roi1,20251015-plate54-slot2-roi2,20251015,54,2,2,20251015_mem-histone,20251015_mem-histone,fish2,2.0,48.0,,4608,20251015_mem-histone,2025-10-15,2025-10-15,ef1a:2xLynk:tdmSG(J) (F1 of allele 302),tdmScarlet3S2:H2B-tol2 (F1 of allele 324),pDQM005|pDQM133,302|324,,,tdmSG|tdmScarlet3,2xLynk|H2B,membrane|histone,tdmSG::2xLynk|tdmScarlet3::H2B,membrane|histone,tdmSG(membrane)|tdmScarlet3(histone),sheet,,,,
/clusterfs/vast/abcabc/Aang_Foundation/20251015_mem-histone/fish2_48hpf_roi1,20251014-plate55-slot2-roi2,20251014,55,2,2,20251015_mem-histone,20251015_mem-histone,fish2,2.0,48.0,,4608,20251015_mem-histone,2025-10-15,2025-10-14,ef1a:2xLynk:tdmSG(J) (F1 of allele 302),tdmScarlet3S2:H2B-tol2 (F1 of allele 324),pDQM005|pDQM133,302|324,,,tdmSG|tdmScarlet3,2xLynk|H2B,membrane|histone,tdmSG::2xLynk|tdmScarlet3::H2B,membrane|histone,tdmSG(membrane)|tdmScarlet3(histone),sheet,,,,
/clusterfs/vast/abcabc/Aang_Foundation/20251015_mem-histone/fish3_48hpf_roi1,20251015-plate54-slot3-roi2,20251015,54,3,2,20251015_mem-histone,20251015_mem-histone,fish3,3.0,48.0,,4608,20251015_mem-histone,2025-10-15,2025-10-15,ef1a:2xLynk:tdmSG(J) (F1 of allele 302),tdmScarlet3S2:H2B-tol2 (F1 of allele 324),pDQM005|pDQM133,302|324,,,tdmSG|tdmScarlet3,2xLynk|H2B,membrane|histone,tdmSG::2xLynk|tdmScarlet3::H2B,membrane|histone,tdmSG(membrane)|tdmScarlet3(histone),sheet,,,,
/clusterfs/vast/abcabc/Aang_Foundation/20251015_mem-histone/fish3_48hpf_roi1,20251014-plate55-slot3-roi2,20251014,55,3,2,20251015_mem-histone,20251015_mem-histone,fish3,3.0,48.0,,4608,20251015_mem-histone,2025-10-15,2025-10-14,ef1a:2xLynk:tdmSG(J) (F1 of allele 302),tdmScarlet3S2:H2B-tol2 (F1 of allele 324),pDQM005|pDQM133,302|324,,,tdmSG|tdmScarlet3,2xLynk|H2B,membrane|histone,tdmSG::2xLynk|tdmScarlet3::H2B,membrane|histone,tdmSG(membrane)|tdmScarlet3(histone),sheet,,,,
/clusterfs/vast/abcabc/Aang_Foundation/20251015_mem-histone/fish3_48hpf_roi2,20251015-plate54-slot3-roi4,20251015,54,3,4,20251015_mem-histone,20251015_mem-histone,fish3,3.0,48.0,,4608,20251015_mem-histone,2025-10-15,2025-10-15,ef1a:2xLynk:tdmSG(J) (F1 of allele 302),tdmScarlet3S2:H2B-tol2 (F1 of allele 324),pDQM005|pDQM133,302|324,,,tdmSG|tdmScarlet3,2xLynk|H2B,membrane|histone,tdmSG::2xLynk|tdmScarlet3::H2B,membrane|histone,tdmSG(membrane)|tdmScarlet3(histone),sheet,,,,
/clusterfs/vast/abcabc/Aang_Foundation/20251015_mem-histone/fish3_48hpf_roi2,20251014-plate55-slot3-roi4,20251014,55,3,4,20251015_mem-histone,20251015_mem-histone,fish3,3.0,48.0,,4608,20251015_mem-histone,2025-10-15,2025-10-14,ef1a:2xLynk:tdmSG(J) (F1 of allele 302),tdmScarlet3S2:H2B-tol2 (F1 of allele 324),pDQM005|pDQM133,302|324,,,tdmSG|tdmScarlet3,2xLynk|H2B,membrane|histone,tdmSG::2xLynk|tdmScarlet3::H2B,membrane|histone,tdmSG(membrane)|tdmScarlet3(histone),sheet,,,,
/clusterfs/vast/abcabc/Aang_Foundation/20251015_mem-histone/fish4_48hpf_roi1,20251015-plate54-slot4-roi2,20251015,54,4,2,20251015_mem-histone,20251015_mem-histone,fish4,4.0,48.0,,4608,20251015_mem-histone,2025-10-15,2025-10-15,ef1a:2xLynk:tdmSG(J) (F1 of allele 302),tdmScarlet3S2:H2B-tol2 (F1 of allele 324),pDQM005|pDQM133,302|324,,,tdmSG|tdmScarlet3,2xLynk|H2B,membrane|histone,tdmSG::2xLynk|tdmScarlet3::H2B,membrane|histone,tdmSG(membrane)|tdmScarlet3(histone),sheet,,,,
/clusterfs/vast/abcabc/Aang_Foundation/20251015_mem-histone/fish4_48hpf_roi1,20251014-plate55-slot4-roi2,20251014,55,4,2,20251015_mem-histone,20251015_mem-histone,fish4,4.0,48.0,,4608,20251015_mem-histone,2025-10-15,2025-10-14,ef1a:2xLynk:tdmSG(J) (F1 of allele 302),tdmScarlet3S2:H2B-tol2 (F1 of allele 324),pDQM005|pDQM133,302|324,,,tdmSG|tdmScarlet3,2xLynk|H2B,membrane|histone,tdmSG::2xLynk|tdmScarlet3::H2B,membrane|histone,tdmSG(membrane)|tdmScarlet3(histone),sheet,,,,
/clusterfs/vast/abcabc/Aang_Foundation/20251015_mem-histone/fish4_48hpf_roi2,20251015-plate54-slot4-roi3,20251015,54,4,3,20251015_mem-histone,20251015_mem-histone,fish4,4.0,48.0,,4608,20251015_mem-histone,2025-10-15,2025-10-15,ef1a:2xLynk:tdmSG(J) (F1 of allele 302),tdmScarlet3S2:H2B-tol2 (F1 of allele 324),pDQM005|pDQM133,302|324,,,tdmSG|tdmScarlet3,2xLynk|H2B,membrane|histone,tdmSG::2xLynk|tdmScarlet3::H2B,membrane|histone,tdmSG(membrane)|tdmScarlet3(histone),sheet,,,,
/clusterfs/vast/abcabc/Aang_Foundation/20251015_mem-histone/fish4_48hpf_roi2,20251014-plate55-slot4-roi3,20251014,55,4,3,20251015_mem-histone,20251015_mem-histone,fish4,4.0,48.0,,4608,20251015_mem-histone,2025-10-15,2025-10-14,ef1a:2xLynk:tdmSG(J) (F1 of allele 302),tdmScarlet3S2:H2B-tol2 (F1 of allele 324),pDQM005|pDQM133,302|324,,,tdmSG|tdmScarlet3,2xLynk|H2B,membrane|histone,tdmSG::2xLynk|tdmScarlet3::H2B,membrane|histone,tdmSG(membrane)|tdmScarlet3(histone),sheet,,,,
/clusterfs/vast/abcabc/Aang_Foundation/20251015_mem-histone/fish4_48hpf_roi3,20251015-plate54-slot4-roi4,20251015,54,4,4,20251015_mem-histone,20251015_mem-histone,fish4,4.0,48.0,,4608,20251015_mem-histone,2025-10-15,2025-10-15,ef1a:2xLynk:tdmSG(J) (F1 of allele 302),tdmScarlet3S2:H2B-tol2 (F1 of allele 324),pDQM005|pDQM133,302|324,,,tdmSG|tdmScarlet3,2xLynk|H2B,membrane|histone,tdmSG::2xLynk|tdmScarlet3::H2B,membrane|histone,tdmSG(membrane)|tdmScarlet3(histone),sheet,,,,
/clusterfs/vast/abcabc/Aang_Foundation/20251015_mem-histone/fish4_48hpf_roi3,20251014-plate55-slot4-roi4,20251014,55,4,4,20251015_mem-histone,20251015_mem-histone,fish4,4.0,48.0,,4608,20251015_mem-histone,2025-10-15,2025-10-14,ef1a:2xLynk:tdmSG(J) (F1 of allele 302),tdmScarlet3S2:H2B-tol2 (F1 of allele 324),pDQM005|pDQM133,302|324,,,tdmSG|tdmScarlet3,2xLynk|H2B,membrane|histone,tdmSG::2xLynk|tdmScarlet3::H2B,membrane|histone,tdmSG(membrane)|tdmScarlet3(histone),sheet,,,,
/clusterfs/vast/abcabc/Aang_Foundation/20251015_mem-histone/fish5_48hpf_roi1,20251015-plate54-slot5-roi1,20251015,54,5,1,20251015_mem-histone,20251015_mem-histone,fish5,5.0,48.0,,4608,20251015_mem-histone,2025-10-15,2025-10-15,ef1a:2xLynk:tdmSG(J) (F1 of allele 302),tdmScarlet3S2:H2B-tol2 (F1 of allele 324),pDQM005|pDQM133,302|324,,,tdmSG|tdmScarlet3,2xLynk|H2B,membrane|histone,tdmSG::2xLynk|tdmScarlet3::H2B,membrane|histone,tdmSG(membrane)|tdmScarlet3(histone),sheet,,,,
/clusterfs/vast/abcabc/Aang_Foundation/20251015_mem-histone/fish5_48hpf_roi1,20251014-plate55-slot5-roi1,20251014,55,5,1,20251015_mem-histone,20251015_mem-histone,fish5,5.0,48.0,,4608,20251015_mem-histone,2025-10-15,2025-10-14,ef1a:2xLynk:tdmSG(J) (F1 of allele 302),tdmScarlet3S2:H2B-tol2 (F1 of allele 324),pDQM005|pDQM133,302|324,,,tdmSG|tdmScarlet3,2xLynk|H2B,membrane|histone,tdmSG::2xLynk|tdmScarlet3::H2B,membrane|histone,tdmSG(membrane)|tdmScarlet3(histone),sheet,,,,
/clusterfs/vast/abcabc/Aang_Foundation/20251015_mem-histone/fish6_48hpf_roi1,20251015-plate54-slot6-roi1,20251015,54,6,1,20251015_mem-histone,20251015_mem-histone,fish6,6.0,48.0,,4608,20251015_mem-histone,2025-10-15,2025-10-15,ef1a:2xLynk:tdmSG(J) (F1 of allele 302),tdmScarlet3S2:H2B-tol2 (F1 of allele 324),pDQM005|pDQM133,302|324,,,tdmSG|tdmScarlet3,2xLynk|H2B,membrane|histone,tdmSG::2xLynk|tdmScarlet3::H2B,membrane|histone,tdmSG(membrane)|tdmScarlet3(histone),sheet,,,,
/clusterfs/vast/abcabc/Aang_Foundation/20251015_mem-histone/fish6_48hpf_roi1,20251014-plate55-slot6-roi1,20251014,55,6,1,20251015_mem-histone,20251015_mem-histone,fish6,6.0,48.0,,4608,20251015_mem-histone,2025-10-15,2025-10-14,ef1a:2xLynk:tdmSG(J) (F1 of allele 302),tdmScarlet3S2:H2B-tol2 (F1 of allele 324),pDQM005|pDQM133,302|324,,,tdmSG|tdmScarlet3,2xLynk|H2B,membrane|histone,tdmSG::2xLynk|tdmScarlet3::H2B,membrane|histone,tdmSG(membrane)|tdmScarlet3(histone),sheet,,,,
/clusterfs/vast/abcabc/Aang_Foundation/20251016_mem-mito/fish1_72hpf_roi1,20251014-plate103-slot1-roi1,20251014,103,1,1,20251016_mem-mito,20251016_mem-mito,fish1,1.0,72.0,,272,20251016_mem-mito,2025-10-16,2025-10-14,ef1a:2xLynk:tdmChilada (F1 of allele 315),casper/rnf,pDQM082,315,,,tdmChilada,2xLynk,membrane,tdmChilada::2xLynk,membrane,tdmChilada(membrane),sheet,,,,
/clusterfs/vast/abcabc/Aang_Foundation/20251016_mem-mito_v2/fish1_72hpf_roi1,20251016-plate104-slot1-roi1,20251016,104,1,1,20251016_mem-mito_v2,20251016_mem-mito_v2,fish1,1.0,72.0,,272,20251016_mem-mito_v2,2025-10-16,2025-10-16,ef1a:2xLynk:tdmChilada (F1 of allele 315),casper/rnf,pDQM082,315,,,tdmChilada,2xLynk,membrane,tdmChilada::2xLynk,membrane,tdmChilada(membrane),sheet,MGCO-28(ef1a-extended-2Xcox8A-linker-mStayGold-SV40-attb-tol2),,,
/clusterfs/vast/abcabc/Aang_Foundation/20251016_mem-mito_v2/fish1_72hpf_roi2,20251016-plate104-slot1-roi2,20251016,104,1,2,20251016_mem-mito_v2,20251016_mem-mito_v2,fish1,1.0,72.0,,272,20251016_mem-mito_v2,2025-10-16,2025-10-16,ef1a:2xLynk:tdmChilada (F1 of allele 315),casper/rnf,pDQM082,315,,,tdmChilada,2xLynk,membrane,tdmChilada::2xLynk,membrane,tdmChilada(membrane),sheet,MGCO-28(ef1a-extended-2Xcox8A-linker-mStayGold-SV40-attb-tol2),,,
/clusterfs/vast/abcabc/Aang_Foundation/20251017_nuclear_envelope/fish1_24hpf_roi1_test,20251017-plate105-slot1-roi1,20251017,105,1,1,20251017_nuclear_envelope,20251017_nuclear_envelope,fish1,1.0,24.0,test,8,20251017_nuclear_envelope,2025-10-17,2025-10-17,casper/rnf,casper/rnf,,,,,,,,,,,sheet,MGCO54(nuclearenvelope-A2UCOE-attb_entire+pDQM147-LEMD2-mStayGold),,,
/clusterfs/vast/abcabc/Aang_Foundation/20251017_nuclear_envelope/fish1_24hpf_roi1_test_SIM,20251017-plate105-slot1-roi2,20251017,105,1,2,20251017_nuclear_envelope,20251017_nuclear_envelope,fish1,1.0,24.0,test|sim,256,20251017_nuclear_envelope,2025-10-17,2025-10-17,casper/rnf,casper/rnf,,,,,,,,,,,sheet,MGCO54(nuclearenvelope-A2UCOE-attb_entire+pDQM147-LEMD2-mStayGold),,,
/clusterfs/vast/abcabc/Aang_Foundation/20251020_mem-histone/fish1_72hpf_roi1,20251020-plate58-slot1-roi3,20251020,58,1,3,20251020_mem-histone,20251020_mem-histone,fish1,1.0,72.0,,3072,20251020_mem-histone,2025-10-20,2025-10-20,ef1a:2xLynk:tdmSG(J) (F1 of allele 301),tdmScarlet3S2:H2B-tol2 (F1 of allele 324),pDQM005|pDQM133,301|324,,,tdmSG|tdmScarlet3,2xLynk|H2B,membrane|histone,tdmSG::2xLynk|tdmScarlet3::H2B,membrane|histone,tdmSG(membrane)|tdmScarlet3(histone),sheet,,,,
/clusterfs/vast/abcabc/Aang_Foundation/20251020_mem-histone/fish1_72hpf_roi1,20251020-plate58-slot1-roi4,20251020,58,1,4,20251020_mem-histone,20251020_mem-histone,fish1,1.0,72.0,,3072,20251020_mem-histone,2025-10-20,2025-10-20,ef1a:2xLynk:tdmSG(J) (F1 of allele 301),tdmScarlet3S2:H2B-tol2 (F1 of allele 324),pDQM005|pDQM133,301|324,,,tdmSG|tdmScarlet3,2xLynk|H2B,membrane|histone,tdmSG::2xLynk|tdmScarlet3::H2B,membrane|histone,tdmSG(membrane)|tdmScarlet3(histone),sheet,,,,
/clusterfs/vast/abcabc/Aang_Foundation/20251020_mem-histone/fish1_72hpf_roi2,20251020-plate58-slot1-roi7,20251020,58,1,7,20251020_mem-histone,20251020_mem-histone,fish1,1.0,72.0,,3072,20251020_mem-histone,2025-10-20,2025-10-20,ef1a:2xLynk:tdmSG(J) (F1 of allele 301),tdmScarlet3S2:H2B-tol2 (F1 of allele 324),pDQM005|pDQM133,301|324,,,tdmSG|tdmScarlet3,2xLynk|H2B,membrane|histone,tdmSG::2xLynk|tdmScarlet3::H2B,membrane|histone,tdmSG(membrane)|tdmScarlet3(histone),sheet,,,,
/clusterfs/vast/abcabc/Aang_Foundation/20251020_mem-histone/fish1_72hpf_roi2,20251020-plate58-slot1-roi8,20251020,58,1,8,20251020_mem-histone,20251020_mem-histone,fish1,1.0,72.0,,3072,20251020_mem-histone,2025-10-20,2025-10-20,ef1a:2xLynk:tdmSG(J) (F1 of allele 301),tdmScarlet3S2:H2B-tol2 (F1 of allele 324),pDQM005|pDQM133,301|324,,,tdmSG|tdmScarlet3,2xLynk|H2B,membrane|histone,tdmSG::2xLynk|tdmScarlet3::H2B,membrane|histone,tdmSG(membrane)|tdmScarlet3(histone),sheet,,,,
/clusterfs/vast/abcabc/Aang_Foundation/20251020_mem-histone/fish1_72hpf_roi3,20251020-plate58-slot1-roi11,20251020,58,1,11,20251020_mem-histone,20251020_mem-histone,fish1,1.0,72.0,,3072,20251020_mem-histone,2025-10-20,2025-10-20,ef1a:2xLynk:tdmSG(J) (F1 of allele 301),tdmScarlet3S2:H2B-tol2 (F1 of allele 324),pDQM005|pDQM133,301|324,,,tdmSG|tdmScarlet3,2xLynk|H2B,membrane|histone,tdmSG::2xLynk|tdmScarlet3::H2B,membrane|histone,tdmSG(membrane)|tdmScarlet3(histone),sheet,,,,
/clusterfs/vast/abcabc/Aang_Foundation/20251020_mem-histone/fish1_72hpf_roi3,20251020-plate58-slot1-roi12,20251020,58,1,12,20251020_mem-histone,20251020_mem-histone,fish1,1.0,72.0,,3072,20251020_mem-histone,2025-10-20,2025-10-20,ef1a:2xLynk:tdmSG(J) (F1 of allele 301),tdmScarlet3S2:H2B-tol2 (F1 of allele 324),pDQM005|pDQM133,301|324,,,tdmSG|tdmScarlet3,2xLynk|H2B,membrane|histone,tdmSG::2xLynk|tdmScarlet3::H2B,membrane|histone,tdmSG(membrane)|tdmScarlet3(histone),sheet,,,,
/clusterfs/vast/abcabc/Aang_Foundation/20251020_mem-histone/fish1_72hpf_roi4,20251020-plate58-slot1-roi15,20251020,58,1,15,20251020_mem-histone,20251020_mem-histone,fish1,1.0,72.0,,3072,20251020_mem-histone,2025-10-20,2025-10-20,ef1a:2xLynk:tdmSG(J) (F1 of allele 301),tdmScarlet3S2:H2B-tol2 (F1 of allele 324),pDQM005|pDQM133,301|324,,,tdmSG|tdmScarlet3,2xLynk|H2B,membrane|histone,tdmSG::2xLynk|tdmScarlet3::H2B,membrane|histone,tdmSG(membrane)|tdmScarlet3(histone),sheet,,,,
/clusterfs/vast/abcabc/Aang_Foundation/20251020_mem-histone/fish1_72hpf_roi4,20251020-plate58-slot1-roi16,20251020,58,1,16,20251020_mem-histone,20251020_mem-histone,fish1,1.0,72.0,,3072,20251020_mem-histone,2025-10-20,2025-10-20,ef1a:2xLynk:tdmSG(J) (F1 of allele 301),tdmScarlet3S2:H2B-tol2 (F1 of allele 324),pDQM005|pDQM133,301|324,,,tdmSG|tdmScarlet3,2xLynk|H2B,membrane|histone,tdmSG::2xLynk|tdmScarlet3::H2B,membrane|histone,tdmSG(membrane)|tdmScarlet3(histone),sheet,,,,
/clusterfs/vast/abcabc/Aang_Foundation/20251020_mem-histone/fish1_72hpf_roi5,20251020-plate58-slot1-roi19,20251020,58,1,19,20251020_mem-histone,20251020_mem-histone,fish1,1.0,72.0,,3072,20251020_mem-histone,2025-10-20,2025-10-20,ef1a:2xLynk:tdmSG(J) (F1 of allele 301),tdmScarlet3S2:H2B-tol2 (F1 of allele 324),pDQM005|pDQM133,301|324,,,tdmSG|tdmScarlet3,2xLynk|H2B,membrane|histone,tdmSG::2xLynk|tdmScarlet3::H2B,membrane|histone,tdmSG(membrane)|tdmScarlet3(histone),sheet,,,,
/clusterfs/vast/abcabc/Aang_Foundation/20251020_mem-histone/fish1_72hpf_roi5,20251020-plate58-slot1-roi20,20251020,58,1,20,20251020_mem-histone,20251020_mem-histone,fish1,1.0,72.0,,3072,20251020_mem-histone,2025-10-20,2025-10-20,ef1a:2xLynk:tdmSG(J) (F1 of allele 301),tdmScarlet3S2:H2B-tol2 (F1 of allele 324),pDQM005|pDQM133,301|324,,,tdmSG|tdmScarlet3,2xLynk|H2B,membrane|histone,tdmSG::2xLynk|tdmScarlet3::H2B,membrane|histone,tdmSG(membrane)|tdmScarlet3(histone),sheet,,,,
/clusterfs/vast/abcabc/Aang_Foundation/20251020_mem-histone/fish1_72hpf_roi6,20251020-plate58-slot1-roi21,20251020,58,1,21,20251020_mem-histone,20251020_mem-histone,fish1,1.0,72.0,,3072,20251020_mem-histone,2025-10-20,2025-10-20,ef1a:2xLynk:tdmSG(J) (F1 of allele 301),tdmScarlet3S2:H2B-tol2 (F1 of allele 324),pDQM005|pDQM133,301|324,,,tdmSG|tdmScarlet3,2xLynk|H2B,membrane|histone,tdmSG::2xLynk|tdmScarlet3::H2B,membrane|histone,tdmSG(membrane)|tdmScarlet3(histone),sheet,,,,
/clusterfs/vast/abcabc/Aang_Foundation/20251020_mem-histone/fish1_72hpf_roi6,20251020-plate58-slot1-roi22,20251020,58,1,22,20251020_mem-histone,20251020_mem-histone,fish1,1.0,72.0,,3072,20251020_mem-histone,2025-10-20,2025-10-20,ef1a:2xLynk:tdmSG(J) (F1 of allele 301),tdmScarlet3S2:H2B-tol2 (F1 of allele 324),pDQM005|pDQM133,301|324,,,tdmSG|tdmScarlet3,2xLynk|H2B,membrane|histone,tdmSG::2xLynk|tdmScarlet3::H2B,membrane|histone,tdmSG(membrane)|tdmScarlet3(histone),sheet,,,,
/clusterfs/vast/abcabc/Aang_Foundation/20251020_mem-histone/fish1_72hpf_roi7,20251020-plate58-slot1-roi23,20251020,58,1,23,20251020_mem-histone,20251020_mem-histone,fish1,1.0,72.0,,3072,20251020_mem-histone,2025-10-20,2025-10-20,ef1a:2xLynk:tdmSG(J) (F1 of allele 301),tdmScarlet3S2:H2B-tol2 (F1 of allele 324),pDQM005|pDQM133,301|324,,,tdmSG|tdmScarlet3,2xLynk|H2B,membrane|histone,tdmSG::2xLynk|tdmScarlet3::H2B,membrane|histone,tdmSG(membrane)|tdmScarlet3(histone),sheet,,,,
/clusterfs/vast/abcabc/Aang_Foundation/20251020_mem-histone/fish1_72hpf_roi7,20251020-plate58-slot1-roi24,20251020,58,1,24,20251020_mem-histone,20251020_mem-histone,fish1,1.0,72.0,,3072,20251020_mem-histone,2025-10-20,2025-10-20,ef1a:2xLynk:tdmSG(J) (F1 of allele 301),tdmScarlet3S2:H2B-tol2 (F1 of allele 324),pDQM005|pDQM133,301|324,,,tdmSG|tdmScarlet3,2xLynk|H2B,membrane|histone,tdmSG::2xLynk|tdmScarlet3::H2B,membrane|histone,tdmSG(membrane)|tdmScarlet3(histone),sheet,,,,
/clusterfs/vast/abcabc/Aang_Foundation/20251020_mem-histone/fish2_72hpf_roi1,20251020-plate58-slot2-roi3,20251020,58,2,3,20251020_mem-histone,20251020_mem-histone,fish2,2.0,72.0,,3072,20251020_mem-histone,2025-10-20,2025-10-20,ef1a:2xLynk:tdmSG(J) (F1 of allele 301),tdmScarlet3S2:H2B-tol2 (F1 of allele 324),pDQM005|pDQM133,301|324,,,tdmSG|tdmScarlet3,2xLynk|H2B,membrane|histone,tdmSG::2xLynk|tdmScarlet3::H2B,membrane|histone,tdmSG(membrane)|tdmScarlet3(histone),sheet,,,,
/clusterfs/vast/abcabc/Aang_Foundation/20251020_mem-histone/fish2_72hpf_roi1,20251020-plate58-slot2-roi4,20251020,58,2,4,20251020_mem-histone,20251020_mem-histone,fish2,2.0,72.0,,3072,20251020_mem-histone,2025-10-20,2025-10-20,ef1a:2xLynk:tdmSG(J) (F1 of allele 301),tdmScarlet3S2:H2B-tol2 (F1 of allele 324),pDQM005|pDQM133,301|324,,,tdmSG|tdmScarlet3,2xLynk|H2B,membrane|histone,tdmSG::2xLynk|tdmScarlet3::H2B,membrane|histone,tdmSG(membrane)|tdmScarlet3(histone),sheet,,,,
/clusterfs/vast/abcabc/Aang_Foundation/20251020_mem-histone/fish2_72hpf_roi2,20251020-plate58-slot2-roi7,20251020,58,2,7,20251020_mem-histone,20251020_mem-histone,fish2,2.0,72.0,,3072,20251020_mem-histone,2025-10-20,2025-10-20,ef1a:2xLynk:tdmSG(J) (F1 of allele 301),tdmScarlet3S2:H2B-tol2 (F1 of allele 324),pDQM005|pDQM133,301|324,,,tdmSG|tdmScarlet3,2xLynk|H2B,membrane|histone,tdmSG::2xLynk|tdmScarlet3::H2B,membrane|histone,tdmSG(membrane)|tdmScarlet3(histone),sheet,,,,
/clusterfs/vast/abcabc/Aang_Foundation/20251020_mem-histone/fish2_72hpf_roi2,20251020-plate58-slot2-roi8,20251020,58,2,8,20251020_mem-histone,20251020_mem-histone,fish2,2.0,72.0,,3072,20251020_mem-histone,2025-10-20,2025-10-20,ef1a:2xLynk:tdmSG(J) (F1 of allele 301),tdmScarlet3S2:H2B-tol2 (F1 of allele 324),pDQM005|pDQM133,301|324,,,tdmSG|tdmScarlet3,2xLynk|H2B,membrane|histone,tdmSG::2xLynk|tdmScarlet3::H2B,membrane|histone,tdmSG(membrane)|tdmScarlet3(histone),sheet,,,,
/clusterfs/vast/abcabc/Aang_Foundation/20251020_mem-histone/fish3_72hpf_roi1,20251020-plate58-slot3-roi1,20251020,58,3,1,20251020_mem-histone,20251020_mem-histone,fish3,3.0,72.0,,3072,20251020_mem-histone,2025-10-20,2025-10-20,ef1a:2xLynk:tdmSG(J) (F1 of allele 301),tdmScarlet3S2:H2B-tol2 (F1 of allele 324),pDQM005|pDQM133,301|324,,,tdmSG|tdmScarlet3,2xLynk|H2B,membrane|histone,tdmSG::2xLynk|tdmScarlet3::H2B,membrane|histone,tdmSG(membrane)|tdmScarlet3(histone),sheet,,,,
/clusterfs/vast/abcabc/Aang_Foundation/20251020_mem-histone/fish3_72hpf_roi1,20251020-plate58-slot3-roi2,20251020,58,3,2,20251020_mem-histone,20251020_mem-histone,fish3,3.0,72.0,,3072,20251020_mem-histone,2025-10-20,2025-10-20,ef1a:2xLynk:tdmSG(J) (F1 of allele 301),tdmScarlet3S2:H2B-tol2 (F1 of allele 324),pDQM005|pDQM133,301|324,,,tdmSG|tdmScarlet3,2xLynk|H2B,membrane|histone,tdmSG::2xLynk|tdmScarlet3::H2B,membrane|histone,tdmSG(membrane)|tdmScarlet3(histone),sheet,,,,
/clusterfs/vast/abcabc/Aang_Foundation/20251020_mem-histone/fish3_72hpf_roi2,20251020-plate58-slot3-roi3,20251020,58,3,3,20251020_mem-histone,20251020_mem-histone,fish3,3.0,72.0,,3072,20251020_mem-histone,2025-10-20,2025-10-20,ef1a:2xLynk:tdmSG(J) (F1 of allele 301),tdmScarlet3S2:H2B-tol2 (F1 of allele 324),pDQM005|pDQM133,301|324,,,tdmSG|tdmScarlet3,2xLynk|H2B,membrane|histone,tdmSG::2xLynk|tdmScarlet3::H2B,membrane|histone,tdmSG(membrane)|tdmScarlet3(histone),sheet,,,,
/clusterfs/vast/abcabc/Aang_Foundation/20251020_mem-histone/fish3_72hpf_roi2,20251020-plate58-slot3-roi4,20251020,58,3,4,20251020_mem-histone,20251020_mem-histone,fish3,3.0,72.0,,3072,20251020_mem-histone,2025-10-20,2025-10-20,ef1a:2xLynk:tdmSG(J) (F1 of allele 301),tdmScarlet3S2:H2B-tol2 (F1 of allele 324),pDQM005|pDQM133,301|324,,,tdmSG|tdmScarlet3,2xLynk|H2B,membrane|histone,tdmSG::2xLynk|tdmScarlet3::H2B,membrane|histone,tdmSG(membrane)|tdmScarlet3(histone),sheet,,,,
/clusterfs/vast/abcabc/Aang_Foundation/20251020_mem-histone/fish3_72hpf_roi3,20251020-plate58-slot3-roi5,20251020,58,3,5,20251020_mem-histone,20251020_mem-histone,fish3,3.0,72.0,,3072,20251020_mem-histone,2025-10-20,2025-10-20,ef1a:2xLynk:tdmSG(J) (F1 of allele 301),tdmScarlet3S2:H2B-tol2 (F1 of allele 324),pDQM005|pDQM133,301|324,,,tdmSG|tdmScarlet3,2xLynk|H2B,membrane|histone,tdmSG::2xLynk|tdmScarlet3::H2B,membrane|histone,tdmSG(membrane)|tdmScarlet3(histone),sheet,,,,
/clusterfs/vast/abcabc/Aang_Foundation/20251020_mem-histone/fish3_72hpf_roi3,20251020-plate58-slot3-roi6,20251020,58,3,6,20251020_mem-histone,20251020_mem-histone,fish3,3.0,72.0,,3072,20251020_mem-histone,2025-10-20,2025-10-20,ef1a:2xLynk:tdmSG(J) (F1 of allele 301),tdmScarlet3S2:H2B-tol2 (F1 of allele 324),pDQM005|pDQM133,301|324,,,tdmSG|tdmScarlet3,2xLynk|H2B,membrane|histone,tdmSG::2xLynk|tdmScarlet3::H2B,membrane|histone,tdmSG(membrane)|tdmScarlet3(histone),sheet,,,,
/clusterfs/vast/abcabc/Aang_Foundation/20251021_mem-mito/fish1_24hpf_roi1,20251021-plate106-slot1-roi1,20251021,106,1,1,20251021_mem-mito,20251021_mem-mito,fish1,1.0,24.0,,544,20251021_mem-mito,2025-10-21,2025-10-21,ef1a:2xLynk:tdmChilada (F1 of allele 315),casper/rnf,pDQM082,315,,,tdmChilada,2xLynk,membrane,tdmChilada::2xLynk,membrane,tdmChilada(membrane)|mStayGold(mitochondria),sheet,,2xCox8A:mSG,,
/clusterfs/vast/abcabc/Aang_Foundation/20251021_mem-mito/fish1_24hpf_roi2,20251021-plate106-slot1-roi2,20251021,106,1,2,20251021_mem-mito,20251021_mem-mito,fish1,1.0,24.0,,544,20251021_mem-mito,2025-10-21,2025-10-21,ef1a:2xLynk:tdmChilada (F1 of allele 315),casper/rnf,pDQM082,315,,,tdmChilada,2xLynk,membrane,tdmChilada::2xLynk,membrane,tdmChilada(membrane)|mStayGold(mitochondria),sheet,,2xCox8A:mSG,,
/clusterfs/vast/abcabc/Aang_Foundation/20251021_mem-mito/fish2_24hpf_roi1,20251021-plate106-slot2-roi1,20251021,106,2,1,20251021_mem-mito,20251021_mem-mito,fish2,2.0,24.0,,544,20251021_mem-mito,2025-10-21,2025-10-21,ef1a:2xLynk:tdmChilada (F1 of allele 315),casper/rnf,pDQM082,315,,,tdmChilada,2xLynk,membrane,tdmChilada::2xLynk,membrane,tdmChilada(membrane)|mStayGold(mitochondria),sheet,,2xCox8A:mSG,,
/clusterfs/vast/abcabc/Aang_Foundation/20251021_mem-mito/fish2_24hpf_roi2,20251021-plate106-slot2-roi2,20251021,106,2,2,20251021_mem-mito,20251021_mem-mito,fish2,2.0,24.0,,544,20251021_mem-mito,2025-10-21,2025-10-21,ef1a:2xLynk:tdmChilada (F1 of allele 315),casper/rnf,pDQM082,315,,,tdmChilada,2xLynk,membrane,tdmChilada::2xLynk,membrane,tdmChilada(membrane)|mStayGold(mitochondria),sheet,,2xCox8A:mSG,,
/clusterfs/vast/abcabc/Aang_Foundation/20251021_mem-mito/fish3_24hpf_roi1,20251021-plate106-slot3-roi1,20251021,106,3,1,20251021_mem-mito,20251021_mem-mito,fish3,3.0,24.0,,544,20251021_mem-mito,2025-10-21,2025-10-21,ef1a:2xLynk:tdmChilada (F1 of allele 315),casper/rnf,pDQM082,315,,,tdmChilada,2xLynk,membrane,tdmChilada::2xLynk,membrane,tdmChilada(membrane)|mStayGold(mitochondria),sheet,,2xCox8A:mSG,,
/clusterfs/vast/abcabc/Aang_Foundation/20251021_mem-mito/fish3_24hpf_roi2,20251021-plate106-slot3-roi2,20251021,106,3,2,20251021_mem-mito,20251021_mem-mito,fish3,3.0,24.0,,544,20251021_mem-mito,2025-10-21,2025-10-21,ef1a:2xLynk:tdmChilada (F1 of allele 315),casper/rnf,pDQM082,315,,,tdmChilada,2xLynk,membrane,tdmChilada::2xLynk,membrane,tdmChilada(membrane)|mStayGold(mitochondria),sheet,,2xCox8A:mSG,,
/clusterfs/vast/abcabc/Aang_Foundation/20251021_mem-mito/fish4_24hpf_roi1,20251021-plate106-slot4-roi1,20251021,106,4,1,20251021_mem-mito,20251021_mem-mito,fish4,4.0,24.0,,544,20251021_mem-mito,2025-10-21,2025-10-21,ef1a:2xLynk:tdmChilada (F1 of allele 315),casper/rnf,pDQM082,315,,,tdmChilada,2xLynk,membrane,tdmChilada::2xLynk,membrane,tdmChilada(membrane)|mStayGold(mitochondria),sheet,,2xCox8A:mSG,,
/clusterfs/vast/abcabc/Aang_Foundation/20251021_mem-mito/fish5_24hpf_roi1,20251021-plate106-slot5-roi1,20251021,106,5,1,20251021_mem-mito,20251021_mem-mito,fish5,5.0,24.0,,544,20251021_mem-mito,2025-10-21,2025-10-21,ef1a:2xLynk:tdmChilada (F1 of allele 315),casper/rnf,pDQM082,315,,,tdmChilada,2xLynk,membrane,tdmChilada::2xLynk,membrane,tdmChilada(membrane)|mStayGold(mitochondria),sheet,,2xCox8A:mSG,,
/clusterfs/vast/abcabc/Aang_Foundation/20251021_mem-mito/fish6_24hpf_roi1,20251021-plate106-slot6-roi1,20251021,106,6,1,20251021_mem-mito,20251021_mem-mito,fish6,6.0,24.0,,544,20251021_mem-mito,2025-10-21,2025-10-21,ef1a:2xLynk:tdmChilada (F1 of allele 315),casper/rnf,pDQM082,315,,,tdmChilada,2xLynk,membrane,tdmChilada::2xLynk,membrane,tdmChilada(membrane)|mStayGold(mitochondria),sheet,,2xCox8A:mSG,,
/clusterfs/vast/abcabc/Aang_Foundation/20251021_mem-mito/fish6_24hpf_roi2,20251021-plate106-slot6-roi2,20251021,106,6,2,20251021_mem-mito,20251021_mem-mito,fish6,6.0,24.0,,544,20251021_mem-mito,2025-10-21,2025-10-21,ef1a:2xLynk:tdmChilada (F1 of allele 315),casper/rnf,pDQM082,315,,,tdmChilada,2xLynk,membrane,tdmChilada::2xLynk,membrane,tdmChilada(membrane)|mStayGold(mitochondria),sheet,,2xCox8A:mSG,,
/clusterfs/vast/abcabc/Aang_Foundation/20251021_mem-mito_v2/fish1_24hpf_roi1,20251021-plate107-slot1-roi1,20251021,107,1,1,20251021_mem-mito_v2,20251021_mem-mito_v2,fish1,1.0,24.0,,544,20251021_mem-mito_v2,2025-10-21,2025-10-21,,,,,,,,,,,,,inferred,,,,
/clusterfs/vast/abcabc/Aang_Foundation/20251021_mem-mito_v2/fish2_24hpf_roi1,20251021-plate107-slot2-roi1,20251021,107,2,1,20251021_mem-mito_v2,20251021_mem-mito_v2,fish2,2.0,24.0,,544,20251021_mem-mito_v2,2025-10-21,2025-10-21,,,,,,,,,,,,,inferred,,,,
/clusterfs/vast/abcabc/Aang_Foundation/20251021_mem-mito_v2/fish2_24hpf_roi2,20251021-plate107-slot2-roi2,20251021,107,2,2,20251021_mem-mito_v2,20251021_mem-mito_v2,fish2,2.0,24.0,,544,20251021_mem-mito_v2,2025-10-21,2025-10-21,,,,,,,,,,,,,inferred,,,,
/clusterfs/vast/abcabc/Aang_Foundation/20251021_mem-mito_v2/fish4_24hpf_roi1,20251021-plate107-slot3-roi1,20251021,107,3,1,20251021_mem-mito_v2,20251021_mem-mito_v2,fish4,4.0,24.0,,544,20251021_mem-mito_v2,2025-10-21,2025-10-21,,,,,,,,,,,,,inferred,,,,
/clusterfs/vast/abcabc/Aang_Foundation/20251021_mem-mito_v2/fish4_24hpf_roi2,20251021-plate107-slot3-roi2,20251021,107,3,2,20251021_mem-mito_v2,20251021_mem-mito_v2,fish4,4.0,24.0,,544,20251021_mem-mito_v2,2025-10-21,2025-10-21,,,,,,,,,,,,,inferred,,,,
/clusterfs/vast/abcabc/Aang_Foundation/20251021_mem-mito_v2/fish4_24hpf_roi3,20251021-plate107-slot3-roi3,20251021,107,3,3,20251021_mem-mito_v2,20251021_mem-mito_v2,fish4,4.0,24.0,,544,20251021_mem-mito_v2,2025-10-21,2025-10-21,,,,,,,,,,,,,inferred,,,,
/clusterfs/vast/abcabc/Aang_Foundation/20251021_mem-mito_v2/fish4_24hpf_roi4,20251021-plate107-slot3-roi4,20251021,107,3,4,20251021_mem-mito_v2,20251021_mem-mito_v2,fish4,4.0,24.0,,544,20251021_mem-mito_v2,2025-10-21,2025-10-21,,,,,,,,,,,,,inferred,,,,
/clusterfs/vast/abcabc/Aang_Foundation/20251022_mem-mito/fish1_48hpf_roi1,20251022-plate108-slot1-roi1,20251022,108,1,1,20251022_mem-mito,20251022_mem-mito,fish1,1.0,48.0,,544,20251022_mem-mito,2025-10-22,2025-10-22,,,,,,,,,,,,,inferred,,,,
/clusterfs/vast/abcabc/Aang_Foundation/20251022_mem-mito/fish3_48hpf_roi1,20251022-plate108-slot2-roi1,20251022,108,2,1,20251022_mem-mito,20251022_mem-mito,fish3,3.0,48.0,,544,20251022_mem-mito,2025-10-22,2025-10-22,,,,,,,,,,,,,inferred,,,,
/clusterfs/vast/abcabc/Aang_Foundation/20251022_mem-mito/fish3_48hpf_roi2,20251022-plate108-slot2-roi2,20251022,108,2,2,20251022_mem-mito,20251022_mem-mito,fish3,3.0,48.0,,544,20251022_mem-mito,2025-10-22,2025-10-22,,,,,,,,,,,,,inferred,,,,
/clusterfs/vast/abcabc/Aang_Foundation/20251022_mem-mito/fish4_48hpf_roi1,20251022-plate108-slot3-roi1,20251022,108,3,1,20251022_mem-mito,20251022_mem-mito,fish4,4.0,48.0,,544,20251022_mem-mito,2025-10-22,2025-10-22,,,,,,,,,,,,,inferred,,,,
/clusterfs/vast/abcabc/Aang_Foundation/20251023_mem-mito/fish1_24hpf_roi1,20251023-plate109-slot1-roi1,20251023,109,1,1,20251023_mem-mito,20251023_mem-mito,fish1,1.0,24.0,,544,20251023_mem-mito,2025-10-23,2025-10-23,,,,,,,,,,,,,inferred,,,,
/clusterfs/vast/abcabc/Aang_Foundation/20251023_mem-mito/fish1_24hpf_roi2,20251023-plate109-slot1-roi2,20251023,109,1,2,20251023_mem-mito,20251023_mem-mito,fish1,1.0,24.0,,544,20251023_mem-mito,2025-10-23,2025-10-23,,,,,,,,,,,,,inferred,,,,
/clusterfs/vast/abcabc/Aang_Foundation/20251023_mem-mito/fish3_24hpf_roi1,20251023-plate109-slot2-roi1,20251023,109,2,1,20251023_mem-mito,20251023_mem-mito,fish3,3.0,24.0,,544,20251023_mem-mito,2025-10-23,2025-10-23,,,,,,,,,,,,,inferred,,,,
/clusterfs/vast/abcabc/Aang_Foundation/20251027_mem-histone/fish1_120hpf_roi1,20251027-plate61-slot1-roi1,20251027,61,1,1,20251027_mem-histone,20251027_mem-histone,fish1,1.0,120.0,,4608,20251027_mem-histone,2025-10-27,2025-10-27,ef1a:2xLynk:tdmSG(J) (F1 of allele 302),tdmScarlet3S2:H2B-tol2 (F1 of allele 324),pDQM005|pDQM133,302|324,,,tdmSG|tdmScarlet3,2xLynk|H2B,membrane|histone,tdmSG::2xLynk|tdmScarlet3::H2B,membrane|histone,tdmSG(membrane)|tdmScarlet3(histone),sheet,,,,
/clusterfs/vast/abcabc/Aang_Foundation/20251027_mem-histone/fish1_120hpf_roi1,20251027-plate61-slot1-roi2,20251027,61,1,2,20251027_mem-histone,20251027_mem-histone,fish1,1.0,120.0,,4608,20251027_mem-histone,2025-10-27,2025-10-27,ef1a:2xLynk:tdmSG(J) (F1 of allele 302),tdmScarlet3S2:H2B-tol2 (F1 of allele 324),pDQM005|pDQM133,302|324,,,tdmSG|tdmScarlet3,2xLynk|H2B,membrane|histone,tdmSG::2xLynk|tdmScarlet3::H2B,membrane|histone,tdmSG(membrane)|tdmScarlet3(histone),sheet,,,,
/clusterfs/vast/abcabc/Aang_Foundation/20251027_mem-histone/fish1_120hpf_roi2,20251027-plate61-slot1-roi3,20251027,61,1,3,20251027_mem-histone,20251027_mem-histone,fish1,1.0,120.0,,4608,20251027_mem-histone,2025-10-27,2025-10-27,ef1a:2xLynk:tdmSG(J) (F1 of allele 302),tdmScarlet3S2:H2B-tol2 (F1 of allele 324),pDQM005|pDQM133,302|324,,,tdmSG|tdmScarlet3,2xLynk|H2B,membrane|histone,tdmSG::2xLynk|tdmScarlet3::H2B,membrane|histone,tdmSG(membrane)|tdmScarlet3(histone),sheet,,,,
/clusterfs/vast/abcabc/Aang_Foundation/20251027_mem-histone/fish1_120hpf_roi2,20251027-plate61-slot1-roi4,20251027,61,1,4,20251027_mem-histone,20251027_mem-histone,fish1,1.0,120.0,,4608,20251027_mem-histone,2025-10-27,2025-10-27,ef1a:2xLynk:tdmSG(J) (F1 of allele 302),tdmScarlet3S2:H2B-tol2 (F1 of allele 324),pDQM005|pDQM133,302|324,,,tdmSG|tdmScarlet3,2xLynk|H2B,membrane|histone,tdmSG::2xLynk|tdmScarlet3::H2B,membrane|histone,tdmSG(membrane)|tdmScarlet3(histone),sheet,,,,
/clusterfs/vast/abcabc/Aang_Foundation/20251027_mem-histone/fish3_120hpf_roi1,20251027-plate61-slot2-roi1,20251027,61,2,1,20251027_mem-histone,20251027_mem-histone,fish3,3.0,120.0,,4608,20251027_mem-histone,2025-10-27,2025-10-27,ef1a:2xLynk:tdmSG(J) (F1 of allele 302),tdmScarlet3S2:H2B-tol2 (F1 of allele 324),pDQM005|pDQM133,302|324,,,tdmSG|tdmScarlet3,2xLynk|H2B,membrane|histone,tdmSG::2xLynk|tdmScarlet3::H2B,membrane|histone,tdmSG(membrane)|tdmScarlet3(histone),sheet,,,,
/clusterfs/vast/abcabc/Aang_Foundation/20251027_mem-histone/fish3_120hpf_roi1,20251027-plate61-slot2-roi2,20251027,61,2,2,20251027_mem-histone,20251027_mem-histone,fish3,3.0,120.0,,4608,20251027_mem-histone,2025-10-27,2025-10-27,ef1a:2xLynk:tdmSG(J) (F1 of allele 302),tdmScarlet3S2:H2B-tol2 (F1 of allele 324),pDQM005|pDQM133,302|324,,,tdmSG|tdmScarlet3,2xLynk|H2B,membrane|histone,tdmSG::2xLynk|tdmScarlet3::H2B,membrane|histone,tdmSG(membrane)|tdmScarlet3(histone),sheet,,,,
/clusterfs/vast/abcabc/Aang_Foundation/20251027_mem-histone/fish3_120hpf_roi2,20251027-plate61-slot2-roi3,20251027,61,2,3,20251027_mem-histone,20251027_mem-histone,fish3,3.0,120.0,,4608,20251027_mem-histone,2025-10-27,2025-10-27,ef1a:2xLynk:tdmSG(J) (F1 of allele 302),tdmScarlet3S2:H2B-tol2 (F1 of allele 324),pDQM005|pDQM133,302|324,,,tdmSG|tdmScarlet3,2xLynk|H2B,membrane|histone,tdmSG::2xLynk|tdmScarlet3::H2B,membrane|histone,tdmSG(membrane)|tdmScarlet3(histone),sheet,,,,
/clusterfs/vast/abcabc/Aang_Foundation/20251027_mem-histone/fish3_120hpf_roi2,20251027-plate61-slot2-roi4,20251027,61,2,4,20251027_mem-histone,20251027_mem-histone,fish3,3.0,120.0,,4608,20251027_mem-histone,2025-10-27,2025-10-27,ef1a:2xLynk:tdmSG(J) (F1 of allele 302),tdmScarlet3S2:H2B-tol2 (F1 of allele 324),pDQM005|pDQM133,302|324,,,tdmSG|tdmScarlet3,2xLynk|H2B,membrane|histone,tdmSG::2xLynk|tdmScarlet3::H2B,membrane|histone,tdmSG(membrane)|tdmScarlet3(histone),sheet,,,,
/clusterfs/vast/abcabc/Aang_Foundation/20251027_mem-histone/fish3_120hpf_roi3,20251027-plate61-slot2-roi5,20251027,61,2,5,20251027_mem-histone,20251027_mem-histone,fish3,3.0,120.0,,4608,20251027_mem-histone,2025-10-27,2025-10-27,ef1a:2xLynk:tdmSG(J) (F1 of allele 302),tdmScarlet3S2:H2B-tol2 (F1 of allele 324),pDQM005|pDQM133,302|324,,,tdmSG|tdmScarlet3,2xLynk|H2B,membrane|histone,tdmSG::2xLynk|tdmScarlet3::H2B,membrane|histone,tdmSG(membrane)|tdmScarlet3(histone),sheet,,,,
/clusterfs/vast/abcabc/Aang_Foundation/20251027_mem-histone/fish3_120hpf_roi3,20251027-plate61-slot2-roi6,20251027,61,2,6,20251027_mem-histone,20251027_mem-histone,fish3,3.0,120.0,,4608,20251027_mem-histone,2025-10-27,2025-10-27,ef1a:2xLynk:tdmSG(J) (F1 of allele 302),tdmScarlet3S2:H2B-tol2 (F1 of allele 324),pDQM005|pDQM133,302|324,,,tdmSG|tdmScarlet3,2xLynk|H2B,membrane|histone,tdmSG::2xLynk|tdmScarlet3::H2B,membrane|histone,tdmSG(membrane)|tdmScarlet3(histone),sheet,,,,
/clusterfs/vast/abcabc/Aang_Foundation/20251027_mem-histone/fish3_120hpf_roi4,20251027-plate61-slot2-roi7,20251027,61,2,7,20251027_mem-histone,20251027_mem-histone,fish3,3.0,120.0,,4608,20251027_mem-histone,2025-10-27,2025-10-27,ef1a:2xLynk:tdmSG(J) (F1 of allele 302),tdmScarlet3S2:H2B-tol2 (F1 of allele 324),pDQM005|pDQM133,302|324,,,tdmSG|tdmScarlet3,2xLynk|H2B,membrane|histone,tdmSG::2xLynk|tdmScarlet3::H2B,membrane|histone,tdmSG(membrane)|tdmScarlet3(histone),sheet,,,,
/clusterfs/vast/abcabc/Aang_Foundation/20251027_mem-histone/fish3_120hpf_roi4,20251027-plate61-slot2-roi8,20251027,61,2,8,20251027_mem-histone,20251027_mem-histone,fish3,3.0,120.0,,4608,20251027_mem-histone,2025-10-27,2025-10-27,ef1a:2xLynk:tdmSG(J) (F1 of allele 302),tdmScarlet3S2:H2B-tol2 (F1 of allele 324),pDQM005|pDQM133,302|324,,,tdmSG|tdmScarlet3,2xLynk|H2B,membrane|histone,tdmSG::2xLynk|tdmScarlet3::H2B,membrane|histone,tdmSG(membrane)|tdmScarlet3(histone),sheet,,,,
/clusterfs/vast/abcabc/Aang_Foundation/20251027_mem-histone/fish3_120hpf_roi5,20251027-plate61-slot2-roi9,20251027,61,2,9,20251027_mem-histone,20251027_mem-histone,fish3,3.0,120.0,,4608,20251027_mem-histone,2025-10-27,2025-10-27,ef1a:2xLynk:tdmSG(J) (F1 of allele 302),tdmScarlet3S2:H2B-tol2 (F1 of allele 324),pDQM005|pDQM133,302|324,,,tdmSG|tdmScarlet3,2xLynk|H2B,membrane|histone,tdmSG::2xLynk|tdmScarlet3::H2B,membrane|histone,tdmSG(membrane)|tdmScarlet3(histone),sheet,,,,
/clusterfs/vast/abcabc/Aang_Foundation/20251027_mem-histone/fish3_120hpf_roi5,20251027-plate61-slot2-roi10,20251027,61,2,10,20251027_mem-histone,20251027_mem-histone,fish3,3.0,120.0,,4608,20251027_mem-histone,2025-10-27,2025-10-27,ef1a:2xLynk:tdmSG(J) (F1 of allele 302),tdmScarlet3S2:H2B-tol2 (F1 of allele 324),pDQM005|pDQM133,302|324,,,tdmSG|tdmScarlet3,2xLynk|H2B,membrane|histone,tdmSG::2xLynk|tdmScarlet3::H2B,membrane|histone,tdmSG(membrane)|tdmScarlet3(histone),sheet,,,,
/clusterfs/vast/abcabc/Aang_Foundation/20251027_mem-histone/fish3_120hpf_roi6,20251027-plate61-slot2-roi11,20251027,61,2,11,20251027_mem-histone,20251027_mem-histone,fish3,3.0,120.0,,4608,20251027_mem-histone,2025-10-27,2025-10-27,ef1a:2xLynk:tdmSG(J) (F1 of allele 302),tdmScarlet3S2:H2B-tol2 (F1 of allele 324),pDQM005|pDQM133,302|324,,,tdmSG|tdmScarlet3,2xLynk|H2B,membrane|histone,tdmSG::2xLynk|tdmScarlet3::H2B,membrane|histone,tdmSG(membrane)|tdmScarlet3(histone),sheet,,,,
/clusterfs/vast/abcabc/Aang_Foundation/20251027_mem-histone/fish3_120hpf_roi6,20251027-plate61-slot2-roi12,20251027,61,2,12,20251027_mem-histone,20251027_mem-histone,fish3,3.0,120.0,,4608,20251027_mem-histone,2025-10-27,2025-10-27,ef1a:2xLynk:tdmSG(J) (F1 of allele 302),tdmScarlet3S2:H2B-tol2 (F1 of allele 324),pDQM005|pDQM133,302|324,,,tdmSG|tdmScarlet3,2xLynk|H2B,membrane|histone,tdmSG::2xLynk|tdmScarlet3::H2B,membrane|histone,tdmSG(membrane)|tdmScarlet3(histone),sheet,,,,
/clusterfs/vast/abcabc/Aang_Foundation/20251027_mem-histone/fish3_120hpf_roi7,20251027-plate61-slot2-roi13,20251027,61,2,13,20251027_mem-histone,20251027_mem-histone,fish3,3.0,120.0,,4608,20251027_mem-histone,2025-10-27,2025-10-27,ef1a:2xLynk:tdmSG(J) (F1 of allele 302),tdmScarlet3S2:H2B-tol2 (F1 of allele 324),pDQM005|pDQM133,302|324,,,tdmSG|tdmScarlet3,2xLynk|H2B,membrane|histone,tdmSG::2xLynk|tdmScarlet3::H2B,membrane|histone,tdmSG(membrane)|tdmScarlet3(histone),sheet,,,,
/clusterfs/vast/abcabc/Aang_Foundation/20251027_mem-histone/fish3_120hpf_roi7,20251027-plate61-slot2-roi14,20251027,61,2,14,20251027_mem-histone,20251027_mem-histone,fish3,3.0,120.0,,4608,20251027_mem-histone,2025-10-27,2025-10-27,ef1a:2xLynk:tdmSG(J) (F1 of allele 302),tdmScarlet3S2:H2B-tol2 (F1 of allele 324),pDQM005|pDQM133,302|324,,,tdmSG|tdmScarlet3,2xLynk|H2B,membrane|histone,tdmSG::2xLynk|tdmScarlet3::H2B,membrane|histone,tdmSG(membrane)|tdmScarlet3(histone),sheet,,,,
/clusterfs/vast/abcabc/Aang_Foundation/20251028_mem-mito/fish1_24hpf_roi1,20251028-plate110-slot1-roi1,20251028,110,1,1,20251028_mem-mito,20251028_mem-mito,fish1,1.0,24.0,,989,20251028_mem-mito,2025-10-28,2025-10-28,casper/rnf,memrane tdmScarlet3S2 (F1 of allele 325),pDQM136,325,,,tdmScarlet3,2xLynk,membrane,tdmScarlet3::2xLynk,membrane,tdmScarlet3(membrane)|mStayGold(mitochondria),sheet,,2xCox8A:mSG,,
/clusterfs/vast/abcabc/Aang_Foundation/20251028_mem-peroxi/fish1_24hpf_roi1,20251028-plate111-slot1-roi1,20251028,111,1,1,20251028_mem-peroxi,20251028_mem-peroxi,fish1,1.0,24.0,,1911,20251028_mem-peroxi,2025-10-28,2025-10-28,casper/rnf,memrane tdmScarlet3S2 (F1 of allele 325),pDQM136,325,,,tdmScarlet3,2xLynk,membrane,tdmScarlet3::2xLynk,membrane,tdmScarlet3(membrane),sheet,MGCO-49_peroxisome-A2UCOE-ef1aextra-mStayGold-SKL,,,
/clusterfs/vast/abcabc/Aang_Foundation/20251028_mem-peroxi/fish4_24hpf_roi1,20251028-plate111-slot2-roi1,20251028,111,2,1,20251028_mem-peroxi,20251028_mem-peroxi,fish4,4.0,24.0,,612,20251028_mem-peroxi,2025-10-28,2025-10-28,casper/rnf,memrane tdmScarlet3S2 (F1 of allele 325),pDQM136,325,,,tdmScarlet3,2xLynk,membrane,tdmScarlet3::2xLynk,membrane,tdmScarlet3(membrane),sheet,MGCO-49_peroxisome-A2UCOE-ef1aextra-mStayGold-SKL,,,
/clusterfs/vast/abcabc/Aang_Foundation/20251028_mem-peroxi/fish4_24hpf_roi2,20251028-plate111-slot2-roi2,20251028,111,2,2,20251028_mem-peroxi,20251028_mem-peroxi,fish4,4.0,24.0,,612,20251028_mem-peroxi,2025-10-28,2025-10-28,casper/rnf,memrane tdmScarlet3S2 (F1 of allele 325),pDQM136,325,,,tdmScarlet3,2xLynk,membrane,tdmScarlet3::2xLynk,membrane,tdmScarlet3(membrane),sheet,MGCO-49_peroxisome-A2UCOE-ef1aextra-mStayGold-SKL,,,
/clusterfs/vast/abcabc/Aang_Foundation/20251028_mem-peroxi/fish5_24hpf_roi1,20251028-plate111-slot3-roi1,20251028,111,3,1,20251028_mem-peroxi,20251028_mem-peroxi,fish5,5.0,24.0,,612,20251028_mem-peroxi,2025-10-28,2025-10-28,casper/rnf,memrane tdmScarlet3S2 (F1 of allele 325),pDQM136,325,,,tdmScarlet3,2xLynk,membrane,tdmScarlet3::2xLynk,membrane,tdmScarlet3(membrane),sheet,MGCO-49_peroxisome-A2UCOE-ef1aextra-mStayGold-SKL,,,
/clusterfs/vast/abcabc/Aang_Foundation/20251028_mem-peroxi/fish5_24hpf_roi2,20251028-plate111-slot3-roi2,20251028,111,3,2,20251028_mem-peroxi,20251028_mem-peroxi,fish5,5.0,24.0,,612,20251028_mem-peroxi,2025-10-28,2025-10-28,casper/rnf,memrane tdmScarlet3S2 (F1 of allele 325),pDQM136,325,,,tdmScarlet3,2xLynk,membrane,tdmScarlet3::2xLynk,membrane,tdmScarlet3(membrane),sheet,MGCO-49_peroxisome-A2UCOE-ef1aextra-mStayGold-SKL,,,
/clusterfs/vast/abcabc/Aang_Foundation/20251028_mem-peroxi2/fish1_24hpf_roi1,20251028-plate112-slot1-roi1,20251028,112,1,1,20251028_mem-peroxi2,20251028_mem-peroxi2,fish1,1.0,24.0,,612,20251028_mem-peroxi2,2025-10-28,2025-10-28,,,,,,,,,,,,,inferred,,,,
/clusterfs/vast/abcabc/Aang_Foundation/20251028_mem-peroxi2/fish2_24hpf_roi1,20251028-plate112-slot2-roi1,20251028,112,2,1,20251028_mem-peroxi2,20251028_mem-peroxi2,fish2,2.0,24.0,,612,20251028_mem-peroxi2,2025-10-28,2025-10-28,,,,,,,,,,,,,inferred,,,,
/clusterfs/vast/abcabc/Aang_Foundation/20251028_mem-peroxi2/fish4_24hpf_roi1,20251028-plate112-slot3-roi1,20251028,112,3,1,20251028_mem-peroxi2,20251028_mem-peroxi2,fish4,4.0,24.0,,612,20251028_mem-peroxi2,2025-10-28,2025-10-28,,,,,,,,,,,,,inferred,,,,
/clusterfs/vast/abcabc/Aang_Foundation/20251028_mem-peroxi2/fish5_24hpf_roi1,20251028-plate112-slot4-roi1,20251028,112,4,1,20251028_mem-peroxi2,20251028_mem-peroxi2,fish5,5.0,24.0,,816,20251028_mem-peroxi2,2025-10-28,2025-10-28,,,,,,,,,,,,,inferred,,,,
/clusterfs/vast/abcabc/Aang_Foundation/20251028_mem-peroxi2/fish6_24hpf_roi1,20251028-plate112-slot5-roi1,20251028,112,5,1,20251028_mem-peroxi2,20251028_mem-peroxi2,fish6,6.0,24.0,,816,20251028_mem-peroxi2,2025-10-28,2025-10-28,,,,,,,,,,,,,inferred,,,,
/clusterfs/vast/abcabc/Aang_Foundation/20251029_peroxi/fish1_roi1,20251029-plate113-slot1-roi1,20251029,113,1,1,20251029_peroxi,20251029_peroxi,fish1,1.0,,,2,20251029_peroxi,2025-10-29,2025-10-29,,,,,,,,,,,,,inferred,,,,
/clusterfs/vast/abcabc/Aang_Foundation/20251105_mem-mito/fish1_24hpf_roi1,20251105-plate114-slot1-roi1,20251105,114,1,1,20251105_mem-mito,20251105_mem-mito,fish1,1.0,24.0,,408,20251105_mem-mito,2025-11-05,2025-11-05,casper,ef1a:2xLynk:tdmChilada (F1 of allele 315),pDQM082,315,,,tdmChilada,2xLynk,membrane,tdmChilada::2xLynk,membrane,tdmChilada(membrane)|mStayGold(mitochondria),sheet,,2xCox8A:mSG,,
/clusterfs/vast/abcabc/Aang_Foundation/20251105_mem-mito/fish2_24hpf_roi1,20251105-plate114-slot2-roi1,20251105,114,2,1,20251105_mem-mito,20251105_mem-mito,fish2,2.0,24.0,,408,20251105_mem-mito,2025-11-05,2025-11-05,casper,ef1a:2xLynk:tdmChilada (F1 of allele 315),pDQM082,315,,,tdmChilada,2xLynk,membrane,tdmChilada::2xLynk,membrane,tdmChilada(membrane)|mStayGold(mitochondria),sheet,,2xCox8A:mSG,,
/clusterfs/vast/abcabc/Aang_Foundation/20251105_mem-mito/fish2_24hpf_roi2,20251105-plate114-slot2-roi2,20251105,114,2,2,20251105_mem-mito,20251105_mem-mito,fish2,2.0,24.0,,340,20251105_mem-mito,2025-11-05,2025-11-05,casper,ef1a:2xLynk:tdmChilada (F1 of allele 315),pDQM082,315,,,tdmChilada,2xLynk,membrane,tdmChilada::2xLynk,membrane,tdmChilada(membrane)|mStayGold(mitochondria),sheet,,2xCox8A:mSG,,
/clusterfs/vast/abcabc/Aang_Foundation/20251105_mem-mito/fish3_24hpf_roi1,20251105-plate114-slot3-roi1,20251105,114,3,1,20251105_mem-mito,20251105_mem-mito,fish3,3.0,24.0,,272,20251105_mem-mito,2025-11-05,2025-11-05,casper,ef1a:2xLynk:tdmChilada (F1 of allele 315),pDQM082,315,,,tdmChilada,2xLynk,membrane,tdmChilada::2xLynk,membrane,tdmChilada(membrane)|mStayGold(mitochondria),sheet,,2xCox8A:mSG,,
/clusterfs/vast/abcabc/Aang_Foundation/20251105_mem-mito/fish3_24hpf_roi2,20251105-plate114-slot3-roi2,20251105,114,3,2,20251105_mem-mito,20251105_mem-mito,fish3,3.0,24.0,,272,20251105_mem-mito,2025-11-05,2025-11-05,casper,ef1a:2xLynk:tdmChilada (F1 of allele 315),pDQM082,315,,,tdmChilada,2xLynk,membrane,tdmChilada::2xLynk,membrane,tdmChilada(membrane)|mStayGold(mitochondria),sheet,,2xCox8A:mSG,,
/clusterfs/vast/abcabc/Aang_Foundation/20251105_mem-mito/fish4_24hpf_roi1,20251105-plate114-slot4-roi1,20251105,114,4,1,20251105_mem-mito,20251105_mem-mito,fish4,4.0,24.0,,272,20251105_mem-mito,2025-11-05,2025-11-05,casper,ef1a:2xLynk:tdmChilada (F1 of allele 315),pDQM082,315,,,tdmChilada,2xLynk,membrane,tdmChilada::2xLynk,membrane,tdmChilada(membrane)|mStayGold(mitochondria),sheet,,2xCox8A:mSG,,
/clusterfs/vast/abcabc/Aang_Foundation/20251105_mem-mito/fish4_24hpf_roi2,20251105-plate114-slot4-roi2,20251105,114,4,2,20251105_mem-mito,20251105_mem-mito,fish4,4.0,24.0,,272,20251105_mem-mito,2025-11-05,2025-11-05,casper,ef1a:2xLynk:tdmChilada (F1 of allele 315),pDQM082,315,,,tdmChilada,2xLynk,membrane,tdmChilada::2xLynk,membrane,tdmChilada(membrane)|mStayGold(mitochondria),sheet,,2xCox8A:mSG,,
/clusterfs/vast/abcabc/Aang_Foundation/20251105_mem-mito/fish5_24hpf_roi1,20251105-plate114-slot5-roi1,20251105,114,5,1,20251105_mem-mito,20251105_mem-mito,fish5,5.0,24.0,,272,20251105_mem-mito,2025-11-05,2025-11-05,casper,ef1a:2xLynk:tdmChilada (F1 of allele 315),pDQM082,315,,,tdmChilada,2xLynk,membrane,tdmChilada::2xLynk,membrane,tdmChilada(membrane)|mStayGold(mitochondria),sheet,,2xCox8A:mSG,,
/clusterfs/vast/abcabc/Aang_Foundation/20251105_mem-mito/fish5_24hpf_roi2,20251105-plate114-slot5-roi2,20251105,114,5,2,20251105_mem-mito,20251105_mem-mito,fish5,5.0,24.0,,272,20251105_mem-mito,2025-11-05,2025-11-05,casper,ef1a:2xLynk:tdmChilada (F1 of allele 315),pDQM082,315,,,tdmChilada,2xLynk,membrane,tdmChilada::2xLynk,membrane,tdmChilada(membrane)|mStayGold(mitochondria),sheet,,2xCox8A:mSG,,
/clusterfs/vast/abcabc/Aang_Foundation/20251106_mem-mito/fish1_48hpf_roi1,20251106-plate63-slot1-roi2,20251106,63,1,2,20251106_mem-mito,20251106_mem-mito,fish1,1.0,48.0,,272,20251106_mem-mito,2025-11-06,2025-11-06,casper,ef1a:2xLynk:tdmChilada (F1 of allele 315),pDQM082,315,,,tdmChilada,2xLynk,membrane,tdmChilada::2xLynk,membrane,tdmChilada(membrane)|mStayGold(mitochondria),sheet,,2xCox8A:mSG,,
/clusterfs/vast/abcabc/Aang_Foundation/20251106_mem-mito/fish1_48hpf_roi2,20251106-plate63-slot1-roi4,20251106,63,1,4,20251106_mem-mito,20251106_mem-mito,fish1,1.0,48.0,,544,20251106_mem-mito,2025-11-06,2025-11-06,casper,ef1a:2xLynk:tdmChilada (F1 of allele 315),pDQM082,315,,,tdmChilada,2xLynk,membrane,tdmChilada::2xLynk,membrane,tdmChilada(membrane)|mStayGold(mitochondria),sheet,,2xCox8A:mSG,,
/clusterfs/vast/abcabc/Aang_Foundation/20251106_mem-mito/fish2_48hpf_roi1,20251106-plate63-slot2-roi2,20251106,63,2,2,20251106_mem-mito,20251106_mem-mito,fish2,2.0,48.0,,272,20251106_mem-mito,2025-11-06,2025-11-06,casper,ef1a:2xLynk:tdmChilada (F1 of allele 315),pDQM082,315,,,tdmChilada,2xLynk,membrane,tdmChilada::2xLynk,membrane,tdmChilada(membrane)|mStayGold(mitochondria),sheet,,2xCox8A:mSG,,
/clusterfs/vast/abcabc/Aang_Foundation/20251106_mem-mito/fish2_48hpf_roi2,20251106-plate63-slot2-roi4,20251106,63,2,4,20251106_mem-mito,20251106_mem-mito,fish2,2.0,48.0,,272,20251106_mem-mito,2025-11-06,2025-11-06,casper,ef1a:2xLynk:tdmChilada (F1 of allele 315),pDQM082,315,,,tdmChilada,2xLynk,membrane,tdmChilada::2xLynk,membrane,tdmChilada(membrane)|mStayGold(mitochondria),sheet,,2xCox8A:mSG,,
/clusterfs/vast/abcabc/Aang_Foundation/20251106_mem-mito/fish2_48hpf_roi3,20251106-plate63-slot2-roi6,20251106,63,2,6,20251106_mem-mito,20251106_mem-mito,fish2,2.0,48.0,,272,20251106_mem-mito,2025-11-06,2025-11-06,casper,ef1a:2xLynk:tdmChilada (F1 of allele 315),pDQM082,315,,,tdmChilada,2xLynk,membrane,tdmChilada::2xLynk,membrane,tdmChilada(membrane)|mStayGold(mitochondria),sheet,,2xCox8A:mSG,,
/clusterfs/vast/abcabc/Aang_Foundation/20251106_mem-mito/fish2_48hpf_roi4,20251106-plate63-slot2-roi8,20251106,63,2,8,20251106_mem-mito,20251106_mem-mito,fish2,2.0,48.0,,272,20251106_mem-mito,2025-11-06,2025-11-06,casper,ef1a:2xLynk:tdmChilada (F1 of allele 315),pDQM082,315,,,tdmChilada,2xLynk,membrane,tdmChilada::2xLynk,membrane,tdmChilada(membrane)|mStayGold(mitochondria),sheet,,2xCox8A:mSG,,
/clusterfs/vast/abcabc/Aang_Foundation/20251106_mem-mito/fish3_48hpf_roi1,20251106-plate63-slot3-roi1,20251106,63,3,1,20251106_mem-mito,20251106_mem-mito,fish3,3.0,48.0,,272,20251106_mem-mito,2025-11-06,2025-11-06,casper,ef1a:2xLynk:tdmChilada (F1 of allele 315),pDQM082,315,,,tdmChilada,2xLynk,membrane,tdmChilada::2xLynk,membrane,tdmChilada(membrane)|mStayGold(mitochondria),sheet,,2xCox8A:mSG,,
/clusterfs/vast/abcabc/Aang_Foundation/20251106_mem-mito/fish3_48hpf_roi2,20251106-plate63-slot3-roi2,20251106,63,3,2,20251106_mem-mito,20251106_mem-mito,fish3,3.0,48.0,,272,20251106_mem-mito,2025-11-06,2025-11-06,casper,ef1a:2xLynk:tdmChilada (F1 of allele 315),pDQM082,315,,,tdmChilada,2xLynk,membrane,tdmChilada::2xLynk,membrane,tdmChilada(membrane)|mStayGold(mitochondria),sheet,,2xCox8A:mSG,,
/clusterfs/vast/abcabc/Aang_Foundation/20251106_mem-mito/fish3_48hpf_roi3,20251106-plate63-slot3-roi3,20251106,63,3,3,20251106_mem-mito,20251106_mem-mito,fish3,3.0,48.0,,272,20251106_mem-mito,2025-11-06,2025-11-06,casper,ef1a:2xLynk:tdmChilada (F1 of allele 315),pDQM082,315,,,tdmChilada,2xLynk,membrane,tdmChilada::2xLynk,membrane,tdmChilada(membrane)|mStayGold(mitochondria),sheet,,2xCox8A:mSG,,
/clusterfs/vast/abcabc/Aang_Foundation/20251106_mem-mito/fish4_48hpf_roi1,20251106-plate63-slot4-roi1,20251106,63,4,1,20251106_mem-mito,20251106_mem-mito,fish4,4.0,48.0,,272,20251106_mem-mito,2025-11-06,2025-11-06,casper,ef1a:2xLynk:tdmChilada (F1 of allele 315),pDQM082,315,,,tdmChilada,2xLynk,membrane,tdmChilada::2xLynk,membrane,tdmChilada(membrane)|mStayGold(mitochondria),sheet,,2xCox8A:mSG,,
/clusterfs/vast/abcabc/Aang_Foundation/20251106_mem-mito/fish4_48hpf_roi2,20251106-plate63-slot4-roi2,20251106,63,4,2,20251106_mem-mito,20251106_mem-mito,fish4,4.0,48.0,,272,20251106_mem-mito,2025-11-06,2025-11-06,casper,ef1a:2xLynk:tdmChilada (F1 of allele 315),pDQM082,315,,,tdmChilada,2xLynk,membrane,tdmChilada::2xLynk,membrane,tdmChilada(membrane)|mStayGold(mitochondria),sheet,,2xCox8A:mSG,,
/clusterfs/vast/abcabc/Aang_Foundation/20251106_mem-mito/fish4_48hpf_roi3,20251106-plate63-slot4-roi3,20251106,63,4,3,20251106_mem-mito,20251106_mem-mito,fish4,4.0,48.0,,272,20251106_mem-mito,2025-11-06,2025-11-06,casper,ef1a:2xLynk:tdmChilada (F1 of allele 315),pDQM082,315,,,tdmChilada,2xLynk,membrane,tdmChilada::2xLynk,membrane,tdmChilada(membrane)|mStayGold(mitochondria),sheet,,2xCox8A:mSG,,
/clusterfs/vast/abcabc/Aang_Foundation/20251106_mem-mito/fish4_48hpf_roi4,20251106-plate63-slot4-roi4,20251106,63,4,4,20251106_mem-mito,20251106_mem-mito,fish4,4.0,48.0,,272,20251106_mem-mito,2025-11-06,2025-11-06,casper,ef1a:2xLynk:tdmChilada (F1 of allele 315),pDQM082,315,,,tdmChilada,2xLynk,membrane,tdmChilada::2xLynk,membrane,tdmChilada(membrane)|mStayGold(mitochondria),sheet,,2xCox8A:mSG,,
/clusterfs/vast/abcabc/Aang_Foundation/20251106_mem-mito/fish5_48hpf_roi1,20251106-plate63-slot5-roi1,20251106,63,5,1,20251106_mem-mito,20251106_mem-mito,fish5,5.0,48.0,,272,20251106_mem-mito,2025-11-06,2025-11-06,casper,ef1a:2xLynk:tdmChilada (F1 of allele 315),pDQM082,315,,,tdmChilada,2xLynk,membrane,tdmChilada::2xLynk,membrane,tdmChilada(membrane)|mStayGold(mitochondria),sheet,,2xCox8A:mSG,,
/clusterfs/vast/abcabc/Aang_Foundation/20251106_mem-mito/fish5_48hpf_roi2,20251106-plate63-slot5-roi2,20251106,63,5,2,20251106_mem-mito,20251106_mem-mito,fish5,5.0,48.0,,272,20251106_mem-mito,2025-11-06,2025-11-06,casper,ef1a:2xLynk:tdmChilada (F1 of allele 315),pDQM082,315,,,tdmChilada,2xLynk,membrane,tdmChilada::2xLynk,membrane,tdmChilada(membrane)|mStayGold(mitochondria),sheet,,2xCox8A:mSG,,
/clusterfs/vast/abcabc/Aang_Foundation/20251106_mem-mito/fish5_48hpf_roi3,20251106-plate63-slot5-roi3,20251106,63,5,3,20251106_mem-mito,20251106_mem-mito,fish5,5.0,48.0,,272,20251106_mem-mito,2025-11-06,2025-11-06,casper,ef1a:2xLynk:tdmChilada (F1 of allele 315),pDQM082,315,,,tdmChilada,2xLynk,membrane,tdmChilada::2xLynk,membrane,tdmChilada(membrane)|mStayGold(mitochondria),sheet,,2xCox8A:mSG,,
/clusterfs/vast/abcabc/Aang_Foundation/20251107_mem-kinectocore/fish1_72hpf_roi1,20251107-plate115-slot1-roi1,20251107,115,1,1,20251107_mem-kinectocore,20251107_mem-kinectocore,fish1,1.0,72.0,,504,20251107_mem-kinectocore,2025-11-07,2025-11-07,,,,,,,,,,,,,inferred,,,,
/clusterfs/vast/abcabc/Aang_Foundation/20251107_mem-mito/fish1_24hpf_roi1,20251107-plate116-slot1-roi1,20251107,116,1,1,20251107_mem-mito,20251107_mem-mito,fish1,1.0,24.0,,37,20251107_mem-mito,2025-11-07,2025-11-07,,,,,,,,,,,,,inferred,,,,
/clusterfs/vast/abcabc/Aang_Foundation/20251107_mem-mito/fish1_24hpf_roi1-2,20251107-plate116-slot1-roi2,20251107,116,1,2,20251107_mem-mito,20251107_mem-mito,fish1,1.0,24.0,fish1|roi1-2,400,20251107_mem-mito,2025-11-07,2025-11-07,,,,,,,,,,,,,inferred,,,,
/clusterfs/vast/abcabc/Aang_Foundation/20251107_mem-mito/fish1_24hpf_roi2,20251107-plate116-slot1-roi3,20251107,116,1,3,20251107_mem-mito,20251107_mem-mito,fish1,1.0,24.0,,400,20251107_mem-mito,2025-11-07,2025-11-07,,,,,,,,,,,,,inferred,,,,
/clusterfs/vast/abcabc/Aang_Foundation/20251107_mem-mito/fish1_24hpf_roi3,20251107-plate116-slot1-roi4,20251107,116,1,4,20251107_mem-mito,20251107_mem-mito,fish1,1.0,24.0,,115,20251107_mem-mito,2025-11-07,2025-11-07,,,,,,,,,,,,,inferred,,,,
/clusterfs/vast/abcabc/Aang_Foundation/20251107_mem-mito/fish2_24hpf_roi3,20251107-plate116-slot2-roi1,20251107,116,2,1,20251107_mem-mito,20251107_mem-mito,fish2,2.0,24.0,,400,20251107_mem-mito,2025-11-07,2025-11-07,,,,,,,,,,,,,inferred,,,,
/clusterfs/vast/abcabc/Aang_Foundation/20251107_mem-mito/fish3_24hpf_roi1,20251107-plate116-slot3-roi1,20251107,116,3,1,20251107_mem-mito,20251107_mem-mito,fish3,3.0,24.0,,400,20251107_mem-mito,2025-11-07,2025-11-07,,,,,,,,,,,,,inferred,,,,
/clusterfs/vast/abcabc/Aang_Foundation/20251107_mem-mito/fish3_24hpf_roi2,20251107-plate116-slot3-roi2,20251107,116,3,2,20251107_mem-mito,20251107_mem-mito,fish3,3.0,24.0,,400,20251107_mem-mito,2025-11-07,2025-11-07,,,,,,,,,,,,,inferred,,,,
/clusterfs/vast/abcabc/Aang_Foundation/20251107_mem-mito/fish4_24hpf_roi1,20251107-plate116-slot4-roi1,20251107,116,4,1,20251107_mem-mito,20251107_mem-mito,fish4,4.0,24.0,,400,20251107_mem-mito,2025-11-07,2025-11-07,,,,,,,,,,,,,inferred,,,,
/clusterfs/vast/abcabc/Aang_Foundation/20251107_mem-mito/fish4_24hpf_roi2,20251107-plate116-slot4-roi2,20251107,116,4,2,20251107_mem-mito,20251107_mem-mito,fish4,4.0,24.0,,400,20251107_mem-mito,2025-11-07,2025-11-07,,,,,,,,,,,,,inferred,,,,
/clusterfs/vast/abcabc/Aang_Foundation/20251107_mem-mito/fish5_24hpf_roi1,20251107-plate116-slot5-roi1,20251107,116,5,1,20251107_mem-mito,20251107_mem-mito,fish5,5.0,24.0,,400,20251107_mem-mito,2025-11-07,2025-11-07,,,,,,,,,,,,,inferred,,,,
/clusterfs/vast/abcabc/Aang_Foundation/20251107_mem-mito/fish5_24hpf_roi2,20251107-plate116-slot5-roi2,20251107,116,5,2,20251107_mem-mito,20251107_mem-mito,fish5,5.0,24.0,,400,20251107_mem-mito,2025-11-07,2025-11-07,,,,,,,,,,,,,inferred,,,,
/clusterfs/vast/abcabc/Aang_Foundation/20251107_mem-mito/fish6_24hpf_roi1,20251107-plate116-slot6-roi1,20251107,116,6,1,20251107_mem-mito,20251107_mem-mito,fish6,6.0,24.0,,400,20251107_mem-mito,2025-11-07,2025-11-07,,,,,,,,,,,,,inferred,,,,
/clusterfs/vast/abcabc/Aang_Foundation/20251107_mem-mito/fish6_24hpf_roi2,20251107-plate116-slot6-roi2,20251107,116,6,2,20251107_mem-mito,20251107_mem-mito,fish6,6.0,24.0,,400,20251107_mem-mito,2025-11-07,2025-11-07,,,,,,,,,,,,,inferred,,,,
/clusterfs/vast/abcabc/Aang_Foundation/Denoising/20251028_peroxi/roi1_560_10ms,20251028-plate117-slot1-roi1,20251028,117,1,1,20251028_peroxi,20251028_peroxi,20251028_peroxi,,,10ms,2,Denoising,2025-10-28,2025-10-28,,,,,,,,,,,,,inferred,,,,
/clusterfs/vast/abcabc/Aang_Foundation/Denoising/20251028_peroxi/roi1_560_76ms,20251028-plate117-slot1-roi2,20251028,117,1,2,20251028_peroxi,20251028_peroxi,20251028_peroxi,,,76ms,2,Denoising,2025-10-28,2025-10-28,,,,,,,,,,,,,inferred,,,,
/clusterfs/vast/abcabc/Aang_Foundation/Denoising/20251029_mem-histone/fish1_roi1,20251029-plate62-slot1-roi1,20251029,62,1,1,20251029_mem-histone,20251029_mem-histone,fish1,1.0,,,96,Denoising,2025-10-29,2025-10-29,ef1a:2xLynk:tdmSG(J) (F1 of allele 302),tdmScarlet3S2:H2B-tol2 (F1 of allele 324),pDQM005|pDQM133,302|324,,,tdmSG|tdmScarlet3,2xLynk|H2B,membrane|histone,tdmSG::2xLynk|tdmScarlet3::H2B,membrane|histone,tdmSG(membrane)|tdmScarlet3(histone)|mStayGold(mitochondria),sheet,,2xCox8A:mSG,,
/clusterfs/vast/abcabc/Aang_Foundation/Denoising/20251029_mem-histone/fish3_roi1,20251029-plate62-slot3-roi2,20251029,62,3,2,20251029_mem-histone,20251029_mem-histone,fish3,3.0,,,288,Denoising,2025-10-29,2025-10-29,ef1a:2xLynk:tdmSG(J) (F1 of allele 302),tdmScarlet3S2:H2B-tol2 (F1 of allele 324),pDQM005|pDQM133,302|324,,,tdmSG|tdmScarlet3,2xLynk|H2B,membrane|histone,tdmSG::2xLynk|tdmScarlet3::H2B,membrane|histone,tdmSG(membrane)|tdmScarlet3(histone)|mStayGold(mitochondria),sheet,,2xCox8A:mSG,,
/clusterfs/vast/abcabc/Aang_Foundation/Denoising/20251029_mem-histone/fish4_roi1,20251029-plate62-slot4-roi1,20251029,62,4,1,20251029_mem-histone,20251029_mem-histone,fish4,4.0,,,288,Denoising,2025-10-29,2025-10-29,ef1a:2xLynk:tdmSG(J) (F1 of allele 302),tdmScarlet3S2:H2B-tol2 (F1 of allele 324),pDQM005|pDQM133,302|324,,,tdmSG|tdmScarlet3,2xLynk|H2B,membrane|histone,tdmSG::2xLynk|tdmScarlet3::H2B,membrane|histone,tdmSG(membrane)|tdmScarlet3(histone)|mStayGold(mitochondria),sheet,,2xCox8A:mSG,,
/clusterfs/vast/abcabc/Aang_Foundation/Denoising/20251029_mem-histone/fish5_roi1,20251029-plate62-slot5-roi3,20251029,62,5,3,20251029_mem-histone,20251029_mem-histone,fish5,5.0,,,288,Denoising,2025-10-29,2025-10-29,ef1a:2xLynk:tdmSG(J) (F1 of allele 302),tdmScarlet3S2:H2B-tol2 (F1 of allele 324),pDQM005|pDQM133,302|324,,,tdmSG|tdmScarlet3,2xLynk|H2B,membrane|histone,tdmSG::2xLynk|tdmScarlet3::H2B,membrane|histone,tdmSG(membrane)|tdmScarlet3(histone)|mStayGold(mitochondria),sheet,,2xCox8A:mSG,,
/clusterfs/vast/abcabc/Aang_Foundation/Denoising/20251029_mem-histone/fish5_roi2,20251029-plate62-slot5-roi4,20251029,62,5,4,20251029_mem-histone,20251029_mem-histone,fish5,5.0,,,288,Denoising,2025-10-29,2025-10-29,ef1a:2xLynk:tdmSG(J) (F1 of allele 302),tdmScarlet3S2:H2B-tol2 (F1 of allele 324),pDQM005|pDQM133,302|324,,,tdmSG|tdmScarlet3,2xLynk|H2B,membrane|histone,tdmSG::2xLynk|tdmScarlet3::H2B,membrane|histone,tdmSG(membrane)|tdmScarlet3(histone)|mStayGold(mitochondria),sheet,,2xCox8A:mSG,,
/clusterfs/vast/abcabc/Aang_Foundation/Denoising/20251029_mem-histone/fish5_roi3,20251029-plate62-slot5-roi5,20251029,62,5,5,20251029_mem-histone,20251029_mem-histone,fish5,5.0,,,288,Denoising,2025-10-29,2025-10-29,ef1a:2xLynk:tdmSG(J) (F1 of allele 302),tdmScarlet3S2:H2B-tol2 (F1 of allele 324),pDQM005|pDQM133,302|324,,,tdmSG|tdmScarlet3,2xLynk|H2B,membrane|histone,tdmSG::2xLynk|tdmScarlet3::H2B,membrane|histone,tdmSG(membrane)|tdmScarlet3(histone)|mStayGold(mitochondria),sheet,,2xCox8A:mSG,,
/clusterfs/vast/abcabc/Aang_Foundation/Denoising/20251029_peroxi/fish1_roi1,20251029-plate113-slot1-roi2,20251029,113,1,2,20251029_peroxi,20251029_peroxi,fish1,1.0,,,144,Denoising,2025-10-29,2025-10-29,,,,,,,,,,,,,inferred,,,,
/clusterfs/vast/abcabc/Aang_Foundation/Denoising/20251029_peroxi/fish3_roi1,20251029-plate113-slot2-roi1,20251029,113,2,1,20251029_peroxi,20251029_peroxi,fish3,3.0,,,444,Denoising,2025-10-29,2025-10-29,,,,,,,,,,,,,inferred,,,,
