roi_dir,bruker_roi_id,plate_date,plate_id_filled,slot_id_filled,roi_index_within_slot,dataset_slug,experiment_folder,fish_id,fish_number,fish_age_hpf,roi_anatomy,roi_tiffs,date_experiment,Date imaged,date_mount,genotype_base_codes,genotype_allele_codes,treatment_rna_rna_base_code,treatment_plasmid_plasmid_base_code,genotype_marker_fluor_codes,genotype_marker_tag_codes,genotype_marker_localizations,genotype_marker_fusion_labels,treatment_marker_fluor_codes,treatment_marker_tag_codes,treatment_marker_localizations,treatment_marker_fluor_loc_labels,all_unique_organelles,all_fluor_organelles,link_source
/clusterfs/vast/abcabc/Aang_Foundation/20250721_72hpf_mrna_mSG_organelle_LLS-SIM/er_roi1,20250721-plate65-slot1-roi1,20250721,65,1,1,20250721_72hpf_mrna_mSG_organelle_LLS-SIM,20250721_72hpf_mrna_mSG_organelle_LLS-SIM,fish1,1,,,74,20250721_72hpf_mrna_mSG_organelle_LLS-SIM,,,,,MGCO-04|MGCO-01,,,,,,mStayGold,sec61b|2Xcox8A,ER|mitochondria,mStayGold(ER)|mStayGold(mitochondria),ER|mitochondria,mStayGold(ER)|mStayGold(mitochondria),unmatched
/clusterfs/vast/abcabc/Aang_Foundation/20250721_72hpf_mrna_mSG_organelle_LLS-SIM/er_roi2,20250721-plate65-slot2-roi1,20250721,65,2,1,20250721_72hpf_mrna_mSG_organelle_LLS-SIM,20250721_72hpf_mrna_mSG_organelle_LLS-SIM,fish2,2,,,74,20250721_72hpf_mrna_mSG_organelle_LLS-SIM,,,,,MGCO-04|MGCO-01,,,,,,mStayGold,sec61b|2Xcox8A,ER|mitochondria,mStayGold(ER)|mStayGold(mitochondria),ER|mitochondria,mStayGold(ER)|mStayGold(mitochondria),unmatched
/clusterfs/vast/abcabc/Aang_Foundation/20250721_72hpf_mrna_mSG_organelle_LLS-SIM/er_roi3,20250721-plate65-slot3-roi1,20250721,65,3,1,20250721_72hpf_mrna_mSG_organelle_LLS-SIM,20250721_72hpf_mrna_mSG_organelle_LLS-SIM,fish3,3,,,80,20250721_72hpf_mrna_mSG_organelle_LLS-SIM,,,,,MGCO-04|MGCO-01,,,,,,mStayGold,sec61b|2Xcox8A,ER|mitochondria,mStayGold(ER)|mStayGold(mitochondria),ER|mitochondria,mStayGold(ER)|mStayGold(mitochondria),unmatched
/clusterfs/vast/abcabc/Aang_Foundation/20250721_72hpf_mrna_mSG_organelle_LLS-SIM/mito_roi1,20250721-plate65-slot1-roi2,20250721,65,1,2,20250721_72hpf_mrna_mSG_organelle_LLS-SIM,20250721_72hpf_mrna_mSG_organelle_LLS-SIM,fish1,1,,,50,20250721_72hpf_mrna_mSG_organelle_LLS-SIM,,,,,MGCO-04|MGCO-01,,,,,,mStayGold,sec61b|2Xcox8A,ER|mitochondria,mStayGold(ER)|mStayGold(mitochondria),ER|mitochondria,mStayGold(ER)|mStayGold(mitochondria),unmatched
/clusterfs/vast/abcabc/Aang_Foundation/20250721_72hpf_mrna_mSG_organelle_LLS-SIM/mito_roi2,20250721-plate65-slot2-roi2,20250721,65,2,2,20250721_72hpf_mrna_mSG_organelle_LLS-SIM,20250721_72hpf_mrna_mSG_organelle_LLS-SIM,fish2,2,,,80,20250721_72hpf_mrna_mSG_organelle_LLS-SIM,,,,,MGCO-04|MGCO-01,,,,,,mStayGold,sec61b|2Xcox8A,ER|mitochondria,mStayGold(ER)|mStayGold(mitochondria),ER|mitochondria,mStayGold(ER)|mStayGold(mitochondria),unmatched
/clusterfs/vast/abcabc/Aang_Foundation/20250722_mem-halo_er-mSG/fish1_24hpf_roi1,20250722-plate66-slot1-roi1,20250722,66,1,1,20250722_mem-halo_er-mSG,20250722_mem-halo_er-mSG,fish1,1,24,,33,20250722_mem-halo_er-mSG,7/22/25,7/22/25,,,MGCO-04,,,,,,mStayGold,sec61b,ER,mStayGold(ER),ER,mStayGold(ER),sheet
/clusterfs/vast/abcabc/Aang_Foundation/20250722_mem-halo_er-mSG/fish1_24hpf_roi2,20250722-plate66-slot1-roi2,20250722,66,1,2,20250722_mem-halo_er-mSG,20250722_mem-halo_er-mSG,fish1,1,24,,109,20250722_mem-halo_er-mSG,7/22/25,7/22/25,,,MGCO-04,,,,,,mStayGold,sec61b,ER,mStayGold(ER),ER,mStayGold(ER),sheet
/clusterfs/vast/abcabc/Aang_Foundation/20250722_mem-halo_er-mSG/fish1_24hpf_roi3,20250722-plate66-slot1-roi3,20250722,66,1,3,20250722_mem-halo_er-mSG,20250722_mem-halo_er-mSG,fish1,1,24,,37,20250722_mem-halo_er-mSG,7/22/25,7/22/25,,,MGCO-04,,,,,,mStayGold,sec61b,ER,mStayGold(ER),ER,mStayGold(ER),sheet
/clusterfs/vast/abcabc/Aang_Foundation/20250722_mem-halo_er-mSG/fish1_24hpf_roi4,20250722-plate66-slot1-roi4,20250722,66,1,4,20250722_mem-halo_er-mSG,20250722_mem-halo_er-mSG,fish1,1,24,,140,20250722_mem-halo_er-mSG,7/22/25,7/22/25,,,MGCO-04,,,,,,mStayGold,sec61b,ER,mStayGold(ER),ER,mStayGold(ER),sheet
/clusterfs/vast/abcabc/Aang_Foundation/20250722_mem-halo_er-mSG/fish1_24hpf_roi5,20250722-plate66-slot1-roi5,20250722,66,1,5,20250722_mem-halo_er-mSG,20250722_mem-halo_er-mSG,fish1,1,24,,37,20250722_mem-halo_er-mSG,7/22/25,7/22/25,,,MGCO-04,,,,,,mStayGold,sec61b,ER,mStayGold(ER),ER,mStayGold(ER),sheet
/clusterfs/vast/abcabc/Aang_Foundation/20250722_mem-halo_er-mSG/fish2_24hpf_roi1,20250722-plate66-slot2-roi1,20250722,66,2,1,20250722_mem-halo_er-mSG,20250722_mem-halo_er-mSG,fish2,2,24,,109,20250722_mem-halo_er-mSG,7/22/25,7/22/25,,,MGCO-04,,,,,,mStayGold,sec61b,ER,mStayGold(ER),ER,mStayGold(ER),sheet
/clusterfs/vast/abcabc/Aang_Foundation/20250722_mem-halo_er-mSG/fish2_24hpf_roi2,20250722-plate66-slot2-roi2,20250722,66,2,2,20250722_mem-halo_er-mSG,20250722_mem-halo_er-mSG,fish2,2,24,,105,20250722_mem-halo_er-mSG,7/22/25,7/22/25,,,MGCO-04,,,,,,mStayGold,sec61b,ER,mStayGold(ER),ER,mStayGold(ER),sheet
/clusterfs/vast/abcabc/Aang_Foundation/20250722_mem-halo_er-mSG/fish2_24hpf_roi3,20250722-plate66-slot2-roi3,20250722,66,2,3,20250722_mem-halo_er-mSG,20250722_mem-halo_er-mSG,fish2,2,24,,105,20250722_mem-halo_er-mSG,7/22/25,7/22/25,,,MGCO-04,,,,,,mStayGold,sec61b,ER,mStayGold(ER),ER,mStayGold(ER),sheet
/clusterfs/vast/abcabc/Aang_Foundation/20250722_mem-halo_er-mSG/fish2_24hpf_roi4,20250722-plate66-slot2-roi4,20250722,66,2,4,20250722_mem-halo_er-mSG,20250722_mem-halo_er-mSG,fish2,2,24,,35,20250722_mem-halo_er-mSG,7/22/25,7/22/25,,,MGCO-04,,,,,,mStayGold,sec61b,ER,mStayGold(ER),ER,mStayGold(ER),sheet
/clusterfs/vast/abcabc/Aang_Foundation/20250722_mrna_mito-mSG_mem-mChilada/fish1_roi1,20250722-plate67-slot1-roi1,20250722,67,1,1,20250722_mrna_mito-mSG_mem-mChilada,20250722_mrna_mito-mSG_mem-mChilada,fish1,1,,,40,20250722_mrna_mito-mSG_mem-mChilada,7/22/25,7/22/25,,,MGCO-01,,,,,,mStayGold,2Xcox8A,mitochondria,mStayGold(mitochondria),mitochondria,mStayGold(mitochondria),sheet
/clusterfs/vast/abcabc/Aang_Foundation/20250722_mrna_mito-mSG_mem-mChilada/fish1_roi2,20250722-plate67-slot1-roi2,20250722,67,1,2,20250722_mrna_mito-mSG_mem-mChilada,20250722_mrna_mito-mSG_mem-mChilada,fish1,1,,,65,20250722_mrna_mito-mSG_mem-mChilada,7/22/25,7/22/25,,,MGCO-01,,,,,,mStayGold,2Xcox8A,mitochondria,mStayGold(mitochondria),mitochondria,mStayGold(mitochondria),sheet
/clusterfs/vast/abcabc/Aang_Foundation/20250722_mrna_mito-mSG_mem-mChilada/fish1_roi3,20250722-plate67-slot1-roi3,20250722,67,1,3,20250722_mrna_mito-mSG_mem-mChilada,20250722_mrna_mito-mSG_mem-mChilada,fish1,1,,,61,20250722_mrna_mito-mSG_mem-mChilada,7/22/25,7/22/25,,,MGCO-01,,,,,,mStayGold,2Xcox8A,mitochondria,mStayGold(mitochondria),mitochondria,mStayGold(mitochondria),sheet
/clusterfs/vast/abcabc/Aang_Foundation/20250722_mrna_mito-mSG_mem-mChilada/fish2_48hpf_roi1,20250722-plate67-slot2-roi1,20250722,67,2,1,20250722_mrna_mito-mSG_mem-mChilada,20250722_mrna_mito-mSG_mem-mChilada,fish2,2,48,,56,20250722_mrna_mito-mSG_mem-mChilada,7/22/25,7/22/25,,,MGCO-01,,,,,,mStayGold,2Xcox8A,mitochondria,mStayGold(mitochondria),mitochondria,mStayGold(mitochondria),sheet
/clusterfs/vast/abcabc/Aang_Foundation/20250722_mrna_mito-mSG_mem-mChilada/fish2_48hpf_roi2,20250722-plate67-slot2-roi2,20250722,67,2,2,20250722_mrna_mito-mSG_mem-mChilada,20250722_mrna_mito-mSG_mem-mChilada,fish2,2,48,,70,20250722_mrna_mito-mSG_mem-mChilada,7/22/25,7/22/25,,,MGCO-01,,,,,,mStayGold,2Xcox8A,mitochondria,mStayGold(mitochondria),mitochondria,mStayGold(mitochondria),sheet
/clusterfs/vast/abcabc/Aang_Foundation/20250722_mrna_mito-mSG_mem-mChilada/fish2_48hpf_roi3,20250722-plate67-slot2-roi3,20250722,67,2,3,20250722_mrna_mito-mSG_mem-mChilada,20250722_mrna_mito-mSG_mem-mChilada,fish2,2,48,,93,20250722_mrna_mito-mSG_mem-mChilada,7/22/25,7/22/25,,,MGCO-01,,,,,,mStayGold,2Xcox8A,mitochondria,mStayGold(mitochondria),mitochondria,mStayGold(mitochondria),sheet
/clusterfs/vast/abcabc/Aang_Foundation/20250722_mrna_mito-mSG_mem-mChilada/fish2_48hpf_roi4,20250722-plate67-slot2-roi4,20250722,67,2,4,20250722_mrna_mito-mSG_mem-mChilada,20250722_mrna_mito-mSG_mem-mChilada,fish2,2,48,,70,20250722_mrna_mito-mSG_mem-mChilada,7/22/25,7/22/25,,,MGCO-01,,,,,,mStayGold,2Xcox8A,mitochondria,mStayGold(mitochondria),mitochondria,mStayGold(mitochondria),sheet
/clusterfs/vast/abcabc/Aang_Foundation/20250722_mrna_mito-mSG_mem-mChilada/fish2_48hpf_roi5,20250722-plate67-slot2-roi5,20250722,67,2,5,20250722_mrna_mito-mSG_mem-mChilada,20250722_mrna_mito-mSG_mem-mChilada,fish2,2,48,,72,20250722_mrna_mito-mSG_mem-mChilada,7/22/25,7/22/25,,,MGCO-01,,,,,,mStayGold,2Xcox8A,mitochondria,mStayGold(mitochondria),mitochondria,mStayGold(mitochondria),sheet
/clusterfs/vast/abcabc/Aang_Foundation/20250722_mrna_mito-mSG_mem-mChilada/fish3_48hpf_roi1,20250722-plate67-slot3-roi1,20250722,67,3,1,20250722_mrna_mito-mSG_mem-mChilada,20250722_mrna_mito-mSG_mem-mChilada,fish3,3,48,,70,20250722_mrna_mito-mSG_mem-mChilada,7/22/25,7/22/25,,,MGCO-01,,,,,,mStayGold,2Xcox8A,mitochondria,mStayGold(mitochondria),mitochondria,mStayGold(mitochondria),sheet
/clusterfs/vast/abcabc/Aang_Foundation/20250722_mrna_mito-mSG_mem-mChilada/fish3_48hpf_roi2,20250722-plate67-slot3-roi2,20250722,67,3,2,20250722_mrna_mito-mSG_mem-mChilada,20250722_mrna_mito-mSG_mem-mChilada,fish3,3,48,,70,20250722_mrna_mito-mSG_mem-mChilada,7/22/25,7/22/25,,,MGCO-01,,,,,,mStayGold,2Xcox8A,mitochondria,mStayGold(mitochondria),mitochondria,mStayGold(mitochondria),sheet
/clusterfs/vast/abcabc/Aang_Foundation/20250722_mrna_mito-mSG_mem-mChilada/fish3_48hpf_roi3,20250722-plate67-slot3-roi3,20250722,67,3,3,20250722_mrna_mito-mSG_mem-mChilada,20250722_mrna_mito-mSG_mem-mChilada,fish3,3,48,,70,20250722_mrna_mito-mSG_mem-mChilada,7/22/25,7/22/25,,,MGCO-01,,,,,,mStayGold,2Xcox8A,mitochondria,mStayGold(mitochondria),mitochondria,mStayGold(mitochondria),sheet
/clusterfs/vast/abcabc/Aang_Foundation/20250722_mrna_mito-mSG_mem-mChilada/fish3_48hpf_roi4,20250722-plate67-slot3-roi4,20250722,67,3,4,20250722_mrna_mito-mSG_mem-mChilada,20250722_mrna_mito-mSG_mem-mChilada,fish3,3,48,,70,20250722_mrna_mito-mSG_mem-mChilada,7/22/25,7/22/25,,,MGCO-01,,,,,,mStayGold,2Xcox8A,mitochondria,mStayGold(mitochondria),mitochondria,mStayGold(mitochondria),sheet
/clusterfs/vast/abcabc/Aang_Foundation/20250723_er-mSG_mem-mChilada/fish1_24hpf_roi1,20250723-plate68-slot1-roi1,20250723,68,1,1,20250723_er-mSG_mem-mChilada,20250723_er-mSG_mem-mChilada,fish1,1,24,,390,20250723_er-mSG_mem-mChilada,7/23/25,7/23/25,pDQM082,315,MGCO-04|MGCO-01,,tdmChilada,2xLynk,membrane,tdmChilada(membrane),mStayGold,sec61b|2Xcox8A,ER|mitochondria,mStayGold(ER)|mStayGold(mitochondria),membrane|ER|mitochondria,tdmChilada(membrane)|mStayGold(ER)|mStayGold(mitochondria),date_match
/clusterfs/vast/abcabc/Aang_Foundation/20250805_lifeact_mem-halo/fish1_48hpf_roi1,20250805-plate69-slot1-roi1,20250805,69,1,1,20250805_lifeact_mem-halo,20250805_lifeact_mem-halo,fish1,1,48,,390,20250805_lifeact_mem-halo,,,,,MGCO-24|MGCO-39,,,,,,Halo,lifeact|2Xcox8A,actin|mitochondria,Halo(actin)|Halo(mitochondria),actin|mitochondria,Halo(actin)|Halo(mitochondria),unmatched
/clusterfs/vast/abcabc/Aang_Foundation/20250805_lifeact_mem-halo/fish1_48hpf_roi2,20250805-plate69-slot1-roi2,20250805,69,1,2,20250805_lifeact_mem-halo,20250805_lifeact_mem-halo,fish1,1,48,,390,20250805_lifeact_mem-halo,,,,,MGCO-24|MGCO-39,,,,,,Halo,lifeact|2Xcox8A,actin|mitochondria,Halo(actin)|Halo(mitochondria),actin|mitochondria,Halo(actin)|Halo(mitochondria),unmatched
/clusterfs/vast/abcabc/Aang_Foundation/20250805_lifeact_mem-halo/fish1_48hpf_roi3,20250805-plate69-slot1-roi3,20250805,69,1,3,20250805_lifeact_mem-halo,20250805_lifeact_mem-halo,fish1,1,48,,390,20250805_lifeact_mem-halo,,,,,MGCO-24|MGCO-39,,,,,,Halo,lifeact|2Xcox8A,actin|mitochondria,Halo(actin)|Halo(mitochondria),actin|mitochondria,Halo(actin)|Halo(mitochondria),unmatched
/clusterfs/vast/abcabc/Aang_Foundation/20250805_lifeact_mem-halo/fish1_48hpf_roi4,20250805-plate69-slot1-roi4,20250805,69,1,4,20250805_lifeact_mem-halo,20250805_lifeact_mem-halo,fish1,1,48,,390,20250805_lifeact_mem-halo,,,,,MGCO-24|MGCO-39,,,,,,Halo,lifeact|2Xcox8A,actin|mitochondria,Halo(actin)|Halo(mitochondria),actin|mitochondria,Halo(actin)|Halo(mitochondria),unmatched
/clusterfs/vast/abcabc/Aang_Foundation/20250805_lifeact_mem-halo/fish1_48hpf_roi5,20250805-plate69-slot1-roi5,20250805,69,1,5,20250805_lifeact_mem-halo,20250805_lifeact_mem-halo,fish1,1,48,,390,20250805_lifeact_mem-halo,,,,,MGCO-24|MGCO-39,,,,,,Halo,lifeact|2Xcox8A,actin|mitochondria,Halo(actin)|Halo(mitochondria),actin|mitochondria,Halo(actin)|Halo(mitochondria),unmatched
/clusterfs/vast/abcabc/Aang_Foundation/20250805_mito_mem-halo/fish1_24hpf_roi1,20250805-plate70-slot1-roi1,20250805,70,1,1,20250805_mito_mem-halo,20250805_mito_mem-halo,fish1,1,24,,390,20250805_mito_mem-halo,8/5/25,8/5/25,,,MGCO-01,,,,,,mStayGold,2Xcox8A,mitochondria,mStayGold(mitochondria),mitochondria,mStayGold(mitochondria),sheet
/clusterfs/vast/abcabc/Aang_Foundation/20250805_mito_mem-halo/fish1_24hpf_roi2,20250805-plate70-slot1-roi2,20250805,70,1,2,20250805_mito_mem-halo,20250805_mito_mem-halo,fish1,1,24,,390,20250805_mito_mem-halo,8/5/25,8/5/25,,,MGCO-01,,,,,,mStayGold,2Xcox8A,mitochondria,mStayGold(mitochondria),mitochondria,mStayGold(mitochondria),sheet
/clusterfs/vast/abcabc/Aang_Foundation/20250805_mito_mem-halo/fish2_24hpf_roi1,20250805-plate70-slot2-roi1,20250805,70,2,1,20250805_mito_mem-halo,20250805_mito_mem-halo,fish2,2,24,,390,20250805_mito_mem-halo,8/5/25,8/5/25,,,MGCO-01,,,,,,mStayGold,2Xcox8A,mitochondria,mStayGold(mitochondria),mitochondria,mStayGold(mitochondria),sheet
/clusterfs/vast/abcabc/Aang_Foundation/20250805_mito_mem-halo/fish2_24hpf_roi2,20250805-plate70-slot2-roi2,20250805,70,2,2,20250805_mito_mem-halo,20250805_mito_mem-halo,fish2,2,24,,390,20250805_mito_mem-halo,8/5/25,8/5/25,,,MGCO-01,,,,,,mStayGold,2Xcox8A,mitochondria,mStayGold(mitochondria),mitochondria,mStayGold(mitochondria),sheet
/clusterfs/vast/abcabc/Aang_Foundation/20250805_mito_mem-halo/fish2_24hpf_roi3,20250805-plate70-slot2-roi3,20250805,70,2,3,20250805_mito_mem-halo,20250805_mito_mem-halo,fish2,2,24,,390,20250805_mito_mem-halo,8/5/25,8/5/25,,,MGCO-01,,,,,,mStayGold,2Xcox8A,mitochondria,mStayGold(mitochondria),mitochondria,mStayGold(mitochondria),sheet
/clusterfs/vast/abcabc/Aang_Foundation/20250805_mito_mem-halo/fish3_24hpf_roi1,20250805-plate70-slot3-roi1,20250805,70,3,1,20250805_mito_mem-halo,20250805_mito_mem-halo,fish3,3,24,,390,20250805_mito_mem-halo,8/5/25,8/5/25,,,MGCO-01,,,,,,mStayGold,2Xcox8A,mitochondria,mStayGold(mitochondria),mitochondria,mStayGold(mitochondria),sheet
/clusterfs/vast/abcabc/Aang_Foundation/20250805_mito_mem-halo/fish3_24hpf_roi2,20250805-plate70-slot3-roi2,20250805,70,3,2,20250805_mito_mem-halo,20250805_mito_mem-halo,fish3,3,24,,780,20250805_mito_mem-halo,8/5/25,8/5/25,,,MGCO-01,,,,,,mStayGold,2Xcox8A,mitochondria,mStayGold(mitochondria),mitochondria,mStayGold(mitochondria),sheet
/clusterfs/vast/abcabc/Aang_Foundation/20250808_mem_organelle/fish1_24hpf_mem-mchilada_lyso-mSG/roi1,20250808-plate71-slot1-roi1,20250808,71,1,1,20250808_mem_organelle,20250808_mem_organelle,fish1,1,24,,108,20250808_mem_organelle,8/8/25,8/8/25,,,MGCO-01|MGCO-15,,,,,,mStayGold,2Xcox8A|LAMP1,mitochondria|lysosome,mStayGold(mitochondria)|mStayGold(lysosome),mitochondria|lysosome,mStayGold(mitochondria)|mStayGold(lysosome),sheet
/clusterfs/vast/abcabc/Aang_Foundation/20250808_mem_organelle/fish1_24hpf_mem-mchilada_lyso-mSG/roi1_1,20250808-plate71-slot1-roi3,20250808,71,1,3,20250808_mem_organelle,20250808_mem_organelle,fish1,1,24,,300,20250808_mem_organelle,8/8/25,8/8/25,,,MGCO-01|MGCO-15,,,,,,mStayGold,2Xcox8A|LAMP1,mitochondria|lysosome,mStayGold(mitochondria)|mStayGold(lysosome),mitochondria|lysosome,mStayGold(mitochondria)|mStayGold(lysosome),sheet
/clusterfs/vast/abcabc/Aang_Foundation/20250808_mem_organelle/fish1_24hpf_mem-mchilada_lyso-mSG/roi1_test,20250808-plate71-slot1-roi5,20250808,71,1,5,20250808_mem_organelle,20250808_mem_organelle,fish1,1,24,,6,20250808_mem_organelle,8/8/25,8/8/25,,,MGCO-01|MGCO-15,,,,,,mStayGold,2Xcox8A|LAMP1,mitochondria|lysosome,mStayGold(mitochondria)|mStayGold(lysosome),mitochondria|lysosome,mStayGold(mitochondria)|mStayGold(lysosome),sheet
/clusterfs/vast/abcabc/Aang_Foundation/20250808_mem_organelle/fish1_24hpf_mem-mchilada_lyso-mSG/roi2,20250808-plate71-slot1-roi7,20250808,71,1,7,20250808_mem_organelle,20250808_mem_organelle,fish1,1,24,,300,20250808_mem_organelle,8/8/25,8/8/25,,,MGCO-01|MGCO-15,,,,,,mStayGold,2Xcox8A|LAMP1,mitochondria|lysosome,mStayGold(mitochondria)|mStayGold(lysosome),mitochondria|lysosome,mStayGold(mitochondria)|mStayGold(lysosome),sheet
/clusterfs/vast/abcabc/Aang_Foundation/20250808_mem_organelle/fish1_24hpf_mem-mchilada_lyso-mSG/roi3,20250808-plate71-slot1-roi10,20250808,71,1,10,20250808_mem_organelle,20250808_mem_organelle,fish1,1,24,,300,20250808_mem_organelle,8/8/25,8/8/25,,,MGCO-15|MGCO-01,,,,,,mStayGold,LAMP1|2Xcox8A,lysosome|mitochondria,mStayGold(lysosome)|mStayGold(mitochondria),lysosome|mitochondria,mStayGold(lysosome)|mStayGold(mitochondria),sheet
/clusterfs/vast/abcabc/Aang_Foundation/20250808_mem_organelle/fish2_24hpf_mem-mchilada_lyso-mSG/roi1,20250808-plate71-slot2-roi1,20250808,71,2,1,20250808_mem_organelle,20250808_mem_organelle,fish2,2,24,,300,20250808_mem_organelle,8/8/25,8/8/25,,,MGCO-01|MGCO-15,,,,,,mStayGold,2Xcox8A|LAMP1,mitochondria|lysosome,mStayGold(mitochondria)|mStayGold(lysosome),mitochondria|lysosome,mStayGold(mitochondria)|mStayGold(lysosome),sheet
/clusterfs/vast/abcabc/Aang_Foundation/20250808_mem_organelle/fish2_24hpf_mem-mchilada_lyso-mSG/roi2,20250808-plate71-slot2-roi3,20250808,71,2,3,20250808_mem_organelle,20250808_mem_organelle,fish2,2,24,,300,20250808_mem_organelle,8/8/25,8/8/25,,,MGCO-01|MGCO-15,,,,,,mStayGold,2Xcox8A|LAMP1,mitochondria|lysosome,mStayGold(mitochondria)|mStayGold(lysosome),mitochondria|lysosome,mStayGold(mitochondria)|mStayGold(lysosome),sheet
/clusterfs/vast/abcabc/Aang_Foundation/20250808_mem_organelle/fish2_24hpf_mem-mchilada_lyso-mSG/roi3,20250808-plate71-slot2-roi5,20250808,71,2,5,20250808_mem_organelle,20250808_mem_organelle,fish2,2,24,,300,20250808_mem_organelle,8/8/25,8/8/25,,,MGCO-01|MGCO-15,,,,,,mStayGold,2Xcox8A|LAMP1,mitochondria|lysosome,mStayGold(mitochondria)|mStayGold(lysosome),mitochondria|lysosome,mStayGold(mitochondria)|mStayGold(lysosome),sheet
/clusterfs/vast/abcabc/Aang_Foundation/20250808_mem_organelle/fish3_24hpf_mem-mchilada_mito-mSG/roi1,20250808-plate71-slot3-roi1,20250808,71,3,1,20250808_mem_organelle,20250808_mem_organelle,fish3,3,24,,300,20250808_mem_organelle,8/8/25,8/8/25,,,MGCO-01|MGCO-15,,,,,,mStayGold,2Xcox8A|LAMP1,mitochondria|lysosome,mStayGold(mitochondria)|mStayGold(lysosome),mitochondria|lysosome,mStayGold(mitochondria)|mStayGold(lysosome),sheet
/clusterfs/vast/abcabc/Aang_Foundation/20250808_mem_organelle/fish3_24hpf_mem-mchilada_mito-mSG/roi2,20250808-plate71-slot3-roi3,20250808,71,3,3,20250808_mem_organelle,20250808_mem_organelle,fish3,3,24,,300,20250808_mem_organelle,8/8/25,8/8/25,,,MGCO-01|MGCO-15,,,,,,mStayGold,2Xcox8A|LAMP1,mitochondria|lysosome,mStayGold(mitochondria)|mStayGold(lysosome),mitochondria|lysosome,mStayGold(mitochondria)|mStayGold(lysosome),sheet
/clusterfs/vast/abcabc/Aang_Foundation/20250808_mem_organelle/fish3_24hpf_mem-mchilada_mito-mSG/roi3,20250808-plate71-slot3-roi5,20250808,71,3,5,20250808_mem_organelle,20250808_mem_organelle,fish3,3,24,,300,20250808_mem_organelle,8/8/25,8/8/25,,,MGCO-01|MGCO-15,,,,,,mStayGold,2Xcox8A|LAMP1,mitochondria|lysosome,mStayGold(mitochondria)|mStayGold(lysosome),mitochondria|lysosome,mStayGold(mitochondria)|mStayGold(lysosome),sheet
/clusterfs/vast/abcabc/Aang_Foundation/20250808_mem_organelle/fish3_24hpf_mem-mchilada_mito-mSG/roi4,20250808-plate71-slot3-roi8,20250808,71,3,8,20250808_mem_organelle,20250808_mem_organelle,fish3,3,24,,300,20250808_mem_organelle,8/8/25,8/8/25,,,MGCO-15|MGCO-01,,,,,,mStayGold,LAMP1|2Xcox8A,lysosome|mitochondria,mStayGold(lysosome)|mStayGold(mitochondria),lysosome|mitochondria,mStayGold(lysosome)|mStayGold(mitochondria),sheet
/clusterfs/vast/abcabc/Aang_Foundation/20250808_mem_organelle/fish4_24hpf_mem-mchilada_mito-mSG/roi1,20250808-plate71-slot4-roi1,20250808,71,4,1,20250808_mem_organelle,20250808_mem_organelle,fish4,4,24,,300,20250808_mem_organelle,8/8/25,8/8/25,,,MGCO-01|MGCO-15,,,,,,mStayGold,2Xcox8A|LAMP1,mitochondria|lysosome,mStayGold(mitochondria)|mStayGold(lysosome),mitochondria|lysosome,mStayGold(mitochondria)|mStayGold(lysosome),sheet
/clusterfs/vast/abcabc/Aang_Foundation/20250808_mem_organelle/fish4_24hpf_mem-mchilada_mito-mSG/roi2,20250808-plate71-slot4-roi3,20250808,71,4,3,20250808_mem_organelle,20250808_mem_organelle,fish4,4,24,,300,20250808_mem_organelle,8/8/25,8/8/25,,,MGCO-01|MGCO-15,,,,,,mStayGold,2Xcox8A|LAMP1,mitochondria|lysosome,mStayGold(mitochondria)|mStayGold(lysosome),mitochondria|lysosome,mStayGold(mitochondria)|mStayGold(lysosome),sheet
/clusterfs/vast/abcabc/Aang_Foundation/20250808_mem_organelle/fish4_24hpf_mem-mchilada_mito-mSG/roi3,20250808-plate71-slot4-roi5,20250808,71,4,5,20250808_mem_organelle,20250808_mem_organelle,fish4,4,24,,300,20250808_mem_organelle,8/8/25,8/8/25,,,MGCO-01|MGCO-15,,,,,,mStayGold,2Xcox8A|LAMP1,mitochondria|lysosome,mStayGold(mitochondria)|mStayGold(lysosome),mitochondria|lysosome,mStayGold(mitochondria)|mStayGold(lysosome),sheet
/clusterfs/vast/abcabc/Aang_Foundation/20250808_mem_organelle/fish4_24hpf_mem-mchilada_mito-mSG/roi4,20250808-plate71-slot4-roi7,20250808,71,4,7,20250808_mem_organelle,20250808_mem_organelle,fish4,4,24,,300,20250808_mem_organelle,8/8/25,8/8/25,,,MGCO-01|MGCO-15,,,,,,mStayGold,2Xcox8A|LAMP1,mitochondria|lysosome,mStayGold(mitochondria)|mStayGold(lysosome),mitochondria|lysosome,mStayGold(mitochondria)|mStayGold(lysosome),sheet
/clusterfs/vast/abcabc/Aang_Foundation/20250808_mem_organelle/fish4_24hpf_mem-mchilada_mito-mSG/roi5,20250808-plate71-slot4-roi9,20250808,71,4,9,20250808_mem_organelle,20250808_mem_organelle,fish4,4,24,,300,20250808_mem_organelle,8/8/25,8/8/25,,,MGCO-01|MGCO-15,,,,,,mStayGold,2Xcox8A|LAMP1,mitochondria|lysosome,mStayGold(mitochondria)|mStayGold(lysosome),mitochondria|lysosome,mStayGold(mitochondria)|mStayGold(lysosome),sheet
/clusterfs/vast/abcabc/Aang_Foundation/20250808_mem_organelle/fish4_24hpf_mem-mchilada_mito-mSG/roi6,20250808-plate71-slot4-roi11,20250808,71,4,11,20250808_mem_organelle,20250808_mem_organelle,fish4,4,24,,300,20250808_mem_organelle,8/8/25,8/8/25,,,MGCO-01|MGCO-15,,,,,,mStayGold,2Xcox8A|LAMP1,mitochondria|lysosome,mStayGold(mitochondria)|mStayGold(lysosome),mitochondria|lysosome,mStayGold(mitochondria)|mStayGold(lysosome),sheet
/clusterfs/vast/abcabc/Aang_Foundation/20250808_mem_organelle/fish4_24hpf_mem-mchilada_mito-mSG/roi7,20250808-plate71-slot4-roi13,20250808,71,4,13,20250808_mem_organelle,20250808_mem_organelle,fish4,4,24,,300,20250808_mem_organelle,8/8/25,8/8/25,,,MGCO-01|MGCO-15,,,,,,mStayGold,2Xcox8A|LAMP1,mitochondria|lysosome,mStayGold(mitochondria)|mStayGold(lysosome),mitochondria|lysosome,mStayGold(mitochondria)|mStayGold(lysosome),sheet
/clusterfs/vast/abcabc/Aang_Foundation/20250808_mem_organelle/fish4_24hpf_mem-mchilada_mito-mSG/roi8,20250808-plate71-slot4-roi15,20250808,71,4,15,20250808_mem_organelle,20250808_mem_organelle,fish4,4,24,,300,20250808_mem_organelle,8/8/25,8/8/25,,,MGCO-01|MGCO-15,,,,,,mStayGold,2Xcox8A|LAMP1,mitochondria|lysosome,mStayGold(mitochondria)|mStayGold(lysosome),mitochondria|lysosome,mStayGold(mitochondria)|mStayGold(lysosome),sheet
/clusterfs/vast/abcabc/Aang_Foundation/20250808_mem_organelle/fish4_24hpf_mem-mchilada_mito-mSG/roi9,20250808-plate71-slot4-roi18,20250808,71,4,18,20250808_mem_organelle,20250808_mem_organelle,fish4,4,24,,300,20250808_mem_organelle,8/8/25,8/8/25,,,MGCO-15|MGCO-01,,,,,,mStayGold,LAMP1|2Xcox8A,lysosome|mitochondria,mStayGold(lysosome)|mStayGold(mitochondria),lysosome|mitochondria,mStayGold(lysosome)|mStayGold(mitochondria),sheet
/clusterfs/vast/abcabc/Aang_Foundation/20250819_mem_ER/fish1_24hpf_roi2,20250819-plate72-slot1-roi1,20250819,72,1,1,20250819_mem_ER,20250819_mem_ER,fish1,1,24,,400,20250819_mem_ER,8/19/25,8/19/25,,,MGCO-04,,,,,,mStayGold,sec61b,ER,mStayGold(ER),ER,mStayGold(ER),sheet
/clusterfs/vast/abcabc/Aang_Foundation/20250819_mem_ER/fish1_24hpf_roi3,20250819-plate72-slot1-roi2,20250819,72,1,2,20250819_mem_ER,20250819_mem_ER,fish1,1,24,,409,20250819_mem_ER,8/19/25,8/19/25,,,MGCO-04,,,,,,mStayGold,sec61b,ER,mStayGold(ER),ER,mStayGold(ER),sheet
/clusterfs/vast/abcabc/Aang_Foundation/20250819_mem_ER/fish1_24hpf_roi4,20250819-plate72-slot1-roi3,20250819,72,1,3,20250819_mem_ER,20250819_mem_ER,fish1,1,24,,306,20250819_mem_ER,8/19/25,8/19/25,,,MGCO-04,,,,,,mStayGold,sec61b,ER,mStayGold(ER),ER,mStayGold(ER),sheet
/clusterfs/vast/abcabc/Aang_Foundation/20250819_mem_ER/fish1_24hpf_roi5,20250819-plate72-slot1-roi4,20250819,72,1,4,20250819_mem_ER,20250819_mem_ER,fish1,1,24,,306,20250819_mem_ER,8/19/25,8/19/25,,,MGCO-04,,,,,,mStayGold,sec61b,ER,mStayGold(ER),ER,mStayGold(ER),sheet
/clusterfs/vast/abcabc/Aang_Foundation/20250819_mem_ER/fish2_24hpf_roi1,20250819-plate72-slot2-roi1,20250819,72,2,1,20250819_mem_ER,20250819_mem_ER,fish2,2,24,,408,20250819_mem_ER,8/19/25,8/19/25,,,MGCO-04,,,,,,mStayGold,sec61b,ER,mStayGold(ER),ER,mStayGold(ER),sheet
/clusterfs/vast/abcabc/Aang_Foundation/20250819_mem_ER/fish2_24hpf_roi2,20250819-plate72-slot2-roi2,20250819,72,2,2,20250819_mem_ER,20250819_mem_ER,fish2,2,24,,408,20250819_mem_ER,8/19/25,8/19/25,,,MGCO-04,,,,,,mStayGold,sec61b,ER,mStayGold(ER),ER,mStayGold(ER),sheet
/clusterfs/vast/abcabc/Aang_Foundation/20250819_mem_ER/fish2_24hpf_roi3,20250819-plate72-slot2-roi3,20250819,72,2,3,20250819_mem_ER,20250819_mem_ER,fish2,2,24,,408,20250819_mem_ER,8/19/25,8/19/25,,,MGCO-04,,,,,,mStayGold,sec61b,ER,mStayGold(ER),ER,mStayGold(ER),sheet
/clusterfs/vast/abcabc/Aang_Foundation/20250819_mem_ER/roi1_newscripttest,20250819-plate72-slot1-roi5,20250819,72,1,5,20250819_mem_ER,20250819_mem_ER,fish1,1,,,24,20250819_mem_ER,8/19/25,8/19/25,,,MGCO-04,,,,,,mStayGold,sec61b,ER,mStayGold(ER),ER,mStayGold(ER),sheet
/clusterfs/vast/abcabc/Aang_Foundation/20250819_mem_mito/fish1_24hpf_roi1,20250819-plate73-slot1-roi1,20250819,73,1,1,20250819_mem_mito,20250819_mem_mito,fish1,1,24,,600,20250819_mem_mito,8/19/25,8/19/25,pDQM082,315,MGCO-01,,tdmChilada,2xLynk,membrane,tdmChilada(membrane),mStayGold,2Xcox8A,mitochondria,mStayGold(mitochondria),membrane|mitochondria,tdmChilada(membrane)|mStayGold(mitochondria),sheet
/clusterfs/vast/abcabc/Aang_Foundation/20250819_mem_mito/fish1_24hpf_roi2,20250819-plate73-slot1-roi2,20250819,73,1,2,20250819_mem_mito,20250819_mem_mito,fish1,1,24,,600,20250819_mem_mito,8/19/25,8/19/25,pDQM082,315,MGCO-01,,tdmChilada,2xLynk,membrane,tdmChilada(membrane),mStayGold,2Xcox8A,mitochondria,mStayGold(mitochondria),membrane|mitochondria,tdmChilada(membrane)|mStayGold(mitochondria),sheet
/clusterfs/vast/abcabc/Aang_Foundation/20250819_mem_mito/fish1_24hpf_roi3,20250819-plate73-slot1-roi3,20250819,73,1,3,20250819_mem_mito,20250819_mem_mito,fish1,1,24,,600,20250819_mem_mito,8/19/25,8/19/25,pDQM082,315,MGCO-01,,tdmChilada,2xLynk,membrane,tdmChilada(membrane),mStayGold,2Xcox8A,mitochondria,mStayGold(mitochondria),membrane|mitochondria,tdmChilada(membrane)|mStayGold(mitochondria),sheet
/clusterfs/vast/abcabc/Aang_Foundation/20250819_mem_mito/fish1_24hpf_roi4,20250819-plate73-slot1-roi4,20250819,73,1,4,20250819_mem_mito,20250819_mem_mito,fish1,1,24,,600,20250819_mem_mito,8/19/25,8/19/25,pDQM082,315,MGCO-01,,tdmChilada,2xLynk,membrane,tdmChilada(membrane),mStayGold,2Xcox8A,mitochondria,mStayGold(mitochondria),membrane|mitochondria,tdmChilada(membrane)|mStayGold(mitochondria),sheet
/clusterfs/vast/abcabc/Aang_Foundation/20250819_mem_mito/fish1_24hpf_roi5,20250819-plate73-slot1-roi5,20250819,73,1,5,20250819_mem_mito,20250819_mem_mito,fish1,1,24,,600,20250819_mem_mito,8/19/25,8/19/25,pDQM082,315,MGCO-01,,tdmChilada,2xLynk,membrane,tdmChilada(membrane),mStayGold,2Xcox8A,mitochondria,mStayGold(mitochondria),membrane|mitochondria,tdmChilada(membrane)|mStayGold(mitochondria),sheet
/clusterfs/vast/abcabc/Aang_Foundation/20250819_mem_mito/fish1_24hpf_roi6,20250819-plate73-slot1-roi6,20250819,73,1,6,20250819_mem_mito,20250819_mem_mito,fish1,1,24,,600,20250819_mem_mito,8/19/25,8/19/25,pDQM082,315,MGCO-01,,tdmChilada,2xLynk,membrane,tdmChilada(membrane),mStayGold,2Xcox8A,mitochondria,mStayGold(mitochondria),membrane|mitochondria,tdmChilada(membrane)|mStayGold(mitochondria),sheet
/clusterfs/vast/abcabc/Aang_Foundation/20250819_mem_mito/fish1_24hpf_roi7,20250819-plate73-slot1-roi7,20250819,73,1,7,20250819_mem_mito,20250819_mem_mito,fish1,1,24,,600,20250819_mem_mito,8/19/25,8/19/25,pDQM082,315,MGCO-01,,tdmChilada,2xLynk,membrane,tdmChilada(membrane),mStayGold,2Xcox8A,mitochondria,mStayGold(mitochondria),membrane|mitochondria,tdmChilada(membrane)|mStayGold(mitochondria),sheet
/clusterfs/vast/abcabc/Aang_Foundation/20250819_mem_mito/fish1_24hpf_roi8,20250819-plate73-slot1-roi8,20250819,73,1,8,20250819_mem_mito,20250819_mem_mito,fish1,1,24,,600,20250819_mem_mito,8/19/25,8/19/25,pDQM082,315,MGCO-01,,tdmChilada,2xLynk,membrane,tdmChilada(membrane),mStayGold,2Xcox8A,mitochondria,mStayGold(mitochondria),membrane|mitochondria,tdmChilada(membrane)|mStayGold(mitochondria),sheet
/clusterfs/vast/abcabc/Aang_Foundation/20250819_mem_mito/fish2_24hpf_roi1,20250819-plate73-slot2-roi1,20250819,73,2,1,20250819_mem_mito,20250819_mem_mito,fish2,2,24,,600,20250819_mem_mito,8/19/25,8/19/25,pDQM082,315,MGCO-01,,tdmChilada,2xLynk,membrane,tdmChilada(membrane),mStayGold,2Xcox8A,mitochondria,mStayGold(mitochondria),membrane|mitochondria,tdmChilada(membrane)|mStayGold(mitochondria),sheet
/clusterfs/vast/abcabc/Aang_Foundation/20250819_mem_mito/fish2_24hpf_roi2,20250819-plate73-slot2-roi2,20250819,73,2,2,20250819_mem_mito,20250819_mem_mito,fish2,2,24,,600,20250819_mem_mito,8/19/25,8/19/25,pDQM082,315,MGCO-01,,tdmChilada,2xLynk,membrane,tdmChilada(membrane),mStayGold,2Xcox8A,mitochondria,mStayGold(mitochondria),membrane|mitochondria,tdmChilada(membrane)|mStayGold(mitochondria),sheet
/clusterfs/vast/abcabc/Aang_Foundation/20250819_mem_mito/fish3_24hpf_roi1,20250819-plate73-slot3-roi1,20250819,73,3,1,20250819_mem_mito,20250819_mem_mito,fish3,3,24,,600,20250819_mem_mito,8/19/25,8/19/25,pDQM082,315,MGCO-01,,tdmChilada,2xLynk,membrane,tdmChilada(membrane),mStayGold,2Xcox8A,mitochondria,mStayGold(mitochondria),membrane|mitochondria,tdmChilada(membrane)|mStayGold(mitochondria),sheet
/clusterfs/vast/abcabc/Aang_Foundation/20250819_mem_mito/fish4_48hpf_roi1,20250819-plate73-slot4-roi1,20250819,73,4,1,20250819_mem_mito,20250819_mem_mito,fish4,4,48,,600,20250819_mem_mito,8/19/25,8/19/25,pDQM082,315,MGCO-01,,tdmChilada,2xLynk,membrane,tdmChilada(membrane),mStayGold,2Xcox8A,mitochondria,mStayGold(mitochondria),membrane|mitochondria,tdmChilada(membrane)|mStayGold(mitochondria),sheet
/clusterfs/vast/abcabc/Aang_Foundation/20250819_mem_mito/fish4_48hpf_roi3,20250819-plate73-slot4-roi2,20250819,73,4,2,20250819_mem_mito,20250819_mem_mito,fish4,4,48,,600,20250819_mem_mito,8/19/25,8/19/25,pDQM082,315,MGCO-01,,tdmChilada,2xLynk,membrane,tdmChilada(membrane),mStayGold,2Xcox8A,mitochondria,mStayGold(mitochondria),membrane|mitochondria,tdmChilada(membrane)|mStayGold(mitochondria),sheet
/clusterfs/vast/abcabc/Aang_Foundation/20250819_mem_mito/fish4_48hpf_roi4,20250819-plate73-slot4-roi3,20250819,73,4,3,20250819_mem_mito,20250819_mem_mito,fish4,4,48,,600,20250819_mem_mito,8/19/25,8/19/25,pDQM082,315,MGCO-01,,tdmChilada,2xLynk,membrane,tdmChilada(membrane),mStayGold,2Xcox8A,mitochondria,mStayGold(mitochondria),membrane|mitochondria,tdmChilada(membrane)|mStayGold(mitochondria),sheet
/clusterfs/vast/abcabc/Aang_Foundation/20250819_mem_mito/fish4_48hpf_roi5,20250819-plate73-slot4-roi4,20250819,73,4,4,20250819_mem_mito,20250819_mem_mito,fish4,4,48,,600,20250819_mem_mito,8/19/25,8/19/25,pDQM082,315,MGCO-01,,tdmChilada,2xLynk,membrane,tdmChilada(membrane),mStayGold,2Xcox8A,mitochondria,mStayGold(mitochondria),membrane|mitochondria,tdmChilada(membrane)|mStayGold(mitochondria),sheet
/clusterfs/vast/abcabc/Aang_Foundation/20250819_mem_mito/fish4_48hpf_roi6,20250819-plate73-slot4-roi5,20250819,73,4,5,20250819_mem_mito,20250819_mem_mito,fish4,4,48,,600,20250819_mem_mito,8/19/25,8/19/25,pDQM082,315,MGCO-01,,tdmChilada,2xLynk,membrane,tdmChilada(membrane),mStayGold,2Xcox8A,mitochondria,mStayGold(mitochondria),membrane|mitochondria,tdmChilada(membrane)|mStayGold(mitochondria),sheet
/clusterfs/vast/abcabc/Aang_Foundation/20250819_mem_mito/fish4_48hpf_roi7,20250819-plate73-slot4-roi6,20250819,73,4,6,20250819_mem_mito,20250819_mem_mito,fish4,4,48,,600,20250819_mem_mito,8/19/25,8/19/25,pDQM082,315,MGCO-01,,tdmChilada,2xLynk,membrane,tdmChilada(membrane),mStayGold,2Xcox8A,mitochondria,mStayGold(mitochondria),membrane|mitochondria,tdmChilada(membrane)|mStayGold(mitochondria),sheet
/clusterfs/vast/abcabc/Aang_Foundation/20250819_mem_mito/fish4_48hpf_roi8,20250819-plate73-slot4-roi7,20250819,73,4,7,20250819_mem_mito,20250819_mem_mito,fish4,4,48,,600,20250819_mem_mito,8/19/25,8/19/25,pDQM082,315,MGCO-01,,tdmChilada,2xLynk,membrane,tdmChilada(membrane),mStayGold,2Xcox8A,mitochondria,mStayGold(mitochondria),membrane|mitochondria,tdmChilada(membrane)|mStayGold(mitochondria),sheet
/clusterfs/vast/abcabc/Aang_Foundation/20250819_mem_mito/fish5_48hpf_roi11,20250819-plate73-slot5-roi1,20250819,73,5,1,20250819_mem_mito,20250819_mem_mito,fish5,5,48,,900,20250819_mem_mito,8/19/25,8/19/25,pDQM082,315,MGCO-01,,tdmChilada,2xLynk,membrane,tdmChilada(membrane),mStayGold,2Xcox8A,mitochondria,mStayGold(mitochondria),membrane|mitochondria,tdmChilada(membrane)|mStayGold(mitochondria),sheet
/clusterfs/vast/abcabc/Aang_Foundation/20250819_mem_mito/fish5_48hpf_roi12,20250819-plate73-slot5-roi2,20250819,73,5,2,20250819_mem_mito,20250819_mem_mito,fish5,5,48,,900,20250819_mem_mito,8/19/25,8/19/25,pDQM082,315,MGCO-01,,tdmChilada,2xLynk,membrane,tdmChilada(membrane),mStayGold,2Xcox8A,mitochondria,mStayGold(mitochondria),membrane|mitochondria,tdmChilada(membrane)|mStayGold(mitochondria),sheet
/clusterfs/vast/abcabc/Aang_Foundation/20250819_mem_mito/fish6_48hpf_roi1,20250819-plate73-slot6-roi1,20250819,73,6,1,20250819_mem_mito,20250819_mem_mito,fish6,6,48,,900,20250819_mem_mito,8/19/25,8/19/25,pDQM082,315,MGCO-01,,tdmChilada,2xLynk,membrane,tdmChilada(membrane),mStayGold,2Xcox8A,mitochondria,mStayGold(mitochondria),membrane|mitochondria,tdmChilada(membrane)|mStayGold(mitochondria),sheet
/clusterfs/vast/abcabc/Aang_Foundation/20250819_mem_mito/fish6_48hpf_roi2,20250819-plate73-slot6-roi2,20250819,73,6,2,20250819_mem_mito,20250819_mem_mito,fish6,6,48,,900,20250819_mem_mito,8/19/25,8/19/25,pDQM082,315,MGCO-01,,tdmChilada,2xLynk,membrane,tdmChilada(membrane),mStayGold,2Xcox8A,mitochondria,mStayGold(mitochondria),membrane|mitochondria,tdmChilada(membrane)|mStayGold(mitochondria),sheet
/clusterfs/vast/abcabc/Aang_Foundation/20250819_mem_mito/fish6_48hpf_roi3,20250819-plate73-slot6-roi3,20250819,73,6,3,20250819_mem_mito,20250819_mem_mito,fish6,6,48,,900,20250819_mem_mito,8/19/25,8/19/25,pDQM082,315,MGCO-01,,tdmChilada,2xLynk,membrane,tdmChilada(membrane),mStayGold,2Xcox8A,mitochondria,mStayGold(mitochondria),membrane|mitochondria,tdmChilada(membrane)|mStayGold(mitochondria),sheet
/clusterfs/vast/abcabc/Aang_Foundation/20250819_mem_mito/fish6_48hpf_roi4,20250819-plate73-slot6-roi4,20250819,73,6,4,20250819_mem_mito,20250819_mem_mito,fish6,6,48,,900,20250819_mem_mito,8/19/25,8/19/25,pDQM082,315,MGCO-01,,tdmChilada,2xLynk,membrane,tdmChilada(membrane),mStayGold,2Xcox8A,mitochondria,mStayGold(mitochondria),membrane|mitochondria,tdmChilada(membrane)|mStayGold(mitochondria),sheet
/clusterfs/vast/abcabc/Aang_Foundation/20250819_mem_mito/fish6_48hpf_roi5,20250819-plate73-slot6-roi5,20250819,73,6,5,20250819_mem_mito,20250819_mem_mito,fish6,6,48,,900,20250819_mem_mito,8/19/25,8/19/25,pDQM082,315,MGCO-01,,tdmChilada,2xLynk,membrane,tdmChilada(membrane),mStayGold,2Xcox8A,mitochondria,mStayGold(mitochondria),membrane|mitochondria,tdmChilada(membrane)|mStayGold(mitochondria),sheet
/clusterfs/vast/abcabc/Aang_Foundation/20250821_mem_mito/fish1_24hpf_roi1,20250821-plate74-slot1-roi1,20250821,74,1,1,20250821_mem_mito,20250821_mem_mito,fish1,1,24,,1500,20250821_mem_mito,8/21/25,8/21/25,pDQM082,315,MGCO-01,,tdmChilada,2xLynk,membrane,tdmChilada(membrane),mStayGold,2Xcox8A,mitochondria,mStayGold(mitochondria),membrane|mitochondria,tdmChilada(membrane)|mStayGold(mitochondria),sheet
/clusterfs/vast/abcabc/Aang_Foundation/20250821_mem_mito/fish1_24hpf_roi2,20250821-plate74-slot1-roi2,20250821,74,1,2,20250821_mem_mito,20250821_mem_mito,fish1,1,24,,1500,20250821_mem_mito,8/21/25,8/21/25,pDQM082,315,MGCO-01,,tdmChilada,2xLynk,membrane,tdmChilada(membrane),mStayGold,2Xcox8A,mitochondria,mStayGold(mitochondria),membrane|mitochondria,tdmChilada(membrane)|mStayGold(mitochondria),sheet
/clusterfs/vast/abcabc/Aang_Foundation/20250821_mem_mito/fish2_24hpf_roi1,20250821-plate74-slot2-roi1,20250821,74,2,1,20250821_mem_mito,20250821_mem_mito,fish2,2,24,,900,20250821_mem_mito,8/21/25,8/21/25,pDQM082,315,MGCO-01,,tdmChilada,2xLynk,membrane,tdmChilada(membrane),mStayGold,2Xcox8A,mitochondria,mStayGold(mitochondria),membrane|mitochondria,tdmChilada(membrane)|mStayGold(mitochondria),sheet
/clusterfs/vast/abcabc/Aang_Foundation/20250821_mem_mito/fish2_24hpf_roi2,20250821-plate74-slot2-roi2,20250821,74,2,2,20250821_mem_mito,20250821_mem_mito,fish2,2,24,,900,20250821_mem_mito,8/21/25,8/21/25,pDQM082,315,MGCO-01,,tdmChilada,2xLynk,membrane,tdmChilada(membrane),mStayGold,2Xcox8A,mitochondria,mStayGold(mitochondria),membrane|mitochondria,tdmChilada(membrane)|mStayGold(mitochondria),sheet
/clusterfs/vast/abcabc/Aang_Foundation/20250821_mem_mito/fish3_24hpf_roi1,20250821-plate74-slot3-roi1,20250821,74,3,1,20250821_mem_mito,20250821_mem_mito,fish3,3,24,,1500,20250821_mem_mito,8/21/25,8/21/25,pDQM082,315,MGCO-01,,tdmChilada,2xLynk,membrane,tdmChilada(membrane),mStayGold,2Xcox8A,mitochondria,mStayGold(mitochondria),membrane|mitochondria,tdmChilada(membrane)|mStayGold(mitochondria),sheet
/clusterfs/vast/abcabc/Aang_Foundation/20250821_mem_mito/fish3_24hpf_roi2,20250821-plate74-slot3-roi2,20250821,74,3,2,20250821_mem_mito,20250821_mem_mito,fish3,3,24,,1500,20250821_mem_mito,8/21/25,8/21/25,pDQM082,315,MGCO-01,,tdmChilada,2xLynk,membrane,tdmChilada(membrane),mStayGold,2Xcox8A,mitochondria,mStayGold(mitochondria),membrane|mitochondria,tdmChilada(membrane)|mStayGold(mitochondria),sheet
/clusterfs/vast/abcabc/Aang_Foundation/20250821_mem_mito/fish4_24hpf_roi1,20250821-plate74-slot4-roi1,20250821,74,4,1,20250821_mem_mito,20250821_mem_mito,fish4,4,24,,1500,20250821_mem_mito,8/21/25,8/21/25,pDQM082,315,MGCO-01,,tdmChilada,2xLynk,membrane,tdmChilada(membrane),mStayGold,2Xcox8A,mitochondria,mStayGold(mitochondria),membrane|mitochondria,tdmChilada(membrane)|mStayGold(mitochondria),sheet
/clusterfs/vast/abcabc/Aang_Foundation/20250821_mem_mito/fish4_24hpf_roi2,20250821-plate74-slot4-roi2,20250821,74,4,2,20250821_mem_mito,20250821_mem_mito,fish4,4,24,,1500,20250821_mem_mito,8/21/25,8/21/25,pDQM082,315,MGCO-01,,tdmChilada,2xLynk,membrane,tdmChilada(membrane),mStayGold,2Xcox8A,mitochondria,mStayGold(mitochondria),membrane|mitochondria,tdmChilada(membrane)|mStayGold(mitochondria),sheet
/clusterfs/vast/abcabc/Aang_Foundation/20250821_mem_mito/fish6_24hpf_roi1,20250821-plate74-slot5-roi1,20250821,74,5,1,20250821_mem_mito,20250821_mem_mito,fish6,6,24,,1500,20250821_mem_mito,8/21/25,8/21/25,pDQM082,315,MGCO-01,,tdmChilada,2xLynk,membrane,tdmChilada(membrane),mStayGold,2Xcox8A,mitochondria,mStayGold(mitochondria),membrane|mitochondria,tdmChilada(membrane)|mStayGold(mitochondria),sheet
/clusterfs/vast/abcabc/Aang_Foundation/20250821_mem_mito/fish6_24hpf_roi2,20250821-plate74-slot5-roi2,20250821,74,5,2,20250821_mem_mito,20250821_mem_mito,fish6,6,24,,1471,20250821_mem_mito,8/21/25,8/21/25,pDQM082,315,MGCO-01,,tdmChilada,2xLynk,membrane,tdmChilada(membrane),mStayGold,2Xcox8A,mitochondria,mStayGold(mitochondria),membrane|mitochondria,tdmChilada(membrane)|mStayGold(mitochondria),sheet
/clusterfs/vast/abcabc/Aang_Foundation/20250821_mem_mito/fish7_48hpf_roi1,20250821-plate74-slot6-roi1,20250821,74,6,1,20250821_mem_mito,20250821_mem_mito,fish7,7,48,,1500,20250821_mem_mito,8/21/25,8/21/25,pDQM082,315,MGCO-01,,tdmChilada,2xLynk,membrane,tdmChilada(membrane),mStayGold,2Xcox8A,mitochondria,mStayGold(mitochondria),membrane|mitochondria,tdmChilada(membrane)|mStayGold(mitochondria),sheet
/clusterfs/vast/abcabc/Aang_Foundation/20250821_mem_mito/fish7_48hpf_roi2,20250821-plate74-slot6-roi2,20250821,74,6,2,20250821_mem_mito,20250821_mem_mito,fish7,7,48,,1500,20250821_mem_mito,8/21/25,8/21/25,pDQM082,315,MGCO-01,,tdmChilada,2xLynk,membrane,tdmChilada(membrane),mStayGold,2Xcox8A,mitochondria,mStayGold(mitochondria),membrane|mitochondria,tdmChilada(membrane)|mStayGold(mitochondria),sheet
/clusterfs/vast/abcabc/Aang_Foundation/20250821_mem_mito/fish8_48hpf_roi1,20250821-plate75-slot1-roi1,20250821,75,1,1,20250821_mem_mito,20250821_mem_mito,fish8,8,48,,1500,20250821_mem_mito,8/21/25,8/21/25,pDQM082,315,MGCO-01,,tdmChilada,2xLynk,membrane,tdmChilada(membrane),mStayGold,2Xcox8A,mitochondria,mStayGold(mitochondria),membrane|mitochondria,tdmChilada(membrane)|mStayGold(mitochondria),sheet
/clusterfs/vast/abcabc/Aang_Foundation/20250821_mem_mito/fish8_48hpf_roi2,20250821-plate75-slot1-roi2,20250821,75,1,2,20250821_mem_mito,20250821_mem_mito,fish8,8,48,,1500,20250821_mem_mito,8/21/25,8/21/25,pDQM082,315,MGCO-01,,tdmChilada,2xLynk,membrane,tdmChilada(membrane),mStayGold,2Xcox8A,mitochondria,mStayGold(mitochondria),membrane|mitochondria,tdmChilada(membrane)|mStayGold(mitochondria),sheet
/clusterfs/vast/abcabc/Aang_Foundation/20250821_mem_mito/fish8_48hpf_roi3,20250821-plate75-slot1-roi3,20250821,75,1,3,20250821_mem_mito,20250821_mem_mito,fish8,8,48,,1500,20250821_mem_mito,8/21/25,8/21/25,pDQM082,315,MGCO-01,,tdmChilada,2xLynk,membrane,tdmChilada(membrane),mStayGold,2Xcox8A,mitochondria,mStayGold(mitochondria),membrane|mitochondria,tdmChilada(membrane)|mStayGold(mitochondria),sheet
/clusterfs/vast/abcabc/Aang_Foundation/20250826_mem_actin/fish1_24hpf_roi1,20250826-plate76-slot1-roi1,20250826,76,1,1,20250826_mem_actin,20250826_mem_actin,fish1,1,24,,1850,20250826_mem_actin,8/26/25,8/26/25,,,MGCO-23,,,,,,mStayGold,lifeact,actin,mStayGold(actin),actin,mStayGold(actin),sheet
/clusterfs/vast/abcabc/Aang_Foundation/20250826_mem_actin/fish1_24hpf_roi2,20250826-plate76-slot1-roi2,20250826,76,1,2,20250826_mem_actin,20250826_mem_actin,fish1,1,24,,1200,20250826_mem_actin,8/26/25,8/26/25,,,MGCO-23,,,,,,mStayGold,lifeact,actin,mStayGold(actin),actin,mStayGold(actin),sheet
/clusterfs/vast/abcabc/Aang_Foundation/20250826_mem_actin/fish2_24hpf_roi1,20250826-plate76-slot2-roi1,20250826,76,2,1,20250826_mem_actin,20250826_mem_actin,fish2,2,24,,816,20250826_mem_actin,8/26/25,8/26/25,,,MGCO-23,,,,,,mStayGold,lifeact,actin,mStayGold(actin),actin,mStayGold(actin),sheet
/clusterfs/vast/abcabc/Aang_Foundation/20250826_mem_actin/fish3_24hpf_roi1,20250826-plate76-slot3-roi1,20250826,76,3,1,20250826_mem_actin,20250826_mem_actin,fish3,3,24,,816,20250826_mem_actin,8/26/25,8/26/25,,,MGCO-23,,,,,,mStayGold,lifeact,actin,mStayGold(actin),actin,mStayGold(actin),sheet
/clusterfs/vast/abcabc/Aang_Foundation/20250826_mem_actin/fish3_24hpf_roi2,20250826-plate76-slot3-roi2,20250826,76,3,2,20250826_mem_actin,20250826_mem_actin,fish3,3,24,,818,20250826_mem_actin,8/26/25,8/26/25,,,MGCO-23,,,,,,mStayGold,lifeact,actin,mStayGold(actin),actin,mStayGold(actin),sheet
/clusterfs/vast/abcabc/Aang_Foundation/20250826_mem_actin/fish5_24hpf_roi1,20250826-plate76-slot4-roi1,20250826,76,4,1,20250826_mem_actin,20250826_mem_actin,fish5,5,24,,816,20250826_mem_actin,8/26/25,8/26/25,,,MGCO-23,,,,,,mStayGold,lifeact,actin,mStayGold(actin),actin,mStayGold(actin),sheet
/clusterfs/vast/abcabc/Aang_Foundation/20250826_mem_actin/fish5_24hpf_roi2,20250826-plate76-slot4-roi2,20250826,76,4,2,20250826_mem_actin,20250826_mem_actin,fish5,5,24,,816,20250826_mem_actin,8/26/25,8/26/25,,,MGCO-23,,,,,,mStayGold,lifeact,actin,mStayGold(actin),actin,mStayGold(actin),sheet
/clusterfs/vast/abcabc/Aang_Foundation/20250826_mem_actin/fish6_24hpf_roi1,20250826-plate76-slot5-roi1,20250826,76,5,1,20250826_mem_actin,20250826_mem_actin,fish6,6,24,,816,20250826_mem_actin,8/26/25,8/26/25,,,MGCO-23,,,,,,mStayGold,lifeact,actin,mStayGold(actin),actin,mStayGold(actin),sheet
/clusterfs/vast/abcabc/Aang_Foundation/20250827_mem_actin/fish3_48hpf_roi1,20250827-plate77-slot1-roi1,20250827,77,1,1,20250827_mem_actin,20250827_mem_actin,fish3,3,48,,408,20250827_mem_actin,8/27/25,8/27/25,,,MGCO-23,,,,,,mStayGold,lifeact,actin,mStayGold(actin),actin,mStayGold(actin),sheet
/clusterfs/vast/abcabc/Aang_Foundation/20250827_mem_actin/fish3_48hpf_roi2,20250827-plate77-slot1-roi2,20250827,77,1,2,20250827_mem_actin,20250827_mem_actin,fish3,3,48,,408,20250827_mem_actin,8/27/25,8/27/25,,,MGCO-23,,,,,,mStayGold,lifeact,actin,mStayGold(actin),actin,mStayGold(actin),sheet
/clusterfs/vast/abcabc/Aang_Foundation/20250827_mem_actin/fish5_48hpf_roi1,20250827-plate77-slot2-roi1,20250827,77,2,1,20250827_mem_actin,20250827_mem_actin,fish5,5,48,,136,20250827_mem_actin,8/27/25,8/27/25,,,MGCO-23,,,,,,mStayGold,lifeact,actin,mStayGold(actin),actin,mStayGold(actin),sheet
/clusterfs/vast/abcabc/Aang_Foundation/20250827_mem_actin/fish5_48hpf_roi2,20250827-plate77-slot2-roi2,20250827,77,2,2,20250827_mem_actin,20250827_mem_actin,fish5,5,48,,136,20250827_mem_actin,8/27/25,8/27/25,,,MGCO-23,,,,,,mStayGold,lifeact,actin,mStayGold(actin),actin,mStayGold(actin),sheet
/clusterfs/vast/abcabc/Aang_Foundation/20250827_mem_actin/fish5_48hpf_roi3,20250827-plate77-slot2-roi3,20250827,77,2,3,20250827_mem_actin,20250827_mem_actin,fish5,5,48,,136,20250827_mem_actin,8/27/25,8/27/25,,,MGCO-23,,,,,,mStayGold,lifeact,actin,mStayGold(actin),actin,mStayGold(actin),sheet
/clusterfs/vast/abcabc/Aang_Foundation/20250828_mem_actin/fish1_24hpf_roi1,20250828-plate78-slot1-roi1,20250828,78,1,1,20250828_mem_actin,20250828_mem_actin,fish1,1,24,,50,20250828_mem_actin,8/28/25,8/28/25,,,MGCO-23,,,,,,mStayGold,lifeact,actin,mStayGold(actin),actin,mStayGold(actin),sheet
/clusterfs/vast/abcabc/Aang_Foundation/20250828_mem_actin/fish1_24hpf_roi1-2,20250828-plate78-slot1-roi2,20250828,78,1,2,20250828_mem_actin,20250828_mem_actin,fish1,1,24,,1476,20250828_mem_actin,8/28/25,8/28/25,,,MGCO-23,,,,,,mStayGold,lifeact,actin,mStayGold(actin),actin,mStayGold(actin),sheet
/clusterfs/vast/abcabc/Aang_Foundation/20250828_mem_actin/fish1_24hpf_roi2,20250828-plate78-slot1-roi3,20250828,78,1,3,20250828_mem_actin,20250828_mem_actin,fish1,1,24,,656,20250828_mem_actin,8/28/25,8/28/25,,,MGCO-23,,,,,,mStayGold,lifeact,actin,mStayGold(actin),actin,mStayGold(actin),sheet
/clusterfs/vast/abcabc/Aang_Foundation/20250828_mem_actin/fish1_24hpf_roi3,20250828-plate78-slot1-roi4,20250828,78,1,4,20250828_mem_actin,20250828_mem_actin,fish1,1,24,,656,20250828_mem_actin,8/28/25,8/28/25,,,MGCO-23,,,,,,mStayGold,lifeact,actin,mStayGold(actin),actin,mStayGold(actin),sheet
/clusterfs/vast/abcabc/Aang_Foundation/20250828_mem_actin/fish2_24hpf_roi1,20250828-plate78-slot2-roi1,20250828,78,2,1,20250828_mem_actin,20250828_mem_actin,fish2,2,24,,1925,20250828_mem_actin,8/28/25,8/28/25,,,MGCO-23,,,,,,mStayGold,lifeact,actin,mStayGold(actin),actin,mStayGold(actin),sheet
/clusterfs/vast/abcabc/Aang_Foundation/20250828_mem_actin/fish2_24hpf_roi2,20250828-plate78-slot2-roi2,20250828,78,2,2,20250828_mem_actin,20250828_mem_actin,fish2,2,24,,1726,20250828_mem_actin,8/28/25,8/28/25,,,MGCO-23,,,,,,mStayGold,lifeact,actin,mStayGold(actin),actin,mStayGold(actin),sheet
/clusterfs/vast/abcabc/Aang_Foundation/20250828_mem_actin/fish2_24hpf_roi2-2,20250828-plate78-slot2-roi3,20250828,78,2,3,20250828_mem_actin,20250828_mem_actin,fish2,2,24,,1968,20250828_mem_actin,8/28/25,8/28/25,,,MGCO-23,,,,,,mStayGold,lifeact,actin,mStayGold(actin),actin,mStayGold(actin),sheet
/clusterfs/vast/abcabc/Aang_Foundation/20250828_mem_actin/fish4_24hpf_roi1,20250828-plate78-slot3-roi1,20250828,78,3,1,20250828_mem_actin,20250828_mem_actin,fish4,4,24,,1968,20250828_mem_actin,8/28/25,8/28/25,,,MGCO-23,,,,,,mStayGold,lifeact,actin,mStayGold(actin),actin,mStayGold(actin),sheet
/clusterfs/vast/abcabc/Aang_Foundation/20250828_mem_actin/fish4_24hpf_roi2,20250828-plate78-slot3-roi2,20250828,78,3,2,20250828_mem_actin,20250828_mem_actin,fish4,4,24,,1968,20250828_mem_actin,8/28/25,8/28/25,,,MGCO-23,,,,,,mStayGold,lifeact,actin,mStayGold(actin),actin,mStayGold(actin),sheet
/clusterfs/vast/abcabc/Aang_Foundation/20250828_mem_actin/fish5_24hpf_roi1,20250828-plate78-slot4-roi1,20250828,78,4,1,20250828_mem_actin,20250828_mem_actin,fish5,5,24,,656,20250828_mem_actin,8/28/25,8/28/25,,,MGCO-23,,,,,,mStayGold,lifeact,actin,mStayGold(actin),actin,mStayGold(actin),sheet
/clusterfs/vast/abcabc/Aang_Foundation/20250828_mem_actin/fish5_24hpf_roi2,20250828-plate78-slot4-roi2,20250828,78,4,2,20250828_mem_actin,20250828_mem_actin,fish5,5,24,,656,20250828_mem_actin,8/28/25,8/28/25,,,MGCO-23,,,,,,mStayGold,lifeact,actin,mStayGold(actin),actin,mStayGold(actin),sheet
/clusterfs/vast/abcabc/Aang_Foundation/20250828_mem_actin/fish5_24hpf_roi3,20250828-plate78-slot4-roi3,20250828,78,4,3,20250828_mem_actin,20250828_mem_actin,fish5,5,24,,656,20250828_mem_actin,8/28/25,8/28/25,,,MGCO-23,,,,,,mStayGold,lifeact,actin,mStayGold(actin),actin,mStayGold(actin),sheet
/clusterfs/vast/abcabc/Aang_Foundation/20250828_mem_actin/fish6_24hpf_roi1,20250828-plate78-slot5-roi1,20250828,78,5,1,20250828_mem_actin,20250828_mem_actin,fish6,6,24,,1968,20250828_mem_actin,8/28/25,8/28/25,,,MGCO-23,,,,,,mStayGold,lifeact,actin,mStayGold(actin),actin,mStayGold(actin),sheet
/clusterfs/vast/abcabc/Aang_Foundation/20250828_mem_actin/fish6_24hpf_roi2,20250828-plate78-slot5-roi2,20250828,78,5,2,20250828_mem_actin,20250828_mem_actin,fish6,6,24,,1968,20250828_mem_actin,8/28/25,8/28/25,,,MGCO-23,,,,,,mStayGold,lifeact,actin,mStayGold(actin),actin,mStayGold(actin),sheet
/clusterfs/vast/abcabc/Aang_Foundation/20250903_lifeact-mSG/fish1_24hpf_roi1,20250903-plate79-slot1-roi1,20250903,79,1,1,20250903_lifeact-mSG,20250903_lifeact-mSG,fish1,1,24,,400,20250903_lifeact-mSG,,9/3/25,,,HC-9,,,,,,mStayGold,lifeact,actin,mStayGold(actin),actin,mStayGold(actin),sheet
/clusterfs/vast/abcabc/Aang_Foundation/20250903_lifeact-mSG/fish1_24hpf_roi2,20250903-plate79-slot1-roi2,20250903,79,1,2,20250903_lifeact-mSG,20250903_lifeact-mSG,fish1,1,24,,656,20250903_lifeact-mSG,,9/3/25,,,HC-9,,,,,,mStayGold,lifeact,actin,mStayGold(actin),actin,mStayGold(actin),sheet
/clusterfs/vast/abcabc/Aang_Foundation/20250903_lifeact-mSG/fish1_24hpf_roi3,20250903-plate79-slot1-roi3,20250903,79,1,3,20250903_lifeact-mSG,20250903_lifeact-mSG,fish1,1,24,,82,20250903_lifeact-mSG,,9/3/25,,,HC-9,,,,,,mStayGold,lifeact,actin,mStayGold(actin),actin,mStayGold(actin),sheet
/clusterfs/vast/abcabc/Aang_Foundation/20250903_lifeact-mSG/fish1_24hpf_roi3_2,20250903-plate79-slot1-roi4,20250903,79,1,4,20250903_lifeact-mSG,20250903_lifeact-mSG,fish1,1,24,,1312,20250903_lifeact-mSG,,9/3/25,,,HC-9,,,,,,mStayGold,lifeact,actin,mStayGold(actin),actin,mStayGold(actin),sheet
/clusterfs/vast/abcabc/Aang_Foundation/20250903_lifeact-mSG/fish2_24hpf_roi1,20250903-plate79-slot2-roi1,20250903,79,2,1,20250903_lifeact-mSG,20250903_lifeact-mSG,fish2,2,24,,656,20250903_lifeact-mSG,,9/3/25,,,HC-9,,,,,,mStayGold,lifeact,actin,mStayGold(actin),actin,mStayGold(actin),sheet
/clusterfs/vast/abcabc/Aang_Foundation/20250903_lifeact-mSG/fish2_24hpf_roi2,20250903-plate79-slot2-roi2,20250903,79,2,2,20250903_lifeact-mSG,20250903_lifeact-mSG,fish2,2,24,,656,20250903_lifeact-mSG,,9/3/25,,,HC-9,,,,,,mStayGold,lifeact,actin,mStayGold(actin),actin,mStayGold(actin),sheet
/clusterfs/vast/abcabc/Aang_Foundation/20250904_lifeact-mSG/fish1_24hpf_roi1,20250904-plate80-slot1-roi1,20250904,80,1,1,20250904_lifeact-mSG,20250904_lifeact-mSG,fish1,1,24,,656,20250904_lifeact-mSG,9/4/25,9/4/25,,,HC-9,,,,,,mStayGold,lifeact,actin,mStayGold(actin),actin,mStayGold(actin),sheet
/clusterfs/vast/abcabc/Aang_Foundation/20250904_lifeact-mSG/fish1_24hpf_roi2,20250904-plate80-slot1-roi2,20250904,80,1,2,20250904_lifeact-mSG,20250904_lifeact-mSG,fish1,1,24,,25,20250904_lifeact-mSG,9/4/25,9/4/25,,,HC-9,,,,,,mStayGold,lifeact,actin,mStayGold(actin),actin,mStayGold(actin),sheet
/clusterfs/vast/abcabc/Aang_Foundation/20250904_lifeact-mSG/fish1_24hpf_roi3,20250904-plate80-slot1-roi3,20250904,80,1,3,20250904_lifeact-mSG,20250904_lifeact-mSG,fish1,1,24,,656,20250904_lifeact-mSG,9/4/25,9/4/25,,,HC-9,,,,,,mStayGold,lifeact,actin,mStayGold(actin),actin,mStayGold(actin),sheet
/clusterfs/vast/abcabc/Aang_Foundation/20250904_lifeact-mSG/fish1_24hpf_roi4,20250904-plate80-slot1-roi4,20250904,80,1,4,20250904_lifeact-mSG,20250904_lifeact-mSG,fish1,1,24,,656,20250904_lifeact-mSG,9/4/25,9/4/25,,,HC-9,,,,,,mStayGold,lifeact,actin,mStayGold(actin),actin,mStayGold(actin),sheet
/clusterfs/vast/abcabc/Aang_Foundation/20250904_lifeact-mSG/fish1_24hpf_roi5,20250904-plate80-slot1-roi5,20250904,80,1,5,20250904_lifeact-mSG,20250904_lifeact-mSG,fish1,1,24,,656,20250904_lifeact-mSG,9/4/25,9/4/25,,,HC-9,,,,,,mStayGold,lifeact,actin,mStayGold(actin),actin,mStayGold(actin),sheet
/clusterfs/vast/abcabc/Aang_Foundation/20250905_lifeact-mSG/fish2_72hpf_roi1,20250905-plate81-slot1-roi1,20250905,81,1,1,20250905_lifeact-mSG,20250905_lifeact-mSG,fish2,2,72,,656,20250905_lifeact-mSG,9/5/25,9/5/25,,,HC-9,,,,,,mStayGold,lifeact,actin,mStayGold(actin),actin,mStayGold(actin),sheet
/clusterfs/vast/abcabc/Aang_Foundation/20250905_lifeact-mSG/fish2_72hpf_roi2,20250905-plate81-slot1-roi2,20250905,81,1,2,20250905_lifeact-mSG,20250905_lifeact-mSG,fish2,2,72,,257,20250905_lifeact-mSG,9/5/25,9/5/25,,,HC-9,,,,,,mStayGold,lifeact,actin,mStayGold(actin),actin,mStayGold(actin),sheet
/clusterfs/vast/abcabc/Aang_Foundation/20250905_lifeact-mSG/fish2_72hpf_roi3,20250905-plate81-slot1-roi3,20250905,81,1,3,20250905_lifeact-mSG,20250905_lifeact-mSG,fish2,2,72,,816,20250905_lifeact-mSG,9/5/25,9/5/25,,,HC-9,,,,,,mStayGold,lifeact,actin,mStayGold(actin),actin,mStayGold(actin),sheet
/clusterfs/vast/abcabc/Aang_Foundation/20250905_lifeact-mSG/fish2_72hpf_roi4,20250905-plate81-slot1-roi4,20250905,81,1,4,20250905_lifeact-mSG,20250905_lifeact-mSG,fish2,2,72,,816,20250905_lifeact-mSG,9/5/25,9/5/25,,,HC-9,,,,,,mStayGold,lifeact,actin,mStayGold(actin),actin,mStayGold(actin),sheet
/clusterfs/vast/abcabc/Aang_Foundation/20250908_mem-mito/fish1_24hpf_roi1,20250908-plate82-slot1-roi1,20250908,82,1,1,20250908_mem-mito,20250908_mem-mito,fish1,1,24,,332,20250908_mem-mito,9/8/25,9/8/25,pDQM082,315,MGCO-01,,tdmChilada,2xLynk,membrane,tdmChilada(membrane),mStayGold,2Xcox8A,mitochondria,mStayGold(mitochondria),membrane|mitochondria,tdmChilada(membrane)|mStayGold(mitochondria),sheet
/clusterfs/vast/abcabc/Aang_Foundation/20250908_mem-mito/fish1_24hpf_roi2,20250908-plate82-slot1-roi2,20250908,82,1,2,20250908_mem-mito,20250908_mem-mito,fish1,1,24,,1188,20250908_mem-mito,9/8/25,9/8/25,pDQM082,315,MGCO-01,,tdmChilada,2xLynk,membrane,tdmChilada(membrane),mStayGold,2Xcox8A,mitochondria,mStayGold(mitochondria),membrane|mitochondria,tdmChilada(membrane)|mStayGold(mitochondria),sheet
/clusterfs/vast/abcabc/Aang_Foundation/20250908_mem-mito/fish1_24hpf_roi3,20250908-plate82-slot1-roi3,20250908,82,1,3,20250908_mem-mito,20250908_mem-mito,fish1,1,24,,450,20250908_mem-mito,9/8/25,9/8/25,pDQM082,315,MGCO-01,,tdmChilada,2xLynk,membrane,tdmChilada(membrane),mStayGold,2Xcox8A,mitochondria,mStayGold(mitochondria),membrane|mitochondria,tdmChilada(membrane)|mStayGold(mitochondria),sheet
/clusterfs/vast/abcabc/Aang_Foundation/20250908_mem-mito/fish1_24hpf_roi4,20250908-plate82-slot1-roi4,20250908,82,1,4,20250908_mem-mito,20250908_mem-mito,fish1,1,24,,450,20250908_mem-mito,9/8/25,9/8/25,pDQM082,315,MGCO-01,,tdmChilada,2xLynk,membrane,tdmChilada(membrane),mStayGold,2Xcox8A,mitochondria,mStayGold(mitochondria),membrane|mitochondria,tdmChilada(membrane)|mStayGold(mitochondria),sheet
/clusterfs/vast/abcabc/Aang_Foundation/20250908_mem-mito/fish2_24hpf_roi1,20250908-plate82-slot2-roi1,20250908,82,2,1,20250908_mem-mito,20250908_mem-mito,fish2,2,24,,450,20250908_mem-mito,9/8/25,9/8/25,pDQM082,315,MGCO-01,,tdmChilada,2xLynk,membrane,tdmChilada(membrane),mStayGold,2Xcox8A,mitochondria,mStayGold(mitochondria),membrane|mitochondria,tdmChilada(membrane)|mStayGold(mitochondria),sheet
/clusterfs/vast/abcabc/Aang_Foundation/20250908_mem-mito/fish2_24hpf_roi2,20250908-plate82-slot2-roi2,20250908,82,2,2,20250908_mem-mito,20250908_mem-mito,fish2,2,24,,300,20250908_mem-mito,9/8/25,9/8/25,pDQM082,315,MGCO-01,,tdmChilada,2xLynk,membrane,tdmChilada(membrane),mStayGold,2Xcox8A,mitochondria,mStayGold(mitochondria),membrane|mitochondria,tdmChilada(membrane)|mStayGold(mitochondria),sheet
/clusterfs/vast/abcabc/Aang_Foundation/20250908_mem-mito/fish2_24hpf_roi3,20250908-plate82-slot2-roi3,20250908,82,2,3,20250908_mem-mito,20250908_mem-mito,fish2,2,24,,4,20250908_mem-mito,9/8/25,9/8/25,pDQM082,315,MGCO-01,,tdmChilada,2xLynk,membrane,tdmChilada(membrane),mStayGold,2Xcox8A,mitochondria,mStayGold(mitochondria),membrane|mitochondria,tdmChilada(membrane)|mStayGold(mitochondria),sheet
/clusterfs/vast/abcabc/Aang_Foundation/20250908_mem-mito/fish2_72hpf_roi1,20250908-plate82-slot2-roi4,20250908,82,2,4,20250908_mem-mito,20250908_mem-mito,fish2,2,72,,2000,20250908_mem-mito,9/8/25,9/8/25,pDQM082,315,MGCO-01,,tdmChilada,2xLynk,membrane,tdmChilada(membrane),mStayGold,2Xcox8A,mitochondria,mStayGold(mitochondria),membrane|mitochondria,tdmChilada(membrane)|mStayGold(mitochondria),sheet
/clusterfs/vast/abcabc/Aang_Foundation/20250908_mem-mito/fish2_72hpf_roi2,20250908-plate82-slot2-roi5,20250908,82,2,5,20250908_mem-mito,20250908_mem-mito,fish2,2,72,,1200,20250908_mem-mito,9/8/25,9/8/25,pDQM082,315,MGCO-01,,tdmChilada,2xLynk,membrane,tdmChilada(membrane),mStayGold,2Xcox8A,mitochondria,mStayGold(mitochondria),membrane|mitochondria,tdmChilada(membrane)|mStayGold(mitochondria),sheet
/clusterfs/vast/abcabc/Aang_Foundation/20250908_mem-mito/fish2_72hpf_roi3,20250908-plate82-slot2-roi6,20250908,82,2,6,20250908_mem-mito,20250908_mem-mito,fish2,2,72,,1200,20250908_mem-mito,9/8/25,9/8/25,pDQM082,315,MGCO-01,,tdmChilada,2xLynk,membrane,tdmChilada(membrane),mStayGold,2Xcox8A,mitochondria,mStayGold(mitochondria),membrane|mitochondria,tdmChilada(membrane)|mStayGold(mitochondria),sheet
/clusterfs/vast/abcabc/Aang_Foundation/20250908_mem-mito/fish2_72hpf_roi4,20250908-plate82-slot2-roi7,20250908,82,2,7,20250908_mem-mito,20250908_mem-mito,fish2,2,72,,1200,20250908_mem-mito,9/8/25,9/8/25,pDQM082,315,MGCO-01,,tdmChilada,2xLynk,membrane,tdmChilada(membrane),mStayGold,2Xcox8A,mitochondria,mStayGold(mitochondria),membrane|mitochondria,tdmChilada(membrane)|mStayGold(mitochondria),sheet
/clusterfs/vast/abcabc/Aang_Foundation/20250908_mem-mito/fish2_72hpf_roi5,20250908-plate82-slot2-roi8,20250908,82,2,8,20250908_mem-mito,20250908_mem-mito,fish2,2,72,,1200,20250908_mem-mito,9/8/25,9/8/25,pDQM082,315,MGCO-01,,tdmChilada,2xLynk,membrane,tdmChilada(membrane),mStayGold,2Xcox8A,mitochondria,mStayGold(mitochondria),membrane|mitochondria,tdmChilada(membrane)|mStayGold(mitochondria),sheet
/clusterfs/vast/abcabc/Aang_Foundation/20250908_mem-mito/fish4_24hpf_roi1,20250908-plate82-slot3-roi1,20250908,82,3,1,20250908_mem-mito,20250908_mem-mito,fish4,4,24,,300,20250908_mem-mito,9/8/25,9/8/25,pDQM082,315,MGCO-01,,tdmChilada,2xLynk,membrane,tdmChilada(membrane),mStayGold,2Xcox8A,mitochondria,mStayGold(mitochondria),membrane|mitochondria,tdmChilada(membrane)|mStayGold(mitochondria),sheet
/clusterfs/vast/abcabc/Aang_Foundation/20250908_mem-mito/fish4_24hpf_roi2,20250908-plate82-slot3-roi2,20250908,82,3,2,20250908_mem-mito,20250908_mem-mito,fish4,4,24,,300,20250908_mem-mito,9/8/25,9/8/25,pDQM082,315,MGCO-01,,tdmChilada,2xLynk,membrane,tdmChilada(membrane),mStayGold,2Xcox8A,mitochondria,mStayGold(mitochondria),membrane|mitochondria,tdmChilada(membrane)|mStayGold(mitochondria),sheet
/clusterfs/vast/abcabc/Aang_Foundation/20250908_mem-mito/fish4_24hpf_roi3,20250908-plate82-slot3-roi3,20250908,82,3,3,20250908_mem-mito,20250908_mem-mito,fish4,4,24,,300,20250908_mem-mito,9/8/25,9/8/25,pDQM082,315,MGCO-01,,tdmChilada,2xLynk,membrane,tdmChilada(membrane),mStayGold,2Xcox8A,mitochondria,mStayGold(mitochondria),membrane|mitochondria,tdmChilada(membrane)|mStayGold(mitochondria),sheet
/clusterfs/vast/abcabc/Aang_Foundation/20250908_mem-mito/fish5_24hpf_roi1,20250908-plate82-slot4-roi1,20250908,82,4,1,20250908_mem-mito,20250908_mem-mito,fish5,5,24,,300,20250908_mem-mito,9/8/25,9/8/25,pDQM082,315,MGCO-01,,tdmChilada,2xLynk,membrane,tdmChilada(membrane),mStayGold,2Xcox8A,mitochondria,mStayGold(mitochondria),membrane|mitochondria,tdmChilada(membrane)|mStayGold(mitochondria),sheet
/clusterfs/vast/abcabc/Aang_Foundation/20250908_mem-mito/fish5_24hpf_roi2,20250908-plate82-slot4-roi2,20250908,82,4,2,20250908_mem-mito,20250908_mem-mito,fish5,5,24,,300,20250908_mem-mito,9/8/25,9/8/25,pDQM082,315,MGCO-01,,tdmChilada,2xLynk,membrane,tdmChilada(membrane),mStayGold,2Xcox8A,mitochondria,mStayGold(mitochondria),membrane|mitochondria,tdmChilada(membrane)|mStayGold(mitochondria),sheet
/clusterfs/vast/abcabc/Aang_Foundation/20250908_mem-mito/fish5_24hpf_roi3,20250908-plate82-slot4-roi3,20250908,82,4,3,20250908_mem-mito,20250908_mem-mito,fish5,5,24,,300,20250908_mem-mito,9/8/25,9/8/25,pDQM082,315,MGCO-01,,tdmChilada,2xLynk,membrane,tdmChilada(membrane),mStayGold,2Xcox8A,mitochondria,mStayGold(mitochondria),membrane|mitochondria,tdmChilada(membrane)|mStayGold(mitochondria),sheet
/clusterfs/vast/abcabc/Aang_Foundation/20250908_mem-mito/fish5_24hpf_roi4,20250908-plate82-slot4-roi4,20250908,82,4,4,20250908_mem-mito,20250908_mem-mito,fish5,5,24,,300,20250908_mem-mito,9/8/25,9/8/25,pDQM082,315,MGCO-01,,tdmChilada,2xLynk,membrane,tdmChilada(membrane),mStayGold,2Xcox8A,mitochondria,mStayGold(mitochondria),membrane|mitochondria,tdmChilada(membrane)|mStayGold(mitochondria),sheet
/clusterfs/vast/abcabc/Aang_Foundation/20250908_mem-mito/fish6_24hpf_roi1,20250908-plate82-slot5-roi1,20250908,82,5,1,20250908_mem-mito,20250908_mem-mito,fish6,6,24,,300,20250908_mem-mito,9/8/25,9/8/25,pDQM082,315,MGCO-01,,tdmChilada,2xLynk,membrane,tdmChilada(membrane),mStayGold,2Xcox8A,mitochondria,mStayGold(mitochondria),membrane|mitochondria,tdmChilada(membrane)|mStayGold(mitochondria),sheet
/clusterfs/vast/abcabc/Aang_Foundation/20250908_mem-mito/fish6_24hpf_roi2,20250908-plate82-slot5-roi2,20250908,82,5,2,20250908_mem-mito,20250908_mem-mito,fish6,6,24,,300,20250908_mem-mito,9/8/25,9/8/25,pDQM082,315,MGCO-01,,tdmChilada,2xLynk,membrane,tdmChilada(membrane),mStayGold,2Xcox8A,mitochondria,mStayGold(mitochondria),membrane|mitochondria,tdmChilada(membrane)|mStayGold(mitochondria),sheet
/clusterfs/vast/abcabc/Aang_Foundation/20250908_mem-mito/fish6_24hpf_roi3,20250908-plate82-slot5-roi3,20250908,82,5,3,20250908_mem-mito,20250908_mem-mito,fish6,6,24,,300,20250908_mem-mito,9/8/25,9/8/25,pDQM082,315,MGCO-01,,tdmChilada,2xLynk,membrane,tdmChilada(membrane),mStayGold,2Xcox8A,mitochondria,mStayGold(mitochondria),membrane|mitochondria,tdmChilada(membrane)|mStayGold(mitochondria),sheet
/clusterfs/vast/abcabc/Aang_Foundation/20250911_mem-mito/fish1_48hpf_roi1,20250911-plate83-slot1-roi1,20250911,83,1,1,20250911_mem-mito,20250911_mem-mito,fish1,1,48,,400,20250911_mem-mito,9/11/25,9/11/25,pDQM082,315,MGCO-01,,tdmChilada,2xLynk,membrane,tdmChilada(membrane),mStayGold,2Xcox8A,mitochondria,mStayGold(mitochondria),membrane|mitochondria,tdmChilada(membrane)|mStayGold(mitochondria),sheet
/clusterfs/vast/abcabc/Aang_Foundation/20250911_mem-mito/fish1_48hpf_roi2,20250911-plate83-slot1-roi2,20250911,83,1,2,20250911_mem-mito,20250911_mem-mito,fish1,1,48,,400,20250911_mem-mito,9/11/25,9/11/25,pDQM082,315,MGCO-01,,tdmChilada,2xLynk,membrane,tdmChilada(membrane),mStayGold,2Xcox8A,mitochondria,mStayGold(mitochondria),membrane|mitochondria,tdmChilada(membrane)|mStayGold(mitochondria),sheet
/clusterfs/vast/abcabc/Aang_Foundation/20250911_mem-mito/fish1_48hpf_roi3,20250911-plate83-slot1-roi3,20250911,83,1,3,20250911_mem-mito,20250911_mem-mito,fish1,1,48,,400,20250911_mem-mito,9/11/25,9/11/25,pDQM082,315,MGCO-01,,tdmChilada,2xLynk,membrane,tdmChilada(membrane),mStayGold,2Xcox8A,mitochondria,mStayGold(mitochondria),membrane|mitochondria,tdmChilada(membrane)|mStayGold(mitochondria),sheet
/clusterfs/vast/abcabc/Aang_Foundation/20250911_mem-mito/fish1_48hpf_roi4,20250911-plate83-slot1-roi4,20250911,83,1,4,20250911_mem-mito,20250911_mem-mito,fish1,1,48,,400,20250911_mem-mito,9/11/25,9/11/25,pDQM082,315,MGCO-01,,tdmChilada,2xLynk,membrane,tdmChilada(membrane),mStayGold,2Xcox8A,mitochondria,mStayGold(mitochondria),membrane|mitochondria,tdmChilada(membrane)|mStayGold(mitochondria),sheet
/clusterfs/vast/abcabc/Aang_Foundation/20250911_mem-mito/fish1_48hpf_roi5,20250911-plate83-slot1-roi5,20250911,83,1,5,20250911_mem-mito,20250911_mem-mito,fish1,1,48,,400,20250911_mem-mito,9/11/25,9/11/25,pDQM082,315,MGCO-01,,tdmChilada,2xLynk,membrane,tdmChilada(membrane),mStayGold,2Xcox8A,mitochondria,mStayGold(mitochondria),membrane|mitochondria,tdmChilada(membrane)|mStayGold(mitochondria),sheet
/clusterfs/vast/abcabc/Aang_Foundation/20250911_mem-mito/fish2_48hpf_roi1,20250911-plate83-slot2-roi1,20250911,83,2,1,20250911_mem-mito,20250911_mem-mito,fish2,2,48,,400,20250911_mem-mito,9/11/25,9/11/25,pDQM082,315,MGCO-01,,tdmChilada,2xLynk,membrane,tdmChilada(membrane),mStayGold,2Xcox8A,mitochondria,mStayGold(mitochondria),membrane|mitochondria,tdmChilada(membrane)|mStayGold(mitochondria),sheet
/clusterfs/vast/abcabc/Aang_Foundation/20250911_mem-mito/fish2_48hpf_roi2,20250911-plate83-slot2-roi2,20250911,83,2,2,20250911_mem-mito,20250911_mem-mito,fish2,2,48,,400,20250911_mem-mito,9/11/25,9/11/25,pDQM082,315,MGCO-01,,tdmChilada,2xLynk,membrane,tdmChilada(membrane),mStayGold,2Xcox8A,mitochondria,mStayGold(mitochondria),membrane|mitochondria,tdmChilada(membrane)|mStayGold(mitochondria),sheet
/clusterfs/vast/abcabc/Aang_Foundation/20250911_mem-mito/fish2_48hpf_roi3,20250911-plate83-slot2-roi3,20250911,83,2,3,20250911_mem-mito,20250911_mem-mito,fish2,2,48,,400,20250911_mem-mito,9/11/25,9/11/25,pDQM082,315,MGCO-01,,tdmChilada,2xLynk,membrane,tdmChilada(membrane),mStayGold,2Xcox8A,mitochondria,mStayGold(mitochondria),membrane|mitochondria,tdmChilada(membrane)|mStayGold(mitochondria),sheet
/clusterfs/vast/abcabc/Aang_Foundation/20250912_mem-mito/fish1_72hpf_roi1,20250912-plate84-slot1-roi1,20250912,84,1,1,20250912_mem-mito,20250912_mem-mito,fish1,1,72,,400,20250912_mem-mito,9/12/25,9/12/25,pDQM082,315,MGCO-01,,tdmChilada,2xLynk,membrane,tdmChilada(membrane),mStayGold,2Xcox8A,mitochondria,mStayGold(mitochondria),membrane|mitochondria,tdmChilada(membrane)|mStayGold(mitochondria),sheet
/clusterfs/vast/abcabc/Aang_Foundation/20250912_mem-mito/fish1_72hpf_roi2,20250912-plate84-slot1-roi2,20250912,84,1,2,20250912_mem-mito,20250912_mem-mito,fish1,1,72,,200,20250912_mem-mito,9/12/25,9/12/25,pDQM082,315,MGCO-01,,tdmChilada,2xLynk,membrane,tdmChilada(membrane),mStayGold,2Xcox8A,mitochondria,mStayGold(mitochondria),membrane|mitochondria,tdmChilada(membrane)|mStayGold(mitochondria),sheet
/clusterfs/vast/abcabc/Aang_Foundation/20250912_mem-mito/fish1_72hpf_roi3,20250912-plate84-slot1-roi3,20250912,84,1,3,20250912_mem-mito,20250912_mem-mito,fish1,1,72,,350,20250912_mem-mito,9/12/25,9/12/25,pDQM082,315,MGCO-01,,tdmChilada,2xLynk,membrane,tdmChilada(membrane),mStayGold,2Xcox8A,mitochondria,mStayGold(mitochondria),membrane|mitochondria,tdmChilada(membrane)|mStayGold(mitochondria),sheet
/clusterfs/vast/abcabc/Aang_Foundation/20250912_mem-mito/fish1_72hpf_roi4,20250912-plate84-slot1-roi4,20250912,84,1,4,20250912_mem-mito,20250912_mem-mito,fish1,1,72,,350,20250912_mem-mito,9/12/25,9/12/25,pDQM082,315,MGCO-01,,tdmChilada,2xLynk,membrane,tdmChilada(membrane),mStayGold,2Xcox8A,mitochondria,mStayGold(mitochondria),membrane|mitochondria,tdmChilada(membrane)|mStayGold(mitochondria),sheet
/clusterfs/vast/abcabc/Aang_Foundation/20250912_mem-mito/fish2_72hpf_roi1,20250912-plate84-slot2-roi1,20250912,84,2,1,20250912_mem-mito,20250912_mem-mito,fish2,2,72,,350,20250912_mem-mito,9/12/25,9/12/25,pDQM082,315,MGCO-01,,tdmChilada,2xLynk,membrane,tdmChilada(membrane),mStayGold,2Xcox8A,mitochondria,mStayGold(mitochondria),membrane|mitochondria,tdmChilada(membrane)|mStayGold(mitochondria),sheet
/clusterfs/vast/abcabc/Aang_Foundation/20250912_mem-mito/fish2_72hpf_roi2,20250912-plate84-slot2-roi2,20250912,84,2,2,20250912_mem-mito,20250912_mem-mito,fish2,2,72,,200,20250912_mem-mito,9/12/25,9/12/25,pDQM082,315,MGCO-01,,tdmChilada,2xLynk,membrane,tdmChilada(membrane),mStayGold,2Xcox8A,mitochondria,mStayGold(mitochondria),membrane|mitochondria,tdmChilada(membrane)|mStayGold(mitochondria),sheet
/clusterfs/vast/abcabc/Aang_Foundation/20250912_mem-mito/fish2_72hpf_roi3,20250912-plate84-slot2-roi3,20250912,84,2,3,20250912_mem-mito,20250912_mem-mito,fish2,2,72,,400,20250912_mem-mito,9/12/25,9/12/25,pDQM082,315,MGCO-01,,tdmChilada,2xLynk,membrane,tdmChilada(membrane),mStayGold,2Xcox8A,mitochondria,mStayGold(mitochondria),membrane|mitochondria,tdmChilada(membrane)|mStayGold(mitochondria),sheet
/clusterfs/vast/abcabc/Aang_Foundation/20250912_mem-mito/fish2_72hpf_roi4,20250912-plate84-slot2-roi4,20250912,84,2,4,20250912_mem-mito,20250912_mem-mito,fish2,2,72,,350,20250912_mem-mito,9/12/25,9/12/25,pDQM082,315,MGCO-01,,tdmChilada,2xLynk,membrane,tdmChilada(membrane),mStayGold,2Xcox8A,mitochondria,mStayGold(mitochondria),membrane|mitochondria,tdmChilada(membrane)|mStayGold(mitochondria),sheet
/clusterfs/vast/abcabc/Aang_Foundation/20250912_mem-mito/fish3_72hpf_roi1,20250912-plate84-slot3-roi1,20250912,84,3,1,20250912_mem-mito,20250912_mem-mito,fish3,3,72,,400,20250912_mem-mito,9/12/25,9/12/25,pDQM082,315,MGCO-01,,tdmChilada,2xLynk,membrane,tdmChilada(membrane),mStayGold,2Xcox8A,mitochondria,mStayGold(mitochondria),membrane|mitochondria,tdmChilada(membrane)|mStayGold(mitochondria),sheet
/clusterfs/vast/abcabc/Aang_Foundation/20250912_mem-mito/fish3_72hpf_roi10,20250912-plate84-slot3-roi2,20250912,84,3,2,20250912_mem-mito,20250912_mem-mito,fish3,3,72,,300,20250912_mem-mito,9/12/25,9/12/25,pDQM082,315,MGCO-01,,tdmChilada,2xLynk,membrane,tdmChilada(membrane),mStayGold,2Xcox8A,mitochondria,mStayGold(mitochondria),membrane|mitochondria,tdmChilada(membrane)|mStayGold(mitochondria),sheet
/clusterfs/vast/abcabc/Aang_Foundation/20250912_mem-mito/fish3_72hpf_roi11,20250912-plate84-slot3-roi3,20250912,84,3,3,20250912_mem-mito,20250912_mem-mito,fish3,3,72,,400,20250912_mem-mito,9/12/25,9/12/25,pDQM082,315,MGCO-01,,tdmChilada,2xLynk,membrane,tdmChilada(membrane),mStayGold,2Xcox8A,mitochondria,mStayGold(mitochondria),membrane|mitochondria,tdmChilada(membrane)|mStayGold(mitochondria),sheet
/clusterfs/vast/abcabc/Aang_Foundation/20250912_mem-mito/fish3_72hpf_roi12,20250912-plate84-slot3-roi4,20250912,84,3,4,20250912_mem-mito,20250912_mem-mito,fish3,3,72,,400,20250912_mem-mito,9/12/25,9/12/25,pDQM082,315,MGCO-01,,tdmChilada,2xLynk,membrane,tdmChilada(membrane),mStayGold,2Xcox8A,mitochondria,mStayGold(mitochondria),membrane|mitochondria,tdmChilada(membrane)|mStayGold(mitochondria),sheet
/clusterfs/vast/abcabc/Aang_Foundation/20250912_mem-mito/fish3_72hpf_roi2,20250912-plate84-slot3-roi5,20250912,84,3,5,20250912_mem-mito,20250912_mem-mito,fish3,3,72,,350,20250912_mem-mito,9/12/25,9/12/25,pDQM082,315,MGCO-01,,tdmChilada,2xLynk,membrane,tdmChilada(membrane),mStayGold,2Xcox8A,mitochondria,mStayGold(mitochondria),membrane|mitochondria,tdmChilada(membrane)|mStayGold(mitochondria),sheet
/clusterfs/vast/abcabc/Aang_Foundation/20250912_mem-mito/fish3_72hpf_roi3,20250912-plate84-slot3-roi6,20250912,84,3,6,20250912_mem-mito,20250912_mem-mito,fish3,3,72,,400,20250912_mem-mito,9/12/25,9/12/25,pDQM082,315,MGCO-01,,tdmChilada,2xLynk,membrane,tdmChilada(membrane),mStayGold,2Xcox8A,mitochondria,mStayGold(mitochondria),membrane|mitochondria,tdmChilada(membrane)|mStayGold(mitochondria),sheet
/clusterfs/vast/abcabc/Aang_Foundation/20250912_mem-mito/fish3_72hpf_roi4,20250912-plate84-slot3-roi7,20250912,84,3,7,20250912_mem-mito,20250912_mem-mito,fish3,3,72,,400,20250912_mem-mito,9/12/25,9/12/25,pDQM082,315,MGCO-01,,tdmChilada,2xLynk,membrane,tdmChilada(membrane),mStayGold,2Xcox8A,mitochondria,mStayGold(mitochondria),membrane|mitochondria,tdmChilada(membrane)|mStayGold(mitochondria),sheet
/clusterfs/vast/abcabc/Aang_Foundation/20250912_mem-mito/fish3_72hpf_roi5,20250912-plate84-slot3-roi8,20250912,84,3,8,20250912_mem-mito,20250912_mem-mito,fish3,3,72,,400,20250912_mem-mito,9/12/25,9/12/25,pDQM082,315,MGCO-01,,tdmChilada,2xLynk,membrane,tdmChilada(membrane),mStayGold,2Xcox8A,mitochondria,mStayGold(mitochondria),membrane|mitochondria,tdmChilada(membrane)|mStayGold(mitochondria),sheet
/clusterfs/vast/abcabc/Aang_Foundation/20250912_mem-mito/fish3_72hpf_roi6,20250912-plate84-slot3-roi9,20250912,84,3,9,20250912_mem-mito,20250912_mem-mito,fish3,3,72,,400,20250912_mem-mito,9/12/25,9/12/25,pDQM082,315,MGCO-01,,tdmChilada,2xLynk,membrane,tdmChilada(membrane),mStayGold,2Xcox8A,mitochondria,mStayGold(mitochondria),membrane|mitochondria,tdmChilada(membrane)|mStayGold(mitochondria),sheet
/clusterfs/vast/abcabc/Aang_Foundation/20250912_mem-mito/fish3_72hpf_roi7,20250912-plate84-slot3-roi10,20250912,84,3,10,20250912_mem-mito,20250912_mem-mito,fish3,3,72,,400,20250912_mem-mito,9/12/25,9/12/25,pDQM082,315,MGCO-01,,tdmChilada,2xLynk,membrane,tdmChilada(membrane),mStayGold,2Xcox8A,mitochondria,mStayGold(mitochondria),membrane|mitochondria,tdmChilada(membrane)|mStayGold(mitochondria),sheet
/clusterfs/vast/abcabc/Aang_Foundation/20250912_mem-mito/fish3_72hpf_roi8,20250912-plate84-slot3-roi11,20250912,84,3,11,20250912_mem-mito,20250912_mem-mito,fish3,3,72,,400,20250912_mem-mito,9/12/25,9/12/25,pDQM082,315,MGCO-01,,tdmChilada,2xLynk,membrane,tdmChilada(membrane),mStayGold,2Xcox8A,mitochondria,mStayGold(mitochondria),membrane|mitochondria,tdmChilada(membrane)|mStayGold(mitochondria),sheet
/clusterfs/vast/abcabc/Aang_Foundation/20250912_mem-mito/fish3_72hpf_roi9,20250912-plate84-slot3-roi12,20250912,84,3,12,20250912_mem-mito,20250912_mem-mito,fish3,3,72,,350,20250912_mem-mito,9/12/25,9/12/25,pDQM082,315,MGCO-01,,tdmChilada,2xLynk,membrane,tdmChilada(membrane),mStayGold,2Xcox8A,mitochondria,mStayGold(mitochondria),membrane|mitochondria,tdmChilada(membrane)|mStayGold(mitochondria),sheet
/clusterfs/vast/abcabc/Aang_Foundation/20250912_mem-mito/fish4_72hpf_roi1,20250912-plate84-slot4-roi1,20250912,84,4,1,20250912_mem-mito,20250912_mem-mito,fish4,4,72,,400,20250912_mem-mito,9/12/25,9/12/25,pDQM082,315,MGCO-01,,tdmChilada,2xLynk,membrane,tdmChilada(membrane),mStayGold,2Xcox8A,mitochondria,mStayGold(mitochondria),membrane|mitochondria,tdmChilada(membrane)|mStayGold(mitochondria),sheet
/clusterfs/vast/abcabc/Aang_Foundation/20250912_mem-mito/fish4_72hpf_roi2,20250912-plate84-slot4-roi2,20250912,84,4,2,20250912_mem-mito,20250912_mem-mito,fish4,4,72,,300,20250912_mem-mito,9/12/25,9/12/25,pDQM082,315,MGCO-01,,tdmChilada,2xLynk,membrane,tdmChilada(membrane),mStayGold,2Xcox8A,mitochondria,mStayGold(mitochondria),membrane|mitochondria,tdmChilada(membrane)|mStayGold(mitochondria),sheet
/clusterfs/vast/abcabc/Aang_Foundation/20250912_mem-mito/fish4_72hpf_roi3,20250912-plate84-slot4-roi3,20250912,84,4,3,20250912_mem-mito,20250912_mem-mito,fish4,4,72,,200,20250912_mem-mito,9/12/25,9/12/25,pDQM082,315,MGCO-01,,tdmChilada,2xLynk,membrane,tdmChilada(membrane),mStayGold,2Xcox8A,mitochondria,mStayGold(mitochondria),membrane|mitochondria,tdmChilada(membrane)|mStayGold(mitochondria),sheet
/clusterfs/vast/abcabc/Aang_Foundation/20250912_mem-mito/fish4_72hpf_roi4,20250912-plate84-slot4-roi4,20250912,84,4,4,20250912_mem-mito,20250912_mem-mito,fish4,4,72,,200,20250912_mem-mito,9/12/25,9/12/25,pDQM082,315,MGCO-01,,tdmChilada,2xLynk,membrane,tdmChilada(membrane),mStayGold,2Xcox8A,mitochondria,mStayGold(mitochondria),membrane|mitochondria,tdmChilada(membrane)|mStayGold(mitochondria),sheet
/clusterfs/vast/abcabc/Aang_Foundation/20250912_mem-mito/fish4_72hpf_roi5,20250912-plate84-slot4-roi5,20250912,84,4,5,20250912_mem-mito,20250912_mem-mito,fish4,4,72,,300,20250912_mem-mito,9/12/25,9/12/25,pDQM082,315,MGCO-01,,tdmChilada,2xLynk,membrane,tdmChilada(membrane),mStayGold,2Xcox8A,mitochondria,mStayGold(mitochondria),membrane|mitochondria,tdmChilada(membrane)|mStayGold(mitochondria),sheet
/clusterfs/vast/abcabc/Aang_Foundation/20250912_mem-mito/fish4_72hpf_roi6,20250912-plate84-slot4-roi6,20250912,84,4,6,20250912_mem-mito,20250912_mem-mito,fish4,4,72,,350,20250912_mem-mito,9/12/25,9/12/25,pDQM082,315,MGCO-01,,tdmChilada,2xLynk,membrane,tdmChilada(membrane),mStayGold,2Xcox8A,mitochondria,mStayGold(mitochondria),membrane|mitochondria,tdmChilada(membrane)|mStayGold(mitochondria),sheet
/clusterfs/vast/abcabc/Aang_Foundation/20250915_mem-mito/fish1_72hpf_roi1,20250915-plate85-slot1-roi1,20250915,85,1,1,20250915_mem-mito,20250915_mem-mito,fish1,1,72,,250,20250915_mem-mito,9/15/25,9/15/25,pDQM082,315,MGCO-01,,tdmChilada,2xLynk,membrane,tdmChilada(membrane),mStayGold,2Xcox8A,mitochondria,mStayGold(mitochondria),membrane|mitochondria,tdmChilada(membrane)|mStayGold(mitochondria),sheet
/clusterfs/vast/abcabc/Aang_Foundation/20250915_mem-mito/fish1_72hpf_roi2,20250915-plate85-slot1-roi2,20250915,85,1,2,20250915_mem-mito,20250915_mem-mito,fish1,1,72,,250,20250915_mem-mito,9/15/25,9/15/25,pDQM082,315,MGCO-01,,tdmChilada,2xLynk,membrane,tdmChilada(membrane),mStayGold,2Xcox8A,mitochondria,mStayGold(mitochondria),membrane|mitochondria,tdmChilada(membrane)|mStayGold(mitochondria),sheet
/clusterfs/vast/abcabc/Aang_Foundation/20250915_mem-mito/fish1_72hpf_roi3,20250915-plate85-slot1-roi3,20250915,85,1,3,20250915_mem-mito,20250915_mem-mito,fish1,1,72,,200,20250915_mem-mito,9/15/25,9/15/25,pDQM082,315,MGCO-01,,tdmChilada,2xLynk,membrane,tdmChilada(membrane),mStayGold,2Xcox8A,mitochondria,mStayGold(mitochondria),membrane|mitochondria,tdmChilada(membrane)|mStayGold(mitochondria),sheet
/clusterfs/vast/abcabc/Aang_Foundation/20250915_mem-mito/fish1_72hpf_roi4,20250915-plate85-slot1-roi4,20250915,85,1,4,20250915_mem-mito,20250915_mem-mito,fish1,1,72,,350,20250915_mem-mito,9/15/25,9/15/25,pDQM082,315,MGCO-01,,tdmChilada,2xLynk,membrane,tdmChilada(membrane),mStayGold,2Xcox8A,mitochondria,mStayGold(mitochondria),membrane|mitochondria,tdmChilada(membrane)|mStayGold(mitochondria),sheet
/clusterfs/vast/abcabc/Aang_Foundation/20250915_mem-mito/fish1_72hpf_roi5,20250915-plate85-slot1-roi5,20250915,85,1,5,20250915_mem-mito,20250915_mem-mito,fish1,1,72,,200,20250915_mem-mito,9/15/25,9/15/25,pDQM082,315,MGCO-01,,tdmChilada,2xLynk,membrane,tdmChilada(membrane),mStayGold,2Xcox8A,mitochondria,mStayGold(mitochondria),membrane|mitochondria,tdmChilada(membrane)|mStayGold(mitochondria),sheet
/clusterfs/vast/abcabc/Aang_Foundation/20250915_mem-mito/fish2_72hpf_roi1,20250915-plate85-slot2-roi1,20250915,85,2,1,20250915_mem-mito,20250915_mem-mito,fish2,2,72,,350,20250915_mem-mito,9/15/25,9/15/25,pDQM082,315,MGCO-01,,tdmChilada,2xLynk,membrane,tdmChilada(membrane),mStayGold,2Xcox8A,mitochondria,mStayGold(mitochondria),membrane|mitochondria,tdmChilada(membrane)|mStayGold(mitochondria),sheet
/clusterfs/vast/abcabc/Aang_Foundation/20250915_mem-mito/fish2_72hpf_roi2,20250915-plate85-slot2-roi2,20250915,85,2,2,20250915_mem-mito,20250915_mem-mito,fish2,2,72,,250,20250915_mem-mito,9/15/25,9/15/25,pDQM082,315,MGCO-01,,tdmChilada,2xLynk,membrane,tdmChilada(membrane),mStayGold,2Xcox8A,mitochondria,mStayGold(mitochondria),membrane|mitochondria,tdmChilada(membrane)|mStayGold(mitochondria),sheet
/clusterfs/vast/abcabc/Aang_Foundation/20250915_mem-mito/fish2_72hpf_roi3,20250915-plate85-slot2-roi3,20250915,85,2,3,20250915_mem-mito,20250915_mem-mito,fish2,2,72,,200,20250915_mem-mito,9/15/25,9/15/25,pDQM082,315,MGCO-01,,tdmChilada,2xLynk,membrane,tdmChilada(membrane),mStayGold,2Xcox8A,mitochondria,mStayGold(mitochondria),membrane|mitochondria,tdmChilada(membrane)|mStayGold(mitochondria),sheet
/clusterfs/vast/abcabc/Aang_Foundation/20250915_mem-mito/fish3_72hpf_roi1,20250915-plate85-slot3-roi1,20250915,85,3,1,20250915_mem-mito,20250915_mem-mito,fish3,3,72,,250,20250915_mem-mito,9/15/25,9/15/25,pDQM082,315,MGCO-01,,tdmChilada,2xLynk,membrane,tdmChilada(membrane),mStayGold,2Xcox8A,mitochondria,mStayGold(mitochondria),membrane|mitochondria,tdmChilada(membrane)|mStayGold(mitochondria),sheet
/clusterfs/vast/abcabc/Aang_Foundation/20250915_mem-mito/fish3_72hpf_roi2,20250915-plate85-slot3-roi2,20250915,85,3,2,20250915_mem-mito,20250915_mem-mito,fish3,3,72,,400,20250915_mem-mito,9/15/25,9/15/25,pDQM082,315,MGCO-01,,tdmChilada,2xLynk,membrane,tdmChilada(membrane),mStayGold,2Xcox8A,mitochondria,mStayGold(mitochondria),membrane|mitochondria,tdmChilada(membrane)|mStayGold(mitochondria),sheet
/clusterfs/vast/abcabc/Aang_Foundation/20250915_mem-mito/fish3_72hpf_roi3,20250915-plate85-slot3-roi3,20250915,85,3,3,20250915_mem-mito,20250915_mem-mito,fish3,3,72,,300,20250915_mem-mito,9/15/25,9/15/25,pDQM082,315,MGCO-01,,tdmChilada,2xLynk,membrane,tdmChilada(membrane),mStayGold,2Xcox8A,mitochondria,mStayGold(mitochondria),membrane|mitochondria,tdmChilada(membrane)|mStayGold(mitochondria),sheet
/clusterfs/vast/abcabc/Aang_Foundation/20250915_mem-mito/fish3_72hpf_roi4,20250915-plate85-slot3-roi4,20250915,85,3,4,20250915_mem-mito,20250915_mem-mito,fish3,3,72,,400,20250915_mem-mito,9/15/25,9/15/25,pDQM082,315,MGCO-01,,tdmChilada,2xLynk,membrane,tdmChilada(membrane),mStayGold,2Xcox8A,mitochondria,mStayGold(mitochondria),membrane|mitochondria,tdmChilada(membrane)|mStayGold(mitochondria),sheet
/clusterfs/vast/abcabc/Aang_Foundation/20250915_mem-mito/fish3_72hpf_roi5,20250915-plate85-slot3-roi5,20250915,85,3,5,20250915_mem-mito,20250915_mem-mito,fish3,3,72,,250,20250915_mem-mito,9/15/25,9/15/25,pDQM082,315,MGCO-01,,tdmChilada,2xLynk,membrane,tdmChilada(membrane),mStayGold,2Xcox8A,mitochondria,mStayGold(mitochondria),membrane|mitochondria,tdmChilada(membrane)|mStayGold(mitochondria),sheet
/clusterfs/vast/abcabc/Aang_Foundation/20250915_mem-mito/fish3_72hpf_roi6,20250915-plate85-slot3-roi6,20250915,85,3,6,20250915_mem-mito,20250915_mem-mito,fish3,3,72,,400,20250915_mem-mito,9/15/25,9/15/25,pDQM082,315,MGCO-01,,tdmChilada,2xLynk,membrane,tdmChilada(membrane),mStayGold,2Xcox8A,mitochondria,mStayGold(mitochondria),membrane|mitochondria,tdmChilada(membrane)|mStayGold(mitochondria),sheet
/clusterfs/vast/abcabc/Aang_Foundation/20250915_mem-mito/fish3_72hpf_roi7,20250915-plate85-slot3-roi7,20250915,85,3,7,20250915_mem-mito,20250915_mem-mito,fish3,3,72,,200,20250915_mem-mito,9/15/25,9/15/25,pDQM082,315,MGCO-01,,tdmChilada,2xLynk,membrane,tdmChilada(membrane),mStayGold,2Xcox8A,mitochondria,mStayGold(mitochondria),membrane|mitochondria,tdmChilada(membrane)|mStayGold(mitochondria),sheet
/clusterfs/vast/abcabc/Aang_Foundation/20250915_mem-mito/fish5_72hpf_roi1,20250915-plate85-slot4-roi1,20250915,85,4,1,20250915_mem-mito,20250915_mem-mito,fish5,5,72,,200,20250915_mem-mito,9/15/25,9/15/25,pDQM082,315,MGCO-01,,tdmChilada,2xLynk,membrane,tdmChilada(membrane),mStayGold,2Xcox8A,mitochondria,mStayGold(mitochondria),membrane|mitochondria,tdmChilada(membrane)|mStayGold(mitochondria),sheet
/clusterfs/vast/abcabc/Aang_Foundation/20250915_mem-mito/fish5_72hpf_roi2,20250915-plate85-slot4-roi2,20250915,85,4,2,20250915_mem-mito,20250915_mem-mito,fish5,5,72,,300,20250915_mem-mito,9/15/25,9/15/25,pDQM082,315,MGCO-01,,tdmChilada,2xLynk,membrane,tdmChilada(membrane),mStayGold,2Xcox8A,mitochondria,mStayGold(mitochondria),membrane|mitochondria,tdmChilada(membrane)|mStayGold(mitochondria),sheet
/clusterfs/vast/abcabc/Aang_Foundation/20250915_mem-mito/fish5_72hpf_roi3,20250915-plate85-slot4-roi3,20250915,85,4,3,20250915_mem-mito,20250915_mem-mito,fish5,5,72,,350,20250915_mem-mito,9/15/25,9/15/25,pDQM082,315,MGCO-01,,tdmChilada,2xLynk,membrane,tdmChilada(membrane),mStayGold,2Xcox8A,mitochondria,mStayGold(mitochondria),membrane|mitochondria,tdmChilada(membrane)|mStayGold(mitochondria),sheet
/clusterfs/vast/abcabc/Aang_Foundation/20250917_mem-mito/fish1_48hpf_roi1,20250917-plate86-slot1-roi1,20250917,86,1,1,20250917_mem-mito,20250917_mem-mito,fish1,1,48,,300,20250917_mem-mito,,,pDQM082,315,MGCO-01,,tdmChilada,2xLynk,membrane,tdmChilada(membrane),mStayGold,2Xcox8A,mitochondria,mStayGold(mitochondria),membrane|mitochondria,tdmChilada(membrane)|mStayGold(mitochondria),unmatched
/clusterfs/vast/abcabc/Aang_Foundation/20250917_mem-mito/fish1_48hpf_roi2,20250917-plate86-slot1-roi2,20250917,86,1,2,20250917_mem-mito,20250917_mem-mito,fish1,1,48,,200,20250917_mem-mito,,,pDQM082,315,MGCO-01,,tdmChilada,2xLynk,membrane,tdmChilada(membrane),mStayGold,2Xcox8A,mitochondria,mStayGold(mitochondria),membrane|mitochondria,tdmChilada(membrane)|mStayGold(mitochondria),unmatched
/clusterfs/vast/abcabc/Aang_Foundation/20250917_mem-mito/fish2_48hpf_roi1,20250917-plate86-slot2-roi1,20250917,86,2,1,20250917_mem-mito,20250917_mem-mito,fish2,2,48,,300,20250917_mem-mito,,,pDQM082,315,MGCO-01,,tdmChilada,2xLynk,membrane,tdmChilada(membrane),mStayGold,2Xcox8A,mitochondria,mStayGold(mitochondria),membrane|mitochondria,tdmChilada(membrane)|mStayGold(mitochondria),unmatched
/clusterfs/vast/abcabc/Aang_Foundation/20250917_mem-mito/fish2_48hpf_roi2,20250917-plate86-slot2-roi2,20250917,86,2,2,20250917_mem-mito,20250917_mem-mito,fish2,2,48,,250,20250917_mem-mito,,,pDQM082,315,MGCO-01,,tdmChilada,2xLynk,membrane,tdmChilada(membrane),mStayGold,2Xcox8A,mitochondria,mStayGold(mitochondria),membrane|mitochondria,tdmChilada(membrane)|mStayGold(mitochondria),unmatched
/clusterfs/vast/abcabc/Aang_Foundation/20250917_mem-mito/fish3_48hpf_roi1,20250917-plate86-slot3-roi1,20250917,86,3,1,20250917_mem-mito,20250917_mem-mito,fish3,3,48,,400,20250917_mem-mito,,,pDQM082,315,MGCO-01,,tdmChilada,2xLynk,membrane,tdmChilada(membrane),mStayGold,2Xcox8A,mitochondria,mStayGold(mitochondria),membrane|mitochondria,tdmChilada(membrane)|mStayGold(mitochondria),unmatched
/clusterfs/vast/abcabc/Aang_Foundation/20250917_mem-mito/fish3_48hpf_roi2,20250917-plate86-slot3-roi2,20250917,86,3,2,20250917_mem-mito,20250917_mem-mito,fish3,3,48,,400,20250917_mem-mito,,,pDQM082,315,MGCO-01,,tdmChilada,2xLynk,membrane,tdmChilada(membrane),mStayGold,2Xcox8A,mitochondria,mStayGold(mitochondria),membrane|mitochondria,tdmChilada(membrane)|mStayGold(mitochondria),unmatched
/clusterfs/vast/abcabc/Aang_Foundation/20250917_mem-mito/fish3_48hpf_roi3,20250917-plate86-slot3-roi3,20250917,86,3,3,20250917_mem-mito,20250917_mem-mito,fish3,3,48,,350,20250917_mem-mito,,,pDQM082,315,MGCO-01,,tdmChilada,2xLynk,membrane,tdmChilada(membrane),mStayGold,2Xcox8A,mitochondria,mStayGold(mitochondria),membrane|mitochondria,tdmChilada(membrane)|mStayGold(mitochondria),unmatched
/clusterfs/vast/abcabc/Aang_Foundation/20250917_mem-mito/fish3_48hpf_roi4,20250917-plate86-slot3-roi4,20250917,86,3,4,20250917_mem-mito,20250917_mem-mito,fish3,3,48,,300,20250917_mem-mito,,,pDQM082,315,MGCO-01,,tdmChilada,2xLynk,membrane,tdmChilada(membrane),mStayGold,2Xcox8A,mitochondria,mStayGold(mitochondria),membrane|mitochondria,tdmChilada(membrane)|mStayGold(mitochondria),unmatched
/clusterfs/vast/abcabc/Aang_Foundation/20250917_mem-mito/fish4_48hpf_roi1,20250917-plate86-slot4-roi1,20250917,86,4,1,20250917_mem-mito,20250917_mem-mito,fish4,4,48,,250,20250917_mem-mito,,,pDQM082,315,MGCO-01,,tdmChilada,2xLynk,membrane,tdmChilada(membrane),mStayGold,2Xcox8A,mitochondria,mStayGold(mitochondria),membrane|mitochondria,tdmChilada(membrane)|mStayGold(mitochondria),unmatched
/clusterfs/vast/abcabc/Aang_Foundation/20250917_mem-mito/fish4_48hpf_roi2,20250917-plate86-slot4-roi2,20250917,86,4,2,20250917_mem-mito,20250917_mem-mito,fish4,4,48,,250,20250917_mem-mito,,,pDQM082,315,MGCO-01,,tdmChilada,2xLynk,membrane,tdmChilada(membrane),mStayGold,2Xcox8A,mitochondria,mStayGold(mitochondria),membrane|mitochondria,tdmChilada(membrane)|mStayGold(mitochondria),unmatched
/clusterfs/vast/abcabc/Aang_Foundation/20250917_mem-mito/fish4_48hpf_roi3,20250917-plate86-slot4-roi3,20250917,86,4,3,20250917_mem-mito,20250917_mem-mito,fish4,4,48,,300,20250917_mem-mito,,,pDQM082,315,MGCO-01,,tdmChilada,2xLynk,membrane,tdmChilada(membrane),mStayGold,2Xcox8A,mitochondria,mStayGold(mitochondria),membrane|mitochondria,tdmChilada(membrane)|mStayGold(mitochondria),unmatched
/clusterfs/vast/abcabc/Aang_Foundation/20250917_mem-mito/fish4_48hpf_roi4,20250917-plate86-slot4-roi4,20250917,86,4,4,20250917_mem-mito,20250917_mem-mito,fish4,4,48,,200,20250917_mem-mito,,,pDQM082,315,MGCO-01,,tdmChilada,2xLynk,membrane,tdmChilada(membrane),mStayGold,2Xcox8A,mitochondria,mStayGold(mitochondria),membrane|mitochondria,tdmChilada(membrane)|mStayGold(mitochondria),unmatched
/clusterfs/vast/abcabc/Aang_Foundation/20250917_mem-mito/fish4_48hpf_roi5,20250917-plate86-slot4-roi5,20250917,86,4,5,20250917_mem-mito,20250917_mem-mito,fish4,4,48,,400,20250917_mem-mito,,,pDQM082,315,MGCO-01,,tdmChilada,2xLynk,membrane,tdmChilada(membrane),mStayGold,2Xcox8A,mitochondria,mStayGold(mitochondria),membrane|mitochondria,tdmChilada(membrane)|mStayGold(mitochondria),unmatched
/clusterfs/vast/abcabc/Aang_Foundation/20250917_mem-mito/fish4_48hpf_roi6,20250917-plate86-slot4-roi6,20250917,86,4,6,20250917_mem-mito,20250917_mem-mito,fish4,4,48,,400,20250917_mem-mito,,,pDQM082,315,MGCO-01,,tdmChilada,2xLynk,membrane,tdmChilada(membrane),mStayGold,2Xcox8A,mitochondria,mStayGold(mitochondria),membrane|mitochondria,tdmChilada(membrane)|mStayGold(mitochondria),unmatched
/clusterfs/vast/abcabc/Aang_Foundation/20250917_mem-mito/fish5_48hpf_roi1,20250917-plate86-slot5-roi1,20250917,86,5,1,20250917_mem-mito,20250917_mem-mito,fish5,5,48,,300,20250917_mem-mito,,,pDQM082,315,MGCO-01,,tdmChilada,2xLynk,membrane,tdmChilada(membrane),mStayGold,2Xcox8A,mitochondria,mStayGold(mitochondria),membrane|mitochondria,tdmChilada(membrane)|mStayGold(mitochondria),unmatched
/clusterfs/vast/abcabc/Aang_Foundation/20250917_mem-mito/fish5_48hpf_roi2,20250917-plate86-slot5-roi2,20250917,86,5,2,20250917_mem-mito,20250917_mem-mito,fish5,5,48,,150,20250917_mem-mito,,,pDQM082,315,MGCO-01,,tdmChilada,2xLynk,membrane,tdmChilada(membrane),mStayGold,2Xcox8A,mitochondria,mStayGold(mitochondria),membrane|mitochondria,tdmChilada(membrane)|mStayGold(mitochondria),unmatched
/clusterfs/vast/abcabc/Aang_Foundation/20250917_mem-mito/fish5_48hpf_roi3,20250917-plate86-slot5-roi3,20250917,86,5,3,20250917_mem-mito,20250917_mem-mito,fish5,5,48,,150,20250917_mem-mito,,,pDQM082,315,MGCO-01,,tdmChilada,2xLynk,membrane,tdmChilada(membrane),mStayGold,2Xcox8A,mitochondria,mStayGold(mitochondria),membrane|mitochondria,tdmChilada(membrane)|mStayGold(mitochondria),unmatched
/clusterfs/vast/abcabc/Aang_Foundation/20250917_mem-mito/fish5_48hpf_roi4,20250917-plate86-slot5-roi4,20250917,86,5,4,20250917_mem-mito,20250917_mem-mito,fish5,5,48,,400,20250917_mem-mito,,,pDQM082,315,MGCO-01,,tdmChilada,2xLynk,membrane,tdmChilada(membrane),mStayGold,2Xcox8A,mitochondria,mStayGold(mitochondria),membrane|mitochondria,tdmChilada(membrane)|mStayGold(mitochondria),unmatched
/clusterfs/vast/abcabc/Aang_Foundation/20250917_mem-mito/fish5_48hpf_roi5,20250917-plate86-slot5-roi5,20250917,86,5,5,20250917_mem-mito,20250917_mem-mito,fish5,5,48,,200,20250917_mem-mito,,,pDQM082,315,MGCO-01,,tdmChilada,2xLynk,membrane,tdmChilada(membrane),mStayGold,2Xcox8A,mitochondria,mStayGold(mitochondria),membrane|mitochondria,tdmChilada(membrane)|mStayGold(mitochondria),unmatched
/clusterfs/vast/abcabc/Aang_Foundation/20250917_mem-mito/fish6_48hpf_roi1,20250917-plate86-slot6-roi1,20250917,86,6,1,20250917_mem-mito,20250917_mem-mito,fish6,6,48,,400,20250917_mem-mito,,,pDQM082,315,MGCO-01,,tdmChilada,2xLynk,membrane,tdmChilada(membrane),mStayGold,2Xcox8A,mitochondria,mStayGold(mitochondria),membrane|mitochondria,tdmChilada(membrane)|mStayGold(mitochondria),unmatched
/clusterfs/vast/abcabc/Aang_Foundation/20250917_mem-mito/fish6_48hpf_roi2,20250917-plate86-slot6-roi2,20250917,86,6,2,20250917_mem-mito,20250917_mem-mito,fish6,6,48,,350,20250917_mem-mito,,,pDQM082,315,MGCO-01,,tdmChilada,2xLynk,membrane,tdmChilada(membrane),mStayGold,2Xcox8A,mitochondria,mStayGold(mitochondria),membrane|mitochondria,tdmChilada(membrane)|mStayGold(mitochondria),unmatched
/clusterfs/vast/abcabc/Aang_Foundation/20250918_mem-mito/fish1_72hpf_roi1,20250918-plate87-slot1-roi1,20250918,87,1,1,20250918_mem-mito,20250918_mem-mito,fish1,1,72,,400,20250918_mem-mito,9/18/25,9/18/25,pDQM082,315,MGCO-01,,tdmChilada,2xLynk,membrane,tdmChilada(membrane),mStayGold,2Xcox8A,mitochondria,mStayGold(mitochondria),membrane|mitochondria,tdmChilada(membrane)|mStayGold(mitochondria),sheet
/clusterfs/vast/abcabc/Aang_Foundation/20250918_mem-mito/fish1_72hpf_roi2,20250918-plate87-slot1-roi2,20250918,87,1,2,20250918_mem-mito,20250918_mem-mito,fish1,1,72,,350,20250918_mem-mito,9/18/25,9/18/25,pDQM082,315,MGCO-01,,tdmChilada,2xLynk,membrane,tdmChilada(membrane),mStayGold,2Xcox8A,mitochondria,mStayGold(mitochondria),membrane|mitochondria,tdmChilada(membrane)|mStayGold(mitochondria),sheet
/clusterfs/vast/abcabc/Aang_Foundation/20250918_mem-mito/fish1_72hpf_roi3,20250918-plate87-slot1-roi3,20250918,87,1,3,20250918_mem-mito,20250918_mem-mito,fish1,1,72,,350,20250918_mem-mito,9/18/25,9/18/25,pDQM082,315,MGCO-01,,tdmChilada,2xLynk,membrane,tdmChilada(membrane),mStayGold,2Xcox8A,mitochondria,mStayGold(mitochondria),membrane|mitochondria,tdmChilada(membrane)|mStayGold(mitochondria),sheet
/clusterfs/vast/abcabc/Aang_Foundation/20250918_mem-mito/fish1_72hpf_roi4,20250918-plate87-slot1-roi4,20250918,87,1,4,20250918_mem-mito,20250918_mem-mito,fish1,1,72,,250,20250918_mem-mito,9/18/25,9/18/25,pDQM082,315,MGCO-01,,tdmChilada,2xLynk,membrane,tdmChilada(membrane),mStayGold,2Xcox8A,mitochondria,mStayGold(mitochondria),membrane|mitochondria,tdmChilada(membrane)|mStayGold(mitochondria),sheet
/clusterfs/vast/abcabc/Aang_Foundation/20250918_mem-mito/fish1_72hpf_roi5,20250918-plate87-slot1-roi5,20250918,87,1,5,20250918_mem-mito,20250918_mem-mito,fish1,1,72,,200,20250918_mem-mito,9/18/25,9/18/25,pDQM082,315,MGCO-01,,tdmChilada,2xLynk,membrane,tdmChilada(membrane),mStayGold,2Xcox8A,mitochondria,mStayGold(mitochondria),membrane|mitochondria,tdmChilada(membrane)|mStayGold(mitochondria),sheet
/clusterfs/vast/abcabc/Aang_Foundation/20250918_mem-mito/fish1_72hpf_roi6,20250918-plate87-slot1-roi6,20250918,87,1,6,20250918_mem-mito,20250918_mem-mito,fish1,1,72,,400,20250918_mem-mito,9/18/25,9/18/25,pDQM082,315,MGCO-01,,tdmChilada,2xLynk,membrane,tdmChilada(membrane),mStayGold,2Xcox8A,mitochondria,mStayGold(mitochondria),membrane|mitochondria,tdmChilada(membrane)|mStayGold(mitochondria),sheet
/clusterfs/vast/abcabc/Aang_Foundation/20250918_mem-mito/fish2_72hpf_roi1,20250918-plate87-slot2-roi1,20250918,87,2,1,20250918_mem-mito,20250918_mem-mito,fish2,2,72,,350,20250918_mem-mito,9/18/25,9/18/25,pDQM082,315,MGCO-01,,tdmChilada,2xLynk,membrane,tdmChilada(membrane),mStayGold,2Xcox8A,mitochondria,mStayGold(mitochondria),membrane|mitochondria,tdmChilada(membrane)|mStayGold(mitochondria),sheet
/clusterfs/vast/abcabc/Aang_Foundation/20250918_mem-mito/fish2_72hpf_roi2,20250918-plate87-slot2-roi2,20250918,87,2,2,20250918_mem-mito,20250918_mem-mito,fish2,2,72,,350,20250918_mem-mito,9/18/25,9/18/25,pDQM082,315,MGCO-01,,tdmChilada,2xLynk,membrane,tdmChilada(membrane),mStayGold,2Xcox8A,mitochondria,mStayGold(mitochondria),membrane|mitochondria,tdmChilada(membrane)|mStayGold(mitochondria),sheet
/clusterfs/vast/abcabc/Aang_Foundation/20250918_mem-mito/fish2_72hpf_roi3,20250918-plate87-slot2-roi3,20250918,87,2,3,20250918_mem-mito,20250918_mem-mito,fish2,2,72,,250,20250918_mem-mito,9/18/25,9/18/25,pDQM082,315,MGCO-01,,tdmChilada,2xLynk,membrane,tdmChilada(membrane),mStayGold,2Xcox8A,mitochondria,mStayGold(mitochondria),membrane|mitochondria,tdmChilada(membrane)|mStayGold(mitochondria),sheet
/clusterfs/vast/abcabc/Aang_Foundation/20250918_mem-mito/fish2_72hpf_roi4,20250918-plate87-slot2-roi4,20250918,87,2,4,20250918_mem-mito,20250918_mem-mito,fish2,2,72,,300,20250918_mem-mito,9/18/25,9/18/25,pDQM082,315,MGCO-01,,tdmChilada,2xLynk,membrane,tdmChilada(membrane),mStayGold,2Xcox8A,mitochondria,mStayGold(mitochondria),membrane|mitochondria,tdmChilada(membrane)|mStayGold(mitochondria),sheet
/clusterfs/vast/abcabc/Aang_Foundation/20250918_mem-mito/fish3_72hpf_roi1,20250918-plate87-slot3-roi1,20250918,87,3,1,20250918_mem-mito,20250918_mem-mito,fish3,3,72,,400,20250918_mem-mito,9/18/25,9/18/25,pDQM082,315,MGCO-01,,tdmChilada,2xLynk,membrane,tdmChilada(membrane),mStayGold,2Xcox8A,mitochondria,mStayGold(mitochondria),membrane|mitochondria,tdmChilada(membrane)|mStayGold(mitochondria),sheet
/clusterfs/vast/abcabc/Aang_Foundation/20250918_mem-mito/fish3_72hpf_roi10,20250918-plate87-slot3-roi2,20250918,87,3,2,20250918_mem-mito,20250918_mem-mito,fish3,3,72,,400,20250918_mem-mito,9/18/25,9/18/25,pDQM082,315,MGCO-01,,tdmChilada,2xLynk,membrane,tdmChilada(membrane),mStayGold,2Xcox8A,mitochondria,mStayGold(mitochondria),membrane|mitochondria,tdmChilada(membrane)|mStayGold(mitochondria),sheet
/clusterfs/vast/abcabc/Aang_Foundation/20250918_mem-mito/fish3_72hpf_roi11,20250918-plate87-slot3-roi3,20250918,87,3,3,20250918_mem-mito,20250918_mem-mito,fish3,3,72,,400,20250918_mem-mito,9/18/25,9/18/25,pDQM082,315,MGCO-01,,tdmChilada,2xLynk,membrane,tdmChilada(membrane),mStayGold,2Xcox8A,mitochondria,mStayGold(mitochondria),membrane|mitochondria,tdmChilada(membrane)|mStayGold(mitochondria),sheet
/clusterfs/vast/abcabc/Aang_Foundation/20250918_mem-mito/fish3_72hpf_roi2,20250918-plate87-slot3-roi4,20250918,87,3,4,20250918_mem-mito,20250918_mem-mito,fish3,3,72,,200,20250918_mem-mito,9/18/25,9/18/25,pDQM082,315,MGCO-01,,tdmChilada,2xLynk,membrane,tdmChilada(membrane),mStayGold,2Xcox8A,mitochondria,mStayGold(mitochondria),membrane|mitochondria,tdmChilada(membrane)|mStayGold(mitochondria),sheet
/clusterfs/vast/abcabc/Aang_Foundation/20250918_mem-mito/fish3_72hpf_roi3,20250918-plate87-slot3-roi5,20250918,87,3,5,20250918_mem-mito,20250918_mem-mito,fish3,3,72,,300,20250918_mem-mito,9/18/25,9/18/25,pDQM082,315,MGCO-01,,tdmChilada,2xLynk,membrane,tdmChilada(membrane),mStayGold,2Xcox8A,mitochondria,mStayGold(mitochondria),membrane|mitochondria,tdmChilada(membrane)|mStayGold(mitochondria),sheet
/clusterfs/vast/abcabc/Aang_Foundation/20250918_mem-mito/fish3_72hpf_roi4,20250918-plate87-slot3-roi6,20250918,87,3,6,20250918_mem-mito,20250918_mem-mito,fish3,3,72,,200,20250918_mem-mito,9/18/25,9/18/25,pDQM082,315,MGCO-01,,tdmChilada,2xLynk,membrane,tdmChilada(membrane),mStayGold,2Xcox8A,mitochondria,mStayGold(mitochondria),membrane|mitochondria,tdmChilada(membrane)|mStayGold(mitochondria),sheet
/clusterfs/vast/abcabc/Aang_Foundation/20250918_mem-mito/fish3_72hpf_roi5,20250918-plate87-slot3-roi7,20250918,87,3,7,20250918_mem-mito,20250918_mem-mito,fish3,3,72,,400,20250918_mem-mito,9/18/25,9/18/25,pDQM082,315,MGCO-01,,tdmChilada,2xLynk,membrane,tdmChilada(membrane),mStayGold,2Xcox8A,mitochondria,mStayGold(mitochondria),membrane|mitochondria,tdmChilada(membrane)|mStayGold(mitochondria),sheet
/clusterfs/vast/abcabc/Aang_Foundation/20250918_mem-mito/fish3_72hpf_roi6,20250918-plate87-slot3-roi8,20250918,87,3,8,20250918_mem-mito,20250918_mem-mito,fish3,3,72,,250,20250918_mem-mito,9/18/25,9/18/25,pDQM082,315,MGCO-01,,tdmChilada,2xLynk,membrane,tdmChilada(membrane),mStayGold,2Xcox8A,mitochondria,mStayGold(mitochondria),membrane|mitochondria,tdmChilada(membrane)|mStayGold(mitochondria),sheet
/clusterfs/vast/abcabc/Aang_Foundation/20250918_mem-mito/fish3_72hpf_roi7,20250918-plate87-slot3-roi9,20250918,87,3,9,20250918_mem-mito,20250918_mem-mito,fish3,3,72,,400,20250918_mem-mito,9/18/25,9/18/25,pDQM082,315,MGCO-01,,tdmChilada,2xLynk,membrane,tdmChilada(membrane),mStayGold,2Xcox8A,mitochondria,mStayGold(mitochondria),membrane|mitochondria,tdmChilada(membrane)|mStayGold(mitochondria),sheet
/clusterfs/vast/abcabc/Aang_Foundation/20250918_mem-mito/fish3_72hpf_roi8,20250918-plate87-slot3-roi10,20250918,87,3,10,20250918_mem-mito,20250918_mem-mito,fish3,3,72,,350,20250918_mem-mito,9/18/25,9/18/25,pDQM082,315,MGCO-01,,tdmChilada,2xLynk,membrane,tdmChilada(membrane),mStayGold,2Xcox8A,mitochondria,mStayGold(mitochondria),membrane|mitochondria,tdmChilada(membrane)|mStayGold(mitochondria),sheet
/clusterfs/vast/abcabc/Aang_Foundation/20250918_mem-mito/fish3_72hpf_roi9,20250918-plate87-slot3-roi11,20250918,87,3,11,20250918_mem-mito,20250918_mem-mito,fish3,3,72,,400,20250918_mem-mito,9/18/25,9/18/25,pDQM082,315,MGCO-01,,tdmChilada,2xLynk,membrane,tdmChilada(membrane),mStayGold,2Xcox8A,mitochondria,mStayGold(mitochondria),membrane|mitochondria,tdmChilada(membrane)|mStayGold(mitochondria),sheet
/clusterfs/vast/abcabc/Aang_Foundation/20250918_mem-mito/fish5_72hpf_roi1,20250918-plate87-slot4-roi1,20250918,87,4,1,20250918_mem-mito,20250918_mem-mito,fish5,5,72,,400,20250918_mem-mito,9/18/25,9/18/25,pDQM082,315,MGCO-01,,tdmChilada,2xLynk,membrane,tdmChilada(membrane),mStayGold,2Xcox8A,mitochondria,mStayGold(mitochondria),membrane|mitochondria,tdmChilada(membrane)|mStayGold(mitochondria),sheet
/clusterfs/vast/abcabc/Aang_Foundation/20250918_mem-mito/fish5_72hpf_roi2,20250918-plate87-slot4-roi2,20250918,87,4,2,20250918_mem-mito,20250918_mem-mito,fish5,5,72,,300,20250918_mem-mito,9/18/25,9/18/25,pDQM082,315,MGCO-01,,tdmChilada,2xLynk,membrane,tdmChilada(membrane),mStayGold,2Xcox8A,mitochondria,mStayGold(mitochondria),membrane|mitochondria,tdmChilada(membrane)|mStayGold(mitochondria),sheet
/clusterfs/vast/abcabc/Aang_Foundation/20250918_mem-mito/fish5_72hpf_roi3,20250918-plate87-slot4-roi3,20250918,87,4,3,20250918_mem-mito,20250918_mem-mito,fish5,5,72,,250,20250918_mem-mito,9/18/25,9/18/25,pDQM082,315,MGCO-01,,tdmChilada,2xLynk,membrane,tdmChilada(membrane),mStayGold,2Xcox8A,mitochondria,mStayGold(mitochondria),membrane|mitochondria,tdmChilada(membrane)|mStayGold(mitochondria),sheet
/clusterfs/vast/abcabc/Aang_Foundation/20250918_mem-mito/fish5_72hpf_roi4,20250918-plate87-slot4-roi4,20250918,87,4,4,20250918_mem-mito,20250918_mem-mito,fish5,5,72,,200,20250918_mem-mito,9/18/25,9/18/25,pDQM082,315,MGCO-01,,tdmChilada,2xLynk,membrane,tdmChilada(membrane),mStayGold,2Xcox8A,mitochondria,mStayGold(mitochondria),membrane|mitochondria,tdmChilada(membrane)|mStayGold(mitochondria),sheet
/clusterfs/vast/abcabc/Aang_Foundation/20250918_mem-mito/fish6_72hpf_roi1,20250918-plate87-slot5-roi1,20250918,87,5,1,20250918_mem-mito,20250918_mem-mito,fish6,6,72,,400,20250918_mem-mito,9/18/25,9/18/25,pDQM082,315,MGCO-01,,tdmChilada,2xLynk,membrane,tdmChilada(membrane),mStayGold,2Xcox8A,mitochondria,mStayGold(mitochondria),membrane|mitochondria,tdmChilada(membrane)|mStayGold(mitochondria),sheet
/clusterfs/vast/abcabc/Aang_Foundation/20250919_mem-mito/fish1_24hpf_roi1,20250919-plate88-slot1-roi1,20250919,88,1,1,20250919_mem-mito,20250919_mem-mito,fish1,1,24,,626,20250919_mem-mito,9/19/25,9/19/25,pDQM082,315,MGCO-01,,tdmChilada,2xLynk,membrane,tdmChilada(membrane),mStayGold,2Xcox8A,mitochondria,mStayGold(mitochondria),membrane|mitochondria,tdmChilada(membrane)|mStayGold(mitochondria),sheet
/clusterfs/vast/abcabc/Aang_Foundation/20250919_mem-mito/fish1_24hpf_roi2,20250919-plate88-slot1-roi2,20250919,88,1,2,20250919_mem-mito,20250919_mem-mito,fish1,1,24,,528,20250919_mem-mito,9/19/25,9/19/25,pDQM082,315,MGCO-01,,tdmChilada,2xLynk,membrane,tdmChilada(membrane),mStayGold,2Xcox8A,mitochondria,mStayGold(mitochondria),membrane|mitochondria,tdmChilada(membrane)|mStayGold(mitochondria),sheet
/clusterfs/vast/abcabc/Aang_Foundation/20250919_mem-mito/fish1_24hpf_roi3,20250919-plate88-slot1-roi3,20250919,88,1,3,20250919_mem-mito,20250919_mem-mito,fish1,1,24,,462,20250919_mem-mito,9/19/25,9/19/25,pDQM082,315,MGCO-01,,tdmChilada,2xLynk,membrane,tdmChilada(membrane),mStayGold,2Xcox8A,mitochondria,mStayGold(mitochondria),membrane|mitochondria,tdmChilada(membrane)|mStayGold(mitochondria),sheet
/clusterfs/vast/abcabc/Aang_Foundation/20250919_mem-mito/fish2_24hpf_roi1,20250919-plate88-slot2-roi1,20250919,88,2,1,20250919_mem-mito,20250919_mem-mito,fish2,2,24,,528,20250919_mem-mito,9/19/25,9/19/25,pDQM082,315,MGCO-01,,tdmChilada,2xLynk,membrane,tdmChilada(membrane),mStayGold,2Xcox8A,mitochondria,mStayGold(mitochondria),membrane|mitochondria,tdmChilada(membrane)|mStayGold(mitochondria),sheet
/clusterfs/vast/abcabc/Aang_Foundation/20250919_mem-mito/fish2_24hpf_roi2,20250919-plate88-slot2-roi2,20250919,88,2,2,20250919_mem-mito,20250919_mem-mito,fish2,2,24,,462,20250919_mem-mito,9/19/25,9/19/25,pDQM082,315,MGCO-01,,tdmChilada,2xLynk,membrane,tdmChilada(membrane),mStayGold,2Xcox8A,mitochondria,mStayGold(mitochondria),membrane|mitochondria,tdmChilada(membrane)|mStayGold(mitochondria),sheet
/clusterfs/vast/abcabc/Aang_Foundation/20250919_mem-mito/fish2_24hpf_roi3,20250919-plate88-slot2-roi3,20250919,88,2,3,20250919_mem-mito,20250919_mem-mito,fish2,2,24,,528,20250919_mem-mito,9/19/25,9/19/25,pDQM082,315,MGCO-01,,tdmChilada,2xLynk,membrane,tdmChilada(membrane),mStayGold,2Xcox8A,mitochondria,mStayGold(mitochondria),membrane|mitochondria,tdmChilada(membrane)|mStayGold(mitochondria),sheet
/clusterfs/vast/abcabc/Aang_Foundation/20250919_mem-mito/fish4_24hpf_roi1,20250919-plate88-slot3-roi1,20250919,88,3,1,20250919_mem-mito,20250919_mem-mito,fish4,4,24,,528,20250919_mem-mito,9/19/25,9/19/25,pDQM082,315,MGCO-01,,tdmChilada,2xLynk,membrane,tdmChilada(membrane),mStayGold,2Xcox8A,mitochondria,mStayGold(mitochondria),membrane|mitochondria,tdmChilada(membrane)|mStayGold(mitochondria),sheet
/clusterfs/vast/abcabc/Aang_Foundation/20250919_mem-mito/fish4_24hpf_roi2,20250919-plate88-slot3-roi2,20250919,88,3,2,20250919_mem-mito,20250919_mem-mito,fish4,4,24,,462,20250919_mem-mito,9/19/25,9/19/25,pDQM082,315,MGCO-01,,tdmChilada,2xLynk,membrane,tdmChilada(membrane),mStayGold,2Xcox8A,mitochondria,mStayGold(mitochondria),membrane|mitochondria,tdmChilada(membrane)|mStayGold(mitochondria),sheet
/clusterfs/vast/abcabc/Aang_Foundation/20250919_mem-mito/fish4_24hpf_roi3,20250919-plate88-slot3-roi3,20250919,88,3,3,20250919_mem-mito,20250919_mem-mito,fish4,4,24,,330,20250919_mem-mito,9/19/25,9/19/25,pDQM082,315,MGCO-01,,tdmChilada,2xLynk,membrane,tdmChilada(membrane),mStayGold,2Xcox8A,mitochondria,mStayGold(mitochondria),membrane|mitochondria,tdmChilada(membrane)|mStayGold(mitochondria),sheet
/clusterfs/vast/abcabc/Aang_Foundation/20250919_mem-mito/fish5_24hpf_roi1,20250919-plate88-slot4-roi1,20250919,88,4,1,20250919_mem-mito,20250919_mem-mito,fish5,5,24,,462,20250919_mem-mito,9/19/25,9/19/25,pDQM082,315,MGCO-01,,tdmChilada,2xLynk,membrane,tdmChilada(membrane),mStayGold,2Xcox8A,mitochondria,mStayGold(mitochondria),membrane|mitochondria,tdmChilada(membrane)|mStayGold(mitochondria),sheet
/clusterfs/vast/abcabc/Aang_Foundation/20250919_mem-mito/fish5_24hpf_roi2,20250919-plate88-slot4-roi2,20250919,88,4,2,20250919_mem-mito,20250919_mem-mito,fish5,5,24,,528,20250919_mem-mito,9/19/25,9/19/25,pDQM082,315,MGCO-01,,tdmChilada,2xLynk,membrane,tdmChilada(membrane),mStayGold,2Xcox8A,mitochondria,mStayGold(mitochondria),membrane|mitochondria,tdmChilada(membrane)|mStayGold(mitochondria),sheet
/clusterfs/vast/abcabc/Aang_Foundation/20250919_mem-mito/fish5_24hpf_roi3,20250919-plate88-slot4-roi3,20250919,88,4,3,20250919_mem-mito,20250919_mem-mito,fish5,5,24,,330,20250919_mem-mito,9/19/25,9/19/25,pDQM082,315,MGCO-01,,tdmChilada,2xLynk,membrane,tdmChilada(membrane),mStayGold,2Xcox8A,mitochondria,mStayGold(mitochondria),membrane|mitochondria,tdmChilada(membrane)|mStayGold(mitochondria),sheet
/clusterfs/vast/abcabc/Aang_Foundation/20250919_mem-mito/fish5_24hpf_roi4,20250919-plate88-slot4-roi4,20250919,88,4,4,20250919_mem-mito,20250919_mem-mito,fish5,5,24,,330,20250919_mem-mito,9/19/25,9/19/25,pDQM082,315,MGCO-01,,tdmChilada,2xLynk,membrane,tdmChilada(membrane),mStayGold,2Xcox8A,mitochondria,mStayGold(mitochondria),membrane|mitochondria,tdmChilada(membrane)|mStayGold(mitochondria),sheet
/clusterfs/vast/abcabc/Aang_Foundation/20250919_mem-mito/fish7_24hpf_roi1,20250919-plate88-slot5-roi1,20250919,88,5,1,20250919_mem-mito,20250919_mem-mito,fish7,7,24,,528,20250919_mem-mito,9/19/25,9/19/25,pDQM082,315,MGCO-01,,tdmChilada,2xLynk,membrane,tdmChilada(membrane),mStayGold,2Xcox8A,mitochondria,mStayGold(mitochondria),membrane|mitochondria,tdmChilada(membrane)|mStayGold(mitochondria),sheet
/clusterfs/vast/abcabc/Aang_Foundation/20250919_mem-mito/fish7_24hpf_roi2,20250919-plate88-slot5-roi2,20250919,88,5,2,20250919_mem-mito,20250919_mem-mito,fish7,7,24,,462,20250919_mem-mito,9/19/25,9/19/25,pDQM082,315,MGCO-01,,tdmChilada,2xLynk,membrane,tdmChilada(membrane),mStayGold,2Xcox8A,mitochondria,mStayGold(mitochondria),membrane|mitochondria,tdmChilada(membrane)|mStayGold(mitochondria),sheet
/clusterfs/vast/abcabc/Aang_Foundation/20250919_mem-mito/fish7_24hpf_roi3,20250919-plate88-slot5-roi3,20250919,88,5,3,20250919_mem-mito,20250919_mem-mito,fish7,7,24,,528,20250919_mem-mito,9/19/25,9/19/25,pDQM082,315,MGCO-01,,tdmChilada,2xLynk,membrane,tdmChilada(membrane),mStayGold,2Xcox8A,mitochondria,mStayGold(mitochondria),membrane|mitochondria,tdmChilada(membrane)|mStayGold(mitochondria),sheet
/clusterfs/vast/abcabc/Aang_Foundation/20250919_mem-mito/fish7_24hpf_roi4,20250919-plate88-slot5-roi4,20250919,88,5,4,20250919_mem-mito,20250919_mem-mito,fish7,7,24,,330,20250919_mem-mito,9/19/25,9/19/25,pDQM082,315,MGCO-01,,tdmChilada,2xLynk,membrane,tdmChilada(membrane),mStayGold,2Xcox8A,mitochondria,mStayGold(mitochondria),membrane|mitochondria,tdmChilada(membrane)|mStayGold(mitochondria),sheet
/clusterfs/vast/abcabc/Aang_Foundation/20250919_mem-mito/fish7_24hpf_roi5,20250919-plate88-slot5-roi5,20250919,88,5,5,20250919_mem-mito,20250919_mem-mito,fish7,7,24,,264,20250919_mem-mito,9/19/25,9/19/25,pDQM082,315,MGCO-01,,tdmChilada,2xLynk,membrane,tdmChilada(membrane),mStayGold,2Xcox8A,mitochondria,mStayGold(mitochondria),membrane|mitochondria,tdmChilada(membrane)|mStayGold(mitochondria),sheet
/clusterfs/vast/abcabc/Aang_Foundation/20250919_mem-mito/fish8_24hpf_roi1,20250919-plate88-slot6-roi1,20250919,88,6,1,20250919_mem-mito,20250919_mem-mito,fish8,8,24,,462,20250919_mem-mito,9/19/25,9/19/25,pDQM082,315,MGCO-01,,tdmChilada,2xLynk,membrane,tdmChilada(membrane),mStayGold,2Xcox8A,mitochondria,mStayGold(mitochondria),membrane|mitochondria,tdmChilada(membrane)|mStayGold(mitochondria),sheet
/clusterfs/vast/abcabc/Aang_Foundation/20250919_mem-mito/fish8_24hpf_roi2,20250919-plate88-slot6-roi2,20250919,88,6,2,20250919_mem-mito,20250919_mem-mito,fish8,8,24,,462,20250919_mem-mito,9/19/25,9/19/25,pDQM082,315,MGCO-01,,tdmChilada,2xLynk,membrane,tdmChilada(membrane),mStayGold,2Xcox8A,mitochondria,mStayGold(mitochondria),membrane|mitochondria,tdmChilada(membrane)|mStayGold(mitochondria),sheet
/clusterfs/vast/abcabc/Aang_Foundation/20250919_mem-mito/fish8_24hpf_roi3,20250919-plate88-slot6-roi3,20250919,88,6,3,20250919_mem-mito,20250919_mem-mito,fish8,8,24,,330,20250919_mem-mito,9/19/25,9/19/25,pDQM082,315,MGCO-01,,tdmChilada,2xLynk,membrane,tdmChilada(membrane),mStayGold,2Xcox8A,mitochondria,mStayGold(mitochondria),membrane|mitochondria,tdmChilada(membrane)|mStayGold(mitochondria),sheet
/clusterfs/vast/abcabc/Aang_Foundation/20250919_mem-mito/fish8_24hpf_roi4,20250919-plate88-slot6-roi4,20250919,88,6,4,20250919_mem-mito,20250919_mem-mito,fish8,8,24,,330,20250919_mem-mito,9/19/25,9/19/25,pDQM082,315,MGCO-01,,tdmChilada,2xLynk,membrane,tdmChilada(membrane),mStayGold,2Xcox8A,mitochondria,mStayGold(mitochondria),membrane|mitochondria,tdmChilada(membrane)|mStayGold(mitochondria),sheet
/clusterfs/vast/abcabc/Aang_Foundation/20250919_mem-mito/fish8_24hpf_roi5,20250919-plate88-slot6-roi5,20250919,88,6,5,20250919_mem-mito,20250919_mem-mito,fish8,8,24,,396,20250919_mem-mito,9/19/25,9/19/25,pDQM082,315,MGCO-01,,tdmChilada,2xLynk,membrane,tdmChilada(membrane),mStayGold,2Xcox8A,mitochondria,mStayGold(mitochondria),membrane|mitochondria,tdmChilada(membrane)|mStayGold(mitochondria),sheet
/clusterfs/vast/abcabc/Aang_Foundation/20250922_mem-mito/fish1_72hpf_roi1,20250922-plate89-slot1-roi1,20250922,89,1,1,20250922_mem-mito,20250922_mem-mito,fish1,1,72,,400,20250922_mem-mito,9/22/25,9/22/25,pDQM082,315,MGCO-01,,tdmChilada,2xLynk,membrane,tdmChilada(membrane),mStayGold,2Xcox8A,mitochondria,mStayGold(mitochondria),membrane|mitochondria,tdmChilada(membrane)|mStayGold(mitochondria),sheet
/clusterfs/vast/abcabc/Aang_Foundation/20250922_mem-mito/fish1_72hpf_roi2,20250922-plate89-slot1-roi2,20250922,89,1,2,20250922_mem-mito,20250922_mem-mito,fish1,1,72,,400,20250922_mem-mito,9/22/25,9/22/25,pDQM082,315,MGCO-01,,tdmChilada,2xLynk,membrane,tdmChilada(membrane),mStayGold,2Xcox8A,mitochondria,mStayGold(mitochondria),membrane|mitochondria,tdmChilada(membrane)|mStayGold(mitochondria),sheet
/clusterfs/vast/abcabc/Aang_Foundation/20250922_mem-mito/fish1_72hpf_roi3,20250922-plate89-slot1-roi3,20250922,89,1,3,20250922_mem-mito,20250922_mem-mito,fish1,1,72,,400,20250922_mem-mito,9/22/25,9/22/25,pDQM082,315,MGCO-01,,tdmChilada,2xLynk,membrane,tdmChilada(membrane),mStayGold,2Xcox8A,mitochondria,mStayGold(mitochondria),membrane|mitochondria,tdmChilada(membrane)|mStayGold(mitochondria),sheet
/clusterfs/vast/abcabc/Aang_Foundation/20250922_mem-mito/fish1_72hpf_roi4,20250922-plate89-slot1-roi4,20250922,89,1,4,20250922_mem-mito,20250922_mem-mito,fish1,1,72,,400,20250922_mem-mito,9/22/25,9/22/25,pDQM082,315,MGCO-01,,tdmChilada,2xLynk,membrane,tdmChilada(membrane),mStayGold,2Xcox8A,mitochondria,mStayGold(mitochondria),membrane|mitochondria,tdmChilada(membrane)|mStayGold(mitochondria),sheet
/clusterfs/vast/abcabc/Aang_Foundation/20250922_mem-mito/fish1_72hpf_roi5,20250922-plate89-slot1-roi5,20250922,89,1,5,20250922_mem-mito,20250922_mem-mito,fish1,1,72,,100,20250922_mem-mito,9/22/25,9/22/25,pDQM082,315,MGCO-01,,tdmChilada,2xLynk,membrane,tdmChilada(membrane),mStayGold,2Xcox8A,mitochondria,mStayGold(mitochondria),membrane|mitochondria,tdmChilada(membrane)|mStayGold(mitochondria),sheet
/clusterfs/vast/abcabc/Aang_Foundation/20250922_mem-mito/fish1_72hpf_roi6,20250922-plate89-slot1-roi6,20250922,89,1,6,20250922_mem-mito,20250922_mem-mito,fish1,1,72,,400,20250922_mem-mito,9/22/25,9/22/25,pDQM082,315,MGCO-01,,tdmChilada,2xLynk,membrane,tdmChilada(membrane),mStayGold,2Xcox8A,mitochondria,mStayGold(mitochondria),membrane|mitochondria,tdmChilada(membrane)|mStayGold(mitochondria),sheet
/clusterfs/vast/abcabc/Aang_Foundation/20250922_mem-mito/fish1_72hpf_roi7,20250922-plate89-slot1-roi7,20250922,89,1,7,20250922_mem-mito,20250922_mem-mito,fish1,1,72,,400,20250922_mem-mito,9/22/25,9/22/25,pDQM082,315,MGCO-01,,tdmChilada,2xLynk,membrane,tdmChilada(membrane),mStayGold,2Xcox8A,mitochondria,mStayGold(mitochondria),membrane|mitochondria,tdmChilada(membrane)|mStayGold(mitochondria),sheet
/clusterfs/vast/abcabc/Aang_Foundation/20250922_mem-mito/fish1_72hpf_roi8,20250922-plate89-slot1-roi8,20250922,89,1,8,20250922_mem-mito,20250922_mem-mito,fish1,1,72,,400,20250922_mem-mito,9/22/25,9/22/25,pDQM082,315,MGCO-01,,tdmChilada,2xLynk,membrane,tdmChilada(membrane),mStayGold,2Xcox8A,mitochondria,mStayGold(mitochondria),membrane|mitochondria,tdmChilada(membrane)|mStayGold(mitochondria),sheet
/clusterfs/vast/abcabc/Aang_Foundation/20250922_mem-mito/fish2_72hpf_roi1,20250922-plate89-slot2-roi1,20250922,89,2,1,20250922_mem-mito,20250922_mem-mito,fish2,2,72,,400,20250922_mem-mito,9/22/25,9/22/25,pDQM082,315,MGCO-01,,tdmChilada,2xLynk,membrane,tdmChilada(membrane),mStayGold,2Xcox8A,mitochondria,mStayGold(mitochondria),membrane|mitochondria,tdmChilada(membrane)|mStayGold(mitochondria),sheet
/clusterfs/vast/abcabc/Aang_Foundation/20250922_mem-mito/fish2_72hpf_roi2,20250922-plate89-slot2-roi2,20250922,89,2,2,20250922_mem-mito,20250922_mem-mito,fish2,2,72,,400,20250922_mem-mito,9/22/25,9/22/25,pDQM082,315,MGCO-01,,tdmChilada,2xLynk,membrane,tdmChilada(membrane),mStayGold,2Xcox8A,mitochondria,mStayGold(mitochondria),membrane|mitochondria,tdmChilada(membrane)|mStayGold(mitochondria),sheet
/clusterfs/vast/abcabc/Aang_Foundation/20250922_mem-mito/fish2_72hpf_roi3,20250922-plate89-slot2-roi3,20250922,89,2,3,20250922_mem-mito,20250922_mem-mito,fish2,2,72,,400,20250922_mem-mito,9/22/25,9/22/25,pDQM082,315,MGCO-01,,tdmChilada,2xLynk,membrane,tdmChilada(membrane),mStayGold,2Xcox8A,mitochondria,mStayGold(mitochondria),membrane|mitochondria,tdmChilada(membrane)|mStayGold(mitochondria),sheet
/clusterfs/vast/abcabc/Aang_Foundation/20250922_mem-mito/fish2_72hpf_roi4,20250922-plate89-slot2-roi4,20250922,89,2,4,20250922_mem-mito,20250922_mem-mito,fish2,2,72,,400,20250922_mem-mito,9/22/25,9/22/25,pDQM082,315,MGCO-01,,tdmChilada,2xLynk,membrane,tdmChilada(membrane),mStayGold,2Xcox8A,mitochondria,mStayGold(mitochondria),membrane|mitochondria,tdmChilada(membrane)|mStayGold(mitochondria),sheet
/clusterfs/vast/abcabc/Aang_Foundation/20250922_mem-mito/fish4_72hpf_roi1,20250922-plate89-slot3-roi1,20250922,89,3,1,20250922_mem-mito,20250922_mem-mito,fish4,4,72,,400,20250922_mem-mito,9/22/25,9/22/25,pDQM082,315,MGCO-01,,tdmChilada,2xLynk,membrane,tdmChilada(membrane),mStayGold,2Xcox8A,mitochondria,mStayGold(mitochondria),membrane|mitochondria,tdmChilada(membrane)|mStayGold(mitochondria),sheet
/clusterfs/vast/abcabc/Aang_Foundation/20250922_mem-mito/fish5_72hpf_roi1,20250922-plate89-slot4-roi1,20250922,89,4,1,20250922_mem-mito,20250922_mem-mito,fish5,5,72,,400,20250922_mem-mito,9/22/25,9/22/25,pDQM082,315,MGCO-01,,tdmChilada,2xLynk,membrane,tdmChilada(membrane),mStayGold,2Xcox8A,mitochondria,mStayGold(mitochondria),membrane|mitochondria,tdmChilada(membrane)|mStayGold(mitochondria),sheet
/clusterfs/vast/abcabc/Aang_Foundation/20250922_mem-mito/fish5_72hpf_roi2,20250922-plate89-slot4-roi2,20250922,89,4,2,20250922_mem-mito,20250922_mem-mito,fish5,5,72,,400,20250922_mem-mito,9/22/25,9/22/25,pDQM082,315,MGCO-01,,tdmChilada,2xLynk,membrane,tdmChilada(membrane),mStayGold,2Xcox8A,mitochondria,mStayGold(mitochondria),membrane|mitochondria,tdmChilada(membrane)|mStayGold(mitochondria),sheet
/clusterfs/vast/abcabc/Aang_Foundation/20250922_mem-mito/fish5_72hpf_roi3,20250922-plate89-slot4-roi3,20250922,89,4,3,20250922_mem-mito,20250922_mem-mito,fish5,5,72,,400,20250922_mem-mito,9/22/25,9/22/25,pDQM082,315,MGCO-01,,tdmChilada,2xLynk,membrane,tdmChilada(membrane),mStayGold,2Xcox8A,mitochondria,mStayGold(mitochondria),membrane|mitochondria,tdmChilada(membrane)|mStayGold(mitochondria),sheet
/clusterfs/vast/abcabc/Aang_Foundation/20250922_mem-mito/fish5_72hpf_roi4,20250922-plate89-slot4-roi4,20250922,89,4,4,20250922_mem-mito,20250922_mem-mito,fish5,5,72,,400,20250922_mem-mito,9/22/25,9/22/25,pDQM082,315,MGCO-01,,tdmChilada,2xLynk,membrane,tdmChilada(membrane),mStayGold,2Xcox8A,mitochondria,mStayGold(mitochondria),membrane|mitochondria,tdmChilada(membrane)|mStayGold(mitochondria),sheet
/clusterfs/vast/abcabc/Aang_Foundation/20250924_mem-mito/fish1_24hpf_roi1,20250924-plate90-slot1-roi1,20250924,90,1,1,20250924_mem-mito,20250924_mem-mito,fish1,1,24,,528,20250924_mem-mito,9/24/25,9/24/25,pDQM082,315,MGCO-01,,tdmChilada,2xLynk,membrane,tdmChilada(membrane),mStayGold,2Xcox8A,mitochondria,mStayGold(mitochondria),membrane|mitochondria,tdmChilada(membrane)|mStayGold(mitochondria),sheet
/clusterfs/vast/abcabc/Aang_Foundation/20250924_mem-mito/fish1_24hpf_roi2,20250924-plate90-slot1-roi2,20250924,90,1,2,20250924_mem-mito,20250924_mem-mito,fish1,1,24,,528,20250924_mem-mito,9/24/25,9/24/25,pDQM082,315,MGCO-01,,tdmChilada,2xLynk,membrane,tdmChilada(membrane),mStayGold,2Xcox8A,mitochondria,mStayGold(mitochondria),membrane|mitochondria,tdmChilada(membrane)|mStayGold(mitochondria),sheet
/clusterfs/vast/abcabc/Aang_Foundation/20250924_mem-mito/fish1_24hpf_roi3,20250924-plate90-slot1-roi3,20250924,90,1,3,20250924_mem-mito,20250924_mem-mito,fish1,1,24,,528,20250924_mem-mito,9/24/25,9/24/25,pDQM082,315,MGCO-01,,tdmChilada,2xLynk,membrane,tdmChilada(membrane),mStayGold,2Xcox8A,mitochondria,mStayGold(mitochondria),membrane|mitochondria,tdmChilada(membrane)|mStayGold(mitochondria),sheet
/clusterfs/vast/abcabc/Aang_Foundation/20250924_mem-mito/fish1_24hpf_roi4,20250924-plate90-slot1-roi4,20250924,90,1,4,20250924_mem-mito,20250924_mem-mito,fish1,1,24,,400,20250924_mem-mito,9/24/25,9/24/25,pDQM082,315,MGCO-01,,tdmChilada,2xLynk,membrane,tdmChilada(membrane),mStayGold,2Xcox8A,mitochondria,mStayGold(mitochondria),membrane|mitochondria,tdmChilada(membrane)|mStayGold(mitochondria),sheet
/clusterfs/vast/abcabc/Aang_Foundation/20250924_mem-mito/fish1_24hpf_roi5,20250924-plate90-slot1-roi5,20250924,90,1,5,20250924_mem-mito,20250924_mem-mito,fish1,1,24,,1,20250924_mem-mito,9/24/25,9/24/25,pDQM082,315,MGCO-01,,tdmChilada,2xLynk,membrane,tdmChilada(membrane),mStayGold,2Xcox8A,mitochondria,mStayGold(mitochondria),membrane|mitochondria,tdmChilada(membrane)|mStayGold(mitochondria),sheet
/clusterfs/vast/abcabc/Aang_Foundation/20250924_mem-mito/fish1_24hpf_roi6,20250924-plate90-slot1-roi6,20250924,90,1,6,20250924_mem-mito,20250924_mem-mito,fish1,1,24,,12,20250924_mem-mito,9/24/25,9/24/25,pDQM082,315,MGCO-01,,tdmChilada,2xLynk,membrane,tdmChilada(membrane),mStayGold,2Xcox8A,mitochondria,mStayGold(mitochondria),membrane|mitochondria,tdmChilada(membrane)|mStayGold(mitochondria),sheet
/clusterfs/vast/abcabc/Aang_Foundation/20250924_mem-mito/fish2_24hpf_roi1,20250924-plate90-slot2-roi1,20250924,90,2,1,20250924_mem-mito,20250924_mem-mito,fish2,2,24,,400,20250924_mem-mito,9/24/25,9/24/25,pDQM082,315,MGCO-01,,tdmChilada,2xLynk,membrane,tdmChilada(membrane),mStayGold,2Xcox8A,mitochondria,mStayGold(mitochondria),membrane|mitochondria,tdmChilada(membrane)|mStayGold(mitochondria),sheet
/clusterfs/vast/abcabc/Aang_Foundation/20250924_mem-mito/fish2_24hpf_roi2,20250924-plate90-slot2-roi2,20250924,90,2,2,20250924_mem-mito,20250924_mem-mito,fish2,2,24,,400,20250924_mem-mito,9/24/25,9/24/25,pDQM082,315,MGCO-01,,tdmChilada,2xLynk,membrane,tdmChilada(membrane),mStayGold,2Xcox8A,mitochondria,mStayGold(mitochondria),membrane|mitochondria,tdmChilada(membrane)|mStayGold(mitochondria),sheet
/clusterfs/vast/abcabc/Aang_Foundation/20250924_mem-mito/fish3_24hpf_roi1,20250924-plate90-slot3-roi1,20250924,90,3,1,20250924_mem-mito,20250924_mem-mito,fish3,3,24,,800,20250924_mem-mito,9/24/25,9/24/25,pDQM082,315,MGCO-01,,tdmChilada,2xLynk,membrane,tdmChilada(membrane),mStayGold,2Xcox8A,mitochondria,mStayGold(mitochondria),membrane|mitochondria,tdmChilada(membrane)|mStayGold(mitochondria),sheet
/clusterfs/vast/abcabc/Aang_Foundation/20250924_mem-mito/fish3_24hpf_roi1_test,20250924-plate90-slot3-roi2,20250924,90,3,2,20250924_mem-mito,20250924_mem-mito,fish3,3,24,,4,20250924_mem-mito,9/24/25,9/24/25,pDQM082,315,MGCO-01,,tdmChilada,2xLynk,membrane,tdmChilada(membrane),mStayGold,2Xcox8A,mitochondria,mStayGold(mitochondria),membrane|mitochondria,tdmChilada(membrane)|mStayGold(mitochondria),sheet
/clusterfs/vast/abcabc/Aang_Foundation/20250924_mem-mito/fish3_24hpf_roi3,20250924-plate90-slot3-roi3,20250924,90,3,3,20250924_mem-mito,20250924_mem-mito,fish3,3,24,,400,20250924_mem-mito,9/24/25,9/24/25,pDQM082,315,MGCO-01,,tdmChilada,2xLynk,membrane,tdmChilada(membrane),mStayGold,2Xcox8A,mitochondria,mStayGold(mitochondria),membrane|mitochondria,tdmChilada(membrane)|mStayGold(mitochondria),sheet
/clusterfs/vast/abcabc/Aang_Foundation/20250924_mem-mito/fish3_24hpf_roi4,20250924-plate90-slot3-roi4,20250924,90,3,4,20250924_mem-mito,20250924_mem-mito,fish3,3,24,,400,20250924_mem-mito,9/24/25,9/24/25,pDQM082,315,MGCO-01,,tdmChilada,2xLynk,membrane,tdmChilada(membrane),mStayGold,2Xcox8A,mitochondria,mStayGold(mitochondria),membrane|mitochondria,tdmChilada(membrane)|mStayGold(mitochondria),sheet
/clusterfs/vast/abcabc/Aang_Foundation/20250924_mem-mito/fish3_24hpf_roi5,20250924-plate90-slot3-roi5,20250924,90,3,5,20250924_mem-mito,20250924_mem-mito,fish3,3,24,,400,20250924_mem-mito,9/24/25,9/24/25,pDQM082,315,MGCO-01,,tdmChilada,2xLynk,membrane,tdmChilada(membrane),mStayGold,2Xcox8A,mitochondria,mStayGold(mitochondria),membrane|mitochondria,tdmChilada(membrane)|mStayGold(mitochondria),sheet
/clusterfs/vast/abcabc/Aang_Foundation/20250924_mem-mito/fish3_24hpf_roi6,20250924-plate90-slot3-roi6,20250924,90,3,6,20250924_mem-mito,20250924_mem-mito,fish3,3,24,,400,20250924_mem-mito,9/24/25,9/24/25,pDQM082,315,MGCO-01,,tdmChilada,2xLynk,membrane,tdmChilada(membrane),mStayGold,2Xcox8A,mitochondria,mStayGold(mitochondria),membrane|mitochondria,tdmChilada(membrane)|mStayGold(mitochondria),sheet
/clusterfs/vast/abcabc/Aang_Foundation/20250924_mem-mito/fish3_24hpf_roi7,20250924-plate90-slot3-roi7,20250924,90,3,7,20250924_mem-mito,20250924_mem-mito,fish3,3,24,,400,20250924_mem-mito,9/24/25,9/24/25,pDQM082,315,MGCO-01,,tdmChilada,2xLynk,membrane,tdmChilada(membrane),mStayGold,2Xcox8A,mitochondria,mStayGold(mitochondria),membrane|mitochondria,tdmChilada(membrane)|mStayGold(mitochondria),sheet
/clusterfs/vast/abcabc/Aang_Foundation/20250924_mem-mito/fish4_24hpf_roi1,20250924-plate90-slot4-roi1,20250924,90,4,1,20250924_mem-mito,20250924_mem-mito,fish4,4,24,,400,20250924_mem-mito,9/24/25,9/24/25,pDQM082,315,MGCO-01,,tdmChilada,2xLynk,membrane,tdmChilada(membrane),mStayGold,2Xcox8A,mitochondria,mStayGold(mitochondria),membrane|mitochondria,tdmChilada(membrane)|mStayGold(mitochondria),sheet
/clusterfs/vast/abcabc/Aang_Foundation/20250924_mem-mito/fish4_24hpf_roi2,20250924-plate90-slot4-roi2,20250924,90,4,2,20250924_mem-mito,20250924_mem-mito,fish4,4,24,,400,20250924_mem-mito,9/24/25,9/24/25,pDQM082,315,MGCO-01,,tdmChilada,2xLynk,membrane,tdmChilada(membrane),mStayGold,2Xcox8A,mitochondria,mStayGold(mitochondria),membrane|mitochondria,tdmChilada(membrane)|mStayGold(mitochondria),sheet
/clusterfs/vast/abcabc/Aang_Foundation/20250924_mem-mito/fish4_24hpf_roi3,20250924-plate90-slot4-roi3,20250924,90,4,3,20250924_mem-mito,20250924_mem-mito,fish4,4,24,,458,20250924_mem-mito,9/24/25,9/24/25,pDQM082,315,MGCO-01,,tdmChilada,2xLynk,membrane,tdmChilada(membrane),mStayGold,2Xcox8A,mitochondria,mStayGold(mitochondria),membrane|mitochondria,tdmChilada(membrane)|mStayGold(mitochondria),sheet
/clusterfs/vast/abcabc/Aang_Foundation/20250925_mem-mito/fish1_48hpf_roi1,20250925-plate91-slot1-roi1,20250925,91,1,1,20250925_mem-mito,20250925_mem-mito,fish1,1,48,,600,20250925_mem-mito,9/25/25,9/25/25,pDQM082,315,MGCO-01,,tdmChilada,2xLynk,membrane,tdmChilada(membrane),mStayGold,2Xcox8A,mitochondria,mStayGold(mitochondria),membrane|mitochondria,tdmChilada(membrane)|mStayGold(mitochondria),sheet
/clusterfs/vast/abcabc/Aang_Foundation/20250925_mem-mito/fish1_48hpf_roi2,20250925-plate91-slot1-roi2,20250925,91,1,2,20250925_mem-mito,20250925_mem-mito,fish1,1,48,,600,20250925_mem-mito,9/25/25,9/25/25,pDQM082,315,MGCO-01,,tdmChilada,2xLynk,membrane,tdmChilada(membrane),mStayGold,2Xcox8A,mitochondria,mStayGold(mitochondria),membrane|mitochondria,tdmChilada(membrane)|mStayGold(mitochondria),sheet
/clusterfs/vast/abcabc/Aang_Foundation/20250925_mem-mito/fish1_48hpf_roi3,20250925-plate91-slot1-roi3,20250925,91,1,3,20250925_mem-mito,20250925_mem-mito,fish1,1,48,,600,20250925_mem-mito,9/25/25,9/25/25,pDQM082,315,MGCO-01,,tdmChilada,2xLynk,membrane,tdmChilada(membrane),mStayGold,2Xcox8A,mitochondria,mStayGold(mitochondria),membrane|mitochondria,tdmChilada(membrane)|mStayGold(mitochondria),sheet
/clusterfs/vast/abcabc/Aang_Foundation/20250925_mem-mito/fish3_48hpf_roi1,20250925-plate91-slot2-roi1,20250925,91,2,1,20250925_mem-mito,20250925_mem-mito,fish3,3,48,,600,20250925_mem-mito,9/25/25,9/25/25,pDQM082,315,MGCO-01,,tdmChilada,2xLynk,membrane,tdmChilada(membrane),mStayGold,2Xcox8A,mitochondria,mStayGold(mitochondria),membrane|mitochondria,tdmChilada(membrane)|mStayGold(mitochondria),sheet
/clusterfs/vast/abcabc/Aang_Foundation/20250925_mem-mito/fish3_48hpf_roi2,20250925-plate91-slot2-roi2,20250925,91,2,2,20250925_mem-mito,20250925_mem-mito,fish3,3,48,,600,20250925_mem-mito,9/25/25,9/25/25,pDQM082,315,MGCO-01,,tdmChilada,2xLynk,membrane,tdmChilada(membrane),mStayGold,2Xcox8A,mitochondria,mStayGold(mitochondria),membrane|mitochondria,tdmChilada(membrane)|mStayGold(mitochondria),sheet
/clusterfs/vast/abcabc/Aang_Foundation/20250925_mem-mito/fish3_48hpf_roi3,20250925-plate91-slot2-roi3,20250925,91,2,3,20250925_mem-mito,20250925_mem-mito,fish3,3,48,,600,20250925_mem-mito,9/25/25,9/25/25,pDQM082,315,MGCO-01,,tdmChilada,2xLynk,membrane,tdmChilada(membrane),mStayGold,2Xcox8A,mitochondria,mStayGold(mitochondria),membrane|mitochondria,tdmChilada(membrane)|mStayGold(mitochondria),sheet
/clusterfs/vast/abcabc/Aang_Foundation/20250925_mem-mito/fish3_48hpf_roi4,20250925-plate91-slot2-roi4,20250925,91,2,4,20250925_mem-mito,20250925_mem-mito,fish3,3,48,,600,20250925_mem-mito,9/25/25,9/25/25,pDQM082,315,MGCO-01,,tdmChilada,2xLynk,membrane,tdmChilada(membrane),mStayGold,2Xcox8A,mitochondria,mStayGold(mitochondria),membrane|mitochondria,tdmChilada(membrane)|mStayGold(mitochondria),sheet
/clusterfs/vast/abcabc/Aang_Foundation/20250926_mem-mito/fish1_48hpf_roi1,20250926-plate92-slot1-roi1,20250926,92,1,1,20250926_mem-mito,20250926_mem-mito,fish1,1,48,,335,20250926_mem-mito,9/26/25,9/26/25,pDQM082,315,MGCO-01,,tdmChilada,2xLynk,membrane,tdmChilada(membrane),mStayGold,2Xcox8A,mitochondria,mStayGold(mitochondria),membrane|mitochondria,tdmChilada(membrane)|mStayGold(mitochondria),sheet
/clusterfs/vast/abcabc/Aang_Foundation/20250926_mem-mito/fish1_48hpf_roi2,20250926-plate92-slot1-roi2,20250926,92,1,2,20250926_mem-mito,20250926_mem-mito,fish1,1,48,,600,20250926_mem-mito,9/26/25,9/26/25,pDQM082,315,MGCO-01,,tdmChilada,2xLynk,membrane,tdmChilada(membrane),mStayGold,2Xcox8A,mitochondria,mStayGold(mitochondria),membrane|mitochondria,tdmChilada(membrane)|mStayGold(mitochondria),sheet
/clusterfs/vast/abcabc/Aang_Foundation/20250926_mem-mito/fish1_48hpf_roi3,20250926-plate92-slot1-roi3,20250926,92,1,3,20250926_mem-mito,20250926_mem-mito,fish1,1,48,,600,20250926_mem-mito,9/26/25,9/26/25,pDQM082,315,MGCO-01,,tdmChilada,2xLynk,membrane,tdmChilada(membrane),mStayGold,2Xcox8A,mitochondria,mStayGold(mitochondria),membrane|mitochondria,tdmChilada(membrane)|mStayGold(mitochondria),sheet
/clusterfs/vast/abcabc/Aang_Foundation/20250926_mem-mito/fish1_48hpf_roi4,20250926-plate92-slot1-roi4,20250926,92,1,4,20250926_mem-mito,20250926_mem-mito,fish1,1,48,,600,20250926_mem-mito,9/26/25,9/26/25,pDQM082,315,MGCO-01,,tdmChilada,2xLynk,membrane,tdmChilada(membrane),mStayGold,2Xcox8A,mitochondria,mStayGold(mitochondria),membrane|mitochondria,tdmChilada(membrane)|mStayGold(mitochondria),sheet
/clusterfs/vast/abcabc/Aang_Foundation/20250926_mem-mito/fish2_48hpf_roi1,20250926-plate92-slot2-roi1,20250926,92,2,1,20250926_mem-mito,20250926_mem-mito,fish2,2,48,,600,20250926_mem-mito,9/26/25,9/26/25,pDQM082,315,MGCO-01,,tdmChilada,2xLynk,membrane,tdmChilada(membrane),mStayGold,2Xcox8A,mitochondria,mStayGold(mitochondria),membrane|mitochondria,tdmChilada(membrane)|mStayGold(mitochondria),sheet
/clusterfs/vast/abcabc/Aang_Foundation/20250926_mem-mito/fish2_48hpf_roi2,20250926-plate92-slot2-roi2,20250926,92,2,2,20250926_mem-mito,20250926_mem-mito,fish2,2,48,,600,20250926_mem-mito,9/26/25,9/26/25,pDQM082,315,MGCO-01,,tdmChilada,2xLynk,membrane,tdmChilada(membrane),mStayGold,2Xcox8A,mitochondria,mStayGold(mitochondria),membrane|mitochondria,tdmChilada(membrane)|mStayGold(mitochondria),sheet
/clusterfs/vast/abcabc/Aang_Foundation/20250926_mem-mito/fish2_48hpf_roi3,20250926-plate92-slot2-roi3,20250926,92,2,3,20250926_mem-mito,20250926_mem-mito,fish2,2,48,,600,20250926_mem-mito,9/26/25,9/26/25,pDQM082,315,MGCO-01,,tdmChilada,2xLynk,membrane,tdmChilada(membrane),mStayGold,2Xcox8A,mitochondria,mStayGold(mitochondria),membrane|mitochondria,tdmChilada(membrane)|mStayGold(mitochondria),sheet
/clusterfs/vast/abcabc/Aang_Foundation/20250926_mem-mito/fish2_48hpf_roi4,20250926-plate92-slot2-roi4,20250926,92,2,4,20250926_mem-mito,20250926_mem-mito,fish2,2,48,,407,20250926_mem-mito,9/26/25,9/26/25,pDQM082,315,MGCO-01,,tdmChilada,2xLynk,membrane,tdmChilada(membrane),mStayGold,2Xcox8A,mitochondria,mStayGold(mitochondria),membrane|mitochondria,tdmChilada(membrane)|mStayGold(mitochondria),sheet
/clusterfs/vast/abcabc/Aang_Foundation/20250926_mem-mito/fish3_48hpf_roi1,20250926-plate92-slot3-roi1,20250926,92,3,1,20250926_mem-mito,20250926_mem-mito,fish3,3,48,,600,20250926_mem-mito,9/26/25,9/26/25,pDQM082,315,MGCO-01,,tdmChilada,2xLynk,membrane,tdmChilada(membrane),mStayGold,2Xcox8A,mitochondria,mStayGold(mitochondria),membrane|mitochondria,tdmChilada(membrane)|mStayGold(mitochondria),sheet
/clusterfs/vast/abcabc/Aang_Foundation/20250926_mem-mito/fish3_48hpf_roi2,20250926-plate92-slot3-roi2,20250926,92,3,2,20250926_mem-mito,20250926_mem-mito,fish3,3,48,,600,20250926_mem-mito,9/26/25,9/26/25,pDQM082,315,MGCO-01,,tdmChilada,2xLynk,membrane,tdmChilada(membrane),mStayGold,2Xcox8A,mitochondria,mStayGold(mitochondria),membrane|mitochondria,tdmChilada(membrane)|mStayGold(mitochondria),sheet
/clusterfs/vast/abcabc/Aang_Foundation/20250926_mem-mito/fish3_48hpf_roi3,20250926-plate92-slot3-roi3,20250926,92,3,3,20250926_mem-mito,20250926_mem-mito,fish3,3,48,,600,20250926_mem-mito,9/26/25,9/26/25,pDQM082,315,MGCO-01,,tdmChilada,2xLynk,membrane,tdmChilada(membrane),mStayGold,2Xcox8A,mitochondria,mStayGold(mitochondria),membrane|mitochondria,tdmChilada(membrane)|mStayGold(mitochondria),sheet
/clusterfs/vast/abcabc/Aang_Foundation/20250926_mem-mito/fish3_48hpf_roi4,20250926-plate92-slot3-roi4,20250926,92,3,4,20250926_mem-mito,20250926_mem-mito,fish3,3,48,,600,20250926_mem-mito,9/26/25,9/26/25,pDQM082,315,MGCO-01,,tdmChilada,2xLynk,membrane,tdmChilada(membrane),mStayGold,2Xcox8A,mitochondria,mStayGold(mitochondria),membrane|mitochondria,tdmChilada(membrane)|mStayGold(mitochondria),sheet
/clusterfs/vast/abcabc/Aang_Foundation/20250926_mem-mito/fish_48hpf_roi1,20250926-plate92-slot1-roi5,20250926,92,1,5,20250926_mem-mito,20250926_mem-mito,fish1,1,,,600,20250926_mem-mito,9/26/25,9/26/25,pDQM082,315,MGCO-01,,tdmChilada,2xLynk,membrane,tdmChilada(membrane),mStayGold,2Xcox8A,mitochondria,mStayGold(mitochondria),membrane|mitochondria,tdmChilada(membrane)|mStayGold(mitochondria),sheet
/clusterfs/vast/abcabc/Aang_Foundation/20250926_mem-mito/fish_48hpf_roi2,20250926-plate92-slot2-roi5,20250926,92,2,5,20250926_mem-mito,20250926_mem-mito,fish2,2,,,600,20250926_mem-mito,9/26/25,9/26/25,pDQM082,315,MGCO-01,,tdmChilada,2xLynk,membrane,tdmChilada(membrane),mStayGold,2Xcox8A,mitochondria,mStayGold(mitochondria),membrane|mitochondria,tdmChilada(membrane)|mStayGold(mitochondria),sheet
/clusterfs/vast/abcabc/Aang_Foundation/20250926_mem-mito/fish_48hpf_roi3,20250926-plate92-slot3-roi5,20250926,92,3,5,20250926_mem-mito,20250926_mem-mito,fish3,3,,,600,20250926_mem-mito,9/26/25,9/26/25,pDQM082,315,MGCO-01,,tdmChilada,2xLynk,membrane,tdmChilada(membrane),mStayGold,2Xcox8A,mitochondria,mStayGold(mitochondria),membrane|mitochondria,tdmChilada(membrane)|mStayGold(mitochondria),sheet
/clusterfs/vast/abcabc/Aang_Foundation/20250926_mem-mito/fish_48hpf_roi4,20250926-plate92-slot4-roi1,20250926,92,4,1,20250926_mem-mito,20250926_mem-mito,fish4,4,,,600,20250926_mem-mito,9/26/25,9/26/25,pDQM082,315,MGCO-01,,tdmChilada,2xLynk,membrane,tdmChilada(membrane),mStayGold,2Xcox8A,mitochondria,mStayGold(mitochondria),membrane|mitochondria,tdmChilada(membrane)|mStayGold(mitochondria),sheet
/clusterfs/vast/abcabc/Aang_Foundation/20251001_mem-histone/fish1_24hpf_roi1,20251001-plate93-slot1-roi1,20251001,93,1,1,20251001_mem-histone,20251001_mem-histone,fish1,1,24,,2340,20251001_mem-histone,10/1/25,10/1/25,"pDQM005,pDQM133","302,324",,,tdmSG|tdmScarlet3,2xLynk|H2B,membrane|histone,tdmSG(membrane)|tdmScarlet3(histone),,,,,membrane|histone,tdmSG(membrane)|tdmScarlet3(histone),sheet
/clusterfs/vast/abcabc/Aang_Foundation/20251001_mem-histone/fish1_24hpf_roi2,20251001-plate93-slot1-roi2,20251001,93,1,2,20251001_mem-histone,20251001_mem-histone,fish1,1,24,,1920,20251001_mem-histone,10/1/25,10/1/25,"pDQM005,pDQM133","302,324",,,tdmSG|tdmScarlet3,2xLynk|H2B,membrane|histone,tdmSG(membrane)|tdmScarlet3(histone),,,,,membrane|histone,tdmSG(membrane)|tdmScarlet3(histone),sheet
/clusterfs/vast/abcabc/Aang_Foundation/20251001_mem-histone/fish2_24hpf_roi1,20251001-plate93-slot2-roi1,20251001,93,2,1,20251001_mem-histone,20251001_mem-histone,fish2,2,24,,1920,20251001_mem-histone,10/1/25,10/1/25,"pDQM005,pDQM133","302,324",,,tdmSG|tdmScarlet3,2xLynk|H2B,membrane|histone,tdmSG(membrane)|tdmScarlet3(histone),,,,,membrane|histone,tdmSG(membrane)|tdmScarlet3(histone),sheet
/clusterfs/vast/abcabc/Aang_Foundation/20251001_mem-histone/fish2_24hpf_roi2,20251001-plate93-slot2-roi2,20251001,93,2,2,20251001_mem-histone,20251001_mem-histone,fish2,2,24,,1920,20251001_mem-histone,10/1/25,10/1/25,"pDQM005,pDQM133","302,324",,,tdmSG|tdmScarlet3,2xLynk|H2B,membrane|histone,tdmSG(membrane)|tdmScarlet3(histone),,,,,membrane|histone,tdmSG(membrane)|tdmScarlet3(histone),sheet
/clusterfs/vast/abcabc/Aang_Foundation/20251001_mem-histone/fish2_24hpf_roi3,20251001-plate93-slot2-roi3,20251001,93,2,3,20251001_mem-histone,20251001_mem-histone,fish2,2,24,,1920,20251001_mem-histone,10/1/25,10/1/25,"pDQM005,pDQM133","302,324",,,tdmSG|tdmScarlet3,2xLynk|H2B,membrane|histone,tdmSG(membrane)|tdmScarlet3(histone),,,,,membrane|histone,tdmSG(membrane)|tdmScarlet3(histone),sheet
/clusterfs/vast/abcabc/Aang_Foundation/20251001_mem-histone/fish4_24hpf_roi1,20251001-plate93-slot3-roi1,20251001,93,3,1,20251001_mem-histone,20251001_mem-histone,fish4,4,24,,1920,20251001_mem-histone,10/1/25,10/1/25,"pDQM005,pDQM133","302,324",,,tdmSG|tdmScarlet3,2xLynk|H2B,membrane|histone,tdmSG(membrane)|tdmScarlet3(histone),,,,,membrane|histone,tdmSG(membrane)|tdmScarlet3(histone),sheet
/clusterfs/vast/abcabc/Aang_Foundation/20251001_mem-histone/fish4_24hpf_roi2,20251001-plate93-slot3-roi2,20251001,93,3,2,20251001_mem-histone,20251001_mem-histone,fish4,4,24,,1920,20251001_mem-histone,10/1/25,10/1/25,"pDQM005,pDQM133","302,324",,,tdmSG|tdmScarlet3,2xLynk|H2B,membrane|histone,tdmSG(membrane)|tdmScarlet3(histone),,,,,membrane|histone,tdmSG(membrane)|tdmScarlet3(histone),sheet
/clusterfs/vast/abcabc/Aang_Foundation/20251001_mem-histone/fish5_24hpf_roi1,20251001-plate93-slot4-roi1,20251001,93,4,1,20251001_mem-histone,20251001_mem-histone,fish5,5,24,,1920,20251001_mem-histone,10/1/25,10/1/25,"pDQM005,pDQM133","302,324",,,tdmSG|tdmScarlet3,2xLynk|H2B,membrane|histone,tdmSG(membrane)|tdmScarlet3(histone),,,,,membrane|histone,tdmSG(membrane)|tdmScarlet3(histone),sheet
/clusterfs/vast/abcabc/Aang_Foundation/20251001_mem-histone/fish5_24hpf_roi2,20251001-plate93-slot4-roi2,20251001,93,4,2,20251001_mem-histone,20251001_mem-histone,fish5,5,24,,1920,20251001_mem-histone,10/1/25,10/1/25,"pDQM005,pDQM133","302,324",,,tdmSG|tdmScarlet3,2xLynk|H2B,membrane|histone,tdmSG(membrane)|tdmScarlet3(histone),,,,,membrane|histone,tdmSG(membrane)|tdmScarlet3(histone),sheet
/clusterfs/vast/abcabc/Aang_Foundation/20251001_mem-histone/fish5_24hpf_roi3,20251001-plate93-slot4-roi3,20251001,93,4,3,20251001_mem-histone,20251001_mem-histone,fish5,5,24,,1920,20251001_mem-histone,10/1/25,10/1/25,"pDQM005,pDQM133","302,324",,,tdmSG|tdmScarlet3,2xLynk|H2B,membrane|histone,tdmSG(membrane)|tdmScarlet3(histone),,,,,membrane|histone,tdmSG(membrane)|tdmScarlet3(histone),sheet
/clusterfs/vast/abcabc/Aang_Foundation/20251001_mem-histone/fish5_24hpf_roi4,20251001-plate93-slot4-roi4,20251001,93,4,4,20251001_mem-histone,20251001_mem-histone,fish5,5,24,,1920,20251001_mem-histone,10/1/25,10/1/25,"pDQM005,pDQM133","302,324",,,tdmSG|tdmScarlet3,2xLynk|H2B,membrane|histone,tdmSG(membrane)|tdmScarlet3(histone),,,,,membrane|histone,tdmSG(membrane)|tdmScarlet3(histone),sheet
/clusterfs/vast/abcabc/Aang_Foundation/20251002_mem_mito/fish10_24hpf_roi1,20251002-plate94-slot2-roi1,20251002,94,2,1,20251002_mem_mito,20251002_mem_mito,fish10,10,24,,272,20251002_mem_mito,,,pDQM082,315,MGCO-01,,tdmChilada,2xLynk,membrane,tdmChilada(membrane),mStayGold,2Xcox8A,mitochondria,mStayGold(mitochondria),membrane|mitochondria,tdmChilada(membrane)|mStayGold(mitochondria),unmatched
/clusterfs/vast/abcabc/Aang_Foundation/20251002_mem_mito/fish10_24hpf_roi2,20251002-plate94-slot2-roi2,20251002,94,2,2,20251002_mem_mito,20251002_mem_mito,fish10,10,24,,272,20251002_mem_mito,,,pDQM082,315,MGCO-01,,tdmChilada,2xLynk,membrane,tdmChilada(membrane),mStayGold,2Xcox8A,mitochondria,mStayGold(mitochondria),membrane|mitochondria,tdmChilada(membrane)|mStayGold(mitochondria),unmatched
/clusterfs/vast/abcabc/Aang_Foundation/20251002_mem_mito/fish11_24hpf_roi1,20251002-plate94-slot3-roi1,20251002,94,3,1,20251002_mem_mito,20251002_mem_mito,fish11,11,24,,400,20251002_mem_mito,,,pDQM082,315,MGCO-01,,tdmChilada,2xLynk,membrane,tdmChilada(membrane),mStayGold,2Xcox8A,mitochondria,mStayGold(mitochondria),membrane|mitochondria,tdmChilada(membrane)|mStayGold(mitochondria),unmatched
/clusterfs/vast/abcabc/Aang_Foundation/20251002_mem_mito/fish11_24hpf_roi2,20251002-plate94-slot3-roi2,20251002,94,3,2,20251002_mem_mito,20251002_mem_mito,fish11,11,24,,400,20251002_mem_mito,,,pDQM082,315,MGCO-01,,tdmChilada,2xLynk,membrane,tdmChilada(membrane),mStayGold,2Xcox8A,mitochondria,mStayGold(mitochondria),membrane|mitochondria,tdmChilada(membrane)|mStayGold(mitochondria),unmatched
/clusterfs/vast/abcabc/Aang_Foundation/20251002_mem_mito/fish11_24hpf_roi3,20251002-plate94-slot3-roi3,20251002,94,3,3,20251002_mem_mito,20251002_mem_mito,fish11,11,24,,400,20251002_mem_mito,,,pDQM082,315,MGCO-01,,tdmChilada,2xLynk,membrane,tdmChilada(membrane),mStayGold,2Xcox8A,mitochondria,mStayGold(mitochondria),membrane|mitochondria,tdmChilada(membrane)|mStayGold(mitochondria),unmatched
/clusterfs/vast/abcabc/Aang_Foundation/20251002_mem_mito/fish12_24hpf_roi1,20251002-plate94-slot4-roi1,20251002,94,4,1,20251002_mem_mito,20251002_mem_mito,fish12,12,24,,400,20251002_mem_mito,,,pDQM082,315,MGCO-01,,tdmChilada,2xLynk,membrane,tdmChilada(membrane),mStayGold,2Xcox8A,mitochondria,mStayGold(mitochondria),membrane|mitochondria,tdmChilada(membrane)|mStayGold(mitochondria),unmatched
/clusterfs/vast/abcabc/Aang_Foundation/20251002_mem_mito/fish12_24hpf_roi2,20251002-plate94-slot4-roi2,20251002,94,4,2,20251002_mem_mito,20251002_mem_mito,fish12,12,24,,400,20251002_mem_mito,,,pDQM082,315,MGCO-01,,tdmChilada,2xLynk,membrane,tdmChilada(membrane),mStayGold,2Xcox8A,mitochondria,mStayGold(mitochondria),membrane|mitochondria,tdmChilada(membrane)|mStayGold(mitochondria),unmatched
/clusterfs/vast/abcabc/Aang_Foundation/20251002_mem_mito/fish12_24hpf_roi3,20251002-plate94-slot4-roi3,20251002,94,4,3,20251002_mem_mito,20251002_mem_mito,fish12,12,24,,400,20251002_mem_mito,,,pDQM082,315,MGCO-01,,tdmChilada,2xLynk,membrane,tdmChilada(membrane),mStayGold,2Xcox8A,mitochondria,mStayGold(mitochondria),membrane|mitochondria,tdmChilada(membrane)|mStayGold(mitochondria),unmatched
/clusterfs/vast/abcabc/Aang_Foundation/20251002_mem_mito/fish12_24hpf_roi4,20251002-plate94-slot4-roi4,20251002,94,4,4,20251002_mem_mito,20251002_mem_mito,fish12,12,24,,400,20251002_mem_mito,,,pDQM082,315,MGCO-01,,tdmChilada,2xLynk,membrane,tdmChilada(membrane),mStayGold,2Xcox8A,mitochondria,mStayGold(mitochondria),membrane|mitochondria,tdmChilada(membrane)|mStayGold(mitochondria),unmatched
/clusterfs/vast/abcabc/Aang_Foundation/20251002_mem_mito/fish1_24hpf_roi1,20251002-plate94-slot1-roi1,20251002,94,1,1,20251002_mem_mito,20251002_mem_mito,fish1,1,24,,333,20251002_mem_mito,,,pDQM082,315,MGCO-01,,tdmChilada,2xLynk,membrane,tdmChilada(membrane),mStayGold,2Xcox8A,mitochondria,mStayGold(mitochondria),membrane|mitochondria,tdmChilada(membrane)|mStayGold(mitochondria),unmatched
/clusterfs/vast/abcabc/Aang_Foundation/20251002_mem_mito/fish3_24hpf_roi1,20251002-plate94-slot5-roi1,20251002,94,5,1,20251002_mem_mito,20251002_mem_mito,fish3,3,24,,277,20251002_mem_mito,,,pDQM082,315,MGCO-01,,tdmChilada,2xLynk,membrane,tdmChilada(membrane),mStayGold,2Xcox8A,mitochondria,mStayGold(mitochondria),membrane|mitochondria,tdmChilada(membrane)|mStayGold(mitochondria),unmatched
/clusterfs/vast/abcabc/Aang_Foundation/20251002_mem_mito/fish3_24hpf_roi2,20251002-plate94-slot5-roi2,20251002,94,5,2,20251002_mem_mito,20251002_mem_mito,fish3,3,24,,144,20251002_mem_mito,,,pDQM082,315,MGCO-01,,tdmChilada,2xLynk,membrane,tdmChilada(membrane),mStayGold,2Xcox8A,mitochondria,mStayGold(mitochondria),membrane|mitochondria,tdmChilada(membrane)|mStayGold(mitochondria),unmatched
/clusterfs/vast/abcabc/Aang_Foundation/20251002_mem_mito/fish5_24hpf_roi1,20251002-plate94-slot6-roi1,20251002,94,6,1,20251002_mem_mito,20251002_mem_mito,fish5,5,24,,144,20251002_mem_mito,,,pDQM082,315,MGCO-01,,tdmChilada,2xLynk,membrane,tdmChilada(membrane),mStayGold,2Xcox8A,mitochondria,mStayGold(mitochondria),membrane|mitochondria,tdmChilada(membrane)|mStayGold(mitochondria),unmatched
/clusterfs/vast/abcabc/Aang_Foundation/20251002_mem_mito/fish5_24hpf_roi2,20251002-plate94-slot6-roi2,20251002,94,6,2,20251002_mem_mito,20251002_mem_mito,fish5,5,24,,144,20251002_mem_mito,,,pDQM082,315,MGCO-01,,tdmChilada,2xLynk,membrane,tdmChilada(membrane),mStayGold,2Xcox8A,mitochondria,mStayGold(mitochondria),membrane|mitochondria,tdmChilada(membrane)|mStayGold(mitochondria),unmatched
/clusterfs/vast/abcabc/Aang_Foundation/20251002_mem_mito/fish5_24hpf_roi3,20251002-plate94-slot6-roi3,20251002,94,6,3,20251002_mem_mito,20251002_mem_mito,fish5,5,24,,144,20251002_mem_mito,,,pDQM082,315,MGCO-01,,tdmChilada,2xLynk,membrane,tdmChilada(membrane),mStayGold,2Xcox8A,mitochondria,mStayGold(mitochondria),membrane|mitochondria,tdmChilada(membrane)|mStayGold(mitochondria),unmatched
/clusterfs/vast/abcabc/Aang_Foundation/20251002_mem_mito/fish6_24hpf_roi1,20251002-plate95-slot1-roi1,20251002,95,1,1,20251002_mem_mito,20251002_mem_mito,fish6,6,24,,408,20251002_mem_mito,,,pDQM082,315,MGCO-01,,tdmChilada,2xLynk,membrane,tdmChilada(membrane),mStayGold,2Xcox8A,mitochondria,mStayGold(mitochondria),membrane|mitochondria,tdmChilada(membrane)|mStayGold(mitochondria),unmatched
/clusterfs/vast/abcabc/Aang_Foundation/20251002_mem_mito/fish6_24hpf_roi2,20251002-plate95-slot1-roi2,20251002,95,1,2,20251002_mem_mito,20251002_mem_mito,fish6,6,24,,408,20251002_mem_mito,,,pDQM082,315,MGCO-01,,tdmChilada,2xLynk,membrane,tdmChilada(membrane),mStayGold,2Xcox8A,mitochondria,mStayGold(mitochondria),membrane|mitochondria,tdmChilada(membrane)|mStayGold(mitochondria),unmatched
/clusterfs/vast/abcabc/Aang_Foundation/20251002_mem_mito/fish6_24hpf_roi3,20251002-plate95-slot1-roi3,20251002,95,1,3,20251002_mem_mito,20251002_mem_mito,fish6,6,24,,238,20251002_mem_mito,,,pDQM082,315,MGCO-01,,tdmChilada,2xLynk,membrane,tdmChilada(membrane),mStayGold,2Xcox8A,mitochondria,mStayGold(mitochondria),membrane|mitochondria,tdmChilada(membrane)|mStayGold(mitochondria),unmatched
/clusterfs/vast/abcabc/Aang_Foundation/20251002_mem_mito/fish7_24hpf_roi1,20251002-plate95-slot2-roi1,20251002,95,2,1,20251002_mem_mito,20251002_mem_mito,fish7,7,24,,272,20251002_mem_mito,,,pDQM082,315,MGCO-01,,tdmChilada,2xLynk,membrane,tdmChilada(membrane),mStayGold,2Xcox8A,mitochondria,mStayGold(mitochondria),membrane|mitochondria,tdmChilada(membrane)|mStayGold(mitochondria),unmatched
/clusterfs/vast/abcabc/Aang_Foundation/20251002_mem_mito/fish7_24hpf_roi2,20251002-plate95-slot2-roi2,20251002,95,2,2,20251002_mem_mito,20251002_mem_mito,fish7,7,24,,272,20251002_mem_mito,,,pDQM082,315,MGCO-01,,tdmChilada,2xLynk,membrane,tdmChilada(membrane),mStayGold,2Xcox8A,mitochondria,mStayGold(mitochondria),membrane|mitochondria,tdmChilada(membrane)|mStayGold(mitochondria),unmatched
/clusterfs/vast/abcabc/Aang_Foundation/20251002_mem_mito/fish8_24hpf_roi1,20251002-plate95-slot3-roi1,20251002,95,3,1,20251002_mem_mito,20251002_mem_mito,fish8,8,24,,272,20251002_mem_mito,,,pDQM082,315,MGCO-01,,tdmChilada,2xLynk,membrane,tdmChilada(membrane),mStayGold,2Xcox8A,mitochondria,mStayGold(mitochondria),membrane|mitochondria,tdmChilada(membrane)|mStayGold(mitochondria),unmatched
/clusterfs/vast/abcabc/Aang_Foundation/20251002_mem_mito/fish8_24hpf_roi2,20251002-plate95-slot3-roi2,20251002,95,3,2,20251002_mem_mito,20251002_mem_mito,fish8,8,24,,272,20251002_mem_mito,,,pDQM082,315,MGCO-01,,tdmChilada,2xLynk,membrane,tdmChilada(membrane),mStayGold,2Xcox8A,mitochondria,mStayGold(mitochondria),membrane|mitochondria,tdmChilada(membrane)|mStayGold(mitochondria),unmatched
/clusterfs/vast/abcabc/Aang_Foundation/20251002_mem_mito/fish9_24hpf_roi1,20251002-plate95-slot4-roi1,20251002,95,4,1,20251002_mem_mito,20251002_mem_mito,fish9,9,24,,408,20251002_mem_mito,,,pDQM082,315,MGCO-01,,tdmChilada,2xLynk,membrane,tdmChilada(membrane),mStayGold,2Xcox8A,mitochondria,mStayGold(mitochondria),membrane|mitochondria,tdmChilada(membrane)|mStayGold(mitochondria),unmatched
/clusterfs/vast/abcabc/Aang_Foundation/20251002_mem_mito/fish9_24hpf_roi2,20251002-plate95-slot4-roi2,20251002,95,4,2,20251002_mem_mito,20251002_mem_mito,fish9,9,24,,408,20251002_mem_mito,,,pDQM082,315,MGCO-01,,tdmChilada,2xLynk,membrane,tdmChilada(membrane),mStayGold,2Xcox8A,mitochondria,mStayGold(mitochondria),membrane|mitochondria,tdmChilada(membrane)|mStayGold(mitochondria),unmatched
/clusterfs/vast/abcabc/Aang_Foundation/20251003_mem_tester/fish1_48hpf_xscan_roi1_brain,20251003-plate96-slot1-roi1,20251003,96,1,1,20251003_mem_tester,20251003_mem_tester,fish1,1,48,brain,31,20251003_mem_tester,,,pDQM082,315,MGCO-01,,tdmChilada,2xLynk,membrane,tdmChilada(membrane),mStayGold,2Xcox8A,mitochondria,mStayGold(mitochondria),membrane|mitochondria,tdmChilada(membrane)|mStayGold(mitochondria),unmatched
/clusterfs/vast/abcabc/Aang_Foundation/20251003_mem_tester/fish1_48hpf_xscan_roi2_spine_muscle,20251003-plate96-slot1-roi2,20251003,96,1,2,20251003_mem_tester,20251003_mem_tester,fish1,1,48,spine|muscle,20,20251003_mem_tester,,,pDQM082,315,MGCO-01,,tdmChilada,2xLynk,membrane,tdmChilada(membrane),mStayGold,2Xcox8A,mitochondria,mStayGold(mitochondria),membrane|mitochondria,tdmChilada(membrane)|mStayGold(mitochondria),unmatched
/clusterfs/vast/abcabc/Aang_Foundation/20251003_mem_tester/fish1_48hpf_xscan_roi3_spine_muscle_tail,20251003-plate96-slot1-roi3,20251003,96,1,3,20251003_mem_tester,20251003_mem_tester,fish1,1,48,spine|muscle|tail,20,20251003_mem_tester,,,pDQM082,315,MGCO-01,,tdmChilada,2xLynk,membrane,tdmChilada(membrane),mStayGold,2Xcox8A,mitochondria,mStayGold(mitochondria),membrane|mitochondria,tdmChilada(membrane)|mStayGold(mitochondria),unmatched
/clusterfs/vast/abcabc/Aang_Foundation/20251003_mem_tester/fish1_48hpf_xscan_roi4_spine_muscle_tail,20251003-plate96-slot1-roi4,20251003,96,1,4,20251003_mem_tester,20251003_mem_tester,fish1,1,48,spine|muscle|tail,20,20251003_mem_tester,,,pDQM082,315,MGCO-01,,tdmChilada,2xLynk,membrane,tdmChilada(membrane),mStayGold,2Xcox8A,mitochondria,mStayGold(mitochondria),membrane|mitochondria,tdmChilada(membrane)|mStayGold(mitochondria),unmatched
/clusterfs/vast/abcabc/Aang_Foundation/20251003_mem_tester/fish1_48hpf_xscan_roi5_spine_muscle_tail,20251003-plate96-slot1-roi5,20251003,96,1,5,20251003_mem_tester,20251003_mem_tester,fish1,1,48,spine|muscle|tail,20,20251003_mem_tester,,,pDQM082,315,MGCO-01,,tdmChilada,2xLynk,membrane,tdmChilada(membrane),mStayGold,2Xcox8A,mitochondria,mStayGold(mitochondria),membrane|mitochondria,tdmChilada(membrane)|mStayGold(mitochondria),unmatched
/clusterfs/vast/abcabc/Aang_Foundation/20251003_mem_tester/fish1_48hpf_xscan_roi6_spine_muscle_tail,20251003-plate96-slot1-roi6,20251003,96,1,6,20251003_mem_tester,20251003_mem_tester,fish1,1,48,spine|muscle|tail,20,20251003_mem_tester,,,pDQM082,315,MGCO-01,,tdmChilada,2xLynk,membrane,tdmChilada(membrane),mStayGold,2Xcox8A,mitochondria,mStayGold(mitochondria),membrane|mitochondria,tdmChilada(membrane)|mStayGold(mitochondria),unmatched
/clusterfs/vast/abcabc/Aang_Foundation/20251003_mem_tester/fish1_48hpf_xscan_roi7_spine_muscle_tail,20251003-plate96-slot1-roi7,20251003,96,1,7,20251003_mem_tester,20251003_mem_tester,fish1,1,48,spine|muscle|tail,20,20251003_mem_tester,,,pDQM082,315,MGCO-01,,tdmChilada,2xLynk,membrane,tdmChilada(membrane),mStayGold,2Xcox8A,mitochondria,mStayGold(mitochondria),membrane|mitochondria,tdmChilada(membrane)|mStayGold(mitochondria),unmatched
/clusterfs/vast/abcabc/Aang_Foundation/20251006_mem_histone/fish1_24hpf_roi1,20251006-plate97-slot1-roi1,20251006,97,1,1,20251006_mem_histone,20251006_mem_histone,fish1,1,24,,1280,20251006_mem_histone,,,"pDQM005,pDQM133","302,324",,,tdmSG|tdmScarlet3,2xLynk|H2B,membrane|histone,tdmSG(membrane)|tdmScarlet3(histone),,,,,membrane|histone,tdmSG(membrane)|tdmScarlet3(histone),unmatched
/clusterfs/vast/abcabc/Aang_Foundation/20251006_mem_histone/fish1_24hpf_roi2,20251006-plate97-slot1-roi2,20251006,97,1,2,20251006_mem_histone,20251006_mem_histone,fish1,1,24,,1280,20251006_mem_histone,,,"pDQM005,pDQM133","302,324",,,tdmSG|tdmScarlet3,2xLynk|H2B,membrane|histone,tdmSG(membrane)|tdmScarlet3(histone),,,,,membrane|histone,tdmSG(membrane)|tdmScarlet3(histone),unmatched
/clusterfs/vast/abcabc/Aang_Foundation/20251006_mem_histone/fish1_24hpf_roi3,20251006-plate97-slot1-roi3,20251006,97,1,3,20251006_mem_histone,20251006_mem_histone,fish1,1,24,,1280,20251006_mem_histone,,,"pDQM005,pDQM133","302,324",,,tdmSG|tdmScarlet3,2xLynk|H2B,membrane|histone,tdmSG(membrane)|tdmScarlet3(histone),,,,,membrane|histone,tdmSG(membrane)|tdmScarlet3(histone),unmatched
/clusterfs/vast/abcabc/Aang_Foundation/20251006_mem_histone/fish1_24hpf_roi4,20251006-plate97-slot1-roi4,20251006,97,1,4,20251006_mem_histone,20251006_mem_histone,fish1,1,24,,1280,20251006_mem_histone,,,"pDQM005,pDQM133","302,324",,,tdmSG|tdmScarlet3,2xLynk|H2B,membrane|histone,tdmSG(membrane)|tdmScarlet3(histone),,,,,membrane|histone,tdmSG(membrane)|tdmScarlet3(histone),unmatched
/clusterfs/vast/abcabc/Aang_Foundation/20251006_mem_histone/fish3_24hpf_roi1,20251006-plate97-slot2-roi1,20251006,97,2,1,20251006_mem_histone,20251006_mem_histone,fish3,3,24,,1024,20251006_mem_histone,,,"pDQM005,pDQM133","302,324",,,tdmSG|tdmScarlet3,2xLynk|H2B,membrane|histone,tdmSG(membrane)|tdmScarlet3(histone),,,,,membrane|histone,tdmSG(membrane)|tdmScarlet3(histone),unmatched
/clusterfs/vast/abcabc/Aang_Foundation/20251006_mem_histone/fish3_24hpf_roi2,20251006-plate97-slot2-roi2,20251006,97,2,2,20251006_mem_histone,20251006_mem_histone,fish3,3,24,,1024,20251006_mem_histone,,,"pDQM005,pDQM133","302,324",,,tdmSG|tdmScarlet3,2xLynk|H2B,membrane|histone,tdmSG(membrane)|tdmScarlet3(histone),,,,,membrane|histone,tdmSG(membrane)|tdmScarlet3(histone),unmatched
/clusterfs/vast/abcabc/Aang_Foundation/20251006_mem_histone/fish4_24hpf_roi1,20251006-plate97-slot3-roi1,20251006,97,3,1,20251006_mem_histone,20251006_mem_histone,fish4,4,24,,1024,20251006_mem_histone,,,"pDQM005,pDQM133","302,324",,,tdmSG|tdmScarlet3,2xLynk|H2B,membrane|histone,tdmSG(membrane)|tdmScarlet3(histone),,,,,membrane|histone,tdmSG(membrane)|tdmScarlet3(histone),unmatched
/clusterfs/vast/abcabc/Aang_Foundation/20251006_mem_histone/fish4_24hpf_roi2,20251006-plate97-slot3-roi2,20251006,97,3,2,20251006_mem_histone,20251006_mem_histone,fish4,4,24,,1024,20251006_mem_histone,,,"pDQM005,pDQM133","302,324",,,tdmSG|tdmScarlet3,2xLynk|H2B,membrane|histone,tdmSG(membrane)|tdmScarlet3(histone),,,,,membrane|histone,tdmSG(membrane)|tdmScarlet3(histone),unmatched
/clusterfs/vast/abcabc/Aang_Foundation/20251006_mem_histone/fish4_24hpf_roi3,20251006-plate97-slot3-roi3,20251006,97,3,3,20251006_mem_histone,20251006_mem_histone,fish4,4,24,,1024,20251006_mem_histone,,,"pDQM005,pDQM133","302,324",,,tdmSG|tdmScarlet3,2xLynk|H2B,membrane|histone,tdmSG(membrane)|tdmScarlet3(histone),,,,,membrane|histone,tdmSG(membrane)|tdmScarlet3(histone),unmatched
/clusterfs/vast/abcabc/Aang_Foundation/20251006_mem_histone/fish6_24hpf_roi1,20251006-plate97-slot4-roi1,20251006,97,4,1,20251006_mem_histone,20251006_mem_histone,fish6,6,24,,1024,20251006_mem_histone,,,"pDQM005,pDQM133","302,324",,,tdmSG|tdmScarlet3,2xLynk|H2B,membrane|histone,tdmSG(membrane)|tdmScarlet3(histone),,,,,membrane|histone,tdmSG(membrane)|tdmScarlet3(histone),unmatched
/clusterfs/vast/abcabc/Aang_Foundation/20251006_mem_histone/fish6_24hpf_roi2,20251006-plate97-slot4-roi2,20251006,97,4,2,20251006_mem_histone,20251006_mem_histone,fish6,6,24,,1024,20251006_mem_histone,,,"pDQM005,pDQM133","302,324",,,tdmSG|tdmScarlet3,2xLynk|H2B,membrane|histone,tdmSG(membrane)|tdmScarlet3(histone),,,,,membrane|histone,tdmSG(membrane)|tdmScarlet3(histone),unmatched
/clusterfs/vast/abcabc/Aang_Foundation/20251007_mem_histone/fish2_48hpf_roi1,20251007-plate98-slot1-roi1,20251007,98,1,1,20251007_mem_histone,20251007_mem_histone,fish2,2,48,,1024,20251007_mem_histone,,10/7/25,"pDQM005,pDQM133","302,324",,,tdmSG|tdmScarlet3,2xLynk|H2B,membrane|histone,tdmSG(membrane)|tdmScarlet3(histone),,,,,membrane|histone,tdmSG(membrane)|tdmScarlet3(histone),date_match
/clusterfs/vast/abcabc/Aang_Foundation/20251007_mem_histone/fish2_48hpf_roi2,20251007-plate98-slot1-roi2,20251007,98,1,2,20251007_mem_histone,20251007_mem_histone,fish2,2,48,,46,20251007_mem_histone,,10/7/25,"pDQM005,pDQM133","302,324",,,tdmSG|tdmScarlet3,2xLynk|H2B,membrane|histone,tdmSG(membrane)|tdmScarlet3(histone),,,,,membrane|histone,tdmSG(membrane)|tdmScarlet3(histone),date_match
/clusterfs/vast/abcabc/Aang_Foundation/20251007_mem_histone/fish2_48hpf_roi2_test,20251007-plate98-slot1-roi3,20251007,98,1,3,20251007_mem_histone,20251007_mem_histone,fish2,2,48,,70,20251007_mem_histone,,10/7/25,"pDQM005,pDQM133","302,324",,,tdmSG|tdmScarlet3,2xLynk|H2B,membrane|histone,tdmSG(membrane)|tdmScarlet3(histone),,,,,membrane|histone,tdmSG(membrane)|tdmScarlet3(histone),date_match
/clusterfs/vast/abcabc/Aang_Foundation/20251007_mem_histone/fish2_48hpf_roi3,20251007-plate98-slot1-roi4,20251007,98,1,4,20251007_mem_histone,20251007_mem_histone,fish2,2,48,,1024,20251007_mem_histone,,10/7/25,"pDQM005,pDQM133","302,324",,,tdmSG|tdmScarlet3,2xLynk|H2B,membrane|histone,tdmSG(membrane)|tdmScarlet3(histone),,,,,membrane|histone,tdmSG(membrane)|tdmScarlet3(histone),date_match
/clusterfs/vast/abcabc/Aang_Foundation/20251007_mem_histone/fish2_48hpf_roi4,20251007-plate98-slot1-roi5,20251007,98,1,5,20251007_mem_histone,20251007_mem_histone,fish2,2,48,,1024,20251007_mem_histone,,10/7/25,"pDQM005,pDQM133","302,324",,,tdmSG|tdmScarlet3,2xLynk|H2B,membrane|histone,tdmSG(membrane)|tdmScarlet3(histone),,,,,membrane|histone,tdmSG(membrane)|tdmScarlet3(histone),date_match
/clusterfs/vast/abcabc/Aang_Foundation/20251007_mem_histone/fish2_48hpf_roi5,20251007-plate98-slot1-roi6,20251007,98,1,6,20251007_mem_histone,20251007_mem_histone,fish2,2,48,,1024,20251007_mem_histone,,10/7/25,"pDQM005,pDQM133","302,324",,,tdmSG|tdmScarlet3,2xLynk|H2B,membrane|histone,tdmSG(membrane)|tdmScarlet3(histone),,,,,membrane|histone,tdmSG(membrane)|tdmScarlet3(histone),date_match
/clusterfs/vast/abcabc/Aang_Foundation/20251007_mem_histone/fish3_48hpf_roi1,20251007-plate98-slot2-roi1,20251007,98,2,1,20251007_mem_histone,20251007_mem_histone,fish3,3,48,,1024,20251007_mem_histone,,10/7/25,"pDQM005,pDQM133","302,324",,,tdmSG|tdmScarlet3,2xLynk|H2B,membrane|histone,tdmSG(membrane)|tdmScarlet3(histone),,,,,membrane|histone,tdmSG(membrane)|tdmScarlet3(histone),date_match
/clusterfs/vast/abcabc/Aang_Foundation/20251009_mem-mito/fish3_48hpf_roi1,20251009-plate99-slot1-roi1,20251009,99,1,1,20251009_mem-mito,20251009_mem-mito,fish3,3,48,,271,20251009_mem-mito,10/10/25,10/9/25,pDQM082,315,MGCO-01,,tdmChilada,2xLynk,membrane,tdmChilada(membrane),mStayGold,2Xcox8A,mitochondria,mStayGold(mitochondria),membrane|mitochondria,tdmChilada(membrane)|mStayGold(mitochondria),date_match
/clusterfs/vast/abcabc/Aang_Foundation/20251009_mem-mito/fish3_48hpf_roi2,20251009-plate99-slot1-roi2,20251009,99,1,2,20251009_mem-mito,20251009_mem-mito,fish3,3,48,,408,20251009_mem-mito,10/10/25,10/9/25,pDQM082,315,MGCO-01,,tdmChilada,2xLynk,membrane,tdmChilada(membrane),mStayGold,2Xcox8A,mitochondria,mStayGold(mitochondria),membrane|mitochondria,tdmChilada(membrane)|mStayGold(mitochondria),date_match
/clusterfs/vast/abcabc/Aang_Foundation/20251009_mem-mito/fish3_48hpf_roi3,20251009-plate99-slot1-roi3,20251009,99,1,3,20251009_mem-mito,20251009_mem-mito,fish3,3,48,,408,20251009_mem-mito,10/10/25,10/9/25,pDQM082,315,MGCO-01,,tdmChilada,2xLynk,membrane,tdmChilada(membrane),mStayGold,2Xcox8A,mitochondria,mStayGold(mitochondria),membrane|mitochondria,tdmChilada(membrane)|mStayGold(mitochondria),date_match
/clusterfs/vast/abcabc/Aang_Foundation/20251009_mem-mito/fish3_48hpf_roi4,20251009-plate99-slot1-roi4,20251009,99,1,4,20251009_mem-mito,20251009_mem-mito,fish3,3,48,,408,20251009_mem-mito,10/10/25,10/9/25,pDQM082,315,MGCO-01,,tdmChilada,2xLynk,membrane,tdmChilada(membrane),mStayGold,2Xcox8A,mitochondria,mStayGold(mitochondria),membrane|mitochondria,tdmChilada(membrane)|mStayGold(mitochondria),date_match
/clusterfs/vast/abcabc/Aang_Foundation/20251010_mem-mito/fish1_24hpf_roi1,20251010-plate100-slot1-roi1,20251010,100,1,1,20251010_mem-mito,20251010_mem-mito,fish1,1,24,,1024,20251010_mem-mito,,,pDQM082,315,MGCO-01,,tdmChilada,2xLynk,membrane,tdmChilada(membrane),mStayGold,2Xcox8A,mitochondria,mStayGold(mitochondria),membrane|mitochondria,tdmChilada(membrane)|mStayGold(mitochondria),unmatched
/clusterfs/vast/abcabc/Aang_Foundation/20251010_mem-mito/fish1_24hpf_roi2,20251010-plate100-slot1-roi2,20251010,100,1,2,20251010_mem-mito,20251010_mem-mito,fish1,1,24,,1024,20251010_mem-mito,,,pDQM082,315,MGCO-01,,tdmChilada,2xLynk,membrane,tdmChilada(membrane),mStayGold,2Xcox8A,mitochondria,mStayGold(mitochondria),membrane|mitochondria,tdmChilada(membrane)|mStayGold(mitochondria),unmatched
/clusterfs/vast/abcabc/Aang_Foundation/20251010_mem-mito/fish2_24hpf_roi1,20251010-plate100-slot2-roi1,20251010,100,2,1,20251010_mem-mito,20251010_mem-mito,fish2,2,24,,4608,20251010_mem-mito,,,pDQM082,315,MGCO-01,,tdmChilada,2xLynk,membrane,tdmChilada(membrane),mStayGold,2Xcox8A,mitochondria,mStayGold(mitochondria),membrane|mitochondria,tdmChilada(membrane)|mStayGold(mitochondria),unmatched
/clusterfs/vast/abcabc/Aang_Foundation/20251010_mem-mito/fish2_24hpf_roi2,20251010-plate100-slot2-roi2,20251010,100,2,2,20251010_mem-mito,20251010_mem-mito,fish2,2,24,,4608,20251010_mem-mito,,,pDQM082,315,MGCO-01,,tdmChilada,2xLynk,membrane,tdmChilada(membrane),mStayGold,2Xcox8A,mitochondria,mStayGold(mitochondria),membrane|mitochondria,tdmChilada(membrane)|mStayGold(mitochondria),unmatched
/clusterfs/vast/abcabc/Aang_Foundation/20251010_mem-mito/fish3_24hpf_roi1,20251010-plate100-slot3-roi1,20251010,100,3,1,20251010_mem-mito,20251010_mem-mito,fish3,3,24,,4608,20251010_mem-mito,,,pDQM082,315,MGCO-01,,tdmChilada,2xLynk,membrane,tdmChilada(membrane),mStayGold,2Xcox8A,mitochondria,mStayGold(mitochondria),membrane|mitochondria,tdmChilada(membrane)|mStayGold(mitochondria),unmatched
/clusterfs/vast/abcabc/Aang_Foundation/20251010_mem-mito/fish3_24hpf_roi2,20251010-plate100-slot3-roi2,20251010,100,3,2,20251010_mem-mito,20251010_mem-mito,fish3,3,24,,4608,20251010_mem-mito,,,pDQM082,315,MGCO-01,,tdmChilada,2xLynk,membrane,tdmChilada(membrane),mStayGold,2Xcox8A,mitochondria,mStayGold(mitochondria),membrane|mitochondria,tdmChilada(membrane)|mStayGold(mitochondria),unmatched
/clusterfs/vast/abcabc/Aang_Foundation/20251010_mem-mito/fish4_24hpf_roi1,20251010-plate100-slot4-roi1,20251010,100,4,1,20251010_mem-mito,20251010_mem-mito,fish4,4,24,,4608,20251010_mem-mito,,,pDQM082,315,MGCO-01,,tdmChilada,2xLynk,membrane,tdmChilada(membrane),mStayGold,2Xcox8A,mitochondria,mStayGold(mitochondria),membrane|mitochondria,tdmChilada(membrane)|mStayGold(mitochondria),unmatched
/clusterfs/vast/abcabc/Aang_Foundation/20251010_mem-mito/fish4_24hpf_roi2,20251010-plate100-slot4-roi2,20251010,100,4,2,20251010_mem-mito,20251010_mem-mito,fish4,4,24,,4608,20251010_mem-mito,,,pDQM082,315,MGCO-01,,tdmChilada,2xLynk,membrane,tdmChilada(membrane),mStayGold,2Xcox8A,mitochondria,mStayGold(mitochondria),membrane|mitochondria,tdmChilada(membrane)|mStayGold(mitochondria),unmatched
/clusterfs/vast/abcabc/Aang_Foundation/20251010_mem-mito/fish5_24hpf_roi1,20251010-plate100-slot5-roi1,20251010,100,5,1,20251010_mem-mito,20251010_mem-mito,fish5,5,24,,4608,20251010_mem-mito,,,pDQM082,315,MGCO-01,,tdmChilada,2xLynk,membrane,tdmChilada(membrane),mStayGold,2Xcox8A,mitochondria,mStayGold(mitochondria),membrane|mitochondria,tdmChilada(membrane)|mStayGold(mitochondria),unmatched
/clusterfs/vast/abcabc/Aang_Foundation/20251010_mem-mito/fish5_24hpf_roi2,20251010-plate100-slot5-roi2,20251010,100,5,2,20251010_mem-mito,20251010_mem-mito,fish5,5,24,,4608,20251010_mem-mito,,,pDQM082,315,MGCO-01,,tdmChilada,2xLynk,membrane,tdmChilada(membrane),mStayGold,2Xcox8A,mitochondria,mStayGold(mitochondria),membrane|mitochondria,tdmChilada(membrane)|mStayGold(mitochondria),unmatched
/clusterfs/vast/abcabc/Aang_Foundation/20251010_mem-mito/fish6_24hpf_roi1,20251010-plate100-slot6-roi1,20251010,100,6,1,20251010_mem-mito,20251010_mem-mito,fish6,6,24,,4608,20251010_mem-mito,,,pDQM082,315,MGCO-01,,tdmChilada,2xLynk,membrane,tdmChilada(membrane),mStayGold,2Xcox8A,mitochondria,mStayGold(mitochondria),membrane|mitochondria,tdmChilada(membrane)|mStayGold(mitochondria),unmatched
/clusterfs/vast/abcabc/Aang_Foundation/20251010_mem-mito/fish6_24hpf_roi2,20251010-plate100-slot6-roi2,20251010,100,6,2,20251010_mem-mito,20251010_mem-mito,fish6,6,24,,4608,20251010_mem-mito,,,pDQM082,315,MGCO-01,,tdmChilada,2xLynk,membrane,tdmChilada(membrane),mStayGold,2Xcox8A,mitochondria,mStayGold(mitochondria),membrane|mitochondria,tdmChilada(membrane)|mStayGold(mitochondria),unmatched
/clusterfs/vast/abcabc/Aang_Foundation/20251013_mem-histone/fish1_96hpf_roi1,20251013-plate53-slot1-roi5,20251013,53,1,5,20251013_mem-histone,20251013_mem-histone,fish1,1,96,,4608,20251013_mem-histone,10/13/25,10/13/25,"pDQM005,pDQM133","302,324",,,tdmSG|tdmScarlet3,2xLynk|H2B,membrane|histone,tdmSG(membrane)|tdmScarlet3(histone),,,,,membrane|histone,tdmSG(membrane)|tdmScarlet3(histone),sheet
/clusterfs/vast/abcabc/Aang_Foundation/20251013_mem-histone/fish1_96hpf_roi3,20251013-plate53-slot1-roi12,20251013,53,1,12,20251013_mem-histone,20251013_mem-histone,fish1,1,96,,4608,20251013_mem-histone,10/13/25,10/13/25,"pDQM005,pDQM133","302,324",,,tdmSG|tdmScarlet3,2xLynk|H2B,membrane|histone,tdmSG(membrane)|tdmScarlet3(histone),,,,,membrane|histone,tdmSG(membrane)|tdmScarlet3(histone),sheet
/clusterfs/vast/abcabc/Aang_Foundation/20251013_mem-histone/fish3_96hpf_roi1,20251013-plate53-slot3-roi3,20251013,53,3,3,20251013_mem-histone,20251013_mem-histone,fish3,3,96,,4608,20251013_mem-histone,10/13/25,10/13/25,"pDQM005,pDQM133","302,324",,,tdmSG|tdmScarlet3,2xLynk|H2B,membrane|histone,tdmSG(membrane)|tdmScarlet3(histone),,,,,membrane|histone,tdmSG(membrane)|tdmScarlet3(histone),sheet
/clusterfs/vast/abcabc/Aang_Foundation/20251013_mem-histone/fish3_96hpf_roi2,20251013-plate53-slot3-roi7,20251013,53,3,7,20251013_mem-histone,20251013_mem-histone,fish3,3,96,,4608,20251013_mem-histone,10/13/25,10/13/25,"pDQM005,pDQM133","302,324",,,tdmSG|tdmScarlet3,2xLynk|H2B,membrane|histone,tdmSG(membrane)|tdmScarlet3(histone),,,,,membrane|histone,tdmSG(membrane)|tdmScarlet3(histone),sheet
/clusterfs/vast/abcabc/Aang_Foundation/20251013_mem-histone/fish3_96hpf_roi3,20251013-plate53-slot3-roi11,20251013,53,3,11,20251013_mem-histone,20251013_mem-histone,fish3,3,96,,4608,20251013_mem-histone,10/13/25,10/13/25,"pDQM005,pDQM133","302,324",,,tdmSG|tdmScarlet3,2xLynk|H2B,membrane|histone,tdmSG(membrane)|tdmScarlet3(histone),,,,,membrane|histone,tdmSG(membrane)|tdmScarlet3(histone),sheet
/clusterfs/vast/abcabc/Aang_Foundation/20251013_mem-histone/fish3_96hpf_roi4,20251013-plate53-slot3-roi13,20251013,53,3,13,20251013_mem-histone,20251013_mem-histone,fish3,3,96,,4608,20251013_mem-histone,10/13/25,10/13/25,"pDQM005,pDQM133","302,324",,,tdmSG|tdmScarlet3,2xLynk|H2B,membrane|histone,tdmSG(membrane)|tdmScarlet3(histone),,,,,membrane|histone,tdmSG(membrane)|tdmScarlet3(histone),sheet
/clusterfs/vast/abcabc/Aang_Foundation/20251015_mem-histone/fish1_48hpf_roi1,20251015-plate54-slot1-roi2,20251015,54,1,2,20251015_mem-histone,20251015_mem-histone,fish1,1,48,,4608,20251015_mem-histone,10/15/25,10/15/25,"pDQM005,pDQM133","302,324",,,tdmSG|tdmScarlet3,2xLynk|H2B,membrane|histone,tdmSG(membrane)|tdmScarlet3(histone),,,,,membrane|histone,tdmSG(membrane)|tdmScarlet3(histone),sheet
/clusterfs/vast/abcabc/Aang_Foundation/20251015_mem-histone/fish1_48hpf_roi2,20251015-plate54-slot1-roi3,20251015,54,1,3,20251015_mem-histone,20251015_mem-histone,fish1,1,48,,4608,20251015_mem-histone,10/15/25,10/15/25,"pDQM005,pDQM133","302,324",,,tdmSG|tdmScarlet3,2xLynk|H2B,membrane|histone,tdmSG(membrane)|tdmScarlet3(histone),,,,,membrane|histone,tdmSG(membrane)|tdmScarlet3(histone),sheet
/clusterfs/vast/abcabc/Aang_Foundation/20251015_mem-histone/fish1_48hpf_roi3,20251015-plate54-slot1-roi4,20251015,54,1,4,20251015_mem-histone,20251015_mem-histone,fish1,1,48,,4608,20251015_mem-histone,10/15/25,10/15/25,"pDQM005,pDQM133","302,324",,,tdmSG|tdmScarlet3,2xLynk|H2B,membrane|histone,tdmSG(membrane)|tdmScarlet3(histone),,,,,membrane|histone,tdmSG(membrane)|tdmScarlet3(histone),sheet
/clusterfs/vast/abcabc/Aang_Foundation/20251015_mem-histone/fish2_48hpf_roi1,20251015-plate54-slot2-roi2,20251015,54,2,2,20251015_mem-histone,20251015_mem-histone,fish2,2,48,,4608,20251015_mem-histone,10/15/25,10/15/25,"pDQM005,pDQM133","302,324",,,tdmSG|tdmScarlet3,2xLynk|H2B,membrane|histone,tdmSG(membrane)|tdmScarlet3(histone),,,,,membrane|histone,tdmSG(membrane)|tdmScarlet3(histone),sheet
/clusterfs/vast/abcabc/Aang_Foundation/20251015_mem-histone/fish3_48hpf_roi1,20251015-plate54-slot3-roi2,20251015,54,3,2,20251015_mem-histone,20251015_mem-histone,fish3,3,48,,4608,20251015_mem-histone,10/15/25,10/15/25,"pDQM005,pDQM133","302,324",,,tdmSG|tdmScarlet3,2xLynk|H2B,membrane|histone,tdmSG(membrane)|tdmScarlet3(histone),,,,,membrane|histone,tdmSG(membrane)|tdmScarlet3(histone),sheet
/clusterfs/vast/abcabc/Aang_Foundation/20251015_mem-histone/fish3_48hpf_roi2,20251015-plate54-slot3-roi4,20251015,54,3,4,20251015_mem-histone,20251015_mem-histone,fish3,3,48,,4608,20251015_mem-histone,10/15/25,10/15/25,"pDQM005,pDQM133","302,324",,,tdmSG|tdmScarlet3,2xLynk|H2B,membrane|histone,tdmSG(membrane)|tdmScarlet3(histone),,,,,membrane|histone,tdmSG(membrane)|tdmScarlet3(histone),sheet
/clusterfs/vast/abcabc/Aang_Foundation/20251015_mem-histone/fish4_48hpf_roi1,20251015-plate54-slot4-roi2,20251015,54,4,2,20251015_mem-histone,20251015_mem-histone,fish4,4,48,,4608,20251015_mem-histone,10/15/25,10/15/25,"pDQM005,pDQM133","302,324",,,tdmSG|tdmScarlet3,2xLynk|H2B,membrane|histone,tdmSG(membrane)|tdmScarlet3(histone),,,,,membrane|histone,tdmSG(membrane)|tdmScarlet3(histone),sheet
/clusterfs/vast/abcabc/Aang_Foundation/20251015_mem-histone/fish4_48hpf_roi2,20251015-plate54-slot4-roi3,20251015,54,4,3,20251015_mem-histone,20251015_mem-histone,fish4,4,48,,4608,20251015_mem-histone,10/15/25,10/15/25,"pDQM005,pDQM133","302,324",,,tdmSG|tdmScarlet3,2xLynk|H2B,membrane|histone,tdmSG(membrane)|tdmScarlet3(histone),,,,,membrane|histone,tdmSG(membrane)|tdmScarlet3(histone),sheet
/clusterfs/vast/abcabc/Aang_Foundation/20251015_mem-histone/fish4_48hpf_roi3,20251015-plate54-slot4-roi4,20251015,54,4,4,20251015_mem-histone,20251015_mem-histone,fish4,4,48,,4608,20251015_mem-histone,10/15/25,10/15/25,"pDQM005,pDQM133","302,324",,,tdmSG|tdmScarlet3,2xLynk|H2B,membrane|histone,tdmSG(membrane)|tdmScarlet3(histone),,,,,membrane|histone,tdmSG(membrane)|tdmScarlet3(histone),sheet
/clusterfs/vast/abcabc/Aang_Foundation/20251015_mem-histone/fish5_48hpf_roi1,20251015-plate54-slot5-roi1,20251015,54,5,1,20251015_mem-histone,20251015_mem-histone,fish5,5,48,,4608,20251015_mem-histone,10/15/25,10/15/25,"pDQM005,pDQM133","302,324",,,tdmSG|tdmScarlet3,2xLynk|H2B,membrane|histone,tdmSG(membrane)|tdmScarlet3(histone),,,,,membrane|histone,tdmSG(membrane)|tdmScarlet3(histone),sheet
/clusterfs/vast/abcabc/Aang_Foundation/20251015_mem-histone/fish6_48hpf_roi1,20251015-plate54-slot6-roi1,20251015,54,6,1,20251015_mem-histone,20251015_mem-histone,fish6,6,48,,4608,20251015_mem-histone,10/15/25,10/15/25,"pDQM005,pDQM133","302,324",,,tdmSG|tdmScarlet3,2xLynk|H2B,membrane|histone,tdmSG(membrane)|tdmScarlet3(histone),,,,,membrane|histone,tdmSG(membrane)|tdmScarlet3(histone),sheet
/clusterfs/vast/abcabc/Aang_Foundation/20251016_mem-mito/fish1_72hpf_roi1,20251016-plate101-slot1-roi1,20251016,101,1,1,20251016_mem-mito,20251016_mem-mito,fish1,1,72,,272,20251016_mem-mito,,,pDQM082,315,MGCO-01,,tdmChilada,2xLynk,membrane,tdmChilada(membrane),mStayGold,2Xcox8A,mitochondria,mStayGold(mitochondria),membrane|mitochondria,tdmChilada(membrane)|mStayGold(mitochondria),unmatched
/clusterfs/vast/abcabc/Aang_Foundation/20251016_mem-mito_v2/fish1_72hpf_roi1,20251016-plate102-slot1-roi1,20251016,102,1,1,20251016_mem-mito_v2,20251016_mem-mito_v2,fish1,1,72,,272,20251016_mem-mito_v2,10/16/25,10/16/25,pDQM082,315,MGCO-01,,tdmChilada,2xLynk,membrane,tdmChilada(membrane),mStayGold,2Xcox8A,mitochondria,mStayGold(mitochondria),membrane|mitochondria,tdmChilada(membrane)|mStayGold(mitochondria),sheet
/clusterfs/vast/abcabc/Aang_Foundation/20251016_mem-mito_v2/fish1_72hpf_roi2,20251016-plate102-slot1-roi2,20251016,102,1,2,20251016_mem-mito_v2,20251016_mem-mito_v2,fish1,1,72,,272,20251016_mem-mito_v2,10/16/25,10/16/25,pDQM082,315,MGCO-01,,tdmChilada,2xLynk,membrane,tdmChilada(membrane),mStayGold,2Xcox8A,mitochondria,mStayGold(mitochondria),membrane|mitochondria,tdmChilada(membrane)|mStayGold(mitochondria),sheet
/clusterfs/vast/abcabc/Aang_Foundation/20251017_nuclear_envelope/fish1_24hpf_roi1_test,20251017-plate103-slot1-roi1,20251017,103,1,1,20251017_nuclear_envelope,20251017_nuclear_envelope,fish1,1,24,,8,20251017_nuclear_envelope,10/17/25,10/17/25,,,MGCO-54,,,,,,mStayGold,LEMD2,Nuclear Envelope,mStayGold(Nuclear Envelope),Nuclear Envelope,mStayGold(Nuclear Envelope),sheet
/clusterfs/vast/abcabc/Aang_Foundation/20251017_nuclear_envelope/fish1_24hpf_roi1_test_SIM,20251017-plate103-slot1-roi2,20251017,103,1,2,20251017_nuclear_envelope,20251017_nuclear_envelope,fish1,1,24,,256,20251017_nuclear_envelope,10/17/25,10/17/25,,,MGCO-54,,,,,,mStayGold,LEMD2,Nuclear Envelope,mStayGold(Nuclear Envelope),Nuclear Envelope,mStayGold(Nuclear Envelope),sheet
/clusterfs/vast/abcabc/Aang_Foundation/20251020_mem-histone/fish1_72hpf_roi1,20251020-plate57-slot1-roi4,20251020,57,1,4,20251020_mem-histone,20251020_mem-histone,fish1,1,72,,3072,20251020_mem-histone,10/20/25,10/20/25,"pDQM005,pDQM133","302,324",,,tdmSG|tdmScarlet3,2xLynk|H2B,membrane|histone,tdmSG(membrane)|tdmScarlet3(histone),,,,,membrane|histone,tdmSG(membrane)|tdmScarlet3(histone),sheet
/clusterfs/vast/abcabc/Aang_Foundation/20251020_mem-histone/fish1_72hpf_roi2,20251020-plate57-slot1-roi8,20251020,57,1,8,20251020_mem-histone,20251020_mem-histone,fish1,1,72,,3072,20251020_mem-histone,10/20/25,10/20/25,"pDQM005,pDQM133","302,324",,,tdmSG|tdmScarlet3,2xLynk|H2B,membrane|histone,tdmSG(membrane)|tdmScarlet3(histone),,,,,membrane|histone,tdmSG(membrane)|tdmScarlet3(histone),sheet
/clusterfs/vast/abcabc/Aang_Foundation/20251020_mem-histone/fish1_72hpf_roi3,20251020-plate57-slot1-roi11,20251020,57,1,11,20251020_mem-histone,20251020_mem-histone,fish1,1,72,,3072,20251020_mem-histone,10/20/25,10/20/25,"pDQM005,pDQM133","302,324",,,tdmSG|tdmScarlet3,2xLynk|H2B,membrane|histone,tdmSG(membrane)|tdmScarlet3(histone),,,,,membrane|histone,tdmSG(membrane)|tdmScarlet3(histone),sheet
/clusterfs/vast/abcabc/Aang_Foundation/20251020_mem-histone/fish1_72hpf_roi4,20251020-plate57-slot1-roi16,20251020,57,1,16,20251020_mem-histone,20251020_mem-histone,fish1,1,72,,3072,20251020_mem-histone,10/20/25,10/20/25,"pDQM005,pDQM133","302,324",,,tdmSG|tdmScarlet3,2xLynk|H2B,membrane|histone,tdmSG(membrane)|tdmScarlet3(histone),,,,,membrane|histone,tdmSG(membrane)|tdmScarlet3(histone),sheet
/clusterfs/vast/abcabc/Aang_Foundation/20251020_mem-histone/fish1_72hpf_roi5,20251020-plate57-slot1-roi19,20251020,57,1,19,20251020_mem-histone,20251020_mem-histone,fish1,1,72,,3072,20251020_mem-histone,10/20/25,10/20/25,"pDQM005,pDQM133","302,324",,,tdmSG|tdmScarlet3,2xLynk|H2B,membrane|histone,tdmSG(membrane)|tdmScarlet3(histone),,,,,membrane|histone,tdmSG(membrane)|tdmScarlet3(histone),sheet
/clusterfs/vast/abcabc/Aang_Foundation/20251020_mem-histone/fish1_72hpf_roi6,20251020-plate57-slot1-roi21,20251020,57,1,21,20251020_mem-histone,20251020_mem-histone,fish1,1,72,,3072,20251020_mem-histone,10/20/25,10/20/25,"pDQM005,pDQM133","302,324",,,tdmSG|tdmScarlet3,2xLynk|H2B,membrane|histone,tdmSG(membrane)|tdmScarlet3(histone),,,,,membrane|histone,tdmSG(membrane)|tdmScarlet3(histone),sheet
/clusterfs/vast/abcabc/Aang_Foundation/20251020_mem-histone/fish1_72hpf_roi7,20251020-plate57-slot1-roi23,20251020,57,1,23,20251020_mem-histone,20251020_mem-histone,fish1,1,72,,3072,20251020_mem-histone,10/20/25,10/20/25,"pDQM005,pDQM133","302,324",,,tdmSG|tdmScarlet3,2xLynk|H2B,membrane|histone,tdmSG(membrane)|tdmScarlet3(histone),,,,,membrane|histone,tdmSG(membrane)|tdmScarlet3(histone),sheet
/clusterfs/vast/abcabc/Aang_Foundation/20251020_mem-histone/fish2_72hpf_roi1,20251020-plate57-slot2-roi3,20251020,57,2,3,20251020_mem-histone,20251020_mem-histone,fish2,2,72,,3072,20251020_mem-histone,10/20/25,10/20/25,"pDQM005,pDQM133","302,324",,,tdmSG|tdmScarlet3,2xLynk|H2B,membrane|histone,tdmSG(membrane)|tdmScarlet3(histone),,,,,membrane|histone,tdmSG(membrane)|tdmScarlet3(histone),sheet
/clusterfs/vast/abcabc/Aang_Foundation/20251020_mem-histone/fish2_72hpf_roi2,20251020-plate57-slot2-roi7,20251020,57,2,7,20251020_mem-histone,20251020_mem-histone,fish2,2,72,,3072,20251020_mem-histone,10/20/25,10/20/25,"pDQM005,pDQM133","302,324",,,tdmSG|tdmScarlet3,2xLynk|H2B,membrane|histone,tdmSG(membrane)|tdmScarlet3(histone),,,,,membrane|histone,tdmSG(membrane)|tdmScarlet3(histone),sheet
/clusterfs/vast/abcabc/Aang_Foundation/20251020_mem-histone/fish3_72hpf_roi1,20251020-plate57-slot3-roi2,20251020,57,3,2,20251020_mem-histone,20251020_mem-histone,fish3,3,72,,3072,20251020_mem-histone,10/20/25,10/20/25,"pDQM005,pDQM133","302,324",,,tdmSG|tdmScarlet3,2xLynk|H2B,membrane|histone,tdmSG(membrane)|tdmScarlet3(histone),,,,,membrane|histone,tdmSG(membrane)|tdmScarlet3(histone),sheet
/clusterfs/vast/abcabc/Aang_Foundation/20251020_mem-histone/fish3_72hpf_roi2,20251020-plate57-slot3-roi4,20251020,57,3,4,20251020_mem-histone,20251020_mem-histone,fish3,3,72,,3072,20251020_mem-histone,10/20/25,10/20/25,"pDQM005,pDQM133","302,324",,,tdmSG|tdmScarlet3,2xLynk|H2B,membrane|histone,tdmSG(membrane)|tdmScarlet3(histone),,,,,membrane|histone,tdmSG(membrane)|tdmScarlet3(histone),sheet
/clusterfs/vast/abcabc/Aang_Foundation/20251020_mem-histone/fish3_72hpf_roi3,20251020-plate57-slot3-roi5,20251020,57,3,5,20251020_mem-histone,20251020_mem-histone,fish3,3,72,,3072,20251020_mem-histone,10/20/25,10/20/25,"pDQM005,pDQM133","302,324",,,tdmSG|tdmScarlet3,2xLynk|H2B,membrane|histone,tdmSG(membrane)|tdmScarlet3(histone),,,,,membrane|histone,tdmSG(membrane)|tdmScarlet3(histone),sheet
/clusterfs/vast/abcabc/Aang_Foundation/20251021_mem-mito/fish1_24hpf_roi1,20251021-plate104-slot1-roi1,20251021,104,1,1,20251021_mem-mito,20251021_mem-mito,fish1,1,24,,544,20251021_mem-mito,10/21/25,10/21/25,pDQM082,315,MGCO-01,,tdmChilada,2xLynk,membrane,tdmChilada(membrane),mStayGold,2Xcox8A,mitochondria,mStayGold(mitochondria),membrane|mitochondria,tdmChilada(membrane)|mStayGold(mitochondria),sheet
/clusterfs/vast/abcabc/Aang_Foundation/20251021_mem-mito/fish1_24hpf_roi2,20251021-plate104-slot1-roi2,20251021,104,1,2,20251021_mem-mito,20251021_mem-mito,fish1,1,24,,544,20251021_mem-mito,10/21/25,10/21/25,pDQM082,315,MGCO-01,,tdmChilada,2xLynk,membrane,tdmChilada(membrane),mStayGold,2Xcox8A,mitochondria,mStayGold(mitochondria),membrane|mitochondria,tdmChilada(membrane)|mStayGold(mitochondria),sheet
/clusterfs/vast/abcabc/Aang_Foundation/20251021_mem-mito/fish2_24hpf_roi1,20251021-plate104-slot2-roi1,20251021,104,2,1,20251021_mem-mito,20251021_mem-mito,fish2,2,24,,544,20251021_mem-mito,10/21/25,10/21/25,pDQM082,315,MGCO-01,,tdmChilada,2xLynk,membrane,tdmChilada(membrane),mStayGold,2Xcox8A,mitochondria,mStayGold(mitochondria),membrane|mitochondria,tdmChilada(membrane)|mStayGold(mitochondria),sheet
/clusterfs/vast/abcabc/Aang_Foundation/20251021_mem-mito/fish2_24hpf_roi2,20251021-plate104-slot2-roi2,20251021,104,2,2,20251021_mem-mito,20251021_mem-mito,fish2,2,24,,544,20251021_mem-mito,10/21/25,10/21/25,pDQM082,315,MGCO-01,,tdmChilada,2xLynk,membrane,tdmChilada(membrane),mStayGold,2Xcox8A,mitochondria,mStayGold(mitochondria),membrane|mitochondria,tdmChilada(membrane)|mStayGold(mitochondria),sheet
/clusterfs/vast/abcabc/Aang_Foundation/20251021_mem-mito/fish3_24hpf_roi1,20251021-plate104-slot3-roi1,20251021,104,3,1,20251021_mem-mito,20251021_mem-mito,fish3,3,24,,544,20251021_mem-mito,10/21/25,10/21/25,pDQM082,315,MGCO-01,,tdmChilada,2xLynk,membrane,tdmChilada(membrane),mStayGold,2Xcox8A,mitochondria,mStayGold(mitochondria),membrane|mitochondria,tdmChilada(membrane)|mStayGold(mitochondria),sheet
/clusterfs/vast/abcabc/Aang_Foundation/20251021_mem-mito/fish3_24hpf_roi2,20251021-plate104-slot3-roi2,20251021,104,3,2,20251021_mem-mito,20251021_mem-mito,fish3,3,24,,544,20251021_mem-mito,10/21/25,10/21/25,pDQM082,315,MGCO-01,,tdmChilada,2xLynk,membrane,tdmChilada(membrane),mStayGold,2Xcox8A,mitochondria,mStayGold(mitochondria),membrane|mitochondria,tdmChilada(membrane)|mStayGold(mitochondria),sheet
/clusterfs/vast/abcabc/Aang_Foundation/20251021_mem-mito/fish4_24hpf_roi1,20251021-plate104-slot4-roi1,20251021,104,4,1,20251021_mem-mito,20251021_mem-mito,fish4,4,24,,544,20251021_mem-mito,10/21/25,10/21/25,pDQM082,315,MGCO-01,,tdmChilada,2xLynk,membrane,tdmChilada(membrane),mStayGold,2Xcox8A,mitochondria,mStayGold(mitochondria),membrane|mitochondria,tdmChilada(membrane)|mStayGold(mitochondria),sheet
/clusterfs/vast/abcabc/Aang_Foundation/20251021_mem-mito/fish5_24hpf_roi1,20251021-plate104-slot5-roi1,20251021,104,5,1,20251021_mem-mito,20251021_mem-mito,fish5,5,24,,544,20251021_mem-mito,10/21/25,10/21/25,pDQM082,315,MGCO-01,,tdmChilada,2xLynk,membrane,tdmChilada(membrane),mStayGold,2Xcox8A,mitochondria,mStayGold(mitochondria),membrane|mitochondria,tdmChilada(membrane)|mStayGold(mitochondria),sheet
/clusterfs/vast/abcabc/Aang_Foundation/20251021_mem-mito/fish6_24hpf_roi1,20251021-plate104-slot6-roi1,20251021,104,6,1,20251021_mem-mito,20251021_mem-mito,fish6,6,24,,544,20251021_mem-mito,10/21/25,10/21/25,pDQM082,315,MGCO-01,,tdmChilada,2xLynk,membrane,tdmChilada(membrane),mStayGold,2Xcox8A,mitochondria,mStayGold(mitochondria),membrane|mitochondria,tdmChilada(membrane)|mStayGold(mitochondria),sheet
/clusterfs/vast/abcabc/Aang_Foundation/20251021_mem-mito/fish6_24hpf_roi2,20251021-plate104-slot6-roi2,20251021,104,6,2,20251021_mem-mito,20251021_mem-mito,fish6,6,24,,544,20251021_mem-mito,10/21/25,10/21/25,pDQM082,315,MGCO-01,,tdmChilada,2xLynk,membrane,tdmChilada(membrane),mStayGold,2Xcox8A,mitochondria,mStayGold(mitochondria),membrane|mitochondria,tdmChilada(membrane)|mStayGold(mitochondria),sheet
/clusterfs/vast/abcabc/Aang_Foundation/20251021_mem-mito_v2/fish1_24hpf_roi1,20251021-plate105-slot1-roi1,20251021,105,1,1,20251021_mem-mito_v2,20251021_mem-mito_v2,fish1,1,24,,544,20251021_mem-mito_v2,10/22/25,10/21/25,,,MGCO-01,,,,,,mStayGold,2Xcox8A,mitochondria,mStayGold(mitochondria),mitochondria,mStayGold(mitochondria),sheet
/clusterfs/vast/abcabc/Aang_Foundation/20251021_mem-mito_v2/fish2_24hpf_roi1,20251021-plate105-slot2-roi1,20251021,105,2,1,20251021_mem-mito_v2,20251021_mem-mito_v2,fish2,2,24,,544,20251021_mem-mito_v2,10/22/25,10/21/25,,,MGCO-01,,,,,,mStayGold,2Xcox8A,mitochondria,mStayGold(mitochondria),mitochondria,mStayGold(mitochondria),sheet
/clusterfs/vast/abcabc/Aang_Foundation/20251021_mem-mito_v2/fish2_24hpf_roi2,20251021-plate105-slot2-roi2,20251021,105,2,2,20251021_mem-mito_v2,20251021_mem-mito_v2,fish2,2,24,,544,20251021_mem-mito_v2,10/22/25,10/21/25,,,MGCO-01,,,,,,mStayGold,2Xcox8A,mitochondria,mStayGold(mitochondria),mitochondria,mStayGold(mitochondria),sheet
/clusterfs/vast/abcabc/Aang_Foundation/20251021_mem-mito_v2/fish4_24hpf_roi1,20251021-plate105-slot3-roi1,20251021,105,3,1,20251021_mem-mito_v2,20251021_mem-mito_v2,fish4,4,24,,544,20251021_mem-mito_v2,10/22/25,10/21/25,,,MGCO-01,,,,,,mStayGold,2Xcox8A,mitochondria,mStayGold(mitochondria),mitochondria,mStayGold(mitochondria),sheet
/clusterfs/vast/abcabc/Aang_Foundation/20251021_mem-mito_v2/fish4_24hpf_roi2,20251021-plate105-slot3-roi2,20251021,105,3,2,20251021_mem-mito_v2,20251021_mem-mito_v2,fish4,4,24,,544,20251021_mem-mito_v2,10/22/25,10/21/25,,,MGCO-01,,,,,,mStayGold,2Xcox8A,mitochondria,mStayGold(mitochondria),mitochondria,mStayGold(mitochondria),sheet
/clusterfs/vast/abcabc/Aang_Foundation/20251021_mem-mito_v2/fish4_24hpf_roi3,20251021-plate105-slot3-roi3,20251021,105,3,3,20251021_mem-mito_v2,20251021_mem-mito_v2,fish4,4,24,,544,20251021_mem-mito_v2,10/22/25,10/21/25,,,MGCO-01,,,,,,mStayGold,2Xcox8A,mitochondria,mStayGold(mitochondria),mitochondria,mStayGold(mitochondria),sheet
/clusterfs/vast/abcabc/Aang_Foundation/20251021_mem-mito_v2/fish4_24hpf_roi4,20251021-plate105-slot3-roi4,20251021,105,3,4,20251021_mem-mito_v2,20251021_mem-mito_v2,fish4,4,24,,544,20251021_mem-mito_v2,10/22/25,10/21/25,,,MGCO-01,,,,,,mStayGold,2Xcox8A,mitochondria,mStayGold(mitochondria),mitochondria,mStayGold(mitochondria),sheet
/clusterfs/vast/abcabc/Aang_Foundation/20251022_mem-mito/fish1_48hpf_roi1,20251022-plate106-slot1-roi1,20251022,106,1,1,20251022_mem-mito,20251022_mem-mito,fish1,1,48,,544,20251022_mem-mito,10/23/25,10/22/25,pDQM082,315,MGCO-01,,tdmChilada,2xLynk,membrane,tdmChilada(membrane),mStayGold,2Xcox8A,mitochondria,mStayGold(mitochondria),membrane|mitochondria,tdmChilada(membrane)|mStayGold(mitochondria),sheet
/clusterfs/vast/abcabc/Aang_Foundation/20251022_mem-mito/fish3_48hpf_roi1,20251022-plate106-slot2-roi1,20251022,106,2,1,20251022_mem-mito,20251022_mem-mito,fish3,3,48,,544,20251022_mem-mito,10/23/25,10/22/25,pDQM082,315,MGCO-01,,tdmChilada,2xLynk,membrane,tdmChilada(membrane),mStayGold,2Xcox8A,mitochondria,mStayGold(mitochondria),membrane|mitochondria,tdmChilada(membrane)|mStayGold(mitochondria),sheet
/clusterfs/vast/abcabc/Aang_Foundation/20251022_mem-mito/fish3_48hpf_roi2,20251022-plate106-slot2-roi2,20251022,106,2,2,20251022_mem-mito,20251022_mem-mito,fish3,3,48,,544,20251022_mem-mito,10/23/25,10/22/25,pDQM082,315,MGCO-01,,tdmChilada,2xLynk,membrane,tdmChilada(membrane),mStayGold,2Xcox8A,mitochondria,mStayGold(mitochondria),membrane|mitochondria,tdmChilada(membrane)|mStayGold(mitochondria),sheet
/clusterfs/vast/abcabc/Aang_Foundation/20251022_mem-mito/fish4_48hpf_roi1,20251022-plate106-slot3-roi1,20251022,106,3,1,20251022_mem-mito,20251022_mem-mito,fish4,4,48,,544,20251022_mem-mito,10/23/25,10/22/25,pDQM082,315,MGCO-01,,tdmChilada,2xLynk,membrane,tdmChilada(membrane),mStayGold,2Xcox8A,mitochondria,mStayGold(mitochondria),membrane|mitochondria,tdmChilada(membrane)|mStayGold(mitochondria),sheet
/clusterfs/vast/abcabc/Aang_Foundation/20251023_mem-mito/fish1_24hpf_roi1,20251023-plate107-slot1-roi1,20251023,107,1,1,20251023_mem-mito,20251023_mem-mito,fish1,1,24,,544,20251023_mem-mito,10/24/25,10/23/25,pDQM082,315,MGCO-01,,tdmChilada,2xLynk,membrane,tdmChilada(membrane),mStayGold,2Xcox8A,mitochondria,mStayGold(mitochondria),membrane|mitochondria,tdmChilada(membrane)|mStayGold(mitochondria),sheet
/clusterfs/vast/abcabc/Aang_Foundation/20251023_mem-mito/fish1_24hpf_roi2,20251023-plate107-slot1-roi2,20251023,107,1,2,20251023_mem-mito,20251023_mem-mito,fish1,1,24,,544,20251023_mem-mito,10/24/25,10/23/25,pDQM082,315,MGCO-01,,tdmChilada,2xLynk,membrane,tdmChilada(membrane),mStayGold,2Xcox8A,mitochondria,mStayGold(mitochondria),membrane|mitochondria,tdmChilada(membrane)|mStayGold(mitochondria),sheet
/clusterfs/vast/abcabc/Aang_Foundation/20251023_mem-mito/fish3_24hpf_roi1,20251023-plate107-slot2-roi1,20251023,107,2,1,20251023_mem-mito,20251023_mem-mito,fish3,3,24,,544,20251023_mem-mito,10/24/25,10/23/25,pDQM082,315,MGCO-01,,tdmChilada,2xLynk,membrane,tdmChilada(membrane),mStayGold,2Xcox8A,mitochondria,mStayGold(mitochondria),membrane|mitochondria,tdmChilada(membrane)|mStayGold(mitochondria),sheet
/clusterfs/vast/abcabc/Aang_Foundation/20251027_mem-histone/fish1_120hpf_roi1,20251027-plate60-slot1-roi1,20251027,60,1,1,20251027_mem-histone,20251027_mem-histone,fish1,1,120,,4608,20251027_mem-histone,10/27/25,10/27/25,"pDQM005,pDQM133","302,324",,,tdmSG|tdmScarlet3,2xLynk|H2B,membrane|histone,tdmSG(membrane)|tdmScarlet3(histone),,,,,membrane|histone,tdmSG(membrane)|tdmScarlet3(histone),sheet
/clusterfs/vast/abcabc/Aang_Foundation/20251027_mem-histone/fish1_120hpf_roi2,20251027-plate60-slot1-roi3,20251027,60,1,3,20251027_mem-histone,20251027_mem-histone,fish1,1,120,,4608,20251027_mem-histone,10/27/25,10/27/25,"pDQM005,pDQM133","302,324",,,tdmSG|tdmScarlet3,2xLynk|H2B,membrane|histone,tdmSG(membrane)|tdmScarlet3(histone),,,,,membrane|histone,tdmSG(membrane)|tdmScarlet3(histone),sheet
/clusterfs/vast/abcabc/Aang_Foundation/20251027_mem-histone/fish3_120hpf_roi1,20251027-plate60-slot2-roi1,20251027,60,2,1,20251027_mem-histone,20251027_mem-histone,fish3,3,120,,4608,20251027_mem-histone,10/27/25,10/27/25,"pDQM005,pDQM133","302,324",,,tdmSG|tdmScarlet3,2xLynk|H2B,membrane|histone,tdmSG(membrane)|tdmScarlet3(histone),,,,,membrane|histone,tdmSG(membrane)|tdmScarlet3(histone),sheet
/clusterfs/vast/abcabc/Aang_Foundation/20251027_mem-histone/fish3_120hpf_roi2,20251027-plate60-slot2-roi4,20251027,60,2,4,20251027_mem-histone,20251027_mem-histone,fish3,3,120,,4608,20251027_mem-histone,10/27/25,10/27/25,"pDQM005,pDQM133","302,324",,,tdmSG|tdmScarlet3,2xLynk|H2B,membrane|histone,tdmSG(membrane)|tdmScarlet3(histone),,,,,membrane|histone,tdmSG(membrane)|tdmScarlet3(histone),sheet
/clusterfs/vast/abcabc/Aang_Foundation/20251027_mem-histone/fish3_120hpf_roi3,20251027-plate60-slot2-roi5,20251027,60,2,5,20251027_mem-histone,20251027_mem-histone,fish3,3,120,,4608,20251027_mem-histone,10/27/25,10/27/25,"pDQM005,pDQM133","302,324",,,tdmSG|tdmScarlet3,2xLynk|H2B,membrane|histone,tdmSG(membrane)|tdmScarlet3(histone),,,,,membrane|histone,tdmSG(membrane)|tdmScarlet3(histone),sheet
/clusterfs/vast/abcabc/Aang_Foundation/20251027_mem-histone/fish3_120hpf_roi4,20251027-plate60-slot2-roi7,20251027,60,2,7,20251027_mem-histone,20251027_mem-histone,fish3,3,120,,4608,20251027_mem-histone,10/27/25,10/27/25,"pDQM005,pDQM133","302,324",,,tdmSG|tdmScarlet3,2xLynk|H2B,membrane|histone,tdmSG(membrane)|tdmScarlet3(histone),,,,,membrane|histone,tdmSG(membrane)|tdmScarlet3(histone),sheet
/clusterfs/vast/abcabc/Aang_Foundation/20251027_mem-histone/fish3_120hpf_roi5,20251027-plate60-slot2-roi9,20251027,60,2,9,20251027_mem-histone,20251027_mem-histone,fish3,3,120,,4608,20251027_mem-histone,10/27/25,10/27/25,"pDQM005,pDQM133","302,324",,,tdmSG|tdmScarlet3,2xLynk|H2B,membrane|histone,tdmSG(membrane)|tdmScarlet3(histone),,,,,membrane|histone,tdmSG(membrane)|tdmScarlet3(histone),sheet
/clusterfs/vast/abcabc/Aang_Foundation/20251027_mem-histone/fish3_120hpf_roi6,20251027-plate60-slot2-roi11,20251027,60,2,11,20251027_mem-histone,20251027_mem-histone,fish3,3,120,,4608,20251027_mem-histone,10/27/25,10/27/25,"pDQM005,pDQM133","302,324",,,tdmSG|tdmScarlet3,2xLynk|H2B,membrane|histone,tdmSG(membrane)|tdmScarlet3(histone),,,,,membrane|histone,tdmSG(membrane)|tdmScarlet3(histone),sheet
/clusterfs/vast/abcabc/Aang_Foundation/20251027_mem-histone/fish3_120hpf_roi7,20251027-plate60-slot2-roi13,20251027,60,2,13,20251027_mem-histone,20251027_mem-histone,fish3,3,120,,4608,20251027_mem-histone,10/27/25,10/27/25,"pDQM005,pDQM133","302,324",,,tdmSG|tdmScarlet3,2xLynk|H2B,membrane|histone,tdmSG(membrane)|tdmScarlet3(histone),,,,,membrane|histone,tdmSG(membrane)|tdmScarlet3(histone),sheet
/clusterfs/vast/abcabc/Aang_Foundation/20251028_mem-mito/fish1_24hpf_roi1,20251028-plate108-slot1-roi1,20251028,108,1,1,20251028_mem-mito,20251028_mem-mito,fish1,1,24,,989,20251028_mem-mito,10/28/25,10/28/25,pDQM082,315,MGCO-01,,tdmChilada,2xLynk,membrane,tdmChilada(membrane),mStayGold,2Xcox8A,mitochondria,mStayGold(mitochondria),membrane|mitochondria,tdmChilada(membrane)|mStayGold(mitochondria),sheet
/clusterfs/vast/abcabc/Aang_Foundation/20251028_mem-peroxi/fish1_24hpf_roi1,20251028-plate109-slot1-roi1,20251028,109,1,1,20251028_mem-peroxi,20251028_mem-peroxi,fish1,1,24,,1911,20251028_mem-peroxi,10/28/25,10/28/25,pDQM136,325,MGCO-49,,tdmScarlet3,2xLynk,membrane,tdmScarlet3(membrane),mStayGold,skl,Peroxisome,mStayGold(Peroxisome),membrane|Peroxisome,tdmScarlet3(membrane)|mStayGold(Peroxisome),sheet
/clusterfs/vast/abcabc/Aang_Foundation/20251028_mem-peroxi/fish4_24hpf_roi1,20251028-plate109-slot2-roi1,20251028,109,2,1,20251028_mem-peroxi,20251028_mem-peroxi,fish4,4,24,,612,20251028_mem-peroxi,10/28/25,10/28/25,pDQM136,325,MGCO-49,,tdmScarlet3,2xLynk,membrane,tdmScarlet3(membrane),mStayGold,skl,Peroxisome,mStayGold(Peroxisome),membrane|Peroxisome,tdmScarlet3(membrane)|mStayGold(Peroxisome),sheet
/clusterfs/vast/abcabc/Aang_Foundation/20251028_mem-peroxi/fish4_24hpf_roi2,20251028-plate109-slot2-roi2,20251028,109,2,2,20251028_mem-peroxi,20251028_mem-peroxi,fish4,4,24,,612,20251028_mem-peroxi,10/28/25,10/28/25,pDQM136,325,MGCO-49,,tdmScarlet3,2xLynk,membrane,tdmScarlet3(membrane),mStayGold,skl,Peroxisome,mStayGold(Peroxisome),membrane|Peroxisome,tdmScarlet3(membrane)|mStayGold(Peroxisome),sheet
/clusterfs/vast/abcabc/Aang_Foundation/20251028_mem-peroxi/fish5_24hpf_roi1,20251028-plate109-slot3-roi1,20251028,109,3,1,20251028_mem-peroxi,20251028_mem-peroxi,fish5,5,24,,612,20251028_mem-peroxi,10/28/25,10/28/25,pDQM136,325,MGCO-49,,tdmScarlet3,2xLynk,membrane,tdmScarlet3(membrane),mStayGold,skl,Peroxisome,mStayGold(Peroxisome),membrane|Peroxisome,tdmScarlet3(membrane)|mStayGold(Peroxisome),sheet
/clusterfs/vast/abcabc/Aang_Foundation/20251028_mem-peroxi/fish5_24hpf_roi2,20251028-plate109-slot3-roi2,20251028,109,3,2,20251028_mem-peroxi,20251028_mem-peroxi,fish5,5,24,,612,20251028_mem-peroxi,10/28/25,10/28/25,pDQM136,325,MGCO-49,,tdmScarlet3,2xLynk,membrane,tdmScarlet3(membrane),mStayGold,skl,Peroxisome,mStayGold(Peroxisome),membrane|Peroxisome,tdmScarlet3(membrane)|mStayGold(Peroxisome),sheet
/clusterfs/vast/abcabc/Aang_Foundation/20251028_mem-peroxi2/fish1_24hpf_roi1,20251028-plate110-slot1-roi1,20251028,110,1,1,20251028_mem-peroxi2,20251028_mem-peroxi2,fish1,1,24,,612,20251028_mem-peroxi2,10/29/25,10/28/25,pDQM136,325,MGCO-52,,tdmScarlet3,2xLynk,membrane,tdmScarlet3(membrane),mStayGold,ABCDpmp70,Peroxisome,mStayGold(Peroxisome),membrane|Peroxisome,tdmScarlet3(membrane)|mStayGold(Peroxisome),sheet
/clusterfs/vast/abcabc/Aang_Foundation/20251028_mem-peroxi2/fish2_24hpf_roi1,20251028-plate110-slot2-roi1,20251028,110,2,1,20251028_mem-peroxi2,20251028_mem-peroxi2,fish2,2,24,,612,20251028_mem-peroxi2,10/29/25,10/28/25,pDQM136,325,MGCO-52,,tdmScarlet3,2xLynk,membrane,tdmScarlet3(membrane),mStayGold,ABCDpmp70,Peroxisome,mStayGold(Peroxisome),membrane|Peroxisome,tdmScarlet3(membrane)|mStayGold(Peroxisome),sheet
/clusterfs/vast/abcabc/Aang_Foundation/20251028_mem-peroxi2/fish4_24hpf_roi1,20251028-plate110-slot3-roi1,20251028,110,3,1,20251028_mem-peroxi2,20251028_mem-peroxi2,fish4,4,24,,612,20251028_mem-peroxi2,10/29/25,10/28/25,pDQM136,325,MGCO-52,,tdmScarlet3,2xLynk,membrane,tdmScarlet3(membrane),mStayGold,ABCDpmp70,Peroxisome,mStayGold(Peroxisome),membrane|Peroxisome,tdmScarlet3(membrane)|mStayGold(Peroxisome),sheet
/clusterfs/vast/abcabc/Aang_Foundation/20251028_mem-peroxi2/fish5_24hpf_roi1,20251028-plate110-slot4-roi1,20251028,110,4,1,20251028_mem-peroxi2,20251028_mem-peroxi2,fish5,5,24,,816,20251028_mem-peroxi2,10/29/25,10/28/25,pDQM136,325,MGCO-52,,tdmScarlet3,2xLynk,membrane,tdmScarlet3(membrane),mStayGold,ABCDpmp70,Peroxisome,mStayGold(Peroxisome),membrane|Peroxisome,tdmScarlet3(membrane)|mStayGold(Peroxisome),sheet
/clusterfs/vast/abcabc/Aang_Foundation/20251028_mem-peroxi2/fish6_24hpf_roi1,20251028-plate110-slot5-roi1,20251028,110,5,1,20251028_mem-peroxi2,20251028_mem-peroxi2,fish6,6,24,,816,20251028_mem-peroxi2,10/29/25,10/28/25,pDQM136,325,MGCO-52,,tdmScarlet3,2xLynk,membrane,tdmScarlet3(membrane),mStayGold,ABCDpmp70,Peroxisome,mStayGold(Peroxisome),membrane|Peroxisome,tdmScarlet3(membrane)|mStayGold(Peroxisome),sheet
/clusterfs/vast/abcabc/Aang_Foundation/20251029_peroxi/fish1_roi1,20251029-plate111-slot1-roi1,20251029,111,1,1,20251029_peroxi,20251029_peroxi,fish1,1,,,2,20251029_peroxi,10/30/25,10/29/25,pDQM136,325,MGCO-49,,tdmScarlet3,2xLynk,membrane,tdmScarlet3(membrane),mStayGold,skl,Peroxisome,mStayGold(Peroxisome),membrane|Peroxisome,tdmScarlet3(membrane)|mStayGold(Peroxisome),sheet
/clusterfs/vast/abcabc/Aang_Foundation/20251105_mem-mito/fish1_24hpf_roi1,20251105-plate112-slot1-roi1,20251105,112,1,1,20251105_mem-mito,20251105_mem-mito,fish1,1,24,,408,20251105_mem-mito,11/5/25,11/5/25,pDQM082,315,MGCO-01,,tdmChilada,2xLynk,membrane,tdmChilada(membrane),mStayGold,2Xcox8A,mitochondria,mStayGold(mitochondria),membrane|mitochondria,tdmChilada(membrane)|mStayGold(mitochondria),sheet
/clusterfs/vast/abcabc/Aang_Foundation/20251105_mem-mito/fish2_24hpf_roi1,20251105-plate112-slot2-roi1,20251105,112,2,1,20251105_mem-mito,20251105_mem-mito,fish2,2,24,,408,20251105_mem-mito,11/5/25,11/5/25,pDQM082,315,MGCO-01,,tdmChilada,2xLynk,membrane,tdmChilada(membrane),mStayGold,2Xcox8A,mitochondria,mStayGold(mitochondria),membrane|mitochondria,tdmChilada(membrane)|mStayGold(mitochondria),sheet
/clusterfs/vast/abcabc/Aang_Foundation/20251105_mem-mito/fish2_24hpf_roi2,20251105-plate112-slot2-roi2,20251105,112,2,2,20251105_mem-mito,20251105_mem-mito,fish2,2,24,,340,20251105_mem-mito,11/5/25,11/5/25,pDQM082,315,MGCO-01,,tdmChilada,2xLynk,membrane,tdmChilada(membrane),mStayGold,2Xcox8A,mitochondria,mStayGold(mitochondria),membrane|mitochondria,tdmChilada(membrane)|mStayGold(mitochondria),sheet
/clusterfs/vast/abcabc/Aang_Foundation/20251105_mem-mito/fish3_24hpf_roi1,20251105-plate112-slot3-roi1,20251105,112,3,1,20251105_mem-mito,20251105_mem-mito,fish3,3,24,,272,20251105_mem-mito,11/5/25,11/5/25,pDQM082,315,MGCO-01,,tdmChilada,2xLynk,membrane,tdmChilada(membrane),mStayGold,2Xcox8A,mitochondria,mStayGold(mitochondria),membrane|mitochondria,tdmChilada(membrane)|mStayGold(mitochondria),sheet
/clusterfs/vast/abcabc/Aang_Foundation/20251105_mem-mito/fish3_24hpf_roi2,20251105-plate112-slot3-roi2,20251105,112,3,2,20251105_mem-mito,20251105_mem-mito,fish3,3,24,,272,20251105_mem-mito,11/5/25,11/5/25,pDQM082,315,MGCO-01,,tdmChilada,2xLynk,membrane,tdmChilada(membrane),mStayGold,2Xcox8A,mitochondria,mStayGold(mitochondria),membrane|mitochondria,tdmChilada(membrane)|mStayGold(mitochondria),sheet
/clusterfs/vast/abcabc/Aang_Foundation/20251105_mem-mito/fish4_24hpf_roi1,20251105-plate112-slot4-roi1,20251105,112,4,1,20251105_mem-mito,20251105_mem-mito,fish4,4,24,,272,20251105_mem-mito,11/5/25,11/5/25,pDQM082,315,MGCO-01,,tdmChilada,2xLynk,membrane,tdmChilada(membrane),mStayGold,2Xcox8A,mitochondria,mStayGold(mitochondria),membrane|mitochondria,tdmChilada(membrane)|mStayGold(mitochondria),sheet
/clusterfs/vast/abcabc/Aang_Foundation/20251105_mem-mito/fish4_24hpf_roi2,20251105-plate112-slot4-roi2,20251105,112,4,2,20251105_mem-mito,20251105_mem-mito,fish4,4,24,,272,20251105_mem-mito,11/5/25,11/5/25,pDQM082,315,MGCO-01,,tdmChilada,2xLynk,membrane,tdmChilada(membrane),mStayGold,2Xcox8A,mitochondria,mStayGold(mitochondria),membrane|mitochondria,tdmChilada(membrane)|mStayGold(mitochondria),sheet
/clusterfs/vast/abcabc/Aang_Foundation/20251105_mem-mito/fish5_24hpf_roi1,20251105-plate112-slot5-roi1,20251105,112,5,1,20251105_mem-mito,20251105_mem-mito,fish5,5,24,,272,20251105_mem-mito,11/5/25,11/5/25,pDQM082,315,MGCO-01,,tdmChilada,2xLynk,membrane,tdmChilada(membrane),mStayGold,2Xcox8A,mitochondria,mStayGold(mitochondria),membrane|mitochondria,tdmChilada(membrane)|mStayGold(mitochondria),sheet
/clusterfs/vast/abcabc/Aang_Foundation/20251105_mem-mito/fish5_24hpf_roi2,20251105-plate112-slot5-roi2,20251105,112,5,2,20251105_mem-mito,20251105_mem-mito,fish5,5,24,,272,20251105_mem-mito,11/5/25,11/5/25,pDQM082,315,MGCO-01,,tdmChilada,2xLynk,membrane,tdmChilada(membrane),mStayGold,2Xcox8A,mitochondria,mStayGold(mitochondria),membrane|mitochondria,tdmChilada(membrane)|mStayGold(mitochondria),sheet
/clusterfs/vast/abcabc/Aang_Foundation/20251106_mem-mito/fish1_48hpf_roi1,20251106-plate62-slot1-roi2,20251106,62,1,2,20251106_mem-mito,20251106_mem-mito,fish1,1,48,,272,20251106_mem-mito,11/6/25,11/6/25,pDQM082,315,MGCO-01,,tdmChilada,2xLynk,membrane,tdmChilada(membrane),mStayGold,2Xcox8A,mitochondria,mStayGold(mitochondria),membrane|mitochondria,tdmChilada(membrane)|mStayGold(mitochondria),sheet
/clusterfs/vast/abcabc/Aang_Foundation/20251106_mem-mito/fish1_48hpf_roi2,20251106-plate62-slot1-roi4,20251106,62,1,4,20251106_mem-mito,20251106_mem-mito,fish1,1,48,,544,20251106_mem-mito,11/6/25,11/6/25,pDQM082,315,MGCO-01,,tdmChilada,2xLynk,membrane,tdmChilada(membrane),mStayGold,2Xcox8A,mitochondria,mStayGold(mitochondria),membrane|mitochondria,tdmChilada(membrane)|mStayGold(mitochondria),sheet
/clusterfs/vast/abcabc/Aang_Foundation/20251106_mem-mito/fish2_48hpf_roi1,20251106-plate62-slot2-roi2,20251106,62,2,2,20251106_mem-mito,20251106_mem-mito,fish2,2,48,,272,20251106_mem-mito,11/6/25,11/6/25,pDQM082,315,MGCO-01,,tdmChilada,2xLynk,membrane,tdmChilada(membrane),mStayGold,2Xcox8A,mitochondria,mStayGold(mitochondria),membrane|mitochondria,tdmChilada(membrane)|mStayGold(mitochondria),sheet
/clusterfs/vast/abcabc/Aang_Foundation/20251106_mem-mito/fish2_48hpf_roi2,20251106-plate62-slot2-roi4,20251106,62,2,4,20251106_mem-mito,20251106_mem-mito,fish2,2,48,,272,20251106_mem-mito,11/6/25,11/6/25,pDQM082,315,MGCO-01,,tdmChilada,2xLynk,membrane,tdmChilada(membrane),mStayGold,2Xcox8A,mitochondria,mStayGold(mitochondria),membrane|mitochondria,tdmChilada(membrane)|mStayGold(mitochondria),sheet
/clusterfs/vast/abcabc/Aang_Foundation/20251106_mem-mito/fish2_48hpf_roi3,20251106-plate62-slot2-roi6,20251106,62,2,6,20251106_mem-mito,20251106_mem-mito,fish2,2,48,,272,20251106_mem-mito,11/6/25,11/6/25,pDQM082,315,MGCO-01,,tdmChilada,2xLynk,membrane,tdmChilada(membrane),mStayGold,2Xcox8A,mitochondria,mStayGold(mitochondria),membrane|mitochondria,tdmChilada(membrane)|mStayGold(mitochondria),sheet
/clusterfs/vast/abcabc/Aang_Foundation/20251106_mem-mito/fish2_48hpf_roi4,20251106-plate62-slot2-roi8,20251106,62,2,8,20251106_mem-mito,20251106_mem-mito,fish2,2,48,,272,20251106_mem-mito,11/6/25,11/6/25,pDQM082,315,MGCO-01,,tdmChilada,2xLynk,membrane,tdmChilada(membrane),mStayGold,2Xcox8A,mitochondria,mStayGold(mitochondria),membrane|mitochondria,tdmChilada(membrane)|mStayGold(mitochondria),sheet
/clusterfs/vast/abcabc/Aang_Foundation/20251106_mem-mito/fish3_48hpf_roi1,20251106-plate62-slot3-roi1,20251106,62,3,1,20251106_mem-mito,20251106_mem-mito,fish3,3,48,,272,20251106_mem-mito,11/6/25,11/6/25,pDQM082,315,MGCO-01,,tdmChilada,2xLynk,membrane,tdmChilada(membrane),mStayGold,2Xcox8A,mitochondria,mStayGold(mitochondria),membrane|mitochondria,tdmChilada(membrane)|mStayGold(mitochondria),sheet
/clusterfs/vast/abcabc/Aang_Foundation/20251106_mem-mito/fish3_48hpf_roi2,20251106-plate62-slot3-roi2,20251106,62,3,2,20251106_mem-mito,20251106_mem-mito,fish3,3,48,,272,20251106_mem-mito,11/6/25,11/6/25,pDQM082,315,MGCO-01,,tdmChilada,2xLynk,membrane,tdmChilada(membrane),mStayGold,2Xcox8A,mitochondria,mStayGold(mitochondria),membrane|mitochondria,tdmChilada(membrane)|mStayGold(mitochondria),sheet
/clusterfs/vast/abcabc/Aang_Foundation/20251106_mem-mito/fish3_48hpf_roi3,20251106-plate62-slot3-roi3,20251106,62,3,3,20251106_mem-mito,20251106_mem-mito,fish3,3,48,,272,20251106_mem-mito,11/6/25,11/6/25,pDQM082,315,MGCO-01,,tdmChilada,2xLynk,membrane,tdmChilada(membrane),mStayGold,2Xcox8A,mitochondria,mStayGold(mitochondria),membrane|mitochondria,tdmChilada(membrane)|mStayGold(mitochondria),sheet
/clusterfs/vast/abcabc/Aang_Foundation/20251106_mem-mito/fish4_48hpf_roi1,20251106-plate62-slot4-roi1,20251106,62,4,1,20251106_mem-mito,20251106_mem-mito,fish4,4,48,,272,20251106_mem-mito,11/6/25,11/6/25,pDQM082,315,MGCO-01,,tdmChilada,2xLynk,membrane,tdmChilada(membrane),mStayGold,2Xcox8A,mitochondria,mStayGold(mitochondria),membrane|mitochondria,tdmChilada(membrane)|mStayGold(mitochondria),sheet
/clusterfs/vast/abcabc/Aang_Foundation/20251106_mem-mito/fish4_48hpf_roi2,20251106-plate62-slot4-roi2,20251106,62,4,2,20251106_mem-mito,20251106_mem-mito,fish4,4,48,,272,20251106_mem-mito,11/6/25,11/6/25,pDQM082,315,MGCO-01,,tdmChilada,2xLynk,membrane,tdmChilada(membrane),mStayGold,2Xcox8A,mitochondria,mStayGold(mitochondria),membrane|mitochondria,tdmChilada(membrane)|mStayGold(mitochondria),sheet
/clusterfs/vast/abcabc/Aang_Foundation/20251106_mem-mito/fish4_48hpf_roi3,20251106-plate62-slot4-roi3,20251106,62,4,3,20251106_mem-mito,20251106_mem-mito,fish4,4,48,,272,20251106_mem-mito,11/6/25,11/6/25,pDQM082,315,MGCO-01,,tdmChilada,2xLynk,membrane,tdmChilada(membrane),mStayGold,2Xcox8A,mitochondria,mStayGold(mitochondria),membrane|mitochondria,tdmChilada(membrane)|mStayGold(mitochondria),sheet
/clusterfs/vast/abcabc/Aang_Foundation/20251106_mem-mito/fish4_48hpf_roi4,20251106-plate62-slot4-roi4,20251106,62,4,4,20251106_mem-mito,20251106_mem-mito,fish4,4,48,,272,20251106_mem-mito,11/6/25,11/6/25,pDQM082,315,MGCO-01,,tdmChilada,2xLynk,membrane,tdmChilada(membrane),mStayGold,2Xcox8A,mitochondria,mStayGold(mitochondria),membrane|mitochondria,tdmChilada(membrane)|mStayGold(mitochondria),sheet
/clusterfs/vast/abcabc/Aang_Foundation/20251106_mem-mito/fish5_48hpf_roi1,20251106-plate62-slot5-roi1,20251106,62,5,1,20251106_mem-mito,20251106_mem-mito,fish5,5,48,,272,20251106_mem-mito,11/6/25,11/6/25,pDQM082,315,MGCO-01,,tdmChilada,2xLynk,membrane,tdmChilada(membrane),mStayGold,2Xcox8A,mitochondria,mStayGold(mitochondria),membrane|mitochondria,tdmChilada(membrane)|mStayGold(mitochondria),sheet
/clusterfs/vast/abcabc/Aang_Foundation/20251106_mem-mito/fish5_48hpf_roi2,20251106-plate62-slot5-roi2,20251106,62,5,2,20251106_mem-mito,20251106_mem-mito,fish5,5,48,,272,20251106_mem-mito,11/6/25,11/6/25,pDQM082,315,MGCO-01,,tdmChilada,2xLynk,membrane,tdmChilada(membrane),mStayGold,2Xcox8A,mitochondria,mStayGold(mitochondria),membrane|mitochondria,tdmChilada(membrane)|mStayGold(mitochondria),sheet
/clusterfs/vast/abcabc/Aang_Foundation/20251106_mem-mito/fish5_48hpf_roi3,20251106-plate62-slot5-roi3,20251106,62,5,3,20251106_mem-mito,20251106_mem-mito,fish5,5,48,,272,20251106_mem-mito,11/6/25,11/6/25,pDQM082,315,MGCO-01,,tdmChilada,2xLynk,membrane,tdmChilada(membrane),mStayGold,2Xcox8A,mitochondria,mStayGold(mitochondria),membrane|mitochondria,tdmChilada(membrane)|mStayGold(mitochondria),sheet
/clusterfs/vast/abcabc/Aang_Foundation/20251107_mem-kinectocore/fish1_72hpf_roi1,20251107-plate113-slot1-roi1,20251107,113,1,1,20251107_mem-kinectocore,20251107_mem-kinectocore,fish1,1,72,,504,20251107_mem-kinectocore,,,pDQM082,315,MGCO-57,,tdmChilada,2xLynk,membrane,tdmChilada(membrane),mStayGold,CENPA,Kinetochore,mStayGold(Kinetochore),membrane|Kinetochore,tdmChilada(membrane)|mStayGold(Kinetochore),unmatched
/clusterfs/vast/abcabc/Aang_Foundation/20251107_mem-mito/fish1_24hpf_roi1,20251107-plate114-slot1-roi1,20251107,114,1,1,20251107_mem-mito,20251107_mem-mito,fish1,1,24,,37,20251107_mem-mito,,,pDQM082,315,MGCO-01,,tdmChilada,2xLynk,membrane,tdmChilada(membrane),mStayGold,2Xcox8A,mitochondria,mStayGold(mitochondria),membrane|mitochondria,tdmChilada(membrane)|mStayGold(mitochondria),unmatched
/clusterfs/vast/abcabc/Aang_Foundation/20251107_mem-mito/fish1_24hpf_roi1-2,20251107-plate114-slot1-roi2,20251107,114,1,2,20251107_mem-mito,20251107_mem-mito,fish1,1,24,,400,20251107_mem-mito,,,pDQM082,315,MGCO-01,,tdmChilada,2xLynk,membrane,tdmChilada(membrane),mStayGold,2Xcox8A,mitochondria,mStayGold(mitochondria),membrane|mitochondria,tdmChilada(membrane)|mStayGold(mitochondria),unmatched
/clusterfs/vast/abcabc/Aang_Foundation/20251107_mem-mito/fish1_24hpf_roi2,20251107-plate114-slot1-roi3,20251107,114,1,3,20251107_mem-mito,20251107_mem-mito,fish1,1,24,,400,20251107_mem-mito,,,pDQM082,315,MGCO-01,,tdmChilada,2xLynk,membrane,tdmChilada(membrane),mStayGold,2Xcox8A,mitochondria,mStayGold(mitochondria),membrane|mitochondria,tdmChilada(membrane)|mStayGold(mitochondria),unmatched
/clusterfs/vast/abcabc/Aang_Foundation/20251107_mem-mito/fish1_24hpf_roi3,20251107-plate114-slot1-roi4,20251107,114,1,4,20251107_mem-mito,20251107_mem-mito,fish1,1,24,,115,20251107_mem-mito,,,pDQM082,315,MGCO-01,,tdmChilada,2xLynk,membrane,tdmChilada(membrane),mStayGold,2Xcox8A,mitochondria,mStayGold(mitochondria),membrane|mitochondria,tdmChilada(membrane)|mStayGold(mitochondria),unmatched
/clusterfs/vast/abcabc/Aang_Foundation/20251107_mem-mito/fish2_24hpf_roi3,20251107-plate114-slot2-roi1,20251107,114,2,1,20251107_mem-mito,20251107_mem-mito,fish2,2,24,,400,20251107_mem-mito,,,pDQM082,315,MGCO-01,,tdmChilada,2xLynk,membrane,tdmChilada(membrane),mStayGold,2Xcox8A,mitochondria,mStayGold(mitochondria),membrane|mitochondria,tdmChilada(membrane)|mStayGold(mitochondria),unmatched
/clusterfs/vast/abcabc/Aang_Foundation/20251107_mem-mito/fish3_24hpf_roi1,20251107-plate114-slot3-roi1,20251107,114,3,1,20251107_mem-mito,20251107_mem-mito,fish3,3,24,,400,20251107_mem-mito,,,pDQM082,315,MGCO-01,,tdmChilada,2xLynk,membrane,tdmChilada(membrane),mStayGold,2Xcox8A,mitochondria,mStayGold(mitochondria),membrane|mitochondria,tdmChilada(membrane)|mStayGold(mitochondria),unmatched
/clusterfs/vast/abcabc/Aang_Foundation/20251107_mem-mito/fish3_24hpf_roi2,20251107-plate114-slot3-roi2,20251107,114,3,2,20251107_mem-mito,20251107_mem-mito,fish3,3,24,,400,20251107_mem-mito,,,pDQM082,315,MGCO-01,,tdmChilada,2xLynk,membrane,tdmChilada(membrane),mStayGold,2Xcox8A,mitochondria,mStayGold(mitochondria),membrane|mitochondria,tdmChilada(membrane)|mStayGold(mitochondria),unmatched
/clusterfs/vast/abcabc/Aang_Foundation/20251107_mem-mito/fish4_24hpf_roi1,20251107-plate114-slot4-roi1,20251107,114,4,1,20251107_mem-mito,20251107_mem-mito,fish4,4,24,,400,20251107_mem-mito,,,pDQM082,315,MGCO-01,,tdmChilada,2xLynk,membrane,tdmChilada(membrane),mStayGold,2Xcox8A,mitochondria,mStayGold(mitochondria),membrane|mitochondria,tdmChilada(membrane)|mStayGold(mitochondria),unmatched
/clusterfs/vast/abcabc/Aang_Foundation/20251107_mem-mito/fish4_24hpf_roi2,20251107-plate114-slot4-roi2,20251107,114,4,2,20251107_mem-mito,20251107_mem-mito,fish4,4,24,,400,20251107_mem-mito,,,pDQM082,315,MGCO-01,,tdmChilada,2xLynk,membrane,tdmChilada(membrane),mStayGold,2Xcox8A,mitochondria,mStayGold(mitochondria),membrane|mitochondria,tdmChilada(membrane)|mStayGold(mitochondria),unmatched
/clusterfs/vast/abcabc/Aang_Foundation/20251107_mem-mito/fish5_24hpf_roi1,20251107-plate114-slot5-roi1,20251107,114,5,1,20251107_mem-mito,20251107_mem-mito,fish5,5,24,,400,20251107_mem-mito,,,pDQM082,315,MGCO-01,,tdmChilada,2xLynk,membrane,tdmChilada(membrane),mStayGold,2Xcox8A,mitochondria,mStayGold(mitochondria),membrane|mitochondria,tdmChilada(membrane)|mStayGold(mitochondria),unmatched
/clusterfs/vast/abcabc/Aang_Foundation/20251107_mem-mito/fish5_24hpf_roi2,20251107-plate114-slot5-roi2,20251107,114,5,2,20251107_mem-mito,20251107_mem-mito,fish5,5,24,,400,20251107_mem-mito,,,pDQM082,315,MGCO-01,,tdmChilada,2xLynk,membrane,tdmChilada(membrane),mStayGold,2Xcox8A,mitochondria,mStayGold(mitochondria),membrane|mitochondria,tdmChilada(membrane)|mStayGold(mitochondria),unmatched
/clusterfs/vast/abcabc/Aang_Foundation/20251107_mem-mito/fish6_24hpf_roi1,20251107-plate114-slot6-roi1,20251107,114,6,1,20251107_mem-mito,20251107_mem-mito,fish6,6,24,,400,20251107_mem-mito,,,pDQM082,315,MGCO-01,,tdmChilada,2xLynk,membrane,tdmChilada(membrane),mStayGold,2Xcox8A,mitochondria,mStayGold(mitochondria),membrane|mitochondria,tdmChilada(membrane)|mStayGold(mitochondria),unmatched
/clusterfs/vast/abcabc/Aang_Foundation/20251107_mem-mito/fish6_24hpf_roi2,20251107-plate114-slot6-roi2,20251107,114,6,2,20251107_mem-mito,20251107_mem-mito,fish6,6,24,,400,20251107_mem-mito,,,pDQM082,315,MGCO-01,,tdmChilada,2xLynk,membrane,tdmChilada(membrane),mStayGold,2Xcox8A,mitochondria,mStayGold(mitochondria),membrane|mitochondria,tdmChilada(membrane)|mStayGold(mitochondria),unmatched
/clusterfs/vast/abcabc/Aang_Foundation/Denoising/20251028_peroxi/roi1_560_10ms,,,,,,Denoising,Denoising,fish1,1,,,2,Denoising,,,,,,,,,,,,,,,,,unmatched
/clusterfs/vast/abcabc/Aang_Foundation/Denoising/20251028_peroxi/roi1_560_76ms,,,,,,Denoising,Denoising,fish1,1,,,2,Denoising,,,,,,,,,,,,,,,,,unmatched
/clusterfs/vast/abcabc/Aang_Foundation/Denoising/20251029_mem-histone/fish1_roi1,,,,,,Denoising,Denoising,fish1,1,,,96,Denoising,,,,,,,,,,,,,,,,,unmatched
/clusterfs/vast/abcabc/Aang_Foundation/Denoising/20251029_mem-histone/fish3_roi1,,,,,,Denoising,Denoising,fish1,1,,,288,Denoising,,,,,,,,,,,,,,,,,unmatched
/clusterfs/vast/abcabc/Aang_Foundation/Denoising/20251029_mem-histone/fish4_roi1,,,,,,Denoising,Denoising,fish1,1,,,288,Denoising,,,,,,,,,,,,,,,,,unmatched
/clusterfs/vast/abcabc/Aang_Foundation/Denoising/20251029_mem-histone/fish5_roi1,,,,,,Denoising,Denoising,fish1,1,,,288,Denoising,,,,,,,,,,,,,,,,,unmatched
/clusterfs/vast/abcabc/Aang_Foundation/Denoising/20251029_mem-histone/fish5_roi2,,,,,,Denoising,Denoising,fish2,2,,,288,Denoising,,,,,,,,,,,,,,,,,unmatched
/clusterfs/vast/abcabc/Aang_Foundation/Denoising/20251029_mem-histone/fish5_roi3,,,,,,Denoising,Denoising,fish3,3,,,288,Denoising,,,,,,,,,,,,,,,,,unmatched
/clusterfs/vast/abcabc/Aang_Foundation/Denoising/20251029_peroxi/fish1_roi1,,,,,,Denoising,Denoising,fish1,1,,,144,Denoising,,,,,,,,,,,,,,,,,unmatched
/clusterfs/vast/abcabc/Aang_Foundation/Denoising/20251029_peroxi/fish3_roi1,,,,,,Denoising,Denoising,fish1,1,,,444,Denoising,,,,,,,,,,,,,,,,,unmatched
/clusterfs/vast/abcabc/Korra_Foundation/20250428_mem_histone/fish1_72hpf/roi1_tail,20250428-plate1-slot1-roi1,20250428,1,1,1,20250428_mem_histone,20250428_mem_histone,fish1,1,72,tail,3206,20250428_mem_histone,4/28/25,4/28/25,"pDQM005,pDQM133","302,324",pDQM117,,tdmSG|tdmScarlet3,2xLynk|H2B,membrane|histone,tdmSG(membrane)|tdmScarlet3(histone),mScarlet3S2,H2B,histone,mScarlet3S2(histone),membrane|histone,tdmSG(membrane)|tdmScarlet3(histone)|mScarlet3S2(histone),sheet
/clusterfs/vast/abcabc/Korra_Foundation/20250428_mem_histone/fish1_72hpf/roi2_hindbrain_spine,20250428-plate1-slot1-roi2,20250428,1,1,2,20250428_mem_histone,20250428_mem_histone,fish1,1,72,brain|hindbrain|spine,9760,20250428_mem_histone,4/28/25,4/28/25,"pDQM005,pDQM133","302,324",pDQM117,,tdmSG|tdmScarlet3,2xLynk|H2B,membrane|histone,tdmSG(membrane)|tdmScarlet3(histone),mScarlet3S2,H2B,histone,mScarlet3S2(histone),membrane|histone,tdmSG(membrane)|tdmScarlet3(histone)|mScarlet3S2(histone),sheet
/clusterfs/vast/abcabc/Korra_Foundation/20250429_mem_cytosol/fish1_24hpf/roi1,20250429-plate2-slot1-roi1,20250429,2,1,1,20250429_mem_cytosol,20250429_mem_cytosol,fish1,1,24,,6873,20250429_mem_cytosol,4/29/25,4/29/25,,,,pDQM140,,,,,mGold2s,,cytosol,mGold2s(cytosol),cytosol,mGold2s(cytosol),sheet
/clusterfs/vast/abcabc/Korra_Foundation/20250429_mem_cytosol/fish1_24hpf/roi1_test,20250429-plate2-slot1-roi2,20250429,2,1,2,20250429_mem_cytosol,20250429_mem_cytosol,fish1,1,24,,46,20250429_mem_cytosol,4/29/25,4/29/25,,,,pDQM140,,,,,mGold2s,,cytosol,mGold2s(cytosol),cytosol,mGold2s(cytosol),sheet
/clusterfs/vast/abcabc/Korra_Foundation/20250429_mem_cytosol/fish2_48hpf/roi1,20250429-plate2-slot2-roi1,20250429,2,2,1,20250429_mem_cytosol,20250429_mem_cytosol,fish2,2,48,,3180,20250429_mem_cytosol,4/29/25,4/29/25,,,,pDQM140,,,,,mGold2s,,cytosol,mGold2s(cytosol),cytosol,mGold2s(cytosol),sheet
/clusterfs/vast/abcabc/Korra_Foundation/20250429_mem_cytosol/fish3_mem-halo_24hpf/roi1,20250429-plate2-slot3-roi1,20250429,2,3,1,20250429_mem_cytosol,20250429_mem_cytosol,fish3,3,24,,18,20250429_mem_cytosol,4/29/25,4/29/25,,,,pDQM140,,,,,mGold2s,,cytosol,mGold2s(cytosol),cytosol,mGold2s(cytosol),sheet
/clusterfs/vast/abcabc/Korra_Foundation/20250429_mem_cytosol/fish3_mem-halo_24hpf/roi2,20250429-plate2-slot3-roi2,20250429,2,3,2,20250429_mem_cytosol,20250429_mem_cytosol,fish3,3,24,,5120,20250429_mem_cytosol,4/29/25,4/29/25,,,,pDQM140,,,,,mGold2s,,cytosol,mGold2s(cytosol),cytosol,mGold2s(cytosol),sheet
/clusterfs/vast/abcabc/Korra_Foundation/20250429_mem_cytosol/fish4_mem-halo_48hpf/roi1,20250429-plate2-slot4-roi1,20250429,2,4,1,20250429_mem_cytosol,20250429_mem_cytosol,fish4,4,48,,3328,20250429_mem_cytosol,4/29/25,4/29/25,,,,pDQM140,,,,,mGold2s,,cytosol,mGold2s(cytosol),cytosol,mGold2s(cytosol),sheet
/clusterfs/vast/abcabc/Korra_Foundation/20250429_mem_cytosol/fish4_mem-halo_48hpf/roi2,20250429-plate2-slot4-roi2,20250429,2,4,2,20250429_mem_cytosol,20250429_mem_cytosol,fish4,4,48,,4608,20250429_mem_cytosol,4/29/25,4/29/25,,,,pDQM140,,,,,mGold2s,,cytosol,mGold2s(cytosol),cytosol,mGold2s(cytosol),sheet
/clusterfs/vast/abcabc/Korra_Foundation/20250429_mem_cytosol/fish4_mem-halo_48hpf/roi3,20250429-plate2-slot4-roi3,20250429,2,4,3,20250429_mem_cytosol,20250429_mem_cytosol,fish4,4,48,,6056,20250429_mem_cytosol,4/29/25,4/29/25,,,,pDQM140,,,,,mGold2s,,cytosol,mGold2s(cytosol),cytosol,mGold2s(cytosol),sheet
/clusterfs/vast/abcabc/Korra_Foundation/20250513_skittles/fish1/roi1,20250513-plate3-slot1-roi1,20250513,3,1,1,20250513_skittles,20250513_skittles,fish1,1,,,42,20250513_skittles,5/13/25,5/13/25,pDQM034,309,,,mKate2|mCitrine|Electra2|mKOK|mTFP1,,cytosol,mKate2(cytosol)|mCitrine(cytosol)|Electra2(cytosol)|mKOK(cytosol)|mTFP1(cytosol),,,,,cytosol,mKate2(cytosol)|mCitrine(cytosol)|Electra2(cytosol)|mKOK(cytosol)|mTFP1(cytosol),sheet
/clusterfs/vast/abcabc/Korra_Foundation/20250513_skittles/fish1/roi2,20250513-plate3-slot1-roi2,20250513,3,1,2,20250513_skittles,20250513_skittles,fish1,1,,,38,20250513_skittles,5/13/25,5/13/25,pDQM034,309,,,mKate2|mCitrine|Electra2|mKOK|mTFP1,,cytosol,mKate2(cytosol)|mCitrine(cytosol)|Electra2(cytosol)|mKOK(cytosol)|mTFP1(cytosol),,,,,cytosol,mKate2(cytosol)|mCitrine(cytosol)|Electra2(cytosol)|mKOK(cytosol)|mTFP1(cytosol),sheet
/clusterfs/vast/abcabc/Korra_Foundation/20250513_skittles/fish1/roi2_2,20250513-plate3-slot1-roi3,20250513,3,1,3,20250513_skittles,20250513_skittles,fish1,1,,,18,20250513_skittles,5/13/25,5/13/25,pDQM034,309,,,mKate2|mCitrine|Electra2|mKOK|mTFP1,,cytosol,mKate2(cytosol)|mCitrine(cytosol)|Electra2(cytosol)|mKOK(cytosol)|mTFP1(cytosol),,,,,cytosol,mKate2(cytosol)|mCitrine(cytosol)|Electra2(cytosol)|mKOK(cytosol)|mTFP1(cytosol),sheet
/clusterfs/vast/abcabc/Korra_Foundation/20250513_skittles/fish10/roi1,20250513-plate3-slot2-roi1,20250513,3,2,1,20250513_skittles,20250513_skittles,fish10,10,,,240,20250513_skittles,5/13/25,5/13/25,pDQM034,309,,,mKate2|mCitrine|Electra2|mKOK|mTFP1,,cytosol,mKate2(cytosol)|mCitrine(cytosol)|Electra2(cytosol)|mKOK(cytosol)|mTFP1(cytosol),,,,,cytosol,mKate2(cytosol)|mCitrine(cytosol)|Electra2(cytosol)|mKOK(cytosol)|mTFP1(cytosol),sheet
/clusterfs/vast/abcabc/Korra_Foundation/20250513_skittles/fish11/roi1,20250513-plate3-slot3-roi1,20250513,3,3,1,20250513_skittles,20250513_skittles,fish11,11,,,240,20250513_skittles,5/13/25,5/13/25,pDQM034,309,,,mKate2|mCitrine|Electra2|mKOK|mTFP1,,cytosol,mKate2(cytosol)|mCitrine(cytosol)|Electra2(cytosol)|mKOK(cytosol)|mTFP1(cytosol),,,,,cytosol,mKate2(cytosol)|mCitrine(cytosol)|Electra2(cytosol)|mKOK(cytosol)|mTFP1(cytosol),sheet
/clusterfs/vast/abcabc/Korra_Foundation/20250513_skittles/fish11/roi1_test,20250513-plate3-slot3-roi2,20250513,3,3,2,20250513_skittles,20250513_skittles,fish11,11,,,4,20250513_skittles,5/13/25,5/13/25,pDQM034,309,,,mKate2|mCitrine|Electra2|mKOK|mTFP1,,cytosol,mKate2(cytosol)|mCitrine(cytosol)|Electra2(cytosol)|mKOK(cytosol)|mTFP1(cytosol),,,,,cytosol,mKate2(cytosol)|mCitrine(cytosol)|Electra2(cytosol)|mKOK(cytosol)|mTFP1(cytosol),sheet
/clusterfs/vast/abcabc/Korra_Foundation/20250513_skittles/fish12/roi1,20250513-plate3-slot4-roi1,20250513,3,4,1,20250513_skittles,20250513_skittles,fish12,12,,,18,20250513_skittles,5/13/25,5/13/25,pDQM034,309,,,mKate2|mCitrine|Electra2|mKOK|mTFP1,,cytosol,mKate2(cytosol)|mCitrine(cytosol)|Electra2(cytosol)|mKOK(cytosol)|mTFP1(cytosol),,,,,cytosol,mKate2(cytosol)|mCitrine(cytosol)|Electra2(cytosol)|mKOK(cytosol)|mTFP1(cytosol),sheet
/clusterfs/vast/abcabc/Korra_Foundation/20250513_skittles/fish12/roi2,20250513-plate3-slot4-roi2,20250513,3,4,2,20250513_skittles,20250513_skittles,fish12,12,,,18,20250513_skittles,5/13/25,5/13/25,pDQM034,309,,,mKate2|mCitrine|Electra2|mKOK|mTFP1,,cytosol,mKate2(cytosol)|mCitrine(cytosol)|Electra2(cytosol)|mKOK(cytosol)|mTFP1(cytosol),,,,,cytosol,mKate2(cytosol)|mCitrine(cytosol)|Electra2(cytosol)|mKOK(cytosol)|mTFP1(cytosol),sheet
/clusterfs/vast/abcabc/Korra_Foundation/20250513_skittles/fish12/roi3,20250513-plate3-slot4-roi3,20250513,3,4,3,20250513_skittles,20250513_skittles,fish12,12,,,18,20250513_skittles,5/13/25,5/13/25,pDQM034,309,,,mKate2|mCitrine|Electra2|mKOK|mTFP1,,cytosol,mKate2(cytosol)|mCitrine(cytosol)|Electra2(cytosol)|mKOK(cytosol)|mTFP1(cytosol),,,,,cytosol,mKate2(cytosol)|mCitrine(cytosol)|Electra2(cytosol)|mKOK(cytosol)|mTFP1(cytosol),sheet
/clusterfs/vast/abcabc/Korra_Foundation/20250513_skittles/fish13/roi1,20250513-plate3-slot5-roi1,20250513,3,5,1,20250513_skittles,20250513_skittles,fish13,13,,,18,20250513_skittles,5/13/25,5/13/25,pDQM034,309,,,mKate2|mCitrine|Electra2|mKOK|mTFP1,,cytosol,mKate2(cytosol)|mCitrine(cytosol)|Electra2(cytosol)|mKOK(cytosol)|mTFP1(cytosol),,,,,cytosol,mKate2(cytosol)|mCitrine(cytosol)|Electra2(cytosol)|mKOK(cytosol)|mTFP1(cytosol),sheet
/clusterfs/vast/abcabc/Korra_Foundation/20250513_skittles/fish13/roi2,20250513-plate3-slot5-roi2,20250513,3,5,2,20250513_skittles,20250513_skittles,fish13,13,,,18,20250513_skittles,5/13/25,5/13/25,pDQM034,309,,,mKate2|mCitrine|Electra2|mKOK|mTFP1,,cytosol,mKate2(cytosol)|mCitrine(cytosol)|Electra2(cytosol)|mKOK(cytosol)|mTFP1(cytosol),,,,,cytosol,mKate2(cytosol)|mCitrine(cytosol)|Electra2(cytosol)|mKOK(cytosol)|mTFP1(cytosol),sheet
/clusterfs/vast/abcabc/Korra_Foundation/20250513_skittles/fish13/roi3,20250513-plate3-slot5-roi3,20250513,3,5,3,20250513_skittles,20250513_skittles,fish13,13,,,18,20250513_skittles,5/13/25,5/13/25,pDQM034,309,,,mKate2|mCitrine|Electra2|mKOK|mTFP1,,cytosol,mKate2(cytosol)|mCitrine(cytosol)|Electra2(cytosol)|mKOK(cytosol)|mTFP1(cytosol),,,,,cytosol,mKate2(cytosol)|mCitrine(cytosol)|Electra2(cytosol)|mKOK(cytosol)|mTFP1(cytosol),sheet
/clusterfs/vast/abcabc/Korra_Foundation/20250513_skittles/fish13/roi4,20250513-plate3-slot5-roi4,20250513,3,5,4,20250513_skittles,20250513_skittles,fish13,13,,,18,20250513_skittles,5/13/25,5/13/25,pDQM034,309,,,mKate2|mCitrine|Electra2|mKOK|mTFP1,,cytosol,mKate2(cytosol)|mCitrine(cytosol)|Electra2(cytosol)|mKOK(cytosol)|mTFP1(cytosol),,,,,cytosol,mKate2(cytosol)|mCitrine(cytosol)|Electra2(cytosol)|mKOK(cytosol)|mTFP1(cytosol),sheet
/clusterfs/vast/abcabc/Korra_Foundation/20250513_skittles/fish14/roi1_brain,20250513-plate3-slot6-roi1,20250513,3,6,1,20250513_skittles,20250513_skittles,fish14,14,,brain,36,20250513_skittles,5/13/25,5/13/25,pDQM034,309,,,mKate2|mCitrine|Electra2|mKOK|mTFP1,,cytosol,mKate2(cytosol)|mCitrine(cytosol)|Electra2(cytosol)|mKOK(cytosol)|mTFP1(cytosol),,,,,cytosol,mKate2(cytosol)|mCitrine(cytosol)|Electra2(cytosol)|mKOK(cytosol)|mTFP1(cytosol),sheet
/clusterfs/vast/abcabc/Korra_Foundation/20250513_skittles/fish14/roi2_tailbud,20250513-plate3-slot6-roi2,20250513,3,6,2,20250513_skittles,20250513_skittles,fish14,14,,tail|tailbud,18,20250513_skittles,5/13/25,5/13/25,pDQM034,309,,,mKate2|mCitrine|Electra2|mKOK|mTFP1,,cytosol,mKate2(cytosol)|mCitrine(cytosol)|Electra2(cytosol)|mKOK(cytosol)|mTFP1(cytosol),,,,,cytosol,mKate2(cytosol)|mCitrine(cytosol)|Electra2(cytosol)|mKOK(cytosol)|mTFP1(cytosol),sheet
/clusterfs/vast/abcabc/Korra_Foundation/20250513_skittles/fish15/roi1,20250513-plate4-slot1-roi1,20250513,4,1,1,20250513_skittles,20250513_skittles,fish15,15,,,18,20250513_skittles,5/13/25,5/13/25,pDQM034,309,,,mKate2|mCitrine|Electra2|mKOK|mTFP1,,cytosol,mKate2(cytosol)|mCitrine(cytosol)|Electra2(cytosol)|mKOK(cytosol)|mTFP1(cytosol),,,,,cytosol,mKate2(cytosol)|mCitrine(cytosol)|Electra2(cytosol)|mKOK(cytosol)|mTFP1(cytosol),sheet
/clusterfs/vast/abcabc/Korra_Foundation/20250513_skittles/fish15/roi2,20250513-plate4-slot1-roi2,20250513,4,1,2,20250513_skittles,20250513_skittles,fish15,15,,,18,20250513_skittles,5/13/25,5/13/25,pDQM034,309,,,mKate2|mCitrine|Electra2|mKOK|mTFP1,,cytosol,mKate2(cytosol)|mCitrine(cytosol)|Electra2(cytosol)|mKOK(cytosol)|mTFP1(cytosol),,,,,cytosol,mKate2(cytosol)|mCitrine(cytosol)|Electra2(cytosol)|mKOK(cytosol)|mTFP1(cytosol),sheet
/clusterfs/vast/abcabc/Korra_Foundation/20250513_skittles/fish15/roi3,20250513-plate4-slot1-roi3,20250513,4,1,3,20250513_skittles,20250513_skittles,fish15,15,,,18,20250513_skittles,5/13/25,5/13/25,pDQM034,309,,,mKate2|mCitrine|Electra2|mKOK|mTFP1,,cytosol,mKate2(cytosol)|mCitrine(cytosol)|Electra2(cytosol)|mKOK(cytosol)|mTFP1(cytosol),,,,,cytosol,mKate2(cytosol)|mCitrine(cytosol)|Electra2(cytosol)|mKOK(cytosol)|mTFP1(cytosol),sheet
/clusterfs/vast/abcabc/Korra_Foundation/20250513_skittles/fish15/roi4,20250513-plate4-slot1-roi4,20250513,4,1,4,20250513_skittles,20250513_skittles,fish15,15,,,18,20250513_skittles,5/13/25,5/13/25,pDQM034,309,,,mKate2|mCitrine|Electra2|mKOK|mTFP1,,cytosol,mKate2(cytosol)|mCitrine(cytosol)|Electra2(cytosol)|mKOK(cytosol)|mTFP1(cytosol),,,,,cytosol,mKate2(cytosol)|mCitrine(cytosol)|Electra2(cytosol)|mKOK(cytosol)|mTFP1(cytosol),sheet
/clusterfs/vast/abcabc/Korra_Foundation/20250513_skittles/fish16/roi1_brain,20250513-plate4-slot2-roi1,20250513,4,2,1,20250513_skittles,20250513_skittles,fish16,16,,brain,18,20250513_skittles,5/13/25,5/13/25,pDQM034,309,,,mKate2|mCitrine|Electra2|mKOK|mTFP1,,cytosol,mKate2(cytosol)|mCitrine(cytosol)|Electra2(cytosol)|mKOK(cytosol)|mTFP1(cytosol),,,,,cytosol,mKate2(cytosol)|mCitrine(cytosol)|Electra2(cytosol)|mKOK(cytosol)|mTFP1(cytosol),sheet
/clusterfs/vast/abcabc/Korra_Foundation/20250513_skittles/fish2/roi1,20250513-plate4-slot3-roi1,20250513,4,3,1,20250513_skittles,20250513_skittles,fish2,2,,,17,20250513_skittles,5/13/25,5/13/25,pDQM034,309,,,mKate2|mCitrine|Electra2|mKOK|mTFP1,,cytosol,mKate2(cytosol)|mCitrine(cytosol)|Electra2(cytosol)|mKOK(cytosol)|mTFP1(cytosol),,,,,cytosol,mKate2(cytosol)|mCitrine(cytosol)|Electra2(cytosol)|mKOK(cytosol)|mTFP1(cytosol),sheet
/clusterfs/vast/abcabc/Korra_Foundation/20250513_skittles/fish2/roi2,20250513-plate4-slot3-roi2,20250513,4,3,2,20250513_skittles,20250513_skittles,fish2,2,,,10,20250513_skittles,5/13/25,5/13/25,pDQM034,309,,,mKate2|mCitrine|Electra2|mKOK|mTFP1,,cytosol,mKate2(cytosol)|mCitrine(cytosol)|Electra2(cytosol)|mKOK(cytosol)|mTFP1(cytosol),,,,,cytosol,mKate2(cytosol)|mCitrine(cytosol)|Electra2(cytosol)|mKOK(cytosol)|mTFP1(cytosol),sheet
/clusterfs/vast/abcabc/Korra_Foundation/20250513_skittles/fish3/roi1,20250513-plate4-slot4-roi1,20250513,4,4,1,20250513_skittles,20250513_skittles,fish3,3,,,72,20250513_skittles,5/13/25,5/13/25,pDQM034,309,,,mKate2|mCitrine|Electra2|mKOK|mTFP1,,cytosol,mKate2(cytosol)|mCitrine(cytosol)|Electra2(cytosol)|mKOK(cytosol)|mTFP1(cytosol),,,,,cytosol,mKate2(cytosol)|mCitrine(cytosol)|Electra2(cytosol)|mKOK(cytosol)|mTFP1(cytosol),sheet
/clusterfs/vast/abcabc/Korra_Foundation/20250513_skittles/fish3/roi2,20250513-plate4-slot4-roi2,20250513,4,4,2,20250513_skittles,20250513_skittles,fish3,3,,,36,20250513_skittles,5/13/25,5/13/25,pDQM034,309,,,mKate2|mCitrine|Electra2|mKOK|mTFP1,,cytosol,mKate2(cytosol)|mCitrine(cytosol)|Electra2(cytosol)|mKOK(cytosol)|mTFP1(cytosol),,,,,cytosol,mKate2(cytosol)|mCitrine(cytosol)|Electra2(cytosol)|mKOK(cytosol)|mTFP1(cytosol),sheet
/clusterfs/vast/abcabc/Korra_Foundation/20250513_skittles/fish3/roi3,20250513-plate4-slot4-roi3,20250513,4,4,3,20250513_skittles,20250513_skittles,fish3,3,,,36,20250513_skittles,5/13/25,5/13/25,pDQM034,309,,,mKate2|mCitrine|Electra2|mKOK|mTFP1,,cytosol,mKate2(cytosol)|mCitrine(cytosol)|Electra2(cytosol)|mKOK(cytosol)|mTFP1(cytosol),,,,,cytosol,mKate2(cytosol)|mCitrine(cytosol)|Electra2(cytosol)|mKOK(cytosol)|mTFP1(cytosol),sheet
/clusterfs/vast/abcabc/Korra_Foundation/20250513_skittles/fish3/roi4,20250513-plate4-slot4-roi4,20250513,4,4,4,20250513_skittles,20250513_skittles,fish3,3,,,36,20250513_skittles,5/13/25,5/13/25,pDQM034,309,,,mKate2|mCitrine|Electra2|mKOK|mTFP1,,cytosol,mKate2(cytosol)|mCitrine(cytosol)|Electra2(cytosol)|mKOK(cytosol)|mTFP1(cytosol),,,,,cytosol,mKate2(cytosol)|mCitrine(cytosol)|Electra2(cytosol)|mKOK(cytosol)|mTFP1(cytosol),sheet
/clusterfs/vast/abcabc/Korra_Foundation/20250513_skittles/fish4/roi1,20250513-plate4-slot5-roi1,20250513,4,5,1,20250513_skittles,20250513_skittles,fish4,4,,,38,20250513_skittles,5/13/25,5/13/25,pDQM034,309,,,mKate2|mCitrine|Electra2|mKOK|mTFP1,,cytosol,mKate2(cytosol)|mCitrine(cytosol)|Electra2(cytosol)|mKOK(cytosol)|mTFP1(cytosol),,,,,cytosol,mKate2(cytosol)|mCitrine(cytosol)|Electra2(cytosol)|mKOK(cytosol)|mTFP1(cytosol),sheet
/clusterfs/vast/abcabc/Korra_Foundation/20250513_skittles/fish4/roi2,20250513-plate4-slot5-roi2,20250513,4,5,2,20250513_skittles,20250513_skittles,fish4,4,,,72,20250513_skittles,5/13/25,5/13/25,pDQM034,309,,,mKate2|mCitrine|Electra2|mKOK|mTFP1,,cytosol,mKate2(cytosol)|mCitrine(cytosol)|Electra2(cytosol)|mKOK(cytosol)|mTFP1(cytosol),,,,,cytosol,mKate2(cytosol)|mCitrine(cytosol)|Electra2(cytosol)|mKOK(cytosol)|mTFP1(cytosol),sheet
/clusterfs/vast/abcabc/Korra_Foundation/20250513_skittles/fish4/roi3,20250513-plate4-slot5-roi3,20250513,4,5,3,20250513_skittles,20250513_skittles,fish4,4,,,36,20250513_skittles,5/13/25,5/13/25,pDQM034,309,,,mKate2|mCitrine|Electra2|mKOK|mTFP1,,cytosol,mKate2(cytosol)|mCitrine(cytosol)|Electra2(cytosol)|mKOK(cytosol)|mTFP1(cytosol),,,,,cytosol,mKate2(cytosol)|mCitrine(cytosol)|Electra2(cytosol)|mKOK(cytosol)|mTFP1(cytosol),sheet
/clusterfs/vast/abcabc/Korra_Foundation/20250513_skittles/fish5/roi1,20250513-plate4-slot6-roi1,20250513,4,6,1,20250513_skittles,20250513_skittles,fish5,5,,,186,20250513_skittles,5/13/25,5/13/25,pDQM034,309,,,mKate2|mCitrine|Electra2|mKOK|mTFP1,,cytosol,mKate2(cytosol)|mCitrine(cytosol)|Electra2(cytosol)|mKOK(cytosol)|mTFP1(cytosol),,,,,cytosol,mKate2(cytosol)|mCitrine(cytosol)|Electra2(cytosol)|mKOK(cytosol)|mTFP1(cytosol),sheet
/clusterfs/vast/abcabc/Korra_Foundation/20250513_skittles/fish5/roi2,20250513-plate4-slot6-roi2,20250513,4,6,2,20250513_skittles,20250513_skittles,fish5,5,,,36,20250513_skittles,5/13/25,5/13/25,pDQM034,309,,,mKate2|mCitrine|Electra2|mKOK|mTFP1,,cytosol,mKate2(cytosol)|mCitrine(cytosol)|Electra2(cytosol)|mKOK(cytosol)|mTFP1(cytosol),,,,,cytosol,mKate2(cytosol)|mCitrine(cytosol)|Electra2(cytosol)|mKOK(cytosol)|mTFP1(cytosol),sheet
/clusterfs/vast/abcabc/Korra_Foundation/20250513_skittles/fish5/roi3,20250513-plate4-slot6-roi3,20250513,4,6,3,20250513_skittles,20250513_skittles,fish5,5,,,36,20250513_skittles,5/13/25,5/13/25,pDQM034,309,,,mKate2|mCitrine|Electra2|mKOK|mTFP1,,cytosol,mKate2(cytosol)|mCitrine(cytosol)|Electra2(cytosol)|mKOK(cytosol)|mTFP1(cytosol),,,,,cytosol,mKate2(cytosol)|mCitrine(cytosol)|Electra2(cytosol)|mKOK(cytosol)|mTFP1(cytosol),sheet
/clusterfs/vast/abcabc/Korra_Foundation/20250513_skittles/fish5/roi4,20250513-plate4-slot6-roi4,20250513,4,6,4,20250513_skittles,20250513_skittles,fish5,5,,,36,20250513_skittles,5/13/25,5/13/25,pDQM034,309,,,mKate2|mCitrine|Electra2|mKOK|mTFP1,,cytosol,mKate2(cytosol)|mCitrine(cytosol)|Electra2(cytosol)|mKOK(cytosol)|mTFP1(cytosol),,,,,cytosol,mKate2(cytosol)|mCitrine(cytosol)|Electra2(cytosol)|mKOK(cytosol)|mTFP1(cytosol),sheet
/clusterfs/vast/abcabc/Korra_Foundation/20250513_skittles/fish5/roi5,20250513-plate4-slot6-roi5,20250513,4,6,5,20250513_skittles,20250513_skittles,fish5,5,,,36,20250513_skittles,5/13/25,5/13/25,pDQM034,309,,,mKate2|mCitrine|Electra2|mKOK|mTFP1,,cytosol,mKate2(cytosol)|mCitrine(cytosol)|Electra2(cytosol)|mKOK(cytosol)|mTFP1(cytosol),,,,,cytosol,mKate2(cytosol)|mCitrine(cytosol)|Electra2(cytosol)|mKOK(cytosol)|mTFP1(cytosol),sheet
/clusterfs/vast/abcabc/Korra_Foundation/20250513_skittles/fish5/roi6,20250513-plate4-slot6-roi6,20250513,4,6,6,20250513_skittles,20250513_skittles,fish5,5,,,36,20250513_skittles,5/13/25,5/13/25,pDQM034,309,,,mKate2|mCitrine|Electra2|mKOK|mTFP1,,cytosol,mKate2(cytosol)|mCitrine(cytosol)|Electra2(cytosol)|mKOK(cytosol)|mTFP1(cytosol),,,,,cytosol,mKate2(cytosol)|mCitrine(cytosol)|Electra2(cytosol)|mKOK(cytosol)|mTFP1(cytosol),sheet
/clusterfs/vast/abcabc/Korra_Foundation/20250513_skittles/fish5/roi7,20250513-plate4-slot6-roi7,20250513,4,6,7,20250513_skittles,20250513_skittles,fish5,5,,,36,20250513_skittles,5/13/25,5/13/25,pDQM034,309,,,mKate2|mCitrine|Electra2|mKOK|mTFP1,,cytosol,mKate2(cytosol)|mCitrine(cytosol)|Electra2(cytosol)|mKOK(cytosol)|mTFP1(cytosol),,,,,cytosol,mKate2(cytosol)|mCitrine(cytosol)|Electra2(cytosol)|mKOK(cytosol)|mTFP1(cytosol),sheet
/clusterfs/vast/abcabc/Korra_Foundation/20250513_skittles/fish6/roi1,20250513-plate5-slot1-roi1,20250513,5,1,1,20250513_skittles,20250513_skittles,fish6,6,,,36,20250513_skittles,5/13/25,5/13/25,pDQM034,309,,,mKate2|mCitrine|Electra2|mKOK|mTFP1,,cytosol,mKate2(cytosol)|mCitrine(cytosol)|Electra2(cytosol)|mKOK(cytosol)|mTFP1(cytosol),,,,,cytosol,mKate2(cytosol)|mCitrine(cytosol)|Electra2(cytosol)|mKOK(cytosol)|mTFP1(cytosol),sheet
/clusterfs/vast/abcabc/Korra_Foundation/20250513_skittles/fish6/roi2,20250513-plate5-slot1-roi2,20250513,5,1,2,20250513_skittles,20250513_skittles,fish6,6,,,36,20250513_skittles,5/13/25,5/13/25,pDQM034,309,,,mKate2|mCitrine|Electra2|mKOK|mTFP1,,cytosol,mKate2(cytosol)|mCitrine(cytosol)|Electra2(cytosol)|mKOK(cytosol)|mTFP1(cytosol),,,,,cytosol,mKate2(cytosol)|mCitrine(cytosol)|Electra2(cytosol)|mKOK(cytosol)|mTFP1(cytosol),sheet
/clusterfs/vast/abcabc/Korra_Foundation/20250513_skittles/fish6/roi3,20250513-plate5-slot1-roi3,20250513,5,1,3,20250513_skittles,20250513_skittles,fish6,6,,,36,20250513_skittles,5/13/25,5/13/25,pDQM034,309,,,mKate2|mCitrine|Electra2|mKOK|mTFP1,,cytosol,mKate2(cytosol)|mCitrine(cytosol)|Electra2(cytosol)|mKOK(cytosol)|mTFP1(cytosol),,,,,cytosol,mKate2(cytosol)|mCitrine(cytosol)|Electra2(cytosol)|mKOK(cytosol)|mTFP1(cytosol),sheet
/clusterfs/vast/abcabc/Korra_Foundation/20250513_skittles/fish6/roi4,20250513-plate5-slot1-roi4,20250513,5,1,4,20250513_skittles,20250513_skittles,fish6,6,,,36,20250513_skittles,5/13/25,5/13/25,pDQM034,309,,,mKate2|mCitrine|Electra2|mKOK|mTFP1,,cytosol,mKate2(cytosol)|mCitrine(cytosol)|Electra2(cytosol)|mKOK(cytosol)|mTFP1(cytosol),,,,,cytosol,mKate2(cytosol)|mCitrine(cytosol)|Electra2(cytosol)|mKOK(cytosol)|mTFP1(cytosol),sheet
/clusterfs/vast/abcabc/Korra_Foundation/20250513_skittles/fish7/roi1_ear_brain,20250513-plate5-slot2-roi1,20250513,5,2,1,20250513_skittles,20250513_skittles,fish7,7,,ear|brain,72,20250513_skittles,5/13/25,5/13/25,pDQM034,309,,,mKate2|mCitrine|Electra2|mKOK|mTFP1,,cytosol,mKate2(cytosol)|mCitrine(cytosol)|Electra2(cytosol)|mKOK(cytosol)|mTFP1(cytosol),,,,,cytosol,mKate2(cytosol)|mCitrine(cytosol)|Electra2(cytosol)|mKOK(cytosol)|mTFP1(cytosol),sheet
/clusterfs/vast/abcabc/Korra_Foundation/20250513_skittles/fish7/roi2_brain,20250513-plate5-slot2-roi2,20250513,5,2,2,20250513_skittles,20250513_skittles,fish7,7,,brain,36,20250513_skittles,5/13/25,5/13/25,pDQM034,309,,,mKate2|mCitrine|Electra2|mKOK|mTFP1,,cytosol,mKate2(cytosol)|mCitrine(cytosol)|Electra2(cytosol)|mKOK(cytosol)|mTFP1(cytosol),,,,,cytosol,mKate2(cytosol)|mCitrine(cytosol)|Electra2(cytosol)|mKOK(cytosol)|mTFP1(cytosol),sheet
/clusterfs/vast/abcabc/Korra_Foundation/20250513_skittles/fish8/roi1,20250513-plate5-slot3-roi1,20250513,5,3,1,20250513_skittles,20250513_skittles,fish8,8,,,48,20250513_skittles,5/13/25,5/13/25,pDQM034,309,,,mKate2|mCitrine|Electra2|mKOK|mTFP1,,cytosol,mKate2(cytosol)|mCitrine(cytosol)|Electra2(cytosol)|mKOK(cytosol)|mTFP1(cytosol),,,,,cytosol,mKate2(cytosol)|mCitrine(cytosol)|Electra2(cytosol)|mKOK(cytosol)|mTFP1(cytosol),sheet
/clusterfs/vast/abcabc/Korra_Foundation/20250513_skittles/fish9/roi1,20250513-plate5-slot4-roi1,20250513,5,4,1,20250513_skittles,20250513_skittles,fish9,9,,,180,20250513_skittles,5/13/25,5/13/25,pDQM034,309,,,mKate2|mCitrine|Electra2|mKOK|mTFP1,,cytosol,mKate2(cytosol)|mCitrine(cytosol)|Electra2(cytosol)|mKOK(cytosol)|mTFP1(cytosol),,,,,cytosol,mKate2(cytosol)|mCitrine(cytosol)|Electra2(cytosol)|mKOK(cytosol)|mTFP1(cytosol),sheet
/clusterfs/vast/abcabc/Korra_Foundation/20250520_mem_histone/fish2/roi1,20250520-plate6-slot1-roi1,20250520,6,1,1,20250520_mem_histone,20250520_mem_histone,fish2,2,,,2048,20250520_mem_histone,5/20/25,5/20/25,"pDQM005,pDQM133","302,324",pDQM117,,tdmSG|tdmScarlet3,2xLynk|H2B,membrane|histone,tdmSG(membrane)|tdmScarlet3(histone),mScarlet3S2,H2B,histone,mScarlet3S2(histone),membrane|histone,tdmSG(membrane)|tdmScarlet3(histone)|mScarlet3S2(histone),sheet
/clusterfs/vast/abcabc/Korra_Foundation/20250520_mem_histone/fish4/roi1_tailbud,20250520-plate6-slot2-roi3,20250520,6,2,3,20250520_mem_histone,20250520_mem_histone,fish4,4,,tail|tailbud,266,20250520_mem_histone,5/20/25,5/20/25,"pDQM005,pDQM133","302,324",pDQM117,,tdmSG|tdmScarlet3,2xLynk|H2B,membrane|histone,tdmSG(membrane)|tdmScarlet3(histone),mScarlet3S2,H2B,histone,mScarlet3S2(histone),membrane|histone,tdmSG(membrane)|tdmScarlet3(histone)|mScarlet3S2(histone),sheet
/clusterfs/vast/abcabc/Korra_Foundation/20250520_mem_histone/fish4/roi1_tailbud_2,20250520-plate6-slot2-roi4,20250520,6,2,4,20250520_mem_histone,20250520_mem_histone,fish4,4,,tail|tailbud,1026,20250520_mem_histone,5/20/25,5/20/25,"pDQM005,pDQM133","302,324",pDQM117,,tdmSG|tdmScarlet3,2xLynk|H2B,membrane|histone,tdmSG(membrane)|tdmScarlet3(histone),mScarlet3S2,H2B,histone,mScarlet3S2(histone),membrane|histone,tdmSG(membrane)|tdmScarlet3(histone)|mScarlet3S2(histone),sheet
/clusterfs/vast/abcabc/Korra_Foundation/20250520_mem_histone/fish5/roi1_tailbud,20250520-plate6-slot3-roi1,20250520,6,3,1,20250520_mem_histone,20250520_mem_histone,fish5,5,,tail|tailbud,3040,20250520_mem_histone,5/20/25,5/20/25,"pDQM005,pDQM133","302,324",pDQM117,,tdmSG|tdmScarlet3,2xLynk|H2B,membrane|histone,tdmSG(membrane)|tdmScarlet3(histone),mScarlet3S2,H2B,histone,mScarlet3S2(histone),membrane|histone,tdmSG(membrane)|tdmScarlet3(histone)|mScarlet3S2(histone),sheet
/clusterfs/vast/abcabc/Korra_Foundation/20250521_skittles_no-membrane/fish2/roi1,20250521-plate7-slot1-roi1,20250521,7,1,1,20250521_skittles_no-membrane,20250521_skittles_no-membrane,fish2,2,,,60,20250521_skittles_no-membrane,5/21/25,5/21/25,pDQM034,309,,,mKate2|mCitrine|Electra2|mKOK|mTFP1,,cytosol,mKate2(cytosol)|mCitrine(cytosol)|Electra2(cytosol)|mKOK(cytosol)|mTFP1(cytosol),,,,,cytosol,mKate2(cytosol)|mCitrine(cytosol)|Electra2(cytosol)|mKOK(cytosol)|mTFP1(cytosol),sheet
/clusterfs/vast/abcabc/Korra_Foundation/20250521_skittles_no-membrane/fish2/roi2,20250521-plate7-slot1-roi2,20250521,7,1,2,20250521_skittles_no-membrane,20250521_skittles_no-membrane,fish2,2,,,20,20250521_skittles_no-membrane,5/21/25,5/21/25,pDQM034,309,,,mKate2|mCitrine|Electra2|mKOK|mTFP1,,cytosol,mKate2(cytosol)|mCitrine(cytosol)|Electra2(cytosol)|mKOK(cytosol)|mTFP1(cytosol),,,,,cytosol,mKate2(cytosol)|mCitrine(cytosol)|Electra2(cytosol)|mKOK(cytosol)|mTFP1(cytosol),sheet
/clusterfs/vast/abcabc/Korra_Foundation/20250521_skittles_no-membrane/fish3/roi1,20250521-plate7-slot2-roi1,20250521,7,2,1,20250521_skittles_no-membrane,20250521_skittles_no-membrane,fish3,3,,,25,20250521_skittles_no-membrane,5/21/25,5/21/25,pDQM034,309,,,mKate2|mCitrine|Electra2|mKOK|mTFP1,,cytosol,mKate2(cytosol)|mCitrine(cytosol)|Electra2(cytosol)|mKOK(cytosol)|mTFP1(cytosol),,,,,cytosol,mKate2(cytosol)|mCitrine(cytosol)|Electra2(cytosol)|mKOK(cytosol)|mTFP1(cytosol),sheet
/clusterfs/vast/abcabc/Korra_Foundation/20250521_skittles_no-membrane/fish4/roi1,20250521-plate7-slot3-roi1,20250521,7,3,1,20250521_skittles_no-membrane,20250521_skittles_no-membrane,fish4,4,,,30,20250521_skittles_no-membrane,5/21/25,5/21/25,pDQM034,309,,,mKate2|mCitrine|Electra2|mKOK|mTFP1,,cytosol,mKate2(cytosol)|mCitrine(cytosol)|Electra2(cytosol)|mKOK(cytosol)|mTFP1(cytosol),,,,,cytosol,mKate2(cytosol)|mCitrine(cytosol)|Electra2(cytosol)|mKOK(cytosol)|mTFP1(cytosol),sheet
/clusterfs/vast/abcabc/Korra_Foundation/20250521_skittles_no-membrane/fish4/roi2,20250521-plate7-slot3-roi2,20250521,7,3,2,20250521_skittles_no-membrane,20250521_skittles_no-membrane,fish4,4,,,30,20250521_skittles_no-membrane,5/21/25,5/21/25,pDQM034,309,,,mKate2|mCitrine|Electra2|mKOK|mTFP1,,cytosol,mKate2(cytosol)|mCitrine(cytosol)|Electra2(cytosol)|mKOK(cytosol)|mTFP1(cytosol),,,,,cytosol,mKate2(cytosol)|mCitrine(cytosol)|Electra2(cytosol)|mKOK(cytosol)|mTFP1(cytosol),sheet
/clusterfs/vast/abcabc/Korra_Foundation/20250522_skittlez/fish1/roi1,20250522-plate8-slot1-roi1,20250522,8,1,1,20250522_skittlez,20250522_skittlez,fish1,1,,,72,20250522_skittlez,5/22/25,5/22/25,pDQM034,309,,,mKate2|mCitrine|Electra2|mKOK|mTFP1,,cytosol,mKate2(cytosol)|mCitrine(cytosol)|Electra2(cytosol)|mKOK(cytosol)|mTFP1(cytosol),,,,,cytosol,mKate2(cytosol)|mCitrine(cytosol)|Electra2(cytosol)|mKOK(cytosol)|mTFP1(cytosol),sheet
/clusterfs/vast/abcabc/Korra_Foundation/20250522_skittlez/fish1/roi2,20250522-plate8-slot1-roi2,20250522,8,1,2,20250522_skittlez,20250522_skittlez,fish1,1,,,72,20250522_skittlez,5/22/25,5/22/25,pDQM034,309,,,mKate2|mCitrine|Electra2|mKOK|mTFP1,,cytosol,mKate2(cytosol)|mCitrine(cytosol)|Electra2(cytosol)|mKOK(cytosol)|mTFP1(cytosol),,,,,cytosol,mKate2(cytosol)|mCitrine(cytosol)|Electra2(cytosol)|mKOK(cytosol)|mTFP1(cytosol),sheet
/clusterfs/vast/abcabc/Korra_Foundation/20250522_skittlez/fish2/roi1,20250522-plate8-slot2-roi1,20250522,8,2,1,20250522_skittlez,20250522_skittlez,fish2,2,,,72,20250522_skittlez,5/22/25,5/22/25,pDQM034,309,,,mKate2|mCitrine|Electra2|mKOK|mTFP1,,cytosol,mKate2(cytosol)|mCitrine(cytosol)|Electra2(cytosol)|mKOK(cytosol)|mTFP1(cytosol),,,,,cytosol,mKate2(cytosol)|mCitrine(cytosol)|Electra2(cytosol)|mKOK(cytosol)|mTFP1(cytosol),sheet
/clusterfs/vast/abcabc/Korra_Foundation/20250522_skittlez/fish2/roi2,20250522-plate8-slot2-roi2,20250522,8,2,2,20250522_skittlez,20250522_skittlez,fish2,2,,,72,20250522_skittlez,5/22/25,5/22/25,pDQM034,309,,,mKate2|mCitrine|Electra2|mKOK|mTFP1,,cytosol,mKate2(cytosol)|mCitrine(cytosol)|Electra2(cytosol)|mKOK(cytosol)|mTFP1(cytosol),,,,,cytosol,mKate2(cytosol)|mCitrine(cytosol)|Electra2(cytosol)|mKOK(cytosol)|mTFP1(cytosol),sheet
/clusterfs/vast/abcabc/Korra_Foundation/20250522_skittlez/fish3/roi1,20250522-plate8-slot3-roi1,20250522,8,3,1,20250522_skittlez,20250522_skittlez,fish3,3,,,72,20250522_skittlez,5/22/25,5/22/25,pDQM034,309,,,mKate2|mCitrine|Electra2|mKOK|mTFP1,,cytosol,mKate2(cytosol)|mCitrine(cytosol)|Electra2(cytosol)|mKOK(cytosol)|mTFP1(cytosol),,,,,cytosol,mKate2(cytosol)|mCitrine(cytosol)|Electra2(cytosol)|mKOK(cytosol)|mTFP1(cytosol),sheet
/clusterfs/vast/abcabc/Korra_Foundation/20250522_skittlez/fish3/roi2,20250522-plate8-slot3-roi2,20250522,8,3,2,20250522_skittlez,20250522_skittlez,fish3,3,,,72,20250522_skittlez,5/22/25,5/22/25,pDQM034,309,,,mKate2|mCitrine|Electra2|mKOK|mTFP1,,cytosol,mKate2(cytosol)|mCitrine(cytosol)|Electra2(cytosol)|mKOK(cytosol)|mTFP1(cytosol),,,,,cytosol,mKate2(cytosol)|mCitrine(cytosol)|Electra2(cytosol)|mKOK(cytosol)|mTFP1(cytosol),sheet
/clusterfs/vast/abcabc/Korra_Foundation/20250522_skittlez/fish3/roi3,20250522-plate8-slot3-roi3,20250522,8,3,3,20250522_skittlez,20250522_skittlez,fish3,3,,,72,20250522_skittlez,5/22/25,5/22/25,pDQM034,309,,,mKate2|mCitrine|Electra2|mKOK|mTFP1,,cytosol,mKate2(cytosol)|mCitrine(cytosol)|Electra2(cytosol)|mKOK(cytosol)|mTFP1(cytosol),,,,,cytosol,mKate2(cytosol)|mCitrine(cytosol)|Electra2(cytosol)|mKOK(cytosol)|mTFP1(cytosol),sheet
/clusterfs/vast/abcabc/Korra_Foundation/20250522_skittlez/fish4/roi1,20250522-plate8-slot4-roi1,20250522,8,4,1,20250522_skittlez,20250522_skittlez,fish4,4,,,36,20250522_skittlez,5/22/25,5/22/25,pDQM034,309,,,mKate2|mCitrine|Electra2|mKOK|mTFP1,,cytosol,mKate2(cytosol)|mCitrine(cytosol)|Electra2(cytosol)|mKOK(cytosol)|mTFP1(cytosol),,,,,cytosol,mKate2(cytosol)|mCitrine(cytosol)|Electra2(cytosol)|mKOK(cytosol)|mTFP1(cytosol),sheet
/clusterfs/vast/abcabc/Korra_Foundation/20250522_skittlez/fish4/roi2,20250522-plate8-slot4-roi2,20250522,8,4,2,20250522_skittlez,20250522_skittlez,fish4,4,,,36,20250522_skittlez,5/22/25,5/22/25,pDQM034,309,,,mKate2|mCitrine|Electra2|mKOK|mTFP1,,cytosol,mKate2(cytosol)|mCitrine(cytosol)|Electra2(cytosol)|mKOK(cytosol)|mTFP1(cytosol),,,,,cytosol,mKate2(cytosol)|mCitrine(cytosol)|Electra2(cytosol)|mKOK(cytosol)|mTFP1(cytosol),sheet
/clusterfs/vast/abcabc/Korra_Foundation/20250522_skittlez/fish5/roi1,20250522-plate8-slot5-roi1,20250522,8,5,1,20250522_skittlez,20250522_skittlez,fish5,5,,,90,20250522_skittlez,5/22/25,5/22/25,pDQM034,309,,,mKate2|mCitrine|Electra2|mKOK|mTFP1,,cytosol,mKate2(cytosol)|mCitrine(cytosol)|Electra2(cytosol)|mKOK(cytosol)|mTFP1(cytosol),,,,,cytosol,mKate2(cytosol)|mCitrine(cytosol)|Electra2(cytosol)|mKOK(cytosol)|mTFP1(cytosol),sheet
/clusterfs/vast/abcabc/Korra_Foundation/20250522_skittlez/fish6/roi1,20250522-plate8-slot6-roi1,20250522,8,6,1,20250522_skittlez,20250522_skittlez,fish6,6,,,90,20250522_skittlez,5/22/25,5/22/25,pDQM034,309,,,mKate2|mCitrine|Electra2|mKOK|mTFP1,,cytosol,mKate2(cytosol)|mCitrine(cytosol)|Electra2(cytosol)|mKOK(cytosol)|mTFP1(cytosol),,,,,cytosol,mKate2(cytosol)|mCitrine(cytosol)|Electra2(cytosol)|mKOK(cytosol)|mTFP1(cytosol),sheet
/clusterfs/vast/abcabc/Korra_Foundation/20250522_skittlez/fish6/roi2,20250522-plate8-slot6-roi2,20250522,8,6,2,20250522_skittlez,20250522_skittlez,fish6,6,,,90,20250522_skittlez,5/22/25,5/22/25,pDQM034,309,,,mKate2|mCitrine|Electra2|mKOK|mTFP1,,cytosol,mKate2(cytosol)|mCitrine(cytosol)|Electra2(cytosol)|mKOK(cytosol)|mTFP1(cytosol),,,,,cytosol,mKate2(cytosol)|mCitrine(cytosol)|Electra2(cytosol)|mKOK(cytosol)|mTFP1(cytosol),sheet
/clusterfs/vast/abcabc/Korra_Foundation/20250522_skittlez/fish7/roi1,20250522-plate9-slot1-roi1,20250522,9,1,1,20250522_skittlez,20250522_skittlez,fish7,7,,,90,20250522_skittlez,5/22/25,5/22/25,pDQM034,309,,,mKate2|mCitrine|Electra2|mKOK|mTFP1,,cytosol,mKate2(cytosol)|mCitrine(cytosol)|Electra2(cytosol)|mKOK(cytosol)|mTFP1(cytosol),,,,,cytosol,mKate2(cytosol)|mCitrine(cytosol)|Electra2(cytosol)|mKOK(cytosol)|mTFP1(cytosol),sheet
/clusterfs/vast/abcabc/Korra_Foundation/20250522_skittlez/fish7/roi2,20250522-plate9-slot1-roi2,20250522,9,1,2,20250522_skittlez,20250522_skittlez,fish7,7,,,90,20250522_skittlez,5/22/25,5/22/25,pDQM034,309,,,mKate2|mCitrine|Electra2|mKOK|mTFP1,,cytosol,mKate2(cytosol)|mCitrine(cytosol)|Electra2(cytosol)|mKOK(cytosol)|mTFP1(cytosol),,,,,cytosol,mKate2(cytosol)|mCitrine(cytosol)|Electra2(cytosol)|mKOK(cytosol)|mTFP1(cytosol),sheet
/clusterfs/vast/abcabc/Korra_Foundation/20250522_skittlez/fish7/roi3,20250522-plate9-slot1-roi3,20250522,9,1,3,20250522_skittlez,20250522_skittlez,fish7,7,,,90,20250522_skittlez,5/22/25,5/22/25,pDQM034,309,,,mKate2|mCitrine|Electra2|mKOK|mTFP1,,cytosol,mKate2(cytosol)|mCitrine(cytosol)|Electra2(cytosol)|mKOK(cytosol)|mTFP1(cytosol),,,,,cytosol,mKate2(cytosol)|mCitrine(cytosol)|Electra2(cytosol)|mKOK(cytosol)|mTFP1(cytosol),sheet
/clusterfs/vast/abcabc/Korra_Foundation/20250522_skittlez/fish8/roi1,20250522-plate9-slot2-roi1,20250522,9,2,1,20250522_skittlez,20250522_skittlez,fish8,8,,,90,20250522_skittlez,5/22/25,5/22/25,pDQM034,309,,,mKate2|mCitrine|Electra2|mKOK|mTFP1,,cytosol,mKate2(cytosol)|mCitrine(cytosol)|Electra2(cytosol)|mKOK(cytosol)|mTFP1(cytosol),,,,,cytosol,mKate2(cytosol)|mCitrine(cytosol)|Electra2(cytosol)|mKOK(cytosol)|mTFP1(cytosol),sheet
/clusterfs/vast/abcabc/Korra_Foundation/20250522_skittlez/fish8/roi2,20250522-plate9-slot2-roi2,20250522,9,2,2,20250522_skittlez,20250522_skittlez,fish8,8,,,90,20250522_skittlez,5/22/25,5/22/25,pDQM034,309,,,mKate2|mCitrine|Electra2|mKOK|mTFP1,,cytosol,mKate2(cytosol)|mCitrine(cytosol)|Electra2(cytosol)|mKOK(cytosol)|mTFP1(cytosol),,,,,cytosol,mKate2(cytosol)|mCitrine(cytosol)|Electra2(cytosol)|mKOK(cytosol)|mTFP1(cytosol),sheet
/clusterfs/vast/abcabc/Korra_Foundation/20250522_skittlez/fish8/roi3,20250522-plate9-slot2-roi3,20250522,9,2,3,20250522_skittlez,20250522_skittlez,fish8,8,,,90,20250522_skittlez,5/22/25,5/22/25,pDQM034,309,,,mKate2|mCitrine|Electra2|mKOK|mTFP1,,cytosol,mKate2(cytosol)|mCitrine(cytosol)|Electra2(cytosol)|mKOK(cytosol)|mTFP1(cytosol),,,,,cytosol,mKate2(cytosol)|mCitrine(cytosol)|Electra2(cytosol)|mKOK(cytosol)|mTFP1(cytosol),sheet
/clusterfs/vast/abcabc/Korra_Foundation/20250522_skittlez/fish9/roi1,20250522-plate9-slot3-roi1,20250522,9,3,1,20250522_skittlez,20250522_skittlez,fish9,9,,,120,20250522_skittlez,5/22/25,5/22/25,pDQM034,309,,,mKate2|mCitrine|Electra2|mKOK|mTFP1,,cytosol,mKate2(cytosol)|mCitrine(cytosol)|Electra2(cytosol)|mKOK(cytosol)|mTFP1(cytosol),,,,,cytosol,mKate2(cytosol)|mCitrine(cytosol)|Electra2(cytosol)|mKOK(cytosol)|mTFP1(cytosol),sheet
/clusterfs/vast/abcabc/Korra_Foundation/20250523_mem_histone/fish1/roi1,20250523-plate10-slot1-roi1,20250523,10,1,1,20250523_mem_histone,20250523_mem_histone,fish1,1,,,4000,20250523_mem_histone,5/23/25,5/23/25,"pDQM005,pDQM133","302,324",pDQM117,,tdmSG|tdmScarlet3,2xLynk|H2B,membrane|histone,tdmSG(membrane)|tdmScarlet3(histone),mScarlet3S2,H2B,histone,mScarlet3S2(histone),membrane|histone,tdmSG(membrane)|tdmScarlet3(histone)|mScarlet3S2(histone),sheet
/clusterfs/vast/abcabc/Korra_Foundation/20250523_mem_histone/fish2/roi1,20250523-plate10-slot2-roi1,20250523,10,2,1,20250523_mem_histone,20250523_mem_histone,fish2,2,,,8600,20250523_mem_histone,5/23/25,5/23/25,"pDQM005,pDQM133","302,324",pDQM117,,tdmSG|tdmScarlet3,2xLynk|H2B,membrane|histone,tdmSG(membrane)|tdmScarlet3(histone),mScarlet3S2,H2B,histone,mScarlet3S2(histone),membrane|histone,tdmSG(membrane)|tdmScarlet3(histone)|mScarlet3S2(histone),sheet
/clusterfs/vast/abcabc/Korra_Foundation/20250523_mem_histone/fish3/roi1,20250523-plate10-slot3-roi1,20250523,10,3,1,20250523_mem_histone,20250523_mem_histone,fish3,3,,,4000,20250523_mem_histone,5/23/25,5/23/25,"pDQM005,pDQM133","302,324",pDQM117,,tdmSG|tdmScarlet3,2xLynk|H2B,membrane|histone,tdmSG(membrane)|tdmScarlet3(histone),mScarlet3S2,H2B,histone,mScarlet3S2(histone),membrane|histone,tdmSG(membrane)|tdmScarlet3(histone)|mScarlet3S2(histone),sheet
/clusterfs/vast/abcabc/Korra_Foundation/20250523_mem_histone/fish4/roi1,20250523-plate10-slot4-roi1,20250523,10,4,1,20250523_mem_histone,20250523_mem_histone,fish4,4,,,4000,20250523_mem_histone,5/23/25,5/23/25,"pDQM005,pDQM133","302,324",pDQM117,,tdmSG|tdmScarlet3,2xLynk|H2B,membrane|histone,tdmSG(membrane)|tdmScarlet3(histone),mScarlet3S2,H2B,histone,mScarlet3S2(histone),membrane|histone,tdmSG(membrane)|tdmScarlet3(histone)|mScarlet3S2(histone),sheet
/clusterfs/vast/abcabc/Korra_Foundation/20250523_mem_histone/fish5/roi1,20250523-plate10-slot5-roi1,20250523,10,5,1,20250523_mem_histone,20250523_mem_histone,fish5,5,,,7900,20250523_mem_histone,5/23/25,5/23/25,"pDQM005,pDQM133","302,324",pDQM117,,tdmSG|tdmScarlet3,2xLynk|H2B,membrane|histone,tdmSG(membrane)|tdmScarlet3(histone),mScarlet3S2,H2B,histone,mScarlet3S2(histone),membrane|histone,tdmSG(membrane)|tdmScarlet3(histone)|mScarlet3S2(histone),sheet
/clusterfs/vast/abcabc/Korra_Foundation/20250528_mem-histone/fish1/roi1_spine,20250528-plate11-slot1-roi1,20250528,11,1,1,20250528_mem-histone,20250528_mem-histone,fish1,1,,spine,3192,20250528_mem-histone,5/28/25,5/28/25,"pDQM005,pDQM133","302,324",pDQM117,,tdmSG|tdmScarlet3,2xLynk|H2B,membrane|histone,tdmSG(membrane)|tdmScarlet3(histone),mScarlet3S2,H2B,histone,mScarlet3S2(histone),membrane|histone,tdmSG(membrane)|tdmScarlet3(histone)|mScarlet3S2(histone),sheet
/clusterfs/vast/abcabc/Korra_Foundation/20250528_mem-histone/fish2/roi1_brain,20250528-plate11-slot2-roi2,20250528,11,2,2,20250528_mem-histone,20250528_mem-histone,fish2,2,,brain,1300,20250528_mem-histone,5/28/25,5/28/25,"pDQM005,pDQM133","302,324",pDQM117,,tdmSG|tdmScarlet3,2xLynk|H2B,membrane|histone,tdmSG(membrane)|tdmScarlet3(histone),mScarlet3S2,H2B,histone,mScarlet3S2(histone),membrane|histone,tdmSG(membrane)|tdmScarlet3(histone)|mScarlet3S2(histone),sheet
/clusterfs/vast/abcabc/Korra_Foundation/20250528_mem-histone/fish3/roi2_spine,20250528-plate11-slot3-roi1,20250528,11,3,1,20250528_mem-histone,20250528_mem-histone,fish3,3,,spine,5642,20250528_mem-histone,5/28/25,5/28/25,"pDQM005,pDQM133","302,324",pDQM117,,tdmSG|tdmScarlet3,2xLynk|H2B,membrane|histone,tdmSG(membrane)|tdmScarlet3(histone),mScarlet3S2,H2B,histone,mScarlet3S2(histone),membrane|histone,tdmSG(membrane)|tdmScarlet3(histone)|mScarlet3S2(histone),sheet
/clusterfs/vast/abcabc/Korra_Foundation/20250528_skittlez/fish1/roi1,20250528-plate12-slot1-roi1,20250528,12,1,1,20250528_skittlez,20250528_skittlez,fish1,1,,,24,20250528_skittlez,5/28/25,5/28/25,pDQM034,309,,,mKate2|mCitrine|Electra2|mKOK|mTFP1,,cytosol,mKate2(cytosol)|mCitrine(cytosol)|Electra2(cytosol)|mKOK(cytosol)|mTFP1(cytosol),,,,,cytosol,mKate2(cytosol)|mCitrine(cytosol)|Electra2(cytosol)|mKOK(cytosol)|mTFP1(cytosol),sheet
/clusterfs/vast/abcabc/Korra_Foundation/20250528_skittlez/fish1/roi2,20250528-plate12-slot1-roi2,20250528,12,1,2,20250528_skittlez,20250528_skittlez,fish1,1,,,24,20250528_skittlez,5/28/25,5/28/25,pDQM034,309,,,mKate2|mCitrine|Electra2|mKOK|mTFP1,,cytosol,mKate2(cytosol)|mCitrine(cytosol)|Electra2(cytosol)|mKOK(cytosol)|mTFP1(cytosol),,,,,cytosol,mKate2(cytosol)|mCitrine(cytosol)|Electra2(cytosol)|mKOK(cytosol)|mTFP1(cytosol),sheet
/clusterfs/vast/abcabc/Korra_Foundation/20250529_skittlez/fish10_roi1,20250529-plate13-slot2-roi1,20250529,13,2,1,20250529_skittlez,20250529_skittlez,fish10,10,,,96,20250529_skittlez,5/29/25,5/29/25,pDQM034,309,,,mKate2|mCitrine|Electra2|mKOK|mTFP1,,cytosol,mKate2(cytosol)|mCitrine(cytosol)|Electra2(cytosol)|mKOK(cytosol)|mTFP1(cytosol),,,,,cytosol,mKate2(cytosol)|mCitrine(cytosol)|Electra2(cytosol)|mKOK(cytosol)|mTFP1(cytosol),sheet
/clusterfs/vast/abcabc/Korra_Foundation/20250529_skittlez/fish11_roi1_eye,20250529-plate13-slot3-roi1,20250529,13,3,1,20250529_skittlez,20250529_skittlez,fish11,11,,eye,18,20250529_skittlez,5/29/25,5/29/25,pDQM034,309,,,mKate2|mCitrine|Electra2|mKOK|mTFP1,,cytosol,mKate2(cytosol)|mCitrine(cytosol)|Electra2(cytosol)|mKOK(cytosol)|mTFP1(cytosol),,,,,cytosol,mKate2(cytosol)|mCitrine(cytosol)|Electra2(cytosol)|mKOK(cytosol)|mTFP1(cytosol),sheet
/clusterfs/vast/abcabc/Korra_Foundation/20250529_skittlez/fish11_roi1_eye_2,20250529-plate13-slot3-roi2,20250529,13,3,2,20250529_skittlez,20250529_skittlez,fish11,11,,eye,96,20250529_skittlez,5/29/25,5/29/25,pDQM034,309,,,mKate2|mCitrine|Electra2|mKOK|mTFP1,,cytosol,mKate2(cytosol)|mCitrine(cytosol)|Electra2(cytosol)|mKOK(cytosol)|mTFP1(cytosol),,,,,cytosol,mKate2(cytosol)|mCitrine(cytosol)|Electra2(cytosol)|mKOK(cytosol)|mTFP1(cytosol),sheet
/clusterfs/vast/abcabc/Korra_Foundation/20250529_skittlez/fish12_roi1,20250529-plate13-slot4-roi1,20250529,13,4,1,20250529_skittlez,20250529_skittlez,fish12,12,,,96,20250529_skittlez,5/29/25,5/29/25,pDQM034,309,,,mKate2|mCitrine|Electra2|mKOK|mTFP1,,cytosol,mKate2(cytosol)|mCitrine(cytosol)|Electra2(cytosol)|mKOK(cytosol)|mTFP1(cytosol),,,,,cytosol,mKate2(cytosol)|mCitrine(cytosol)|Electra2(cytosol)|mKOK(cytosol)|mTFP1(cytosol),sheet
/clusterfs/vast/abcabc/Korra_Foundation/20250529_skittlez/fish13_roi1,20250529-plate13-slot5-roi1,20250529,13,5,1,20250529_skittlez,20250529_skittlez,fish13,13,,,96,20250529_skittlez,5/29/25,5/29/25,pDQM034,309,,,mKate2|mCitrine|Electra2|mKOK|mTFP1,,cytosol,mKate2(cytosol)|mCitrine(cytosol)|Electra2(cytosol)|mKOK(cytosol)|mTFP1(cytosol),,,,,cytosol,mKate2(cytosol)|mCitrine(cytosol)|Electra2(cytosol)|mKOK(cytosol)|mTFP1(cytosol),sheet
/clusterfs/vast/abcabc/Korra_Foundation/20250529_skittlez/fish14_roi1,20250529-plate13-slot6-roi1,20250529,13,6,1,20250529_skittlez,20250529_skittlez,fish14,14,,,96,20250529_skittlez,5/29/25,5/29/25,pDQM034,309,,,mKate2|mCitrine|Electra2|mKOK|mTFP1,,cytosol,mKate2(cytosol)|mCitrine(cytosol)|Electra2(cytosol)|mKOK(cytosol)|mTFP1(cytosol),,,,,cytosol,mKate2(cytosol)|mCitrine(cytosol)|Electra2(cytosol)|mKOK(cytosol)|mTFP1(cytosol),sheet
/clusterfs/vast/abcabc/Korra_Foundation/20250529_skittlez/fish14_roi2,20250529-plate13-slot6-roi2,20250529,13,6,2,20250529_skittlez,20250529_skittlez,fish14,14,,,96,20250529_skittlez,5/29/25,5/29/25,pDQM034,309,,,mKate2|mCitrine|Electra2|mKOK|mTFP1,,cytosol,mKate2(cytosol)|mCitrine(cytosol)|Electra2(cytosol)|mKOK(cytosol)|mTFP1(cytosol),,,,,cytosol,mKate2(cytosol)|mCitrine(cytosol)|Electra2(cytosol)|mKOK(cytosol)|mTFP1(cytosol),sheet
/clusterfs/vast/abcabc/Korra_Foundation/20250529_skittlez/fish14_roi3,20250529-plate13-slot6-roi3,20250529,13,6,3,20250529_skittlez,20250529_skittlez,fish14,14,,,96,20250529_skittlez,5/29/25,5/29/25,pDQM034,309,,,mKate2|mCitrine|Electra2|mKOK|mTFP1,,cytosol,mKate2(cytosol)|mCitrine(cytosol)|Electra2(cytosol)|mKOK(cytosol)|mTFP1(cytosol),,,,,cytosol,mKate2(cytosol)|mCitrine(cytosol)|Electra2(cytosol)|mKOK(cytosol)|mTFP1(cytosol),sheet
/clusterfs/vast/abcabc/Korra_Foundation/20250529_skittlez/fish15_roi1,20250529-plate14-slot1-roi1,20250529,14,1,1,20250529_skittlez,20250529_skittlez,fish15,15,,,144,20250529_skittlez,5/29/25,5/29/25,pDQM034,309,,,mKate2|mCitrine|Electra2|mKOK|mTFP1,,cytosol,mKate2(cytosol)|mCitrine(cytosol)|Electra2(cytosol)|mKOK(cytosol)|mTFP1(cytosol),,,,,cytosol,mKate2(cytosol)|mCitrine(cytosol)|Electra2(cytosol)|mKOK(cytosol)|mTFP1(cytosol),sheet
/clusterfs/vast/abcabc/Korra_Foundation/20250529_skittlez/fish1_roi1,20250529-plate13-slot1-roi1,20250529,13,1,1,20250529_skittlez,20250529_skittlez,fish1,1,,,96,20250529_skittlez,5/29/25,5/29/25,pDQM034,309,,,mKate2|mCitrine|Electra2|mKOK|mTFP1,,cytosol,mKate2(cytosol)|mCitrine(cytosol)|Electra2(cytosol)|mKOK(cytosol)|mTFP1(cytosol),,,,,cytosol,mKate2(cytosol)|mCitrine(cytosol)|Electra2(cytosol)|mKOK(cytosol)|mTFP1(cytosol),sheet
/clusterfs/vast/abcabc/Korra_Foundation/20250529_skittlez/fish1_roi2,20250529-plate13-slot1-roi2,20250529,13,1,2,20250529_skittlez,20250529_skittlez,fish1,1,,,96,20250529_skittlez,5/29/25,5/29/25,pDQM034,309,,,mKate2|mCitrine|Electra2|mKOK|mTFP1,,cytosol,mKate2(cytosol)|mCitrine(cytosol)|Electra2(cytosol)|mKOK(cytosol)|mTFP1(cytosol),,,,,cytosol,mKate2(cytosol)|mCitrine(cytosol)|Electra2(cytosol)|mKOK(cytosol)|mTFP1(cytosol),sheet
/clusterfs/vast/abcabc/Korra_Foundation/20250529_skittlez/fish1_roi3,20250529-plate13-slot1-roi3,20250529,13,1,3,20250529_skittlez,20250529_skittlez,fish1,1,,,48,20250529_skittlez,5/29/25,5/29/25,pDQM034,309,,,mKate2|mCitrine|Electra2|mKOK|mTFP1,,cytosol,mKate2(cytosol)|mCitrine(cytosol)|Electra2(cytosol)|mKOK(cytosol)|mTFP1(cytosol),,,,,cytosol,mKate2(cytosol)|mCitrine(cytosol)|Electra2(cytosol)|mKOK(cytosol)|mTFP1(cytosol),sheet
/clusterfs/vast/abcabc/Korra_Foundation/20250529_skittlez/fish2_roi1,20250529-plate14-slot2-roi1,20250529,14,2,1,20250529_skittlez,20250529_skittlez,fish2,2,,,90,20250529_skittlez,5/29/25,5/29/25,pDQM034,309,,,mKate2|mCitrine|Electra2|mKOK|mTFP1,,cytosol,mKate2(cytosol)|mCitrine(cytosol)|Electra2(cytosol)|mKOK(cytosol)|mTFP1(cytosol),,,,,cytosol,mKate2(cytosol)|mCitrine(cytosol)|Electra2(cytosol)|mKOK(cytosol)|mTFP1(cytosol),sheet
/clusterfs/vast/abcabc/Korra_Foundation/20250529_skittlez/fish2_roi2,20250529-plate14-slot2-roi2,20250529,14,2,2,20250529_skittlez,20250529_skittlez,fish2,2,,,90,20250529_skittlez,5/29/25,5/29/25,pDQM034,309,,,mKate2|mCitrine|Electra2|mKOK|mTFP1,,cytosol,mKate2(cytosol)|mCitrine(cytosol)|Electra2(cytosol)|mKOK(cytosol)|mTFP1(cytosol),,,,,cytosol,mKate2(cytosol)|mCitrine(cytosol)|Electra2(cytosol)|mKOK(cytosol)|mTFP1(cytosol),sheet
/clusterfs/vast/abcabc/Korra_Foundation/20250529_skittlez/fish4_roi1,20250529-plate14-slot3-roi1,20250529,14,3,1,20250529_skittlez,20250529_skittlez,fish4,4,,,90,20250529_skittlez,5/29/25,5/29/25,pDQM034,309,,,mKate2|mCitrine|Electra2|mKOK|mTFP1,,cytosol,mKate2(cytosol)|mCitrine(cytosol)|Electra2(cytosol)|mKOK(cytosol)|mTFP1(cytosol),,,,,cytosol,mKate2(cytosol)|mCitrine(cytosol)|Electra2(cytosol)|mKOK(cytosol)|mTFP1(cytosol),sheet
/clusterfs/vast/abcabc/Korra_Foundation/20250529_skittlez/fish5_roi1,20250529-plate14-slot4-roi1,20250529,14,4,1,20250529_skittlez,20250529_skittlez,fish5,5,,,120,20250529_skittlez,5/29/25,5/29/25,pDQM034,309,,,mKate2|mCitrine|Electra2|mKOK|mTFP1,,cytosol,mKate2(cytosol)|mCitrine(cytosol)|Electra2(cytosol)|mKOK(cytosol)|mTFP1(cytosol),,,,,cytosol,mKate2(cytosol)|mCitrine(cytosol)|Electra2(cytosol)|mKOK(cytosol)|mTFP1(cytosol),sheet
/clusterfs/vast/abcabc/Korra_Foundation/20250529_skittlez/fish5_roi2,20250529-plate14-slot4-roi2,20250529,14,4,2,20250529_skittlez,20250529_skittlez,fish5,5,,,120,20250529_skittlez,5/29/25,5/29/25,pDQM034,309,,,mKate2|mCitrine|Electra2|mKOK|mTFP1,,cytosol,mKate2(cytosol)|mCitrine(cytosol)|Electra2(cytosol)|mKOK(cytosol)|mTFP1(cytosol),,,,,cytosol,mKate2(cytosol)|mCitrine(cytosol)|Electra2(cytosol)|mKOK(cytosol)|mTFP1(cytosol),sheet
/clusterfs/vast/abcabc/Korra_Foundation/20250529_skittlez/fish6_roi1,20250529-plate14-slot5-roi1,20250529,14,5,1,20250529_skittlez,20250529_skittlez,fish6,6,,,120,20250529_skittlez,5/29/25,5/29/25,pDQM034,309,,,mKate2|mCitrine|Electra2|mKOK|mTFP1,,cytosol,mKate2(cytosol)|mCitrine(cytosol)|Electra2(cytosol)|mKOK(cytosol)|mTFP1(cytosol),,,,,cytosol,mKate2(cytosol)|mCitrine(cytosol)|Electra2(cytosol)|mKOK(cytosol)|mTFP1(cytosol),sheet
/clusterfs/vast/abcabc/Korra_Foundation/20250529_skittlez/fish7_roi1,20250529-plate14-slot6-roi1,20250529,14,6,1,20250529_skittlez,20250529_skittlez,fish7,7,,,72,20250529_skittlez,5/29/25,5/29/25,pDQM034,309,,,mKate2|mCitrine|Electra2|mKOK|mTFP1,,cytosol,mKate2(cytosol)|mCitrine(cytosol)|Electra2(cytosol)|mKOK(cytosol)|mTFP1(cytosol),,,,,cytosol,mKate2(cytosol)|mCitrine(cytosol)|Electra2(cytosol)|mKOK(cytosol)|mTFP1(cytosol),sheet
/clusterfs/vast/abcabc/Korra_Foundation/20250529_skittlez/fish8_roi1,20250529-plate15-slot1-roi1,20250529,15,1,1,20250529_skittlez,20250529_skittlez,fish8,8,,,96,20250529_skittlez,5/29/25,5/29/25,pDQM034,309,,,mKate2|mCitrine|Electra2|mKOK|mTFP1,,cytosol,mKate2(cytosol)|mCitrine(cytosol)|Electra2(cytosol)|mKOK(cytosol)|mTFP1(cytosol),,,,,cytosol,mKate2(cytosol)|mCitrine(cytosol)|Electra2(cytosol)|mKOK(cytosol)|mTFP1(cytosol),sheet
/clusterfs/vast/abcabc/Korra_Foundation/20250529_skittlez/fish9_roi1,20250529-plate15-slot2-roi1,20250529,15,2,1,20250529_skittlez,20250529_skittlez,fish9,9,,,96,20250529_skittlez,5/29/25,5/29/25,pDQM034,309,,,mKate2|mCitrine|Electra2|mKOK|mTFP1,,cytosol,mKate2(cytosol)|mCitrine(cytosol)|Electra2(cytosol)|mKOK(cytosol)|mTFP1(cytosol),,,,,cytosol,mKate2(cytosol)|mCitrine(cytosol)|Electra2(cytosol)|mKOK(cytosol)|mTFP1(cytosol),sheet
/clusterfs/vast/abcabc/Korra_Foundation/20250529_skittlez/fish9_roi2,20250529-plate15-slot2-roi2,20250529,15,2,2,20250529_skittlez,20250529_skittlez,fish9,9,,,96,20250529_skittlez,5/29/25,5/29/25,pDQM034,309,,,mKate2|mCitrine|Electra2|mKOK|mTFP1,,cytosol,mKate2(cytosol)|mCitrine(cytosol)|Electra2(cytosol)|mKOK(cytosol)|mTFP1(cytosol),,,,,cytosol,mKate2(cytosol)|mCitrine(cytosol)|Electra2(cytosol)|mKOK(cytosol)|mTFP1(cytosol),sheet
/clusterfs/vast/abcabc/Korra_Foundation/20250530_mem-histone/fish1_roi1,20250530-plate16-slot1-roi1,20250530,16,1,1,20250530_mem-histone,20250530_mem-histone,fish1,1,,,2636,20250530_mem-histone,5/30/25,5/30/25,"pDQM005,pDQM133","302,324",pDQM117,,tdmSG|tdmScarlet3,2xLynk|H2B,membrane|histone,tdmSG(membrane)|tdmScarlet3(histone),mScarlet3S2,H2B,histone,mScarlet3S2(histone),membrane|histone,tdmSG(membrane)|tdmScarlet3(histone)|mScarlet3S2(histone),sheet
/clusterfs/vast/abcabc/Korra_Foundation/20250530_mem-histone/fish1_roi1-2,20250530-plate16-slot1-roi2,20250530,16,1,2,20250530_mem-histone,20250530_mem-histone,fish1,1,,,12200,20250530_mem-histone,5/30/25,5/30/25,"pDQM005,pDQM133","302,324",pDQM117,,tdmSG|tdmScarlet3,2xLynk|H2B,membrane|histone,tdmSG(membrane)|tdmScarlet3(histone),mScarlet3S2,H2B,histone,mScarlet3S2(histone),membrane|histone,tdmSG(membrane)|tdmScarlet3(histone)|mScarlet3S2(histone),sheet
/clusterfs/vast/abcabc/Korra_Foundation/20250530_mem-histone/fish2_roi1,20250530-plate16-slot2-roi1,20250530,16,2,1,20250530_mem-histone,20250530_mem-histone,fish2,2,,,4350,20250530_mem-histone,5/30/25,5/30/25,"pDQM005,pDQM133","302,324",pDQM117,,tdmSG|tdmScarlet3,2xLynk|H2B,membrane|histone,tdmSG(membrane)|tdmScarlet3(histone),mScarlet3S2,H2B,histone,mScarlet3S2(histone),membrane|histone,tdmSG(membrane)|tdmScarlet3(histone)|mScarlet3S2(histone),sheet
/clusterfs/vast/abcabc/Korra_Foundation/20250602_mem/fish2_roi1,20250602-plate17-slot1-roi1,20250602,17,1,1,20250602_mem,20250602_mem,fish2,2,,,15812,20250602_mem,6/2/25,6/2/25,pDQM082,315,MGCO-39,,tdmChilada,2xLynk,membrane,tdmChilada(membrane),Halo,2Xcox8A,mitochondria,Halo(mitochondria),membrane|mitochondria,tdmChilada(membrane)|Halo(mitochondria),sheet
/clusterfs/vast/abcabc/Korra_Foundation/20250603_skittlez/fish10_roi1,20250603-plate18-slot2-roi1,20250603,18,2,1,20250603_skittlez,20250603_skittlez,fish10,10,,,144,20250603_skittlez,6/3/25,6/3/25,pDQM034,309,,,mKate2|mCitrine|Electra2|mKOK|mTFP1,,cytosol,mKate2(cytosol)|mCitrine(cytosol)|Electra2(cytosol)|mKOK(cytosol)|mTFP1(cytosol),,,,,cytosol,mKate2(cytosol)|mCitrine(cytosol)|Electra2(cytosol)|mKOK(cytosol)|mTFP1(cytosol),sheet
/clusterfs/vast/abcabc/Korra_Foundation/20250603_skittlez/fish11_roi1,20250603-plate18-slot3-roi1,20250603,18,3,1,20250603_skittlez,20250603_skittlez,fish11,11,,,96,20250603_skittlez,6/3/25,6/3/25,pDQM034,309,,,mKate2|mCitrine|Electra2|mKOK|mTFP1,,cytosol,mKate2(cytosol)|mCitrine(cytosol)|Electra2(cytosol)|mKOK(cytosol)|mTFP1(cytosol),,,,,cytosol,mKate2(cytosol)|mCitrine(cytosol)|Electra2(cytosol)|mKOK(cytosol)|mTFP1(cytosol),sheet
/clusterfs/vast/abcabc/Korra_Foundation/20250603_skittlez/fish12_roi1,20250603-plate18-slot4-roi1,20250603,18,4,1,20250603_skittlez,20250603_skittlez,fish12,12,,,192,20250603_skittlez,6/3/25,6/3/25,pDQM034,309,,,mKate2|mCitrine|Electra2|mKOK|mTFP1,,cytosol,mKate2(cytosol)|mCitrine(cytosol)|Electra2(cytosol)|mKOK(cytosol)|mTFP1(cytosol),,,,,cytosol,mKate2(cytosol)|mCitrine(cytosol)|Electra2(cytosol)|mKOK(cytosol)|mTFP1(cytosol),sheet
/clusterfs/vast/abcabc/Korra_Foundation/20250603_skittlez/fish13_roi1,20250603-plate18-slot5-roi1,20250603,18,5,1,20250603_skittlez,20250603_skittlez,fish13,13,,,96,20250603_skittlez,6/3/25,6/3/25,pDQM034,309,,,mKate2|mCitrine|Electra2|mKOK|mTFP1,,cytosol,mKate2(cytosol)|mCitrine(cytosol)|Electra2(cytosol)|mKOK(cytosol)|mTFP1(cytosol),,,,,cytosol,mKate2(cytosol)|mCitrine(cytosol)|Electra2(cytosol)|mKOK(cytosol)|mTFP1(cytosol),sheet
/clusterfs/vast/abcabc/Korra_Foundation/20250603_skittlez/fish14_roi1,20250603-plate18-slot6-roi1,20250603,18,6,1,20250603_skittlez,20250603_skittlez,fish14,14,,,240,20250603_skittlez,6/3/25,6/3/25,pDQM034,309,,,mKate2|mCitrine|Electra2|mKOK|mTFP1,,cytosol,mKate2(cytosol)|mCitrine(cytosol)|Electra2(cytosol)|mKOK(cytosol)|mTFP1(cytosol),,,,,cytosol,mKate2(cytosol)|mCitrine(cytosol)|Electra2(cytosol)|mKOK(cytosol)|mTFP1(cytosol),sheet
/clusterfs/vast/abcabc/Korra_Foundation/20250603_skittlez/fish15_roi1,20250603-plate19-slot1-roi1,20250603,19,1,1,20250603_skittlez,20250603_skittlez,fish15,15,,,168,20250603_skittlez,6/3/25,6/3/25,pDQM034,309,,,mKate2|mCitrine|Electra2|mKOK|mTFP1,,cytosol,mKate2(cytosol)|mCitrine(cytosol)|Electra2(cytosol)|mKOK(cytosol)|mTFP1(cytosol),,,,,cytosol,mKate2(cytosol)|mCitrine(cytosol)|Electra2(cytosol)|mKOK(cytosol)|mTFP1(cytosol),sheet
/clusterfs/vast/abcabc/Korra_Foundation/20250603_skittlez/fish16_roi1,20250603-plate19-slot2-roi1,20250603,19,2,1,20250603_skittlez,20250603_skittlez,fish16,16,,,120,20250603_skittlez,6/3/25,6/3/25,pDQM034,309,,,mKate2|mCitrine|Electra2|mKOK|mTFP1,,cytosol,mKate2(cytosol)|mCitrine(cytosol)|Electra2(cytosol)|mKOK(cytosol)|mTFP1(cytosol),,,,,cytosol,mKate2(cytosol)|mCitrine(cytosol)|Electra2(cytosol)|mKOK(cytosol)|mTFP1(cytosol),sheet
/clusterfs/vast/abcabc/Korra_Foundation/20250603_skittlez/fish1_roi1_1,20250603-plate18-slot1-roi1,20250603,18,1,1,20250603_skittlez,20250603_skittlez,fish1,1,,,72,20250603_skittlez,6/3/25,6/3/25,pDQM034,309,,,mKate2|mCitrine|Electra2|mKOK|mTFP1,,cytosol,mKate2(cytosol)|mCitrine(cytosol)|Electra2(cytosol)|mKOK(cytosol)|mTFP1(cytosol),,,,,cytosol,mKate2(cytosol)|mCitrine(cytosol)|Electra2(cytosol)|mKOK(cytosol)|mTFP1(cytosol),sheet
/clusterfs/vast/abcabc/Korra_Foundation/20250603_skittlez/fish2_roi1,20250603-plate19-slot3-roi1,20250603,19,3,1,20250603_skittlez,20250603_skittlez,fish2,2,,,6,20250603_skittlez,6/3/25,6/3/25,pDQM034,309,,,mKate2|mCitrine|Electra2|mKOK|mTFP1,,cytosol,mKate2(cytosol)|mCitrine(cytosol)|Electra2(cytosol)|mKOK(cytosol)|mTFP1(cytosol),,,,,cytosol,mKate2(cytosol)|mCitrine(cytosol)|Electra2(cytosol)|mKOK(cytosol)|mTFP1(cytosol),sheet
/clusterfs/vast/abcabc/Korra_Foundation/20250603_skittlez/fish2_roi1_1,20250603-plate19-slot3-roi2,20250603,19,3,2,20250603_skittlez,20250603_skittlez,fish2,2,,,72,20250603_skittlez,6/3/25,6/3/25,pDQM034,309,,,mKate2|mCitrine|Electra2|mKOK|mTFP1,,cytosol,mKate2(cytosol)|mCitrine(cytosol)|Electra2(cytosol)|mKOK(cytosol)|mTFP1(cytosol),,,,,cytosol,mKate2(cytosol)|mCitrine(cytosol)|Electra2(cytosol)|mKOK(cytosol)|mTFP1(cytosol),sheet
/clusterfs/vast/abcabc/Korra_Foundation/20250603_skittlez/fish3_roi1,20250603-plate19-slot4-roi1,20250603,19,4,1,20250603_skittlez,20250603_skittlez,fish3,3,,,90,20250603_skittlez,6/3/25,6/3/25,pDQM034,309,,,mKate2|mCitrine|Electra2|mKOK|mTFP1,,cytosol,mKate2(cytosol)|mCitrine(cytosol)|Electra2(cytosol)|mKOK(cytosol)|mTFP1(cytosol),,,,,cytosol,mKate2(cytosol)|mCitrine(cytosol)|Electra2(cytosol)|mKOK(cytosol)|mTFP1(cytosol),sheet
/clusterfs/vast/abcabc/Korra_Foundation/20250603_skittlez/fish4_roi1,20250603-plate19-slot5-roi1,20250603,19,5,1,20250603_skittlez,20250603_skittlez,fish4,4,,,126,20250603_skittlez,6/3/25,6/3/25,pDQM034,309,,,mKate2|mCitrine|Electra2|mKOK|mTFP1,,cytosol,mKate2(cytosol)|mCitrine(cytosol)|Electra2(cytosol)|mKOK(cytosol)|mTFP1(cytosol),,,,,cytosol,mKate2(cytosol)|mCitrine(cytosol)|Electra2(cytosol)|mKOK(cytosol)|mTFP1(cytosol),sheet
/clusterfs/vast/abcabc/Korra_Foundation/20250603_skittlez/fish6_roi1,20250603-plate19-slot6-roi1,20250603,19,6,1,20250603_skittlez,20250603_skittlez,fish6,6,,,174,20250603_skittlez,6/3/25,6/3/25,pDQM034,309,,,mKate2|mCitrine|Electra2|mKOK|mTFP1,,cytosol,mKate2(cytosol)|mCitrine(cytosol)|Electra2(cytosol)|mKOK(cytosol)|mTFP1(cytosol),,,,,cytosol,mKate2(cytosol)|mCitrine(cytosol)|Electra2(cytosol)|mKOK(cytosol)|mTFP1(cytosol),sheet
/clusterfs/vast/abcabc/Korra_Foundation/20250603_skittlez/fish7_roi1,20250603-plate20-slot1-roi1,20250603,20,1,1,20250603_skittlez,20250603_skittlez,fish7,7,,,108,20250603_skittlez,6/3/25,6/3/25,pDQM034,309,,,mKate2|mCitrine|Electra2|mKOK|mTFP1,,cytosol,mKate2(cytosol)|mCitrine(cytosol)|Electra2(cytosol)|mKOK(cytosol)|mTFP1(cytosol),,,,,cytosol,mKate2(cytosol)|mCitrine(cytosol)|Electra2(cytosol)|mKOK(cytosol)|mTFP1(cytosol),sheet
/clusterfs/vast/abcabc/Korra_Foundation/20250603_skittlez/fish8_roi1,20250603-plate20-slot2-roi1,20250603,20,2,1,20250603_skittlez,20250603_skittlez,fish8,8,,,72,20250603_skittlez,6/3/25,6/3/25,pDQM034,309,,,mKate2|mCitrine|Electra2|mKOK|mTFP1,,cytosol,mKate2(cytosol)|mCitrine(cytosol)|Electra2(cytosol)|mKOK(cytosol)|mTFP1(cytosol),,,,,cytosol,mKate2(cytosol)|mCitrine(cytosol)|Electra2(cytosol)|mKOK(cytosol)|mTFP1(cytosol),sheet
/clusterfs/vast/abcabc/Korra_Foundation/20250603_skittlez/fish9_roi1,20250603-plate20-slot3-roi1,20250603,20,3,1,20250603_skittlez,20250603_skittlez,fish9,9,,,138,20250603_skittlez,6/3/25,6/3/25,pDQM034,309,,,mKate2|mCitrine|Electra2|mKOK|mTFP1,,cytosol,mKate2(cytosol)|mCitrine(cytosol)|Electra2(cytosol)|mKOK(cytosol)|mTFP1(cytosol),,,,,cytosol,mKate2(cytosol)|mCitrine(cytosol)|Electra2(cytosol)|mKOK(cytosol)|mTFP1(cytosol),sheet
/clusterfs/vast/abcabc/Korra_Foundation/20250603_skittlez/fish9_roi2,20250603-plate20-slot3-roi2,20250603,20,3,2,20250603_skittlez,20250603_skittlez,fish9,9,,,48,20250603_skittlez,6/3/25,6/3/25,pDQM034,309,,,mKate2|mCitrine|Electra2|mKOK|mTFP1,,cytosol,mKate2(cytosol)|mCitrine(cytosol)|Electra2(cytosol)|mKOK(cytosol)|mTFP1(cytosol),,,,,cytosol,mKate2(cytosol)|mCitrine(cytosol)|Electra2(cytosol)|mKOK(cytosol)|mTFP1(cytosol),sheet
/clusterfs/vast/abcabc/Korra_Foundation/20250603_skittlez/fish9_roi3,20250603-plate20-slot3-roi3,20250603,20,3,3,20250603_skittlez,20250603_skittlez,fish9,9,,,48,20250603_skittlez,6/3/25,6/3/25,pDQM034,309,,,mKate2|mCitrine|Electra2|mKOK|mTFP1,,cytosol,mKate2(cytosol)|mCitrine(cytosol)|Electra2(cytosol)|mKOK(cytosol)|mTFP1(cytosol),,,,,cytosol,mKate2(cytosol)|mCitrine(cytosol)|Electra2(cytosol)|mKOK(cytosol)|mTFP1(cytosol),sheet
/clusterfs/vast/abcabc/Korra_Foundation/20250605_skittlez/fish10_roi1,20250605-plate21-slot2-roi1,20250605,21,2,1,20250605_skittlez,20250605_skittlez,fish10,10,,,72,20250605_skittlez,6/5/25,6/5/25,pDQM034,309,,,mKate2|mCitrine|Electra2|mKOK|mTFP1,,cytosol,mKate2(cytosol)|mCitrine(cytosol)|Electra2(cytosol)|mKOK(cytosol)|mTFP1(cytosol),,,,,cytosol,mKate2(cytosol)|mCitrine(cytosol)|Electra2(cytosol)|mKOK(cytosol)|mTFP1(cytosol),sheet
/clusterfs/vast/abcabc/Korra_Foundation/20250605_skittlez/fish10_roi2,20250605-plate21-slot2-roi2,20250605,21,2,2,20250605_skittlez,20250605_skittlez,fish10,10,,,72,20250605_skittlez,6/5/25,6/5/25,pDQM034,309,,,mKate2|mCitrine|Electra2|mKOK|mTFP1,,cytosol,mKate2(cytosol)|mCitrine(cytosol)|Electra2(cytosol)|mKOK(cytosol)|mTFP1(cytosol),,,,,cytosol,mKate2(cytosol)|mCitrine(cytosol)|Electra2(cytosol)|mKOK(cytosol)|mTFP1(cytosol),sheet
/clusterfs/vast/abcabc/Korra_Foundation/20250605_skittlez/fish11_roi1,20250605-plate21-slot3-roi1,20250605,21,3,1,20250605_skittlez,20250605_skittlez,fish11,11,,,96,20250605_skittlez,6/5/25,6/5/25,pDQM034,309,,,mKate2|mCitrine|Electra2|mKOK|mTFP1,,cytosol,mKate2(cytosol)|mCitrine(cytosol)|Electra2(cytosol)|mKOK(cytosol)|mTFP1(cytosol),,,,,cytosol,mKate2(cytosol)|mCitrine(cytosol)|Electra2(cytosol)|mKOK(cytosol)|mTFP1(cytosol),sheet
/clusterfs/vast/abcabc/Korra_Foundation/20250605_skittlez/fish11_roi2,20250605-plate21-slot3-roi2,20250605,21,3,2,20250605_skittlez,20250605_skittlez,fish11,11,,,120,20250605_skittlez,6/5/25,6/5/25,pDQM034,309,,,mKate2|mCitrine|Electra2|mKOK|mTFP1,,cytosol,mKate2(cytosol)|mCitrine(cytosol)|Electra2(cytosol)|mKOK(cytosol)|mTFP1(cytosol),,,,,cytosol,mKate2(cytosol)|mCitrine(cytosol)|Electra2(cytosol)|mKOK(cytosol)|mTFP1(cytosol),sheet
/clusterfs/vast/abcabc/Korra_Foundation/20250605_skittlez/fish12_roi1,20250605-plate21-slot4-roi1,20250605,21,4,1,20250605_skittlez,20250605_skittlez,fish12,12,,,96,20250605_skittlez,6/5/25,6/5/25,pDQM034,309,,,mKate2|mCitrine|Electra2|mKOK|mTFP1,,cytosol,mKate2(cytosol)|mCitrine(cytosol)|Electra2(cytosol)|mKOK(cytosol)|mTFP1(cytosol),,,,,cytosol,mKate2(cytosol)|mCitrine(cytosol)|Electra2(cytosol)|mKOK(cytosol)|mTFP1(cytosol),sheet
/clusterfs/vast/abcabc/Korra_Foundation/20250605_skittlez/fish13_roi1,20250605-plate21-slot5-roi1,20250605,21,5,1,20250605_skittlez,20250605_skittlez,fish13,13,,,96,20250605_skittlez,6/5/25,6/5/25,pDQM034,309,,,mKate2|mCitrine|Electra2|mKOK|mTFP1,,cytosol,mKate2(cytosol)|mCitrine(cytosol)|Electra2(cytosol)|mKOK(cytosol)|mTFP1(cytosol),,,,,cytosol,mKate2(cytosol)|mCitrine(cytosol)|Electra2(cytosol)|mKOK(cytosol)|mTFP1(cytosol),sheet
/clusterfs/vast/abcabc/Korra_Foundation/20250605_skittlez/fish13_roi2,20250605-plate21-slot5-roi2,20250605,21,5,2,20250605_skittlez,20250605_skittlez,fish13,13,,,96,20250605_skittlez,6/5/25,6/5/25,pDQM034,309,,,mKate2|mCitrine|Electra2|mKOK|mTFP1,,cytosol,mKate2(cytosol)|mCitrine(cytosol)|Electra2(cytosol)|mKOK(cytosol)|mTFP1(cytosol),,,,,cytosol,mKate2(cytosol)|mCitrine(cytosol)|Electra2(cytosol)|mKOK(cytosol)|mTFP1(cytosol),sheet
/clusterfs/vast/abcabc/Korra_Foundation/20250605_skittlez/fish14_roi1,20250605-plate21-slot6-roi1,20250605,21,6,1,20250605_skittlez,20250605_skittlez,fish14,14,,,96,20250605_skittlez,6/5/25,6/5/25,pDQM034,309,,,mKate2|mCitrine|Electra2|mKOK|mTFP1,,cytosol,mKate2(cytosol)|mCitrine(cytosol)|Electra2(cytosol)|mKOK(cytosol)|mTFP1(cytosol),,,,,cytosol,mKate2(cytosol)|mCitrine(cytosol)|Electra2(cytosol)|mKOK(cytosol)|mTFP1(cytosol),sheet
/clusterfs/vast/abcabc/Korra_Foundation/20250605_skittlez/fish1_roi1,20250605-plate21-slot1-roi1,20250605,21,1,1,20250605_skittlez,20250605_skittlez,fish1,1,,,90,20250605_skittlez,6/5/25,6/5/25,pDQM034,309,,,mKate2|mCitrine|Electra2|mKOK|mTFP1,,cytosol,mKate2(cytosol)|mCitrine(cytosol)|Electra2(cytosol)|mKOK(cytosol)|mTFP1(cytosol),,,,,cytosol,mKate2(cytosol)|mCitrine(cytosol)|Electra2(cytosol)|mKOK(cytosol)|mTFP1(cytosol),sheet
/clusterfs/vast/abcabc/Korra_Foundation/20250605_skittlez/fish2_roi1,20250605-plate22-slot1-roi1,20250605,22,1,1,20250605_skittlez,20250605_skittlez,fish2,2,,,72,20250605_skittlez,6/5/25,6/5/25,pDQM034,309,,,mKate2|mCitrine|Electra2|mKOK|mTFP1,,cytosol,mKate2(cytosol)|mCitrine(cytosol)|Electra2(cytosol)|mKOK(cytosol)|mTFP1(cytosol),,,,,cytosol,mKate2(cytosol)|mCitrine(cytosol)|Electra2(cytosol)|mKOK(cytosol)|mTFP1(cytosol),sheet
/clusterfs/vast/abcabc/Korra_Foundation/20250605_skittlez/fish2_roi12,20250605-plate22-slot1-roi2,20250605,22,1,2,20250605_skittlez,20250605_skittlez,fish2,2,,,72,20250605_skittlez,6/5/25,6/5/25,pDQM034,309,,,mKate2|mCitrine|Electra2|mKOK|mTFP1,,cytosol,mKate2(cytosol)|mCitrine(cytosol)|Electra2(cytosol)|mKOK(cytosol)|mTFP1(cytosol),,,,,cytosol,mKate2(cytosol)|mCitrine(cytosol)|Electra2(cytosol)|mKOK(cytosol)|mTFP1(cytosol),sheet
/clusterfs/vast/abcabc/Korra_Foundation/20250605_skittlez/fish3_roi12,20250605-plate22-slot2-roi1,20250605,22,2,1,20250605_skittlez,20250605_skittlez,fish3,3,,,72,20250605_skittlez,6/5/25,6/5/25,pDQM034,309,,,mKate2|mCitrine|Electra2|mKOK|mTFP1,,cytosol,mKate2(cytosol)|mCitrine(cytosol)|Electra2(cytosol)|mKOK(cytosol)|mTFP1(cytosol),,,,,cytosol,mKate2(cytosol)|mCitrine(cytosol)|Electra2(cytosol)|mKOK(cytosol)|mTFP1(cytosol),sheet
/clusterfs/vast/abcabc/Korra_Foundation/20250605_skittlez/fish3_roi2,20250605-plate22-slot2-roi2,20250605,22,2,2,20250605_skittlez,20250605_skittlez,fish3,3,,,72,20250605_skittlez,6/5/25,6/5/25,pDQM034,309,,,mKate2|mCitrine|Electra2|mKOK|mTFP1,,cytosol,mKate2(cytosol)|mCitrine(cytosol)|Electra2(cytosol)|mKOK(cytosol)|mTFP1(cytosol),,,,,cytosol,mKate2(cytosol)|mCitrine(cytosol)|Electra2(cytosol)|mKOK(cytosol)|mTFP1(cytosol),sheet
/clusterfs/vast/abcabc/Korra_Foundation/20250605_skittlez/fish4_roi1,20250605-plate22-slot3-roi1,20250605,22,3,1,20250605_skittlez,20250605_skittlez,fish4,4,,,72,20250605_skittlez,6/5/25,6/5/25,pDQM034,309,,,mKate2|mCitrine|Electra2|mKOK|mTFP1,,cytosol,mKate2(cytosol)|mCitrine(cytosol)|Electra2(cytosol)|mKOK(cytosol)|mTFP1(cytosol),,,,,cytosol,mKate2(cytosol)|mCitrine(cytosol)|Electra2(cytosol)|mKOK(cytosol)|mTFP1(cytosol),sheet
/clusterfs/vast/abcabc/Korra_Foundation/20250605_skittlez/fish5_roi1,20250605-plate22-slot4-roi1,20250605,22,4,1,20250605_skittlez,20250605_skittlez,fish5,5,,,54,20250605_skittlez,6/5/25,6/5/25,pDQM034,309,,,mKate2|mCitrine|Electra2|mKOK|mTFP1,,cytosol,mKate2(cytosol)|mCitrine(cytosol)|Electra2(cytosol)|mKOK(cytosol)|mTFP1(cytosol),,,,,cytosol,mKate2(cytosol)|mCitrine(cytosol)|Electra2(cytosol)|mKOK(cytosol)|mTFP1(cytosol),sheet
/clusterfs/vast/abcabc/Korra_Foundation/20250605_skittlez/fish5_roi2,20250605-plate22-slot4-roi2,20250605,22,4,2,20250605_skittlez,20250605_skittlez,fish5,5,,,54,20250605_skittlez,6/5/25,6/5/25,pDQM034,309,,,mKate2|mCitrine|Electra2|mKOK|mTFP1,,cytosol,mKate2(cytosol)|mCitrine(cytosol)|Electra2(cytosol)|mKOK(cytosol)|mTFP1(cytosol),,,,,cytosol,mKate2(cytosol)|mCitrine(cytosol)|Electra2(cytosol)|mKOK(cytosol)|mTFP1(cytosol),sheet
/clusterfs/vast/abcabc/Korra_Foundation/20250605_skittlez/fish6_roi1,20250605-plate22-slot5-roi1,20250605,22,5,1,20250605_skittlez,20250605_skittlez,fish6,6,,,72,20250605_skittlez,6/5/25,6/5/25,pDQM034,309,,,mKate2|mCitrine|Electra2|mKOK|mTFP1,,cytosol,mKate2(cytosol)|mCitrine(cytosol)|Electra2(cytosol)|mKOK(cytosol)|mTFP1(cytosol),,,,,cytosol,mKate2(cytosol)|mCitrine(cytosol)|Electra2(cytosol)|mKOK(cytosol)|mTFP1(cytosol),sheet
/clusterfs/vast/abcabc/Korra_Foundation/20250605_skittlez/fish7_roi1,20250605-plate22-slot6-roi1,20250605,22,6,1,20250605_skittlez,20250605_skittlez,fish7,7,,,72,20250605_skittlez,6/5/25,6/5/25,pDQM034,309,,,mKate2|mCitrine|Electra2|mKOK|mTFP1,,cytosol,mKate2(cytosol)|mCitrine(cytosol)|Electra2(cytosol)|mKOK(cytosol)|mTFP1(cytosol),,,,,cytosol,mKate2(cytosol)|mCitrine(cytosol)|Electra2(cytosol)|mKOK(cytosol)|mTFP1(cytosol),sheet
/clusterfs/vast/abcabc/Korra_Foundation/20250605_skittlez/fish8_roi1,20250605-plate23-slot1-roi1,20250605,23,1,1,20250605_skittlez,20250605_skittlez,fish8,8,,,54,20250605_skittlez,6/5/25,6/5/25,pDQM034,309,,,mKate2|mCitrine|Electra2|mKOK|mTFP1,,cytosol,mKate2(cytosol)|mCitrine(cytosol)|Electra2(cytosol)|mKOK(cytosol)|mTFP1(cytosol),,,,,cytosol,mKate2(cytosol)|mCitrine(cytosol)|Electra2(cytosol)|mKOK(cytosol)|mTFP1(cytosol),sheet
/clusterfs/vast/abcabc/Korra_Foundation/20250605_skittlez/fish9_roi1,20250605-plate23-slot2-roi1,20250605,23,2,1,20250605_skittlez,20250605_skittlez,fish9,9,,,72,20250605_skittlez,6/5/25,6/5/25,pDQM034,309,,,mKate2|mCitrine|Electra2|mKOK|mTFP1,,cytosol,mKate2(cytosol)|mCitrine(cytosol)|Electra2(cytosol)|mKOK(cytosol)|mTFP1(cytosol),,,,,cytosol,mKate2(cytosol)|mCitrine(cytosol)|Electra2(cytosol)|mKOK(cytosol)|mTFP1(cytosol),sheet
/clusterfs/vast/abcabc/Korra_Foundation/20250605_skittlez/fish9_roi2,20250605-plate23-slot2-roi2,20250605,23,2,2,20250605_skittlez,20250605_skittlez,fish9,9,,,72,20250605_skittlez,6/5/25,6/5/25,pDQM034,309,,,mKate2|mCitrine|Electra2|mKOK|mTFP1,,cytosol,mKate2(cytosol)|mCitrine(cytosol)|Electra2(cytosol)|mKOK(cytosol)|mTFP1(cytosol),,,,,cytosol,mKate2(cytosol)|mCitrine(cytosol)|Electra2(cytosol)|mKOK(cytosol)|mTFP1(cytosol),sheet
/clusterfs/vast/abcabc/Korra_Foundation/20250606_skittlez/fish10_roi1,20250606-plate24-slot2-roi1,20250606,24,2,1,20250606_skittlez,20250606_skittlez,fish10,10,,,72,20250606_skittlez,6/6/25,6/6/25,pDQM034,309,,,mKate2|mCitrine|Electra2|mKOK|mTFP1,,cytosol,mKate2(cytosol)|mCitrine(cytosol)|Electra2(cytosol)|mKOK(cytosol)|mTFP1(cytosol),,,,,cytosol,mKate2(cytosol)|mCitrine(cytosol)|Electra2(cytosol)|mKOK(cytosol)|mTFP1(cytosol),sheet
/clusterfs/vast/abcabc/Korra_Foundation/20250606_skittlez/fish11_roi1,20250606-plate24-slot3-roi1,20250606,24,3,1,20250606_skittlez,20250606_skittlez,fish11,11,,,72,20250606_skittlez,6/6/25,6/6/25,pDQM034,309,,,mKate2|mCitrine|Electra2|mKOK|mTFP1,,cytosol,mKate2(cytosol)|mCitrine(cytosol)|Electra2(cytosol)|mKOK(cytosol)|mTFP1(cytosol),,,,,cytosol,mKate2(cytosol)|mCitrine(cytosol)|Electra2(cytosol)|mKOK(cytosol)|mTFP1(cytosol),sheet
/clusterfs/vast/abcabc/Korra_Foundation/20250606_skittlez/fish11_roi2,20250606-plate24-slot3-roi2,20250606,24,3,2,20250606_skittlez,20250606_skittlez,fish11,11,,,72,20250606_skittlez,6/6/25,6/6/25,pDQM034,309,,,mKate2|mCitrine|Electra2|mKOK|mTFP1,,cytosol,mKate2(cytosol)|mCitrine(cytosol)|Electra2(cytosol)|mKOK(cytosol)|mTFP1(cytosol),,,,,cytosol,mKate2(cytosol)|mCitrine(cytosol)|Electra2(cytosol)|mKOK(cytosol)|mTFP1(cytosol),sheet
/clusterfs/vast/abcabc/Korra_Foundation/20250606_skittlez/fish12_roi1,20250606-plate24-slot4-roi1,20250606,24,4,1,20250606_skittlez,20250606_skittlez,fish12,12,,,72,20250606_skittlez,6/6/25,6/6/25,pDQM034,309,,,mKate2|mCitrine|Electra2|mKOK|mTFP1,,cytosol,mKate2(cytosol)|mCitrine(cytosol)|Electra2(cytosol)|mKOK(cytosol)|mTFP1(cytosol),,,,,cytosol,mKate2(cytosol)|mCitrine(cytosol)|Electra2(cytosol)|mKOK(cytosol)|mTFP1(cytosol),sheet
/clusterfs/vast/abcabc/Korra_Foundation/20250606_skittlez/fish12_roi2,20250606-plate24-slot4-roi2,20250606,24,4,2,20250606_skittlez,20250606_skittlez,fish12,12,,,72,20250606_skittlez,6/6/25,6/6/25,pDQM034,309,,,mKate2|mCitrine|Electra2|mKOK|mTFP1,,cytosol,mKate2(cytosol)|mCitrine(cytosol)|Electra2(cytosol)|mKOK(cytosol)|mTFP1(cytosol),,,,,cytosol,mKate2(cytosol)|mCitrine(cytosol)|Electra2(cytosol)|mKOK(cytosol)|mTFP1(cytosol),sheet
/clusterfs/vast/abcabc/Korra_Foundation/20250606_skittlez/fish13_roi1,20250606-plate24-slot5-roi1,20250606,24,5,1,20250606_skittlez,20250606_skittlez,fish13,13,,,72,20250606_skittlez,6/6/25,6/6/25,pDQM034,309,,,mKate2|mCitrine|Electra2|mKOK|mTFP1,,cytosol,mKate2(cytosol)|mCitrine(cytosol)|Electra2(cytosol)|mKOK(cytosol)|mTFP1(cytosol),,,,,cytosol,mKate2(cytosol)|mCitrine(cytosol)|Electra2(cytosol)|mKOK(cytosol)|mTFP1(cytosol),sheet
/clusterfs/vast/abcabc/Korra_Foundation/20250606_skittlez/fish13_roi2,20250606-plate24-slot5-roi2,20250606,24,5,2,20250606_skittlez,20250606_skittlez,fish13,13,,,72,20250606_skittlez,6/6/25,6/6/25,pDQM034,309,,,mKate2|mCitrine|Electra2|mKOK|mTFP1,,cytosol,mKate2(cytosol)|mCitrine(cytosol)|Electra2(cytosol)|mKOK(cytosol)|mTFP1(cytosol),,,,,cytosol,mKate2(cytosol)|mCitrine(cytosol)|Electra2(cytosol)|mKOK(cytosol)|mTFP1(cytosol),sheet
/clusterfs/vast/abcabc/Korra_Foundation/20250606_skittlez/fish14_roi1,20250606-plate24-slot6-roi1,20250606,24,6,1,20250606_skittlez,20250606_skittlez,fish14,14,,,72,20250606_skittlez,6/6/25,6/6/25,pDQM034,309,,,mKate2|mCitrine|Electra2|mKOK|mTFP1,,cytosol,mKate2(cytosol)|mCitrine(cytosol)|Electra2(cytosol)|mKOK(cytosol)|mTFP1(cytosol),,,,,cytosol,mKate2(cytosol)|mCitrine(cytosol)|Electra2(cytosol)|mKOK(cytosol)|mTFP1(cytosol),sheet
/clusterfs/vast/abcabc/Korra_Foundation/20250606_skittlez/fish14_roi2,20250606-plate24-slot6-roi2,20250606,24,6,2,20250606_skittlez,20250606_skittlez,fish14,14,,,72,20250606_skittlez,6/6/25,6/6/25,pDQM034,309,,,mKate2|mCitrine|Electra2|mKOK|mTFP1,,cytosol,mKate2(cytosol)|mCitrine(cytosol)|Electra2(cytosol)|mKOK(cytosol)|mTFP1(cytosol),,,,,cytosol,mKate2(cytosol)|mCitrine(cytosol)|Electra2(cytosol)|mKOK(cytosol)|mTFP1(cytosol),sheet
/clusterfs/vast/abcabc/Korra_Foundation/20250606_skittlez/fish14_roi3,20250606-plate24-slot6-roi3,20250606,24,6,3,20250606_skittlez,20250606_skittlez,fish14,14,,,72,20250606_skittlez,6/6/25,6/6/25,pDQM034,309,,,mKate2|mCitrine|Electra2|mKOK|mTFP1,,cytosol,mKate2(cytosol)|mCitrine(cytosol)|Electra2(cytosol)|mKOK(cytosol)|mTFP1(cytosol),,,,,cytosol,mKate2(cytosol)|mCitrine(cytosol)|Electra2(cytosol)|mKOK(cytosol)|mTFP1(cytosol),sheet
/clusterfs/vast/abcabc/Korra_Foundation/20250606_skittlez/fish15_roi1,20250606-plate25-slot1-roi1,20250606,25,1,1,20250606_skittlez,20250606_skittlez,fish15,15,,,72,20250606_skittlez,6/6/25,6/6/25,pDQM034,309,,,mKate2|mCitrine|Electra2|mKOK|mTFP1,,cytosol,mKate2(cytosol)|mCitrine(cytosol)|Electra2(cytosol)|mKOK(cytosol)|mTFP1(cytosol),,,,,cytosol,mKate2(cytosol)|mCitrine(cytosol)|Electra2(cytosol)|mKOK(cytosol)|mTFP1(cytosol),sheet
/clusterfs/vast/abcabc/Korra_Foundation/20250606_skittlez/fish15_roi2,20250606-plate25-slot1-roi2,20250606,25,1,2,20250606_skittlez,20250606_skittlez,fish15,15,,,72,20250606_skittlez,6/6/25,6/6/25,pDQM034,309,,,mKate2|mCitrine|Electra2|mKOK|mTFP1,,cytosol,mKate2(cytosol)|mCitrine(cytosol)|Electra2(cytosol)|mKOK(cytosol)|mTFP1(cytosol),,,,,cytosol,mKate2(cytosol)|mCitrine(cytosol)|Electra2(cytosol)|mKOK(cytosol)|mTFP1(cytosol),sheet
/clusterfs/vast/abcabc/Korra_Foundation/20250606_skittlez/fish15_roi3,20250606-plate25-slot1-roi3,20250606,25,1,3,20250606_skittlez,20250606_skittlez,fish15,15,,,72,20250606_skittlez,6/6/25,6/6/25,pDQM034,309,,,mKate2|mCitrine|Electra2|mKOK|mTFP1,,cytosol,mKate2(cytosol)|mCitrine(cytosol)|Electra2(cytosol)|mKOK(cytosol)|mTFP1(cytosol),,,,,cytosol,mKate2(cytosol)|mCitrine(cytosol)|Electra2(cytosol)|mKOK(cytosol)|mTFP1(cytosol),sheet
/clusterfs/vast/abcabc/Korra_Foundation/20250606_skittlez/fish1_roi1,20250606-plate24-slot1-roi1,20250606,24,1,1,20250606_skittlez,20250606_skittlez,fish1,1,,,48,20250606_skittlez,6/6/25,6/6/25,pDQM034,309,,,mKate2|mCitrine|Electra2|mKOK|mTFP1,,cytosol,mKate2(cytosol)|mCitrine(cytosol)|Electra2(cytosol)|mKOK(cytosol)|mTFP1(cytosol),,,,,cytosol,mKate2(cytosol)|mCitrine(cytosol)|Electra2(cytosol)|mKOK(cytosol)|mTFP1(cytosol),sheet
/clusterfs/vast/abcabc/Korra_Foundation/20250606_skittlez/fish2_roi1,20250606-plate25-slot2-roi1,20250606,25,2,1,20250606_skittlez,20250606_skittlez,fish2,2,,,48,20250606_skittlez,6/6/25,6/6/25,pDQM034,309,,,mKate2|mCitrine|Electra2|mKOK|mTFP1,,cytosol,mKate2(cytosol)|mCitrine(cytosol)|Electra2(cytosol)|mKOK(cytosol)|mTFP1(cytosol),,,,,cytosol,mKate2(cytosol)|mCitrine(cytosol)|Electra2(cytosol)|mKOK(cytosol)|mTFP1(cytosol),sheet
/clusterfs/vast/abcabc/Korra_Foundation/20250606_skittlez/fish3_roi1,20250606-plate25-slot3-roi1,20250606,25,3,1,20250606_skittlez,20250606_skittlez,fish3,3,,,48,20250606_skittlez,6/6/25,6/6/25,pDQM034,309,,,mKate2|mCitrine|Electra2|mKOK|mTFP1,,cytosol,mKate2(cytosol)|mCitrine(cytosol)|Electra2(cytosol)|mKOK(cytosol)|mTFP1(cytosol),,,,,cytosol,mKate2(cytosol)|mCitrine(cytosol)|Electra2(cytosol)|mKOK(cytosol)|mTFP1(cytosol),sheet
/clusterfs/vast/abcabc/Korra_Foundation/20250606_skittlez/fish4_roi1,20250606-plate25-slot4-roi1,20250606,25,4,1,20250606_skittlez,20250606_skittlez,fish4,4,,,48,20250606_skittlez,6/6/25,6/6/25,pDQM034,309,,,mKate2|mCitrine|Electra2|mKOK|mTFP1,,cytosol,mKate2(cytosol)|mCitrine(cytosol)|Electra2(cytosol)|mKOK(cytosol)|mTFP1(cytosol),,,,,cytosol,mKate2(cytosol)|mCitrine(cytosol)|Electra2(cytosol)|mKOK(cytosol)|mTFP1(cytosol),sheet
/clusterfs/vast/abcabc/Korra_Foundation/20250606_skittlez/fish6_roi1,20250606-plate25-slot5-roi1,20250606,25,5,1,20250606_skittlez,20250606_skittlez,fish6,6,,,48,20250606_skittlez,6/6/25,6/6/25,pDQM034,309,,,mKate2|mCitrine|Electra2|mKOK|mTFP1,,cytosol,mKate2(cytosol)|mCitrine(cytosol)|Electra2(cytosol)|mKOK(cytosol)|mTFP1(cytosol),,,,,cytosol,mKate2(cytosol)|mCitrine(cytosol)|Electra2(cytosol)|mKOK(cytosol)|mTFP1(cytosol),sheet
/clusterfs/vast/abcabc/Korra_Foundation/20250606_skittlez/fish7_roi1,20250606-plate25-slot6-roi1,20250606,25,6,1,20250606_skittlez,20250606_skittlez,fish7,7,,,48,20250606_skittlez,6/6/25,6/6/25,pDQM034,309,,,mKate2|mCitrine|Electra2|mKOK|mTFP1,,cytosol,mKate2(cytosol)|mCitrine(cytosol)|Electra2(cytosol)|mKOK(cytosol)|mTFP1(cytosol),,,,,cytosol,mKate2(cytosol)|mCitrine(cytosol)|Electra2(cytosol)|mKOK(cytosol)|mTFP1(cytosol),sheet
/clusterfs/vast/abcabc/Korra_Foundation/20250606_skittlez/fish7_roi2,20250606-plate25-slot6-roi2,20250606,25,6,2,20250606_skittlez,20250606_skittlez,fish7,7,,,48,20250606_skittlez,6/6/25,6/6/25,pDQM034,309,,,mKate2|mCitrine|Electra2|mKOK|mTFP1,,cytosol,mKate2(cytosol)|mCitrine(cytosol)|Electra2(cytosol)|mKOK(cytosol)|mTFP1(cytosol),,,,,cytosol,mKate2(cytosol)|mCitrine(cytosol)|Electra2(cytosol)|mKOK(cytosol)|mTFP1(cytosol),sheet
/clusterfs/vast/abcabc/Korra_Foundation/20250606_skittlez/fish8_roi1,20250606-plate26-slot1-roi1,20250606,26,1,1,20250606_skittlez,20250606_skittlez,fish8,8,,,48,20250606_skittlez,6/6/25,6/6/25,pDQM034,309,,,mKate2|mCitrine|Electra2|mKOK|mTFP1,,cytosol,mKate2(cytosol)|mCitrine(cytosol)|Electra2(cytosol)|mKOK(cytosol)|mTFP1(cytosol),,,,,cytosol,mKate2(cytosol)|mCitrine(cytosol)|Electra2(cytosol)|mKOK(cytosol)|mTFP1(cytosol),sheet
/clusterfs/vast/abcabc/Korra_Foundation/20250606_skittlez/fish9_roi1,20250606-plate26-slot2-roi1,20250606,26,2,1,20250606_skittlez,20250606_skittlez,fish9,9,,,72,20250606_skittlez,6/6/25,6/6/25,pDQM034,309,,,mKate2|mCitrine|Electra2|mKOK|mTFP1,,cytosol,mKate2(cytosol)|mCitrine(cytosol)|Electra2(cytosol)|mKOK(cytosol)|mTFP1(cytosol),,,,,cytosol,mKate2(cytosol)|mCitrine(cytosol)|Electra2(cytosol)|mKOK(cytosol)|mTFP1(cytosol),sheet
/clusterfs/vast/abcabc/Korra_Foundation/20250606_skittlez/fish9_roi2,20250606-plate26-slot2-roi2,20250606,26,2,2,20250606_skittlez,20250606_skittlez,fish9,9,,,72,20250606_skittlez,6/6/25,6/6/25,pDQM034,309,,,mKate2|mCitrine|Electra2|mKOK|mTFP1,,cytosol,mKate2(cytosol)|mCitrine(cytosol)|Electra2(cytosol)|mKOK(cytosol)|mTFP1(cytosol),,,,,cytosol,mKate2(cytosol)|mCitrine(cytosol)|Electra2(cytosol)|mKOK(cytosol)|mTFP1(cytosol),sheet
/clusterfs/vast/abcabc/Korra_Foundation/20250609_mem-histone/fish11_72hpf_roi1,20250609-plate27-slot1-roi1,20250609,27,1,1,20250609_mem-histone,20250609_mem-histone,fish11,11,72,,8168,20250609_mem-histone,6/9/25,6/9/25,"pDQM005,pDQM133","302,324",pDQM117,,tdmSG|tdmScarlet3,2xLynk|H2B,membrane|histone,tdmSG(membrane)|tdmScarlet3(histone),mScarlet3S2,H2B,histone,mScarlet3S2(histone),membrane|histone,tdmSG(membrane)|tdmScarlet3(histone)|mScarlet3S2(histone),sheet
/clusterfs/vast/abcabc/Korra_Foundation/20250609_mem-histone/fish2_24hpf_roi1,20250609-plate27-slot2-roi1,20250609,27,2,1,20250609_mem-histone,20250609_mem-histone,fish2,2,24,,2880,20250609_mem-histone,6/9/25,6/9/25,"pDQM005,pDQM133","302,324",pDQM117,,tdmSG|tdmScarlet3,2xLynk|H2B,membrane|histone,tdmSG(membrane)|tdmScarlet3(histone),mScarlet3S2,H2B,histone,mScarlet3S2(histone),membrane|histone,tdmSG(membrane)|tdmScarlet3(histone)|mScarlet3S2(histone),sheet
/clusterfs/vast/abcabc/Korra_Foundation/20250609_mem-histone/fish2_24hpf_roi2,20250609-plate27-slot2-roi2,20250609,27,2,2,20250609_mem-histone,20250609_mem-histone,fish2,2,24,,3520,20250609_mem-histone,6/9/25,6/9/25,"pDQM005,pDQM133","302,324",pDQM117,,tdmSG|tdmScarlet3,2xLynk|H2B,membrane|histone,tdmSG(membrane)|tdmScarlet3(histone),mScarlet3S2,H2B,histone,mScarlet3S2(histone),membrane|histone,tdmSG(membrane)|tdmScarlet3(histone)|mScarlet3S2(histone),sheet
/clusterfs/vast/abcabc/Korra_Foundation/20250609_mem-histone/fish3_24hpf_roi1,20250609-plate27-slot3-roi1,20250609,27,3,1,20250609_mem-histone,20250609_mem-histone,fish3,3,24,,4000,20250609_mem-histone,6/9/25,6/9/25,"pDQM005,pDQM133","302,324",pDQM117,,tdmSG|tdmScarlet3,2xLynk|H2B,membrane|histone,tdmSG(membrane)|tdmScarlet3(histone),mScarlet3S2,H2B,histone,mScarlet3S2(histone),membrane|histone,tdmSG(membrane)|tdmScarlet3(histone)|mScarlet3S2(histone),sheet
/clusterfs/vast/abcabc/Korra_Foundation/20250609_mem-histone/fish4_24hpf_roi1,20250609-plate27-slot4-roi1,20250609,27,4,1,20250609_mem-histone,20250609_mem-histone,fish4,4,24,,2560,20250609_mem-histone,6/9/25,6/9/25,"pDQM005,pDQM133","302,324",pDQM117,,tdmSG|tdmScarlet3,2xLynk|H2B,membrane|histone,tdmSG(membrane)|tdmScarlet3(histone),mScarlet3S2,H2B,histone,mScarlet3S2(histone),membrane|histone,tdmSG(membrane)|tdmScarlet3(histone)|mScarlet3S2(histone),sheet
/clusterfs/vast/abcabc/Korra_Foundation/20250609_mem-histone/fish5_24hpf_roi1,20250609-plate27-slot5-roi1,20250609,27,5,1,20250609_mem-histone,20250609_mem-histone,fish5,5,24,,2560,20250609_mem-histone,6/9/25,6/9/25,"pDQM005,pDQM133","302,324",pDQM117,,tdmSG|tdmScarlet3,2xLynk|H2B,membrane|histone,tdmSG(membrane)|tdmScarlet3(histone),mScarlet3S2,H2B,histone,mScarlet3S2(histone),membrane|histone,tdmSG(membrane)|tdmScarlet3(histone)|mScarlet3S2(histone),sheet
/clusterfs/vast/abcabc/Korra_Foundation/20250609_mem-histone/fish5_48hpf_roi2,20250609-plate27-slot5-roi2,20250609,27,5,2,20250609_mem-histone,20250609_mem-histone,fish5,5,48,,2560,20250609_mem-histone,6/9/25,6/9/25,"pDQM005,pDQM133","302,324",pDQM117,,tdmSG|tdmScarlet3,2xLynk|H2B,membrane|histone,tdmSG(membrane)|tdmScarlet3(histone),mScarlet3S2,H2B,histone,mScarlet3S2(histone),membrane|histone,tdmSG(membrane)|tdmScarlet3(histone)|mScarlet3S2(histone),sheet
/clusterfs/vast/abcabc/Korra_Foundation/20250609_mem-histone/fish6_48hpf_roi1,20250609-plate27-slot6-roi1,20250609,27,6,1,20250609_mem-histone,20250609_mem-histone,fish6,6,48,,2080,20250609_mem-histone,6/9/25,6/9/25,"pDQM005,pDQM133","302,324",pDQM117,,tdmSG|tdmScarlet3,2xLynk|H2B,membrane|histone,tdmSG(membrane)|tdmScarlet3(histone),mScarlet3S2,H2B,histone,mScarlet3S2(histone),membrane|histone,tdmSG(membrane)|tdmScarlet3(histone)|mScarlet3S2(histone),sheet
/clusterfs/vast/abcabc/Korra_Foundation/20250609_mem-histone/fish6_48hpf_roi2,20250609-plate27-slot6-roi2,20250609,27,6,2,20250609_mem-histone,20250609_mem-histone,fish6,6,48,,1600,20250609_mem-histone,6/9/25,6/9/25,"pDQM005,pDQM133","302,324",pDQM117,,tdmSG|tdmScarlet3,2xLynk|H2B,membrane|histone,tdmSG(membrane)|tdmScarlet3(histone),mScarlet3S2,H2B,histone,mScarlet3S2(histone),membrane|histone,tdmSG(membrane)|tdmScarlet3(histone)|mScarlet3S2(histone),sheet
/clusterfs/vast/abcabc/Korra_Foundation/20250612_skittlez/fish1_roi1,20250612-plate28-slot1-roi1,20250612,28,1,1,20250612_skittlez,20250612_skittlez,fish1,1,,,300,20250612_skittlez,6/12/25,6/12/25,pDQM034,309,,,mKate2|mCitrine|Electra2|mKOK|mTFP1,,cytosol,mKate2(cytosol)|mCitrine(cytosol)|Electra2(cytosol)|mKOK(cytosol)|mTFP1(cytosol),,,,,cytosol,mKate2(cytosol)|mCitrine(cytosol)|Electra2(cytosol)|mKOK(cytosol)|mTFP1(cytosol),sheet
/clusterfs/vast/abcabc/Korra_Foundation/20250612_skittlez/fish2_roi1,20250612-plate28-slot2-roi1,20250612,28,2,1,20250612_skittlez,20250612_skittlez,fish2,2,,,120,20250612_skittlez,6/12/25,6/12/25,pDQM034,309,,,mKate2|mCitrine|Electra2|mKOK|mTFP1,,cytosol,mKate2(cytosol)|mCitrine(cytosol)|Electra2(cytosol)|mKOK(cytosol)|mTFP1(cytosol),,,,,cytosol,mKate2(cytosol)|mCitrine(cytosol)|Electra2(cytosol)|mKOK(cytosol)|mTFP1(cytosol),sheet
/clusterfs/vast/abcabc/Korra_Foundation/20250612_skittlez/fish3_roi1,20250612-plate28-slot3-roi1,20250612,28,3,1,20250612_skittlez,20250612_skittlez,fish3,3,,,150,20250612_skittlez,6/12/25,6/12/25,pDQM034,309,,,mKate2|mCitrine|Electra2|mKOK|mTFP1,,cytosol,mKate2(cytosol)|mCitrine(cytosol)|Electra2(cytosol)|mKOK(cytosol)|mTFP1(cytosol),,,,,cytosol,mKate2(cytosol)|mCitrine(cytosol)|Electra2(cytosol)|mKOK(cytosol)|mTFP1(cytosol),sheet
/clusterfs/vast/abcabc/Korra_Foundation/20250612_skittlez/fish4_roi1,20250612-plate28-slot4-roi1,20250612,28,4,1,20250612_skittlez,20250612_skittlez,fish4,4,,,270,20250612_skittlez,6/12/25,6/12/25,pDQM034,309,,,mKate2|mCitrine|Electra2|mKOK|mTFP1,,cytosol,mKate2(cytosol)|mCitrine(cytosol)|Electra2(cytosol)|mKOK(cytosol)|mTFP1(cytosol),,,,,cytosol,mKate2(cytosol)|mCitrine(cytosol)|Electra2(cytosol)|mKOK(cytosol)|mTFP1(cytosol),sheet
/clusterfs/vast/abcabc/Korra_Foundation/20250612_skittlez/fish5_roi1,20250612-plate28-slot5-roi1,20250612,28,5,1,20250612_skittlez,20250612_skittlez,fish5,5,,,120,20250612_skittlez,6/12/25,6/12/25,pDQM034,309,,,mKate2|mCitrine|Electra2|mKOK|mTFP1,,cytosol,mKate2(cytosol)|mCitrine(cytosol)|Electra2(cytosol)|mKOK(cytosol)|mTFP1(cytosol),,,,,cytosol,mKate2(cytosol)|mCitrine(cytosol)|Electra2(cytosol)|mKOK(cytosol)|mTFP1(cytosol),sheet
/clusterfs/vast/abcabc/Korra_Foundation/20250612_skittlez/fish5_roi2,20250612-plate28-slot5-roi2,20250612,28,5,2,20250612_skittlez,20250612_skittlez,fish5,5,,,120,20250612_skittlez,6/12/25,6/12/25,pDQM034,309,,,mKate2|mCitrine|Electra2|mKOK|mTFP1,,cytosol,mKate2(cytosol)|mCitrine(cytosol)|Electra2(cytosol)|mKOK(cytosol)|mTFP1(cytosol),,,,,cytosol,mKate2(cytosol)|mCitrine(cytosol)|Electra2(cytosol)|mKOK(cytosol)|mTFP1(cytosol),sheet
/clusterfs/vast/abcabc/Korra_Foundation/20250612_skittlez/fish5_roi3,20250612-plate28-slot5-roi3,20250612,28,5,3,20250612_skittlez,20250612_skittlez,fish5,5,,,120,20250612_skittlez,6/12/25,6/12/25,pDQM034,309,,,mKate2|mCitrine|Electra2|mKOK|mTFP1,,cytosol,mKate2(cytosol)|mCitrine(cytosol)|Electra2(cytosol)|mKOK(cytosol)|mTFP1(cytosol),,,,,cytosol,mKate2(cytosol)|mCitrine(cytosol)|Electra2(cytosol)|mKOK(cytosol)|mTFP1(cytosol),sheet
/clusterfs/vast/abcabc/Korra_Foundation/20250612_skittlez/fish6_roi1,20250612-plate28-slot6-roi1,20250612,28,6,1,20250612_skittlez,20250612_skittlez,fish6,6,,,120,20250612_skittlez,6/12/25,6/12/25,pDQM034,309,,,mKate2|mCitrine|Electra2|mKOK|mTFP1,,cytosol,mKate2(cytosol)|mCitrine(cytosol)|Electra2(cytosol)|mKOK(cytosol)|mTFP1(cytosol),,,,,cytosol,mKate2(cytosol)|mCitrine(cytosol)|Electra2(cytosol)|mKOK(cytosol)|mTFP1(cytosol),sheet
/clusterfs/vast/abcabc/Korra_Foundation/20250612_skittlez/fish7_roi1,20250612-plate29-slot1-roi1,20250612,29,1,1,20250612_skittlez,20250612_skittlez,fish7,7,,,90,20250612_skittlez,6/12/25,6/12/25,pDQM034,309,,,mKate2|mCitrine|Electra2|mKOK|mTFP1,,cytosol,mKate2(cytosol)|mCitrine(cytosol)|Electra2(cytosol)|mKOK(cytosol)|mTFP1(cytosol),,,,,cytosol,mKate2(cytosol)|mCitrine(cytosol)|Electra2(cytosol)|mKOK(cytosol)|mTFP1(cytosol),sheet
/clusterfs/vast/abcabc/Korra_Foundation/20250612_skittlez/fish8_roi1,20250612-plate29-slot2-roi1,20250612,29,2,1,20250612_skittlez,20250612_skittlez,fish8,8,,,180,20250612_skittlez,6/12/25,6/12/25,pDQM034,309,,,mKate2|mCitrine|Electra2|mKOK|mTFP1,,cytosol,mKate2(cytosol)|mCitrine(cytosol)|Electra2(cytosol)|mKOK(cytosol)|mTFP1(cytosol),,,,,cytosol,mKate2(cytosol)|mCitrine(cytosol)|Electra2(cytosol)|mKOK(cytosol)|mTFP1(cytosol),sheet
/clusterfs/vast/abcabc/Korra_Foundation/20250613_skittlez/fish10_roi1,20250613-plate30-slot2-roi1,20250613,30,2,1,20250613_skittlez,20250613_skittlez,fish10,10,,,120,20250613_skittlez,6/13/25,6/13/25,pDQM034,309,,,mKate2|mCitrine|Electra2|mKOK|mTFP1,,cytosol,mKate2(cytosol)|mCitrine(cytosol)|Electra2(cytosol)|mKOK(cytosol)|mTFP1(cytosol),,,,,cytosol,mKate2(cytosol)|mCitrine(cytosol)|Electra2(cytosol)|mKOK(cytosol)|mTFP1(cytosol),sheet
/clusterfs/vast/abcabc/Korra_Foundation/20250613_skittlez/fish11_roi1,20250613-plate30-slot3-roi1,20250613,30,3,1,20250613_skittlez,20250613_skittlez,fish11,11,,,180,20250613_skittlez,6/13/25,6/13/25,pDQM034,309,,,mKate2|mCitrine|Electra2|mKOK|mTFP1,,cytosol,mKate2(cytosol)|mCitrine(cytosol)|Electra2(cytosol)|mKOK(cytosol)|mTFP1(cytosol),,,,,cytosol,mKate2(cytosol)|mCitrine(cytosol)|Electra2(cytosol)|mKOK(cytosol)|mTFP1(cytosol),sheet
/clusterfs/vast/abcabc/Korra_Foundation/20250613_skittlez/fish12_roi1,20250613-plate30-slot4-roi1,20250613,30,4,1,20250613_skittlez,20250613_skittlez,fish12,12,,,150,20250613_skittlez,6/13/25,6/13/25,pDQM034,309,,,mKate2|mCitrine|Electra2|mKOK|mTFP1,,cytosol,mKate2(cytosol)|mCitrine(cytosol)|Electra2(cytosol)|mKOK(cytosol)|mTFP1(cytosol),,,,,cytosol,mKate2(cytosol)|mCitrine(cytosol)|Electra2(cytosol)|mKOK(cytosol)|mTFP1(cytosol),sheet
/clusterfs/vast/abcabc/Korra_Foundation/20250613_skittlez/fish1_roi1,20250613-plate30-slot1-roi1,20250613,30,1,1,20250613_skittlez,20250613_skittlez,fish1,1,,,144,20250613_skittlez,6/13/25,6/13/25,pDQM034,309,,,mKate2|mCitrine|Electra2|mKOK|mTFP1,,cytosol,mKate2(cytosol)|mCitrine(cytosol)|Electra2(cytosol)|mKOK(cytosol)|mTFP1(cytosol),,,,,cytosol,mKate2(cytosol)|mCitrine(cytosol)|Electra2(cytosol)|mKOK(cytosol)|mTFP1(cytosol),sheet
/clusterfs/vast/abcabc/Korra_Foundation/20250613_skittlez/fish2_roi1,20250613-plate30-slot5-roi1,20250613,30,5,1,20250613_skittlez,20250613_skittlez,fish2,2,,,108,20250613_skittlez,6/13/25,6/13/25,pDQM034,309,,,mKate2|mCitrine|Electra2|mKOK|mTFP1,,cytosol,mKate2(cytosol)|mCitrine(cytosol)|Electra2(cytosol)|mKOK(cytosol)|mTFP1(cytosol),,,,,cytosol,mKate2(cytosol)|mCitrine(cytosol)|Electra2(cytosol)|mKOK(cytosol)|mTFP1(cytosol),sheet
/clusterfs/vast/abcabc/Korra_Foundation/20250613_skittlez/fish3_roi1,20250613-plate30-slot6-roi1,20250613,30,6,1,20250613_skittlez,20250613_skittlez,fish3,3,,,72,20250613_skittlez,6/13/25,6/13/25,pDQM034,309,,,mKate2|mCitrine|Electra2|mKOK|mTFP1,,cytosol,mKate2(cytosol)|mCitrine(cytosol)|Electra2(cytosol)|mKOK(cytosol)|mTFP1(cytosol),,,,,cytosol,mKate2(cytosol)|mCitrine(cytosol)|Electra2(cytosol)|mKOK(cytosol)|mTFP1(cytosol),sheet
/clusterfs/vast/abcabc/Korra_Foundation/20250613_skittlez/fish4_roi1,20250613-plate31-slot1-roi1,20250613,31,1,1,20250613_skittlez,20250613_skittlez,fish4,4,,,72,20250613_skittlez,6/13/25,6/13/25,pDQM034,309,,,mKate2|mCitrine|Electra2|mKOK|mTFP1,,cytosol,mKate2(cytosol)|mCitrine(cytosol)|Electra2(cytosol)|mKOK(cytosol)|mTFP1(cytosol),,,,,cytosol,mKate2(cytosol)|mCitrine(cytosol)|Electra2(cytosol)|mKOK(cytosol)|mTFP1(cytosol),sheet
/clusterfs/vast/abcabc/Korra_Foundation/20250613_skittlez/fish5_roi1,20250613-plate31-slot2-roi1,20250613,31,2,1,20250613_skittlez,20250613_skittlez,fish5,5,,,90,20250613_skittlez,6/13/25,6/13/25,pDQM034,309,,,mKate2|mCitrine|Electra2|mKOK|mTFP1,,cytosol,mKate2(cytosol)|mCitrine(cytosol)|Electra2(cytosol)|mKOK(cytosol)|mTFP1(cytosol),,,,,cytosol,mKate2(cytosol)|mCitrine(cytosol)|Electra2(cytosol)|mKOK(cytosol)|mTFP1(cytosol),sheet
/clusterfs/vast/abcabc/Korra_Foundation/20250613_skittlez/fish6_roi1,20250613-plate31-slot3-roi1,20250613,31,3,1,20250613_skittlez,20250613_skittlez,fish6,6,,,60,20250613_skittlez,6/13/25,6/13/25,pDQM034,309,,,mKate2|mCitrine|Electra2|mKOK|mTFP1,,cytosol,mKate2(cytosol)|mCitrine(cytosol)|Electra2(cytosol)|mKOK(cytosol)|mTFP1(cytosol),,,,,cytosol,mKate2(cytosol)|mCitrine(cytosol)|Electra2(cytosol)|mKOK(cytosol)|mTFP1(cytosol),sheet
/clusterfs/vast/abcabc/Korra_Foundation/20250613_skittlez/fish7_roi,20250613-plate31-slot4-roi1,20250613,31,4,1,20250613_skittlez,20250613_skittlez,fish7,7,,,108,20250613_skittlez,6/13/25,6/13/25,pDQM034,309,,,mKate2|mCitrine|Electra2|mKOK|mTFP1,,cytosol,mKate2(cytosol)|mCitrine(cytosol)|Electra2(cytosol)|mKOK(cytosol)|mTFP1(cytosol),,,,,cytosol,mKate2(cytosol)|mCitrine(cytosol)|Electra2(cytosol)|mKOK(cytosol)|mTFP1(cytosol),sheet
/clusterfs/vast/abcabc/Korra_Foundation/20250613_skittlez/fish8_roi1,20250613-plate31-slot5-roi1,20250613,31,5,1,20250613_skittlez,20250613_skittlez,fish8,8,,,90,20250613_skittlez,6/13/25,6/13/25,pDQM034,309,,,mKate2|mCitrine|Electra2|mKOK|mTFP1,,cytosol,mKate2(cytosol)|mCitrine(cytosol)|Electra2(cytosol)|mKOK(cytosol)|mTFP1(cytosol),,,,,cytosol,mKate2(cytosol)|mCitrine(cytosol)|Electra2(cytosol)|mKOK(cytosol)|mTFP1(cytosol),sheet
/clusterfs/vast/abcabc/Korra_Foundation/20250613_skittlez/fish9_roi1,20250613-plate31-slot6-roi1,20250613,31,6,1,20250613_skittlez,20250613_skittlez,fish9,9,,,240,20250613_skittlez,6/13/25,6/13/25,pDQM034,309,,,mKate2|mCitrine|Electra2|mKOK|mTFP1,,cytosol,mKate2(cytosol)|mCitrine(cytosol)|Electra2(cytosol)|mKOK(cytosol)|mTFP1(cytosol),,,,,cytosol,mKate2(cytosol)|mCitrine(cytosol)|Electra2(cytosol)|mKOK(cytosol)|mTFP1(cytosol),sheet
/clusterfs/vast/abcabc/Korra_Foundation/20250616_mem-histone/fish1_24hpf_roi1_brain,20250616-plate32-slot1-roi1,20250616,32,1,1,20250616_mem-histone,20250616_mem-histone,fish1,1,24,brain,1812,20250616_mem-histone,6/16/25,6/16/25,"pDQM005,pDQM133","302,324",pDQM117,,tdmSG|tdmScarlet3,2xLynk|H2B,membrane|histone,tdmSG(membrane)|tdmScarlet3(histone),mScarlet3S2,H2B,histone,mScarlet3S2(histone),membrane|histone,tdmSG(membrane)|tdmScarlet3(histone)|mScarlet3S2(histone),sheet
/clusterfs/vast/abcabc/Korra_Foundation/20250616_mem-histone/fish1_72hpf_roi1-ear,20250616-plate32-slot1-roi2,20250616,32,1,2,20250616_mem-histone,20250616_mem-histone,fish1,1,72,ear,1144,20250616_mem-histone,6/16/25,6/16/25,"pDQM005,pDQM133","302,324",pDQM117,,tdmSG|tdmScarlet3,2xLynk|H2B,membrane|histone,tdmSG(membrane)|tdmScarlet3(histone),mScarlet3S2,H2B,histone,mScarlet3S2(histone),membrane|histone,tdmSG(membrane)|tdmScarlet3(histone)|mScarlet3S2(histone),sheet
/clusterfs/vast/abcabc/Korra_Foundation/20250616_mem-histone/fish1_72hpf_roi2_muscle,20250616-plate32-slot1-roi3,20250616,32,1,3,20250616_mem-histone,20250616_mem-histone,fish1,1,72,muscle,8600,20250616_mem-histone,6/16/25,6/16/25,"pDQM005,pDQM133","302,324",pDQM117,,tdmSG|tdmScarlet3,2xLynk|H2B,membrane|histone,tdmSG(membrane)|tdmScarlet3(histone),mScarlet3S2,H2B,histone,mScarlet3S2(histone),membrane|histone,tdmSG(membrane)|tdmScarlet3(histone)|mScarlet3S2(histone),sheet
/clusterfs/vast/abcabc/Korra_Foundation/20250616_mem-histone/fish2_24hpf_roi1_brain,20250616-plate32-slot2-roi1,20250616,32,2,1,20250616_mem-histone,20250616_mem-histone,fish2,2,24,brain,3248,20250616_mem-histone,6/16/25,6/16/25,"pDQM005,pDQM133","302,324",pDQM117,,tdmSG|tdmScarlet3,2xLynk|H2B,membrane|histone,tdmSG(membrane)|tdmScarlet3(histone),mScarlet3S2,H2B,histone,mScarlet3S2(histone),membrane|histone,tdmSG(membrane)|tdmScarlet3(histone)|mScarlet3S2(histone),sheet
/clusterfs/vast/abcabc/Korra_Foundation/20250616_mem-histone/fish3_24hpf_roi1_brain,20250616-plate32-slot3-roi1,20250616,32,3,1,20250616_mem-histone,20250616_mem-histone,fish3,3,24,brain,3584,20250616_mem-histone,6/16/25,6/16/25,"pDQM005,pDQM133","302,324",pDQM117,,tdmSG|tdmScarlet3,2xLynk|H2B,membrane|histone,tdmSG(membrane)|tdmScarlet3(histone),mScarlet3S2,H2B,histone,mScarlet3S2(histone),membrane|histone,tdmSG(membrane)|tdmScarlet3(histone)|mScarlet3S2(histone),sheet
/clusterfs/vast/abcabc/Korra_Foundation/20250616_mem-histone/fish4_24hpf_roi1_brain,20250616-plate32-slot4-roi1,20250616,32,4,1,20250616_mem-histone,20250616_mem-histone,fish4,4,24,brain,1664,20250616_mem-histone,6/16/25,6/16/25,"pDQM005,pDQM133","302,324",pDQM117,,tdmSG|tdmScarlet3,2xLynk|H2B,membrane|histone,tdmSG(membrane)|tdmScarlet3(histone),mScarlet3S2,H2B,histone,mScarlet3S2(histone),membrane|histone,tdmSG(membrane)|tdmScarlet3(histone)|mScarlet3S2(histone),sheet
/clusterfs/vast/abcabc/Korra_Foundation/20250618_skittlez/fish10_roi1,20250618-plate33-slot2-roi1,20250618,33,2,1,20250618_skittlez,20250618_skittlez,fish10,10,,,72,20250618_skittlez,6/18/25,6/18/25,pDQM034,309,,,mKate2|mCitrine|Electra2|mKOK|mTFP1,,cytosol,mKate2(cytosol)|mCitrine(cytosol)|Electra2(cytosol)|mKOK(cytosol)|mTFP1(cytosol),,,,,cytosol,mKate2(cytosol)|mCitrine(cytosol)|Electra2(cytosol)|mKOK(cytosol)|mTFP1(cytosol),sheet
/clusterfs/vast/abcabc/Korra_Foundation/20250618_skittlez/fish10_roi2,20250618-plate33-slot2-roi2,20250618,33,2,2,20250618_skittlez,20250618_skittlez,fish10,10,,,72,20250618_skittlez,6/18/25,6/18/25,pDQM034,309,,,mKate2|mCitrine|Electra2|mKOK|mTFP1,,cytosol,mKate2(cytosol)|mCitrine(cytosol)|Electra2(cytosol)|mKOK(cytosol)|mTFP1(cytosol),,,,,cytosol,mKate2(cytosol)|mCitrine(cytosol)|Electra2(cytosol)|mKOK(cytosol)|mTFP1(cytosol),sheet
/clusterfs/vast/abcabc/Korra_Foundation/20250618_skittlez/fish10_roi3,20250618-plate33-slot2-roi3,20250618,33,2,3,20250618_skittlez,20250618_skittlez,fish10,10,,,72,20250618_skittlez,6/18/25,6/18/25,pDQM034,309,,,mKate2|mCitrine|Electra2|mKOK|mTFP1,,cytosol,mKate2(cytosol)|mCitrine(cytosol)|Electra2(cytosol)|mKOK(cytosol)|mTFP1(cytosol),,,,,cytosol,mKate2(cytosol)|mCitrine(cytosol)|Electra2(cytosol)|mKOK(cytosol)|mTFP1(cytosol),sheet
/clusterfs/vast/abcabc/Korra_Foundation/20250618_skittlez/fish10_roi4,20250618-plate33-slot2-roi4,20250618,33,2,4,20250618_skittlez,20250618_skittlez,fish10,10,,,72,20250618_skittlez,6/18/25,6/18/25,pDQM034,309,,,mKate2|mCitrine|Electra2|mKOK|mTFP1,,cytosol,mKate2(cytosol)|mCitrine(cytosol)|Electra2(cytosol)|mKOK(cytosol)|mTFP1(cytosol),,,,,cytosol,mKate2(cytosol)|mCitrine(cytosol)|Electra2(cytosol)|mKOK(cytosol)|mTFP1(cytosol),sheet
/clusterfs/vast/abcabc/Korra_Foundation/20250618_skittlez/fish11_roi1,20250618-plate33-slot3-roi1,20250618,33,3,1,20250618_skittlez,20250618_skittlez,fish11,11,,,90,20250618_skittlez,6/18/25,6/18/25,pDQM034,309,,,mKate2|mCitrine|Electra2|mKOK|mTFP1,,cytosol,mKate2(cytosol)|mCitrine(cytosol)|Electra2(cytosol)|mKOK(cytosol)|mTFP1(cytosol),,,,,cytosol,mKate2(cytosol)|mCitrine(cytosol)|Electra2(cytosol)|mKOK(cytosol)|mTFP1(cytosol),sheet
/clusterfs/vast/abcabc/Korra_Foundation/20250618_skittlez/fish1_roi1,20250618-plate33-slot1-roi1,20250618,33,1,1,20250618_skittlez,20250618_skittlez,fish1,1,,,24,20250618_skittlez,6/18/25,6/18/25,pDQM034,309,,,mKate2|mCitrine|Electra2|mKOK|mTFP1,,cytosol,mKate2(cytosol)|mCitrine(cytosol)|Electra2(cytosol)|mKOK(cytosol)|mTFP1(cytosol),,,,,cytosol,mKate2(cytosol)|mCitrine(cytosol)|Electra2(cytosol)|mKOK(cytosol)|mTFP1(cytosol),sheet
/clusterfs/vast/abcabc/Korra_Foundation/20250618_skittlez/fish1_roi1_2,20250618-plate33-slot1-roi2,20250618,33,1,2,20250618_skittlez,20250618_skittlez,fish1,1,,,96,20250618_skittlez,6/18/25,6/18/25,pDQM034,309,,,mKate2|mCitrine|Electra2|mKOK|mTFP1,,cytosol,mKate2(cytosol)|mCitrine(cytosol)|Electra2(cytosol)|mKOK(cytosol)|mTFP1(cytosol),,,,,cytosol,mKate2(cytosol)|mCitrine(cytosol)|Electra2(cytosol)|mKOK(cytosol)|mTFP1(cytosol),sheet
/clusterfs/vast/abcabc/Korra_Foundation/20250618_skittlez/fish2_roi1,20250618-plate33-slot4-roi1,20250618,33,4,1,20250618_skittlez,20250618_skittlez,fish2,2,,,120,20250618_skittlez,6/18/25,6/18/25,pDQM034,309,,,mKate2|mCitrine|Electra2|mKOK|mTFP1,,cytosol,mKate2(cytosol)|mCitrine(cytosol)|Electra2(cytosol)|mKOK(cytosol)|mTFP1(cytosol),,,,,cytosol,mKate2(cytosol)|mCitrine(cytosol)|Electra2(cytosol)|mKOK(cytosol)|mTFP1(cytosol),sheet
/clusterfs/vast/abcabc/Korra_Foundation/20250618_skittlez/fish3_roi1,20250618-plate33-slot5-roi1,20250618,33,5,1,20250618_skittlez,20250618_skittlez,fish3,3,,,72,20250618_skittlez,6/18/25,6/18/25,pDQM034,309,,,mKate2|mCitrine|Electra2|mKOK|mTFP1,,cytosol,mKate2(cytosol)|mCitrine(cytosol)|Electra2(cytosol)|mKOK(cytosol)|mTFP1(cytosol),,,,,cytosol,mKate2(cytosol)|mCitrine(cytosol)|Electra2(cytosol)|mKOK(cytosol)|mTFP1(cytosol),sheet
/clusterfs/vast/abcabc/Korra_Foundation/20250618_skittlez/fish4_roi1,20250618-plate33-slot6-roi1,20250618,33,6,1,20250618_skittlez,20250618_skittlez,fish4,4,,,72,20250618_skittlez,6/18/25,6/18/25,pDQM034,309,,,mKate2|mCitrine|Electra2|mKOK|mTFP1,,cytosol,mKate2(cytosol)|mCitrine(cytosol)|Electra2(cytosol)|mKOK(cytosol)|mTFP1(cytosol),,,,,cytosol,mKate2(cytosol)|mCitrine(cytosol)|Electra2(cytosol)|mKOK(cytosol)|mTFP1(cytosol),sheet
/clusterfs/vast/abcabc/Korra_Foundation/20250618_skittlez/fish5_roi1,20250618-plate34-slot1-roi1,20250618,34,1,1,20250618_skittlez,20250618_skittlez,fish5,5,,,72,20250618_skittlez,6/18/25,6/18/25,pDQM034,309,,,mKate2|mCitrine|Electra2|mKOK|mTFP1,,cytosol,mKate2(cytosol)|mCitrine(cytosol)|Electra2(cytosol)|mKOK(cytosol)|mTFP1(cytosol),,,,,cytosol,mKate2(cytosol)|mCitrine(cytosol)|Electra2(cytosol)|mKOK(cytosol)|mTFP1(cytosol),sheet
/clusterfs/vast/abcabc/Korra_Foundation/20250618_skittlez/fish6_roi1,20250618-plate34-slot2-roi1,20250618,34,2,1,20250618_skittlez,20250618_skittlez,fish6,6,,,54,20250618_skittlez,6/18/25,6/18/25,pDQM034,309,,,mKate2|mCitrine|Electra2|mKOK|mTFP1,,cytosol,mKate2(cytosol)|mCitrine(cytosol)|Electra2(cytosol)|mKOK(cytosol)|mTFP1(cytosol),,,,,cytosol,mKate2(cytosol)|mCitrine(cytosol)|Electra2(cytosol)|mKOK(cytosol)|mTFP1(cytosol),sheet
/clusterfs/vast/abcabc/Korra_Foundation/20250618_skittlez/fish6_roi2,20250618-plate34-slot2-roi2,20250618,34,2,2,20250618_skittlez,20250618_skittlez,fish6,6,,,72,20250618_skittlez,6/18/25,6/18/25,pDQM034,309,,,mKate2|mCitrine|Electra2|mKOK|mTFP1,,cytosol,mKate2(cytosol)|mCitrine(cytosol)|Electra2(cytosol)|mKOK(cytosol)|mTFP1(cytosol),,,,,cytosol,mKate2(cytosol)|mCitrine(cytosol)|Electra2(cytosol)|mKOK(cytosol)|mTFP1(cytosol),sheet
/clusterfs/vast/abcabc/Korra_Foundation/20250618_skittlez/fish7_roi1,20250618-plate34-slot3-roi1,20250618,34,3,1,20250618_skittlez,20250618_skittlez,fish7,7,,,72,20250618_skittlez,6/18/25,6/18/25,pDQM034,309,,,mKate2|mCitrine|Electra2|mKOK|mTFP1,,cytosol,mKate2(cytosol)|mCitrine(cytosol)|Electra2(cytosol)|mKOK(cytosol)|mTFP1(cytosol),,,,,cytosol,mKate2(cytosol)|mCitrine(cytosol)|Electra2(cytosol)|mKOK(cytosol)|mTFP1(cytosol),sheet
/clusterfs/vast/abcabc/Korra_Foundation/20250618_skittlez/fish7_roi2,20250618-plate34-slot3-roi2,20250618,34,3,2,20250618_skittlez,20250618_skittlez,fish7,7,,,72,20250618_skittlez,6/18/25,6/18/25,pDQM034,309,,,mKate2|mCitrine|Electra2|mKOK|mTFP1,,cytosol,mKate2(cytosol)|mCitrine(cytosol)|Electra2(cytosol)|mKOK(cytosol)|mTFP1(cytosol),,,,,cytosol,mKate2(cytosol)|mCitrine(cytosol)|Electra2(cytosol)|mKOK(cytosol)|mTFP1(cytosol),sheet
/clusterfs/vast/abcabc/Korra_Foundation/20250618_skittlez/fish7_roi3,20250618-plate34-slot3-roi3,20250618,34,3,3,20250618_skittlez,20250618_skittlez,fish7,7,,,48,20250618_skittlez,6/18/25,6/18/25,pDQM034,309,,,mKate2|mCitrine|Electra2|mKOK|mTFP1,,cytosol,mKate2(cytosol)|mCitrine(cytosol)|Electra2(cytosol)|mKOK(cytosol)|mTFP1(cytosol),,,,,cytosol,mKate2(cytosol)|mCitrine(cytosol)|Electra2(cytosol)|mKOK(cytosol)|mTFP1(cytosol),sheet
/clusterfs/vast/abcabc/Korra_Foundation/20250618_skittlez/fish7_roi4,20250618-plate34-slot3-roi4,20250618,34,3,4,20250618_skittlez,20250618_skittlez,fish7,7,,,48,20250618_skittlez,6/18/25,6/18/25,pDQM034,309,,,mKate2|mCitrine|Electra2|mKOK|mTFP1,,cytosol,mKate2(cytosol)|mCitrine(cytosol)|Electra2(cytosol)|mKOK(cytosol)|mTFP1(cytosol),,,,,cytosol,mKate2(cytosol)|mCitrine(cytosol)|Electra2(cytosol)|mKOK(cytosol)|mTFP1(cytosol),sheet
/clusterfs/vast/abcabc/Korra_Foundation/20250618_skittlez/fish8_roi1,20250618-plate34-slot4-roi1,20250618,34,4,1,20250618_skittlez,20250618_skittlez,fish8,8,,,48,20250618_skittlez,6/18/25,6/18/25,pDQM034,309,,,mKate2|mCitrine|Electra2|mKOK|mTFP1,,cytosol,mKate2(cytosol)|mCitrine(cytosol)|Electra2(cytosol)|mKOK(cytosol)|mTFP1(cytosol),,,,,cytosol,mKate2(cytosol)|mCitrine(cytosol)|Electra2(cytosol)|mKOK(cytosol)|mTFP1(cytosol),sheet
/clusterfs/vast/abcabc/Korra_Foundation/20250618_skittlez/fish8_roi2,20250618-plate34-slot4-roi2,20250618,34,4,2,20250618_skittlez,20250618_skittlez,fish8,8,,,48,20250618_skittlez,6/18/25,6/18/25,pDQM034,309,,,mKate2|mCitrine|Electra2|mKOK|mTFP1,,cytosol,mKate2(cytosol)|mCitrine(cytosol)|Electra2(cytosol)|mKOK(cytosol)|mTFP1(cytosol),,,,,cytosol,mKate2(cytosol)|mCitrine(cytosol)|Electra2(cytosol)|mKOK(cytosol)|mTFP1(cytosol),sheet
/clusterfs/vast/abcabc/Korra_Foundation/20250618_skittlez/fish8_roi3,20250618-plate34-slot4-roi3,20250618,34,4,3,20250618_skittlez,20250618_skittlez,fish8,8,,,48,20250618_skittlez,6/18/25,6/18/25,pDQM034,309,,,mKate2|mCitrine|Electra2|mKOK|mTFP1,,cytosol,mKate2(cytosol)|mCitrine(cytosol)|Electra2(cytosol)|mKOK(cytosol)|mTFP1(cytosol),,,,,cytosol,mKate2(cytosol)|mCitrine(cytosol)|Electra2(cytosol)|mKOK(cytosol)|mTFP1(cytosol),sheet
/clusterfs/vast/abcabc/Korra_Foundation/20250618_skittlez/fish8_roi4,20250618-plate34-slot4-roi4,20250618,34,4,4,20250618_skittlez,20250618_skittlez,fish8,8,,,48,20250618_skittlez,6/18/25,6/18/25,pDQM034,309,,,mKate2|mCitrine|Electra2|mKOK|mTFP1,,cytosol,mKate2(cytosol)|mCitrine(cytosol)|Electra2(cytosol)|mKOK(cytosol)|mTFP1(cytosol),,,,,cytosol,mKate2(cytosol)|mCitrine(cytosol)|Electra2(cytosol)|mKOK(cytosol)|mTFP1(cytosol),sheet
/clusterfs/vast/abcabc/Korra_Foundation/20250618_skittlez/fish9_roi1,20250618-plate34-slot5-roi1,20250618,34,5,1,20250618_skittlez,20250618_skittlez,fish9,9,,,48,20250618_skittlez,6/18/25,6/18/25,pDQM034,309,,,mKate2|mCitrine|Electra2|mKOK|mTFP1,,cytosol,mKate2(cytosol)|mCitrine(cytosol)|Electra2(cytosol)|mKOK(cytosol)|mTFP1(cytosol),,,,,cytosol,mKate2(cytosol)|mCitrine(cytosol)|Electra2(cytosol)|mKOK(cytosol)|mTFP1(cytosol),sheet
/clusterfs/vast/abcabc/Korra_Foundation/20250618_skittlez/fish9_roi2,20250618-plate34-slot5-roi2,20250618,34,5,2,20250618_skittlez,20250618_skittlez,fish9,9,,,48,20250618_skittlez,6/18/25,6/18/25,pDQM034,309,,,mKate2|mCitrine|Electra2|mKOK|mTFP1,,cytosol,mKate2(cytosol)|mCitrine(cytosol)|Electra2(cytosol)|mKOK(cytosol)|mTFP1(cytosol),,,,,cytosol,mKate2(cytosol)|mCitrine(cytosol)|Electra2(cytosol)|mKOK(cytosol)|mTFP1(cytosol),sheet
/clusterfs/vast/abcabc/Korra_Foundation/20250619_skittlez/fish1_roi1,20250619-plate35-slot1-roi1,20250619,35,1,1,20250619_skittlez,20250619_skittlez,fish1,1,,,72,20250619_skittlez,6/19/25,6/19/25,pDQM034,309,,,mKate2|mCitrine|Electra2|mKOK|mTFP1,,cytosol,mKate2(cytosol)|mCitrine(cytosol)|Electra2(cytosol)|mKOK(cytosol)|mTFP1(cytosol),,,,,cytosol,mKate2(cytosol)|mCitrine(cytosol)|Electra2(cytosol)|mKOK(cytosol)|mTFP1(cytosol),sheet
/clusterfs/vast/abcabc/Korra_Foundation/20250619_skittlez/fish1_roi2,20250619-plate35-slot1-roi2,20250619,35,1,2,20250619_skittlez,20250619_skittlez,fish1,1,,,72,20250619_skittlez,6/19/25,6/19/25,pDQM034,309,,,mKate2|mCitrine|Electra2|mKOK|mTFP1,,cytosol,mKate2(cytosol)|mCitrine(cytosol)|Electra2(cytosol)|mKOK(cytosol)|mTFP1(cytosol),,,,,cytosol,mKate2(cytosol)|mCitrine(cytosol)|Electra2(cytosol)|mKOK(cytosol)|mTFP1(cytosol),sheet
/clusterfs/vast/abcabc/Korra_Foundation/20250619_skittlez/fish2_roi1,20250619-plate35-slot2-roi1,20250619,35,2,1,20250619_skittlez,20250619_skittlez,fish2,2,,,72,20250619_skittlez,6/19/25,6/19/25,pDQM034,309,,,mKate2|mCitrine|Electra2|mKOK|mTFP1,,cytosol,mKate2(cytosol)|mCitrine(cytosol)|Electra2(cytosol)|mKOK(cytosol)|mTFP1(cytosol),,,,,cytosol,mKate2(cytosol)|mCitrine(cytosol)|Electra2(cytosol)|mKOK(cytosol)|mTFP1(cytosol),sheet
/clusterfs/vast/abcabc/Korra_Foundation/20250619_skittlez/fish3_roi1,20250619-plate35-slot3-roi1,20250619,35,3,1,20250619_skittlez,20250619_skittlez,fish3,3,,,72,20250619_skittlez,6/19/25,6/19/25,pDQM034,309,,,mKate2|mCitrine|Electra2|mKOK|mTFP1,,cytosol,mKate2(cytosol)|mCitrine(cytosol)|Electra2(cytosol)|mKOK(cytosol)|mTFP1(cytosol),,,,,cytosol,mKate2(cytosol)|mCitrine(cytosol)|Electra2(cytosol)|mKOK(cytosol)|mTFP1(cytosol),sheet
/clusterfs/vast/abcabc/Korra_Foundation/20250619_skittlez/fish3_roi2,20250619-plate35-slot3-roi2,20250619,35,3,2,20250619_skittlez,20250619_skittlez,fish3,3,,,72,20250619_skittlez,6/19/25,6/19/25,pDQM034,309,,,mKate2|mCitrine|Electra2|mKOK|mTFP1,,cytosol,mKate2(cytosol)|mCitrine(cytosol)|Electra2(cytosol)|mKOK(cytosol)|mTFP1(cytosol),,,,,cytosol,mKate2(cytosol)|mCitrine(cytosol)|Electra2(cytosol)|mKOK(cytosol)|mTFP1(cytosol),sheet
/clusterfs/vast/abcabc/Korra_Foundation/20250619_skittlez/fish4_roi1,20250619-plate35-slot4-roi1,20250619,35,4,1,20250619_skittlez,20250619_skittlez,fish4,4,,,108,20250619_skittlez,6/19/25,6/19/25,pDQM034,309,,,mKate2|mCitrine|Electra2|mKOK|mTFP1,,cytosol,mKate2(cytosol)|mCitrine(cytosol)|Electra2(cytosol)|mKOK(cytosol)|mTFP1(cytosol),,,,,cytosol,mKate2(cytosol)|mCitrine(cytosol)|Electra2(cytosol)|mKOK(cytosol)|mTFP1(cytosol),sheet
/clusterfs/vast/abcabc/Korra_Foundation/20250619_skittlez/fish5_roi1,20250619-plate35-slot5-roi1,20250619,35,5,1,20250619_skittlez,20250619_skittlez,fish5,5,,,72,20250619_skittlez,6/19/25,6/19/25,pDQM034,309,,,mKate2|mCitrine|Electra2|mKOK|mTFP1,,cytosol,mKate2(cytosol)|mCitrine(cytosol)|Electra2(cytosol)|mKOK(cytosol)|mTFP1(cytosol),,,,,cytosol,mKate2(cytosol)|mCitrine(cytosol)|Electra2(cytosol)|mKOK(cytosol)|mTFP1(cytosol),sheet
/clusterfs/vast/abcabc/Korra_Foundation/20250619_skittlez/fish5_roi2,20250619-plate35-slot5-roi2,20250619,35,5,2,20250619_skittlez,20250619_skittlez,fish5,5,,,72,20250619_skittlez,6/19/25,6/19/25,pDQM034,309,,,mKate2|mCitrine|Electra2|mKOK|mTFP1,,cytosol,mKate2(cytosol)|mCitrine(cytosol)|Electra2(cytosol)|mKOK(cytosol)|mTFP1(cytosol),,,,,cytosol,mKate2(cytosol)|mCitrine(cytosol)|Electra2(cytosol)|mKOK(cytosol)|mTFP1(cytosol),sheet
/clusterfs/vast/abcabc/Korra_Foundation/20250620_mitomSG/fish1_roi1,20250620-plate36-slot1-roi1,20250620,36,1,1,20250620_mitomSG,20250620_mitomSG,fish1,1,,,705,20250620_mitomSG,,,pDQM005,301,MGCO-01,,tdmSG,2xLynk,membrane,tdmSG(membrane),mStayGold,2Xcox8A,mitochondria,mStayGold(mitochondria),membrane|mitochondria,tdmSG(membrane)|mStayGold(mitochondria),unmatched
/clusterfs/vast/abcabc/Korra_Foundation/20250624_skittlez_Chris_x_Liam/fish2_roi1,20250624-plate37-slot1-roi1,20250624,37,1,1,20250624_skittlez_Chris_x_Liam,20250624_skittlez_Chris_x_Liam,fish2,2,,,72,20250624_skittlez_Chris_x_Liam,6/24/25,6/24/25,pDQM034,309,,,mKate2|mCitrine|Electra2|mKOK|mTFP1,,cytosol,mKate2(cytosol)|mCitrine(cytosol)|Electra2(cytosol)|mKOK(cytosol)|mTFP1(cytosol),,,,,cytosol,mKate2(cytosol)|mCitrine(cytosol)|Electra2(cytosol)|mKOK(cytosol)|mTFP1(cytosol),sheet
/clusterfs/vast/abcabc/Korra_Foundation/20250624_skittlez_Chris_x_Liam/fish3_roi1,20250624-plate37-slot2-roi1,20250624,37,2,1,20250624_skittlez_Chris_x_Liam,20250624_skittlez_Chris_x_Liam,fish3,3,,,72,20250624_skittlez_Chris_x_Liam,6/24/25,6/24/25,pDQM034,309,,,mKate2|mCitrine|Electra2|mKOK|mTFP1,,cytosol,mKate2(cytosol)|mCitrine(cytosol)|Electra2(cytosol)|mKOK(cytosol)|mTFP1(cytosol),,,,,cytosol,mKate2(cytosol)|mCitrine(cytosol)|Electra2(cytosol)|mKOK(cytosol)|mTFP1(cytosol),sheet
/clusterfs/vast/abcabc/Korra_Foundation/20250624_skittlez_Chris_x_Liam/fish3_roi2,20250624-plate37-slot2-roi2,20250624,37,2,2,20250624_skittlez_Chris_x_Liam,20250624_skittlez_Chris_x_Liam,fish3,3,,,72,20250624_skittlez_Chris_x_Liam,6/24/25,6/24/25,pDQM034,309,,,mKate2|mCitrine|Electra2|mKOK|mTFP1,,cytosol,mKate2(cytosol)|mCitrine(cytosol)|Electra2(cytosol)|mKOK(cytosol)|mTFP1(cytosol),,,,,cytosol,mKate2(cytosol)|mCitrine(cytosol)|Electra2(cytosol)|mKOK(cytosol)|mTFP1(cytosol),sheet
/clusterfs/vast/abcabc/Korra_Foundation/20250624_skittlez_Chris_x_Liam/fish3_roi3,20250624-plate37-slot2-roi3,20250624,37,2,3,20250624_skittlez_Chris_x_Liam,20250624_skittlez_Chris_x_Liam,fish3,3,,,72,20250624_skittlez_Chris_x_Liam,6/24/25,6/24/25,pDQM034,309,,,mKate2|mCitrine|Electra2|mKOK|mTFP1,,cytosol,mKate2(cytosol)|mCitrine(cytosol)|Electra2(cytosol)|mKOK(cytosol)|mTFP1(cytosol),,,,,cytosol,mKate2(cytosol)|mCitrine(cytosol)|Electra2(cytosol)|mKOK(cytosol)|mTFP1(cytosol),sheet
/clusterfs/vast/abcabc/Korra_Foundation/20250624_skittlez_Chris_x_Liam/fish4_roi1,20250624-plate37-slot3-roi1,20250624,37,3,1,20250624_skittlez_Chris_x_Liam,20250624_skittlez_Chris_x_Liam,fish4,4,,,72,20250624_skittlez_Chris_x_Liam,6/24/25,6/24/25,pDQM034,309,,,mKate2|mCitrine|Electra2|mKOK|mTFP1,,cytosol,mKate2(cytosol)|mCitrine(cytosol)|Electra2(cytosol)|mKOK(cytosol)|mTFP1(cytosol),,,,,cytosol,mKate2(cytosol)|mCitrine(cytosol)|Electra2(cytosol)|mKOK(cytosol)|mTFP1(cytosol),sheet
/clusterfs/vast/abcabc/Korra_Foundation/20250624_skittlez_Chris_x_Liam/fish4_roi2,20250624-plate37-slot3-roi2,20250624,37,3,2,20250624_skittlez_Chris_x_Liam,20250624_skittlez_Chris_x_Liam,fish4,4,,,72,20250624_skittlez_Chris_x_Liam,6/24/25,6/24/25,pDQM034,309,,,mKate2|mCitrine|Electra2|mKOK|mTFP1,,cytosol,mKate2(cytosol)|mCitrine(cytosol)|Electra2(cytosol)|mKOK(cytosol)|mTFP1(cytosol),,,,,cytosol,mKate2(cytosol)|mCitrine(cytosol)|Electra2(cytosol)|mKOK(cytosol)|mTFP1(cytosol),sheet
/clusterfs/vast/abcabc/Korra_Foundation/20250624_skittlez_Chris_x_Liam/fish4_roi3,20250624-plate37-slot3-roi3,20250624,37,3,3,20250624_skittlez_Chris_x_Liam,20250624_skittlez_Chris_x_Liam,fish4,4,,,72,20250624_skittlez_Chris_x_Liam,6/24/25,6/24/25,pDQM034,309,,,mKate2|mCitrine|Electra2|mKOK|mTFP1,,cytosol,mKate2(cytosol)|mCitrine(cytosol)|Electra2(cytosol)|mKOK(cytosol)|mTFP1(cytosol),,,,,cytosol,mKate2(cytosol)|mCitrine(cytosol)|Electra2(cytosol)|mKOK(cytosol)|mTFP1(cytosol),sheet
/clusterfs/vast/abcabc/Korra_Foundation/20250624_skittlez_Chris_x_Liam/fish4_roi4,20250624-plate37-slot3-roi4,20250624,37,3,4,20250624_skittlez_Chris_x_Liam,20250624_skittlez_Chris_x_Liam,fish4,4,,,72,20250624_skittlez_Chris_x_Liam,6/24/25,6/24/25,pDQM034,309,,,mKate2|mCitrine|Electra2|mKOK|mTFP1,,cytosol,mKate2(cytosol)|mCitrine(cytosol)|Electra2(cytosol)|mKOK(cytosol)|mTFP1(cytosol),,,,,cytosol,mKate2(cytosol)|mCitrine(cytosol)|Electra2(cytosol)|mKOK(cytosol)|mTFP1(cytosol),sheet
/clusterfs/vast/abcabc/Korra_Foundation/20250624_skittlez_Chris_x_Liam/fish5_roi1,20250624-plate37-slot4-roi1,20250624,37,4,1,20250624_skittlez_Chris_x_Liam,20250624_skittlez_Chris_x_Liam,fish5,5,,,2,20250624_skittlez_Chris_x_Liam,6/24/25,6/24/25,pDQM034,309,,,mKate2|mCitrine|Electra2|mKOK|mTFP1,,cytosol,mKate2(cytosol)|mCitrine(cytosol)|Electra2(cytosol)|mKOK(cytosol)|mTFP1(cytosol),,,,,cytosol,mKate2(cytosol)|mCitrine(cytosol)|Electra2(cytosol)|mKOK(cytosol)|mTFP1(cytosol),sheet
/clusterfs/vast/abcabc/Korra_Foundation/20250624_skittlez_Chris_x_Liam/fish5_roi1-1,20250624-plate37-slot4-roi2,20250624,37,4,2,20250624_skittlez_Chris_x_Liam,20250624_skittlez_Chris_x_Liam,fish5,5,,,48,20250624_skittlez_Chris_x_Liam,6/24/25,6/24/25,pDQM034,309,,,mKate2|mCitrine|Electra2|mKOK|mTFP1,,cytosol,mKate2(cytosol)|mCitrine(cytosol)|Electra2(cytosol)|mKOK(cytosol)|mTFP1(cytosol),,,,,cytosol,mKate2(cytosol)|mCitrine(cytosol)|Electra2(cytosol)|mKOK(cytosol)|mTFP1(cytosol),sheet
/clusterfs/vast/abcabc/Korra_Foundation/20250624_skittlez_Chris_x_Liam/fish6_roi1,20250624-plate37-slot5-roi1,20250624,37,5,1,20250624_skittlez_Chris_x_Liam,20250624_skittlez_Chris_x_Liam,fish6,6,,,48,20250624_skittlez_Chris_x_Liam,6/24/25,6/24/25,pDQM034,309,,,mKate2|mCitrine|Electra2|mKOK|mTFP1,,cytosol,mKate2(cytosol)|mCitrine(cytosol)|Electra2(cytosol)|mKOK(cytosol)|mTFP1(cytosol),,,,,cytosol,mKate2(cytosol)|mCitrine(cytosol)|Electra2(cytosol)|mKOK(cytosol)|mTFP1(cytosol),sheet
/clusterfs/vast/abcabc/Korra_Foundation/20250624_skittlez_Chris_x_Liam/fish6_roi2,20250624-plate37-slot5-roi2,20250624,37,5,2,20250624_skittlez_Chris_x_Liam,20250624_skittlez_Chris_x_Liam,fish6,6,,,48,20250624_skittlez_Chris_x_Liam,6/24/25,6/24/25,pDQM034,309,,,mKate2|mCitrine|Electra2|mKOK|mTFP1,,cytosol,mKate2(cytosol)|mCitrine(cytosol)|Electra2(cytosol)|mKOK(cytosol)|mTFP1(cytosol),,,,,cytosol,mKate2(cytosol)|mCitrine(cytosol)|Electra2(cytosol)|mKOK(cytosol)|mTFP1(cytosol),sheet
/clusterfs/vast/abcabc/Korra_Foundation/20250624_skittlez_Chris_x_Liam/fish6_roi3,20250624-plate37-slot5-roi3,20250624,37,5,3,20250624_skittlez_Chris_x_Liam,20250624_skittlez_Chris_x_Liam,fish6,6,,,48,20250624_skittlez_Chris_x_Liam,6/24/25,6/24/25,pDQM034,309,,,mKate2|mCitrine|Electra2|mKOK|mTFP1,,cytosol,mKate2(cytosol)|mCitrine(cytosol)|Electra2(cytosol)|mKOK(cytosol)|mTFP1(cytosol),,,,,cytosol,mKate2(cytosol)|mCitrine(cytosol)|Electra2(cytosol)|mKOK(cytosol)|mTFP1(cytosol),sheet
/clusterfs/vast/abcabc/Korra_Foundation/20250624_skittlez_Chris_x_Liam/fish7_roi1,20250624-plate37-slot6-roi1,20250624,37,6,1,20250624_skittlez_Chris_x_Liam,20250624_skittlez_Chris_x_Liam,fish7,7,,,48,20250624_skittlez_Chris_x_Liam,6/24/25,6/24/25,pDQM034,309,,,mKate2|mCitrine|Electra2|mKOK|mTFP1,,cytosol,mKate2(cytosol)|mCitrine(cytosol)|Electra2(cytosol)|mKOK(cytosol)|mTFP1(cytosol),,,,,cytosol,mKate2(cytosol)|mCitrine(cytosol)|Electra2(cytosol)|mKOK(cytosol)|mTFP1(cytosol),sheet
/clusterfs/vast/abcabc/Korra_Foundation/20250624_skittlez_Chris_x_Liam/fish7_roi2,20250624-plate37-slot6-roi2,20250624,37,6,2,20250624_skittlez_Chris_x_Liam,20250624_skittlez_Chris_x_Liam,fish7,7,,,48,20250624_skittlez_Chris_x_Liam,6/24/25,6/24/25,pDQM034,309,,,mKate2|mCitrine|Electra2|mKOK|mTFP1,,cytosol,mKate2(cytosol)|mCitrine(cytosol)|Electra2(cytosol)|mKOK(cytosol)|mTFP1(cytosol),,,,,cytosol,mKate2(cytosol)|mCitrine(cytosol)|Electra2(cytosol)|mKOK(cytosol)|mTFP1(cytosol),sheet
/clusterfs/vast/abcabc/Korra_Foundation/20250624_skittlez_Chris_x_Liam/fish7_roi3,20250624-plate37-slot6-roi3,20250624,37,6,3,20250624_skittlez_Chris_x_Liam,20250624_skittlez_Chris_x_Liam,fish7,7,,,48,20250624_skittlez_Chris_x_Liam,6/24/25,6/24/25,pDQM034,309,,,mKate2|mCitrine|Electra2|mKOK|mTFP1,,cytosol,mKate2(cytosol)|mCitrine(cytosol)|Electra2(cytosol)|mKOK(cytosol)|mTFP1(cytosol),,,,,cytosol,mKate2(cytosol)|mCitrine(cytosol)|Electra2(cytosol)|mKOK(cytosol)|mTFP1(cytosol),sheet
/clusterfs/vast/abcabc/Korra_Foundation/20250624_skittlez_Chris_x_Liam/fish7_roi4,20250624-plate37-slot6-roi4,20250624,37,6,4,20250624_skittlez_Chris_x_Liam,20250624_skittlez_Chris_x_Liam,fish7,7,,,48,20250624_skittlez_Chris_x_Liam,6/24/25,6/24/25,pDQM034,309,,,mKate2|mCitrine|Electra2|mKOK|mTFP1,,cytosol,mKate2(cytosol)|mCitrine(cytosol)|Electra2(cytosol)|mKOK(cytosol)|mTFP1(cytosol),,,,,cytosol,mKate2(cytosol)|mCitrine(cytosol)|Electra2(cytosol)|mKOK(cytosol)|mTFP1(cytosol),sheet
/clusterfs/vast/abcabc/Korra_Foundation/20250624_skittlez_Issac_x_Ken/fish1_roi1,20250624-plate38-slot1-roi1,20250624,38,1,1,20250624_skittlez_Issac_x_Ken,20250624_skittlez_Issac_x_Ken,fish1,1,,,54,20250624_skittlez_Issac_x_Ken,6/24/25,6/24/25,pDQM034,309,,,mKate2|mCitrine|Electra2|mKOK|mTFP1,,cytosol,mKate2(cytosol)|mCitrine(cytosol)|Electra2(cytosol)|mKOK(cytosol)|mTFP1(cytosol),,,,,cytosol,mKate2(cytosol)|mCitrine(cytosol)|Electra2(cytosol)|mKOK(cytosol)|mTFP1(cytosol),sheet
/clusterfs/vast/abcabc/Korra_Foundation/20250624_skittlez_Issac_x_Ken/fish2_roi1,20250624-plate38-slot2-roi1,20250624,38,2,1,20250624_skittlez_Issac_x_Ken,20250624_skittlez_Issac_x_Ken,fish2,2,,,72,20250624_skittlez_Issac_x_Ken,6/24/25,6/24/25,pDQM034,309,,,mKate2|mCitrine|Electra2|mKOK|mTFP1,,cytosol,mKate2(cytosol)|mCitrine(cytosol)|Electra2(cytosol)|mKOK(cytosol)|mTFP1(cytosol),,,,,cytosol,mKate2(cytosol)|mCitrine(cytosol)|Electra2(cytosol)|mKOK(cytosol)|mTFP1(cytosol),sheet
/clusterfs/vast/abcabc/Korra_Foundation/20250624_skittlez_Issac_x_Ken/fish2_roi2,20250624-plate38-slot2-roi2,20250624,38,2,2,20250624_skittlez_Issac_x_Ken,20250624_skittlez_Issac_x_Ken,fish2,2,,,72,20250624_skittlez_Issac_x_Ken,6/24/25,6/24/25,pDQM034,309,,,mKate2|mCitrine|Electra2|mKOK|mTFP1,,cytosol,mKate2(cytosol)|mCitrine(cytosol)|Electra2(cytosol)|mKOK(cytosol)|mTFP1(cytosol),,,,,cytosol,mKate2(cytosol)|mCitrine(cytosol)|Electra2(cytosol)|mKOK(cytosol)|mTFP1(cytosol),sheet
/clusterfs/vast/abcabc/Korra_Foundation/20250624_skittlez_Issac_x_Ken/fish3_roi1,20250624-plate38-slot3-roi1,20250624,38,3,1,20250624_skittlez_Issac_x_Ken,20250624_skittlez_Issac_x_Ken,fish3,3,,,60,20250624_skittlez_Issac_x_Ken,6/24/25,6/24/25,pDQM034,309,,,mKate2|mCitrine|Electra2|mKOK|mTFP1,,cytosol,mKate2(cytosol)|mCitrine(cytosol)|Electra2(cytosol)|mKOK(cytosol)|mTFP1(cytosol),,,,,cytosol,mKate2(cytosol)|mCitrine(cytosol)|Electra2(cytosol)|mKOK(cytosol)|mTFP1(cytosol),sheet
/clusterfs/vast/abcabc/Korra_Foundation/20250624_skittlez_Issac_x_Ken/fish4_roi1,20250624-plate38-slot4-roi1,20250624,38,4,1,20250624_skittlez_Issac_x_Ken,20250624_skittlez_Issac_x_Ken,fish4,4,,,72,20250624_skittlez_Issac_x_Ken,6/24/25,6/24/25,pDQM034,309,,,mKate2|mCitrine|Electra2|mKOK|mTFP1,,cytosol,mKate2(cytosol)|mCitrine(cytosol)|Electra2(cytosol)|mKOK(cytosol)|mTFP1(cytosol),,,,,cytosol,mKate2(cytosol)|mCitrine(cytosol)|Electra2(cytosol)|mKOK(cytosol)|mTFP1(cytosol),sheet
/clusterfs/vast/abcabc/Korra_Foundation/20250625_skittlez/fish1_roi1,20250625-plate39-slot1-roi1,20250625,39,1,1,20250625_skittlez,20250625_skittlez,fish1,1,,,72,20250625_skittlez,6/25/25,6/25/25,pDQM034,309,,,mKate2|mCitrine|Electra2|mKOK|mTFP1,,cytosol,mKate2(cytosol)|mCitrine(cytosol)|Electra2(cytosol)|mKOK(cytosol)|mTFP1(cytosol),,,,,cytosol,mKate2(cytosol)|mCitrine(cytosol)|Electra2(cytosol)|mKOK(cytosol)|mTFP1(cytosol),date_match
/clusterfs/vast/abcabc/Korra_Foundation/20250625_skittlez/fish1_roi2,20250625-plate39-slot1-roi2,20250625,39,1,2,20250625_skittlez,20250625_skittlez,fish1,1,,,72,20250625_skittlez,6/25/25,6/25/25,pDQM034,309,,,mKate2|mCitrine|Electra2|mKOK|mTFP1,,cytosol,mKate2(cytosol)|mCitrine(cytosol)|Electra2(cytosol)|mKOK(cytosol)|mTFP1(cytosol),,,,,cytosol,mKate2(cytosol)|mCitrine(cytosol)|Electra2(cytosol)|mKOK(cytosol)|mTFP1(cytosol),date_match
/clusterfs/vast/abcabc/Korra_Foundation/20250625_skittlez/fish3_roi1,20250625-plate39-slot2-roi1,20250625,39,2,1,20250625_skittlez,20250625_skittlez,fish3,3,,,90,20250625_skittlez,6/25/25,6/25/25,pDQM034,309,,,mKate2|mCitrine|Electra2|mKOK|mTFP1,,cytosol,mKate2(cytosol)|mCitrine(cytosol)|Electra2(cytosol)|mKOK(cytosol)|mTFP1(cytosol),,,,,cytosol,mKate2(cytosol)|mCitrine(cytosol)|Electra2(cytosol)|mKOK(cytosol)|mTFP1(cytosol),date_match
/clusterfs/vast/abcabc/Korra_Foundation/20250625_skittlez/fish4_roi1,20250625-plate39-slot3-roi1,20250625,39,3,1,20250625_skittlez,20250625_skittlez,fish4,4,,,72,20250625_skittlez,6/25/25,6/25/25,pDQM034,309,,,mKate2|mCitrine|Electra2|mKOK|mTFP1,,cytosol,mKate2(cytosol)|mCitrine(cytosol)|Electra2(cytosol)|mKOK(cytosol)|mTFP1(cytosol),,,,,cytosol,mKate2(cytosol)|mCitrine(cytosol)|Electra2(cytosol)|mKOK(cytosol)|mTFP1(cytosol),date_match
/clusterfs/vast/abcabc/Korra_Foundation/20250625_skittlez/fish5_roi1,20250625-plate39-slot4-roi1,20250625,39,4,1,20250625_skittlez,20250625_skittlez,fish5,5,,,72,20250625_skittlez,6/25/25,6/25/25,pDQM034,309,,,mKate2|mCitrine|Electra2|mKOK|mTFP1,,cytosol,mKate2(cytosol)|mCitrine(cytosol)|Electra2(cytosol)|mKOK(cytosol)|mTFP1(cytosol),,,,,cytosol,mKate2(cytosol)|mCitrine(cytosol)|Electra2(cytosol)|mKOK(cytosol)|mTFP1(cytosol),date_match
/clusterfs/vast/abcabc/Korra_Foundation/20250625_skittlez/fish5_roi2,20250625-plate39-slot4-roi2,20250625,39,4,2,20250625_skittlez,20250625_skittlez,fish5,5,,,72,20250625_skittlez,6/25/25,6/25/25,pDQM034,309,,,mKate2|mCitrine|Electra2|mKOK|mTFP1,,cytosol,mKate2(cytosol)|mCitrine(cytosol)|Electra2(cytosol)|mKOK(cytosol)|mTFP1(cytosol),,,,,cytosol,mKate2(cytosol)|mCitrine(cytosol)|Electra2(cytosol)|mKOK(cytosol)|mTFP1(cytosol),date_match
/clusterfs/vast/abcabc/Korra_Foundation/20250625_skittlez/fish7_roi1,20250625-plate39-slot5-roi1,20250625,39,5,1,20250625_skittlez,20250625_skittlez,fish7,7,,,90,20250625_skittlez,6/25/25,6/25/25,pDQM034,309,,,mKate2|mCitrine|Electra2|mKOK|mTFP1,,cytosol,mKate2(cytosol)|mCitrine(cytosol)|Electra2(cytosol)|mKOK(cytosol)|mTFP1(cytosol),,,,,cytosol,mKate2(cytosol)|mCitrine(cytosol)|Electra2(cytosol)|mKOK(cytosol)|mTFP1(cytosol),date_match
/clusterfs/vast/abcabc/Korra_Foundation/20250625_skittlez/fish8_roi1,20250625-plate39-slot6-roi1,20250625,39,6,1,20250625_skittlez,20250625_skittlez,fish8,8,,,72,20250625_skittlez,6/25/25,6/25/25,pDQM034,309,,,mKate2|mCitrine|Electra2|mKOK|mTFP1,,cytosol,mKate2(cytosol)|mCitrine(cytosol)|Electra2(cytosol)|mKOK(cytosol)|mTFP1(cytosol),,,,,cytosol,mKate2(cytosol)|mCitrine(cytosol)|Electra2(cytosol)|mKOK(cytosol)|mTFP1(cytosol),date_match
/clusterfs/vast/abcabc/Korra_Foundation/20250625_skittlez/fish8_roi2,20250625-plate39-slot6-roi2,20250625,39,6,2,20250625_skittlez,20250625_skittlez,fish8,8,,,72,20250625_skittlez,6/25/25,6/25/25,pDQM034,309,,,mKate2|mCitrine|Electra2|mKOK|mTFP1,,cytosol,mKate2(cytosol)|mCitrine(cytosol)|Electra2(cytosol)|mKOK(cytosol)|mTFP1(cytosol),,,,,cytosol,mKate2(cytosol)|mCitrine(cytosol)|Electra2(cytosol)|mKOK(cytosol)|mTFP1(cytosol),date_match
/clusterfs/vast/abcabc/Korra_Foundation/20250625_skittlez/fish9_roi1,20250625-plate40-slot1-roi1,20250625,40,1,1,20250625_skittlez,20250625_skittlez,fish9,9,,,90,20250625_skittlez,6/25/25,6/25/25,pDQM034,309,,,mKate2|mCitrine|Electra2|mKOK|mTFP1,,cytosol,mKate2(cytosol)|mCitrine(cytosol)|Electra2(cytosol)|mKOK(cytosol)|mTFP1(cytosol),,,,,cytosol,mKate2(cytosol)|mCitrine(cytosol)|Electra2(cytosol)|mKOK(cytosol)|mTFP1(cytosol),date_match
/clusterfs/vast/abcabc/Korra_Foundation/20250627_skittlez/fish10_roi1,20250627-plate41-slot2-roi1,20250627,41,2,1,20250627_skittlez,20250627_skittlez,fish10,10,,,108,20250627_skittlez,6/27/25,6/27/25,pDQM034,309,,,mKate2|mCitrine|Electra2|mKOK|mTFP1,,cytosol,mKate2(cytosol)|mCitrine(cytosol)|Electra2(cytosol)|mKOK(cytosol)|mTFP1(cytosol),,,,,cytosol,mKate2(cytosol)|mCitrine(cytosol)|Electra2(cytosol)|mKOK(cytosol)|mTFP1(cytosol),date_match
/clusterfs/vast/abcabc/Korra_Foundation/20250627_skittlez/fish1_roi1,20250627-plate41-slot1-roi1,20250627,41,1,1,20250627_skittlez,20250627_skittlez,fish1,1,,,72,20250627_skittlez,6/27/25,6/27/25,pDQM034,309,,,mKate2|mCitrine|Electra2|mKOK|mTFP1,,cytosol,mKate2(cytosol)|mCitrine(cytosol)|Electra2(cytosol)|mKOK(cytosol)|mTFP1(cytosol),,,,,cytosol,mKate2(cytosol)|mCitrine(cytosol)|Electra2(cytosol)|mKOK(cytosol)|mTFP1(cytosol),date_match
/clusterfs/vast/abcabc/Korra_Foundation/20250627_skittlez/fish1_roi2,20250627-plate41-slot1-roi2,20250627,41,1,2,20250627_skittlez,20250627_skittlez,fish1,1,,,72,20250627_skittlez,6/27/25,6/27/25,pDQM034,309,,,mKate2|mCitrine|Electra2|mKOK|mTFP1,,cytosol,mKate2(cytosol)|mCitrine(cytosol)|Electra2(cytosol)|mKOK(cytosol)|mTFP1(cytosol),,,,,cytosol,mKate2(cytosol)|mCitrine(cytosol)|Electra2(cytosol)|mKOK(cytosol)|mTFP1(cytosol),date_match
/clusterfs/vast/abcabc/Korra_Foundation/20250627_skittlez/fish1_roi3,20250627-plate41-slot1-roi3,20250627,41,1,3,20250627_skittlez,20250627_skittlez,fish1,1,,,72,20250627_skittlez,6/27/25,6/27/25,pDQM034,309,,,mKate2|mCitrine|Electra2|mKOK|mTFP1,,cytosol,mKate2(cytosol)|mCitrine(cytosol)|Electra2(cytosol)|mKOK(cytosol)|mTFP1(cytosol),,,,,cytosol,mKate2(cytosol)|mCitrine(cytosol)|Electra2(cytosol)|mKOK(cytosol)|mTFP1(cytosol),date_match
/clusterfs/vast/abcabc/Korra_Foundation/20250627_skittlez/fish2_roi1,20250627-plate41-slot3-roi1,20250627,41,3,1,20250627_skittlez,20250627_skittlez,fish2,2,,,72,20250627_skittlez,6/27/25,6/27/25,pDQM034,309,,,mKate2|mCitrine|Electra2|mKOK|mTFP1,,cytosol,mKate2(cytosol)|mCitrine(cytosol)|Electra2(cytosol)|mKOK(cytosol)|mTFP1(cytosol),,,,,cytosol,mKate2(cytosol)|mCitrine(cytosol)|Electra2(cytosol)|mKOK(cytosol)|mTFP1(cytosol),date_match
/clusterfs/vast/abcabc/Korra_Foundation/20250627_skittlez/fish3_roi1,20250627-plate41-slot4-roi1,20250627,41,4,1,20250627_skittlez,20250627_skittlez,fish3,3,,,90,20250627_skittlez,6/27/25,6/27/25,pDQM034,309,,,mKate2|mCitrine|Electra2|mKOK|mTFP1,,cytosol,mKate2(cytosol)|mCitrine(cytosol)|Electra2(cytosol)|mKOK(cytosol)|mTFP1(cytosol),,,,,cytosol,mKate2(cytosol)|mCitrine(cytosol)|Electra2(cytosol)|mKOK(cytosol)|mTFP1(cytosol),date_match
/clusterfs/vast/abcabc/Korra_Foundation/20250627_skittlez/fish4_roi1,20250627-plate41-slot5-roi1,20250627,41,5,1,20250627_skittlez,20250627_skittlez,fish4,4,,,72,20250627_skittlez,6/27/25,6/27/25,pDQM034,309,,,mKate2|mCitrine|Electra2|mKOK|mTFP1,,cytosol,mKate2(cytosol)|mCitrine(cytosol)|Electra2(cytosol)|mKOK(cytosol)|mTFP1(cytosol),,,,,cytosol,mKate2(cytosol)|mCitrine(cytosol)|Electra2(cytosol)|mKOK(cytosol)|mTFP1(cytosol),date_match
/clusterfs/vast/abcabc/Korra_Foundation/20250627_skittlez/fish4_roi2,20250627-plate41-slot5-roi2,20250627,41,5,2,20250627_skittlez,20250627_skittlez,fish4,4,,,72,20250627_skittlez,6/27/25,6/27/25,pDQM034,309,,,mKate2|mCitrine|Electra2|mKOK|mTFP1,,cytosol,mKate2(cytosol)|mCitrine(cytosol)|Electra2(cytosol)|mKOK(cytosol)|mTFP1(cytosol),,,,,cytosol,mKate2(cytosol)|mCitrine(cytosol)|Electra2(cytosol)|mKOK(cytosol)|mTFP1(cytosol),date_match
/clusterfs/vast/abcabc/Korra_Foundation/20250627_skittlez/fish5_roi1,20250627-plate41-slot6-roi1,20250627,41,6,1,20250627_skittlez,20250627_skittlez,fish5,5,,,90,20250627_skittlez,6/27/25,6/27/25,pDQM034,309,,,mKate2|mCitrine|Electra2|mKOK|mTFP1,,cytosol,mKate2(cytosol)|mCitrine(cytosol)|Electra2(cytosol)|mKOK(cytosol)|mTFP1(cytosol),,,,,cytosol,mKate2(cytosol)|mCitrine(cytosol)|Electra2(cytosol)|mKOK(cytosol)|mTFP1(cytosol),date_match
/clusterfs/vast/abcabc/Korra_Foundation/20250627_skittlez/fish7_roi1,20250627-plate42-slot1-roi1,20250627,42,1,1,20250627_skittlez,20250627_skittlez,fish7,7,,,90,20250627_skittlez,6/27/25,6/27/25,pDQM034,309,,,mKate2|mCitrine|Electra2|mKOK|mTFP1,,cytosol,mKate2(cytosol)|mCitrine(cytosol)|Electra2(cytosol)|mKOK(cytosol)|mTFP1(cytosol),,,,,cytosol,mKate2(cytosol)|mCitrine(cytosol)|Electra2(cytosol)|mKOK(cytosol)|mTFP1(cytosol),date_match
/clusterfs/vast/abcabc/Korra_Foundation/20250627_skittlez/fish8_roi1,20250627-plate42-slot2-roi1,20250627,42,2,1,20250627_skittlez,20250627_skittlez,fish8,8,,,90,20250627_skittlez,6/27/25,6/27/25,pDQM034,309,,,mKate2|mCitrine|Electra2|mKOK|mTFP1,,cytosol,mKate2(cytosol)|mCitrine(cytosol)|Electra2(cytosol)|mKOK(cytosol)|mTFP1(cytosol),,,,,cytosol,mKate2(cytosol)|mCitrine(cytosol)|Electra2(cytosol)|mKOK(cytosol)|mTFP1(cytosol),date_match
/clusterfs/vast/abcabc/Korra_Foundation/20250627_skittlez/fish9_roi1,20250627-plate42-slot3-roi1,20250627,42,3,1,20250627_skittlez,20250627_skittlez,fish9,9,,,108,20250627_skittlez,6/27/25,6/27/25,pDQM034,309,,,mKate2|mCitrine|Electra2|mKOK|mTFP1,,cytosol,mKate2(cytosol)|mCitrine(cytosol)|Electra2(cytosol)|mKOK(cytosol)|mTFP1(cytosol),,,,,cytosol,mKate2(cytosol)|mCitrine(cytosol)|Electra2(cytosol)|mKOK(cytosol)|mTFP1(cytosol),date_match
/clusterfs/vast/abcabc/Korra_Foundation/20250715_mem_organelle/fish1_mem_sg_mito_msc3/roi1,20250715-plate43-slot1-roi1,20250715,43,1,1,20250715_mem_organelle,20250715_mem_organelle,fish1,1,,,384,20250715_mem_organelle,7/15/25,7/15/25,,,MGCO-40|MGCO-36,MGCO-35|MGCO-39,,,,,Halo|mScarlet3S2,sec61b|2Xcox8A,ER|mitochondria,Halo(ER)|mScarlet3S2(ER)|mScarlet3S2(mitochondria)|Halo(mitochondria),ER|mitochondria,Halo(ER)|mScarlet3S2(ER)|mScarlet3S2(mitochondria)|Halo(mitochondria),sheet
/clusterfs/vast/abcabc/Korra_Foundation/20250715_mem_organelle/fish1_mem_sg_mito_msc3/roi2,20250715-plate43-slot1-roi4,20250715,43,1,4,20250715_mem_organelle,20250715_mem_organelle,fish1,1,,,640,20250715_mem_organelle,7/15/25,7/15/25,,,MGCO-36|MGCO-40,MGCO-39|MGCO-35,,,,,mScarlet3S2|Halo,sec61b|2Xcox8A,ER|mitochondria,mScarlet3S2(ER)|Halo(ER)|Halo(mitochondria)|mScarlet3S2(mitochondria),ER|mitochondria,mScarlet3S2(ER)|Halo(ER)|Halo(mitochondria)|mScarlet3S2(mitochondria),sheet
/clusterfs/vast/abcabc/Korra_Foundation/20250715_mem_organelle/fish2_24hpf_mem_mito_msc3_er_halo/roi1_eye,20250715-plate43-slot2-roi1,20250715,43,2,1,20250715_mem_organelle,20250715_mem_organelle,fish2,2,24,eye,1922,20250715_mem_organelle,7/15/25,7/15/25,,,MGCO-40|MGCO-36,MGCO-35|MGCO-39,,,,,Halo|mScarlet3S2,sec61b|2Xcox8A,ER|mitochondria,Halo(ER)|mScarlet3S2(ER)|mScarlet3S2(mitochondria)|Halo(mitochondria),ER|mitochondria,Halo(ER)|mScarlet3S2(ER)|mScarlet3S2(mitochondria)|Halo(mitochondria),sheet
/clusterfs/vast/abcabc/Korra_Foundation/20250715_mem_organelle/fish3_24hpf_mem_mito_msc3_er_halo/roi1,20250715-plate43-slot3-roi1,20250715,43,3,1,20250715_mem_organelle,20250715_mem_organelle,fish3,3,24,,960,20250715_mem_organelle,7/15/25,7/15/25,,,MGCO-40|MGCO-36,MGCO-35|MGCO-39,,,,,Halo|mScarlet3S2,sec61b|2Xcox8A,ER|mitochondria,Halo(ER)|mScarlet3S2(ER)|mScarlet3S2(mitochondria)|Halo(mitochondria),ER|mitochondria,Halo(ER)|mScarlet3S2(ER)|mScarlet3S2(mitochondria)|Halo(mitochondria),sheet
/clusterfs/vast/abcabc/Korra_Foundation/20250715_mem_organelle/fish3_24hpf_mem_mito_msc3_er_halo/roi2,20250715-plate43-slot3-roi3,20250715,43,3,3,20250715_mem_organelle,20250715_mem_organelle,fish3,3,24,,960,20250715_mem_organelle,7/15/25,7/15/25,,,MGCO-40|MGCO-36,MGCO-35|MGCO-39,,,,,Halo|mScarlet3S2,sec61b|2Xcox8A,ER|mitochondria,Halo(ER)|mScarlet3S2(ER)|mScarlet3S2(mitochondria)|Halo(mitochondria),ER|mitochondria,Halo(ER)|mScarlet3S2(ER)|mScarlet3S2(mitochondria)|Halo(mitochondria),sheet
/clusterfs/vast/abcabc/Korra_Foundation/20250715_mem_organelle/fish4_24hpf_mem_mito_msc3_er_halo/roi1,20250715-plate43-slot4-roi1,20250715,43,4,1,20250715_mem_organelle,20250715_mem_organelle,fish4,4,24,,960,20250715_mem_organelle,7/15/25,7/15/25,,,MGCO-40|MGCO-36,MGCO-35|MGCO-39,,,,,Halo|mScarlet3S2,sec61b|2Xcox8A,ER|mitochondria,Halo(ER)|mScarlet3S2(ER)|mScarlet3S2(mitochondria)|Halo(mitochondria),ER|mitochondria,Halo(ER)|mScarlet3S2(ER)|mScarlet3S2(mitochondria)|Halo(mitochondria),sheet
/clusterfs/vast/abcabc/Korra_Foundation/20250715_mem_organelle/fish4_24hpf_mem_mito_msc3_er_halo/roi2,20250715-plate43-slot4-roi3,20250715,43,4,3,20250715_mem_organelle,20250715_mem_organelle,fish4,4,24,,960,20250715_mem_organelle,7/15/25,7/15/25,,,MGCO-40|MGCO-36,MGCO-35|MGCO-39,,,,,Halo|mScarlet3S2,sec61b|2Xcox8A,ER|mitochondria,Halo(ER)|mScarlet3S2(ER)|mScarlet3S2(mitochondria)|Halo(mitochondria),ER|mitochondria,Halo(ER)|mScarlet3S2(ER)|mScarlet3S2(mitochondria)|Halo(mitochondria),sheet
/clusterfs/vast/abcabc/Korra_Foundation/20250715_mem_organelle/fish4_24hpf_mem_mito_msc3_er_halo/roi3,20250715-plate43-slot4-roi5,20250715,43,4,5,20250715_mem_organelle,20250715_mem_organelle,fish4,4,24,,960,20250715_mem_organelle,7/15/25,7/15/25,,,MGCO-40|MGCO-36,MGCO-35|MGCO-39,,,,,Halo|mScarlet3S2,sec61b|2Xcox8A,ER|mitochondria,Halo(ER)|mScarlet3S2(ER)|mScarlet3S2(mitochondria)|Halo(mitochondria),ER|mitochondria,Halo(ER)|mScarlet3S2(ER)|mScarlet3S2(mitochondria)|Halo(mitochondria),sheet
/clusterfs/vast/abcabc/Korra_Foundation/20250715_mem_organelle/fish5_48hpf_mem_mito_halo_er_msc2/roi1,20250715-plate43-slot5-roi2,20250715,43,5,2,20250715_mem_organelle,20250715_mem_organelle,fish5,5,48,,1329,20250715_mem_organelle,7/15/25,7/15/25,,,MGCO-36|MGCO-40,MGCO-39|MGCO-35,,,,,mScarlet3S2|Halo,sec61b|2Xcox8A,ER|mitochondria,mScarlet3S2(ER)|Halo(ER)|Halo(mitochondria)|mScarlet3S2(mitochondria),ER|mitochondria,mScarlet3S2(ER)|Halo(ER)|Halo(mitochondria)|mScarlet3S2(mitochondria),sheet
/clusterfs/vast/abcabc/Korra_Foundation/20250715_mem_organelle/fish5_48hpf_mem_mito_halo_er_msc2/roi2,20250715-plate43-slot5-roi4,20250715,43,5,4,20250715_mem_organelle,20250715_mem_organelle,fish5,5,48,,1300,20250715_mem_organelle,7/15/25,7/15/25,,,MGCO-36|MGCO-40,MGCO-39|MGCO-35,,,,,mScarlet3S2|Halo,sec61b|2Xcox8A,ER|mitochondria,mScarlet3S2(ER)|Halo(ER)|Halo(mitochondria)|mScarlet3S2(mitochondria),ER|mitochondria,mScarlet3S2(ER)|Halo(ER)|Halo(mitochondria)|mScarlet3S2(mitochondria),sheet
/clusterfs/vast/abcabc/Korra_Foundation/20250715_mem_organelle/fish5_48hpf_mem_mito_halo_er_msc2/roi3,20250715-plate43-slot5-roi5,20250715,43,5,5,20250715_mem_organelle,20250715_mem_organelle,fish5,5,48,,1300,20250715_mem_organelle,7/15/25,7/15/25,,,MGCO-40|MGCO-36,MGCO-35|MGCO-39,,,,,Halo|mScarlet3S2,sec61b|2Xcox8A,ER|mitochondria,Halo(ER)|mScarlet3S2(ER)|mScarlet3S2(mitochondria)|Halo(mitochondria),ER|mitochondria,Halo(ER)|mScarlet3S2(ER)|mScarlet3S2(mitochondria)|Halo(mitochondria),sheet
/clusterfs/vast/abcabc/Korra_Foundation/20250715_mem_organelle/fish5_48hpf_mem_mito_halo_er_msc2/roi4,20250715-plate43-slot5-roi7,20250715,43,5,7,20250715_mem_organelle,20250715_mem_organelle,fish5,5,48,,1300,20250715_mem_organelle,7/15/25,7/15/25,,,MGCO-40|MGCO-36,MGCO-35|MGCO-39,,,,,Halo|mScarlet3S2,sec61b|2Xcox8A,ER|mitochondria,Halo(ER)|mScarlet3S2(ER)|mScarlet3S2(mitochondria)|Halo(mitochondria),ER|mitochondria,Halo(ER)|mScarlet3S2(ER)|mScarlet3S2(mitochondria)|Halo(mitochondria),sheet
/clusterfs/vast/abcabc/Korra_Foundation/20250715_mem_organelle/fish6_48hpf_mem_mito_halo_er_msc2/roi1,20250715-plate43-slot6-roi1,20250715,43,6,1,20250715_mem_organelle,20250715_mem_organelle,fish6,6,48,,1300,20250715_mem_organelle,7/15/25,7/15/25,,,MGCO-40|MGCO-36,MGCO-35|MGCO-39,,,,,Halo|mScarlet3S2,sec61b|2Xcox8A,ER|mitochondria,Halo(ER)|mScarlet3S2(ER)|mScarlet3S2(mitochondria)|Halo(mitochondria),ER|mitochondria,Halo(ER)|mScarlet3S2(ER)|mScarlet3S2(mitochondria)|Halo(mitochondria),sheet
/clusterfs/vast/abcabc/Korra_Foundation/20250715_mem_organelle/fish6_48hpf_mem_mito_halo_er_msc2/roi2,20250715-plate43-slot6-roi3,20250715,43,6,3,20250715_mem_organelle,20250715_mem_organelle,fish6,6,48,,1300,20250715_mem_organelle,7/15/25,7/15/25,,,MGCO-40|MGCO-36,MGCO-35|MGCO-39,,,,,Halo|mScarlet3S2,sec61b|2Xcox8A,ER|mitochondria,Halo(ER)|mScarlet3S2(ER)|mScarlet3S2(mitochondria)|Halo(mitochondria),ER|mitochondria,Halo(ER)|mScarlet3S2(ER)|mScarlet3S2(mitochondria)|Halo(mitochondria),sheet
/clusterfs/vast/abcabc/Korra_Foundation/20250715_mem_organelle/fish6_48hpf_mem_mito_halo_er_msc2/roi3,20250715-plate43-slot6-roi5,20250715,43,6,5,20250715_mem_organelle,20250715_mem_organelle,fish6,6,48,,1300,20250715_mem_organelle,7/15/25,7/15/25,,,MGCO-40|MGCO-36,MGCO-35|MGCO-39,,,,,Halo|mScarlet3S2,sec61b|2Xcox8A,ER|mitochondria,Halo(ER)|mScarlet3S2(ER)|mScarlet3S2(mitochondria)|Halo(mitochondria),ER|mitochondria,Halo(ER)|mScarlet3S2(ER)|mScarlet3S2(mitochondria)|Halo(mitochondria),sheet
/clusterfs/vast/abcabc/Korra_Foundation/20250715_mem_organelle/fish6_48hpf_mem_mito_halo_er_msc2/roi4,20250715-plate43-slot6-roi7,20250715,43,6,7,20250715_mem_organelle,20250715_mem_organelle,fish6,6,48,,1300,20250715_mem_organelle,7/15/25,7/15/25,,,MGCO-40|MGCO-36,MGCO-35|MGCO-39,,,,,Halo|mScarlet3S2,sec61b|2Xcox8A,ER|mitochondria,Halo(ER)|mScarlet3S2(ER)|mScarlet3S2(mitochondria)|Halo(mitochondria),ER|mitochondria,Halo(ER)|mScarlet3S2(ER)|mScarlet3S2(mitochondria)|Halo(mitochondria),sheet
/clusterfs/vast/abcabc/Korra_Foundation/20250715_mem_organelle/fish6_48hpf_mem_mito_halo_er_msc2/roi5,20250715-plate43-slot6-roi10,20250715,43,6,10,20250715_mem_organelle,20250715_mem_organelle,fish6,6,48,,1300,20250715_mem_organelle,7/15/25,7/15/25,,,MGCO-36|MGCO-40,MGCO-39|MGCO-35,,,,,mScarlet3S2|Halo,sec61b|2Xcox8A,ER|mitochondria,mScarlet3S2(ER)|Halo(ER)|Halo(mitochondria)|mScarlet3S2(mitochondria),ER|mitochondria,mScarlet3S2(ER)|Halo(ER)|Halo(mitochondria)|mScarlet3S2(mitochondria),sheet
/clusterfs/vast/abcabc/Korra_Foundation/20250715_mem_organelle/fish7_48hpf_mem_mito_halo_er_msc2/roi1,20250715-plate44-slot1-roi1,20250715,44,1,1,20250715_mem_organelle,20250715_mem_organelle,fish7,7,48,,1300,20250715_mem_organelle,7/15/25,7/15/25,,,MGCO-40|MGCO-36,MGCO-35|MGCO-39,,,,,Halo|mScarlet3S2,sec61b|2Xcox8A,ER|mitochondria,Halo(ER)|mScarlet3S2(ER)|mScarlet3S2(mitochondria)|Halo(mitochondria),ER|mitochondria,Halo(ER)|mScarlet3S2(ER)|mScarlet3S2(mitochondria)|Halo(mitochondria),sheet
/clusterfs/vast/abcabc/Korra_Foundation/20250715_mem_organelle/fish8_72hpf_mem_mito_msc3_er_halo/roi1,20250715-plate44-slot2-roi1,20250715,44,2,1,20250715_mem_organelle,20250715_mem_organelle,fish8,8,72,,1300,20250715_mem_organelle,7/15/25,7/15/25,,,MGCO-40|MGCO-36,MGCO-35|MGCO-39,,,,,Halo|mScarlet3S2,sec61b|2Xcox8A,ER|mitochondria,Halo(ER)|mScarlet3S2(ER)|mScarlet3S2(mitochondria)|Halo(mitochondria),ER|mitochondria,Halo(ER)|mScarlet3S2(ER)|mScarlet3S2(mitochondria)|Halo(mitochondria),sheet
/clusterfs/vast/abcabc/Korra_Foundation/20250715_mem_organelle/fish8_72hpf_mem_mito_msc3_er_halo/roi2,20250715-plate44-slot2-roi3,20250715,44,2,3,20250715_mem_organelle,20250715_mem_organelle,fish8,8,72,,1300,20250715_mem_organelle,7/15/25,7/15/25,,,MGCO-40|MGCO-36,MGCO-35|MGCO-39,,,,,Halo|mScarlet3S2,sec61b|2Xcox8A,ER|mitochondria,Halo(ER)|mScarlet3S2(ER)|mScarlet3S2(mitochondria)|Halo(mitochondria),ER|mitochondria,Halo(ER)|mScarlet3S2(ER)|mScarlet3S2(mitochondria)|Halo(mitochondria),sheet
/clusterfs/vast/abcabc/Korra_Foundation/20250715_mem_organelle/fish8_72hpf_mem_mito_msc3_er_halo/roi3,20250715-plate44-slot2-roi5,20250715,44,2,5,20250715_mem_organelle,20250715_mem_organelle,fish8,8,72,,1300,20250715_mem_organelle,7/15/25,7/15/25,,,MGCO-40|MGCO-36,MGCO-35|MGCO-39,,,,,Halo|mScarlet3S2,sec61b|2Xcox8A,ER|mitochondria,Halo(ER)|mScarlet3S2(ER)|mScarlet3S2(mitochondria)|Halo(mitochondria),ER|mitochondria,Halo(ER)|mScarlet3S2(ER)|mScarlet3S2(mitochondria)|Halo(mitochondria),sheet
/clusterfs/vast/abcabc/Korra_Foundation/20250723_mem-halo_ER-mSG/fish3_48hpf/roi1_mb,20250723-plate45-slot1-roi1,20250723,45,1,1,20250723_mem-halo_ER-mSG,20250723_mem-halo_ER-mSG,fish3,3,48,,65,20250723_mem-halo_ER-mSG,7/23/25,7/23/25,,,MGCO-04,,,,,,mStayGold,sec61b,ER,mStayGold(ER),ER,mStayGold(ER),sheet
/clusterfs/vast/abcabc/Korra_Foundation/20250723_mem-halo_ER-mSG/fish3_48hpf/roi2,20250723-plate45-slot1-roi2,20250723,45,1,2,20250723_mem-halo_ER-mSG,20250723_mem-halo_ER-mSG,fish3,3,48,,81,20250723_mem-halo_ER-mSG,7/23/25,7/23/25,,,MGCO-04,,,,,,mStayGold,sec61b,ER,mStayGold(ER),ER,mStayGold(ER),sheet
/clusterfs/vast/abcabc/Korra_Foundation/20250723_mem-halo_ER-mSG/fish3_48hpf/roi3,20250723-plate45-slot1-roi3,20250723,45,1,3,20250723_mem-halo_ER-mSG,20250723_mem-halo_ER-mSG,fish3,3,48,,227,20250723_mem-halo_ER-mSG,7/23/25,7/23/25,,,MGCO-04,,,,,,mStayGold,sec61b,ER,mStayGold(ER),ER,mStayGold(ER),sheet
/clusterfs/vast/abcabc/Korra_Foundation/20250723_mem-halo_ER-mSG/fish3_48hpf/roi4,20250723-plate45-slot1-roi4,20250723,45,1,4,20250723_mem-halo_ER-mSG,20250723_mem-halo_ER-mSG,fish3,3,48,,243,20250723_mem-halo_ER-mSG,7/23/25,7/23/25,,,MGCO-04,,,,,,mStayGold,sec61b,ER,mStayGold(ER),ER,mStayGold(ER),sheet
/clusterfs/vast/abcabc/Korra_Foundation/20250723_mem-halo_ER-mSG/fish3_48hpf/roi5,20250723-plate45-slot1-roi5,20250723,45,1,5,20250723_mem-halo_ER-mSG,20250723_mem-halo_ER-mSG,fish3,3,48,,243,20250723_mem-halo_ER-mSG,7/23/25,7/23/25,,,MGCO-04,,,,,,mStayGold,sec61b,ER,mStayGold(ER),ER,mStayGold(ER),sheet
/clusterfs/vast/abcabc/Korra_Foundation/20250723_mem-halo_ER-mSG/fish3_48hpf/roi6,20250723-plate45-slot1-roi6,20250723,45,1,6,20250723_mem-halo_ER-mSG,20250723_mem-halo_ER-mSG,fish3,3,48,,243,20250723_mem-halo_ER-mSG,7/23/25,7/23/25,,,MGCO-04,,,,,,mStayGold,sec61b,ER,mStayGold(ER),ER,mStayGold(ER),sheet
/clusterfs/vast/abcabc/Korra_Foundation/20250724_mem-mchilada_er-mSG/fish1_24hpf/roi1,20250724-plate46-slot1-roi1,20250724,46,1,1,20250724_mem-mchilada_er-mSG,20250724_mem-mchilada_er-mSG,fish1,1,24,,97,20250724_mem-mchilada_er-mSG,7/24/25,7/24/25,pDQM082,315,MGCO-01|MGCO-04,,tdmChilada,2xLynk,membrane,tdmChilada(membrane),mStayGold,2Xcox8A|sec61b,mitochondria|ER,mStayGold(mitochondria)|mStayGold(ER),membrane|mitochondria|ER,tdmChilada(membrane)|mStayGold(mitochondria)|mStayGold(ER),sheet
/clusterfs/vast/abcabc/Korra_Foundation/20250724_mem-mchilada_er-mSG/fish1_24hpf/roi1_2,20250724-plate46-slot1-roi2,20250724,46,1,2,20250724_mem-mchilada_er-mSG,20250724_mem-mchilada_er-mSG,fish1,1,24,,579,20250724_mem-mchilada_er-mSG,7/24/25,7/24/25,pDQM082,315,MGCO-01|MGCO-04,,tdmChilada,2xLynk,membrane,tdmChilada(membrane),mStayGold,2Xcox8A|sec61b,mitochondria|ER,mStayGold(mitochondria)|mStayGold(ER),membrane|mitochondria|ER,tdmChilada(membrane)|mStayGold(mitochondria)|mStayGold(ER),sheet
/clusterfs/vast/abcabc/Korra_Foundation/20250724_mem-mchilada_er-mSG/fish1_24hpf/roi1_3,20250724-plate46-slot1-roi3,20250724,46,1,3,20250724_mem-mchilada_er-mSG,20250724_mem-mchilada_er-mSG,fish1,1,24,,579,20250724_mem-mchilada_er-mSG,7/24/25,7/24/25,pDQM082,315,MGCO-01|MGCO-04,,tdmChilada,2xLynk,membrane,tdmChilada(membrane),mStayGold,2Xcox8A|sec61b,mitochondria|ER,mStayGold(mitochondria)|mStayGold(ER),membrane|mitochondria|ER,tdmChilada(membrane)|mStayGold(mitochondria)|mStayGold(ER),sheet
/clusterfs/vast/abcabc/Korra_Foundation/20250724_mem-mchilada_er-mSG/fish1_24hpf/roi2,20250724-plate46-slot1-roi4,20250724,46,1,4,20250724_mem-mchilada_er-mSG,20250724_mem-mchilada_er-mSG,fish1,1,24,,963,20250724_mem-mchilada_er-mSG,7/24/25,7/24/25,pDQM082,315,MGCO-01|MGCO-04,,tdmChilada,2xLynk,membrane,tdmChilada(membrane),mStayGold,2Xcox8A|sec61b,mitochondria|ER,mStayGold(mitochondria)|mStayGold(ER),membrane|mitochondria|ER,tdmChilada(membrane)|mStayGold(mitochondria)|mStayGold(ER),sheet
/clusterfs/vast/abcabc/Korra_Foundation/20250728_mem-histone/fish1_roi1,20250728-plate47-slot1-roi1,20250728,47,1,1,20250728_mem-histone,20250728_mem-histone,fish1,1,,,2160,20250728_mem-histone,7/28/25,7/28/25,"pDQM005,pDQM133","302,324",pDQM037,,tdmSG|tdmScarlet3,2xLynk|H2B,membrane|histone,tdmSG(membrane)|tdmScarlet3(histone),tdmSG|tdmChilada,dhb|pcna,cytosol|nucleus,tdmSG(cytosol)|tdmChilada(nucleus),membrane|histone|cytosol|nucleus,tdmSG(membrane)|tdmScarlet3(histone)|tdmSG(cytosol)|tdmChilada(nucleus),sheet
/clusterfs/vast/abcabc/Korra_Foundation/20250728_mem-histone/fish1_roi2,20250728-plate47-slot1-roi2,20250728,47,1,2,20250728_mem-histone,20250728_mem-histone,fish1,1,,,2400,20250728_mem-histone,7/28/25,7/28/25,"pDQM005,pDQM133","302,324",pDQM037,,tdmSG|tdmScarlet3,2xLynk|H2B,membrane|histone,tdmSG(membrane)|tdmScarlet3(histone),tdmSG|tdmChilada,dhb|pcna,cytosol|nucleus,tdmSG(cytosol)|tdmChilada(nucleus),membrane|histone|cytosol|nucleus,tdmSG(membrane)|tdmScarlet3(histone)|tdmSG(cytosol)|tdmChilada(nucleus),sheet
/clusterfs/vast/abcabc/Korra_Foundation/20250801_mem-PCNA/fish1_roi1,20250801-plate48-slot1-roi1,20250801,48,1,1,20250801_mem-PCNA,20250801_mem-PCNA,fish1,1,,,1344,20250801_mem-PCNA,8/1/25,8/1/25,,,pDQM037,,,,,,tdmSG|tdmChilada,dhb|pcna,cytosol|nucleus,tdmSG(cytosol)|tdmChilada(nucleus),cytosol|nucleus,tdmSG(cytosol)|tdmChilada(nucleus),sheet
/clusterfs/vast/abcabc/Korra_Foundation/20250801_mem-PCNA/fish2_roi1,20250801-plate48-slot2-roi1,20250801,48,2,1,20250801_mem-PCNA,20250801_mem-PCNA,fish2,2,,,1104,20250801_mem-PCNA,8/1/25,8/1/25,,,pDQM037,,,,,,tdmSG|tdmChilada,dhb|pcna,cytosol|nucleus,tdmSG(cytosol)|tdmChilada(nucleus),cytosol|nucleus,tdmSG(cytosol)|tdmChilada(nucleus),sheet
/clusterfs/vast/abcabc/Korra_Foundation/20250801_mem-PCNA/fish3_72hpf_roi1,20250801-plate48-slot3-roi1,20250801,48,3,1,20250801_mem-PCNA,20250801_mem-PCNA,fish3,3,72,,6226,20250801_mem-PCNA,8/1/25,8/1/25,,,pDQM037,,,,,,tdmSG|tdmChilada,dhb|pcna,cytosol|nucleus,tdmSG(cytosol)|tdmChilada(nucleus),cytosol|nucleus,tdmSG(cytosol)|tdmChilada(nucleus),sheet
/clusterfs/vast/abcabc/Korra_Foundation/20250801_mem-histone/fish1_roi1,20250801-plate49-slot1-roi1,20250801,49,1,1,20250801_mem-histone,20250801_mem-histone,fish1,1,,,300,20250801_mem-histone,8/1/25,8/1/25,"pDQM005,pDQM133","302,324",pDQM037,,tdmSG|tdmScarlet3,2xLynk|H2B,membrane|histone,tdmSG(membrane)|tdmScarlet3(histone),tdmSG|tdmChilada,dhb|pcna,cytosol|nucleus,tdmSG(cytosol)|tdmChilada(nucleus),membrane|histone|cytosol|nucleus,tdmSG(membrane)|tdmScarlet3(histone)|tdmSG(cytosol)|tdmChilada(nucleus),date_match
/clusterfs/vast/abcabc/Korra_Foundation/20251007_mem-histone/fish1_48hpf_roi1,20251007-plate50-slot1-roi1,20251007,50,1,1,20251007_mem-histone,20251007_mem-histone,fish1,1,48,,82,20251007_mem-histone,,10/7/25,"pDQM005,pDQM133","302,324",,,tdmSG|tdmScarlet3,2xLynk|H2B,membrane|histone,tdmSG(membrane)|tdmScarlet3(histone),,,,,membrane|histone,tdmSG(membrane)|tdmScarlet3(histone),date_match
/clusterfs/vast/abcabc/Korra_Foundation/20251007_mem-histone/fish1_48hpf_roi1_test,20251007-plate50-slot1-roi2,20251007,50,1,2,20251007_mem-histone,20251007_mem-histone,fish1,1,48,,12,20251007_mem-histone,,10/7/25,"pDQM005,pDQM133","302,324",,,tdmSG|tdmScarlet3,2xLynk|H2B,membrane|histone,tdmSG(membrane)|tdmScarlet3(histone),,,,,membrane|histone,tdmSG(membrane)|tdmScarlet3(histone),date_match
/clusterfs/vast/abcabc/Korra_Foundation/20251007_mem-histone/fish1_48hpf_roi1test,20251007-plate50-slot1-roi3,20251007,50,1,3,20251007_mem-histone,20251007_mem-histone,fish1,1,48,,18,20251007_mem-histone,,10/7/25,"pDQM005,pDQM133","302,324",,,tdmSG|tdmScarlet3,2xLynk|H2B,membrane|histone,tdmSG(membrane)|tdmScarlet3(histone),,,,,membrane|histone,tdmSG(membrane)|tdmScarlet3(histone),date_match
/clusterfs/vast/abcabc/Korra_Foundation/20251007_mem-histone/fish3_48hpf_roi1,20251007-plate50-slot2-roi1,20251007,50,2,1,20251007_mem-histone,20251007_mem-histone,fish3,3,48,,2880,20251007_mem-histone,,10/7/25,"pDQM005,pDQM133","302,324",,,tdmSG|tdmScarlet3,2xLynk|H2B,membrane|histone,tdmSG(membrane)|tdmScarlet3(histone),,,,,membrane|histone,tdmSG(membrane)|tdmScarlet3(histone),date_match
/clusterfs/vast/abcabc/Korra_Foundation/20251007_mem-histone/fish3_48hpf_roi1_test,20251007-plate50-slot2-roi2,20251007,50,2,2,20251007_mem-histone,20251007_mem-histone,fish3,3,48,,16,20251007_mem-histone,,10/7/25,"pDQM005,pDQM133","302,324",,,tdmSG|tdmScarlet3,2xLynk|H2B,membrane|histone,tdmSG(membrane)|tdmScarlet3(histone),,,,,membrane|histone,tdmSG(membrane)|tdmScarlet3(histone),date_match
/clusterfs/vast/abcabc/Korra_Foundation/20251007_mem-histone/fish3_48hpf_roi2,20251007-plate50-slot2-roi3,20251007,50,2,3,20251007_mem-histone,20251007_mem-histone,fish3,3,48,,2304,20251007_mem-histone,,10/7/25,"pDQM005,pDQM133","302,324",,,tdmSG|tdmScarlet3,2xLynk|H2B,membrane|histone,tdmSG(membrane)|tdmScarlet3(histone),,,,,membrane|histone,tdmSG(membrane)|tdmScarlet3(histone),date_match
/clusterfs/vast/abcabc/Korra_Foundation/20251007_mem-histone/fish3_48hpf_roi2_test,20251007-plate50-slot2-roi4,20251007,50,2,4,20251007_mem-histone,20251007_mem-histone,fish3,3,48,,52,20251007_mem-histone,,10/7/25,"pDQM005,pDQM133","302,324",,,tdmSG|tdmScarlet3,2xLynk|H2B,membrane|histone,tdmSG(membrane)|tdmScarlet3(histone),,,,,membrane|histone,tdmSG(membrane)|tdmScarlet3(histone),date_match
/clusterfs/vast/abcabc/Korra_Foundation/20251009_skittlez/fish1_roi1,20251009-plate51-slot1-roi1,20251009,51,1,1,20251009_skittlez,20251009_skittlez,fish1,1,,,22,20251009_skittlez,10/10/25,10/9/25,pDQM034,309,,,mKate2|mCitrine|Electra2|mKOK|mTFP1,,cytosol,mKate2(cytosol)|mCitrine(cytosol)|Electra2(cytosol)|mKOK(cytosol)|mTFP1(cytosol),,,,,cytosol,mKate2(cytosol)|mCitrine(cytosol)|Electra2(cytosol)|mKOK(cytosol)|mTFP1(cytosol),date_match
/clusterfs/vast/abcabc/Korra_Foundation/20251010_mem-histone/fish1_24hpf_roi1,20251010-plate52-slot1-roi1,20251010,52,1,1,20251010_mem-histone,20251010_mem-histone,fish1,1,24,,9216,20251010_mem-histone,10/10/25,10/10/25,"pDQM005,pDQM133","302,324",,,tdmSG|tdmScarlet3,2xLynk|H2B,membrane|histone,tdmSG(membrane)|tdmScarlet3(histone),,,,,membrane|histone,tdmSG(membrane)|tdmScarlet3(histone),sheet
/clusterfs/vast/abcabc/Korra_Foundation/20251013_mem-histone/fish1_96hpf_roi0_test,20251013-plate53-slot1-roi1,20251013,53,1,1,20251013_mem-histone,20251013_mem-histone,fish1,1,96,,2986,20251013_mem-histone,10/13/25,10/13/25,"pDQM005,pDQM133","302,324",,,tdmSG|tdmScarlet3,2xLynk|H2B,membrane|histone,tdmSG(membrane)|tdmScarlet3(histone),,,,,membrane|histone,tdmSG(membrane)|tdmScarlet3(histone),sheet
/clusterfs/vast/abcabc/Korra_Foundation/20251013_mem-histone/fish1_96hpf_roi1,20251013-plate53-slot1-roi3,20251013,53,1,3,20251013_mem-histone,20251013_mem-histone,fish1,1,96,,2880,20251013_mem-histone,10/13/25,10/13/25,"pDQM005,pDQM133","302,324",,,tdmSG|tdmScarlet3,2xLynk|H2B,membrane|histone,tdmSG(membrane)|tdmScarlet3(histone),,,,,membrane|histone,tdmSG(membrane)|tdmScarlet3(histone),sheet
/clusterfs/vast/abcabc/Korra_Foundation/20251013_mem-histone/fish1_96hpf_roi2,20251013-plate53-slot1-roi7,20251013,53,1,7,20251013_mem-histone,20251013_mem-histone,fish1,1,96,,2880,20251013_mem-histone,10/13/25,10/13/25,"pDQM005,pDQM133","302,324",,,tdmSG|tdmScarlet3,2xLynk|H2B,membrane|histone,tdmSG(membrane)|tdmScarlet3(histone),,,,,membrane|histone,tdmSG(membrane)|tdmScarlet3(histone),sheet
/clusterfs/vast/abcabc/Korra_Foundation/20251013_mem-histone/fish1_96hpf_roi3,20251013-plate53-slot1-roi9,20251013,53,1,9,20251013_mem-histone,20251013_mem-histone,fish1,1,96,,2880,20251013_mem-histone,10/13/25,10/13/25,"pDQM005,pDQM133","302,324",,,tdmSG|tdmScarlet3,2xLynk|H2B,membrane|histone,tdmSG(membrane)|tdmScarlet3(histone),,,,,membrane|histone,tdmSG(membrane)|tdmScarlet3(histone),sheet
/clusterfs/vast/abcabc/Korra_Foundation/20251013_mem-histone/fish2_96hpf_roi1,20251013-plate53-slot2-roi1,20251013,53,2,1,20251013_mem-histone,20251013_mem-histone,fish2,2,96,,2880,20251013_mem-histone,10/13/25,10/13/25,"pDQM005,pDQM133","302,324",,,tdmSG|tdmScarlet3,2xLynk|H2B,membrane|histone,tdmSG(membrane)|tdmScarlet3(histone),,,,,membrane|histone,tdmSG(membrane)|tdmScarlet3(histone),sheet
/clusterfs/vast/abcabc/Korra_Foundation/20251013_mem-histone/fish2_96hpf_roi2,20251013-plate53-slot2-roi4,20251013,53,2,4,20251013_mem-histone,20251013_mem-histone,fish2,2,96,,2880,20251013_mem-histone,10/13/25,10/13/25,"pDQM005,pDQM133","302,324",,,tdmSG|tdmScarlet3,2xLynk|H2B,membrane|histone,tdmSG(membrane)|tdmScarlet3(histone),,,,,membrane|histone,tdmSG(membrane)|tdmScarlet3(histone),sheet
/clusterfs/vast/abcabc/Korra_Foundation/20251013_mem-histone/fish3_96hpf_roi1,20251013-plate53-slot3-roi1,20251013,53,3,1,20251013_mem-histone,20251013_mem-histone,fish3,3,96,,2880,20251013_mem-histone,10/13/25,10/13/25,"pDQM005,pDQM133","302,324",,,tdmSG|tdmScarlet3,2xLynk|H2B,membrane|histone,tdmSG(membrane)|tdmScarlet3(histone),,,,,membrane|histone,tdmSG(membrane)|tdmScarlet3(histone),sheet
/clusterfs/vast/abcabc/Korra_Foundation/20251013_mem-histone/fish3_96hpf_roi2,20251013-plate53-slot3-roi5,20251013,53,3,5,20251013_mem-histone,20251013_mem-histone,fish3,3,96,,2880,20251013_mem-histone,10/13/25,10/13/25,"pDQM005,pDQM133","302,324",,,tdmSG|tdmScarlet3,2xLynk|H2B,membrane|histone,tdmSG(membrane)|tdmScarlet3(histone),,,,,membrane|histone,tdmSG(membrane)|tdmScarlet3(histone),sheet
/clusterfs/vast/abcabc/Korra_Foundation/20251013_mem-histone/fish3_96hpf_roi3,20251013-plate53-slot3-roi9,20251013,53,3,9,20251013_mem-histone,20251013_mem-histone,fish3,3,96,,2880,20251013_mem-histone,10/13/25,10/13/25,"pDQM005,pDQM133","302,324",,,tdmSG|tdmScarlet3,2xLynk|H2B,membrane|histone,tdmSG(membrane)|tdmScarlet3(histone),,,,,membrane|histone,tdmSG(membrane)|tdmScarlet3(histone),sheet
/clusterfs/vast/abcabc/Korra_Foundation/20251015_mem-histone/fish1_48hpf_roi1,20251015-plate54-slot1-roi1,20251015,54,1,1,20251015_mem-histone,20251015_mem-histone,fish1,1,48,,2880,20251015_mem-histone,10/15/25,10/15/25,"pDQM005,pDQM133","302,324",,,tdmSG|tdmScarlet3,2xLynk|H2B,membrane|histone,tdmSG(membrane)|tdmScarlet3(histone),,,,,membrane|histone,tdmSG(membrane)|tdmScarlet3(histone),sheet
/clusterfs/vast/abcabc/Korra_Foundation/20251015_mem-histone/fish2_48hpf_roi1,20251015-plate54-slot2-roi1,20251015,54,2,1,20251015_mem-histone,20251015_mem-histone,fish2,2,48,,2880,20251015_mem-histone,10/15/25,10/15/25,"pDQM005,pDQM133","302,324",,,tdmSG|tdmScarlet3,2xLynk|H2B,membrane|histone,tdmSG(membrane)|tdmScarlet3(histone),,,,,membrane|histone,tdmSG(membrane)|tdmScarlet3(histone),sheet
/clusterfs/vast/abcabc/Korra_Foundation/20251015_mem-histone/fish3_48hpf_roi1,20251015-plate54-slot3-roi1,20251015,54,3,1,20251015_mem-histone,20251015_mem-histone,fish3,3,48,,2880,20251015_mem-histone,10/15/25,10/15/25,"pDQM005,pDQM133","302,324",,,tdmSG|tdmScarlet3,2xLynk|H2B,membrane|histone,tdmSG(membrane)|tdmScarlet3(histone),,,,,membrane|histone,tdmSG(membrane)|tdmScarlet3(histone),sheet
/clusterfs/vast/abcabc/Korra_Foundation/20251015_mem-histone/fish3_48hpf_roi2,20251015-plate54-slot3-roi3,20251015,54,3,3,20251015_mem-histone,20251015_mem-histone,fish3,3,48,,2880,20251015_mem-histone,10/15/25,10/15/25,"pDQM005,pDQM133","302,324",,,tdmSG|tdmScarlet3,2xLynk|H2B,membrane|histone,tdmSG(membrane)|tdmScarlet3(histone),,,,,membrane|histone,tdmSG(membrane)|tdmScarlet3(histone),sheet
/clusterfs/vast/abcabc/Korra_Foundation/20251015_mem-histone/fish4_48hpf_roi1,20251015-plate54-slot4-roi1,20251015,54,4,1,20251015_mem-histone,20251015_mem-histone,fish4,4,48,,2880,20251015_mem-histone,10/15/25,10/15/25,"pDQM005,pDQM133","302,324",,,tdmSG|tdmScarlet3,2xLynk|H2B,membrane|histone,tdmSG(membrane)|tdmScarlet3(histone),,,,,membrane|histone,tdmSG(membrane)|tdmScarlet3(histone),sheet
/clusterfs/vast/abcabc/Korra_Foundation/20251016_mem-histone/fish1_72hpf_roi1,20251016-plate55-slot1-roi1,20251016,55,1,1,20251016_mem-histone,20251016_mem-histone,fish1,1,72,,2880,20251016_mem-histone,10/16/25,10/16/25,"pDQM005,pDQM133","302,324",,,tdmSG|tdmScarlet3,2xLynk|H2B,membrane|histone,tdmSG(membrane)|tdmScarlet3(histone),,,,,membrane|histone,tdmSG(membrane)|tdmScarlet3(histone),sheet
/clusterfs/vast/abcabc/Korra_Foundation/20251016_mem-histone/fish2_72hpf_roi1,20251016-plate55-slot2-roi1,20251016,55,2,1,20251016_mem-histone,20251016_mem-histone,fish2,2,72,,2880,20251016_mem-histone,10/16/25,10/16/25,"pDQM005,pDQM133","302,324",,,tdmSG|tdmScarlet3,2xLynk|H2B,membrane|histone,tdmSG(membrane)|tdmScarlet3(histone),,,,,membrane|histone,tdmSG(membrane)|tdmScarlet3(histone),sheet
/clusterfs/vast/abcabc/Korra_Foundation/20251016_mem-histone/fish2_72hpf_roi2,20251016-plate55-slot2-roi2,20251016,55,2,2,20251016_mem-histone,20251016_mem-histone,fish2,2,72,,2880,20251016_mem-histone,10/16/25,10/16/25,"pDQM005,pDQM133","302,324",,,tdmSG|tdmScarlet3,2xLynk|H2B,membrane|histone,tdmSG(membrane)|tdmScarlet3(histone),,,,,membrane|histone,tdmSG(membrane)|tdmScarlet3(histone),sheet
/clusterfs/vast/abcabc/Korra_Foundation/20251016_mem-histone/fish2_72hpf_roi3,20251016-plate55-slot2-roi3,20251016,55,2,3,20251016_mem-histone,20251016_mem-histone,fish2,2,72,,2880,20251016_mem-histone,10/16/25,10/16/25,"pDQM005,pDQM133","302,324",,,tdmSG|tdmScarlet3,2xLynk|H2B,membrane|histone,tdmSG(membrane)|tdmScarlet3(histone),,,,,membrane|histone,tdmSG(membrane)|tdmScarlet3(histone),sheet
/clusterfs/vast/abcabc/Korra_Foundation/20251016_mem-histone/fish3_72hpf_roi1,20251016-plate55-slot3-roi1,20251016,55,3,1,20251016_mem-histone,20251016_mem-histone,fish3,3,72,,2880,20251016_mem-histone,10/16/25,10/16/25,"pDQM005,pDQM133","302,324",,,tdmSG|tdmScarlet3,2xLynk|H2B,membrane|histone,tdmSG(membrane)|tdmScarlet3(histone),,,,,membrane|histone,tdmSG(membrane)|tdmScarlet3(histone),sheet
/clusterfs/vast/abcabc/Korra_Foundation/20251016_mem-histone/fish3_72hpf_roi2,20251016-plate55-slot3-roi2,20251016,55,3,2,20251016_mem-histone,20251016_mem-histone,fish3,3,72,,2880,20251016_mem-histone,10/16/25,10/16/25,"pDQM005,pDQM133","302,324",,,tdmSG|tdmScarlet3,2xLynk|H2B,membrane|histone,tdmSG(membrane)|tdmScarlet3(histone),,,,,membrane|histone,tdmSG(membrane)|tdmScarlet3(histone),sheet
/clusterfs/vast/abcabc/Korra_Foundation/20251017_microtubules/fish2_24hpf_roi1_test,20251017-plate56-slot1-roi1,20251017,56,1,1,20251017_microtubules,20251017_microtubules,fish2,2,24,,2880,20251017_microtubules,10/17/25,10/17/25,,,MGCO-50,,,,,,mStayGold,EB3,Microtubule EBP,mStayGold(Microtubule EBP),Microtubule EBP,mStayGold(Microtubule EBP),sheet
/clusterfs/vast/abcabc/Korra_Foundation/20251020_mem-histone/fish1_72hpf_roi1,20251020-plate57-slot1-roi1,20251020,57,1,1,20251020_mem-histone,20251020_mem-histone,fish1,1,72,,2880,20251020_mem-histone,10/20/25,10/20/25,"pDQM005,pDQM133","302,324",,,tdmSG|tdmScarlet3,2xLynk|H2B,membrane|histone,tdmSG(membrane)|tdmScarlet3(histone),,,,,membrane|histone,tdmSG(membrane)|tdmScarlet3(histone),sheet
/clusterfs/vast/abcabc/Korra_Foundation/20251020_mem-histone/fish1_72hpf_roi2,20251020-plate57-slot1-roi5,20251020,57,1,5,20251020_mem-histone,20251020_mem-histone,fish1,1,72,,2880,20251020_mem-histone,10/20/25,10/20/25,"pDQM005,pDQM133","302,324",,,tdmSG|tdmScarlet3,2xLynk|H2B,membrane|histone,tdmSG(membrane)|tdmScarlet3(histone),,,,,membrane|histone,tdmSG(membrane)|tdmScarlet3(histone),sheet
/clusterfs/vast/abcabc/Korra_Foundation/20251020_mem-histone/fish1_72hpf_roi3,20251020-plate57-slot1-roi9,20251020,57,1,9,20251020_mem-histone,20251020_mem-histone,fish1,1,72,,2880,20251020_mem-histone,10/20/25,10/20/25,"pDQM005,pDQM133","302,324",,,tdmSG|tdmScarlet3,2xLynk|H2B,membrane|histone,tdmSG(membrane)|tdmScarlet3(histone),,,,,membrane|histone,tdmSG(membrane)|tdmScarlet3(histone),sheet
/clusterfs/vast/abcabc/Korra_Foundation/20251020_mem-histone/fish1_72hpf_roi4,20251020-plate57-slot1-roi13,20251020,57,1,13,20251020_mem-histone,20251020_mem-histone,fish1,1,72,,2880,20251020_mem-histone,10/20/25,10/20/25,"pDQM005,pDQM133","302,324",,,tdmSG|tdmScarlet3,2xLynk|H2B,membrane|histone,tdmSG(membrane)|tdmScarlet3(histone),,,,,membrane|histone,tdmSG(membrane)|tdmScarlet3(histone),sheet
/clusterfs/vast/abcabc/Korra_Foundation/20251020_mem-histone/fish1_72hpf_roi5,20251020-plate57-slot1-roi18,20251020,57,1,18,20251020_mem-histone,20251020_mem-histone,fish1,1,72,,2880,20251020_mem-histone,10/20/25,10/20/25,"pDQM005,pDQM133","302,324",,,tdmSG|tdmScarlet3,2xLynk|H2B,membrane|histone,tdmSG(membrane)|tdmScarlet3(histone),,,,,membrane|histone,tdmSG(membrane)|tdmScarlet3(histone),sheet
/clusterfs/vast/abcabc/Korra_Foundation/20251020_mem-histone/fish2_72hpf_roi1,20251020-plate57-slot2-roi2,20251020,57,2,2,20251020_mem-histone,20251020_mem-histone,fish2,2,72,,2880,20251020_mem-histone,10/20/25,10/20/25,"pDQM005,pDQM133","302,324",,,tdmSG|tdmScarlet3,2xLynk|H2B,membrane|histone,tdmSG(membrane)|tdmScarlet3(histone),,,,,membrane|histone,tdmSG(membrane)|tdmScarlet3(histone),sheet
/clusterfs/vast/abcabc/Korra_Foundation/20251020_mem-histone/fish2_72hpf_roi2,20251020-plate57-slot2-roi5,20251020,57,2,5,20251020_mem-histone,20251020_mem-histone,fish2,2,72,,2880,20251020_mem-histone,10/20/25,10/20/25,"pDQM005,pDQM133","302,324",,,tdmSG|tdmScarlet3,2xLynk|H2B,membrane|histone,tdmSG(membrane)|tdmScarlet3(histone),,,,,membrane|histone,tdmSG(membrane)|tdmScarlet3(histone),sheet
/clusterfs/vast/abcabc/Korra_Foundation/20251020_mem-histone/fish2_72hpf_roi3,20251020-plate57-slot2-roi9,20251020,57,2,9,20251020_mem-histone,20251020_mem-histone,fish2,2,72,,104,20251020_mem-histone,10/20/25,10/20/25,"pDQM005,pDQM133","302,324",,,tdmSG|tdmScarlet3,2xLynk|H2B,membrane|histone,tdmSG(membrane)|tdmScarlet3(histone),,,,,membrane|histone,tdmSG(membrane)|tdmScarlet3(histone),sheet
/clusterfs/vast/abcabc/Korra_Foundation/20251022_mem-histone/fish1_24hpf_roi2,20251022-plate58-slot1-roi1,20251022,58,1,1,20251022_mem-histone,20251022_mem-histone,fish1,1,24,,2880,20251022_mem-histone,10/22/25,10/22/25,"pDQM005,pDQM133","302,324",,,tdmSG|tdmScarlet3,2xLynk|H2B,membrane|histone,tdmSG(membrane)|tdmScarlet3(histone),,,,,membrane|histone,tdmSG(membrane)|tdmScarlet3(histone),sheet
/clusterfs/vast/abcabc/Korra_Foundation/20251022_mem-histone/fish1_24hpf_roi3,20251022-plate58-slot1-roi2,20251022,58,1,2,20251022_mem-histone,20251022_mem-histone,fish1,1,24,,2880,20251022_mem-histone,10/22/25,10/22/25,"pDQM005,pDQM133","302,324",,,tdmSG|tdmScarlet3,2xLynk|H2B,membrane|histone,tdmSG(membrane)|tdmScarlet3(histone),,,,,membrane|histone,tdmSG(membrane)|tdmScarlet3(histone),sheet
/clusterfs/vast/abcabc/Korra_Foundation/20251022_mem-histone/fish2_24hpf_roi1,20251022-plate58-slot2-roi1,20251022,58,2,1,20251022_mem-histone,20251022_mem-histone,fish2,2,24,,2880,20251022_mem-histone,10/22/25,10/22/25,"pDQM005,pDQM133","302,324",,,tdmSG|tdmScarlet3,2xLynk|H2B,membrane|histone,tdmSG(membrane)|tdmScarlet3(histone),,,,,membrane|histone,tdmSG(membrane)|tdmScarlet3(histone),sheet
/clusterfs/vast/abcabc/Korra_Foundation/20251022_mem-histone/fish2_24hpf_roi2,20251022-plate58-slot2-roi2,20251022,58,2,2,20251022_mem-histone,20251022_mem-histone,fish2,2,24,,2880,20251022_mem-histone,10/22/25,10/22/25,"pDQM005,pDQM133","302,324",,,tdmSG|tdmScarlet3,2xLynk|H2B,membrane|histone,tdmSG(membrane)|tdmScarlet3(histone),,,,,membrane|histone,tdmSG(membrane)|tdmScarlet3(histone),sheet
/clusterfs/vast/abcabc/Korra_Foundation/20251022_mem-histone/fish2_24hpf_roi3,20251022-plate58-slot2-roi3,20251022,58,2,3,20251022_mem-histone,20251022_mem-histone,fish2,2,24,,2880,20251022_mem-histone,10/22/25,10/22/25,"pDQM005,pDQM133","302,324",,,tdmSG|tdmScarlet3,2xLynk|H2B,membrane|histone,tdmSG(membrane)|tdmScarlet3(histone),,,,,membrane|histone,tdmSG(membrane)|tdmScarlet3(histone),sheet
/clusterfs/vast/abcabc/Korra_Foundation/20251022_mem-histone/fish3_24hpf_roi1,20251022-plate58-slot3-roi1,20251022,58,3,1,20251022_mem-histone,20251022_mem-histone,fish3,3,24,,2880,20251022_mem-histone,10/22/25,10/22/25,"pDQM005,pDQM133","302,324",,,tdmSG|tdmScarlet3,2xLynk|H2B,membrane|histone,tdmSG(membrane)|tdmScarlet3(histone),,,,,membrane|histone,tdmSG(membrane)|tdmScarlet3(histone),sheet
/clusterfs/vast/abcabc/Korra_Foundation/20251022_mem-histone/fish3_24hpf_roi2,20251022-plate58-slot3-roi2,20251022,58,3,2,20251022_mem-histone,20251022_mem-histone,fish3,3,24,,2880,20251022_mem-histone,10/22/25,10/22/25,"pDQM005,pDQM133","302,324",,,tdmSG|tdmScarlet3,2xLynk|H2B,membrane|histone,tdmSG(membrane)|tdmScarlet3(histone),,,,,membrane|histone,tdmSG(membrane)|tdmScarlet3(histone),sheet
/clusterfs/vast/abcabc/Korra_Foundation/20251022_mem-histone/fish4_24hpf_roi1,20251022-plate58-slot4-roi1,20251022,58,4,1,20251022_mem-histone,20251022_mem-histone,fish4,4,24,,2880,20251022_mem-histone,10/22/25,10/22/25,"pDQM005,pDQM133","302,324",,,tdmSG|tdmScarlet3,2xLynk|H2B,membrane|histone,tdmSG(membrane)|tdmScarlet3(histone),,,,,membrane|histone,tdmSG(membrane)|tdmScarlet3(histone),sheet
/clusterfs/vast/abcabc/Korra_Foundation/20251022_mem-histone/fish4_24hpf_roi2,20251022-plate58-slot4-roi2,20251022,58,4,2,20251022_mem-histone,20251022_mem-histone,fish4,4,24,,2880,20251022_mem-histone,10/22/25,10/22/25,"pDQM005,pDQM133","302,324",,,tdmSG|tdmScarlet3,2xLynk|H2B,membrane|histone,tdmSG(membrane)|tdmScarlet3(histone),,,,,membrane|histone,tdmSG(membrane)|tdmScarlet3(histone),sheet
/clusterfs/vast/abcabc/Korra_Foundation/20251022_mem-histone/fish4_24hpf_roi3,20251022-plate58-slot4-roi3,20251022,58,4,3,20251022_mem-histone,20251022_mem-histone,fish4,4,24,,2880,20251022_mem-histone,10/22/25,10/22/25,"pDQM005,pDQM133","302,324",,,tdmSG|tdmScarlet3,2xLynk|H2B,membrane|histone,tdmSG(membrane)|tdmScarlet3(histone),,,,,membrane|histone,tdmSG(membrane)|tdmScarlet3(histone),sheet
/clusterfs/vast/abcabc/Korra_Foundation/20251024_mem-histone/fish2_72hpf_roi1,20251024-plate59-slot1-roi1,20251024,59,1,1,20251024_mem-histone,20251024_mem-histone,fish2,2,72,,2880,20251024_mem-histone,10/24/25,10/24/25,"pDQM005,pDQM133","302,324",,,tdmSG|tdmScarlet3,2xLynk|H2B,membrane|histone,tdmSG(membrane)|tdmScarlet3(histone),,,,,membrane|histone,tdmSG(membrane)|tdmScarlet3(histone),sheet
/clusterfs/vast/abcabc/Korra_Foundation/20251024_mem-histone/fish2_72hpf_roi2,20251024-plate59-slot1-roi2,20251024,59,1,2,20251024_mem-histone,20251024_mem-histone,fish2,2,72,,2880,20251024_mem-histone,10/24/25,10/24/25,"pDQM005,pDQM133","302,324",,,tdmSG|tdmScarlet3,2xLynk|H2B,membrane|histone,tdmSG(membrane)|tdmScarlet3(histone),,,,,membrane|histone,tdmSG(membrane)|tdmScarlet3(histone),sheet
/clusterfs/vast/abcabc/Korra_Foundation/20251024_mem-histone/fish2_72hpf_roi3,20251024-plate59-slot1-roi3,20251024,59,1,3,20251024_mem-histone,20251024_mem-histone,fish2,2,72,,2880,20251024_mem-histone,10/24/25,10/24/25,"pDQM005,pDQM133","302,324",,,tdmSG|tdmScarlet3,2xLynk|H2B,membrane|histone,tdmSG(membrane)|tdmScarlet3(histone),,,,,membrane|histone,tdmSG(membrane)|tdmScarlet3(histone),sheet
/clusterfs/vast/abcabc/Korra_Foundation/20251024_mem-histone/fish3_72hpf_roi1,20251024-plate59-slot2-roi1,20251024,59,2,1,20251024_mem-histone,20251024_mem-histone,fish3,3,72,,2880,20251024_mem-histone,10/24/25,10/24/25,"pDQM005,pDQM133","302,324",,,tdmSG|tdmScarlet3,2xLynk|H2B,membrane|histone,tdmSG(membrane)|tdmScarlet3(histone),,,,,membrane|histone,tdmSG(membrane)|tdmScarlet3(histone),sheet
/clusterfs/vast/abcabc/Korra_Foundation/20251024_mem-histone/fish3_72hpf_roi2,20251024-plate59-slot2-roi2,20251024,59,2,2,20251024_mem-histone,20251024_mem-histone,fish3,3,72,,2880,20251024_mem-histone,10/24/25,10/24/25,"pDQM005,pDQM133","302,324",,,tdmSG|tdmScarlet3,2xLynk|H2B,membrane|histone,tdmSG(membrane)|tdmScarlet3(histone),,,,,membrane|histone,tdmSG(membrane)|tdmScarlet3(histone),sheet
/clusterfs/vast/abcabc/Korra_Foundation/20251024_mem-histone/fish3_72hpf_roi3,20251024-plate59-slot2-roi3,20251024,59,2,3,20251024_mem-histone,20251024_mem-histone,fish3,3,72,,2880,20251024_mem-histone,10/24/25,10/24/25,"pDQM005,pDQM133","302,324",,,tdmSG|tdmScarlet3,2xLynk|H2B,membrane|histone,tdmSG(membrane)|tdmScarlet3(histone),,,,,membrane|histone,tdmSG(membrane)|tdmScarlet3(histone),sheet
/clusterfs/vast/abcabc/Korra_Foundation/20251024_mem-histone/fish3_72hpf_roi4,20251024-plate59-slot2-roi4,20251024,59,2,4,20251024_mem-histone,20251024_mem-histone,fish3,3,72,,2880,20251024_mem-histone,10/24/25,10/24/25,"pDQM005,pDQM133","302,324",,,tdmSG|tdmScarlet3,2xLynk|H2B,membrane|histone,tdmSG(membrane)|tdmScarlet3(histone),,,,,membrane|histone,tdmSG(membrane)|tdmScarlet3(histone),sheet
/clusterfs/vast/abcabc/Korra_Foundation/20251024_mem-histone/fish3_72hpf_roi5,20251024-plate59-slot2-roi5,20251024,59,2,5,20251024_mem-histone,20251024_mem-histone,fish3,3,72,,2880,20251024_mem-histone,10/24/25,10/24/25,"pDQM005,pDQM133","302,324",,,tdmSG|tdmScarlet3,2xLynk|H2B,membrane|histone,tdmSG(membrane)|tdmScarlet3(histone),,,,,membrane|histone,tdmSG(membrane)|tdmScarlet3(histone),sheet
/clusterfs/vast/abcabc/Korra_Foundation/20251027_mem-histone/fish3_72hpf_roi1,20251027-plate60-slot2-roi15,20251027,60,2,15,20251027_mem-histone,20251027_mem-histone,fish3,3,72,,2880,20251027_mem-histone,10/27/25,10/27/25,"pDQM005,pDQM133","302,324",,,tdmSG|tdmScarlet3,2xLynk|H2B,membrane|histone,tdmSG(membrane)|tdmScarlet3(histone),,,,,membrane|histone,tdmSG(membrane)|tdmScarlet3(histone),sheet
/clusterfs/vast/abcabc/Korra_Foundation/20251027_mem-histone/fish3_72hpf_roi2,20251027-plate60-slot2-roi17,20251027,60,2,17,20251027_mem-histone,20251027_mem-histone,fish3,3,72,,2880,20251027_mem-histone,10/27/25,10/27/25,"pDQM005,pDQM133","302,324",,,tdmSG|tdmScarlet3,2xLynk|H2B,membrane|histone,tdmSG(membrane)|tdmScarlet3(histone),,,,,membrane|histone,tdmSG(membrane)|tdmScarlet3(histone),sheet
/clusterfs/vast/abcabc/Korra_Foundation/20251027_mem-histone/fish3_72hpf_roi3,20251027-plate60-slot2-roi19,20251027,60,2,19,20251027_mem-histone,20251027_mem-histone,fish3,3,72,,2880,20251027_mem-histone,10/27/25,10/27/25,"pDQM005,pDQM133","302,324",,,tdmSG|tdmScarlet3,2xLynk|H2B,membrane|histone,tdmSG(membrane)|tdmScarlet3(histone),,,,,membrane|histone,tdmSG(membrane)|tdmScarlet3(histone),sheet
/clusterfs/vast/abcabc/Korra_Foundation/20251027_mem-histone/fish3_72hpf_roi4,20251027-plate60-slot2-roi22,20251027,60,2,22,20251027_mem-histone,20251027_mem-histone,fish3,3,72,,2880,20251027_mem-histone,10/27/25,10/27/25,"pDQM005,pDQM133","302,324",,,tdmSG|tdmScarlet3,2xLynk|H2B,membrane|histone,tdmSG(membrane)|tdmScarlet3(histone),,,,,membrane|histone,tdmSG(membrane)|tdmScarlet3(histone),sheet
/clusterfs/vast/abcabc/Korra_Foundation/20251029_mem-histone/fish2_24hpf_roi1,20251029-plate61-slot1-roi1,20251029,61,1,1,20251029_mem-histone,20251029_mem-histone,fish2,2,24,,2880,20251029_mem-histone,10/29/25,10/29/25,"pDQM005,pDQM133","302,324",MGCO-01,,tdmSG|tdmScarlet3,2xLynk|H2B,membrane|histone,tdmSG(membrane)|tdmScarlet3(histone),mStayGold,2Xcox8A,mitochondria,mStayGold(mitochondria),membrane|histone|mitochondria,tdmSG(membrane)|tdmScarlet3(histone)|mStayGold(mitochondria),sheet
/clusterfs/vast/abcabc/Korra_Foundation/20251029_mem-histone/fish3_24hpf_roi1,20251029-plate61-slot2-roi1,20251029,61,2,1,20251029_mem-histone,20251029_mem-histone,fish3,3,24,,2880,20251029_mem-histone,10/29/25,10/29/25,"pDQM005,pDQM133","302,324",MGCO-01,,tdmSG|tdmScarlet3,2xLynk|H2B,membrane|histone,tdmSG(membrane)|tdmScarlet3(histone),mStayGold,2Xcox8A,mitochondria,mStayGold(mitochondria),membrane|histone|mitochondria,tdmSG(membrane)|tdmScarlet3(histone)|mStayGold(mitochondria),sheet
/clusterfs/vast/abcabc/Korra_Foundation/20251029_mem-histone/fish5_24hpf_roi1,20251029-plate61-slot3-roi1,20251029,61,3,1,20251029_mem-histone,20251029_mem-histone,fish5,5,24,,2880,20251029_mem-histone,10/29/25,10/29/25,"pDQM005,pDQM133","302,324",MGCO-01,,tdmSG|tdmScarlet3,2xLynk|H2B,membrane|histone,tdmSG(membrane)|tdmScarlet3(histone),mStayGold,2Xcox8A,mitochondria,mStayGold(mitochondria),membrane|histone|mitochondria,tdmSG(membrane)|tdmScarlet3(histone)|mStayGold(mitochondria),sheet
/clusterfs/vast/abcabc/Korra_Foundation/20251029_mem-histone/fish5_24hpf_roi2,20251029-plate61-slot3-roi2,20251029,61,3,2,20251029_mem-histone,20251029_mem-histone,fish5,5,24,,2880,20251029_mem-histone,10/29/25,10/29/25,"pDQM005,pDQM133","302,324",MGCO-01,,tdmSG|tdmScarlet3,2xLynk|H2B,membrane|histone,tdmSG(membrane)|tdmScarlet3(histone),mStayGold,2Xcox8A,mitochondria,mStayGold(mitochondria),membrane|histone|mitochondria,tdmSG(membrane)|tdmScarlet3(histone)|mStayGold(mitochondria),sheet
/clusterfs/vast/abcabc/Korra_Foundation/20251106_mem-mito/fish1_48hpf_roi1,20251106-plate62-slot1-roi1,20251106,62,1,1,20251106_mem-mito,20251106_mem-mito,fish1,1,48,,768,20251106_mem-mito,11/6/25,11/6/25,pDQM082,315,MGCO-01,,tdmChilada,2xLynk,membrane,tdmChilada(membrane),mStayGold,2Xcox8A,mitochondria,mStayGold(mitochondria),membrane|mitochondria,tdmChilada(membrane)|mStayGold(mitochondria),sheet
/clusterfs/vast/abcabc/Korra_Foundation/20251106_mem-mito/fish1_48hpf_roi2,20251106-plate62-slot1-roi3,20251106,62,1,3,20251106_mem-mito,20251106_mem-mito,fish1,1,48,,768,20251106_mem-mito,11/6/25,11/6/25,pDQM082,315,MGCO-01,,tdmChilada,2xLynk,membrane,tdmChilada(membrane),mStayGold,2Xcox8A,mitochondria,mStayGold(mitochondria),membrane|mitochondria,tdmChilada(membrane)|mStayGold(mitochondria),sheet
/clusterfs/vast/abcabc/Korra_Foundation/20251106_mem-mito/fish1_48hpf_roi3,20251106-plate62-slot1-roi5,20251106,62,1,5,20251106_mem-mito,20251106_mem-mito,fish1,1,48,,768,20251106_mem-mito,11/6/25,11/6/25,pDQM082,315,MGCO-01,,tdmChilada,2xLynk,membrane,tdmChilada(membrane),mStayGold,2Xcox8A,mitochondria,mStayGold(mitochondria),membrane|mitochondria,tdmChilada(membrane)|mStayGold(mitochondria),sheet
/clusterfs/vast/abcabc/Korra_Foundation/20251106_mem-mito/fish1_48hpf_roi4,20251106-plate62-slot1-roi6,20251106,62,1,6,20251106_mem-mito,20251106_mem-mito,fish1,1,48,,768,20251106_mem-mito,11/6/25,11/6/25,pDQM082,315,MGCO-01,,tdmChilada,2xLynk,membrane,tdmChilada(membrane),mStayGold,2Xcox8A,mitochondria,mStayGold(mitochondria),membrane|mitochondria,tdmChilada(membrane)|mStayGold(mitochondria),sheet
/clusterfs/vast/abcabc/Korra_Foundation/20251106_mem-mito/fish1_48hpf_roi5,20251106-plate62-slot1-roi7,20251106,62,1,7,20251106_mem-mito,20251106_mem-mito,fish1,1,48,,768,20251106_mem-mito,11/6/25,11/6/25,pDQM082,315,MGCO-01,,tdmChilada,2xLynk,membrane,tdmChilada(membrane),mStayGold,2Xcox8A,mitochondria,mStayGold(mitochondria),membrane|mitochondria,tdmChilada(membrane)|mStayGold(mitochondria),sheet
/clusterfs/vast/abcabc/Korra_Foundation/20251106_mem-mito/fish2_48hpf_roi1,20251106-plate62-slot2-roi1,20251106,62,2,1,20251106_mem-mito,20251106_mem-mito,fish2,2,48,,1024,20251106_mem-mito,11/6/25,11/6/25,pDQM082,315,MGCO-01,,tdmChilada,2xLynk,membrane,tdmChilada(membrane),mStayGold,2Xcox8A,mitochondria,mStayGold(mitochondria),membrane|mitochondria,tdmChilada(membrane)|mStayGold(mitochondria),sheet
/clusterfs/vast/abcabc/Korra_Foundation/20251106_mem-mito/fish2_48hpf_roi2,20251106-plate62-slot2-roi3,20251106,62,2,3,20251106_mem-mito,20251106_mem-mito,fish2,2,48,,1024,20251106_mem-mito,11/6/25,11/6/25,pDQM082,315,MGCO-01,,tdmChilada,2xLynk,membrane,tdmChilada(membrane),mStayGold,2Xcox8A,mitochondria,mStayGold(mitochondria),membrane|mitochondria,tdmChilada(membrane)|mStayGold(mitochondria),sheet
/clusterfs/vast/abcabc/Korra_Foundation/20251106_mem-mito/fish2_48hpf_roi3,20251106-plate62-slot2-roi5,20251106,62,2,5,20251106_mem-mito,20251106_mem-mito,fish2,2,48,,1024,20251106_mem-mito,11/6/25,11/6/25,pDQM082,315,MGCO-01,,tdmChilada,2xLynk,membrane,tdmChilada(membrane),mStayGold,2Xcox8A,mitochondria,mStayGold(mitochondria),membrane|mitochondria,tdmChilada(membrane)|mStayGold(mitochondria),sheet
/clusterfs/vast/abcabc/Korra_Foundation/20251106_mem-mito/fish2_48hpf_roi4,20251106-plate62-slot2-roi7,20251106,62,2,7,20251106_mem-mito,20251106_mem-mito,fish2,2,48,,1024,20251106_mem-mito,11/6/25,11/6/25,pDQM082,315,MGCO-01,,tdmChilada,2xLynk,membrane,tdmChilada(membrane),mStayGold,2Xcox8A,mitochondria,mStayGold(mitochondria),membrane|mitochondria,tdmChilada(membrane)|mStayGold(mitochondria),sheet
/clusterfs/vast/abcabc/Korra_Foundation/20251106_mem-mito/fish2_48hpf_roi5,20251106-plate62-slot2-roi9,20251106,62,2,9,20251106_mem-mito,20251106_mem-mito,fish2,2,48,,1024,20251106_mem-mito,11/6/25,11/6/25,pDQM082,315,MGCO-01,,tdmChilada,2xLynk,membrane,tdmChilada(membrane),mStayGold,2Xcox8A,mitochondria,mStayGold(mitochondria),membrane|mitochondria,tdmChilada(membrane)|mStayGold(mitochondria),sheet
/clusterfs/vast/abcabc/Korra_Foundation/20251110_mem-histone/fish1_48hpf_roi1,20251110-plate63-slot1-roi1,20251110,63,1,1,20251110_mem-histone,20251110_mem-histone,fish1,1,48,,12,20251110_mem-histone,11/10/25,11/10/25,"pDQM005,pDQM133","302,324",,,tdmSG|tdmScarlet3,2xLynk|H2B,membrane|histone,tdmSG(membrane)|tdmScarlet3(histone),,,,,membrane|histone,tdmSG(membrane)|tdmScarlet3(histone),sheet
/clusterfs/vast/abcabc/Korra_Foundation/20251110_mem-histone/fish1_48hpf_roi2,20251110-plate63-slot1-roi2,20251110,63,1,2,20251110_mem-histone,20251110_mem-histone,fish1,1,48,,1920,20251110_mem-histone,11/10/25,11/10/25,"pDQM005,pDQM133","302,324",,,tdmSG|tdmScarlet3,2xLynk|H2B,membrane|histone,tdmSG(membrane)|tdmScarlet3(histone),,,,,membrane|histone,tdmSG(membrane)|tdmScarlet3(histone),sheet
/clusterfs/vast/abcabc/Korra_Foundation/20251110_mem-histone/fish2_48hpf_roi1,20251110-plate63-slot2-roi1,20251110,63,2,1,20251110_mem-histone,20251110_mem-histone,fish2,2,48,,12,20251110_mem-histone,11/10/25,11/10/25,"pDQM005,pDQM133","302,324",,,tdmSG|tdmScarlet3,2xLynk|H2B,membrane|histone,tdmSG(membrane)|tdmScarlet3(histone),,,,,membrane|histone,tdmSG(membrane)|tdmScarlet3(histone),sheet
/clusterfs/vast/abcabc/Korra_Foundation/20251110_mem-histone/fish2_48hpf_roi1-2,20251110-plate63-slot2-roi2,20251110,63,2,2,20251110_mem-histone,20251110_mem-histone,fish2,2,48,,3840,20251110_mem-histone,11/10/25,11/10/25,"pDQM005,pDQM133","302,324",,,tdmSG|tdmScarlet3,2xLynk|H2B,membrane|histone,tdmSG(membrane)|tdmScarlet3(histone),,,,,membrane|histone,tdmSG(membrane)|tdmScarlet3(histone),sheet
/clusterfs/vast/abcabc/Korra_Foundation/20251110_mem-histone/fish3_48hpf_roi1,20251110-plate63-slot3-roi1,20251110,63,3,1,20251110_mem-histone,20251110_mem-histone,fish3,3,48,,9360,20251110_mem-histone,11/10/25,11/10/25,"pDQM005,pDQM133","302,324",,,tdmSG|tdmScarlet3,2xLynk|H2B,membrane|histone,tdmSG(membrane)|tdmScarlet3(histone),,,,,membrane|histone,tdmSG(membrane)|tdmScarlet3(histone),sheet
/clusterfs/vast/abcabc/Korra_Foundation/20251110_mem-histone/fish4_48hpf_roi1,20251110-plate63-slot4-roi1,20251110,63,4,1,20251110_mem-histone,20251110_mem-histone,fish4,4,48,,144,20251110_mem-histone,11/10/25,11/10/25,"pDQM005,pDQM133","302,324",,,tdmSG|tdmScarlet3,2xLynk|H2B,membrane|histone,tdmSG(membrane)|tdmScarlet3(histone),,,,,membrane|histone,tdmSG(membrane)|tdmScarlet3(histone),sheet
/clusterfs/vast/abcabc/Korra_Foundation/20251112_mem-mito/fish2_48hpf_roi1,20251112-plate64-slot1-roi1,20251112,64,1,1,20251112_mem-mito,20251112_mem-mito,fish2,2,48,,1280,20251112_mem-mito,11/12/25,11/12/25,pDQM082,315,MGCO-01,,tdmChilada,2xLynk,membrane,tdmChilada(membrane),mStayGold,2Xcox8A,mitochondria,mStayGold(mitochondria),membrane|mitochondria,tdmChilada(membrane)|mStayGold(mitochondria),sheet
/clusterfs/vast/abcabc/Korra_Foundation/20251112_mem-mito/fish2_48hpf_roi2,20251112-plate64-slot1-roi2,20251112,64,1,2,20251112_mem-mito,20251112_mem-mito,fish2,2,48,,1280,20251112_mem-mito,11/12/25,11/12/25,pDQM082,315,MGCO-01,,tdmChilada,2xLynk,membrane,tdmChilada(membrane),mStayGold,2Xcox8A,mitochondria,mStayGold(mitochondria),membrane|mitochondria,tdmChilada(membrane)|mStayGold(mitochondria),sheet
/clusterfs/vast/abcabc/Korra_Foundation/20251112_mem-mito/fish2_48hpf_roi3,20251112-plate64-slot1-roi3,20251112,64,1,3,20251112_mem-mito,20251112_mem-mito,fish2,2,48,,1280,20251112_mem-mito,11/12/25,11/12/25,pDQM082,315,MGCO-01,,tdmChilada,2xLynk,membrane,tdmChilada(membrane),mStayGold,2Xcox8A,mitochondria,mStayGold(mitochondria),membrane|mitochondria,tdmChilada(membrane)|mStayGold(mitochondria),sheet
/clusterfs/vast/abcabc/Korra_Foundation/20251112_mem-mito/fish3_48hpf_roi1,20251112-plate64-slot2-roi1,20251112,64,2,1,20251112_mem-mito,20251112_mem-mito,fish3,3,48,,1280,20251112_mem-mito,11/12/25,11/12/25,pDQM082,315,MGCO-01,,tdmChilada,2xLynk,membrane,tdmChilada(membrane),mStayGold,2Xcox8A,mitochondria,mStayGold(mitochondria),membrane|mitochondria,tdmChilada(membrane)|mStayGold(mitochondria),sheet
/clusterfs/vast/abcabc/Korra_Foundation/20251112_mem-mito/fish3_48hpf_roi2,20251112-plate64-slot2-roi2,20251112,64,2,2,20251112_mem-mito,20251112_mem-mito,fish3,3,48,,1280,20251112_mem-mito,11/12/25,11/12/25,pDQM082,315,MGCO-01,,tdmChilada,2xLynk,membrane,tdmChilada(membrane),mStayGold,2Xcox8A,mitochondria,mStayGold(mitochondria),membrane|mitochondria,tdmChilada(membrane)|mStayGold(mitochondria),sheet
/clusterfs/vast/abcabc/Korra_Foundation/20251112_mem-mito/fish3_48hpf_roi3,20251112-plate64-slot2-roi3,20251112,64,2,3,20251112_mem-mito,20251112_mem-mito,fish3,3,48,,1280,20251112_mem-mito,11/12/25,11/12/25,pDQM082,315,MGCO-01,,tdmChilada,2xLynk,membrane,tdmChilada(membrane),mStayGold,2Xcox8A,mitochondria,mStayGold(mitochondria),membrane|mitochondria,tdmChilada(membrane)|mStayGold(mitochondria),sheet
/clusterfs/vast/abcabc/Korra_Foundation/20251112_mem-mito/fish3_48hpf_roi4,20251112-plate64-slot2-roi4,20251112,64,2,4,20251112_mem-mito,20251112_mem-mito,fish3,3,48,,1280,20251112_mem-mito,11/12/25,11/12/25,pDQM082,315,MGCO-01,,tdmChilada,2xLynk,membrane,tdmChilada(membrane),mStayGold,2Xcox8A,mitochondria,mStayGold(mitochondria),membrane|mitochondria,tdmChilada(membrane)|mStayGold(mitochondria),sheet
/clusterfs/vast/abcabc/Korra_Foundation/20251112_mem-mito/fish4_48hpf_roi1,20251112-plate64-slot3-roi1,20251112,64,3,1,20251112_mem-mito,20251112_mem-mito,fish4,4,48,,1280,20251112_mem-mito,11/12/25,11/12/25,pDQM082,315,MGCO-01,,tdmChilada,2xLynk,membrane,tdmChilada(membrane),mStayGold,2Xcox8A,mitochondria,mStayGold(mitochondria),membrane|mitochondria,tdmChilada(membrane)|mStayGold(mitochondria),sheet
/clusterfs/vast/abcabc/Korra_Foundation/20251112_mem-mito/fish4_48hpf_roi2,20251112-plate64-slot3-roi2,20251112,64,3,2,20251112_mem-mito,20251112_mem-mito,fish4,4,48,,852,20251112_mem-mito,11/12/25,11/12/25,pDQM082,315,MGCO-01,,tdmChilada,2xLynk,membrane,tdmChilada(membrane),mStayGold,2Xcox8A,mitochondria,mStayGold(mitochondria),membrane|mitochondria,tdmChilada(membrane)|mStayGold(mitochondria),sheet
/clusterfs/vast/abcabc/Korra_Foundation/analysis_test/fish1_roi1,,,,,,analysis_test,analysis_test,fish1,1,,,96,analysis_test,,,,,,,,,,,,,,,,,unmatched