roi_dir,bruker_roi_id,plate_date,plate_id_filled,slot_id_filled,roi_index_within_slot,dataset_slug,experiment_folder,fish_id,fish_number,fish_age_hpf,roi_anatomy,roi_tiffs,date_experiment,Date imaged,date_mount,genotype_base_codes,genotype_allele_codes,treatment_plasmid_plasmid_base_code,treatment_rna_rna_base_code,genotype_marker_fluor_codes,genotype_marker_tag_codes,genotype_marker_localizations,genotype_marker_fusion_labels,all_unique_organelles,all_fluor_organelles,link_source
/clusterfs/vast/abcabc/Aang_Foundation/20250721_72hpf_mrna_mSG_organelle_LLS-SIM/er_roi1,20250721-plate65-slot1-roi1,20250721.0,65.0,1.0,1.0,20250721_72hpf_mrna_mSG_organelle_LLS-SIM,20250721_72hpf_mrna_mSG_organelle_LLS-SIM,fish1,1.0,,,74,20250721_72hpf_mrna_mSG_organelle_LLS-SIM,,,,,,,,,,,,,unmatched
/clusterfs/vast/abcabc/Aang_Foundation/20250721_72hpf_mrna_mSG_organelle_LLS-SIM/er_roi2,20250721-plate65-slot2-roi1,20250721.0,65.0,2.0,1.0,20250721_72hpf_mrna_mSG_organelle_LLS-SIM,20250721_72hpf_mrna_mSG_organelle_LLS-SIM,fish2,2.0,,,74,20250721_72hpf_mrna_mSG_organelle_LLS-SIM,,,,,,,,,,,,,unmatched
/clusterfs/vast/abcabc/Aang_Foundation/20250721_72hpf_mrna_mSG_organelle_LLS-SIM/er_roi3,20250721-plate65-slot3-roi1,20250721.0,65.0,3.0,1.0,20250721_72hpf_mrna_mSG_organelle_LLS-SIM,20250721_72hpf_mrna_mSG_organelle_LLS-SIM,fish3,3.0,,,80,20250721_72hpf_mrna_mSG_organelle_LLS-SIM,,,,,,,,,,,,,unmatched
/clusterfs/vast/abcabc/Aang_Foundation/20250721_72hpf_mrna_mSG_organelle_LLS-SIM/mito_roi1,20250721-plate65-slot1-roi2,20250721.0,65.0,1.0,2.0,20250721_72hpf_mrna_mSG_organelle_LLS-SIM,20250721_72hpf_mrna_mSG_organelle_LLS-SIM,fish1,1.0,,,50,20250721_72hpf_mrna_mSG_organelle_LLS-SIM,,,,,,,,,,,,,unmatched
/clusterfs/vast/abcabc/Aang_Foundation/20250721_72hpf_mrna_mSG_organelle_LLS-SIM/mito_roi2,20250721-plate65-slot2-roi2,20250721.0,65.0,2.0,2.0,20250721_72hpf_mrna_mSG_organelle_LLS-SIM,20250721_72hpf_mrna_mSG_organelle_LLS-SIM,fish2,2.0,,,80,20250721_72hpf_mrna_mSG_organelle_LLS-SIM,,,,,,,,,,,,,unmatched
/clusterfs/vast/abcabc/Aang_Foundation/20250722_mem-halo_er-mSG/fish1_24hpf_roi1,20250722-plate66-slot1-roi1,20250722.0,66.0,1.0,1.0,20250722_mem-halo_er-mSG,20250722_mem-halo_er-mSG,fish1,1.0,24.0,,33,20250722_mem-halo_er-mSG,2025-07-22,2025-07-22,pSWIN01,is01,,,,,,,,,sheet
/clusterfs/vast/abcabc/Aang_Foundation/20250722_mem-halo_er-mSG/fish1_24hpf_roi2,20250722-plate66-slot1-roi2,20250722.0,66.0,1.0,2.0,20250722_mem-halo_er-mSG,20250722_mem-halo_er-mSG,fish1,1.0,24.0,,109,20250722_mem-halo_er-mSG,2025-07-22,2025-07-22,pSWIN01,is01,,,,,,,,,sheet
/clusterfs/vast/abcabc/Aang_Foundation/20250722_mem-halo_er-mSG/fish1_24hpf_roi3,20250722-plate66-slot1-roi3,20250722.0,66.0,1.0,3.0,20250722_mem-halo_er-mSG,20250722_mem-halo_er-mSG,fish1,1.0,24.0,,37,20250722_mem-halo_er-mSG,2025-07-22,2025-07-22,pSWIN01,is01,,,,,,,,,sheet
/clusterfs/vast/abcabc/Aang_Foundation/20250722_mem-halo_er-mSG/fish1_24hpf_roi4,20250722-plate66-slot1-roi4,20250722.0,66.0,1.0,4.0,20250722_mem-halo_er-mSG,20250722_mem-halo_er-mSG,fish1,1.0,24.0,,140,20250722_mem-halo_er-mSG,2025-07-22,2025-07-22,pSWIN01,is01,,,,,,,,,sheet
/clusterfs/vast/abcabc/Aang_Foundation/20250722_mem-halo_er-mSG/fish1_24hpf_roi5,20250722-plate66-slot1-roi5,20250722.0,66.0,1.0,5.0,20250722_mem-halo_er-mSG,20250722_mem-halo_er-mSG,fish1,1.0,24.0,,37,20250722_mem-halo_er-mSG,2025-07-22,2025-07-22,pSWIN01,is01,,,,,,,,,sheet
/clusterfs/vast/abcabc/Aang_Foundation/20250722_mem-halo_er-mSG/fish2_24hpf_roi1,20250722-plate66-slot2-roi1,20250722.0,66.0,2.0,1.0,20250722_mem-halo_er-mSG,20250722_mem-halo_er-mSG,fish2,2.0,24.0,,109,20250722_mem-halo_er-mSG,2025-07-22,2025-07-22,pSWIN01,is01,,,,,,,,,sheet
/clusterfs/vast/abcabc/Aang_Foundation/20250722_mem-halo_er-mSG/fish2_24hpf_roi2,20250722-plate66-slot2-roi2,20250722.0,66.0,2.0,2.0,20250722_mem-halo_er-mSG,20250722_mem-halo_er-mSG,fish2,2.0,24.0,,105,20250722_mem-halo_er-mSG,2025-07-22,2025-07-22,pSWIN01,is01,,,,,,,,,sheet
/clusterfs/vast/abcabc/Aang_Foundation/20250722_mem-halo_er-mSG/fish2_24hpf_roi3,20250722-plate66-slot2-roi3,20250722.0,66.0,2.0,3.0,20250722_mem-halo_er-mSG,20250722_mem-halo_er-mSG,fish2,2.0,24.0,,105,20250722_mem-halo_er-mSG,2025-07-22,2025-07-22,pSWIN01,is01,,,,,,,,,sheet
/clusterfs/vast/abcabc/Aang_Foundation/20250722_mem-halo_er-mSG/fish2_24hpf_roi4,20250722-plate66-slot2-roi4,20250722.0,66.0,2.0,4.0,20250722_mem-halo_er-mSG,20250722_mem-halo_er-mSG,fish2,2.0,24.0,,35,20250722_mem-halo_er-mSG,2025-07-22,2025-07-22,pSWIN01,is01,,,,,,,,,sheet
/clusterfs/vast/abcabc/Aang_Foundation/20250722_mrna_mito-mSG_mem-mChilada/fish1_roi1,20250722-plate67-slot1-roi1,20250722.0,67.0,1.0,1.0,20250722_mrna_mito-mSG_mem-mChilada,20250722_mrna_mito-mSG_mem-mChilada,fish1,1.0,,,40,20250722_mrna_mito-mSG_mem-mChilada,2025-07-22,2025-07-22,pDQM082,315,,,tdmChilada,2xLynk,membrane,tdmChilada(membrane),membrane,tdmChilada(membrane),sheet
/clusterfs/vast/abcabc/Aang_Foundation/20250722_mrna_mito-mSG_mem-mChilada/fish1_roi2,20250722-plate67-slot1-roi2,20250722.0,67.0,1.0,2.0,20250722_mrna_mito-mSG_mem-mChilada,20250722_mrna_mito-mSG_mem-mChilada,fish1,1.0,,,65,20250722_mrna_mito-mSG_mem-mChilada,2025-07-22,2025-07-22,pDQM082,315,,,tdmChilada,2xLynk,membrane,tdmChilada(membrane),membrane,tdmChilada(membrane),sheet
/clusterfs/vast/abcabc/Aang_Foundation/20250722_mrna_mito-mSG_mem-mChilada/fish1_roi3,20250722-plate67-slot1-roi3,20250722.0,67.0,1.0,3.0,20250722_mrna_mito-mSG_mem-mChilada,20250722_mrna_mito-mSG_mem-mChilada,fish1,1.0,,,61,20250722_mrna_mito-mSG_mem-mChilada,2025-07-22,2025-07-22,pDQM082,315,,,tdmChilada,2xLynk,membrane,tdmChilada(membrane),membrane,tdmChilada(membrane),sheet
/clusterfs/vast/abcabc/Aang_Foundation/20250722_mrna_mito-mSG_mem-mChilada/fish2_48hpf_roi1,20250722-plate67-slot2-roi1,20250722.0,67.0,2.0,1.0,20250722_mrna_mito-mSG_mem-mChilada,20250722_mrna_mito-mSG_mem-mChilada,fish2,2.0,48.0,,56,20250722_mrna_mito-mSG_mem-mChilada,2025-07-22,2025-07-22,pDQM082,315,,,tdmChilada,2xLynk,membrane,tdmChilada(membrane),membrane,tdmChilada(membrane),sheet
/clusterfs/vast/abcabc/Aang_Foundation/20250722_mrna_mito-mSG_mem-mChilada/fish2_48hpf_roi2,20250722-plate67-slot2-roi2,20250722.0,67.0,2.0,2.0,20250722_mrna_mito-mSG_mem-mChilada,20250722_mrna_mito-mSG_mem-mChilada,fish2,2.0,48.0,,70,20250722_mrna_mito-mSG_mem-mChilada,2025-07-22,2025-07-22,pDQM082,315,,,tdmChilada,2xLynk,membrane,tdmChilada(membrane),membrane,tdmChilada(membrane),sheet
/clusterfs/vast/abcabc/Aang_Foundation/20250722_mrna_mito-mSG_mem-mChilada/fish2_48hpf_roi3,20250722-plate67-slot2-roi3,20250722.0,67.0,2.0,3.0,20250722_mrna_mito-mSG_mem-mChilada,20250722_mrna_mito-mSG_mem-mChilada,fish2,2.0,48.0,,93,20250722_mrna_mito-mSG_mem-mChilada,2025-07-22,2025-07-22,pDQM082,315,,,tdmChilada,2xLynk,membrane,tdmChilada(membrane),membrane,tdmChilada(membrane),sheet
/clusterfs/vast/abcabc/Aang_Foundation/20250722_mrna_mito-mSG_mem-mChilada/fish2_48hpf_roi4,20250722-plate67-slot2-roi4,20250722.0,67.0,2.0,4.0,20250722_mrna_mito-mSG_mem-mChilada,20250722_mrna_mito-mSG_mem-mChilada,fish2,2.0,48.0,,70,20250722_mrna_mito-mSG_mem-mChilada,2025-07-22,2025-07-22,pDQM082,315,,,tdmChilada,2xLynk,membrane,tdmChilada(membrane),membrane,tdmChilada(membrane),sheet
/clusterfs/vast/abcabc/Aang_Foundation/20250722_mrna_mito-mSG_mem-mChilada/fish2_48hpf_roi5,20250722-plate67-slot2-roi5,20250722.0,67.0,2.0,5.0,20250722_mrna_mito-mSG_mem-mChilada,20250722_mrna_mito-mSG_mem-mChilada,fish2,2.0,48.0,,72,20250722_mrna_mito-mSG_mem-mChilada,2025-07-22,2025-07-22,pDQM082,315,,,tdmChilada,2xLynk,membrane,tdmChilada(membrane),membrane,tdmChilada(membrane),sheet
/clusterfs/vast/abcabc/Aang_Foundation/20250722_mrna_mito-mSG_mem-mChilada/fish3_48hpf_roi1,20250722-plate67-slot3-roi1,20250722.0,67.0,3.0,1.0,20250722_mrna_mito-mSG_mem-mChilada,20250722_mrna_mito-mSG_mem-mChilada,fish3,3.0,48.0,,70,20250722_mrna_mito-mSG_mem-mChilada,2025-07-22,2025-07-22,pDQM082,315,,,tdmChilada,2xLynk,membrane,tdmChilada(membrane),membrane,tdmChilada(membrane),sheet
/clusterfs/vast/abcabc/Aang_Foundation/20250722_mrna_mito-mSG_mem-mChilada/fish3_48hpf_roi2,20250722-plate67-slot3-roi2,20250722.0,67.0,3.0,2.0,20250722_mrna_mito-mSG_mem-mChilada,20250722_mrna_mito-mSG_mem-mChilada,fish3,3.0,48.0,,70,20250722_mrna_mito-mSG_mem-mChilada,2025-07-22,2025-07-22,pDQM082,315,,,tdmChilada,2xLynk,membrane,tdmChilada(membrane),membrane,tdmChilada(membrane),sheet
/clusterfs/vast/abcabc/Aang_Foundation/20250722_mrna_mito-mSG_mem-mChilada/fish3_48hpf_roi3,20250722-plate67-slot3-roi3,20250722.0,67.0,3.0,3.0,20250722_mrna_mito-mSG_mem-mChilada,20250722_mrna_mito-mSG_mem-mChilada,fish3,3.0,48.0,,70,20250722_mrna_mito-mSG_mem-mChilada,2025-07-22,2025-07-22,pDQM082,315,,,tdmChilada,2xLynk,membrane,tdmChilada(membrane),membrane,tdmChilada(membrane),sheet
/clusterfs/vast/abcabc/Aang_Foundation/20250722_mrna_mito-mSG_mem-mChilada/fish3_48hpf_roi4,20250722-plate67-slot3-roi4,20250722.0,67.0,3.0,4.0,20250722_mrna_mito-mSG_mem-mChilada,20250722_mrna_mito-mSG_mem-mChilada,fish3,3.0,48.0,,70,20250722_mrna_mito-mSG_mem-mChilada,2025-07-22,2025-07-22,pDQM082,315,,,tdmChilada,2xLynk,membrane,tdmChilada(membrane),membrane,tdmChilada(membrane),sheet
/clusterfs/vast/abcabc/Aang_Foundation/20250723_er-mSG_mem-mChilada/fish1_24hpf_roi1,20250723-plate68-slot1-roi1,20250723.0,68.0,1.0,1.0,20250723_er-mSG_mem-mChilada,20250723_er-mSG_mem-mChilada,fish1,1.0,24.0,,390,20250723_er-mSG_mem-mChilada,2025-07-23,2025-07-23,pSWIN01,is01,,,,,,,,,date_match
/clusterfs/vast/abcabc/Aang_Foundation/20250805_lifeact_mem-halo/fish1_48hpf_roi1,20250805-plate69-slot1-roi1,20250805.0,69.0,1.0,1.0,20250805_lifeact_mem-halo,20250805_lifeact_mem-halo,fish1,1.0,48.0,,390,20250805_lifeact_mem-halo,,,,,,,,,,,,,unmatched
/clusterfs/vast/abcabc/Aang_Foundation/20250805_lifeact_mem-halo/fish1_48hpf_roi2,20250805-plate69-slot1-roi2,20250805.0,69.0,1.0,2.0,20250805_lifeact_mem-halo,20250805_lifeact_mem-halo,fish1,1.0,48.0,,390,20250805_lifeact_mem-halo,,,,,,,,,,,,,unmatched
/clusterfs/vast/abcabc/Aang_Foundation/20250805_lifeact_mem-halo/fish1_48hpf_roi3,20250805-plate69-slot1-roi3,20250805.0,69.0,1.0,3.0,20250805_lifeact_mem-halo,20250805_lifeact_mem-halo,fish1,1.0,48.0,,390,20250805_lifeact_mem-halo,,,,,,,,,,,,,unmatched
/clusterfs/vast/abcabc/Aang_Foundation/20250805_lifeact_mem-halo/fish1_48hpf_roi4,20250805-plate69-slot1-roi4,20250805.0,69.0,1.0,4.0,20250805_lifeact_mem-halo,20250805_lifeact_mem-halo,fish1,1.0,48.0,,390,20250805_lifeact_mem-halo,,,,,,,,,,,,,unmatched
/clusterfs/vast/abcabc/Aang_Foundation/20250805_lifeact_mem-halo/fish1_48hpf_roi5,20250805-plate69-slot1-roi5,20250805.0,69.0,1.0,5.0,20250805_lifeact_mem-halo,20250805_lifeact_mem-halo,fish1,1.0,48.0,,390,20250805_lifeact_mem-halo,,,,,,,,,,,,,unmatched
/clusterfs/vast/abcabc/Aang_Foundation/20250805_mito_mem-halo/fish1_24hpf_roi1,20250805-plate70-slot1-roi1,20250805.0,70.0,1.0,1.0,20250805_mito_mem-halo,20250805_mito_mem-halo,fish1,1.0,24.0,,390,20250805_mito_mem-halo,2025-08-05,2025-08-05,pSWIN01,is01,,,,,,,,,sheet
/clusterfs/vast/abcabc/Aang_Foundation/20250805_mito_mem-halo/fish1_24hpf_roi2,20250805-plate70-slot1-roi2,20250805.0,70.0,1.0,2.0,20250805_mito_mem-halo,20250805_mito_mem-halo,fish1,1.0,24.0,,390,20250805_mito_mem-halo,2025-08-05,2025-08-05,pSWIN01,is01,,,,,,,,,sheet
/clusterfs/vast/abcabc/Aang_Foundation/20250805_mito_mem-halo/fish2_24hpf_roi1,20250805-plate70-slot2-roi1,20250805.0,70.0,2.0,1.0,20250805_mito_mem-halo,20250805_mito_mem-halo,fish2,2.0,24.0,,390,20250805_mito_mem-halo,2025-08-05,2025-08-05,pSWIN01,is01,,,,,,,,,sheet
/clusterfs/vast/abcabc/Aang_Foundation/20250805_mito_mem-halo/fish2_24hpf_roi2,20250805-plate70-slot2-roi2,20250805.0,70.0,2.0,2.0,20250805_mito_mem-halo,20250805_mito_mem-halo,fish2,2.0,24.0,,390,20250805_mito_mem-halo,2025-08-05,2025-08-05,pSWIN01,is01,,,,,,,,,sheet
/clusterfs/vast/abcabc/Aang_Foundation/20250805_mito_mem-halo/fish2_24hpf_roi3,20250805-plate70-slot2-roi3,20250805.0,70.0,2.0,3.0,20250805_mito_mem-halo,20250805_mito_mem-halo,fish2,2.0,24.0,,390,20250805_mito_mem-halo,2025-08-05,2025-08-05,pSWIN01,is01,,,,,,,,,sheet
/clusterfs/vast/abcabc/Aang_Foundation/20250805_mito_mem-halo/fish3_24hpf_roi1,20250805-plate70-slot3-roi1,20250805.0,70.0,3.0,1.0,20250805_mito_mem-halo,20250805_mito_mem-halo,fish3,3.0,24.0,,390,20250805_mito_mem-halo,2025-08-05,2025-08-05,pSWIN01,is01,,,,,,,,,sheet
/clusterfs/vast/abcabc/Aang_Foundation/20250805_mito_mem-halo/fish3_24hpf_roi2,20250805-plate70-slot3-roi2,20250805.0,70.0,3.0,2.0,20250805_mito_mem-halo,20250805_mito_mem-halo,fish3,3.0,24.0,,780,20250805_mito_mem-halo,2025-08-05,2025-08-05,pSWIN01,is01,,,,,,,,,sheet
/clusterfs/vast/abcabc/Aang_Foundation/20250808_mem_organelle/fish1_24hpf_mem-mchilada_lyso-mSG/roi1,20250808-plate71-slot1-roi1,20250808.0,71.0,1.0,1.0,20250808_mem_organelle,20250808_mem_organelle,fish1,1.0,24.0,,108,20250808_mem_organelle,2025-08-08,2025-08-08,pDQM082,315,,,tdmChilada,2xLynk,membrane,tdmChilada(membrane),membrane,tdmChilada(membrane),sheet
/clusterfs/vast/abcabc/Aang_Foundation/20250808_mem_organelle/fish1_24hpf_mem-mchilada_lyso-mSG/roi1_1,20250808-plate71-slot1-roi3,20250808.0,71.0,1.0,3.0,20250808_mem_organelle,20250808_mem_organelle,fish1,1.0,24.0,,300,20250808_mem_organelle,2025-08-08,2025-08-08,pDQM082,315,,,tdmChilada,2xLynk,membrane,tdmChilada(membrane),membrane,tdmChilada(membrane),sheet
/clusterfs/vast/abcabc/Aang_Foundation/20250808_mem_organelle/fish1_24hpf_mem-mchilada_lyso-mSG/roi1_test,20250808-plate71-slot1-roi5,20250808.0,71.0,1.0,5.0,20250808_mem_organelle,20250808_mem_organelle,fish1,1.0,24.0,,6,20250808_mem_organelle,2025-08-08,2025-08-08,pDQM082,315,,,tdmChilada,2xLynk,membrane,tdmChilada(membrane),membrane,tdmChilada(membrane),sheet
/clusterfs/vast/abcabc/Aang_Foundation/20250808_mem_organelle/fish1_24hpf_mem-mchilada_lyso-mSG/roi2,20250808-plate71-slot1-roi7,20250808.0,71.0,1.0,7.0,20250808_mem_organelle,20250808_mem_organelle,fish1,1.0,24.0,,300,20250808_mem_organelle,2025-08-08,2025-08-08,pDQM082,315,,,tdmChilada,2xLynk,membrane,tdmChilada(membrane),membrane,tdmChilada(membrane),sheet
/clusterfs/vast/abcabc/Aang_Foundation/20250808_mem_organelle/fish1_24hpf_mem-mchilada_lyso-mSG/roi3,20250808-plate71-slot1-roi10,20250808.0,71.0,1.0,10.0,20250808_mem_organelle,20250808_mem_organelle,fish1,1.0,24.0,,300,20250808_mem_organelle,2025-08-08,2025-08-08,pDQM082,315,,,tdmChilada,2xLynk,membrane,tdmChilada(membrane),membrane,tdmChilada(membrane),sheet
/clusterfs/vast/abcabc/Aang_Foundation/20250808_mem_organelle/fish2_24hpf_mem-mchilada_lyso-mSG/roi1,20250808-plate71-slot2-roi1,20250808.0,71.0,2.0,1.0,20250808_mem_organelle,20250808_mem_organelle,fish2,2.0,24.0,,300,20250808_mem_organelle,2025-08-08,2025-08-08,pDQM082,315,,,tdmChilada,2xLynk,membrane,tdmChilada(membrane),membrane,tdmChilada(membrane),sheet
/clusterfs/vast/abcabc/Aang_Foundation/20250808_mem_organelle/fish2_24hpf_mem-mchilada_lyso-mSG/roi2,20250808-plate71-slot2-roi3,20250808.0,71.0,2.0,3.0,20250808_mem_organelle,20250808_mem_organelle,fish2,2.0,24.0,,300,20250808_mem_organelle,2025-08-08,2025-08-08,pDQM082,315,,,tdmChilada,2xLynk,membrane,tdmChilada(membrane),membrane,tdmChilada(membrane),sheet
/clusterfs/vast/abcabc/Aang_Foundation/20250808_mem_organelle/fish2_24hpf_mem-mchilada_lyso-mSG/roi3,20250808-plate71-slot2-roi5,20250808.0,71.0,2.0,5.0,20250808_mem_organelle,20250808_mem_organelle,fish2,2.0,24.0,,300,20250808_mem_organelle,2025-08-08,2025-08-08,pDQM082,315,,,tdmChilada,2xLynk,membrane,tdmChilada(membrane),membrane,tdmChilada(membrane),sheet
/clusterfs/vast/abcabc/Aang_Foundation/20250808_mem_organelle/fish3_24hpf_mem-mchilada_mito-mSG/roi1,20250808-plate71-slot3-roi1,20250808.0,71.0,3.0,1.0,20250808_mem_organelle,20250808_mem_organelle,fish3,3.0,24.0,,300,20250808_mem_organelle,2025-08-08,2025-08-08,pDQM082,315,,,tdmChilada,2xLynk,membrane,tdmChilada(membrane),membrane,tdmChilada(membrane),sheet
/clusterfs/vast/abcabc/Aang_Foundation/20250808_mem_organelle/fish3_24hpf_mem-mchilada_mito-mSG/roi2,20250808-plate71-slot3-roi3,20250808.0,71.0,3.0,3.0,20250808_mem_organelle,20250808_mem_organelle,fish3,3.0,24.0,,300,20250808_mem_organelle,2025-08-08,2025-08-08,pDQM082,315,,,tdmChilada,2xLynk,membrane,tdmChilada(membrane),membrane,tdmChilada(membrane),sheet
/clusterfs/vast/abcabc/Aang_Foundation/20250808_mem_organelle/fish3_24hpf_mem-mchilada_mito-mSG/roi3,20250808-plate71-slot3-roi5,20250808.0,71.0,3.0,5.0,20250808_mem_organelle,20250808_mem_organelle,fish3,3.0,24.0,,300,20250808_mem_organelle,2025-08-08,2025-08-08,pDQM082,315,,,tdmChilada,2xLynk,membrane,tdmChilada(membrane),membrane,tdmChilada(membrane),sheet
/clusterfs/vast/abcabc/Aang_Foundation/20250808_mem_organelle/fish3_24hpf_mem-mchilada_mito-mSG/roi4,20250808-plate71-slot3-roi8,20250808.0,71.0,3.0,8.0,20250808_mem_organelle,20250808_mem_organelle,fish3,3.0,24.0,,300,20250808_mem_organelle,2025-08-08,2025-08-08,pDQM082,315,,,tdmChilada,2xLynk,membrane,tdmChilada(membrane),membrane,tdmChilada(membrane),sheet
/clusterfs/vast/abcabc/Aang_Foundation/20250808_mem_organelle/fish4_24hpf_mem-mchilada_mito-mSG/roi1,20250808-plate71-slot4-roi1,20250808.0,71.0,4.0,1.0,20250808_mem_organelle,20250808_mem_organelle,fish4,4.0,24.0,,300,20250808_mem_organelle,2025-08-08,2025-08-08,pDQM082,315,,,tdmChilada,2xLynk,membrane,tdmChilada(membrane),membrane,tdmChilada(membrane),sheet
/clusterfs/vast/abcabc/Aang_Foundation/20250808_mem_organelle/fish4_24hpf_mem-mchilada_mito-mSG/roi2,20250808-plate71-slot4-roi3,20250808.0,71.0,4.0,3.0,20250808_mem_organelle,20250808_mem_organelle,fish4,4.0,24.0,,300,20250808_mem_organelle,2025-08-08,2025-08-08,pDQM082,315,,,tdmChilada,2xLynk,membrane,tdmChilada(membrane),membrane,tdmChilada(membrane),sheet
/clusterfs/vast/abcabc/Aang_Foundation/20250808_mem_organelle/fish4_24hpf_mem-mchilada_mito-mSG/roi3,20250808-plate71-slot4-roi5,20250808.0,71.0,4.0,5.0,20250808_mem_organelle,20250808_mem_organelle,fish4,4.0,24.0,,300,20250808_mem_organelle,2025-08-08,2025-08-08,pDQM082,315,,,tdmChilada,2xLynk,membrane,tdmChilada(membrane),membrane,tdmChilada(membrane),sheet
/clusterfs/vast/abcabc/Aang_Foundation/20250808_mem_organelle/fish4_24hpf_mem-mchilada_mito-mSG/roi4,20250808-plate71-slot4-roi7,20250808.0,71.0,4.0,7.0,20250808_mem_organelle,20250808_mem_organelle,fish4,4.0,24.0,,300,20250808_mem_organelle,2025-08-08,2025-08-08,pDQM082,315,,,tdmChilada,2xLynk,membrane,tdmChilada(membrane),membrane,tdmChilada(membrane),sheet
/clusterfs/vast/abcabc/Aang_Foundation/20250808_mem_organelle/fish4_24hpf_mem-mchilada_mito-mSG/roi5,20250808-plate71-slot4-roi9,20250808.0,71.0,4.0,9.0,20250808_mem_organelle,20250808_mem_organelle,fish4,4.0,24.0,,300,20250808_mem_organelle,2025-08-08,2025-08-08,pDQM082,315,,,tdmChilada,2xLynk,membrane,tdmChilada(membrane),membrane,tdmChilada(membrane),sheet
/clusterfs/vast/abcabc/Aang_Foundation/20250808_mem_organelle/fish4_24hpf_mem-mchilada_mito-mSG/roi6,20250808-plate71-slot4-roi11,20250808.0,71.0,4.0,11.0,20250808_mem_organelle,20250808_mem_organelle,fish4,4.0,24.0,,300,20250808_mem_organelle,2025-08-08,2025-08-08,pDQM082,315,,,tdmChilada,2xLynk,membrane,tdmChilada(membrane),membrane,tdmChilada(membrane),sheet
/clusterfs/vast/abcabc/Aang_Foundation/20250808_mem_organelle/fish4_24hpf_mem-mchilada_mito-mSG/roi7,20250808-plate71-slot4-roi13,20250808.0,71.0,4.0,13.0,20250808_mem_organelle,20250808_mem_organelle,fish4,4.0,24.0,,300,20250808_mem_organelle,2025-08-08,2025-08-08,pDQM082,315,,,tdmChilada,2xLynk,membrane,tdmChilada(membrane),membrane,tdmChilada(membrane),sheet
/clusterfs/vast/abcabc/Aang_Foundation/20250808_mem_organelle/fish4_24hpf_mem-mchilada_mito-mSG/roi8,20250808-plate71-slot4-roi15,20250808.0,71.0,4.0,15.0,20250808_mem_organelle,20250808_mem_organelle,fish4,4.0,24.0,,300,20250808_mem_organelle,2025-08-08,2025-08-08,pDQM082,315,,,tdmChilada,2xLynk,membrane,tdmChilada(membrane),membrane,tdmChilada(membrane),sheet
/clusterfs/vast/abcabc/Aang_Foundation/20250808_mem_organelle/fish4_24hpf_mem-mchilada_mito-mSG/roi9,20250808-plate71-slot4-roi18,20250808.0,71.0,4.0,18.0,20250808_mem_organelle,20250808_mem_organelle,fish4,4.0,24.0,,300,20250808_mem_organelle,2025-08-08,2025-08-08,pDQM082,315,,,tdmChilada,2xLynk,membrane,tdmChilada(membrane),membrane,tdmChilada(membrane),sheet
/clusterfs/vast/abcabc/Aang_Foundation/20250819_mem_ER/fish1_24hpf_roi2,20250819-plate72-slot1-roi1,20250819.0,72.0,1.0,1.0,20250819_mem_ER,20250819_mem_ER,fish1,1.0,24.0,,400,20250819_mem_ER,2025-08-19,2025-08-19,pDQM082,315,,,tdmChilada,2xLynk,membrane,tdmChilada(membrane),membrane,tdmChilada(membrane),sheet
/clusterfs/vast/abcabc/Aang_Foundation/20250819_mem_ER/fish1_24hpf_roi3,20250819-plate72-slot1-roi2,20250819.0,72.0,1.0,2.0,20250819_mem_ER,20250819_mem_ER,fish1,1.0,24.0,,409,20250819_mem_ER,2025-08-19,2025-08-19,pDQM082,315,,,tdmChilada,2xLynk,membrane,tdmChilada(membrane),membrane,tdmChilada(membrane),sheet
/clusterfs/vast/abcabc/Aang_Foundation/20250819_mem_ER/fish1_24hpf_roi4,20250819-plate72-slot1-roi3,20250819.0,72.0,1.0,3.0,20250819_mem_ER,20250819_mem_ER,fish1,1.0,24.0,,306,20250819_mem_ER,2025-08-19,2025-08-19,pDQM082,315,,,tdmChilada,2xLynk,membrane,tdmChilada(membrane),membrane,tdmChilada(membrane),sheet
/clusterfs/vast/abcabc/Aang_Foundation/20250819_mem_ER/fish1_24hpf_roi5,20250819-plate72-slot1-roi4,20250819.0,72.0,1.0,4.0,20250819_mem_ER,20250819_mem_ER,fish1,1.0,24.0,,306,20250819_mem_ER,2025-08-19,2025-08-19,pDQM082,315,,,tdmChilada,2xLynk,membrane,tdmChilada(membrane),membrane,tdmChilada(membrane),sheet
/clusterfs/vast/abcabc/Aang_Foundation/20250819_mem_ER/fish2_24hpf_roi1,20250819-plate72-slot2-roi1,20250819.0,72.0,2.0,1.0,20250819_mem_ER,20250819_mem_ER,fish2,2.0,24.0,,408,20250819_mem_ER,2025-08-19,2025-08-19,pDQM082,315,,,tdmChilada,2xLynk,membrane,tdmChilada(membrane),membrane,tdmChilada(membrane),sheet
/clusterfs/vast/abcabc/Aang_Foundation/20250819_mem_ER/fish2_24hpf_roi2,20250819-plate72-slot2-roi2,20250819.0,72.0,2.0,2.0,20250819_mem_ER,20250819_mem_ER,fish2,2.0,24.0,,408,20250819_mem_ER,2025-08-19,2025-08-19,pDQM082,315,,,tdmChilada,2xLynk,membrane,tdmChilada(membrane),membrane,tdmChilada(membrane),sheet
/clusterfs/vast/abcabc/Aang_Foundation/20250819_mem_ER/fish2_24hpf_roi3,20250819-plate72-slot2-roi3,20250819.0,72.0,2.0,3.0,20250819_mem_ER,20250819_mem_ER,fish2,2.0,24.0,,408,20250819_mem_ER,2025-08-19,2025-08-19,pDQM082,315,,,tdmChilada,2xLynk,membrane,tdmChilada(membrane),membrane,tdmChilada(membrane),sheet
/clusterfs/vast/abcabc/Aang_Foundation/20250819_mem_ER/roi1_newscripttest,20250819-plate72-slot1-roi5,20250819.0,72.0,1.0,5.0,20250819_mem_ER,20250819_mem_ER,fish1,1.0,,,24,20250819_mem_ER,2025-08-19,2025-08-19,pDQM082,315,,,tdmChilada,2xLynk,membrane,tdmChilada(membrane),membrane,tdmChilada(membrane),sheet
/clusterfs/vast/abcabc/Aang_Foundation/20250819_mem_mito/fish1_24hpf_roi1,20250819-plate73-slot1-roi1,20250819.0,73.0,1.0,1.0,20250819_mem_mito,20250819_mem_mito,fish1,1.0,24.0,,600,20250819_mem_mito,2025-08-19,2025-08-19,pDQM082,315,,,tdmChilada,2xLynk,membrane,tdmChilada(membrane),membrane,tdmChilada(membrane),sheet
/clusterfs/vast/abcabc/Aang_Foundation/20250819_mem_mito/fish1_24hpf_roi2,20250819-plate73-slot1-roi2,20250819.0,73.0,1.0,2.0,20250819_mem_mito,20250819_mem_mito,fish1,1.0,24.0,,600,20250819_mem_mito,2025-08-19,2025-08-19,pDQM082,315,,,tdmChilada,2xLynk,membrane,tdmChilada(membrane),membrane,tdmChilada(membrane),sheet
/clusterfs/vast/abcabc/Aang_Foundation/20250819_mem_mito/fish1_24hpf_roi3,20250819-plate73-slot1-roi3,20250819.0,73.0,1.0,3.0,20250819_mem_mito,20250819_mem_mito,fish1,1.0,24.0,,600,20250819_mem_mito,2025-08-19,2025-08-19,pDQM082,315,,,tdmChilada,2xLynk,membrane,tdmChilada(membrane),membrane,tdmChilada(membrane),sheet
/clusterfs/vast/abcabc/Aang_Foundation/20250819_mem_mito/fish1_24hpf_roi4,20250819-plate73-slot1-roi4,20250819.0,73.0,1.0,4.0,20250819_mem_mito,20250819_mem_mito,fish1,1.0,24.0,,600,20250819_mem_mito,2025-08-19,2025-08-19,pDQM082,315,,,tdmChilada,2xLynk,membrane,tdmChilada(membrane),membrane,tdmChilada(membrane),sheet
/clusterfs/vast/abcabc/Aang_Foundation/20250819_mem_mito/fish1_24hpf_roi5,20250819-plate73-slot1-roi5,20250819.0,73.0,1.0,5.0,20250819_mem_mito,20250819_mem_mito,fish1,1.0,24.0,,600,20250819_mem_mito,2025-08-19,2025-08-19,pDQM082,315,,,tdmChilada,2xLynk,membrane,tdmChilada(membrane),membrane,tdmChilada(membrane),sheet
/clusterfs/vast/abcabc/Aang_Foundation/20250819_mem_mito/fish1_24hpf_roi6,20250819-plate73-slot1-roi6,20250819.0,73.0,1.0,6.0,20250819_mem_mito,20250819_mem_mito,fish1,1.0,24.0,,600,20250819_mem_mito,2025-08-19,2025-08-19,pDQM082,315,,,tdmChilada,2xLynk,membrane,tdmChilada(membrane),membrane,tdmChilada(membrane),sheet
/clusterfs/vast/abcabc/Aang_Foundation/20250819_mem_mito/fish1_24hpf_roi7,20250819-plate73-slot1-roi7,20250819.0,73.0,1.0,7.0,20250819_mem_mito,20250819_mem_mito,fish1,1.0,24.0,,600,20250819_mem_mito,2025-08-19,2025-08-19,pDQM082,315,,,tdmChilada,2xLynk,membrane,tdmChilada(membrane),membrane,tdmChilada(membrane),sheet
/clusterfs/vast/abcabc/Aang_Foundation/20250819_mem_mito/fish1_24hpf_roi8,20250819-plate73-slot1-roi8,20250819.0,73.0,1.0,8.0,20250819_mem_mito,20250819_mem_mito,fish1,1.0,24.0,,600,20250819_mem_mito,2025-08-19,2025-08-19,pDQM082,315,,,tdmChilada,2xLynk,membrane,tdmChilada(membrane),membrane,tdmChilada(membrane),sheet
/clusterfs/vast/abcabc/Aang_Foundation/20250819_mem_mito/fish2_24hpf_roi1,20250819-plate73-slot2-roi1,20250819.0,73.0,2.0,1.0,20250819_mem_mito,20250819_mem_mito,fish2,2.0,24.0,,600,20250819_mem_mito,2025-08-19,2025-08-19,pDQM082,315,,,tdmChilada,2xLynk,membrane,tdmChilada(membrane),membrane,tdmChilada(membrane),sheet
/clusterfs/vast/abcabc/Aang_Foundation/20250819_mem_mito/fish2_24hpf_roi2,20250819-plate73-slot2-roi2,20250819.0,73.0,2.0,2.0,20250819_mem_mito,20250819_mem_mito,fish2,2.0,24.0,,600,20250819_mem_mito,2025-08-19,2025-08-19,pDQM082,315,,,tdmChilada,2xLynk,membrane,tdmChilada(membrane),membrane,tdmChilada(membrane),sheet
/clusterfs/vast/abcabc/Aang_Foundation/20250819_mem_mito/fish3_24hpf_roi1,20250819-plate73-slot3-roi1,20250819.0,73.0,3.0,1.0,20250819_mem_mito,20250819_mem_mito,fish3,3.0,24.0,,600,20250819_mem_mito,2025-08-19,2025-08-19,pDQM082,315,,,tdmChilada,2xLynk,membrane,tdmChilada(membrane),membrane,tdmChilada(membrane),sheet
/clusterfs/vast/abcabc/Aang_Foundation/20250819_mem_mito/fish4_48hpf_roi1,20250819-plate73-slot4-roi1,20250819.0,73.0,4.0,1.0,20250819_mem_mito,20250819_mem_mito,fish4,4.0,48.0,,600,20250819_mem_mito,2025-08-19,2025-08-19,pDQM082,315,,,tdmChilada,2xLynk,membrane,tdmChilada(membrane),membrane,tdmChilada(membrane),sheet
/clusterfs/vast/abcabc/Aang_Foundation/20250819_mem_mito/fish4_48hpf_roi3,20250819-plate73-slot4-roi2,20250819.0,73.0,4.0,2.0,20250819_mem_mito,20250819_mem_mito,fish4,4.0,48.0,,600,20250819_mem_mito,2025-08-19,2025-08-19,pDQM082,315,,,tdmChilada,2xLynk,membrane,tdmChilada(membrane),membrane,tdmChilada(membrane),sheet
/clusterfs/vast/abcabc/Aang_Foundation/20250819_mem_mito/fish4_48hpf_roi4,20250819-plate73-slot4-roi3,20250819.0,73.0,4.0,3.0,20250819_mem_mito,20250819_mem_mito,fish4,4.0,48.0,,600,20250819_mem_mito,2025-08-19,2025-08-19,pDQM082,315,,,tdmChilada,2xLynk,membrane,tdmChilada(membrane),membrane,tdmChilada(membrane),sheet
/clusterfs/vast/abcabc/Aang_Foundation/20250819_mem_mito/fish4_48hpf_roi5,20250819-plate73-slot4-roi4,20250819.0,73.0,4.0,4.0,20250819_mem_mito,20250819_mem_mito,fish4,4.0,48.0,,600,20250819_mem_mito,2025-08-19,2025-08-19,pDQM082,315,,,tdmChilada,2xLynk,membrane,tdmChilada(membrane),membrane,tdmChilada(membrane),sheet
/clusterfs/vast/abcabc/Aang_Foundation/20250819_mem_mito/fish4_48hpf_roi6,20250819-plate73-slot4-roi5,20250819.0,73.0,4.0,5.0,20250819_mem_mito,20250819_mem_mito,fish4,4.0,48.0,,600,20250819_mem_mito,2025-08-19,2025-08-19,pDQM082,315,,,tdmChilada,2xLynk,membrane,tdmChilada(membrane),membrane,tdmChilada(membrane),sheet
/clusterfs/vast/abcabc/Aang_Foundation/20250819_mem_mito/fish4_48hpf_roi7,20250819-plate73-slot4-roi6,20250819.0,73.0,4.0,6.0,20250819_mem_mito,20250819_mem_mito,fish4,4.0,48.0,,600,20250819_mem_mito,2025-08-19,2025-08-19,pDQM082,315,,,tdmChilada,2xLynk,membrane,tdmChilada(membrane),membrane,tdmChilada(membrane),sheet
/clusterfs/vast/abcabc/Aang_Foundation/20250819_mem_mito/fish4_48hpf_roi8,20250819-plate73-slot4-roi7,20250819.0,73.0,4.0,7.0,20250819_mem_mito,20250819_mem_mito,fish4,4.0,48.0,,600,20250819_mem_mito,2025-08-19,2025-08-19,pDQM082,315,,,tdmChilada,2xLynk,membrane,tdmChilada(membrane),membrane,tdmChilada(membrane),sheet
/clusterfs/vast/abcabc/Aang_Foundation/20250819_mem_mito/fish5_48hpf_roi11,20250819-plate73-slot5-roi1,20250819.0,73.0,5.0,1.0,20250819_mem_mito,20250819_mem_mito,fish5,5.0,48.0,,900,20250819_mem_mito,2025-08-19,2025-08-19,pDQM082,315,,,tdmChilada,2xLynk,membrane,tdmChilada(membrane),membrane,tdmChilada(membrane),sheet
/clusterfs/vast/abcabc/Aang_Foundation/20250819_mem_mito/fish5_48hpf_roi12,20250819-plate73-slot5-roi2,20250819.0,73.0,5.0,2.0,20250819_mem_mito,20250819_mem_mito,fish5,5.0,48.0,,900,20250819_mem_mito,2025-08-19,2025-08-19,pDQM082,315,,,tdmChilada,2xLynk,membrane,tdmChilada(membrane),membrane,tdmChilada(membrane),sheet
/clusterfs/vast/abcabc/Aang_Foundation/20250819_mem_mito/fish6_48hpf_roi1,20250819-plate73-slot6-roi1,20250819.0,73.0,6.0,1.0,20250819_mem_mito,20250819_mem_mito,fish6,6.0,48.0,,900,20250819_mem_mito,2025-08-19,2025-08-19,pDQM082,315,,,tdmChilada,2xLynk,membrane,tdmChilada(membrane),membrane,tdmChilada(membrane),sheet
/clusterfs/vast/abcabc/Aang_Foundation/20250819_mem_mito/fish6_48hpf_roi2,20250819-plate73-slot6-roi2,20250819.0,73.0,6.0,2.0,20250819_mem_mito,20250819_mem_mito,fish6,6.0,48.0,,900,20250819_mem_mito,2025-08-19,2025-08-19,pDQM082,315,,,tdmChilada,2xLynk,membrane,tdmChilada(membrane),membrane,tdmChilada(membrane),sheet
/clusterfs/vast/abcabc/Aang_Foundation/20250819_mem_mito/fish6_48hpf_roi3,20250819-plate73-slot6-roi3,20250819.0,73.0,6.0,3.0,20250819_mem_mito,20250819_mem_mito,fish6,6.0,48.0,,900,20250819_mem_mito,2025-08-19,2025-08-19,pDQM082,315,,,tdmChilada,2xLynk,membrane,tdmChilada(membrane),membrane,tdmChilada(membrane),sheet
/clusterfs/vast/abcabc/Aang_Foundation/20250819_mem_mito/fish6_48hpf_roi4,20250819-plate73-slot6-roi4,20250819.0,73.0,6.0,4.0,20250819_mem_mito,20250819_mem_mito,fish6,6.0,48.0,,900,20250819_mem_mito,2025-08-19,2025-08-19,pDQM082,315,,,tdmChilada,2xLynk,membrane,tdmChilada(membrane),membrane,tdmChilada(membrane),sheet
/clusterfs/vast/abcabc/Aang_Foundation/20250819_mem_mito/fish6_48hpf_roi5,20250819-plate73-slot6-roi5,20250819.0,73.0,6.0,5.0,20250819_mem_mito,20250819_mem_mito,fish6,6.0,48.0,,900,20250819_mem_mito,2025-08-19,2025-08-19,pDQM082,315,,,tdmChilada,2xLynk,membrane,tdmChilada(membrane),membrane,tdmChilada(membrane),sheet
/clusterfs/vast/abcabc/Aang_Foundation/20250821_mem_mito/fish1_24hpf_roi1,20250821-plate74-slot1-roi1,20250821.0,74.0,1.0,1.0,20250821_mem_mito,20250821_mem_mito,fish1,1.0,24.0,,1500,20250821_mem_mito,2025-08-21,2025-08-21,pDQM082,315,,,tdmChilada,2xLynk,membrane,tdmChilada(membrane),membrane,tdmChilada(membrane),sheet
/clusterfs/vast/abcabc/Aang_Foundation/20250821_mem_mito/fish1_24hpf_roi2,20250821-plate74-slot1-roi2,20250821.0,74.0,1.0,2.0,20250821_mem_mito,20250821_mem_mito,fish1,1.0,24.0,,1500,20250821_mem_mito,2025-08-21,2025-08-21,pDQM082,315,,,tdmChilada,2xLynk,membrane,tdmChilada(membrane),membrane,tdmChilada(membrane),sheet
/clusterfs/vast/abcabc/Aang_Foundation/20250821_mem_mito/fish2_24hpf_roi1,20250821-plate74-slot2-roi1,20250821.0,74.0,2.0,1.0,20250821_mem_mito,20250821_mem_mito,fish2,2.0,24.0,,900,20250821_mem_mito,2025-08-21,2025-08-21,pDQM082,315,,,tdmChilada,2xLynk,membrane,tdmChilada(membrane),membrane,tdmChilada(membrane),sheet
/clusterfs/vast/abcabc/Aang_Foundation/20250821_mem_mito/fish2_24hpf_roi2,20250821-plate74-slot2-roi2,20250821.0,74.0,2.0,2.0,20250821_mem_mito,20250821_mem_mito,fish2,2.0,24.0,,900,20250821_mem_mito,2025-08-21,2025-08-21,pDQM082,315,,,tdmChilada,2xLynk,membrane,tdmChilada(membrane),membrane,tdmChilada(membrane),sheet
/clusterfs/vast/abcabc/Aang_Foundation/20250821_mem_mito/fish3_24hpf_roi1,20250821-plate74-slot3-roi1,20250821.0,74.0,3.0,1.0,20250821_mem_mito,20250821_mem_mito,fish3,3.0,24.0,,1500,20250821_mem_mito,2025-08-21,2025-08-21,pDQM082,315,,,tdmChilada,2xLynk,membrane,tdmChilada(membrane),membrane,tdmChilada(membrane),sheet
/clusterfs/vast/abcabc/Aang_Foundation/20250821_mem_mito/fish3_24hpf_roi2,20250821-plate74-slot3-roi2,20250821.0,74.0,3.0,2.0,20250821_mem_mito,20250821_mem_mito,fish3,3.0,24.0,,1500,20250821_mem_mito,2025-08-21,2025-08-21,pDQM082,315,,,tdmChilada,2xLynk,membrane,tdmChilada(membrane),membrane,tdmChilada(membrane),sheet
/clusterfs/vast/abcabc/Aang_Foundation/20250821_mem_mito/fish4_24hpf_roi1,20250821-plate74-slot4-roi1,20250821.0,74.0,4.0,1.0,20250821_mem_mito,20250821_mem_mito,fish4,4.0,24.0,,1500,20250821_mem_mito,2025-08-21,2025-08-21,pDQM082,315,,,tdmChilada,2xLynk,membrane,tdmChilada(membrane),membrane,tdmChilada(membrane),sheet
/clusterfs/vast/abcabc/Aang_Foundation/20250821_mem_mito/fish4_24hpf_roi2,20250821-plate74-slot4-roi2,20250821.0,74.0,4.0,2.0,20250821_mem_mito,20250821_mem_mito,fish4,4.0,24.0,,1500,20250821_mem_mito,2025-08-21,2025-08-21,pDQM082,315,,,tdmChilada,2xLynk,membrane,tdmChilada(membrane),membrane,tdmChilada(membrane),sheet
/clusterfs/vast/abcabc/Aang_Foundation/20250821_mem_mito/fish6_24hpf_roi1,20250821-plate74-slot5-roi1,20250821.0,74.0,5.0,1.0,20250821_mem_mito,20250821_mem_mito,fish6,6.0,24.0,,1500,20250821_mem_mito,2025-08-21,2025-08-21,pDQM082,315,,,tdmChilada,2xLynk,membrane,tdmChilada(membrane),membrane,tdmChilada(membrane),sheet
/clusterfs/vast/abcabc/Aang_Foundation/20250821_mem_mito/fish6_24hpf_roi2,20250821-plate74-slot5-roi2,20250821.0,74.0,5.0,2.0,20250821_mem_mito,20250821_mem_mito,fish6,6.0,24.0,,1471,20250821_mem_mito,2025-08-21,2025-08-21,pDQM082,315,,,tdmChilada,2xLynk,membrane,tdmChilada(membrane),membrane,tdmChilada(membrane),sheet
/clusterfs/vast/abcabc/Aang_Foundation/20250821_mem_mito/fish7_48hpf_roi1,20250821-plate74-slot6-roi1,20250821.0,74.0,6.0,1.0,20250821_mem_mito,20250821_mem_mito,fish7,7.0,48.0,,1500,20250821_mem_mito,2025-08-21,2025-08-21,pDQM082,315,,,tdmChilada,2xLynk,membrane,tdmChilada(membrane),membrane,tdmChilada(membrane),sheet
/clusterfs/vast/abcabc/Aang_Foundation/20250821_mem_mito/fish7_48hpf_roi2,20250821-plate74-slot6-roi2,20250821.0,74.0,6.0,2.0,20250821_mem_mito,20250821_mem_mito,fish7,7.0,48.0,,1500,20250821_mem_mito,2025-08-21,2025-08-21,pDQM082,315,,,tdmChilada,2xLynk,membrane,tdmChilada(membrane),membrane,tdmChilada(membrane),sheet
/clusterfs/vast/abcabc/Aang_Foundation/20250821_mem_mito/fish8_48hpf_roi1,20250821-plate75-slot1-roi1,20250821.0,75.0,1.0,1.0,20250821_mem_mito,20250821_mem_mito,fish8,8.0,48.0,,1500,20250821_mem_mito,2025-08-21,2025-08-21,pDQM082,315,,,tdmChilada,2xLynk,membrane,tdmChilada(membrane),membrane,tdmChilada(membrane),sheet
/clusterfs/vast/abcabc/Aang_Foundation/20250821_mem_mito/fish8_48hpf_roi2,20250821-plate75-slot1-roi2,20250821.0,75.0,1.0,2.0,20250821_mem_mito,20250821_mem_mito,fish8,8.0,48.0,,1500,20250821_mem_mito,2025-08-21,2025-08-21,pDQM082,315,,,tdmChilada,2xLynk,membrane,tdmChilada(membrane),membrane,tdmChilada(membrane),sheet
/clusterfs/vast/abcabc/Aang_Foundation/20250821_mem_mito/fish8_48hpf_roi3,20250821-plate75-slot1-roi3,20250821.0,75.0,1.0,3.0,20250821_mem_mito,20250821_mem_mito,fish8,8.0,48.0,,1500,20250821_mem_mito,2025-08-21,2025-08-21,pDQM082,315,,,tdmChilada,2xLynk,membrane,tdmChilada(membrane),membrane,tdmChilada(membrane),sheet
/clusterfs/vast/abcabc/Aang_Foundation/20250826_mem_actin/fish1_24hpf_roi1,20250826-plate76-slot1-roi1,20250826.0,76.0,1.0,1.0,20250826_mem_actin,20250826_mem_actin,fish1,1.0,24.0,,1850,20250826_mem_actin,2025-08-26,2025-08-26,pDQM082,315,,,tdmChilada,2xLynk,membrane,tdmChilada(membrane),membrane,tdmChilada(membrane),sheet
/clusterfs/vast/abcabc/Aang_Foundation/20250826_mem_actin/fish1_24hpf_roi2,20250826-plate76-slot1-roi2,20250826.0,76.0,1.0,2.0,20250826_mem_actin,20250826_mem_actin,fish1,1.0,24.0,,1200,20250826_mem_actin,2025-08-26,2025-08-26,pDQM082,315,,,tdmChilada,2xLynk,membrane,tdmChilada(membrane),membrane,tdmChilada(membrane),sheet
/clusterfs/vast/abcabc/Aang_Foundation/20250826_mem_actin/fish2_24hpf_roi1,20250826-plate76-slot2-roi1,20250826.0,76.0,2.0,1.0,20250826_mem_actin,20250826_mem_actin,fish2,2.0,24.0,,816,20250826_mem_actin,2025-08-26,2025-08-26,pDQM082,315,,,tdmChilada,2xLynk,membrane,tdmChilada(membrane),membrane,tdmChilada(membrane),sheet
/clusterfs/vast/abcabc/Aang_Foundation/20250826_mem_actin/fish3_24hpf_roi1,20250826-plate76-slot3-roi1,20250826.0,76.0,3.0,1.0,20250826_mem_actin,20250826_mem_actin,fish3,3.0,24.0,,816,20250826_mem_actin,2025-08-26,2025-08-26,pDQM082,315,,,tdmChilada,2xLynk,membrane,tdmChilada(membrane),membrane,tdmChilada(membrane),sheet
/clusterfs/vast/abcabc/Aang_Foundation/20250826_mem_actin/fish3_24hpf_roi2,20250826-plate76-slot3-roi2,20250826.0,76.0,3.0,2.0,20250826_mem_actin,20250826_mem_actin,fish3,3.0,24.0,,818,20250826_mem_actin,2025-08-26,2025-08-26,pDQM082,315,,,tdmChilada,2xLynk,membrane,tdmChilada(membrane),membrane,tdmChilada(membrane),sheet
/clusterfs/vast/abcabc/Aang_Foundation/20250826_mem_actin/fish5_24hpf_roi1,20250826-plate76-slot4-roi1,20250826.0,76.0,4.0,1.0,20250826_mem_actin,20250826_mem_actin,fish5,5.0,24.0,,816,20250826_mem_actin,2025-08-26,2025-08-26,pDQM082,315,,,tdmChilada,2xLynk,membrane,tdmChilada(membrane),membrane,tdmChilada(membrane),sheet
/clusterfs/vast/abcabc/Aang_Foundation/20250826_mem_actin/fish5_24hpf_roi2,20250826-plate76-slot4-roi2,20250826.0,76.0,4.0,2.0,20250826_mem_actin,20250826_mem_actin,fish5,5.0,24.0,,816,20250826_mem_actin,2025-08-26,2025-08-26,pDQM082,315,,,tdmChilada,2xLynk,membrane,tdmChilada(membrane),membrane,tdmChilada(membrane),sheet
/clusterfs/vast/abcabc/Aang_Foundation/20250826_mem_actin/fish6_24hpf_roi1,20250826-plate76-slot5-roi1,20250826.0,76.0,5.0,1.0,20250826_mem_actin,20250826_mem_actin,fish6,6.0,24.0,,816,20250826_mem_actin,2025-08-26,2025-08-26,pDQM082,315,,,tdmChilada,2xLynk,membrane,tdmChilada(membrane),membrane,tdmChilada(membrane),sheet
/clusterfs/vast/abcabc/Aang_Foundation/20250827_mem_actin/fish3_48hpf_roi1,20250827-plate77-slot1-roi1,20250827.0,77.0,1.0,1.0,20250827_mem_actin,20250827_mem_actin,fish3,3.0,48.0,,408,20250827_mem_actin,2025-08-27,2025-08-27,pDQM082,315,,,tdmChilada,2xLynk,membrane,tdmChilada(membrane),membrane,tdmChilada(membrane),sheet
/clusterfs/vast/abcabc/Aang_Foundation/20250827_mem_actin/fish3_48hpf_roi2,20250827-plate77-slot1-roi2,20250827.0,77.0,1.0,2.0,20250827_mem_actin,20250827_mem_actin,fish3,3.0,48.0,,408,20250827_mem_actin,2025-08-27,2025-08-27,pDQM082,315,,,tdmChilada,2xLynk,membrane,tdmChilada(membrane),membrane,tdmChilada(membrane),sheet
/clusterfs/vast/abcabc/Aang_Foundation/20250827_mem_actin/fish5_48hpf_roi1,20250827-plate77-slot2-roi1,20250827.0,77.0,2.0,1.0,20250827_mem_actin,20250827_mem_actin,fish5,5.0,48.0,,136,20250827_mem_actin,2025-08-27,2025-08-27,pDQM082,315,,,tdmChilada,2xLynk,membrane,tdmChilada(membrane),membrane,tdmChilada(membrane),sheet
/clusterfs/vast/abcabc/Aang_Foundation/20250827_mem_actin/fish5_48hpf_roi2,20250827-plate77-slot2-roi2,20250827.0,77.0,2.0,2.0,20250827_mem_actin,20250827_mem_actin,fish5,5.0,48.0,,136,20250827_mem_actin,2025-08-27,2025-08-27,pDQM082,315,,,tdmChilada,2xLynk,membrane,tdmChilada(membrane),membrane,tdmChilada(membrane),sheet
/clusterfs/vast/abcabc/Aang_Foundation/20250827_mem_actin/fish5_48hpf_roi3,20250827-plate77-slot2-roi3,20250827.0,77.0,2.0,3.0,20250827_mem_actin,20250827_mem_actin,fish5,5.0,48.0,,136,20250827_mem_actin,2025-08-27,2025-08-27,pDQM082,315,,,tdmChilada,2xLynk,membrane,tdmChilada(membrane),membrane,tdmChilada(membrane),sheet
/clusterfs/vast/abcabc/Aang_Foundation/20250828_mem_actin/fish1_24hpf_roi1,20250828-plate78-slot1-roi1,20250828.0,78.0,1.0,1.0,20250828_mem_actin,20250828_mem_actin,fish1,1.0,24.0,,50,20250828_mem_actin,2025-08-28,2025-08-28,pDQM082,315,,,tdmChilada,2xLynk,membrane,tdmChilada(membrane),membrane,tdmChilada(membrane),sheet
/clusterfs/vast/abcabc/Aang_Foundation/20250828_mem_actin/fish1_24hpf_roi1-2,20250828-plate78-slot1-roi2,20250828.0,78.0,1.0,2.0,20250828_mem_actin,20250828_mem_actin,fish1,1.0,24.0,,1476,20250828_mem_actin,2025-08-28,2025-08-28,pDQM082,315,,,tdmChilada,2xLynk,membrane,tdmChilada(membrane),membrane,tdmChilada(membrane),sheet
/clusterfs/vast/abcabc/Aang_Foundation/20250828_mem_actin/fish1_24hpf_roi2,20250828-plate78-slot1-roi3,20250828.0,78.0,1.0,3.0,20250828_mem_actin,20250828_mem_actin,fish1,1.0,24.0,,656,20250828_mem_actin,2025-08-28,2025-08-28,pDQM082,315,,,tdmChilada,2xLynk,membrane,tdmChilada(membrane),membrane,tdmChilada(membrane),sheet
/clusterfs/vast/abcabc/Aang_Foundation/20250828_mem_actin/fish1_24hpf_roi3,20250828-plate78-slot1-roi4,20250828.0,78.0,1.0,4.0,20250828_mem_actin,20250828_mem_actin,fish1,1.0,24.0,,656,20250828_mem_actin,2025-08-28,2025-08-28,pDQM082,315,,,tdmChilada,2xLynk,membrane,tdmChilada(membrane),membrane,tdmChilada(membrane),sheet
/clusterfs/vast/abcabc/Aang_Foundation/20250828_mem_actin/fish2_24hpf_roi1,20250828-plate78-slot2-roi1,20250828.0,78.0,2.0,1.0,20250828_mem_actin,20250828_mem_actin,fish2,2.0,24.0,,1925,20250828_mem_actin,2025-08-28,2025-08-28,pDQM082,315,,,tdmChilada,2xLynk,membrane,tdmChilada(membrane),membrane,tdmChilada(membrane),sheet
/clusterfs/vast/abcabc/Aang_Foundation/20250828_mem_actin/fish2_24hpf_roi2,20250828-plate78-slot2-roi2,20250828.0,78.0,2.0,2.0,20250828_mem_actin,20250828_mem_actin,fish2,2.0,24.0,,1726,20250828_mem_actin,2025-08-28,2025-08-28,pDQM082,315,,,tdmChilada,2xLynk,membrane,tdmChilada(membrane),membrane,tdmChilada(membrane),sheet
/clusterfs/vast/abcabc/Aang_Foundation/20250828_mem_actin/fish2_24hpf_roi2-2,20250828-plate78-slot2-roi3,20250828.0,78.0,2.0,3.0,20250828_mem_actin,20250828_mem_actin,fish2,2.0,24.0,,1968,20250828_mem_actin,2025-08-28,2025-08-28,pDQM082,315,,,tdmChilada,2xLynk,membrane,tdmChilada(membrane),membrane,tdmChilada(membrane),sheet
/clusterfs/vast/abcabc/Aang_Foundation/20250828_mem_actin/fish4_24hpf_roi1,20250828-plate78-slot3-roi1,20250828.0,78.0,3.0,1.0,20250828_mem_actin,20250828_mem_actin,fish4,4.0,24.0,,1968,20250828_mem_actin,2025-08-28,2025-08-28,pDQM082,315,,,tdmChilada,2xLynk,membrane,tdmChilada(membrane),membrane,tdmChilada(membrane),sheet
/clusterfs/vast/abcabc/Aang_Foundation/20250828_mem_actin/fish4_24hpf_roi2,20250828-plate78-slot3-roi2,20250828.0,78.0,3.0,2.0,20250828_mem_actin,20250828_mem_actin,fish4,4.0,24.0,,1968,20250828_mem_actin,2025-08-28,2025-08-28,pDQM082,315,,,tdmChilada,2xLynk,membrane,tdmChilada(membrane),membrane,tdmChilada(membrane),sheet
/clusterfs/vast/abcabc/Aang_Foundation/20250828_mem_actin/fish5_24hpf_roi1,20250828-plate78-slot4-roi1,20250828.0,78.0,4.0,1.0,20250828_mem_actin,20250828_mem_actin,fish5,5.0,24.0,,656,20250828_mem_actin,2025-08-28,2025-08-28,pDQM082,315,,,tdmChilada,2xLynk,membrane,tdmChilada(membrane),membrane,tdmChilada(membrane),sheet
/clusterfs/vast/abcabc/Aang_Foundation/20250828_mem_actin/fish5_24hpf_roi2,20250828-plate78-slot4-roi2,20250828.0,78.0,4.0,2.0,20250828_mem_actin,20250828_mem_actin,fish5,5.0,24.0,,656,20250828_mem_actin,2025-08-28,2025-08-28,pDQM082,315,,,tdmChilada,2xLynk,membrane,tdmChilada(membrane),membrane,tdmChilada(membrane),sheet
/clusterfs/vast/abcabc/Aang_Foundation/20250828_mem_actin/fish5_24hpf_roi3,20250828-plate78-slot4-roi3,20250828.0,78.0,4.0,3.0,20250828_mem_actin,20250828_mem_actin,fish5,5.0,24.0,,656,20250828_mem_actin,2025-08-28,2025-08-28,pDQM082,315,,,tdmChilada,2xLynk,membrane,tdmChilada(membrane),membrane,tdmChilada(membrane),sheet
/clusterfs/vast/abcabc/Aang_Foundation/20250828_mem_actin/fish6_24hpf_roi1,20250828-plate78-slot5-roi1,20250828.0,78.0,5.0,1.0,20250828_mem_actin,20250828_mem_actin,fish6,6.0,24.0,,1968,20250828_mem_actin,2025-08-28,2025-08-28,pDQM082,315,,,tdmChilada,2xLynk,membrane,tdmChilada(membrane),membrane,tdmChilada(membrane),sheet
/clusterfs/vast/abcabc/Aang_Foundation/20250828_mem_actin/fish6_24hpf_roi2,20250828-plate78-slot5-roi2,20250828.0,78.0,5.0,2.0,20250828_mem_actin,20250828_mem_actin,fish6,6.0,24.0,,1968,20250828_mem_actin,2025-08-28,2025-08-28,pDQM082,315,,,tdmChilada,2xLynk,membrane,tdmChilada(membrane),membrane,tdmChilada(membrane),sheet
/clusterfs/vast/abcabc/Aang_Foundation/20250903_lifeact-mSG/fish1_24hpf_roi1,20250903-plate79-slot1-roi1,20250903.0,79.0,1.0,1.0,20250903_lifeact-mSG,20250903_lifeact-mSG,fish1,1.0,24.0,,400,20250903_lifeact-mSG,,2025-09-03,pDQM082,315,,,tdmChilada,2xLynk,membrane,tdmChilada(membrane),membrane,tdmChilada(membrane),sheet
/clusterfs/vast/abcabc/Aang_Foundation/20250903_lifeact-mSG/fish1_24hpf_roi2,20250903-plate79-slot1-roi2,20250903.0,79.0,1.0,2.0,20250903_lifeact-mSG,20250903_lifeact-mSG,fish1,1.0,24.0,,656,20250903_lifeact-mSG,,2025-09-03,pDQM082,315,,,tdmChilada,2xLynk,membrane,tdmChilada(membrane),membrane,tdmChilada(membrane),sheet
/clusterfs/vast/abcabc/Aang_Foundation/20250903_lifeact-mSG/fish1_24hpf_roi3,20250903-plate79-slot1-roi3,20250903.0,79.0,1.0,3.0,20250903_lifeact-mSG,20250903_lifeact-mSG,fish1,1.0,24.0,,82,20250903_lifeact-mSG,,2025-09-03,pDQM082,315,,,tdmChilada,2xLynk,membrane,tdmChilada(membrane),membrane,tdmChilada(membrane),sheet
/clusterfs/vast/abcabc/Aang_Foundation/20250903_lifeact-mSG/fish1_24hpf_roi3_2,20250903-plate79-slot1-roi4,20250903.0,79.0,1.0,4.0,20250903_lifeact-mSG,20250903_lifeact-mSG,fish1,1.0,24.0,,1312,20250903_lifeact-mSG,,2025-09-03,pDQM082,315,,,tdmChilada,2xLynk,membrane,tdmChilada(membrane),membrane,tdmChilada(membrane),sheet
/clusterfs/vast/abcabc/Aang_Foundation/20250903_lifeact-mSG/fish2_24hpf_roi1,20250903-plate79-slot2-roi1,20250903.0,79.0,2.0,1.0,20250903_lifeact-mSG,20250903_lifeact-mSG,fish2,2.0,24.0,,656,20250903_lifeact-mSG,,2025-09-03,pDQM082,315,,,tdmChilada,2xLynk,membrane,tdmChilada(membrane),membrane,tdmChilada(membrane),sheet
/clusterfs/vast/abcabc/Aang_Foundation/20250903_lifeact-mSG/fish2_24hpf_roi2,20250903-plate79-slot2-roi2,20250903.0,79.0,2.0,2.0,20250903_lifeact-mSG,20250903_lifeact-mSG,fish2,2.0,24.0,,656,20250903_lifeact-mSG,,2025-09-03,pDQM082,315,,,tdmChilada,2xLynk,membrane,tdmChilada(membrane),membrane,tdmChilada(membrane),sheet
/clusterfs/vast/abcabc/Aang_Foundation/20250904_lifeact-mSG/fish1_24hpf_roi1,20250904-plate80-slot1-roi1,20250904.0,80.0,1.0,1.0,20250904_lifeact-mSG,20250904_lifeact-mSG,fish1,1.0,24.0,,656,20250904_lifeact-mSG,2025-09-04,2025-09-04,pDQM136,325,,,tdmScarlet3,2xLynk,membrane,tdmScarlet3(membrane),membrane,tdmScarlet3(membrane),sheet
/clusterfs/vast/abcabc/Aang_Foundation/20250904_lifeact-mSG/fish1_24hpf_roi2,20250904-plate80-slot1-roi2,20250904.0,80.0,1.0,2.0,20250904_lifeact-mSG,20250904_lifeact-mSG,fish1,1.0,24.0,,25,20250904_lifeact-mSG,2025-09-04,2025-09-04,pDQM136,325,,,tdmScarlet3,2xLynk,membrane,tdmScarlet3(membrane),membrane,tdmScarlet3(membrane),sheet
/clusterfs/vast/abcabc/Aang_Foundation/20250904_lifeact-mSG/fish1_24hpf_roi3,20250904-plate80-slot1-roi3,20250904.0,80.0,1.0,3.0,20250904_lifeact-mSG,20250904_lifeact-mSG,fish1,1.0,24.0,,656,20250904_lifeact-mSG,2025-09-04,2025-09-04,pDQM136,325,,,tdmScarlet3,2xLynk,membrane,tdmScarlet3(membrane),membrane,tdmScarlet3(membrane),sheet
/clusterfs/vast/abcabc/Aang_Foundation/20250904_lifeact-mSG/fish1_24hpf_roi4,20250904-plate80-slot1-roi4,20250904.0,80.0,1.0,4.0,20250904_lifeact-mSG,20250904_lifeact-mSG,fish1,1.0,24.0,,656,20250904_lifeact-mSG,2025-09-04,2025-09-04,pDQM136,325,,,tdmScarlet3,2xLynk,membrane,tdmScarlet3(membrane),membrane,tdmScarlet3(membrane),sheet
/clusterfs/vast/abcabc/Aang_Foundation/20250904_lifeact-mSG/fish1_24hpf_roi5,20250904-plate80-slot1-roi5,20250904.0,80.0,1.0,5.0,20250904_lifeact-mSG,20250904_lifeact-mSG,fish1,1.0,24.0,,656,20250904_lifeact-mSG,2025-09-04,2025-09-04,pDQM136,325,,,tdmScarlet3,2xLynk,membrane,tdmScarlet3(membrane),membrane,tdmScarlet3(membrane),sheet
/clusterfs/vast/abcabc/Aang_Foundation/20250905_lifeact-mSG/fish2_72hpf_roi1,20250905-plate81-slot1-roi1,20250905.0,81.0,1.0,1.0,20250905_lifeact-mSG,20250905_lifeact-mSG,fish2,2.0,72.0,,656,20250905_lifeact-mSG,2025-09-05,2025-09-05,pDQM082,315,,,tdmChilada,2xLynk,membrane,tdmChilada(membrane),membrane,tdmChilada(membrane),sheet
/clusterfs/vast/abcabc/Aang_Foundation/20250905_lifeact-mSG/fish2_72hpf_roi2,20250905-plate81-slot1-roi2,20250905.0,81.0,1.0,2.0,20250905_lifeact-mSG,20250905_lifeact-mSG,fish2,2.0,72.0,,257,20250905_lifeact-mSG,2025-09-05,2025-09-05,pDQM082,315,,,tdmChilada,2xLynk,membrane,tdmChilada(membrane),membrane,tdmChilada(membrane),sheet
/clusterfs/vast/abcabc/Aang_Foundation/20250905_lifeact-mSG/fish2_72hpf_roi3,20250905-plate81-slot1-roi3,20250905.0,81.0,1.0,3.0,20250905_lifeact-mSG,20250905_lifeact-mSG,fish2,2.0,72.0,,816,20250905_lifeact-mSG,2025-09-05,2025-09-05,pDQM082,315,,,tdmChilada,2xLynk,membrane,tdmChilada(membrane),membrane,tdmChilada(membrane),sheet
/clusterfs/vast/abcabc/Aang_Foundation/20250905_lifeact-mSG/fish2_72hpf_roi4,20250905-plate81-slot1-roi4,20250905.0,81.0,1.0,4.0,20250905_lifeact-mSG,20250905_lifeact-mSG,fish2,2.0,72.0,,816,20250905_lifeact-mSG,2025-09-05,2025-09-05,pDQM082,315,,,tdmChilada,2xLynk,membrane,tdmChilada(membrane),membrane,tdmChilada(membrane),sheet
/clusterfs/vast/abcabc/Aang_Foundation/20250908_mem-mito/fish1_24hpf_roi1,20250908-plate82-slot1-roi1,20250908.0,82.0,1.0,1.0,20250908_mem-mito,20250908_mem-mito,fish1,1.0,24.0,,332,20250908_mem-mito,2025-09-08,2025-09-08,pDQM082,315,,,tdmChilada,2xLynk,membrane,tdmChilada(membrane),membrane,tdmChilada(membrane),sheet
/clusterfs/vast/abcabc/Aang_Foundation/20250908_mem-mito/fish1_24hpf_roi2,20250908-plate82-slot1-roi2,20250908.0,82.0,1.0,2.0,20250908_mem-mito,20250908_mem-mito,fish1,1.0,24.0,,1188,20250908_mem-mito,2025-09-08,2025-09-08,pDQM082,315,,,tdmChilada,2xLynk,membrane,tdmChilada(membrane),membrane,tdmChilada(membrane),sheet
/clusterfs/vast/abcabc/Aang_Foundation/20250908_mem-mito/fish1_24hpf_roi3,20250908-plate82-slot1-roi3,20250908.0,82.0,1.0,3.0,20250908_mem-mito,20250908_mem-mito,fish1,1.0,24.0,,450,20250908_mem-mito,2025-09-08,2025-09-08,pDQM082,315,,,tdmChilada,2xLynk,membrane,tdmChilada(membrane),membrane,tdmChilada(membrane),sheet
/clusterfs/vast/abcabc/Aang_Foundation/20250908_mem-mito/fish1_24hpf_roi4,20250908-plate82-slot1-roi4,20250908.0,82.0,1.0,4.0,20250908_mem-mito,20250908_mem-mito,fish1,1.0,24.0,,450,20250908_mem-mito,2025-09-08,2025-09-08,pDQM082,315,,,tdmChilada,2xLynk,membrane,tdmChilada(membrane),membrane,tdmChilada(membrane),sheet
/clusterfs/vast/abcabc/Aang_Foundation/20250908_mem-mito/fish2_24hpf_roi1,20250908-plate82-slot2-roi1,20250908.0,82.0,2.0,1.0,20250908_mem-mito,20250908_mem-mito,fish2,2.0,24.0,,450,20250908_mem-mito,2025-09-08,2025-09-08,pDQM082,315,,,tdmChilada,2xLynk,membrane,tdmChilada(membrane),membrane,tdmChilada(membrane),sheet
/clusterfs/vast/abcabc/Aang_Foundation/20250908_mem-mito/fish2_24hpf_roi2,20250908-plate82-slot2-roi2,20250908.0,82.0,2.0,2.0,20250908_mem-mito,20250908_mem-mito,fish2,2.0,24.0,,300,20250908_mem-mito,2025-09-08,2025-09-08,pDQM082,315,,,tdmChilada,2xLynk,membrane,tdmChilada(membrane),membrane,tdmChilada(membrane),sheet
/clusterfs/vast/abcabc/Aang_Foundation/20250908_mem-mito/fish2_24hpf_roi3,20250908-plate82-slot2-roi3,20250908.0,82.0,2.0,3.0,20250908_mem-mito,20250908_mem-mito,fish2,2.0,24.0,,4,20250908_mem-mito,2025-09-08,2025-09-08,pDQM082,315,,,tdmChilada,2xLynk,membrane,tdmChilada(membrane),membrane,tdmChilada(membrane),sheet
/clusterfs/vast/abcabc/Aang_Foundation/20250908_mem-mito/fish2_72hpf_roi1,20250908-plate82-slot2-roi4,20250908.0,82.0,2.0,4.0,20250908_mem-mito,20250908_mem-mito,fish2,2.0,72.0,,2000,20250908_mem-mito,2025-09-08,2025-09-08,pDQM082,315,,,tdmChilada,2xLynk,membrane,tdmChilada(membrane),membrane,tdmChilada(membrane),sheet
/clusterfs/vast/abcabc/Aang_Foundation/20250908_mem-mito/fish2_72hpf_roi2,20250908-plate82-slot2-roi5,20250908.0,82.0,2.0,5.0,20250908_mem-mito,20250908_mem-mito,fish2,2.0,72.0,,1200,20250908_mem-mito,2025-09-08,2025-09-08,pDQM082,315,,,tdmChilada,2xLynk,membrane,tdmChilada(membrane),membrane,tdmChilada(membrane),sheet
/clusterfs/vast/abcabc/Aang_Foundation/20250908_mem-mito/fish2_72hpf_roi3,20250908-plate82-slot2-roi6,20250908.0,82.0,2.0,6.0,20250908_mem-mito,20250908_mem-mito,fish2,2.0,72.0,,1200,20250908_mem-mito,2025-09-08,2025-09-08,pDQM082,315,,,tdmChilada,2xLynk,membrane,tdmChilada(membrane),membrane,tdmChilada(membrane),sheet
/clusterfs/vast/abcabc/Aang_Foundation/20250908_mem-mito/fish2_72hpf_roi4,20250908-plate82-slot2-roi7,20250908.0,82.0,2.0,7.0,20250908_mem-mito,20250908_mem-mito,fish2,2.0,72.0,,1200,20250908_mem-mito,2025-09-08,2025-09-08,pDQM082,315,,,tdmChilada,2xLynk,membrane,tdmChilada(membrane),membrane,tdmChilada(membrane),sheet
/clusterfs/vast/abcabc/Aang_Foundation/20250908_mem-mito/fish2_72hpf_roi5,20250908-plate82-slot2-roi8,20250908.0,82.0,2.0,8.0,20250908_mem-mito,20250908_mem-mito,fish2,2.0,72.0,,1200,20250908_mem-mito,2025-09-08,2025-09-08,pDQM082,315,,,tdmChilada,2xLynk,membrane,tdmChilada(membrane),membrane,tdmChilada(membrane),sheet
/clusterfs/vast/abcabc/Aang_Foundation/20250908_mem-mito/fish4_24hpf_roi1,20250908-plate82-slot3-roi1,20250908.0,82.0,3.0,1.0,20250908_mem-mito,20250908_mem-mito,fish4,4.0,24.0,,300,20250908_mem-mito,2025-09-08,2025-09-08,pDQM082,315,,,tdmChilada,2xLynk,membrane,tdmChilada(membrane),membrane,tdmChilada(membrane),sheet
/clusterfs/vast/abcabc/Aang_Foundation/20250908_mem-mito/fish4_24hpf_roi2,20250908-plate82-slot3-roi2,20250908.0,82.0,3.0,2.0,20250908_mem-mito,20250908_mem-mito,fish4,4.0,24.0,,300,20250908_mem-mito,2025-09-08,2025-09-08,pDQM082,315,,,tdmChilada,2xLynk,membrane,tdmChilada(membrane),membrane,tdmChilada(membrane),sheet
/clusterfs/vast/abcabc/Aang_Foundation/20250908_mem-mito/fish4_24hpf_roi3,20250908-plate82-slot3-roi3,20250908.0,82.0,3.0,3.0,20250908_mem-mito,20250908_mem-mito,fish4,4.0,24.0,,300,20250908_mem-mito,2025-09-08,2025-09-08,pDQM082,315,,,tdmChilada,2xLynk,membrane,tdmChilada(membrane),membrane,tdmChilada(membrane),sheet
/clusterfs/vast/abcabc/Aang_Foundation/20250908_mem-mito/fish5_24hpf_roi1,20250908-plate82-slot4-roi1,20250908.0,82.0,4.0,1.0,20250908_mem-mito,20250908_mem-mito,fish5,5.0,24.0,,300,20250908_mem-mito,2025-09-08,2025-09-08,pDQM082,315,,,tdmChilada,2xLynk,membrane,tdmChilada(membrane),membrane,tdmChilada(membrane),sheet
/clusterfs/vast/abcabc/Aang_Foundation/20250908_mem-mito/fish5_24hpf_roi2,20250908-plate82-slot4-roi2,20250908.0,82.0,4.0,2.0,20250908_mem-mito,20250908_mem-mito,fish5,5.0,24.0,,300,20250908_mem-mito,2025-09-08,2025-09-08,pDQM082,315,,,tdmChilada,2xLynk,membrane,tdmChilada(membrane),membrane,tdmChilada(membrane),sheet
/clusterfs/vast/abcabc/Aang_Foundation/20250908_mem-mito/fish5_24hpf_roi3,20250908-plate82-slot4-roi3,20250908.0,82.0,4.0,3.0,20250908_mem-mito,20250908_mem-mito,fish5,5.0,24.0,,300,20250908_mem-mito,2025-09-08,2025-09-08,pDQM082,315,,,tdmChilada,2xLynk,membrane,tdmChilada(membrane),membrane,tdmChilada(membrane),sheet
/clusterfs/vast/abcabc/Aang_Foundation/20250908_mem-mito/fish5_24hpf_roi4,20250908-plate82-slot4-roi4,20250908.0,82.0,4.0,4.0,20250908_mem-mito,20250908_mem-mito,fish5,5.0,24.0,,300,20250908_mem-mito,2025-09-08,2025-09-08,pDQM082,315,,,tdmChilada,2xLynk,membrane,tdmChilada(membrane),membrane,tdmChilada(membrane),sheet
/clusterfs/vast/abcabc/Aang_Foundation/20250908_mem-mito/fish6_24hpf_roi1,20250908-plate82-slot5-roi1,20250908.0,82.0,5.0,1.0,20250908_mem-mito,20250908_mem-mito,fish6,6.0,24.0,,300,20250908_mem-mito,2025-09-08,2025-09-08,pDQM082,315,,,tdmChilada,2xLynk,membrane,tdmChilada(membrane),membrane,tdmChilada(membrane),sheet
/clusterfs/vast/abcabc/Aang_Foundation/20250908_mem-mito/fish6_24hpf_roi2,20250908-plate82-slot5-roi2,20250908.0,82.0,5.0,2.0,20250908_mem-mito,20250908_mem-mito,fish6,6.0,24.0,,300,20250908_mem-mito,2025-09-08,2025-09-08,pDQM082,315,,,tdmChilada,2xLynk,membrane,tdmChilada(membrane),membrane,tdmChilada(membrane),sheet
/clusterfs/vast/abcabc/Aang_Foundation/20250908_mem-mito/fish6_24hpf_roi3,20250908-plate82-slot5-roi3,20250908.0,82.0,5.0,3.0,20250908_mem-mito,20250908_mem-mito,fish6,6.0,24.0,,300,20250908_mem-mito,2025-09-08,2025-09-08,pDQM082,315,,,tdmChilada,2xLynk,membrane,tdmChilada(membrane),membrane,tdmChilada(membrane),sheet
/clusterfs/vast/abcabc/Aang_Foundation/20250911_mem-mito/fish1_48hpf_roi1,20250911-plate83-slot1-roi1,20250911.0,83.0,1.0,1.0,20250911_mem-mito,20250911_mem-mito,fish1,1.0,48.0,,400,20250911_mem-mito,2025-09-11,2025-09-11,pDQM082,315,,,tdmChilada,2xLynk,membrane,tdmChilada(membrane),membrane,tdmChilada(membrane),sheet
/clusterfs/vast/abcabc/Aang_Foundation/20250911_mem-mito/fish1_48hpf_roi2,20250911-plate83-slot1-roi2,20250911.0,83.0,1.0,2.0,20250911_mem-mito,20250911_mem-mito,fish1,1.0,48.0,,400,20250911_mem-mito,2025-09-11,2025-09-11,pDQM082,315,,,tdmChilada,2xLynk,membrane,tdmChilada(membrane),membrane,tdmChilada(membrane),sheet
/clusterfs/vast/abcabc/Aang_Foundation/20250911_mem-mito/fish1_48hpf_roi3,20250911-plate83-slot1-roi3,20250911.0,83.0,1.0,3.0,20250911_mem-mito,20250911_mem-mito,fish1,1.0,48.0,,400,20250911_mem-mito,2025-09-11,2025-09-11,pDQM082,315,,,tdmChilada,2xLynk,membrane,tdmChilada(membrane),membrane,tdmChilada(membrane),sheet
/clusterfs/vast/abcabc/Aang_Foundation/20250911_mem-mito/fish1_48hpf_roi4,20250911-plate83-slot1-roi4,20250911.0,83.0,1.0,4.0,20250911_mem-mito,20250911_mem-mito,fish1,1.0,48.0,,400,20250911_mem-mito,2025-09-11,2025-09-11,pDQM082,315,,,tdmChilada,2xLynk,membrane,tdmChilada(membrane),membrane,tdmChilada(membrane),sheet
/clusterfs/vast/abcabc/Aang_Foundation/20250911_mem-mito/fish1_48hpf_roi5,20250911-plate83-slot1-roi5,20250911.0,83.0,1.0,5.0,20250911_mem-mito,20250911_mem-mito,fish1,1.0,48.0,,400,20250911_mem-mito,2025-09-11,2025-09-11,pDQM082,315,,,tdmChilada,2xLynk,membrane,tdmChilada(membrane),membrane,tdmChilada(membrane),sheet
/clusterfs/vast/abcabc/Aang_Foundation/20250911_mem-mito/fish2_48hpf_roi1,20250911-plate83-slot2-roi1,20250911.0,83.0,2.0,1.0,20250911_mem-mito,20250911_mem-mito,fish2,2.0,48.0,,400,20250911_mem-mito,2025-09-11,2025-09-11,pDQM082,315,,,tdmChilada,2xLynk,membrane,tdmChilada(membrane),membrane,tdmChilada(membrane),sheet
/clusterfs/vast/abcabc/Aang_Foundation/20250911_mem-mito/fish2_48hpf_roi2,20250911-plate83-slot2-roi2,20250911.0,83.0,2.0,2.0,20250911_mem-mito,20250911_mem-mito,fish2,2.0,48.0,,400,20250911_mem-mito,2025-09-11,2025-09-11,pDQM082,315,,,tdmChilada,2xLynk,membrane,tdmChilada(membrane),membrane,tdmChilada(membrane),sheet
/clusterfs/vast/abcabc/Aang_Foundation/20250911_mem-mito/fish2_48hpf_roi3,20250911-plate83-slot2-roi3,20250911.0,83.0,2.0,3.0,20250911_mem-mito,20250911_mem-mito,fish2,2.0,48.0,,400,20250911_mem-mito,2025-09-11,2025-09-11,pDQM082,315,,,tdmChilada,2xLynk,membrane,tdmChilada(membrane),membrane,tdmChilada(membrane),sheet
/clusterfs/vast/abcabc/Aang_Foundation/20250912_mem-mito/fish1_72hpf_roi1,20250912-plate84-slot1-roi1,20250912.0,84.0,1.0,1.0,20250912_mem-mito,20250912_mem-mito,fish1,1.0,72.0,,400,20250912_mem-mito,2025-09-12,2025-09-12,pDQM082,315,,,tdmChilada,2xLynk,membrane,tdmChilada(membrane),membrane,tdmChilada(membrane),sheet
/clusterfs/vast/abcabc/Aang_Foundation/20250912_mem-mito/fish1_72hpf_roi2,20250912-plate84-slot1-roi2,20250912.0,84.0,1.0,2.0,20250912_mem-mito,20250912_mem-mito,fish1,1.0,72.0,,200,20250912_mem-mito,2025-09-12,2025-09-12,pDQM082,315,,,tdmChilada,2xLynk,membrane,tdmChilada(membrane),membrane,tdmChilada(membrane),sheet
/clusterfs/vast/abcabc/Aang_Foundation/20250912_mem-mito/fish1_72hpf_roi3,20250912-plate84-slot1-roi3,20250912.0,84.0,1.0,3.0,20250912_mem-mito,20250912_mem-mito,fish1,1.0,72.0,,350,20250912_mem-mito,2025-09-12,2025-09-12,pDQM082,315,,,tdmChilada,2xLynk,membrane,tdmChilada(membrane),membrane,tdmChilada(membrane),sheet
/clusterfs/vast/abcabc/Aang_Foundation/20250912_mem-mito/fish1_72hpf_roi4,20250912-plate84-slot1-roi4,20250912.0,84.0,1.0,4.0,20250912_mem-mito,20250912_mem-mito,fish1,1.0,72.0,,350,20250912_mem-mito,2025-09-12,2025-09-12,pDQM082,315,,,tdmChilada,2xLynk,membrane,tdmChilada(membrane),membrane,tdmChilada(membrane),sheet
/clusterfs/vast/abcabc/Aang_Foundation/20250912_mem-mito/fish2_72hpf_roi1,20250912-plate84-slot2-roi1,20250912.0,84.0,2.0,1.0,20250912_mem-mito,20250912_mem-mito,fish2,2.0,72.0,,350,20250912_mem-mito,2025-09-12,2025-09-12,pDQM082,315,,,tdmChilada,2xLynk,membrane,tdmChilada(membrane),membrane,tdmChilada(membrane),sheet
/clusterfs/vast/abcabc/Aang_Foundation/20250912_mem-mito/fish2_72hpf_roi2,20250912-plate84-slot2-roi2,20250912.0,84.0,2.0,2.0,20250912_mem-mito,20250912_mem-mito,fish2,2.0,72.0,,200,20250912_mem-mito,2025-09-12,2025-09-12,pDQM082,315,,,tdmChilada,2xLynk,membrane,tdmChilada(membrane),membrane,tdmChilada(membrane),sheet
/clusterfs/vast/abcabc/Aang_Foundation/20250912_mem-mito/fish2_72hpf_roi3,20250912-plate84-slot2-roi3,20250912.0,84.0,2.0,3.0,20250912_mem-mito,20250912_mem-mito,fish2,2.0,72.0,,400,20250912_mem-mito,2025-09-12,2025-09-12,pDQM082,315,,,tdmChilada,2xLynk,membrane,tdmChilada(membrane),membrane,tdmChilada(membrane),sheet
/clusterfs/vast/abcabc/Aang_Foundation/20250912_mem-mito/fish2_72hpf_roi4,20250912-plate84-slot2-roi4,20250912.0,84.0,2.0,4.0,20250912_mem-mito,20250912_mem-mito,fish2,2.0,72.0,,350,20250912_mem-mito,2025-09-12,2025-09-12,pDQM082,315,,,tdmChilada,2xLynk,membrane,tdmChilada(membrane),membrane,tdmChilada(membrane),sheet
/clusterfs/vast/abcabc/Aang_Foundation/20250912_mem-mito/fish3_72hpf_roi1,20250912-plate84-slot3-roi1,20250912.0,84.0,3.0,1.0,20250912_mem-mito,20250912_mem-mito,fish3,3.0,72.0,,400,20250912_mem-mito,2025-09-12,2025-09-12,pDQM082,315,,,tdmChilada,2xLynk,membrane,tdmChilada(membrane),membrane,tdmChilada(membrane),sheet
/clusterfs/vast/abcabc/Aang_Foundation/20250912_mem-mito/fish3_72hpf_roi10,20250912-plate84-slot3-roi2,20250912.0,84.0,3.0,2.0,20250912_mem-mito,20250912_mem-mito,fish3,3.0,72.0,,300,20250912_mem-mito,2025-09-12,2025-09-12,pDQM082,315,,,tdmChilada,2xLynk,membrane,tdmChilada(membrane),membrane,tdmChilada(membrane),sheet
/clusterfs/vast/abcabc/Aang_Foundation/20250912_mem-mito/fish3_72hpf_roi11,20250912-plate84-slot3-roi3,20250912.0,84.0,3.0,3.0,20250912_mem-mito,20250912_mem-mito,fish3,3.0,72.0,,400,20250912_mem-mito,2025-09-12,2025-09-12,pDQM082,315,,,tdmChilada,2xLynk,membrane,tdmChilada(membrane),membrane,tdmChilada(membrane),sheet
/clusterfs/vast/abcabc/Aang_Foundation/20250912_mem-mito/fish3_72hpf_roi12,20250912-plate84-slot3-roi4,20250912.0,84.0,3.0,4.0,20250912_mem-mito,20250912_mem-mito,fish3,3.0,72.0,,400,20250912_mem-mito,2025-09-12,2025-09-12,pDQM082,315,,,tdmChilada,2xLynk,membrane,tdmChilada(membrane),membrane,tdmChilada(membrane),sheet
/clusterfs/vast/abcabc/Aang_Foundation/20250912_mem-mito/fish3_72hpf_roi2,20250912-plate84-slot3-roi5,20250912.0,84.0,3.0,5.0,20250912_mem-mito,20250912_mem-mito,fish3,3.0,72.0,,350,20250912_mem-mito,2025-09-12,2025-09-12,pDQM082,315,,,tdmChilada,2xLynk,membrane,tdmChilada(membrane),membrane,tdmChilada(membrane),sheet
/clusterfs/vast/abcabc/Aang_Foundation/20250912_mem-mito/fish3_72hpf_roi3,20250912-plate84-slot3-roi6,20250912.0,84.0,3.0,6.0,20250912_mem-mito,20250912_mem-mito,fish3,3.0,72.0,,400,20250912_mem-mito,2025-09-12,2025-09-12,pDQM082,315,,,tdmChilada,2xLynk,membrane,tdmChilada(membrane),membrane,tdmChilada(membrane),sheet
/clusterfs/vast/abcabc/Aang_Foundation/20250912_mem-mito/fish3_72hpf_roi4,20250912-plate84-slot3-roi7,20250912.0,84.0,3.0,7.0,20250912_mem-mito,20250912_mem-mito,fish3,3.0,72.0,,400,20250912_mem-mito,2025-09-12,2025-09-12,pDQM082,315,,,tdmChilada,2xLynk,membrane,tdmChilada(membrane),membrane,tdmChilada(membrane),sheet
/clusterfs/vast/abcabc/Aang_Foundation/20250912_mem-mito/fish3_72hpf_roi5,20250912-plate84-slot3-roi8,20250912.0,84.0,3.0,8.0,20250912_mem-mito,20250912_mem-mito,fish3,3.0,72.0,,400,20250912_mem-mito,2025-09-12,2025-09-12,pDQM082,315,,,tdmChilada,2xLynk,membrane,tdmChilada(membrane),membrane,tdmChilada(membrane),sheet
/clusterfs/vast/abcabc/Aang_Foundation/20250912_mem-mito/fish3_72hpf_roi6,20250912-plate84-slot3-roi9,20250912.0,84.0,3.0,9.0,20250912_mem-mito,20250912_mem-mito,fish3,3.0,72.0,,400,20250912_mem-mito,2025-09-12,2025-09-12,pDQM082,315,,,tdmChilada,2xLynk,membrane,tdmChilada(membrane),membrane,tdmChilada(membrane),sheet
/clusterfs/vast/abcabc/Aang_Foundation/20250912_mem-mito/fish3_72hpf_roi7,20250912-plate84-slot3-roi10,20250912.0,84.0,3.0,10.0,20250912_mem-mito,20250912_mem-mito,fish3,3.0,72.0,,400,20250912_mem-mito,2025-09-12,2025-09-12,pDQM082,315,,,tdmChilada,2xLynk,membrane,tdmChilada(membrane),membrane,tdmChilada(membrane),sheet
/clusterfs/vast/abcabc/Aang_Foundation/20250912_mem-mito/fish3_72hpf_roi8,20250912-plate84-slot3-roi11,20250912.0,84.0,3.0,11.0,20250912_mem-mito,20250912_mem-mito,fish3,3.0,72.0,,400,20250912_mem-mito,2025-09-12,2025-09-12,pDQM082,315,,,tdmChilada,2xLynk,membrane,tdmChilada(membrane),membrane,tdmChilada(membrane),sheet
/clusterfs/vast/abcabc/Aang_Foundation/20250912_mem-mito/fish3_72hpf_roi9,20250912-plate84-slot3-roi12,20250912.0,84.0,3.0,12.0,20250912_mem-mito,20250912_mem-mito,fish3,3.0,72.0,,350,20250912_mem-mito,2025-09-12,2025-09-12,pDQM082,315,,,tdmChilada,2xLynk,membrane,tdmChilada(membrane),membrane,tdmChilada(membrane),sheet
/clusterfs/vast/abcabc/Aang_Foundation/20250912_mem-mito/fish4_72hpf_roi1,20250912-plate84-slot4-roi1,20250912.0,84.0,4.0,1.0,20250912_mem-mito,20250912_mem-mito,fish4,4.0,72.0,,400,20250912_mem-mito,2025-09-12,2025-09-12,pDQM082,315,,,tdmChilada,2xLynk,membrane,tdmChilada(membrane),membrane,tdmChilada(membrane),sheet
/clusterfs/vast/abcabc/Aang_Foundation/20250912_mem-mito/fish4_72hpf_roi2,20250912-plate84-slot4-roi2,20250912.0,84.0,4.0,2.0,20250912_mem-mito,20250912_mem-mito,fish4,4.0,72.0,,300,20250912_mem-mito,2025-09-12,2025-09-12,pDQM082,315,,,tdmChilada,2xLynk,membrane,tdmChilada(membrane),membrane,tdmChilada(membrane),sheet
/clusterfs/vast/abcabc/Aang_Foundation/20250912_mem-mito/fish4_72hpf_roi3,20250912-plate84-slot4-roi3,20250912.0,84.0,4.0,3.0,20250912_mem-mito,20250912_mem-mito,fish4,4.0,72.0,,200,20250912_mem-mito,2025-09-12,2025-09-12,pDQM082,315,,,tdmChilada,2xLynk,membrane,tdmChilada(membrane),membrane,tdmChilada(membrane),sheet
/clusterfs/vast/abcabc/Aang_Foundation/20250912_mem-mito/fish4_72hpf_roi4,20250912-plate84-slot4-roi4,20250912.0,84.0,4.0,4.0,20250912_mem-mito,20250912_mem-mito,fish4,4.0,72.0,,200,20250912_mem-mito,2025-09-12,2025-09-12,pDQM082,315,,,tdmChilada,2xLynk,membrane,tdmChilada(membrane),membrane,tdmChilada(membrane),sheet
/clusterfs/vast/abcabc/Aang_Foundation/20250912_mem-mito/fish4_72hpf_roi5,20250912-plate84-slot4-roi5,20250912.0,84.0,4.0,5.0,20250912_mem-mito,20250912_mem-mito,fish4,4.0,72.0,,300,20250912_mem-mito,2025-09-12,2025-09-12,pDQM082,315,,,tdmChilada,2xLynk,membrane,tdmChilada(membrane),membrane,tdmChilada(membrane),sheet
/clusterfs/vast/abcabc/Aang_Foundation/20250912_mem-mito/fish4_72hpf_roi6,20250912-plate84-slot4-roi6,20250912.0,84.0,4.0,6.0,20250912_mem-mito,20250912_mem-mito,fish4,4.0,72.0,,350,20250912_mem-mito,2025-09-12,2025-09-12,pDQM082,315,,,tdmChilada,2xLynk,membrane,tdmChilada(membrane),membrane,tdmChilada(membrane),sheet
/clusterfs/vast/abcabc/Aang_Foundation/20250915_mem-mito/fish1_72hpf_roi1,20250915-plate85-slot1-roi1,20250915.0,85.0,1.0,1.0,20250915_mem-mito,20250915_mem-mito,fish1,1.0,72.0,,250,20250915_mem-mito,2025-09-15,2025-09-15,pSWIN05,is05,,,,,,,,,sheet
/clusterfs/vast/abcabc/Aang_Foundation/20250915_mem-mito/fish1_72hpf_roi2,20250915-plate85-slot1-roi2,20250915.0,85.0,1.0,2.0,20250915_mem-mito,20250915_mem-mito,fish1,1.0,72.0,,250,20250915_mem-mito,2025-09-15,2025-09-15,pSWIN05,is05,,,,,,,,,sheet
/clusterfs/vast/abcabc/Aang_Foundation/20250915_mem-mito/fish1_72hpf_roi3,20250915-plate85-slot1-roi3,20250915.0,85.0,1.0,3.0,20250915_mem-mito,20250915_mem-mito,fish1,1.0,72.0,,200,20250915_mem-mito,2025-09-15,2025-09-15,pSWIN05,is05,,,,,,,,,sheet
/clusterfs/vast/abcabc/Aang_Foundation/20250915_mem-mito/fish1_72hpf_roi4,20250915-plate85-slot1-roi4,20250915.0,85.0,1.0,4.0,20250915_mem-mito,20250915_mem-mito,fish1,1.0,72.0,,350,20250915_mem-mito,2025-09-15,2025-09-15,pSWIN05,is05,,,,,,,,,sheet
/clusterfs/vast/abcabc/Aang_Foundation/20250915_mem-mito/fish1_72hpf_roi5,20250915-plate85-slot1-roi5,20250915.0,85.0,1.0,5.0,20250915_mem-mito,20250915_mem-mito,fish1,1.0,72.0,,200,20250915_mem-mito,2025-09-15,2025-09-15,pSWIN05,is05,,,,,,,,,sheet
/clusterfs/vast/abcabc/Aang_Foundation/20250915_mem-mito/fish2_72hpf_roi1,20250915-plate85-slot2-roi1,20250915.0,85.0,2.0,1.0,20250915_mem-mito,20250915_mem-mito,fish2,2.0,72.0,,350,20250915_mem-mito,2025-09-15,2025-09-15,pSWIN05,is05,,,,,,,,,sheet
/clusterfs/vast/abcabc/Aang_Foundation/20250915_mem-mito/fish2_72hpf_roi2,20250915-plate85-slot2-roi2,20250915.0,85.0,2.0,2.0,20250915_mem-mito,20250915_mem-mito,fish2,2.0,72.0,,250,20250915_mem-mito,2025-09-15,2025-09-15,pSWIN05,is05,,,,,,,,,sheet
/clusterfs/vast/abcabc/Aang_Foundation/20250915_mem-mito/fish2_72hpf_roi3,20250915-plate85-slot2-roi3,20250915.0,85.0,2.0,3.0,20250915_mem-mito,20250915_mem-mito,fish2,2.0,72.0,,200,20250915_mem-mito,2025-09-15,2025-09-15,pSWIN05,is05,,,,,,,,,sheet
/clusterfs/vast/abcabc/Aang_Foundation/20250915_mem-mito/fish3_72hpf_roi1,20250915-plate85-slot3-roi1,20250915.0,85.0,3.0,1.0,20250915_mem-mito,20250915_mem-mito,fish3,3.0,72.0,,250,20250915_mem-mito,2025-09-15,2025-09-15,pSWIN05,is05,,,,,,,,,sheet
/clusterfs/vast/abcabc/Aang_Foundation/20250915_mem-mito/fish3_72hpf_roi2,20250915-plate85-slot3-roi2,20250915.0,85.0,3.0,2.0,20250915_mem-mito,20250915_mem-mito,fish3,3.0,72.0,,400,20250915_mem-mito,2025-09-15,2025-09-15,pSWIN05,is05,,,,,,,,,sheet
/clusterfs/vast/abcabc/Aang_Foundation/20250915_mem-mito/fish3_72hpf_roi3,20250915-plate85-slot3-roi3,20250915.0,85.0,3.0,3.0,20250915_mem-mito,20250915_mem-mito,fish3,3.0,72.0,,300,20250915_mem-mito,2025-09-15,2025-09-15,pSWIN05,is05,,,,,,,,,sheet
/clusterfs/vast/abcabc/Aang_Foundation/20250915_mem-mito/fish3_72hpf_roi4,20250915-plate85-slot3-roi4,20250915.0,85.0,3.0,4.0,20250915_mem-mito,20250915_mem-mito,fish3,3.0,72.0,,400,20250915_mem-mito,2025-09-15,2025-09-15,pSWIN05,is05,,,,,,,,,sheet
/clusterfs/vast/abcabc/Aang_Foundation/20250915_mem-mito/fish3_72hpf_roi5,20250915-plate85-slot3-roi5,20250915.0,85.0,3.0,5.0,20250915_mem-mito,20250915_mem-mito,fish3,3.0,72.0,,250,20250915_mem-mito,2025-09-15,2025-09-15,pSWIN05,is05,,,,,,,,,sheet
/clusterfs/vast/abcabc/Aang_Foundation/20250915_mem-mito/fish3_72hpf_roi6,20250915-plate85-slot3-roi6,20250915.0,85.0,3.0,6.0,20250915_mem-mito,20250915_mem-mito,fish3,3.0,72.0,,400,20250915_mem-mito,2025-09-15,2025-09-15,pSWIN05,is05,,,,,,,,,sheet
/clusterfs/vast/abcabc/Aang_Foundation/20250915_mem-mito/fish3_72hpf_roi7,20250915-plate85-slot3-roi7,20250915.0,85.0,3.0,7.0,20250915_mem-mito,20250915_mem-mito,fish3,3.0,72.0,,200,20250915_mem-mito,2025-09-15,2025-09-15,pSWIN05,is05,,,,,,,,,sheet
/clusterfs/vast/abcabc/Aang_Foundation/20250915_mem-mito/fish5_72hpf_roi1,20250915-plate85-slot4-roi1,20250915.0,85.0,4.0,1.0,20250915_mem-mito,20250915_mem-mito,fish5,5.0,72.0,,200,20250915_mem-mito,2025-09-15,2025-09-15,pSWIN05,is05,,,,,,,,,sheet
/clusterfs/vast/abcabc/Aang_Foundation/20250915_mem-mito/fish5_72hpf_roi2,20250915-plate85-slot4-roi2,20250915.0,85.0,4.0,2.0,20250915_mem-mito,20250915_mem-mito,fish5,5.0,72.0,,300,20250915_mem-mito,2025-09-15,2025-09-15,pSWIN05,is05,,,,,,,,,sheet
/clusterfs/vast/abcabc/Aang_Foundation/20250915_mem-mito/fish5_72hpf_roi3,20250915-plate85-slot4-roi3,20250915.0,85.0,4.0,3.0,20250915_mem-mito,20250915_mem-mito,fish5,5.0,72.0,,350,20250915_mem-mito,2025-09-15,2025-09-15,pSWIN05,is05,,,,,,,,,sheet
/clusterfs/vast/abcabc/Aang_Foundation/20250917_mem-mito/fish1_48hpf_roi1,20250917-plate86-slot1-roi1,20250917.0,86.0,1.0,1.0,20250917_mem-mito,20250917_mem-mito,fish1,1.0,48.0,,300,20250917_mem-mito,,,pDQM082,315,,,,,,,,,unmatched
/clusterfs/vast/abcabc/Aang_Foundation/20250917_mem-mito/fish1_48hpf_roi2,20250917-plate86-slot1-roi2,20250917.0,86.0,1.0,2.0,20250917_mem-mito,20250917_mem-mito,fish1,1.0,48.0,,200,20250917_mem-mito,,,pDQM082,315,,,,,,,,,unmatched
/clusterfs/vast/abcabc/Aang_Foundation/20250917_mem-mito/fish2_48hpf_roi1,20250917-plate86-slot2-roi1,20250917.0,86.0,2.0,1.0,20250917_mem-mito,20250917_mem-mito,fish2,2.0,48.0,,300,20250917_mem-mito,,,pDQM082,315,,,,,,,,,unmatched
/clusterfs/vast/abcabc/Aang_Foundation/20250917_mem-mito/fish2_48hpf_roi2,20250917-plate86-slot2-roi2,20250917.0,86.0,2.0,2.0,20250917_mem-mito,20250917_mem-mito,fish2,2.0,48.0,,250,20250917_mem-mito,,,pDQM082,315,,,,,,,,,unmatched
/clusterfs/vast/abcabc/Aang_Foundation/20250917_mem-mito/fish3_48hpf_roi1,20250917-plate86-slot3-roi1,20250917.0,86.0,3.0,1.0,20250917_mem-mito,20250917_mem-mito,fish3,3.0,48.0,,400,20250917_mem-mito,,,pDQM082,315,,,,,,,,,unmatched
/clusterfs/vast/abcabc/Aang_Foundation/20250917_mem-mito/fish3_48hpf_roi2,20250917-plate86-slot3-roi2,20250917.0,86.0,3.0,2.0,20250917_mem-mito,20250917_mem-mito,fish3,3.0,48.0,,400,20250917_mem-mito,,,pDQM082,315,,,,,,,,,unmatched
/clusterfs/vast/abcabc/Aang_Foundation/20250917_mem-mito/fish3_48hpf_roi3,20250917-plate86-slot3-roi3,20250917.0,86.0,3.0,3.0,20250917_mem-mito,20250917_mem-mito,fish3,3.0,48.0,,350,20250917_mem-mito,,,pDQM082,315,,,,,,,,,unmatched
/clusterfs/vast/abcabc/Aang_Foundation/20250917_mem-mito/fish3_48hpf_roi4,20250917-plate86-slot3-roi4,20250917.0,86.0,3.0,4.0,20250917_mem-mito,20250917_mem-mito,fish3,3.0,48.0,,300,20250917_mem-mito,,,pDQM082,315,,,,,,,,,unmatched
/clusterfs/vast/abcabc/Aang_Foundation/20250917_mem-mito/fish4_48hpf_roi1,20250917-plate86-slot4-roi1,20250917.0,86.0,4.0,1.0,20250917_mem-mito,20250917_mem-mito,fish4,4.0,48.0,,250,20250917_mem-mito,,,pDQM082,315,,,,,,,,,unmatched
/clusterfs/vast/abcabc/Aang_Foundation/20250917_mem-mito/fish4_48hpf_roi2,20250917-plate86-slot4-roi2,20250917.0,86.0,4.0,2.0,20250917_mem-mito,20250917_mem-mito,fish4,4.0,48.0,,250,20250917_mem-mito,,,pDQM082,315,,,,,,,,,unmatched
/clusterfs/vast/abcabc/Aang_Foundation/20250917_mem-mito/fish4_48hpf_roi3,20250917-plate86-slot4-roi3,20250917.0,86.0,4.0,3.0,20250917_mem-mito,20250917_mem-mito,fish4,4.0,48.0,,300,20250917_mem-mito,,,pDQM082,315,,,,,,,,,unmatched
/clusterfs/vast/abcabc/Aang_Foundation/20250917_mem-mito/fish4_48hpf_roi4,20250917-plate86-slot4-roi4,20250917.0,86.0,4.0,4.0,20250917_mem-mito,20250917_mem-mito,fish4,4.0,48.0,,200,20250917_mem-mito,,,pDQM082,315,,,,,,,,,unmatched
/clusterfs/vast/abcabc/Aang_Foundation/20250917_mem-mito/fish4_48hpf_roi5,20250917-plate86-slot4-roi5,20250917.0,86.0,4.0,5.0,20250917_mem-mito,20250917_mem-mito,fish4,4.0,48.0,,400,20250917_mem-mito,,,pDQM082,315,,,,,,,,,unmatched
/clusterfs/vast/abcabc/Aang_Foundation/20250917_mem-mito/fish4_48hpf_roi6,20250917-plate86-slot4-roi6,20250917.0,86.0,4.0,6.0,20250917_mem-mito,20250917_mem-mito,fish4,4.0,48.0,,400,20250917_mem-mito,,,pDQM082,315,,,,,,,,,unmatched
/clusterfs/vast/abcabc/Aang_Foundation/20250917_mem-mito/fish5_48hpf_roi1,20250917-plate86-slot5-roi1,20250917.0,86.0,5.0,1.0,20250917_mem-mito,20250917_mem-mito,fish5,5.0,48.0,,300,20250917_mem-mito,,,pDQM082,315,,,,,,,,,unmatched
/clusterfs/vast/abcabc/Aang_Foundation/20250917_mem-mito/fish5_48hpf_roi2,20250917-plate86-slot5-roi2,20250917.0,86.0,5.0,2.0,20250917_mem-mito,20250917_mem-mito,fish5,5.0,48.0,,150,20250917_mem-mito,,,pDQM082,315,,,,,,,,,unmatched
/clusterfs/vast/abcabc/Aang_Foundation/20250917_mem-mito/fish5_48hpf_roi3,20250917-plate86-slot5-roi3,20250917.0,86.0,5.0,3.0,20250917_mem-mito,20250917_mem-mito,fish5,5.0,48.0,,150,20250917_mem-mito,,,pDQM082,315,,,,,,,,,unmatched
/clusterfs/vast/abcabc/Aang_Foundation/20250917_mem-mito/fish5_48hpf_roi4,20250917-plate86-slot5-roi4,20250917.0,86.0,5.0,4.0,20250917_mem-mito,20250917_mem-mito,fish5,5.0,48.0,,400,20250917_mem-mito,,,pDQM082,315,,,,,,,,,unmatched
/clusterfs/vast/abcabc/Aang_Foundation/20250917_mem-mito/fish5_48hpf_roi5,20250917-plate86-slot5-roi5,20250917.0,86.0,5.0,5.0,20250917_mem-mito,20250917_mem-mito,fish5,5.0,48.0,,200,20250917_mem-mito,,,pDQM082,315,,,,,,,,,unmatched
/clusterfs/vast/abcabc/Aang_Foundation/20250917_mem-mito/fish6_48hpf_roi1,20250917-plate86-slot6-roi1,20250917.0,86.0,6.0,1.0,20250917_mem-mito,20250917_mem-mito,fish6,6.0,48.0,,400,20250917_mem-mito,,,pDQM082,315,,,,,,,,,unmatched
/clusterfs/vast/abcabc/Aang_Foundation/20250917_mem-mito/fish6_48hpf_roi2,20250917-plate86-slot6-roi2,20250917.0,86.0,6.0,2.0,20250917_mem-mito,20250917_mem-mito,fish6,6.0,48.0,,350,20250917_mem-mito,,,pDQM082,315,,,,,,,,,unmatched
/clusterfs/vast/abcabc/Aang_Foundation/20250918_mem-mito/fish1_72hpf_roi1,20250918-plate87-slot1-roi1,20250918.0,87.0,1.0,1.0,20250918_mem-mito,20250918_mem-mito,fish1,1.0,72.0,,400,20250918_mem-mito,2025-09-18,2025-09-18,pDQM082,315,,,tdmChilada,2xLynk,membrane,tdmChilada(membrane),membrane,tdmChilada(membrane),sheet
/clusterfs/vast/abcabc/Aang_Foundation/20250918_mem-mito/fish1_72hpf_roi2,20250918-plate87-slot1-roi2,20250918.0,87.0,1.0,2.0,20250918_mem-mito,20250918_mem-mito,fish1,1.0,72.0,,350,20250918_mem-mito,2025-09-18,2025-09-18,pDQM082,315,,,tdmChilada,2xLynk,membrane,tdmChilada(membrane),membrane,tdmChilada(membrane),sheet
/clusterfs/vast/abcabc/Aang_Foundation/20250918_mem-mito/fish1_72hpf_roi3,20250918-plate87-slot1-roi3,20250918.0,87.0,1.0,3.0,20250918_mem-mito,20250918_mem-mito,fish1,1.0,72.0,,350,20250918_mem-mito,2025-09-18,2025-09-18,pDQM082,315,,,tdmChilada,2xLynk,membrane,tdmChilada(membrane),membrane,tdmChilada(membrane),sheet
/clusterfs/vast/abcabc/Aang_Foundation/20250918_mem-mito/fish1_72hpf_roi4,20250918-plate87-slot1-roi4,20250918.0,87.0,1.0,4.0,20250918_mem-mito,20250918_mem-mito,fish1,1.0,72.0,,250,20250918_mem-mito,2025-09-18,2025-09-18,pDQM082,315,,,tdmChilada,2xLynk,membrane,tdmChilada(membrane),membrane,tdmChilada(membrane),sheet
/clusterfs/vast/abcabc/Aang_Foundation/20250918_mem-mito/fish1_72hpf_roi5,20250918-plate87-slot1-roi5,20250918.0,87.0,1.0,5.0,20250918_mem-mito,20250918_mem-mito,fish1,1.0,72.0,,200,20250918_mem-mito,2025-09-18,2025-09-18,pDQM082,315,,,tdmChilada,2xLynk,membrane,tdmChilada(membrane),membrane,tdmChilada(membrane),sheet
/clusterfs/vast/abcabc/Aang_Foundation/20250918_mem-mito/fish1_72hpf_roi6,20250918-plate87-slot1-roi6,20250918.0,87.0,1.0,6.0,20250918_mem-mito,20250918_mem-mito,fish1,1.0,72.0,,400,20250918_mem-mito,2025-09-18,2025-09-18,pDQM082,315,,,tdmChilada,2xLynk,membrane,tdmChilada(membrane),membrane,tdmChilada(membrane),sheet
/clusterfs/vast/abcabc/Aang_Foundation/20250918_mem-mito/fish2_72hpf_roi1,20250918-plate87-slot2-roi1,20250918.0,87.0,2.0,1.0,20250918_mem-mito,20250918_mem-mito,fish2,2.0,72.0,,350,20250918_mem-mito,2025-09-18,2025-09-18,pDQM082,315,,,tdmChilada,2xLynk,membrane,tdmChilada(membrane),membrane,tdmChilada(membrane),sheet
/clusterfs/vast/abcabc/Aang_Foundation/20250918_mem-mito/fish2_72hpf_roi2,20250918-plate87-slot2-roi2,20250918.0,87.0,2.0,2.0,20250918_mem-mito,20250918_mem-mito,fish2,2.0,72.0,,350,20250918_mem-mito,2025-09-18,2025-09-18,pDQM082,315,,,tdmChilada,2xLynk,membrane,tdmChilada(membrane),membrane,tdmChilada(membrane),sheet
/clusterfs/vast/abcabc/Aang_Foundation/20250918_mem-mito/fish2_72hpf_roi3,20250918-plate87-slot2-roi3,20250918.0,87.0,2.0,3.0,20250918_mem-mito,20250918_mem-mito,fish2,2.0,72.0,,250,20250918_mem-mito,2025-09-18,2025-09-18,pDQM082,315,,,tdmChilada,2xLynk,membrane,tdmChilada(membrane),membrane,tdmChilada(membrane),sheet
/clusterfs/vast/abcabc/Aang_Foundation/20250918_mem-mito/fish2_72hpf_roi4,20250918-plate87-slot2-roi4,20250918.0,87.0,2.0,4.0,20250918_mem-mito,20250918_mem-mito,fish2,2.0,72.0,,300,20250918_mem-mito,2025-09-18,2025-09-18,pDQM082,315,,,tdmChilada,2xLynk,membrane,tdmChilada(membrane),membrane,tdmChilada(membrane),sheet
/clusterfs/vast/abcabc/Aang_Foundation/20250918_mem-mito/fish3_72hpf_roi1,20250918-plate87-slot3-roi1,20250918.0,87.0,3.0,1.0,20250918_mem-mito,20250918_mem-mito,fish3,3.0,72.0,,400,20250918_mem-mito,2025-09-18,2025-09-18,pDQM082,315,,,tdmChilada,2xLynk,membrane,tdmChilada(membrane),membrane,tdmChilada(membrane),sheet
/clusterfs/vast/abcabc/Aang_Foundation/20250918_mem-mito/fish3_72hpf_roi10,20250918-plate87-slot3-roi2,20250918.0,87.0,3.0,2.0,20250918_mem-mito,20250918_mem-mito,fish3,3.0,72.0,,400,20250918_mem-mito,2025-09-18,2025-09-18,pDQM082,315,,,tdmChilada,2xLynk,membrane,tdmChilada(membrane),membrane,tdmChilada(membrane),sheet
/clusterfs/vast/abcabc/Aang_Foundation/20250918_mem-mito/fish3_72hpf_roi11,20250918-plate87-slot3-roi3,20250918.0,87.0,3.0,3.0,20250918_mem-mito,20250918_mem-mito,fish3,3.0,72.0,,400,20250918_mem-mito,2025-09-18,2025-09-18,pDQM082,315,,,tdmChilada,2xLynk,membrane,tdmChilada(membrane),membrane,tdmChilada(membrane),sheet
/clusterfs/vast/abcabc/Aang_Foundation/20250918_mem-mito/fish3_72hpf_roi2,20250918-plate87-slot3-roi4,20250918.0,87.0,3.0,4.0,20250918_mem-mito,20250918_mem-mito,fish3,3.0,72.0,,200,20250918_mem-mito,2025-09-18,2025-09-18,pDQM082,315,,,tdmChilada,2xLynk,membrane,tdmChilada(membrane),membrane,tdmChilada(membrane),sheet
/clusterfs/vast/abcabc/Aang_Foundation/20250918_mem-mito/fish3_72hpf_roi3,20250918-plate87-slot3-roi5,20250918.0,87.0,3.0,5.0,20250918_mem-mito,20250918_mem-mito,fish3,3.0,72.0,,300,20250918_mem-mito,2025-09-18,2025-09-18,pDQM082,315,,,tdmChilada,2xLynk,membrane,tdmChilada(membrane),membrane,tdmChilada(membrane),sheet
/clusterfs/vast/abcabc/Aang_Foundation/20250918_mem-mito/fish3_72hpf_roi4,20250918-plate87-slot3-roi6,20250918.0,87.0,3.0,6.0,20250918_mem-mito,20250918_mem-mito,fish3,3.0,72.0,,200,20250918_mem-mito,2025-09-18,2025-09-18,pDQM082,315,,,tdmChilada,2xLynk,membrane,tdmChilada(membrane),membrane,tdmChilada(membrane),sheet
/clusterfs/vast/abcabc/Aang_Foundation/20250918_mem-mito/fish3_72hpf_roi5,20250918-plate87-slot3-roi7,20250918.0,87.0,3.0,7.0,20250918_mem-mito,20250918_mem-mito,fish3,3.0,72.0,,400,20250918_mem-mito,2025-09-18,2025-09-18,pDQM082,315,,,tdmChilada,2xLynk,membrane,tdmChilada(membrane),membrane,tdmChilada(membrane),sheet
/clusterfs/vast/abcabc/Aang_Foundation/20250918_mem-mito/fish3_72hpf_roi6,20250918-plate87-slot3-roi8,20250918.0,87.0,3.0,8.0,20250918_mem-mito,20250918_mem-mito,fish3,3.0,72.0,,250,20250918_mem-mito,2025-09-18,2025-09-18,pDQM082,315,,,tdmChilada,2xLynk,membrane,tdmChilada(membrane),membrane,tdmChilada(membrane),sheet
/clusterfs/vast/abcabc/Aang_Foundation/20250918_mem-mito/fish3_72hpf_roi7,20250918-plate87-slot3-roi9,20250918.0,87.0,3.0,9.0,20250918_mem-mito,20250918_mem-mito,fish3,3.0,72.0,,400,20250918_mem-mito,2025-09-18,2025-09-18,pDQM082,315,,,tdmChilada,2xLynk,membrane,tdmChilada(membrane),membrane,tdmChilada(membrane),sheet
/clusterfs/vast/abcabc/Aang_Foundation/20250918_mem-mito/fish3_72hpf_roi8,20250918-plate87-slot3-roi10,20250918.0,87.0,3.0,10.0,20250918_mem-mito,20250918_mem-mito,fish3,3.0,72.0,,350,20250918_mem-mito,2025-09-18,2025-09-18,pDQM082,315,,,tdmChilada,2xLynk,membrane,tdmChilada(membrane),membrane,tdmChilada(membrane),sheet
/clusterfs/vast/abcabc/Aang_Foundation/20250918_mem-mito/fish3_72hpf_roi9,20250918-plate87-slot3-roi11,20250918.0,87.0,3.0,11.0,20250918_mem-mito,20250918_mem-mito,fish3,3.0,72.0,,400,20250918_mem-mito,2025-09-18,2025-09-18,pDQM082,315,,,tdmChilada,2xLynk,membrane,tdmChilada(membrane),membrane,tdmChilada(membrane),sheet
/clusterfs/vast/abcabc/Aang_Foundation/20250918_mem-mito/fish5_72hpf_roi1,20250918-plate87-slot4-roi1,20250918.0,87.0,4.0,1.0,20250918_mem-mito,20250918_mem-mito,fish5,5.0,72.0,,400,20250918_mem-mito,2025-09-18,2025-09-18,pDQM082,315,,,tdmChilada,2xLynk,membrane,tdmChilada(membrane),membrane,tdmChilada(membrane),sheet
/clusterfs/vast/abcabc/Aang_Foundation/20250918_mem-mito/fish5_72hpf_roi2,20250918-plate87-slot4-roi2,20250918.0,87.0,4.0,2.0,20250918_mem-mito,20250918_mem-mito,fish5,5.0,72.0,,300,20250918_mem-mito,2025-09-18,2025-09-18,pDQM082,315,,,tdmChilada,2xLynk,membrane,tdmChilada(membrane),membrane,tdmChilada(membrane),sheet
/clusterfs/vast/abcabc/Aang_Foundation/20250918_mem-mito/fish5_72hpf_roi3,20250918-plate87-slot4-roi3,20250918.0,87.0,4.0,3.0,20250918_mem-mito,20250918_mem-mito,fish5,5.0,72.0,,250,20250918_mem-mito,2025-09-18,2025-09-18,pDQM082,315,,,tdmChilada,2xLynk,membrane,tdmChilada(membrane),membrane,tdmChilada(membrane),sheet
/clusterfs/vast/abcabc/Aang_Foundation/20250918_mem-mito/fish5_72hpf_roi4,20250918-plate87-slot4-roi4,20250918.0,87.0,4.0,4.0,20250918_mem-mito,20250918_mem-mito,fish5,5.0,72.0,,200,20250918_mem-mito,2025-09-18,2025-09-18,pDQM082,315,,,tdmChilada,2xLynk,membrane,tdmChilada(membrane),membrane,tdmChilada(membrane),sheet
/clusterfs/vast/abcabc/Aang_Foundation/20250918_mem-mito/fish6_72hpf_roi1,20250918-plate87-slot5-roi1,20250918.0,87.0,5.0,1.0,20250918_mem-mito,20250918_mem-mito,fish6,6.0,72.0,,400,20250918_mem-mito,2025-09-18,2025-09-18,pDQM082,315,,,tdmChilada,2xLynk,membrane,tdmChilada(membrane),membrane,tdmChilada(membrane),sheet
/clusterfs/vast/abcabc/Aang_Foundation/20250919_mem-mito/fish1_24hpf_roi1,20250919-plate88-slot1-roi1,20250919.0,88.0,1.0,1.0,20250919_mem-mito,20250919_mem-mito,fish1,1.0,24.0,,626,20250919_mem-mito,2025-09-19,2025-09-19,pDQM082,315,,,tdmChilada,2xLynk,membrane,tdmChilada(membrane),membrane,tdmChilada(membrane),sheet
/clusterfs/vast/abcabc/Aang_Foundation/20250919_mem-mito/fish1_24hpf_roi2,20250919-plate88-slot1-roi2,20250919.0,88.0,1.0,2.0,20250919_mem-mito,20250919_mem-mito,fish1,1.0,24.0,,528,20250919_mem-mito,2025-09-19,2025-09-19,pDQM082,315,,,tdmChilada,2xLynk,membrane,tdmChilada(membrane),membrane,tdmChilada(membrane),sheet
/clusterfs/vast/abcabc/Aang_Foundation/20250919_mem-mito/fish1_24hpf_roi3,20250919-plate88-slot1-roi3,20250919.0,88.0,1.0,3.0,20250919_mem-mito,20250919_mem-mito,fish1,1.0,24.0,,462,20250919_mem-mito,2025-09-19,2025-09-19,pDQM082,315,,,tdmChilada,2xLynk,membrane,tdmChilada(membrane),membrane,tdmChilada(membrane),sheet
/clusterfs/vast/abcabc/Aang_Foundation/20250919_mem-mito/fish2_24hpf_roi1,20250919-plate88-slot2-roi1,20250919.0,88.0,2.0,1.0,20250919_mem-mito,20250919_mem-mito,fish2,2.0,24.0,,528,20250919_mem-mito,2025-09-19,2025-09-19,pDQM082,315,,,tdmChilada,2xLynk,membrane,tdmChilada(membrane),membrane,tdmChilada(membrane),sheet
/clusterfs/vast/abcabc/Aang_Foundation/20250919_mem-mito/fish2_24hpf_roi2,20250919-plate88-slot2-roi2,20250919.0,88.0,2.0,2.0,20250919_mem-mito,20250919_mem-mito,fish2,2.0,24.0,,462,20250919_mem-mito,2025-09-19,2025-09-19,pDQM082,315,,,tdmChilada,2xLynk,membrane,tdmChilada(membrane),membrane,tdmChilada(membrane),sheet
/clusterfs/vast/abcabc/Aang_Foundation/20250919_mem-mito/fish2_24hpf_roi3,20250919-plate88-slot2-roi3,20250919.0,88.0,2.0,3.0,20250919_mem-mito,20250919_mem-mito,fish2,2.0,24.0,,528,20250919_mem-mito,2025-09-19,2025-09-19,pDQM082,315,,,tdmChilada,2xLynk,membrane,tdmChilada(membrane),membrane,tdmChilada(membrane),sheet
/clusterfs/vast/abcabc/Aang_Foundation/20250919_mem-mito/fish4_24hpf_roi1,20250919-plate88-slot3-roi1,20250919.0,88.0,3.0,1.0,20250919_mem-mito,20250919_mem-mito,fish4,4.0,24.0,,528,20250919_mem-mito,2025-09-19,2025-09-19,pDQM082,315,,,tdmChilada,2xLynk,membrane,tdmChilada(membrane),membrane,tdmChilada(membrane),sheet
/clusterfs/vast/abcabc/Aang_Foundation/20250919_mem-mito/fish4_24hpf_roi2,20250919-plate88-slot3-roi2,20250919.0,88.0,3.0,2.0,20250919_mem-mito,20250919_mem-mito,fish4,4.0,24.0,,462,20250919_mem-mito,2025-09-19,2025-09-19,pDQM082,315,,,tdmChilada,2xLynk,membrane,tdmChilada(membrane),membrane,tdmChilada(membrane),sheet
/clusterfs/vast/abcabc/Aang_Foundation/20250919_mem-mito/fish4_24hpf_roi3,20250919-plate88-slot3-roi3,20250919.0,88.0,3.0,3.0,20250919_mem-mito,20250919_mem-mito,fish4,4.0,24.0,,330,20250919_mem-mito,2025-09-19,2025-09-19,pDQM082,315,,,tdmChilada,2xLynk,membrane,tdmChilada(membrane),membrane,tdmChilada(membrane),sheet
/clusterfs/vast/abcabc/Aang_Foundation/20250919_mem-mito/fish5_24hpf_roi1,20250919-plate88-slot4-roi1,20250919.0,88.0,4.0,1.0,20250919_mem-mito,20250919_mem-mito,fish5,5.0,24.0,,462,20250919_mem-mito,2025-09-19,2025-09-19,pDQM082,315,,,tdmChilada,2xLynk,membrane,tdmChilada(membrane),membrane,tdmChilada(membrane),sheet
/clusterfs/vast/abcabc/Aang_Foundation/20250919_mem-mito/fish5_24hpf_roi2,20250919-plate88-slot4-roi2,20250919.0,88.0,4.0,2.0,20250919_mem-mito,20250919_mem-mito,fish5,5.0,24.0,,528,20250919_mem-mito,2025-09-19,2025-09-19,pDQM082,315,,,tdmChilada,2xLynk,membrane,tdmChilada(membrane),membrane,tdmChilada(membrane),sheet
/clusterfs/vast/abcabc/Aang_Foundation/20250919_mem-mito/fish5_24hpf_roi3,20250919-plate88-slot4-roi3,20250919.0,88.0,4.0,3.0,20250919_mem-mito,20250919_mem-mito,fish5,5.0,24.0,,330,20250919_mem-mito,2025-09-19,2025-09-19,pDQM082,315,,,tdmChilada,2xLynk,membrane,tdmChilada(membrane),membrane,tdmChilada(membrane),sheet
/clusterfs/vast/abcabc/Aang_Foundation/20250919_mem-mito/fish5_24hpf_roi4,20250919-plate88-slot4-roi4,20250919.0,88.0,4.0,4.0,20250919_mem-mito,20250919_mem-mito,fish5,5.0,24.0,,330,20250919_mem-mito,2025-09-19,2025-09-19,pDQM082,315,,,tdmChilada,2xLynk,membrane,tdmChilada(membrane),membrane,tdmChilada(membrane),sheet
/clusterfs/vast/abcabc/Aang_Foundation/20250919_mem-mito/fish7_24hpf_roi1,20250919-plate88-slot5-roi1,20250919.0,88.0,5.0,1.0,20250919_mem-mito,20250919_mem-mito,fish7,7.0,24.0,,528,20250919_mem-mito,2025-09-19,2025-09-19,pDQM082,315,,,tdmChilada,2xLynk,membrane,tdmChilada(membrane),membrane,tdmChilada(membrane),sheet
/clusterfs/vast/abcabc/Aang_Foundation/20250919_mem-mito/fish7_24hpf_roi2,20250919-plate88-slot5-roi2,20250919.0,88.0,5.0,2.0,20250919_mem-mito,20250919_mem-mito,fish7,7.0,24.0,,462,20250919_mem-mito,2025-09-19,2025-09-19,pDQM082,315,,,tdmChilada,2xLynk,membrane,tdmChilada(membrane),membrane,tdmChilada(membrane),sheet
/clusterfs/vast/abcabc/Aang_Foundation/20250919_mem-mito/fish7_24hpf_roi3,20250919-plate88-slot5-roi3,20250919.0,88.0,5.0,3.0,20250919_mem-mito,20250919_mem-mito,fish7,7.0,24.0,,528,20250919_mem-mito,2025-09-19,2025-09-19,pDQM082,315,,,tdmChilada,2xLynk,membrane,tdmChilada(membrane),membrane,tdmChilada(membrane),sheet
/clusterfs/vast/abcabc/Aang_Foundation/20250919_mem-mito/fish7_24hpf_roi4,20250919-plate88-slot5-roi4,20250919.0,88.0,5.0,4.0,20250919_mem-mito,20250919_mem-mito,fish7,7.0,24.0,,330,20250919_mem-mito,2025-09-19,2025-09-19,pDQM082,315,,,tdmChilada,2xLynk,membrane,tdmChilada(membrane),membrane,tdmChilada(membrane),sheet
/clusterfs/vast/abcabc/Aang_Foundation/20250919_mem-mito/fish7_24hpf_roi5,20250919-plate88-slot5-roi5,20250919.0,88.0,5.0,5.0,20250919_mem-mito,20250919_mem-mito,fish7,7.0,24.0,,264,20250919_mem-mito,2025-09-19,2025-09-19,pDQM082,315,,,tdmChilada,2xLynk,membrane,tdmChilada(membrane),membrane,tdmChilada(membrane),sheet
/clusterfs/vast/abcabc/Aang_Foundation/20250919_mem-mito/fish8_24hpf_roi1,20250919-plate88-slot6-roi1,20250919.0,88.0,6.0,1.0,20250919_mem-mito,20250919_mem-mito,fish8,8.0,24.0,,462,20250919_mem-mito,2025-09-19,2025-09-19,pDQM082,315,,,tdmChilada,2xLynk,membrane,tdmChilada(membrane),membrane,tdmChilada(membrane),sheet
/clusterfs/vast/abcabc/Aang_Foundation/20250919_mem-mito/fish8_24hpf_roi2,20250919-plate88-slot6-roi2,20250919.0,88.0,6.0,2.0,20250919_mem-mito,20250919_mem-mito,fish8,8.0,24.0,,462,20250919_mem-mito,2025-09-19,2025-09-19,pDQM082,315,,,tdmChilada,2xLynk,membrane,tdmChilada(membrane),membrane,tdmChilada(membrane),sheet
/clusterfs/vast/abcabc/Aang_Foundation/20250919_mem-mito/fish8_24hpf_roi3,20250919-plate88-slot6-roi3,20250919.0,88.0,6.0,3.0,20250919_mem-mito,20250919_mem-mito,fish8,8.0,24.0,,330,20250919_mem-mito,2025-09-19,2025-09-19,pDQM082,315,,,tdmChilada,2xLynk,membrane,tdmChilada(membrane),membrane,tdmChilada(membrane),sheet
/clusterfs/vast/abcabc/Aang_Foundation/20250919_mem-mito/fish8_24hpf_roi4,20250919-plate88-slot6-roi4,20250919.0,88.0,6.0,4.0,20250919_mem-mito,20250919_mem-mito,fish8,8.0,24.0,,330,20250919_mem-mito,2025-09-19,2025-09-19,pDQM082,315,,,tdmChilada,2xLynk,membrane,tdmChilada(membrane),membrane,tdmChilada(membrane),sheet
/clusterfs/vast/abcabc/Aang_Foundation/20250919_mem-mito/fish8_24hpf_roi5,20250919-plate88-slot6-roi5,20250919.0,88.0,6.0,5.0,20250919_mem-mito,20250919_mem-mito,fish8,8.0,24.0,,396,20250919_mem-mito,2025-09-19,2025-09-19,pDQM082,315,,,tdmChilada,2xLynk,membrane,tdmChilada(membrane),membrane,tdmChilada(membrane),sheet
/clusterfs/vast/abcabc/Aang_Foundation/20250922_mem-mito/fish1_72hpf_roi1,20250922-plate89-slot1-roi1,20250922.0,89.0,1.0,1.0,20250922_mem-mito,20250922_mem-mito,fish1,1.0,72.0,,400,20250922_mem-mito,2025-09-22,2025-09-22,pDQM136,325,,,tdmScarlet3,2xLynk,membrane,tdmScarlet3(membrane),membrane,tdmScarlet3(membrane),sheet
/clusterfs/vast/abcabc/Aang_Foundation/20250922_mem-mito/fish1_72hpf_roi2,20250922-plate89-slot1-roi2,20250922.0,89.0,1.0,2.0,20250922_mem-mito,20250922_mem-mito,fish1,1.0,72.0,,400,20250922_mem-mito,2025-09-22,2025-09-22,pDQM136,325,,,tdmScarlet3,2xLynk,membrane,tdmScarlet3(membrane),membrane,tdmScarlet3(membrane),sheet
/clusterfs/vast/abcabc/Aang_Foundation/20250922_mem-mito/fish1_72hpf_roi3,20250922-plate89-slot1-roi3,20250922.0,89.0,1.0,3.0,20250922_mem-mito,20250922_mem-mito,fish1,1.0,72.0,,400,20250922_mem-mito,2025-09-22,2025-09-22,pDQM136,325,,,tdmScarlet3,2xLynk,membrane,tdmScarlet3(membrane),membrane,tdmScarlet3(membrane),sheet
/clusterfs/vast/abcabc/Aang_Foundation/20250922_mem-mito/fish1_72hpf_roi4,20250922-plate89-slot1-roi4,20250922.0,89.0,1.0,4.0,20250922_mem-mito,20250922_mem-mito,fish1,1.0,72.0,,400,20250922_mem-mito,2025-09-22,2025-09-22,pDQM136,325,,,tdmScarlet3,2xLynk,membrane,tdmScarlet3(membrane),membrane,tdmScarlet3(membrane),sheet
/clusterfs/vast/abcabc/Aang_Foundation/20250922_mem-mito/fish1_72hpf_roi5,20250922-plate89-slot1-roi5,20250922.0,89.0,1.0,5.0,20250922_mem-mito,20250922_mem-mito,fish1,1.0,72.0,,100,20250922_mem-mito,2025-09-22,2025-09-22,pDQM136,325,,,tdmScarlet3,2xLynk,membrane,tdmScarlet3(membrane),membrane,tdmScarlet3(membrane),sheet
/clusterfs/vast/abcabc/Aang_Foundation/20250922_mem-mito/fish1_72hpf_roi6,20250922-plate89-slot1-roi6,20250922.0,89.0,1.0,6.0,20250922_mem-mito,20250922_mem-mito,fish1,1.0,72.0,,400,20250922_mem-mito,2025-09-22,2025-09-22,pDQM136,325,,,tdmScarlet3,2xLynk,membrane,tdmScarlet3(membrane),membrane,tdmScarlet3(membrane),sheet
/clusterfs/vast/abcabc/Aang_Foundation/20250922_mem-mito/fish1_72hpf_roi7,20250922-plate89-slot1-roi7,20250922.0,89.0,1.0,7.0,20250922_mem-mito,20250922_mem-mito,fish1,1.0,72.0,,400,20250922_mem-mito,2025-09-22,2025-09-22,pDQM136,325,,,tdmScarlet3,2xLynk,membrane,tdmScarlet3(membrane),membrane,tdmScarlet3(membrane),sheet
/clusterfs/vast/abcabc/Aang_Foundation/20250922_mem-mito/fish1_72hpf_roi8,20250922-plate89-slot1-roi8,20250922.0,89.0,1.0,8.0,20250922_mem-mito,20250922_mem-mito,fish1,1.0,72.0,,400,20250922_mem-mito,2025-09-22,2025-09-22,pDQM136,325,,,tdmScarlet3,2xLynk,membrane,tdmScarlet3(membrane),membrane,tdmScarlet3(membrane),sheet
/clusterfs/vast/abcabc/Aang_Foundation/20250922_mem-mito/fish2_72hpf_roi1,20250922-plate89-slot2-roi1,20250922.0,89.0,2.0,1.0,20250922_mem-mito,20250922_mem-mito,fish2,2.0,72.0,,400,20250922_mem-mito,2025-09-22,2025-09-22,pDQM136,325,,,tdmScarlet3,2xLynk,membrane,tdmScarlet3(membrane),membrane,tdmScarlet3(membrane),sheet
/clusterfs/vast/abcabc/Aang_Foundation/20250922_mem-mito/fish2_72hpf_roi2,20250922-plate89-slot2-roi2,20250922.0,89.0,2.0,2.0,20250922_mem-mito,20250922_mem-mito,fish2,2.0,72.0,,400,20250922_mem-mito,2025-09-22,2025-09-22,pDQM136,325,,,tdmScarlet3,2xLynk,membrane,tdmScarlet3(membrane),membrane,tdmScarlet3(membrane),sheet
/clusterfs/vast/abcabc/Aang_Foundation/20250922_mem-mito/fish2_72hpf_roi3,20250922-plate89-slot2-roi3,20250922.0,89.0,2.0,3.0,20250922_mem-mito,20250922_mem-mito,fish2,2.0,72.0,,400,20250922_mem-mito,2025-09-22,2025-09-22,pDQM136,325,,,tdmScarlet3,2xLynk,membrane,tdmScarlet3(membrane),membrane,tdmScarlet3(membrane),sheet
/clusterfs/vast/abcabc/Aang_Foundation/20250922_mem-mito/fish2_72hpf_roi4,20250922-plate89-slot2-roi4,20250922.0,89.0,2.0,4.0,20250922_mem-mito,20250922_mem-mito,fish2,2.0,72.0,,400,20250922_mem-mito,2025-09-22,2025-09-22,pDQM136,325,,,tdmScarlet3,2xLynk,membrane,tdmScarlet3(membrane),membrane,tdmScarlet3(membrane),sheet
/clusterfs/vast/abcabc/Aang_Foundation/20250922_mem-mito/fish4_72hpf_roi1,20250922-plate89-slot3-roi1,20250922.0,89.0,3.0,1.0,20250922_mem-mito,20250922_mem-mito,fish4,4.0,72.0,,400,20250922_mem-mito,2025-09-22,2025-09-22,pDQM136,325,,,tdmScarlet3,2xLynk,membrane,tdmScarlet3(membrane),membrane,tdmScarlet3(membrane),sheet
/clusterfs/vast/abcabc/Aang_Foundation/20250922_mem-mito/fish5_72hpf_roi1,20250922-plate89-slot4-roi1,20250922.0,89.0,4.0,1.0,20250922_mem-mito,20250922_mem-mito,fish5,5.0,72.0,,400,20250922_mem-mito,2025-09-22,2025-09-22,pDQM136,325,,,tdmScarlet3,2xLynk,membrane,tdmScarlet3(membrane),membrane,tdmScarlet3(membrane),sheet
/clusterfs/vast/abcabc/Aang_Foundation/20250922_mem-mito/fish5_72hpf_roi2,20250922-plate89-slot4-roi2,20250922.0,89.0,4.0,2.0,20250922_mem-mito,20250922_mem-mito,fish5,5.0,72.0,,400,20250922_mem-mito,2025-09-22,2025-09-22,pDQM136,325,,,tdmScarlet3,2xLynk,membrane,tdmScarlet3(membrane),membrane,tdmScarlet3(membrane),sheet
/clusterfs/vast/abcabc/Aang_Foundation/20250922_mem-mito/fish5_72hpf_roi3,20250922-plate89-slot4-roi3,20250922.0,89.0,4.0,3.0,20250922_mem-mito,20250922_mem-mito,fish5,5.0,72.0,,400,20250922_mem-mito,2025-09-22,2025-09-22,pDQM136,325,,,tdmScarlet3,2xLynk,membrane,tdmScarlet3(membrane),membrane,tdmScarlet3(membrane),sheet
/clusterfs/vast/abcabc/Aang_Foundation/20250922_mem-mito/fish5_72hpf_roi4,20250922-plate89-slot4-roi4,20250922.0,89.0,4.0,4.0,20250922_mem-mito,20250922_mem-mito,fish5,5.0,72.0,,400,20250922_mem-mito,2025-09-22,2025-09-22,pDQM136,325,,,tdmScarlet3,2xLynk,membrane,tdmScarlet3(membrane),membrane,tdmScarlet3(membrane),sheet
/clusterfs/vast/abcabc/Aang_Foundation/20250924_mem-mito/fish1_24hpf_roi1,20250924-plate90-slot1-roi1,20250924.0,90.0,1.0,1.0,20250924_mem-mito,20250924_mem-mito,fish1,1.0,24.0,,528,20250924_mem-mito,2025-09-24,2025-09-24,pSWIN04,is04,,,,,,,,,sheet
/clusterfs/vast/abcabc/Aang_Foundation/20250924_mem-mito/fish1_24hpf_roi2,20250924-plate90-slot1-roi2,20250924.0,90.0,1.0,2.0,20250924_mem-mito,20250924_mem-mito,fish1,1.0,24.0,,528,20250924_mem-mito,2025-09-24,2025-09-24,pSWIN04,is04,,,,,,,,,sheet
/clusterfs/vast/abcabc/Aang_Foundation/20250924_mem-mito/fish1_24hpf_roi3,20250924-plate90-slot1-roi3,20250924.0,90.0,1.0,3.0,20250924_mem-mito,20250924_mem-mito,fish1,1.0,24.0,,528,20250924_mem-mito,2025-09-24,2025-09-24,pSWIN04,is04,,,,,,,,,sheet
/clusterfs/vast/abcabc/Aang_Foundation/20250924_mem-mito/fish1_24hpf_roi4,20250924-plate90-slot1-roi4,20250924.0,90.0,1.0,4.0,20250924_mem-mito,20250924_mem-mito,fish1,1.0,24.0,,400,20250924_mem-mito,2025-09-24,2025-09-24,pSWIN04,is04,,,,,,,,,sheet
/clusterfs/vast/abcabc/Aang_Foundation/20250924_mem-mito/fish1_24hpf_roi5,20250924-plate90-slot1-roi5,20250924.0,90.0,1.0,5.0,20250924_mem-mito,20250924_mem-mito,fish1,1.0,24.0,,1,20250924_mem-mito,2025-09-24,2025-09-24,pSWIN04,is04,,,,,,,,,sheet
/clusterfs/vast/abcabc/Aang_Foundation/20250924_mem-mito/fish1_24hpf_roi6,20250924-plate90-slot1-roi6,20250924.0,90.0,1.0,6.0,20250924_mem-mito,20250924_mem-mito,fish1,1.0,24.0,,12,20250924_mem-mito,2025-09-24,2025-09-24,pSWIN04,is04,,,,,,,,,sheet
/clusterfs/vast/abcabc/Aang_Foundation/20250924_mem-mito/fish2_24hpf_roi1,20250924-plate90-slot2-roi1,20250924.0,90.0,2.0,1.0,20250924_mem-mito,20250924_mem-mito,fish2,2.0,24.0,,400,20250924_mem-mito,2025-09-24,2025-09-24,pSWIN04,is04,,,,,,,,,sheet
/clusterfs/vast/abcabc/Aang_Foundation/20250924_mem-mito/fish2_24hpf_roi2,20250924-plate90-slot2-roi2,20250924.0,90.0,2.0,2.0,20250924_mem-mito,20250924_mem-mito,fish2,2.0,24.0,,400,20250924_mem-mito,2025-09-24,2025-09-24,pSWIN04,is04,,,,,,,,,sheet
/clusterfs/vast/abcabc/Aang_Foundation/20250924_mem-mito/fish3_24hpf_roi1,20250924-plate90-slot3-roi1,20250924.0,90.0,3.0,1.0,20250924_mem-mito,20250924_mem-mito,fish3,3.0,24.0,,800,20250924_mem-mito,2025-09-24,2025-09-24,pSWIN04,is04,,,,,,,,,sheet
/clusterfs/vast/abcabc/Aang_Foundation/20250924_mem-mito/fish3_24hpf_roi1_test,20250924-plate90-slot3-roi2,20250924.0,90.0,3.0,2.0,20250924_mem-mito,20250924_mem-mito,fish3,3.0,24.0,,4,20250924_mem-mito,2025-09-24,2025-09-24,pSWIN04,is04,,,,,,,,,sheet
/clusterfs/vast/abcabc/Aang_Foundation/20250924_mem-mito/fish3_24hpf_roi3,20250924-plate90-slot3-roi3,20250924.0,90.0,3.0,3.0,20250924_mem-mito,20250924_mem-mito,fish3,3.0,24.0,,400,20250924_mem-mito,2025-09-24,2025-09-24,pSWIN04,is04,,,,,,,,,sheet
/clusterfs/vast/abcabc/Aang_Foundation/20250924_mem-mito/fish3_24hpf_roi4,20250924-plate90-slot3-roi4,20250924.0,90.0,3.0,4.0,20250924_mem-mito,20250924_mem-mito,fish3,3.0,24.0,,400,20250924_mem-mito,2025-09-24,2025-09-24,pSWIN04,is04,,,,,,,,,sheet
/clusterfs/vast/abcabc/Aang_Foundation/20250924_mem-mito/fish3_24hpf_roi5,20250924-plate90-slot3-roi5,20250924.0,90.0,3.0,5.0,20250924_mem-mito,20250924_mem-mito,fish3,3.0,24.0,,400,20250924_mem-mito,2025-09-24,2025-09-24,pSWIN04,is04,,,,,,,,,sheet
/clusterfs/vast/abcabc/Aang_Foundation/20250924_mem-mito/fish3_24hpf_roi6,20250924-plate90-slot3-roi6,20250924.0,90.0,3.0,6.0,20250924_mem-mito,20250924_mem-mito,fish3,3.0,24.0,,400,20250924_mem-mito,2025-09-24,2025-09-24,pSWIN04,is04,,,,,,,,,sheet
/clusterfs/vast/abcabc/Aang_Foundation/20250924_mem-mito/fish3_24hpf_roi7,20250924-plate90-slot3-roi7,20250924.0,90.0,3.0,7.0,20250924_mem-mito,20250924_mem-mito,fish3,3.0,24.0,,400,20250924_mem-mito,2025-09-24,2025-09-24,pSWIN04,is04,,,,,,,,,sheet
/clusterfs/vast/abcabc/Aang_Foundation/20250924_mem-mito/fish4_24hpf_roi1,20250924-plate90-slot4-roi1,20250924.0,90.0,4.0,1.0,20250924_mem-mito,20250924_mem-mito,fish4,4.0,24.0,,400,20250924_mem-mito,2025-09-24,2025-09-24,pSWIN04,is04,,,,,,,,,sheet
/clusterfs/vast/abcabc/Aang_Foundation/20250924_mem-mito/fish4_24hpf_roi2,20250924-plate90-slot4-roi2,20250924.0,90.0,4.0,2.0,20250924_mem-mito,20250924_mem-mito,fish4,4.0,24.0,,400,20250924_mem-mito,2025-09-24,2025-09-24,pSWIN04,is04,,,,,,,,,sheet
/clusterfs/vast/abcabc/Aang_Foundation/20250924_mem-mito/fish4_24hpf_roi3,20250924-plate90-slot4-roi3,20250924.0,90.0,4.0,3.0,20250924_mem-mito,20250924_mem-mito,fish4,4.0,24.0,,458,20250924_mem-mito,2025-09-24,2025-09-24,pSWIN04,is04,,,,,,,,,sheet
/clusterfs/vast/abcabc/Aang_Foundation/20250925_mem-mito/fish1_48hpf_roi1,20250925-plate91-slot1-roi1,20250925.0,91.0,1.0,1.0,20250925_mem-mito,20250925_mem-mito,fish1,1.0,48.0,,600,20250925_mem-mito,2025-09-25,2025-09-25,pSWIN04,is04,,,,,,,,,sheet
/clusterfs/vast/abcabc/Aang_Foundation/20250925_mem-mito/fish1_48hpf_roi2,20250925-plate91-slot1-roi2,20250925.0,91.0,1.0,2.0,20250925_mem-mito,20250925_mem-mito,fish1,1.0,48.0,,600,20250925_mem-mito,2025-09-25,2025-09-25,pSWIN04,is04,,,,,,,,,sheet
/clusterfs/vast/abcabc/Aang_Foundation/20250925_mem-mito/fish1_48hpf_roi3,20250925-plate91-slot1-roi3,20250925.0,91.0,1.0,3.0,20250925_mem-mito,20250925_mem-mito,fish1,1.0,48.0,,600,20250925_mem-mito,2025-09-25,2025-09-25,pSWIN04,is04,,,,,,,,,sheet
/clusterfs/vast/abcabc/Aang_Foundation/20250925_mem-mito/fish3_48hpf_roi1,20250925-plate91-slot2-roi1,20250925.0,91.0,2.0,1.0,20250925_mem-mito,20250925_mem-mito,fish3,3.0,48.0,,600,20250925_mem-mito,2025-09-25,2025-09-25,pSWIN04,is04,,,,,,,,,sheet
/clusterfs/vast/abcabc/Aang_Foundation/20250925_mem-mito/fish3_48hpf_roi2,20250925-plate91-slot2-roi2,20250925.0,91.0,2.0,2.0,20250925_mem-mito,20250925_mem-mito,fish3,3.0,48.0,,600,20250925_mem-mito,2025-09-25,2025-09-25,pSWIN04,is04,,,,,,,,,sheet
/clusterfs/vast/abcabc/Aang_Foundation/20250925_mem-mito/fish3_48hpf_roi3,20250925-plate91-slot2-roi3,20250925.0,91.0,2.0,3.0,20250925_mem-mito,20250925_mem-mito,fish3,3.0,48.0,,600,20250925_mem-mito,2025-09-25,2025-09-25,pSWIN04,is04,,,,,,,,,sheet
/clusterfs/vast/abcabc/Aang_Foundation/20250925_mem-mito/fish3_48hpf_roi4,20250925-plate91-slot2-roi4,20250925.0,91.0,2.0,4.0,20250925_mem-mito,20250925_mem-mito,fish3,3.0,48.0,,600,20250925_mem-mito,2025-09-25,2025-09-25,pSWIN04,is04,,,,,,,,,sheet
/clusterfs/vast/abcabc/Aang_Foundation/20250926_mem-mito/fish1_48hpf_roi1,20250926-plate92-slot1-roi1,20250926.0,92.0,1.0,1.0,20250926_mem-mito,20250926_mem-mito,fish1,1.0,48.0,,335,20250926_mem-mito,2025-09-26,2025-09-26,pDQM082,315,,,tdmChilada,2xLynk,membrane,tdmChilada(membrane),membrane,tdmChilada(membrane),sheet
/clusterfs/vast/abcabc/Aang_Foundation/20250926_mem-mito/fish1_48hpf_roi2,20250926-plate92-slot1-roi2,20250926.0,92.0,1.0,2.0,20250926_mem-mito,20250926_mem-mito,fish1,1.0,48.0,,600,20250926_mem-mito,2025-09-26,2025-09-26,pDQM082,315,,,tdmChilada,2xLynk,membrane,tdmChilada(membrane),membrane,tdmChilada(membrane),sheet
/clusterfs/vast/abcabc/Aang_Foundation/20250926_mem-mito/fish1_48hpf_roi3,20250926-plate92-slot1-roi3,20250926.0,92.0,1.0,3.0,20250926_mem-mito,20250926_mem-mito,fish1,1.0,48.0,,600,20250926_mem-mito,2025-09-26,2025-09-26,pDQM082,315,,,tdmChilada,2xLynk,membrane,tdmChilada(membrane),membrane,tdmChilada(membrane),sheet
/clusterfs/vast/abcabc/Aang_Foundation/20250926_mem-mito/fish1_48hpf_roi4,20250926-plate92-slot1-roi4,20250926.0,92.0,1.0,4.0,20250926_mem-mito,20250926_mem-mito,fish1,1.0,48.0,,600,20250926_mem-mito,2025-09-26,2025-09-26,pDQM082,315,,,tdmChilada,2xLynk,membrane,tdmChilada(membrane),membrane,tdmChilada(membrane),sheet
/clusterfs/vast/abcabc/Aang_Foundation/20250926_mem-mito/fish2_48hpf_roi1,20250926-plate92-slot2-roi1,20250926.0,92.0,2.0,1.0,20250926_mem-mito,20250926_mem-mito,fish2,2.0,48.0,,600,20250926_mem-mito,2025-09-26,2025-09-26,pDQM082,315,,,tdmChilada,2xLynk,membrane,tdmChilada(membrane),membrane,tdmChilada(membrane),sheet
/clusterfs/vast/abcabc/Aang_Foundation/20250926_mem-mito/fish2_48hpf_roi2,20250926-plate92-slot2-roi2,20250926.0,92.0,2.0,2.0,20250926_mem-mito,20250926_mem-mito,fish2,2.0,48.0,,600,20250926_mem-mito,2025-09-26,2025-09-26,pDQM082,315,,,tdmChilada,2xLynk,membrane,tdmChilada(membrane),membrane,tdmChilada(membrane),sheet
/clusterfs/vast/abcabc/Aang_Foundation/20250926_mem-mito/fish2_48hpf_roi3,20250926-plate92-slot2-roi3,20250926.0,92.0,2.0,3.0,20250926_mem-mito,20250926_mem-mito,fish2,2.0,48.0,,600,20250926_mem-mito,2025-09-26,2025-09-26,pDQM082,315,,,tdmChilada,2xLynk,membrane,tdmChilada(membrane),membrane,tdmChilada(membrane),sheet
/clusterfs/vast/abcabc/Aang_Foundation/20250926_mem-mito/fish2_48hpf_roi4,20250926-plate92-slot2-roi4,20250926.0,92.0,2.0,4.0,20250926_mem-mito,20250926_mem-mito,fish2,2.0,48.0,,407,20250926_mem-mito,2025-09-26,2025-09-26,pDQM082,315,,,tdmChilada,2xLynk,membrane,tdmChilada(membrane),membrane,tdmChilada(membrane),sheet
/clusterfs/vast/abcabc/Aang_Foundation/20250926_mem-mito/fish3_48hpf_roi1,20250926-plate92-slot3-roi1,20250926.0,92.0,3.0,1.0,20250926_mem-mito,20250926_mem-mito,fish3,3.0,48.0,,600,20250926_mem-mito,2025-09-26,2025-09-26,pDQM082,315,,,tdmChilada,2xLynk,membrane,tdmChilada(membrane),membrane,tdmChilada(membrane),sheet
/clusterfs/vast/abcabc/Aang_Foundation/20250926_mem-mito/fish3_48hpf_roi2,20250926-plate92-slot3-roi2,20250926.0,92.0,3.0,2.0,20250926_mem-mito,20250926_mem-mito,fish3,3.0,48.0,,600,20250926_mem-mito,2025-09-26,2025-09-26,pDQM082,315,,,tdmChilada,2xLynk,membrane,tdmChilada(membrane),membrane,tdmChilada(membrane),sheet
/clusterfs/vast/abcabc/Aang_Foundation/20250926_mem-mito/fish3_48hpf_roi3,20250926-plate92-slot3-roi3,20250926.0,92.0,3.0,3.0,20250926_mem-mito,20250926_mem-mito,fish3,3.0,48.0,,600,20250926_mem-mito,2025-09-26,2025-09-26,pDQM082,315,,,tdmChilada,2xLynk,membrane,tdmChilada(membrane),membrane,tdmChilada(membrane),sheet
/clusterfs/vast/abcabc/Aang_Foundation/20250926_mem-mito/fish3_48hpf_roi4,20250926-plate92-slot3-roi4,20250926.0,92.0,3.0,4.0,20250926_mem-mito,20250926_mem-mito,fish3,3.0,48.0,,600,20250926_mem-mito,2025-09-26,2025-09-26,pDQM082,315,,,tdmChilada,2xLynk,membrane,tdmChilada(membrane),membrane,tdmChilada(membrane),sheet
/clusterfs/vast/abcabc/Aang_Foundation/20250926_mem-mito/fish_48hpf_roi1,20250926-plate92-slot1-roi5,20250926.0,92.0,1.0,5.0,20250926_mem-mito,20250926_mem-mito,fish1,1.0,,,600,20250926_mem-mito,2025-09-26,2025-09-26,pDQM082,315,,,tdmChilada,2xLynk,membrane,tdmChilada(membrane),membrane,tdmChilada(membrane),sheet
/clusterfs/vast/abcabc/Aang_Foundation/20250926_mem-mito/fish_48hpf_roi2,20250926-plate92-slot2-roi5,20250926.0,92.0,2.0,5.0,20250926_mem-mito,20250926_mem-mito,fish2,2.0,,,600,20250926_mem-mito,2025-09-26,2025-09-26,pDQM082,315,,,tdmChilada,2xLynk,membrane,tdmChilada(membrane),membrane,tdmChilada(membrane),sheet
/clusterfs/vast/abcabc/Aang_Foundation/20250926_mem-mito/fish_48hpf_roi3,20250926-plate92-slot3-roi5,20250926.0,92.0,3.0,5.0,20250926_mem-mito,20250926_mem-mito,fish3,3.0,,,600,20250926_mem-mito,2025-09-26,2025-09-26,pDQM082,315,,,tdmChilada,2xLynk,membrane,tdmChilada(membrane),membrane,tdmChilada(membrane),sheet
/clusterfs/vast/abcabc/Aang_Foundation/20250926_mem-mito/fish_48hpf_roi4,20250926-plate92-slot4-roi1,20250926.0,92.0,4.0,1.0,20250926_mem-mito,20250926_mem-mito,fish4,4.0,,,600,20250926_mem-mito,2025-09-26,2025-09-26,pDQM082,315,,,tdmChilada,2xLynk,membrane,tdmChilada(membrane),membrane,tdmChilada(membrane),sheet
/clusterfs/vast/abcabc/Aang_Foundation/20251001_mem-histone/fish1_24hpf_roi1,20251001-plate93-slot1-roi1,20251001.0,93.0,1.0,1.0,20251001_mem-histone,20251001_mem-histone,fish1,1.0,24.0,,2340,20251001_mem-histone,2025-10-01,2025-10-01,pDQM133,324,,,tdmScarlet3,H2B,histone,tdmScarlet3(histone),histone,tdmScarlet3(histone),sheet
/clusterfs/vast/abcabc/Aang_Foundation/20251001_mem-histone/fish1_24hpf_roi2,20251001-plate93-slot1-roi2,20251001.0,93.0,1.0,2.0,20251001_mem-histone,20251001_mem-histone,fish1,1.0,24.0,,1920,20251001_mem-histone,2025-10-01,2025-10-01,pDQM133,324,,,tdmScarlet3,H2B,histone,tdmScarlet3(histone),histone,tdmScarlet3(histone),sheet
/clusterfs/vast/abcabc/Aang_Foundation/20251001_mem-histone/fish2_24hpf_roi1,20251001-plate93-slot2-roi1,20251001.0,93.0,2.0,1.0,20251001_mem-histone,20251001_mem-histone,fish2,2.0,24.0,,1920,20251001_mem-histone,2025-10-01,2025-10-01,pDQM133,324,,,tdmScarlet3,H2B,histone,tdmScarlet3(histone),histone,tdmScarlet3(histone),sheet
/clusterfs/vast/abcabc/Aang_Foundation/20251001_mem-histone/fish2_24hpf_roi2,20251001-plate93-slot2-roi2,20251001.0,93.0,2.0,2.0,20251001_mem-histone,20251001_mem-histone,fish2,2.0,24.0,,1920,20251001_mem-histone,2025-10-01,2025-10-01,pDQM133,324,,,tdmScarlet3,H2B,histone,tdmScarlet3(histone),histone,tdmScarlet3(histone),sheet
/clusterfs/vast/abcabc/Aang_Foundation/20251001_mem-histone/fish2_24hpf_roi3,20251001-plate93-slot2-roi3,20251001.0,93.0,2.0,3.0,20251001_mem-histone,20251001_mem-histone,fish2,2.0,24.0,,1920,20251001_mem-histone,2025-10-01,2025-10-01,pDQM133,324,,,tdmScarlet3,H2B,histone,tdmScarlet3(histone),histone,tdmScarlet3(histone),sheet
/clusterfs/vast/abcabc/Aang_Foundation/20251001_mem-histone/fish4_24hpf_roi1,20251001-plate93-slot3-roi1,20251001.0,93.0,3.0,1.0,20251001_mem-histone,20251001_mem-histone,fish4,4.0,24.0,,1920,20251001_mem-histone,2025-10-01,2025-10-01,pDQM133,324,,,tdmScarlet3,H2B,histone,tdmScarlet3(histone),histone,tdmScarlet3(histone),sheet
/clusterfs/vast/abcabc/Aang_Foundation/20251001_mem-histone/fish4_24hpf_roi2,20251001-plate93-slot3-roi2,20251001.0,93.0,3.0,2.0,20251001_mem-histone,20251001_mem-histone,fish4,4.0,24.0,,1920,20251001_mem-histone,2025-10-01,2025-10-01,pDQM133,324,,,tdmScarlet3,H2B,histone,tdmScarlet3(histone),histone,tdmScarlet3(histone),sheet
/clusterfs/vast/abcabc/Aang_Foundation/20251001_mem-histone/fish5_24hpf_roi1,20251001-plate93-slot4-roi1,20251001.0,93.0,4.0,1.0,20251001_mem-histone,20251001_mem-histone,fish5,5.0,24.0,,1920,20251001_mem-histone,2025-10-01,2025-10-01,pDQM133,324,,,tdmScarlet3,H2B,histone,tdmScarlet3(histone),histone,tdmScarlet3(histone),sheet
/clusterfs/vast/abcabc/Aang_Foundation/20251001_mem-histone/fish5_24hpf_roi2,20251001-plate93-slot4-roi2,20251001.0,93.0,4.0,2.0,20251001_mem-histone,20251001_mem-histone,fish5,5.0,24.0,,1920,20251001_mem-histone,2025-10-01,2025-10-01,pDQM133,324,,,tdmScarlet3,H2B,histone,tdmScarlet3(histone),histone,tdmScarlet3(histone),sheet
/clusterfs/vast/abcabc/Aang_Foundation/20251001_mem-histone/fish5_24hpf_roi3,20251001-plate93-slot4-roi3,20251001.0,93.0,4.0,3.0,20251001_mem-histone,20251001_mem-histone,fish5,5.0,24.0,,1920,20251001_mem-histone,2025-10-01,2025-10-01,pDQM133,324,,,tdmScarlet3,H2B,histone,tdmScarlet3(histone),histone,tdmScarlet3(histone),sheet
/clusterfs/vast/abcabc/Aang_Foundation/20251001_mem-histone/fish5_24hpf_roi4,20251001-plate93-slot4-roi4,20251001.0,93.0,4.0,4.0,20251001_mem-histone,20251001_mem-histone,fish5,5.0,24.0,,1920,20251001_mem-histone,2025-10-01,2025-10-01,pDQM133,324,,,tdmScarlet3,H2B,histone,tdmScarlet3(histone),histone,tdmScarlet3(histone),sheet
/clusterfs/vast/abcabc/Aang_Foundation/20251002_mem_mito/fish10_24hpf_roi1,20251002-plate94-slot2-roi1,20251002.0,94.0,2.0,1.0,20251002_mem_mito,20251002_mem_mito,fish10,10.0,24.0,,272,20251002_mem_mito,,,pDQM082,315,,,,,,,,,unmatched
/clusterfs/vast/abcabc/Aang_Foundation/20251002_mem_mito/fish10_24hpf_roi2,20251002-plate94-slot2-roi2,20251002.0,94.0,2.0,2.0,20251002_mem_mito,20251002_mem_mito,fish10,10.0,24.0,,272,20251002_mem_mito,,,pDQM082,315,,,,,,,,,unmatched
/clusterfs/vast/abcabc/Aang_Foundation/20251002_mem_mito/fish11_24hpf_roi1,20251002-plate94-slot3-roi1,20251002.0,94.0,3.0,1.0,20251002_mem_mito,20251002_mem_mito,fish11,11.0,24.0,,400,20251002_mem_mito,,,pDQM082,315,,,,,,,,,unmatched
/clusterfs/vast/abcabc/Aang_Foundation/20251002_mem_mito/fish11_24hpf_roi2,20251002-plate94-slot3-roi2,20251002.0,94.0,3.0,2.0,20251002_mem_mito,20251002_mem_mito,fish11,11.0,24.0,,400,20251002_mem_mito,,,pDQM082,315,,,,,,,,,unmatched
/clusterfs/vast/abcabc/Aang_Foundation/20251002_mem_mito/fish11_24hpf_roi3,20251002-plate94-slot3-roi3,20251002.0,94.0,3.0,3.0,20251002_mem_mito,20251002_mem_mito,fish11,11.0,24.0,,400,20251002_mem_mito,,,pDQM082,315,,,,,,,,,unmatched
/clusterfs/vast/abcabc/Aang_Foundation/20251002_mem_mito/fish12_24hpf_roi1,20251002-plate94-slot4-roi1,20251002.0,94.0,4.0,1.0,20251002_mem_mito,20251002_mem_mito,fish12,12.0,24.0,,400,20251002_mem_mito,,,pDQM082,315,,,,,,,,,unmatched
/clusterfs/vast/abcabc/Aang_Foundation/20251002_mem_mito/fish12_24hpf_roi2,20251002-plate94-slot4-roi2,20251002.0,94.0,4.0,2.0,20251002_mem_mito,20251002_mem_mito,fish12,12.0,24.0,,400,20251002_mem_mito,,,pDQM082,315,,,,,,,,,unmatched
/clusterfs/vast/abcabc/Aang_Foundation/20251002_mem_mito/fish12_24hpf_roi3,20251002-plate94-slot4-roi3,20251002.0,94.0,4.0,3.0,20251002_mem_mito,20251002_mem_mito,fish12,12.0,24.0,,400,20251002_mem_mito,,,pDQM082,315,,,,,,,,,unmatched
/clusterfs/vast/abcabc/Aang_Foundation/20251002_mem_mito/fish12_24hpf_roi4,20251002-plate94-slot4-roi4,20251002.0,94.0,4.0,4.0,20251002_mem_mito,20251002_mem_mito,fish12,12.0,24.0,,400,20251002_mem_mito,,,pDQM082,315,,,,,,,,,unmatched
/clusterfs/vast/abcabc/Aang_Foundation/20251002_mem_mito/fish1_24hpf_roi1,20251002-plate94-slot1-roi1,20251002.0,94.0,1.0,1.0,20251002_mem_mito,20251002_mem_mito,fish1,1.0,24.0,,333,20251002_mem_mito,,,pDQM082,315,,,,,,,,,unmatched
/clusterfs/vast/abcabc/Aang_Foundation/20251002_mem_mito/fish3_24hpf_roi1,20251002-plate94-slot5-roi1,20251002.0,94.0,5.0,1.0,20251002_mem_mito,20251002_mem_mito,fish3,3.0,24.0,,277,20251002_mem_mito,,,pDQM082,315,,,,,,,,,unmatched
/clusterfs/vast/abcabc/Aang_Foundation/20251002_mem_mito/fish3_24hpf_roi2,20251002-plate94-slot5-roi2,20251002.0,94.0,5.0,2.0,20251002_mem_mito,20251002_mem_mito,fish3,3.0,24.0,,144,20251002_mem_mito,,,pDQM082,315,,,,,,,,,unmatched
/clusterfs/vast/abcabc/Aang_Foundation/20251002_mem_mito/fish5_24hpf_roi1,20251002-plate94-slot6-roi1,20251002.0,94.0,6.0,1.0,20251002_mem_mito,20251002_mem_mito,fish5,5.0,24.0,,144,20251002_mem_mito,,,pDQM082,315,,,,,,,,,unmatched
/clusterfs/vast/abcabc/Aang_Foundation/20251002_mem_mito/fish5_24hpf_roi2,20251002-plate94-slot6-roi2,20251002.0,94.0,6.0,2.0,20251002_mem_mito,20251002_mem_mito,fish5,5.0,24.0,,144,20251002_mem_mito,,,pDQM082,315,,,,,,,,,unmatched
/clusterfs/vast/abcabc/Aang_Foundation/20251002_mem_mito/fish5_24hpf_roi3,20251002-plate94-slot6-roi3,20251002.0,94.0,6.0,3.0,20251002_mem_mito,20251002_mem_mito,fish5,5.0,24.0,,144,20251002_mem_mito,,,pDQM082,315,,,,,,,,,unmatched
/clusterfs/vast/abcabc/Aang_Foundation/20251002_mem_mito/fish6_24hpf_roi1,20251002-plate95-slot1-roi1,20251002.0,95.0,1.0,1.0,20251002_mem_mito,20251002_mem_mito,fish6,6.0,24.0,,408,20251002_mem_mito,,,pDQM082,315,,,,,,,,,unmatched
/clusterfs/vast/abcabc/Aang_Foundation/20251002_mem_mito/fish6_24hpf_roi2,20251002-plate95-slot1-roi2,20251002.0,95.0,1.0,2.0,20251002_mem_mito,20251002_mem_mito,fish6,6.0,24.0,,408,20251002_mem_mito,,,pDQM082,315,,,,,,,,,unmatched
/clusterfs/vast/abcabc/Aang_Foundation/20251002_mem_mito/fish6_24hpf_roi3,20251002-plate95-slot1-roi3,20251002.0,95.0,1.0,3.0,20251002_mem_mito,20251002_mem_mito,fish6,6.0,24.0,,238,20251002_mem_mito,,,pDQM082,315,,,,,,,,,unmatched
/clusterfs/vast/abcabc/Aang_Foundation/20251002_mem_mito/fish7_24hpf_roi1,20251002-plate95-slot2-roi1,20251002.0,95.0,2.0,1.0,20251002_mem_mito,20251002_mem_mito,fish7,7.0,24.0,,272,20251002_mem_mito,,,pDQM082,315,,,,,,,,,unmatched
/clusterfs/vast/abcabc/Aang_Foundation/20251002_mem_mito/fish7_24hpf_roi2,20251002-plate95-slot2-roi2,20251002.0,95.0,2.0,2.0,20251002_mem_mito,20251002_mem_mito,fish7,7.0,24.0,,272,20251002_mem_mito,,,pDQM082,315,,,,,,,,,unmatched
/clusterfs/vast/abcabc/Aang_Foundation/20251002_mem_mito/fish8_24hpf_roi1,20251002-plate95-slot3-roi1,20251002.0,95.0,3.0,1.0,20251002_mem_mito,20251002_mem_mito,fish8,8.0,24.0,,272,20251002_mem_mito,,,pDQM082,315,,,,,,,,,unmatched
/clusterfs/vast/abcabc/Aang_Foundation/20251002_mem_mito/fish8_24hpf_roi2,20251002-plate95-slot3-roi2,20251002.0,95.0,3.0,2.0,20251002_mem_mito,20251002_mem_mito,fish8,8.0,24.0,,272,20251002_mem_mito,,,pDQM082,315,,,,,,,,,unmatched
/clusterfs/vast/abcabc/Aang_Foundation/20251002_mem_mito/fish9_24hpf_roi1,20251002-plate95-slot4-roi1,20251002.0,95.0,4.0,1.0,20251002_mem_mito,20251002_mem_mito,fish9,9.0,24.0,,408,20251002_mem_mito,,,pDQM082,315,,,,,,,,,unmatched
/clusterfs/vast/abcabc/Aang_Foundation/20251002_mem_mito/fish9_24hpf_roi2,20251002-plate95-slot4-roi2,20251002.0,95.0,4.0,2.0,20251002_mem_mito,20251002_mem_mito,fish9,9.0,24.0,,408,20251002_mem_mito,,,pDQM082,315,,,,,,,,,unmatched
/clusterfs/vast/abcabc/Aang_Foundation/20251003_mem_tester/fish1_48hpf_xscan_roi1_brain,20251003-plate96-slot1-roi1,20251003.0,96.0,1.0,1.0,20251003_mem_tester,20251003_mem_tester,fish1,1.0,48.0,brain,31,20251003_mem_tester,,,pDQM082,315,,,,,,,,,unmatched
/clusterfs/vast/abcabc/Aang_Foundation/20251003_mem_tester/fish1_48hpf_xscan_roi2_spine_muscle,20251003-plate96-slot1-roi2,20251003.0,96.0,1.0,2.0,20251003_mem_tester,20251003_mem_tester,fish1,1.0,48.0,spine|muscle,20,20251003_mem_tester,,,pDQM082,315,,,,,,,,,unmatched
/clusterfs/vast/abcabc/Aang_Foundation/20251003_mem_tester/fish1_48hpf_xscan_roi3_spine_muscle_tail,20251003-plate96-slot1-roi3,20251003.0,96.0,1.0,3.0,20251003_mem_tester,20251003_mem_tester,fish1,1.0,48.0,spine|muscle|tail,20,20251003_mem_tester,,,pDQM082,315,,,,,,,,,unmatched
/clusterfs/vast/abcabc/Aang_Foundation/20251003_mem_tester/fish1_48hpf_xscan_roi4_spine_muscle_tail,20251003-plate96-slot1-roi4,20251003.0,96.0,1.0,4.0,20251003_mem_tester,20251003_mem_tester,fish1,1.0,48.0,spine|muscle|tail,20,20251003_mem_tester,,,pDQM082,315,,,,,,,,,unmatched
/clusterfs/vast/abcabc/Aang_Foundation/20251003_mem_tester/fish1_48hpf_xscan_roi5_spine_muscle_tail,20251003-plate96-slot1-roi5,20251003.0,96.0,1.0,5.0,20251003_mem_tester,20251003_mem_tester,fish1,1.0,48.0,spine|muscle|tail,20,20251003_mem_tester,,,pDQM082,315,,,,,,,,,unmatched
/clusterfs/vast/abcabc/Aang_Foundation/20251003_mem_tester/fish1_48hpf_xscan_roi6_spine_muscle_tail,20251003-plate96-slot1-roi6,20251003.0,96.0,1.0,6.0,20251003_mem_tester,20251003_mem_tester,fish1,1.0,48.0,spine|muscle|tail,20,20251003_mem_tester,,,pDQM082,315,,,,,,,,,unmatched
/clusterfs/vast/abcabc/Aang_Foundation/20251003_mem_tester/fish1_48hpf_xscan_roi7_spine_muscle_tail,20251003-plate96-slot1-roi7,20251003.0,96.0,1.0,7.0,20251003_mem_tester,20251003_mem_tester,fish1,1.0,48.0,spine|muscle|tail,20,20251003_mem_tester,,,pDQM082,315,,,,,,,,,unmatched
/clusterfs/vast/abcabc/Aang_Foundation/20251006_mem_histone/fish1_24hpf_roi1,20251006-plate97-slot1-roi1,20251006.0,97.0,1.0,1.0,20251006_mem_histone,20251006_mem_histone,fish1,1.0,24.0,,1280,20251006_mem_histone,,,"pDQM005,pDQM133","302,324",,,,,,,,,unmatched
/clusterfs/vast/abcabc/Aang_Foundation/20251006_mem_histone/fish1_24hpf_roi2,20251006-plate97-slot1-roi2,20251006.0,97.0,1.0,2.0,20251006_mem_histone,20251006_mem_histone,fish1,1.0,24.0,,1280,20251006_mem_histone,,,"pDQM005,pDQM133","302,324",,,,,,,,,unmatched
/clusterfs/vast/abcabc/Aang_Foundation/20251006_mem_histone/fish1_24hpf_roi3,20251006-plate97-slot1-roi3,20251006.0,97.0,1.0,3.0,20251006_mem_histone,20251006_mem_histone,fish1,1.0,24.0,,1280,20251006_mem_histone,,,"pDQM005,pDQM133","302,324",,,,,,,,,unmatched
/clusterfs/vast/abcabc/Aang_Foundation/20251006_mem_histone/fish1_24hpf_roi4,20251006-plate97-slot1-roi4,20251006.0,97.0,1.0,4.0,20251006_mem_histone,20251006_mem_histone,fish1,1.0,24.0,,1280,20251006_mem_histone,,,"pDQM005,pDQM133","302,324",,,,,,,,,unmatched
/clusterfs/vast/abcabc/Aang_Foundation/20251006_mem_histone/fish3_24hpf_roi1,20251006-plate97-slot2-roi1,20251006.0,97.0,2.0,1.0,20251006_mem_histone,20251006_mem_histone,fish3,3.0,24.0,,1024,20251006_mem_histone,,,"pDQM005,pDQM133","302,324",,,,,,,,,unmatched
/clusterfs/vast/abcabc/Aang_Foundation/20251006_mem_histone/fish3_24hpf_roi2,20251006-plate97-slot2-roi2,20251006.0,97.0,2.0,2.0,20251006_mem_histone,20251006_mem_histone,fish3,3.0,24.0,,1024,20251006_mem_histone,,,"pDQM005,pDQM133","302,324",,,,,,,,,unmatched
/clusterfs/vast/abcabc/Aang_Foundation/20251006_mem_histone/fish4_24hpf_roi1,20251006-plate97-slot3-roi1,20251006.0,97.0,3.0,1.0,20251006_mem_histone,20251006_mem_histone,fish4,4.0,24.0,,1024,20251006_mem_histone,,,"pDQM005,pDQM133","302,324",,,,,,,,,unmatched
/clusterfs/vast/abcabc/Aang_Foundation/20251006_mem_histone/fish4_24hpf_roi2,20251006-plate97-slot3-roi2,20251006.0,97.0,3.0,2.0,20251006_mem_histone,20251006_mem_histone,fish4,4.0,24.0,,1024,20251006_mem_histone,,,"pDQM005,pDQM133","302,324",,,,,,,,,unmatched
/clusterfs/vast/abcabc/Aang_Foundation/20251006_mem_histone/fish4_24hpf_roi3,20251006-plate97-slot3-roi3,20251006.0,97.0,3.0,3.0,20251006_mem_histone,20251006_mem_histone,fish4,4.0,24.0,,1024,20251006_mem_histone,,,"pDQM005,pDQM133","302,324",,,,,,,,,unmatched
/clusterfs/vast/abcabc/Aang_Foundation/20251006_mem_histone/fish6_24hpf_roi1,20251006-plate97-slot4-roi1,20251006.0,97.0,4.0,1.0,20251006_mem_histone,20251006_mem_histone,fish6,6.0,24.0,,1024,20251006_mem_histone,,,"pDQM005,pDQM133","302,324",,,,,,,,,unmatched
/clusterfs/vast/abcabc/Aang_Foundation/20251006_mem_histone/fish6_24hpf_roi2,20251006-plate97-slot4-roi2,20251006.0,97.0,4.0,2.0,20251006_mem_histone,20251006_mem_histone,fish6,6.0,24.0,,1024,20251006_mem_histone,,,"pDQM005,pDQM133","302,324",,,,,,,,,unmatched
/clusterfs/vast/abcabc/Aang_Foundation/20251007_mem_histone/fish2_48hpf_roi1,20251007-plate98-slot1-roi1,20251007.0,98.0,1.0,1.0,20251007_mem_histone,20251007_mem_histone,fish2,2.0,48.0,,1024,20251007_mem_histone,,2025-10-07,pDQM005,304,,,tdmSG,2xLynk,membrane,tdmSG(membrane),membrane,tdmSG(membrane),date_match
/clusterfs/vast/abcabc/Aang_Foundation/20251007_mem_histone/fish2_48hpf_roi2,20251007-plate98-slot1-roi2,20251007.0,98.0,1.0,2.0,20251007_mem_histone,20251007_mem_histone,fish2,2.0,48.0,,46,20251007_mem_histone,,2025-10-07,pDQM005,304,,,tdmSG,2xLynk,membrane,tdmSG(membrane),membrane,tdmSG(membrane),date_match
/clusterfs/vast/abcabc/Aang_Foundation/20251007_mem_histone/fish2_48hpf_roi2_test,20251007-plate98-slot1-roi3,20251007.0,98.0,1.0,3.0,20251007_mem_histone,20251007_mem_histone,fish2,2.0,48.0,,70,20251007_mem_histone,,2025-10-07,pDQM005,304,,,tdmSG,2xLynk,membrane,tdmSG(membrane),membrane,tdmSG(membrane),date_match
/clusterfs/vast/abcabc/Aang_Foundation/20251007_mem_histone/fish2_48hpf_roi3,20251007-plate98-slot1-roi4,20251007.0,98.0,1.0,4.0,20251007_mem_histone,20251007_mem_histone,fish2,2.0,48.0,,1024,20251007_mem_histone,,2025-10-07,pDQM005,304,,,tdmSG,2xLynk,membrane,tdmSG(membrane),membrane,tdmSG(membrane),date_match
/clusterfs/vast/abcabc/Aang_Foundation/20251007_mem_histone/fish2_48hpf_roi4,20251007-plate98-slot1-roi5,20251007.0,98.0,1.0,5.0,20251007_mem_histone,20251007_mem_histone,fish2,2.0,48.0,,1024,20251007_mem_histone,,2025-10-07,pDQM005,304,,,tdmSG,2xLynk,membrane,tdmSG(membrane),membrane,tdmSG(membrane),date_match
/clusterfs/vast/abcabc/Aang_Foundation/20251007_mem_histone/fish2_48hpf_roi5,20251007-plate98-slot1-roi6,20251007.0,98.0,1.0,6.0,20251007_mem_histone,20251007_mem_histone,fish2,2.0,48.0,,1024,20251007_mem_histone,,2025-10-07,pDQM005,304,,,tdmSG,2xLynk,membrane,tdmSG(membrane),membrane,tdmSG(membrane),date_match
/clusterfs/vast/abcabc/Aang_Foundation/20251007_mem_histone/fish3_48hpf_roi1,20251007-plate98-slot2-roi1,20251007.0,98.0,2.0,1.0,20251007_mem_histone,20251007_mem_histone,fish3,3.0,48.0,,1024,20251007_mem_histone,,2025-10-07,pDQM005,304,,,tdmSG,2xLynk,membrane,tdmSG(membrane),membrane,tdmSG(membrane),date_match
/clusterfs/vast/abcabc/Aang_Foundation/20251009_mem-mito/fish3_48hpf_roi1,20251009-plate99-slot1-roi1,20251009.0,99.0,1.0,1.0,20251009_mem-mito,20251009_mem-mito,fish3,3.0,48.0,,271,20251009_mem-mito,2025-10-10,2025-10-09,pDQM082,315,,,,,,,,,date_match
/clusterfs/vast/abcabc/Aang_Foundation/20251009_mem-mito/fish3_48hpf_roi2,20251009-plate99-slot1-roi2,20251009.0,99.0,1.0,2.0,20251009_mem-mito,20251009_mem-mito,fish3,3.0,48.0,,408,20251009_mem-mito,2025-10-10,2025-10-09,pDQM082,315,,,,,,,,,date_match
/clusterfs/vast/abcabc/Aang_Foundation/20251009_mem-mito/fish3_48hpf_roi3,20251009-plate99-slot1-roi3,20251009.0,99.0,1.0,3.0,20251009_mem-mito,20251009_mem-mito,fish3,3.0,48.0,,408,20251009_mem-mito,2025-10-10,2025-10-09,pDQM082,315,,,,,,,,,date_match
/clusterfs/vast/abcabc/Aang_Foundation/20251009_mem-mito/fish3_48hpf_roi4,20251009-plate99-slot1-roi4,20251009.0,99.0,1.0,4.0,20251009_mem-mito,20251009_mem-mito,fish3,3.0,48.0,,408,20251009_mem-mito,2025-10-10,2025-10-09,pDQM082,315,,,,,,,,,date_match
/clusterfs/vast/abcabc/Aang_Foundation/20251010_mem-mito/fish1_24hpf_roi1,20251010-plate100-slot1-roi1,20251010.0,100.0,1.0,1.0,20251010_mem-mito,20251010_mem-mito,fish1,1.0,24.0,,1024,20251010_mem-mito,,,pDQM082,315,,,,,,,,,unmatched
/clusterfs/vast/abcabc/Aang_Foundation/20251010_mem-mito/fish1_24hpf_roi2,20251010-plate100-slot1-roi2,20251010.0,100.0,1.0,2.0,20251010_mem-mito,20251010_mem-mito,fish1,1.0,24.0,,1024,20251010_mem-mito,,,pDQM082,315,,,,,,,,,unmatched
/clusterfs/vast/abcabc/Aang_Foundation/20251010_mem-mito/fish2_24hpf_roi1,20251010-plate100-slot2-roi1,20251010.0,100.0,2.0,1.0,20251010_mem-mito,20251010_mem-mito,fish2,2.0,24.0,,4608,20251010_mem-mito,,,pDQM082,315,,,,,,,,,unmatched
/clusterfs/vast/abcabc/Aang_Foundation/20251010_mem-mito/fish2_24hpf_roi2,20251010-plate100-slot2-roi2,20251010.0,100.0,2.0,2.0,20251010_mem-mito,20251010_mem-mito,fish2,2.0,24.0,,4608,20251010_mem-mito,,,pDQM082,315,,,,,,,,,unmatched
/clusterfs/vast/abcabc/Aang_Foundation/20251010_mem-mito/fish3_24hpf_roi1,20251010-plate100-slot3-roi1,20251010.0,100.0,3.0,1.0,20251010_mem-mito,20251010_mem-mito,fish3,3.0,24.0,,4608,20251010_mem-mito,,,pDQM082,315,,,,,,,,,unmatched
/clusterfs/vast/abcabc/Aang_Foundation/20251010_mem-mito/fish3_24hpf_roi2,20251010-plate100-slot3-roi2,20251010.0,100.0,3.0,2.0,20251010_mem-mito,20251010_mem-mito,fish3,3.0,24.0,,4608,20251010_mem-mito,,,pDQM082,315,,,,,,,,,unmatched
/clusterfs/vast/abcabc/Aang_Foundation/20251010_mem-mito/fish4_24hpf_roi1,20251010-plate100-slot4-roi1,20251010.0,100.0,4.0,1.0,20251010_mem-mito,20251010_mem-mito,fish4,4.0,24.0,,4608,20251010_mem-mito,,,pDQM082,315,,,,,,,,,unmatched
/clusterfs/vast/abcabc/Aang_Foundation/20251010_mem-mito/fish4_24hpf_roi2,20251010-plate100-slot4-roi2,20251010.0,100.0,4.0,2.0,20251010_mem-mito,20251010_mem-mito,fish4,4.0,24.0,,4608,20251010_mem-mito,,,pDQM082,315,,,,,,,,,unmatched
/clusterfs/vast/abcabc/Aang_Foundation/20251010_mem-mito/fish5_24hpf_roi1,20251010-plate100-slot5-roi1,20251010.0,100.0,5.0,1.0,20251010_mem-mito,20251010_mem-mito,fish5,5.0,24.0,,4608,20251010_mem-mito,,,pDQM082,315,,,,,,,,,unmatched
/clusterfs/vast/abcabc/Aang_Foundation/20251010_mem-mito/fish5_24hpf_roi2,20251010-plate100-slot5-roi2,20251010.0,100.0,5.0,2.0,20251010_mem-mito,20251010_mem-mito,fish5,5.0,24.0,,4608,20251010_mem-mito,,,pDQM082,315,,,,,,,,,unmatched
/clusterfs/vast/abcabc/Aang_Foundation/20251010_mem-mito/fish6_24hpf_roi1,20251010-plate100-slot6-roi1,20251010.0,100.0,6.0,1.0,20251010_mem-mito,20251010_mem-mito,fish6,6.0,24.0,,4608,20251010_mem-mito,,,pDQM082,315,,,,,,,,,unmatched
/clusterfs/vast/abcabc/Aang_Foundation/20251010_mem-mito/fish6_24hpf_roi2,20251010-plate100-slot6-roi2,20251010.0,100.0,6.0,2.0,20251010_mem-mito,20251010_mem-mito,fish6,6.0,24.0,,4608,20251010_mem-mito,,,pDQM082,315,,,,,,,,,unmatched
/clusterfs/vast/abcabc/Aang_Foundation/20251013_mem-histone/fish1_96hpf_roi1,20251013-plate53-slot1-roi5,20251013.0,53.0,1.0,5.0,20251013_mem-histone,20251013_mem-histone,fish1,1.0,96.0,,4608,20251013_mem-histone,2025-10-13,2025-10-13,pDQM133,324,,,tdmScarlet3,H2B,histone,tdmScarlet3(histone),histone,tdmScarlet3(histone),sheet
/clusterfs/vast/abcabc/Aang_Foundation/20251013_mem-histone/fish1_96hpf_roi3,20251013-plate53-slot1-roi12,20251013.0,53.0,1.0,12.0,20251013_mem-histone,20251013_mem-histone,fish1,1.0,96.0,,4608,20251013_mem-histone,2025-10-13,2025-10-13,pDQM133,324,,,tdmScarlet3,H2B,histone,tdmScarlet3(histone),histone,tdmScarlet3(histone),sheet
/clusterfs/vast/abcabc/Aang_Foundation/20251013_mem-histone/fish3_96hpf_roi1,20251013-plate53-slot3-roi3,20251013.0,53.0,3.0,3.0,20251013_mem-histone,20251013_mem-histone,fish3,3.0,96.0,,4608,20251013_mem-histone,2025-10-13,2025-10-13,pDQM133,324,,,tdmScarlet3,H2B,histone,tdmScarlet3(histone),histone,tdmScarlet3(histone),sheet
/clusterfs/vast/abcabc/Aang_Foundation/20251013_mem-histone/fish3_96hpf_roi2,20251013-plate53-slot3-roi7,20251013.0,53.0,3.0,7.0,20251013_mem-histone,20251013_mem-histone,fish3,3.0,96.0,,4608,20251013_mem-histone,2025-10-13,2025-10-13,pDQM133,324,,,tdmScarlet3,H2B,histone,tdmScarlet3(histone),histone,tdmScarlet3(histone),sheet
/clusterfs/vast/abcabc/Aang_Foundation/20251013_mem-histone/fish3_96hpf_roi3,20251013-plate53-slot3-roi11,20251013.0,53.0,3.0,11.0,20251013_mem-histone,20251013_mem-histone,fish3,3.0,96.0,,4608,20251013_mem-histone,2025-10-13,2025-10-13,pDQM133,324,,,tdmScarlet3,H2B,histone,tdmScarlet3(histone),histone,tdmScarlet3(histone),sheet
/clusterfs/vast/abcabc/Aang_Foundation/20251013_mem-histone/fish3_96hpf_roi4,20251013-plate53-slot3-roi13,20251013.0,53.0,3.0,13.0,20251013_mem-histone,20251013_mem-histone,fish3,3.0,96.0,,4608,20251013_mem-histone,2025-10-13,2025-10-13,pDQM133,324,,,tdmScarlet3,H2B,histone,tdmScarlet3(histone),histone,tdmScarlet3(histone),sheet
/clusterfs/vast/abcabc/Aang_Foundation/20251015_mem-histone/fish1_48hpf_roi1,20251015-plate54-slot1-roi2,20251015.0,54.0,1.0,2.0,20251015_mem-histone,20251015_mem-histone,fish1,1.0,48.0,,4608,20251015_mem-histone,2025-10-15,2025-10-15,pDQM133,324,,,tdmScarlet3,H2B,histone,tdmScarlet3(histone),histone,tdmScarlet3(histone),sheet
/clusterfs/vast/abcabc/Aang_Foundation/20251015_mem-histone/fish1_48hpf_roi2,20251015-plate54-slot1-roi3,20251015.0,54.0,1.0,3.0,20251015_mem-histone,20251015_mem-histone,fish1,1.0,48.0,,4608,20251015_mem-histone,2025-10-15,2025-10-15,pDQM133,324,,,tdmScarlet3,H2B,histone,tdmScarlet3(histone),histone,tdmScarlet3(histone),sheet
/clusterfs/vast/abcabc/Aang_Foundation/20251015_mem-histone/fish1_48hpf_roi3,20251015-plate54-slot1-roi4,20251015.0,54.0,1.0,4.0,20251015_mem-histone,20251015_mem-histone,fish1,1.0,48.0,,4608,20251015_mem-histone,2025-10-15,2025-10-15,pDQM133,324,,,tdmScarlet3,H2B,histone,tdmScarlet3(histone),histone,tdmScarlet3(histone),sheet
/clusterfs/vast/abcabc/Aang_Foundation/20251015_mem-histone/fish2_48hpf_roi1,20251015-plate54-slot2-roi2,20251015.0,54.0,2.0,2.0,20251015_mem-histone,20251015_mem-histone,fish2,2.0,48.0,,4608,20251015_mem-histone,2025-10-15,2025-10-15,pDQM133,324,,,tdmScarlet3,H2B,histone,tdmScarlet3(histone),histone,tdmScarlet3(histone),sheet
/clusterfs/vast/abcabc/Aang_Foundation/20251015_mem-histone/fish3_48hpf_roi1,20251015-plate54-slot3-roi2,20251015.0,54.0,3.0,2.0,20251015_mem-histone,20251015_mem-histone,fish3,3.0,48.0,,4608,20251015_mem-histone,2025-10-15,2025-10-15,pDQM133,324,,,tdmScarlet3,H2B,histone,tdmScarlet3(histone),histone,tdmScarlet3(histone),sheet
/clusterfs/vast/abcabc/Aang_Foundation/20251015_mem-histone/fish3_48hpf_roi2,20251015-plate54-slot3-roi4,20251015.0,54.0,3.0,4.0,20251015_mem-histone,20251015_mem-histone,fish3,3.0,48.0,,4608,20251015_mem-histone,2025-10-15,2025-10-15,pDQM133,324,,,tdmScarlet3,H2B,histone,tdmScarlet3(histone),histone,tdmScarlet3(histone),sheet
/clusterfs/vast/abcabc/Aang_Foundation/20251015_mem-histone/fish4_48hpf_roi1,20251015-plate54-slot4-roi2,20251015.0,54.0,4.0,2.0,20251015_mem-histone,20251015_mem-histone,fish4,4.0,48.0,,4608,20251015_mem-histone,2025-10-15,2025-10-15,pDQM133,324,,,tdmScarlet3,H2B,histone,tdmScarlet3(histone),histone,tdmScarlet3(histone),sheet
/clusterfs/vast/abcabc/Aang_Foundation/20251015_mem-histone/fish4_48hpf_roi2,20251015-plate54-slot4-roi3,20251015.0,54.0,4.0,3.0,20251015_mem-histone,20251015_mem-histone,fish4,4.0,48.0,,4608,20251015_mem-histone,2025-10-15,2025-10-15,pDQM133,324,,,tdmScarlet3,H2B,histone,tdmScarlet3(histone),histone,tdmScarlet3(histone),sheet
/clusterfs/vast/abcabc/Aang_Foundation/20251015_mem-histone/fish4_48hpf_roi3,20251015-plate54-slot4-roi4,20251015.0,54.0,4.0,4.0,20251015_mem-histone,20251015_mem-histone,fish4,4.0,48.0,,4608,20251015_mem-histone,2025-10-15,2025-10-15,pDQM133,324,,,tdmScarlet3,H2B,histone,tdmScarlet3(histone),histone,tdmScarlet3(histone),sheet
/clusterfs/vast/abcabc/Aang_Foundation/20251015_mem-histone/fish5_48hpf_roi1,20251015-plate54-slot5-roi1,20251015.0,54.0,5.0,1.0,20251015_mem-histone,20251015_mem-histone,fish5,5.0,48.0,,4608,20251015_mem-histone,2025-10-15,2025-10-15,pDQM133,324,,,tdmScarlet3,H2B,histone,tdmScarlet3(histone),histone,tdmScarlet3(histone),sheet
/clusterfs/vast/abcabc/Aang_Foundation/20251015_mem-histone/fish6_48hpf_roi1,20251015-plate54-slot6-roi1,20251015.0,54.0,6.0,1.0,20251015_mem-histone,20251015_mem-histone,fish6,6.0,48.0,,4608,20251015_mem-histone,2025-10-15,2025-10-15,pDQM133,324,,,tdmScarlet3,H2B,histone,tdmScarlet3(histone),histone,tdmScarlet3(histone),sheet
/clusterfs/vast/abcabc/Aang_Foundation/20251016_mem-mito/fish1_72hpf_roi1,20251016-plate101-slot1-roi1,20251016.0,101.0,1.0,1.0,20251016_mem-mito,20251016_mem-mito,fish1,1.0,72.0,,272,20251016_mem-mito,,,pDQM082,315,,,,,,,,,unmatched
/clusterfs/vast/abcabc/Aang_Foundation/20251016_mem-mito_v2/fish1_72hpf_roi1,20251016-plate102-slot1-roi1,20251016.0,102.0,1.0,1.0,20251016_mem-mito_v2,20251016_mem-mito_v2,fish1,1.0,72.0,,272,20251016_mem-mito_v2,2025-10-16,2025-10-16,pDQM082,315,,,,,,,,,sheet
/clusterfs/vast/abcabc/Aang_Foundation/20251016_mem-mito_v2/fish1_72hpf_roi2,20251016-plate102-slot1-roi2,20251016.0,102.0,1.0,2.0,20251016_mem-mito_v2,20251016_mem-mito_v2,fish1,1.0,72.0,,272,20251016_mem-mito_v2,2025-10-16,2025-10-16,pDQM082,315,,,,,,,,,sheet
/clusterfs/vast/abcabc/Aang_Foundation/20251017_nuclear_envelope/fish1_24hpf_roi1_test,20251017-plate103-slot1-roi1,20251017.0,103.0,1.0,1.0,20251017_nuclear_envelope,20251017_nuclear_envelope,fish1,1.0,24.0,,8,20251017_nuclear_envelope,2025-10-17,2025-10-17,,,,,,,,,,,sheet
/clusterfs/vast/abcabc/Aang_Foundation/20251017_nuclear_envelope/fish1_24hpf_roi1_test_SIM,20251017-plate103-slot1-roi2,20251017.0,103.0,1.0,2.0,20251017_nuclear_envelope,20251017_nuclear_envelope,fish1,1.0,24.0,,256,20251017_nuclear_envelope,2025-10-17,2025-10-17,,,,,,,,,,,sheet
/clusterfs/vast/abcabc/Aang_Foundation/20251020_mem-histone/fish1_72hpf_roi1,20251020-plate57-slot1-roi4,20251020.0,57.0,1.0,4.0,20251020_mem-histone,20251020_mem-histone,fish1,1.0,72.0,,3072,20251020_mem-histone,2025-10-20,2025-10-20,pDQM133,324,,,tdmScarlet3,H2B,histone,tdmScarlet3(histone),histone,tdmScarlet3(histone),sheet
/clusterfs/vast/abcabc/Aang_Foundation/20251020_mem-histone/fish1_72hpf_roi2,20251020-plate57-slot1-roi8,20251020.0,57.0,1.0,8.0,20251020_mem-histone,20251020_mem-histone,fish1,1.0,72.0,,3072,20251020_mem-histone,2025-10-20,2025-10-20,pDQM133,324,,,tdmScarlet3,H2B,histone,tdmScarlet3(histone),histone,tdmScarlet3(histone),sheet
/clusterfs/vast/abcabc/Aang_Foundation/20251020_mem-histone/fish1_72hpf_roi3,20251020-plate57-slot1-roi11,20251020.0,57.0,1.0,11.0,20251020_mem-histone,20251020_mem-histone,fish1,1.0,72.0,,3072,20251020_mem-histone,2025-10-20,2025-10-20,pDQM133,324,,,tdmScarlet3,H2B,histone,tdmScarlet3(histone),histone,tdmScarlet3(histone),sheet
/clusterfs/vast/abcabc/Aang_Foundation/20251020_mem-histone/fish1_72hpf_roi4,20251020-plate57-slot1-roi16,20251020.0,57.0,1.0,16.0,20251020_mem-histone,20251020_mem-histone,fish1,1.0,72.0,,3072,20251020_mem-histone,2025-10-20,2025-10-20,pDQM133,324,,,tdmScarlet3,H2B,histone,tdmScarlet3(histone),histone,tdmScarlet3(histone),sheet
/clusterfs/vast/abcabc/Aang_Foundation/20251020_mem-histone/fish1_72hpf_roi5,20251020-plate57-slot1-roi19,20251020.0,57.0,1.0,19.0,20251020_mem-histone,20251020_mem-histone,fish1,1.0,72.0,,3072,20251020_mem-histone,2025-10-20,2025-10-20,pDQM133,324,,,tdmScarlet3,H2B,histone,tdmScarlet3(histone),histone,tdmScarlet3(histone),sheet
/clusterfs/vast/abcabc/Aang_Foundation/20251020_mem-histone/fish1_72hpf_roi6,20251020-plate57-slot1-roi21,20251020.0,57.0,1.0,21.0,20251020_mem-histone,20251020_mem-histone,fish1,1.0,72.0,,3072,20251020_mem-histone,2025-10-20,2025-10-20,pDQM133,324,,,tdmScarlet3,H2B,histone,tdmScarlet3(histone),histone,tdmScarlet3(histone),sheet
/clusterfs/vast/abcabc/Aang_Foundation/20251020_mem-histone/fish1_72hpf_roi7,20251020-plate57-slot1-roi23,20251020.0,57.0,1.0,23.0,20251020_mem-histone,20251020_mem-histone,fish1,1.0,72.0,,3072,20251020_mem-histone,2025-10-20,2025-10-20,pDQM133,324,,,tdmScarlet3,H2B,histone,tdmScarlet3(histone),histone,tdmScarlet3(histone),sheet
/clusterfs/vast/abcabc/Aang_Foundation/20251020_mem-histone/fish2_72hpf_roi1,20251020-plate57-slot2-roi3,20251020.0,57.0,2.0,3.0,20251020_mem-histone,20251020_mem-histone,fish2,2.0,72.0,,3072,20251020_mem-histone,2025-10-20,2025-10-20,pDQM133,324,,,tdmScarlet3,H2B,histone,tdmScarlet3(histone),histone,tdmScarlet3(histone),sheet
/clusterfs/vast/abcabc/Aang_Foundation/20251020_mem-histone/fish2_72hpf_roi2,20251020-plate57-slot2-roi7,20251020.0,57.0,2.0,7.0,20251020_mem-histone,20251020_mem-histone,fish2,2.0,72.0,,3072,20251020_mem-histone,2025-10-20,2025-10-20,pDQM133,324,,,tdmScarlet3,H2B,histone,tdmScarlet3(histone),histone,tdmScarlet3(histone),sheet
/clusterfs/vast/abcabc/Aang_Foundation/20251020_mem-histone/fish3_72hpf_roi1,20251020-plate57-slot3-roi2,20251020.0,57.0,3.0,2.0,20251020_mem-histone,20251020_mem-histone,fish3,3.0,72.0,,3072,20251020_mem-histone,2025-10-20,2025-10-20,pDQM133,324,,,tdmScarlet3,H2B,histone,tdmScarlet3(histone),histone,tdmScarlet3(histone),sheet
/clusterfs/vast/abcabc/Aang_Foundation/20251020_mem-histone/fish3_72hpf_roi2,20251020-plate57-slot3-roi4,20251020.0,57.0,3.0,4.0,20251020_mem-histone,20251020_mem-histone,fish3,3.0,72.0,,3072,20251020_mem-histone,2025-10-20,2025-10-20,pDQM133,324,,,tdmScarlet3,H2B,histone,tdmScarlet3(histone),histone,tdmScarlet3(histone),sheet
/clusterfs/vast/abcabc/Aang_Foundation/20251020_mem-histone/fish3_72hpf_roi3,20251020-plate57-slot3-roi5,20251020.0,57.0,3.0,5.0,20251020_mem-histone,20251020_mem-histone,fish3,3.0,72.0,,3072,20251020_mem-histone,2025-10-20,2025-10-20,pDQM133,324,,,tdmScarlet3,H2B,histone,tdmScarlet3(histone),histone,tdmScarlet3(histone),sheet
/clusterfs/vast/abcabc/Aang_Foundation/20251021_mem-mito/fish1_24hpf_roi1,20251021-plate104-slot1-roi1,20251021.0,104.0,1.0,1.0,20251021_mem-mito,20251021_mem-mito,fish1,1.0,24.0,,544,20251021_mem-mito,2025-10-21,2025-10-21,pDQM082,315,,,,,,,,,sheet
/clusterfs/vast/abcabc/Aang_Foundation/20251021_mem-mito/fish1_24hpf_roi2,20251021-plate104-slot1-roi2,20251021.0,104.0,1.0,2.0,20251021_mem-mito,20251021_mem-mito,fish1,1.0,24.0,,544,20251021_mem-mito,2025-10-21,2025-10-21,pDQM082,315,,,,,,,,,sheet
/clusterfs/vast/abcabc/Aang_Foundation/20251021_mem-mito/fish2_24hpf_roi1,20251021-plate104-slot2-roi1,20251021.0,104.0,2.0,1.0,20251021_mem-mito,20251021_mem-mito,fish2,2.0,24.0,,544,20251021_mem-mito,2025-10-21,2025-10-21,pDQM082,315,,,,,,,,,sheet
/clusterfs/vast/abcabc/Aang_Foundation/20251021_mem-mito/fish2_24hpf_roi2,20251021-plate104-slot2-roi2,20251021.0,104.0,2.0,2.0,20251021_mem-mito,20251021_mem-mito,fish2,2.0,24.0,,544,20251021_mem-mito,2025-10-21,2025-10-21,pDQM082,315,,,,,,,,,sheet
/clusterfs/vast/abcabc/Aang_Foundation/20251021_mem-mito/fish3_24hpf_roi1,20251021-plate104-slot3-roi1,20251021.0,104.0,3.0,1.0,20251021_mem-mito,20251021_mem-mito,fish3,3.0,24.0,,544,20251021_mem-mito,2025-10-21,2025-10-21,pDQM082,315,,,,,,,,,sheet
/clusterfs/vast/abcabc/Aang_Foundation/20251021_mem-mito/fish3_24hpf_roi2,20251021-plate104-slot3-roi2,20251021.0,104.0,3.0,2.0,20251021_mem-mito,20251021_mem-mito,fish3,3.0,24.0,,544,20251021_mem-mito,2025-10-21,2025-10-21,pDQM082,315,,,,,,,,,sheet
/clusterfs/vast/abcabc/Aang_Foundation/20251021_mem-mito/fish4_24hpf_roi1,20251021-plate104-slot4-roi1,20251021.0,104.0,4.0,1.0,20251021_mem-mito,20251021_mem-mito,fish4,4.0,24.0,,544,20251021_mem-mito,2025-10-21,2025-10-21,pDQM082,315,,,,,,,,,sheet
/clusterfs/vast/abcabc/Aang_Foundation/20251021_mem-mito/fish5_24hpf_roi1,20251021-plate104-slot5-roi1,20251021.0,104.0,5.0,1.0,20251021_mem-mito,20251021_mem-mito,fish5,5.0,24.0,,544,20251021_mem-mito,2025-10-21,2025-10-21,pDQM082,315,,,,,,,,,sheet
/clusterfs/vast/abcabc/Aang_Foundation/20251021_mem-mito/fish6_24hpf_roi1,20251021-plate104-slot6-roi1,20251021.0,104.0,6.0,1.0,20251021_mem-mito,20251021_mem-mito,fish6,6.0,24.0,,544,20251021_mem-mito,2025-10-21,2025-10-21,pDQM082,315,,,,,,,,,sheet
/clusterfs/vast/abcabc/Aang_Foundation/20251021_mem-mito/fish6_24hpf_roi2,20251021-plate104-slot6-roi2,20251021.0,104.0,6.0,2.0,20251021_mem-mito,20251021_mem-mito,fish6,6.0,24.0,,544,20251021_mem-mito,2025-10-21,2025-10-21,pDQM082,315,,,,,,,,,sheet
/clusterfs/vast/abcabc/Aang_Foundation/20251021_mem-mito_v2/fish1_24hpf_roi1,20251021-plate105-slot1-roi1,20251021.0,105.0,1.0,1.0,20251021_mem-mito_v2,20251021_mem-mito_v2,fish1,1.0,24.0,,544,20251021_mem-mito_v2,2025-10-22,2025-10-21,pDQM136,325,,,tdmScarlet3,2xLynk,membrane,tdmScarlet3(membrane),membrane,tdmScarlet3(membrane),sheet
/clusterfs/vast/abcabc/Aang_Foundation/20251021_mem-mito_v2/fish2_24hpf_roi1,20251021-plate105-slot2-roi1,20251021.0,105.0,2.0,1.0,20251021_mem-mito_v2,20251021_mem-mito_v2,fish2,2.0,24.0,,544,20251021_mem-mito_v2,2025-10-22,2025-10-21,pDQM136,325,,,tdmScarlet3,2xLynk,membrane,tdmScarlet3(membrane),membrane,tdmScarlet3(membrane),sheet
/clusterfs/vast/abcabc/Aang_Foundation/20251021_mem-mito_v2/fish2_24hpf_roi2,20251021-plate105-slot2-roi2,20251021.0,105.0,2.0,2.0,20251021_mem-mito_v2,20251021_mem-mito_v2,fish2,2.0,24.0,,544,20251021_mem-mito_v2,2025-10-22,2025-10-21,pDQM136,325,,,tdmScarlet3,2xLynk,membrane,tdmScarlet3(membrane),membrane,tdmScarlet3(membrane),sheet
/clusterfs/vast/abcabc/Aang_Foundation/20251021_mem-mito_v2/fish4_24hpf_roi1,20251021-plate105-slot3-roi1,20251021.0,105.0,3.0,1.0,20251021_mem-mito_v2,20251021_mem-mito_v2,fish4,4.0,24.0,,544,20251021_mem-mito_v2,2025-10-22,2025-10-21,pDQM136,325,,,tdmScarlet3,2xLynk,membrane,tdmScarlet3(membrane),membrane,tdmScarlet3(membrane),sheet
/clusterfs/vast/abcabc/Aang_Foundation/20251021_mem-mito_v2/fish4_24hpf_roi2,20251021-plate105-slot3-roi2,20251021.0,105.0,3.0,2.0,20251021_mem-mito_v2,20251021_mem-mito_v2,fish4,4.0,24.0,,544,20251021_mem-mito_v2,2025-10-22,2025-10-21,pDQM136,325,,,tdmScarlet3,2xLynk,membrane,tdmScarlet3(membrane),membrane,tdmScarlet3(membrane),sheet
/clusterfs/vast/abcabc/Aang_Foundation/20251021_mem-mito_v2/fish4_24hpf_roi3,20251021-plate105-slot3-roi3,20251021.0,105.0,3.0,3.0,20251021_mem-mito_v2,20251021_mem-mito_v2,fish4,4.0,24.0,,544,20251021_mem-mito_v2,2025-10-22,2025-10-21,pDQM136,325,,,tdmScarlet3,2xLynk,membrane,tdmScarlet3(membrane),membrane,tdmScarlet3(membrane),sheet
/clusterfs/vast/abcabc/Aang_Foundation/20251021_mem-mito_v2/fish4_24hpf_roi4,20251021-plate105-slot3-roi4,20251021.0,105.0,3.0,4.0,20251021_mem-mito_v2,20251021_mem-mito_v2,fish4,4.0,24.0,,544,20251021_mem-mito_v2,2025-10-22,2025-10-21,pDQM136,325,,,tdmScarlet3,2xLynk,membrane,tdmScarlet3(membrane),membrane,tdmScarlet3(membrane),sheet
/clusterfs/vast/abcabc/Aang_Foundation/20251022_mem-mito/fish1_48hpf_roi1,20251022-plate106-slot1-roi1,20251022.0,106.0,1.0,1.0,20251022_mem-mito,20251022_mem-mito,fish1,1.0,48.0,,544,20251022_mem-mito,2025-10-23,2025-10-22,pDQM082,315,,,,,,,,,sheet
/clusterfs/vast/abcabc/Aang_Foundation/20251022_mem-mito/fish3_48hpf_roi1,20251022-plate106-slot2-roi1,20251022.0,106.0,2.0,1.0,20251022_mem-mito,20251022_mem-mito,fish3,3.0,48.0,,544,20251022_mem-mito,2025-10-23,2025-10-22,pDQM082,315,,,,,,,,,sheet
/clusterfs/vast/abcabc/Aang_Foundation/20251022_mem-mito/fish3_48hpf_roi2,20251022-plate106-slot2-roi2,20251022.0,106.0,2.0,2.0,20251022_mem-mito,20251022_mem-mito,fish3,3.0,48.0,,544,20251022_mem-mito,2025-10-23,2025-10-22,pDQM082,315,,,,,,,,,sheet
/clusterfs/vast/abcabc/Aang_Foundation/20251022_mem-mito/fish4_48hpf_roi1,20251022-plate106-slot3-roi1,20251022.0,106.0,3.0,1.0,20251022_mem-mito,20251022_mem-mito,fish4,4.0,48.0,,544,20251022_mem-mito,2025-10-23,2025-10-22,pDQM082,315,,,,,,,,,sheet
/clusterfs/vast/abcabc/Aang_Foundation/20251023_mem-mito/fish1_24hpf_roi1,20251023-plate107-slot1-roi1,20251023.0,107.0,1.0,1.0,20251023_mem-mito,20251023_mem-mito,fish1,1.0,24.0,,544,20251023_mem-mito,2025-10-24,2025-10-23,pDQM082,315,,,tdmChilada,2xLynk,membrane,tdmChilada(membrane),membrane,tdmChilada(membrane),sheet
/clusterfs/vast/abcabc/Aang_Foundation/20251023_mem-mito/fish1_24hpf_roi2,20251023-plate107-slot1-roi2,20251023.0,107.0,1.0,2.0,20251023_mem-mito,20251023_mem-mito,fish1,1.0,24.0,,544,20251023_mem-mito,2025-10-24,2025-10-23,pDQM082,315,,,tdmChilada,2xLynk,membrane,tdmChilada(membrane),membrane,tdmChilada(membrane),sheet
/clusterfs/vast/abcabc/Aang_Foundation/20251023_mem-mito/fish3_24hpf_roi1,20251023-plate107-slot2-roi1,20251023.0,107.0,2.0,1.0,20251023_mem-mito,20251023_mem-mito,fish3,3.0,24.0,,544,20251023_mem-mito,2025-10-24,2025-10-23,pDQM082,315,,,tdmChilada,2xLynk,membrane,tdmChilada(membrane),membrane,tdmChilada(membrane),sheet
/clusterfs/vast/abcabc/Aang_Foundation/20251027_mem-histone/fish1_120hpf_roi1,20251027-plate60-slot1-roi1,20251027.0,60.0,1.0,1.0,20251027_mem-histone,20251027_mem-histone,fish1,1.0,120.0,,4608,20251027_mem-histone,2025-10-27,2025-10-27,pDQM133,324,,,tdmScarlet3,H2B,histone,tdmScarlet3(histone),histone,tdmScarlet3(histone),sheet
/clusterfs/vast/abcabc/Aang_Foundation/20251027_mem-histone/fish1_120hpf_roi2,20251027-plate60-slot1-roi3,20251027.0,60.0,1.0,3.0,20251027_mem-histone,20251027_mem-histone,fish1,1.0,120.0,,4608,20251027_mem-histone,2025-10-27,2025-10-27,pDQM133,324,,,tdmScarlet3,H2B,histone,tdmScarlet3(histone),histone,tdmScarlet3(histone),sheet
/clusterfs/vast/abcabc/Aang_Foundation/20251027_mem-histone/fish3_120hpf_roi1,20251027-plate60-slot2-roi1,20251027.0,60.0,2.0,1.0,20251027_mem-histone,20251027_mem-histone,fish3,3.0,120.0,,4608,20251027_mem-histone,2025-10-27,2025-10-27,pDQM133,324,,,tdmScarlet3,H2B,histone,tdmScarlet3(histone),histone,tdmScarlet3(histone),sheet
/clusterfs/vast/abcabc/Aang_Foundation/20251027_mem-histone/fish3_120hpf_roi2,20251027-plate60-slot2-roi4,20251027.0,60.0,2.0,4.0,20251027_mem-histone,20251027_mem-histone,fish3,3.0,120.0,,4608,20251027_mem-histone,2025-10-27,2025-10-27,pDQM133,324,,,tdmScarlet3,H2B,histone,tdmScarlet3(histone),histone,tdmScarlet3(histone),sheet
/clusterfs/vast/abcabc/Aang_Foundation/20251027_mem-histone/fish3_120hpf_roi3,20251027-plate60-slot2-roi5,20251027.0,60.0,2.0,5.0,20251027_mem-histone,20251027_mem-histone,fish3,3.0,120.0,,4608,20251027_mem-histone,2025-10-27,2025-10-27,pDQM133,324,,,tdmScarlet3,H2B,histone,tdmScarlet3(histone),histone,tdmScarlet3(histone),sheet
/clusterfs/vast/abcabc/Aang_Foundation/20251027_mem-histone/fish3_120hpf_roi4,20251027-plate60-slot2-roi7,20251027.0,60.0,2.0,7.0,20251027_mem-histone,20251027_mem-histone,fish3,3.0,120.0,,4608,20251027_mem-histone,2025-10-27,2025-10-27,pDQM133,324,,,tdmScarlet3,H2B,histone,tdmScarlet3(histone),histone,tdmScarlet3(histone),sheet
/clusterfs/vast/abcabc/Aang_Foundation/20251027_mem-histone/fish3_120hpf_roi5,20251027-plate60-slot2-roi9,20251027.0,60.0,2.0,9.0,20251027_mem-histone,20251027_mem-histone,fish3,3.0,120.0,,4608,20251027_mem-histone,2025-10-27,2025-10-27,pDQM133,324,,,tdmScarlet3,H2B,histone,tdmScarlet3(histone),histone,tdmScarlet3(histone),sheet
/clusterfs/vast/abcabc/Aang_Foundation/20251027_mem-histone/fish3_120hpf_roi6,20251027-plate60-slot2-roi11,20251027.0,60.0,2.0,11.0,20251027_mem-histone,20251027_mem-histone,fish3,3.0,120.0,,4608,20251027_mem-histone,2025-10-27,2025-10-27,pDQM133,324,,,tdmScarlet3,H2B,histone,tdmScarlet3(histone),histone,tdmScarlet3(histone),sheet
/clusterfs/vast/abcabc/Aang_Foundation/20251027_mem-histone/fish3_120hpf_roi7,20251027-plate60-slot2-roi13,20251027.0,60.0,2.0,13.0,20251027_mem-histone,20251027_mem-histone,fish3,3.0,120.0,,4608,20251027_mem-histone,2025-10-27,2025-10-27,pDQM133,324,,,tdmScarlet3,H2B,histone,tdmScarlet3(histone),histone,tdmScarlet3(histone),sheet
/clusterfs/vast/abcabc/Aang_Foundation/20251028_mem-mito/fish1_24hpf_roi1,20251028-plate108-slot1-roi1,20251028.0,108.0,1.0,1.0,20251028_mem-mito,20251028_mem-mito,fish1,1.0,24.0,,989,20251028_mem-mito,2025-10-28,2025-10-28,pDQM082,315,,,,,,,,,sheet
/clusterfs/vast/abcabc/Aang_Foundation/20251028_mem-peroxi/fish1_24hpf_roi1,20251028-plate109-slot1-roi1,20251028.0,109.0,1.0,1.0,20251028_mem-peroxi,20251028_mem-peroxi,fish1,1.0,24.0,,1911,20251028_mem-peroxi,2025-10-28,2025-10-28,,,,,,,,,,,sheet
/clusterfs/vast/abcabc/Aang_Foundation/20251028_mem-peroxi/fish4_24hpf_roi1,20251028-plate109-slot2-roi1,20251028.0,109.0,2.0,1.0,20251028_mem-peroxi,20251028_mem-peroxi,fish4,4.0,24.0,,612,20251028_mem-peroxi,2025-10-28,2025-10-28,,,,,,,,,,,sheet
/clusterfs/vast/abcabc/Aang_Foundation/20251028_mem-peroxi/fish4_24hpf_roi2,20251028-plate109-slot2-roi2,20251028.0,109.0,2.0,2.0,20251028_mem-peroxi,20251028_mem-peroxi,fish4,4.0,24.0,,612,20251028_mem-peroxi,2025-10-28,2025-10-28,,,,,,,,,,,sheet
/clusterfs/vast/abcabc/Aang_Foundation/20251028_mem-peroxi/fish5_24hpf_roi1,20251028-plate109-slot3-roi1,20251028.0,109.0,3.0,1.0,20251028_mem-peroxi,20251028_mem-peroxi,fish5,5.0,24.0,,612,20251028_mem-peroxi,2025-10-28,2025-10-28,,,,,,,,,,,sheet
/clusterfs/vast/abcabc/Aang_Foundation/20251028_mem-peroxi/fish5_24hpf_roi2,20251028-plate109-slot3-roi2,20251028.0,109.0,3.0,2.0,20251028_mem-peroxi,20251028_mem-peroxi,fish5,5.0,24.0,,612,20251028_mem-peroxi,2025-10-28,2025-10-28,,,,,,,,,,,sheet
/clusterfs/vast/abcabc/Aang_Foundation/20251028_mem-peroxi2/fish1_24hpf_roi1,20251028-plate110-slot1-roi1,20251028.0,110.0,1.0,1.0,20251028_mem-peroxi2,20251028_mem-peroxi2,fish1,1.0,24.0,,612,20251028_mem-peroxi2,2025-10-29,2025-10-28,,,,,,,,,,,sheet
/clusterfs/vast/abcabc/Aang_Foundation/20251028_mem-peroxi2/fish2_24hpf_roi1,20251028-plate110-slot2-roi1,20251028.0,110.0,2.0,1.0,20251028_mem-peroxi2,20251028_mem-peroxi2,fish2,2.0,24.0,,612,20251028_mem-peroxi2,2025-10-29,2025-10-28,,,,,,,,,,,sheet
/clusterfs/vast/abcabc/Aang_Foundation/20251028_mem-peroxi2/fish4_24hpf_roi1,20251028-plate110-slot3-roi1,20251028.0,110.0,3.0,1.0,20251028_mem-peroxi2,20251028_mem-peroxi2,fish4,4.0,24.0,,612,20251028_mem-peroxi2,2025-10-29,2025-10-28,,,,,,,,,,,sheet
/clusterfs/vast/abcabc/Aang_Foundation/20251028_mem-peroxi2/fish5_24hpf_roi1,20251028-plate110-slot4-roi1,20251028.0,110.0,4.0,1.0,20251028_mem-peroxi2,20251028_mem-peroxi2,fish5,5.0,24.0,,816,20251028_mem-peroxi2,2025-10-29,2025-10-28,,,,,,,,,,,sheet
/clusterfs/vast/abcabc/Aang_Foundation/20251028_mem-peroxi2/fish6_24hpf_roi1,20251028-plate110-slot5-roi1,20251028.0,110.0,5.0,1.0,20251028_mem-peroxi2,20251028_mem-peroxi2,fish6,6.0,24.0,,816,20251028_mem-peroxi2,2025-10-29,2025-10-28,,,,,,,,,,,sheet
/clusterfs/vast/abcabc/Aang_Foundation/20251029_peroxi/fish1_roi1,20251029-plate111-slot1-roi1,20251029.0,111.0,1.0,1.0,20251029_peroxi,20251029_peroxi,fish1,1.0,,,2,20251029_peroxi,2025-10-30,2025-10-29,pDQM136,325,,,,,,,,,sheet
/clusterfs/vast/abcabc/Aang_Foundation/20251105_mem-mito/fish1_24hpf_roi1,20251105-plate112-slot1-roi1,20251105.0,112.0,1.0,1.0,20251105_mem-mito,20251105_mem-mito,fish1,1.0,24.0,,408,20251105_mem-mito,2025-11-05,2025-11-05,pDQM082,315,,,tdmChilada,2xLynk,membrane,tdmChilada(membrane),membrane,tdmChilada(membrane),sheet
/clusterfs/vast/abcabc/Aang_Foundation/20251105_mem-mito/fish2_24hpf_roi1,20251105-plate112-slot2-roi1,20251105.0,112.0,2.0,1.0,20251105_mem-mito,20251105_mem-mito,fish2,2.0,24.0,,408,20251105_mem-mito,2025-11-05,2025-11-05,pDQM082,315,,,tdmChilada,2xLynk,membrane,tdmChilada(membrane),membrane,tdmChilada(membrane),sheet
/clusterfs/vast/abcabc/Aang_Foundation/20251105_mem-mito/fish2_24hpf_roi2,20251105-plate112-slot2-roi2,20251105.0,112.0,2.0,2.0,20251105_mem-mito,20251105_mem-mito,fish2,2.0,24.0,,340,20251105_mem-mito,2025-11-05,2025-11-05,pDQM082,315,,,tdmChilada,2xLynk,membrane,tdmChilada(membrane),membrane,tdmChilada(membrane),sheet
/clusterfs/vast/abcabc/Aang_Foundation/20251105_mem-mito/fish3_24hpf_roi1,20251105-plate112-slot3-roi1,20251105.0,112.0,3.0,1.0,20251105_mem-mito,20251105_mem-mito,fish3,3.0,24.0,,272,20251105_mem-mito,2025-11-05,2025-11-05,pDQM082,315,,,tdmChilada,2xLynk,membrane,tdmChilada(membrane),membrane,tdmChilada(membrane),sheet
/clusterfs/vast/abcabc/Aang_Foundation/20251105_mem-mito/fish3_24hpf_roi2,20251105-plate112-slot3-roi2,20251105.0,112.0,3.0,2.0,20251105_mem-mito,20251105_mem-mito,fish3,3.0,24.0,,272,20251105_mem-mito,2025-11-05,2025-11-05,pDQM082,315,,,tdmChilada,2xLynk,membrane,tdmChilada(membrane),membrane,tdmChilada(membrane),sheet
/clusterfs/vast/abcabc/Aang_Foundation/20251105_mem-mito/fish4_24hpf_roi1,20251105-plate112-slot4-roi1,20251105.0,112.0,4.0,1.0,20251105_mem-mito,20251105_mem-mito,fish4,4.0,24.0,,272,20251105_mem-mito,2025-11-05,2025-11-05,pDQM082,315,,,tdmChilada,2xLynk,membrane,tdmChilada(membrane),membrane,tdmChilada(membrane),sheet
/clusterfs/vast/abcabc/Aang_Foundation/20251105_mem-mito/fish4_24hpf_roi2,20251105-plate112-slot4-roi2,20251105.0,112.0,4.0,2.0,20251105_mem-mito,20251105_mem-mito,fish4,4.0,24.0,,272,20251105_mem-mito,2025-11-05,2025-11-05,pDQM082,315,,,tdmChilada,2xLynk,membrane,tdmChilada(membrane),membrane,tdmChilada(membrane),sheet
/clusterfs/vast/abcabc/Aang_Foundation/20251105_mem-mito/fish5_24hpf_roi1,20251105-plate112-slot5-roi1,20251105.0,112.0,5.0,1.0,20251105_mem-mito,20251105_mem-mito,fish5,5.0,24.0,,272,20251105_mem-mito,2025-11-05,2025-11-05,pDQM082,315,,,tdmChilada,2xLynk,membrane,tdmChilada(membrane),membrane,tdmChilada(membrane),sheet
/clusterfs/vast/abcabc/Aang_Foundation/20251105_mem-mito/fish5_24hpf_roi2,20251105-plate112-slot5-roi2,20251105.0,112.0,5.0,2.0,20251105_mem-mito,20251105_mem-mito,fish5,5.0,24.0,,272,20251105_mem-mito,2025-11-05,2025-11-05,pDQM082,315,,,tdmChilada,2xLynk,membrane,tdmChilada(membrane),membrane,tdmChilada(membrane),sheet
/clusterfs/vast/abcabc/Aang_Foundation/20251106_mem-mito/fish1_48hpf_roi1,20251106-plate62-slot1-roi2,20251106.0,62.0,1.0,2.0,20251106_mem-mito,20251106_mem-mito,fish1,1.0,48.0,,272,20251106_mem-mito,2025-11-06,2025-11-06,pDQM082,315,,,tdmChilada,2xLynk,membrane,tdmChilada(membrane),membrane,tdmChilada(membrane),sheet
/clusterfs/vast/abcabc/Aang_Foundation/20251106_mem-mito/fish1_48hpf_roi2,20251106-plate62-slot1-roi4,20251106.0,62.0,1.0,4.0,20251106_mem-mito,20251106_mem-mito,fish1,1.0,48.0,,544,20251106_mem-mito,2025-11-06,2025-11-06,pDQM082,315,,,tdmChilada,2xLynk,membrane,tdmChilada(membrane),membrane,tdmChilada(membrane),sheet
/clusterfs/vast/abcabc/Aang_Foundation/20251106_mem-mito/fish2_48hpf_roi1,20251106-plate62-slot2-roi2,20251106.0,62.0,2.0,2.0,20251106_mem-mito,20251106_mem-mito,fish2,2.0,48.0,,272,20251106_mem-mito,2025-11-06,2025-11-06,pDQM082,315,,,tdmChilada,2xLynk,membrane,tdmChilada(membrane),membrane,tdmChilada(membrane),sheet
/clusterfs/vast/abcabc/Aang_Foundation/20251106_mem-mito/fish2_48hpf_roi2,20251106-plate62-slot2-roi4,20251106.0,62.0,2.0,4.0,20251106_mem-mito,20251106_mem-mito,fish2,2.0,48.0,,272,20251106_mem-mito,2025-11-06,2025-11-06,pDQM082,315,,,tdmChilada,2xLynk,membrane,tdmChilada(membrane),membrane,tdmChilada(membrane),sheet
/clusterfs/vast/abcabc/Aang_Foundation/20251106_mem-mito/fish2_48hpf_roi3,20251106-plate62-slot2-roi6,20251106.0,62.0,2.0,6.0,20251106_mem-mito,20251106_mem-mito,fish2,2.0,48.0,,272,20251106_mem-mito,2025-11-06,2025-11-06,pDQM082,315,,,tdmChilada,2xLynk,membrane,tdmChilada(membrane),membrane,tdmChilada(membrane),sheet
/clusterfs/vast/abcabc/Aang_Foundation/20251106_mem-mito/fish2_48hpf_roi4,20251106-plate62-slot2-roi8,20251106.0,62.0,2.0,8.0,20251106_mem-mito,20251106_mem-mito,fish2,2.0,48.0,,272,20251106_mem-mito,2025-11-06,2025-11-06,pDQM082,315,,,tdmChilada,2xLynk,membrane,tdmChilada(membrane),membrane,tdmChilada(membrane),sheet
/clusterfs/vast/abcabc/Aang_Foundation/20251106_mem-mito/fish3_48hpf_roi1,20251106-plate62-slot3-roi1,20251106.0,62.0,3.0,1.0,20251106_mem-mito,20251106_mem-mito,fish3,3.0,48.0,,272,20251106_mem-mito,2025-11-06,2025-11-06,pDQM082,315,,,tdmChilada,2xLynk,membrane,tdmChilada(membrane),membrane,tdmChilada(membrane),sheet
/clusterfs/vast/abcabc/Aang_Foundation/20251106_mem-mito/fish3_48hpf_roi2,20251106-plate62-slot3-roi2,20251106.0,62.0,3.0,2.0,20251106_mem-mito,20251106_mem-mito,fish3,3.0,48.0,,272,20251106_mem-mito,2025-11-06,2025-11-06,pDQM082,315,,,tdmChilada,2xLynk,membrane,tdmChilada(membrane),membrane,tdmChilada(membrane),sheet
/clusterfs/vast/abcabc/Aang_Foundation/20251106_mem-mito/fish3_48hpf_roi3,20251106-plate62-slot3-roi3,20251106.0,62.0,3.0,3.0,20251106_mem-mito,20251106_mem-mito,fish3,3.0,48.0,,272,20251106_mem-mito,2025-11-06,2025-11-06,pDQM082,315,,,tdmChilada,2xLynk,membrane,tdmChilada(membrane),membrane,tdmChilada(membrane),sheet
/clusterfs/vast/abcabc/Aang_Foundation/20251106_mem-mito/fish4_48hpf_roi1,20251106-plate62-slot4-roi1,20251106.0,62.0,4.0,1.0,20251106_mem-mito,20251106_mem-mito,fish4,4.0,48.0,,272,20251106_mem-mito,2025-11-06,2025-11-06,pDQM082,315,,,tdmChilada,2xLynk,membrane,tdmChilada(membrane),membrane,tdmChilada(membrane),sheet
/clusterfs/vast/abcabc/Aang_Foundation/20251106_mem-mito/fish4_48hpf_roi2,20251106-plate62-slot4-roi2,20251106.0,62.0,4.0,2.0,20251106_mem-mito,20251106_mem-mito,fish4,4.0,48.0,,272,20251106_mem-mito,2025-11-06,2025-11-06,pDQM082,315,,,tdmChilada,2xLynk,membrane,tdmChilada(membrane),membrane,tdmChilada(membrane),sheet
/clusterfs/vast/abcabc/Aang_Foundation/20251106_mem-mito/fish4_48hpf_roi3,20251106-plate62-slot4-roi3,20251106.0,62.0,4.0,3.0,20251106_mem-mito,20251106_mem-mito,fish4,4.0,48.0,,272,20251106_mem-mito,2025-11-06,2025-11-06,pDQM082,315,,,tdmChilada,2xLynk,membrane,tdmChilada(membrane),membrane,tdmChilada(membrane),sheet
/clusterfs/vast/abcabc/Aang_Foundation/20251106_mem-mito/fish4_48hpf_roi4,20251106-plate62-slot4-roi4,20251106.0,62.0,4.0,4.0,20251106_mem-mito,20251106_mem-mito,fish4,4.0,48.0,,272,20251106_mem-mito,2025-11-06,2025-11-06,pDQM082,315,,,tdmChilada,2xLynk,membrane,tdmChilada(membrane),membrane,tdmChilada(membrane),sheet
/clusterfs/vast/abcabc/Aang_Foundation/20251106_mem-mito/fish5_48hpf_roi1,20251106-plate62-slot5-roi1,20251106.0,62.0,5.0,1.0,20251106_mem-mito,20251106_mem-mito,fish5,5.0,48.0,,272,20251106_mem-mito,2025-11-06,2025-11-06,pDQM082,315,,,tdmChilada,2xLynk,membrane,tdmChilada(membrane),membrane,tdmChilada(membrane),sheet
/clusterfs/vast/abcabc/Aang_Foundation/20251106_mem-mito/fish5_48hpf_roi2,20251106-plate62-slot5-roi2,20251106.0,62.0,5.0,2.0,20251106_mem-mito,20251106_mem-mito,fish5,5.0,48.0,,272,20251106_mem-mito,2025-11-06,2025-11-06,pDQM082,315,,,tdmChilada,2xLynk,membrane,tdmChilada(membrane),membrane,tdmChilada(membrane),sheet
/clusterfs/vast/abcabc/Aang_Foundation/20251106_mem-mito/fish5_48hpf_roi3,20251106-plate62-slot5-roi3,20251106.0,62.0,5.0,3.0,20251106_mem-mito,20251106_mem-mito,fish5,5.0,48.0,,272,20251106_mem-mito,2025-11-06,2025-11-06,pDQM082,315,,,tdmChilada,2xLynk,membrane,tdmChilada(membrane),membrane,tdmChilada(membrane),sheet
/clusterfs/vast/abcabc/Aang_Foundation/20251107_mem-kinectocore/fish1_72hpf_roi1,20251107-plate113-slot1-roi1,20251107.0,113.0,1.0,1.0,20251107_mem-kinectocore,20251107_mem-kinectocore,fish1,1.0,72.0,,504,20251107_mem-kinectocore,,,,,,,,,,,,,unmatched
/clusterfs/vast/abcabc/Aang_Foundation/20251107_mem-mito/fish1_24hpf_roi1,20251107-plate114-slot1-roi1,20251107.0,114.0,1.0,1.0,20251107_mem-mito,20251107_mem-mito,fish1,1.0,24.0,,37,20251107_mem-mito,,,pDQM082,315,,,,,,,,,unmatched
/clusterfs/vast/abcabc/Aang_Foundation/20251107_mem-mito/fish1_24hpf_roi1-2,20251107-plate114-slot1-roi2,20251107.0,114.0,1.0,2.0,20251107_mem-mito,20251107_mem-mito,fish1,1.0,24.0,,400,20251107_mem-mito,,,pDQM082,315,,,,,,,,,unmatched
/clusterfs/vast/abcabc/Aang_Foundation/20251107_mem-mito/fish1_24hpf_roi2,20251107-plate114-slot1-roi3,20251107.0,114.0,1.0,3.0,20251107_mem-mito,20251107_mem-mito,fish1,1.0,24.0,,400,20251107_mem-mito,,,pDQM082,315,,,,,,,,,unmatched
/clusterfs/vast/abcabc/Aang_Foundation/20251107_mem-mito/fish1_24hpf_roi3,20251107-plate114-slot1-roi4,20251107.0,114.0,1.0,4.0,20251107_mem-mito,20251107_mem-mito,fish1,1.0,24.0,,115,20251107_mem-mito,,,pDQM082,315,,,,,,,,,unmatched
/clusterfs/vast/abcabc/Aang_Foundation/20251107_mem-mito/fish2_24hpf_roi3,20251107-plate114-slot2-roi1,20251107.0,114.0,2.0,1.0,20251107_mem-mito,20251107_mem-mito,fish2,2.0,24.0,,400,20251107_mem-mito,,,pDQM082,315,,,,,,,,,unmatched
/clusterfs/vast/abcabc/Aang_Foundation/20251107_mem-mito/fish3_24hpf_roi1,20251107-plate114-slot3-roi1,20251107.0,114.0,3.0,1.0,20251107_mem-mito,20251107_mem-mito,fish3,3.0,24.0,,400,20251107_mem-mito,,,pDQM082,315,,,,,,,,,unmatched
/clusterfs/vast/abcabc/Aang_Foundation/20251107_mem-mito/fish3_24hpf_roi2,20251107-plate114-slot3-roi2,20251107.0,114.0,3.0,2.0,20251107_mem-mito,20251107_mem-mito,fish3,3.0,24.0,,400,20251107_mem-mito,,,pDQM082,315,,,,,,,,,unmatched
/clusterfs/vast/abcabc/Aang_Foundation/20251107_mem-mito/fish4_24hpf_roi1,20251107-plate114-slot4-roi1,20251107.0,114.0,4.0,1.0,20251107_mem-mito,20251107_mem-mito,fish4,4.0,24.0,,400,20251107_mem-mito,,,pDQM082,315,,,,,,,,,unmatched
/clusterfs/vast/abcabc/Aang_Foundation/20251107_mem-mito/fish4_24hpf_roi2,20251107-plate114-slot4-roi2,20251107.0,114.0,4.0,2.0,20251107_mem-mito,20251107_mem-mito,fish4,4.0,24.0,,400,20251107_mem-mito,,,pDQM082,315,,,,,,,,,unmatched
/clusterfs/vast/abcabc/Aang_Foundation/20251107_mem-mito/fish5_24hpf_roi1,20251107-plate114-slot5-roi1,20251107.0,114.0,5.0,1.0,20251107_mem-mito,20251107_mem-mito,fish5,5.0,24.0,,400,20251107_mem-mito,,,pDQM082,315,,,,,,,,,unmatched
/clusterfs/vast/abcabc/Aang_Foundation/20251107_mem-mito/fish5_24hpf_roi2,20251107-plate114-slot5-roi2,20251107.0,114.0,5.0,2.0,20251107_mem-mito,20251107_mem-mito,fish5,5.0,24.0,,400,20251107_mem-mito,,,pDQM082,315,,,,,,,,,unmatched
/clusterfs/vast/abcabc/Aang_Foundation/20251107_mem-mito/fish6_24hpf_roi1,20251107-plate114-slot6-roi1,20251107.0,114.0,6.0,1.0,20251107_mem-mito,20251107_mem-mito,fish6,6.0,24.0,,400,20251107_mem-mito,,,pDQM082,315,,,,,,,,,unmatched
/clusterfs/vast/abcabc/Aang_Foundation/20251107_mem-mito/fish6_24hpf_roi2,20251107-plate114-slot6-roi2,20251107.0,114.0,6.0,2.0,20251107_mem-mito,20251107_mem-mito,fish6,6.0,24.0,,400,20251107_mem-mito,,,pDQM082,315,,,,,,,,,unmatched
/clusterfs/vast/abcabc/Aang_Foundation/Denoising/20251028_peroxi/roi1_560_10ms,,,,,,Denoising,Denoising,fish1,1.0,,,2,Denoising,,,,,,,,,,,,,unmatched
/clusterfs/vast/abcabc/Aang_Foundation/Denoising/20251028_peroxi/roi1_560_76ms,,,,,,Denoising,Denoising,fish1,1.0,,,2,Denoising,,,,,,,,,,,,,unmatched
/clusterfs/vast/abcabc/Aang_Foundation/Denoising/20251029_mem-histone/fish1_roi1,,,,,,Denoising,Denoising,fish1,1.0,,,96,Denoising,,,,,,,,,,,,,unmatched
/clusterfs/vast/abcabc/Aang_Foundation/Denoising/20251029_mem-histone/fish3_roi1,,,,,,Denoising,Denoising,fish1,1.0,,,288,Denoising,,,,,,,,,,,,,unmatched
/clusterfs/vast/abcabc/Aang_Foundation/Denoising/20251029_mem-histone/fish4_roi1,,,,,,Denoising,Denoising,fish1,1.0,,,288,Denoising,,,,,,,,,,,,,unmatched
/clusterfs/vast/abcabc/Aang_Foundation/Denoising/20251029_mem-histone/fish5_roi1,,,,,,Denoising,Denoising,fish1,1.0,,,288,Denoising,,,,,,,,,,,,,unmatched
/clusterfs/vast/abcabc/Aang_Foundation/Denoising/20251029_mem-histone/fish5_roi2,,,,,,Denoising,Denoising,fish2,2.0,,,288,Denoising,,,,,,,,,,,,,unmatched
/clusterfs/vast/abcabc/Aang_Foundation/Denoising/20251029_mem-histone/fish5_roi3,,,,,,Denoising,Denoising,fish3,3.0,,,288,Denoising,,,,,,,,,,,,,unmatched
/clusterfs/vast/abcabc/Aang_Foundation/Denoising/20251029_peroxi/fish1_roi1,,,,,,Denoising,Denoising,fish1,1.0,,,144,Denoising,,,,,,,,,,,,,unmatched
/clusterfs/vast/abcabc/Aang_Foundation/Denoising/20251029_peroxi/fish3_roi1,,,,,,Denoising,Denoising,fish1,1.0,,,444,Denoising,,,,,,,,,,,,,unmatched
/clusterfs/vast/abcabc/Korra_Foundation/20250428_mem_histone/fish1_72hpf/roi1_tail,20250428-plate1-slot1-roi1,20250428.0,1.0,1.0,1.0,20250428_mem_histone,20250428_mem_histone,fish1,1.0,72.0,tail,3206,20250428_mem_histone,2025-04-28,2025-04-28,pDQM005,301,,,tdmSG,2xLynk,membrane,tdmSG(membrane),membrane,tdmSG(membrane),sheet
/clusterfs/vast/abcabc/Korra_Foundation/20250428_mem_histone/fish1_72hpf/roi2_hindbrain_spine,20250428-plate1-slot1-roi2,20250428.0,1.0,1.0,2.0,20250428_mem_histone,20250428_mem_histone,fish1,1.0,72.0,brain|hindbrain|spine,9760,20250428_mem_histone,2025-04-28,2025-04-28,pDQM005,301,,,tdmSG,2xLynk,membrane,tdmSG(membrane),membrane,tdmSG(membrane),sheet
/clusterfs/vast/abcabc/Korra_Foundation/20250429_mem_cytosol/fish1_24hpf/roi1,20250429-plate2-slot1-roi1,20250429.0,2.0,1.0,1.0,20250429_mem_cytosol,20250429_mem_cytosol,fish1,1.0,24.0,,6873,20250429_mem_cytosol,2025-04-29,2025-04-29,pDQM005,301,pDQM140,,tdmSG,2xLynk,membrane,tdmSG(membrane),membrane,tdmSG(membrane),sheet
/clusterfs/vast/abcabc/Korra_Foundation/20250429_mem_cytosol/fish1_24hpf/roi1_test,20250429-plate2-slot1-roi2,20250429.0,2.0,1.0,2.0,20250429_mem_cytosol,20250429_mem_cytosol,fish1,1.0,24.0,,46,20250429_mem_cytosol,2025-04-29,2025-04-29,pDQM005,301,pDQM140,,tdmSG,2xLynk,membrane,tdmSG(membrane),membrane,tdmSG(membrane),sheet
/clusterfs/vast/abcabc/Korra_Foundation/20250429_mem_cytosol/fish2_48hpf/roi1,20250429-plate2-slot2-roi1,20250429.0,2.0,2.0,1.0,20250429_mem_cytosol,20250429_mem_cytosol,fish2,2.0,48.0,,3180,20250429_mem_cytosol,2025-04-29,2025-04-29,pDQM005,301,pDQM140,,tdmSG,2xLynk,membrane,tdmSG(membrane),membrane,tdmSG(membrane),sheet
/clusterfs/vast/abcabc/Korra_Foundation/20250429_mem_cytosol/fish3_mem-halo_24hpf/roi1,20250429-plate2-slot3-roi1,20250429.0,2.0,3.0,1.0,20250429_mem_cytosol,20250429_mem_cytosol,fish3,3.0,24.0,,18,20250429_mem_cytosol,2025-04-29,2025-04-29,pDQM005,301,pDQM140,,tdmSG,2xLynk,membrane,tdmSG(membrane),membrane,tdmSG(membrane),sheet
/clusterfs/vast/abcabc/Korra_Foundation/20250429_mem_cytosol/fish3_mem-halo_24hpf/roi2,20250429-plate2-slot3-roi2,20250429.0,2.0,3.0,2.0,20250429_mem_cytosol,20250429_mem_cytosol,fish3,3.0,24.0,,5120,20250429_mem_cytosol,2025-04-29,2025-04-29,pDQM005,301,pDQM140,,tdmSG,2xLynk,membrane,tdmSG(membrane),membrane,tdmSG(membrane),sheet
/clusterfs/vast/abcabc/Korra_Foundation/20250429_mem_cytosol/fish4_mem-halo_48hpf/roi1,20250429-plate2-slot4-roi1,20250429.0,2.0,4.0,1.0,20250429_mem_cytosol,20250429_mem_cytosol,fish4,4.0,48.0,,3328,20250429_mem_cytosol,2025-04-29,2025-04-29,pDQM005,301,pDQM140,,tdmSG,2xLynk,membrane,tdmSG(membrane),membrane,tdmSG(membrane),sheet
/clusterfs/vast/abcabc/Korra_Foundation/20250429_mem_cytosol/fish4_mem-halo_48hpf/roi2,20250429-plate2-slot4-roi2,20250429.0,2.0,4.0,2.0,20250429_mem_cytosol,20250429_mem_cytosol,fish4,4.0,48.0,,4608,20250429_mem_cytosol,2025-04-29,2025-04-29,pDQM005,301,pDQM140,,tdmSG,2xLynk,membrane,tdmSG(membrane),membrane,tdmSG(membrane),sheet
/clusterfs/vast/abcabc/Korra_Foundation/20250429_mem_cytosol/fish4_mem-halo_48hpf/roi3,20250429-plate2-slot4-roi3,20250429.0,2.0,4.0,3.0,20250429_mem_cytosol,20250429_mem_cytosol,fish4,4.0,48.0,,6056,20250429_mem_cytosol,2025-04-29,2025-04-29,pDQM005,301,pDQM140,,tdmSG,2xLynk,membrane,tdmSG(membrane),membrane,tdmSG(membrane),sheet
/clusterfs/vast/abcabc/Korra_Foundation/20250513_skittles/fish1/roi1,20250513-plate3-slot1-roi1,20250513.0,3.0,1.0,1.0,20250513_skittles,20250513_skittles,fish1,1.0,,,42,20250513_skittles,2025-05-13,2025-05-13,pDQM034,309,,,,,,,,,sheet
/clusterfs/vast/abcabc/Korra_Foundation/20250513_skittles/fish1/roi2,20250513-plate3-slot1-roi2,20250513.0,3.0,1.0,2.0,20250513_skittles,20250513_skittles,fish1,1.0,,,38,20250513_skittles,2025-05-13,2025-05-13,pDQM034,309,,,,,,,,,sheet
/clusterfs/vast/abcabc/Korra_Foundation/20250513_skittles/fish1/roi2_2,20250513-plate3-slot1-roi3,20250513.0,3.0,1.0,3.0,20250513_skittles,20250513_skittles,fish1,1.0,,,18,20250513_skittles,2025-05-13,2025-05-13,pDQM034,309,,,,,,,,,sheet
/clusterfs/vast/abcabc/Korra_Foundation/20250513_skittles/fish10/roi1,20250513-plate3-slot2-roi1,20250513.0,3.0,2.0,1.0,20250513_skittles,20250513_skittles,fish10,10.0,,,240,20250513_skittles,2025-05-13,2025-05-13,pDQM034,309,,,,,,,,,sheet
/clusterfs/vast/abcabc/Korra_Foundation/20250513_skittles/fish11/roi1,20250513-plate3-slot3-roi1,20250513.0,3.0,3.0,1.0,20250513_skittles,20250513_skittles,fish11,11.0,,,240,20250513_skittles,2025-05-13,2025-05-13,pDQM034,309,,,,,,,,,sheet
/clusterfs/vast/abcabc/Korra_Foundation/20250513_skittles/fish11/roi1_test,20250513-plate3-slot3-roi2,20250513.0,3.0,3.0,2.0,20250513_skittles,20250513_skittles,fish11,11.0,,,4,20250513_skittles,2025-05-13,2025-05-13,pDQM034,309,,,,,,,,,sheet
/clusterfs/vast/abcabc/Korra_Foundation/20250513_skittles/fish12/roi1,20250513-plate3-slot4-roi1,20250513.0,3.0,4.0,1.0,20250513_skittles,20250513_skittles,fish12,12.0,,,18,20250513_skittles,2025-05-13,2025-05-13,pDQM034,309,,,,,,,,,sheet
/clusterfs/vast/abcabc/Korra_Foundation/20250513_skittles/fish12/roi2,20250513-plate3-slot4-roi2,20250513.0,3.0,4.0,2.0,20250513_skittles,20250513_skittles,fish12,12.0,,,18,20250513_skittles,2025-05-13,2025-05-13,pDQM034,309,,,,,,,,,sheet
/clusterfs/vast/abcabc/Korra_Foundation/20250513_skittles/fish12/roi3,20250513-plate3-slot4-roi3,20250513.0,3.0,4.0,3.0,20250513_skittles,20250513_skittles,fish12,12.0,,,18,20250513_skittles,2025-05-13,2025-05-13,pDQM034,309,,,,,,,,,sheet
/clusterfs/vast/abcabc/Korra_Foundation/20250513_skittles/fish13/roi1,20250513-plate3-slot5-roi1,20250513.0,3.0,5.0,1.0,20250513_skittles,20250513_skittles,fish13,13.0,,,18,20250513_skittles,2025-05-13,2025-05-13,pDQM034,309,,,,,,,,,sheet
/clusterfs/vast/abcabc/Korra_Foundation/20250513_skittles/fish13/roi2,20250513-plate3-slot5-roi2,20250513.0,3.0,5.0,2.0,20250513_skittles,20250513_skittles,fish13,13.0,,,18,20250513_skittles,2025-05-13,2025-05-13,pDQM034,309,,,,,,,,,sheet
/clusterfs/vast/abcabc/Korra_Foundation/20250513_skittles/fish13/roi3,20250513-plate3-slot5-roi3,20250513.0,3.0,5.0,3.0,20250513_skittles,20250513_skittles,fish13,13.0,,,18,20250513_skittles,2025-05-13,2025-05-13,pDQM034,309,,,,,,,,,sheet
/clusterfs/vast/abcabc/Korra_Foundation/20250513_skittles/fish13/roi4,20250513-plate3-slot5-roi4,20250513.0,3.0,5.0,4.0,20250513_skittles,20250513_skittles,fish13,13.0,,,18,20250513_skittles,2025-05-13,2025-05-13,pDQM034,309,,,,,,,,,sheet
/clusterfs/vast/abcabc/Korra_Foundation/20250513_skittles/fish14/roi1_brain,20250513-plate3-slot6-roi1,20250513.0,3.0,6.0,1.0,20250513_skittles,20250513_skittles,fish14,14.0,,brain,36,20250513_skittles,2025-05-13,2025-05-13,pDQM034,309,,,,,,,,,sheet
/clusterfs/vast/abcabc/Korra_Foundation/20250513_skittles/fish14/roi2_tailbud,20250513-plate3-slot6-roi2,20250513.0,3.0,6.0,2.0,20250513_skittles,20250513_skittles,fish14,14.0,,tail|tailbud,18,20250513_skittles,2025-05-13,2025-05-13,pDQM034,309,,,,,,,,,sheet
/clusterfs/vast/abcabc/Korra_Foundation/20250513_skittles/fish15/roi1,20250513-plate4-slot1-roi1,20250513.0,4.0,1.0,1.0,20250513_skittles,20250513_skittles,fish15,15.0,,,18,20250513_skittles,2025-05-13,2025-05-13,pDQM034,309,,,,,,,,,sheet
/clusterfs/vast/abcabc/Korra_Foundation/20250513_skittles/fish15/roi2,20250513-plate4-slot1-roi2,20250513.0,4.0,1.0,2.0,20250513_skittles,20250513_skittles,fish15,15.0,,,18,20250513_skittles,2025-05-13,2025-05-13,pDQM034,309,,,,,,,,,sheet
/clusterfs/vast/abcabc/Korra_Foundation/20250513_skittles/fish15/roi3,20250513-plate4-slot1-roi3,20250513.0,4.0,1.0,3.0,20250513_skittles,20250513_skittles,fish15,15.0,,,18,20250513_skittles,2025-05-13,2025-05-13,pDQM034,309,,,,,,,,,sheet
/clusterfs/vast/abcabc/Korra_Foundation/20250513_skittles/fish15/roi4,20250513-plate4-slot1-roi4,20250513.0,4.0,1.0,4.0,20250513_skittles,20250513_skittles,fish15,15.0,,,18,20250513_skittles,2025-05-13,2025-05-13,pDQM034,309,,,,,,,,,sheet
/clusterfs/vast/abcabc/Korra_Foundation/20250513_skittles/fish16/roi1_brain,20250513-plate4-slot2-roi1,20250513.0,4.0,2.0,1.0,20250513_skittles,20250513_skittles,fish16,16.0,,brain,18,20250513_skittles,2025-05-13,2025-05-13,pDQM034,309,,,,,,,,,sheet
/clusterfs/vast/abcabc/Korra_Foundation/20250513_skittles/fish2/roi1,20250513-plate4-slot3-roi1,20250513.0,4.0,3.0,1.0,20250513_skittles,20250513_skittles,fish2,2.0,,,17,20250513_skittles,2025-05-13,2025-05-13,pDQM034,309,,,,,,,,,sheet
/clusterfs/vast/abcabc/Korra_Foundation/20250513_skittles/fish2/roi2,20250513-plate4-slot3-roi2,20250513.0,4.0,3.0,2.0,20250513_skittles,20250513_skittles,fish2,2.0,,,10,20250513_skittles,2025-05-13,2025-05-13,pDQM034,309,,,,,,,,,sheet
/clusterfs/vast/abcabc/Korra_Foundation/20250513_skittles/fish3/roi1,20250513-plate4-slot4-roi1,20250513.0,4.0,4.0,1.0,20250513_skittles,20250513_skittles,fish3,3.0,,,72,20250513_skittles,2025-05-13,2025-05-13,pDQM034,309,,,,,,,,,sheet
/clusterfs/vast/abcabc/Korra_Foundation/20250513_skittles/fish3/roi2,20250513-plate4-slot4-roi2,20250513.0,4.0,4.0,2.0,20250513_skittles,20250513_skittles,fish3,3.0,,,36,20250513_skittles,2025-05-13,2025-05-13,pDQM034,309,,,,,,,,,sheet
/clusterfs/vast/abcabc/Korra_Foundation/20250513_skittles/fish3/roi3,20250513-plate4-slot4-roi3,20250513.0,4.0,4.0,3.0,20250513_skittles,20250513_skittles,fish3,3.0,,,36,20250513_skittles,2025-05-13,2025-05-13,pDQM034,309,,,,,,,,,sheet
/clusterfs/vast/abcabc/Korra_Foundation/20250513_skittles/fish3/roi4,20250513-plate4-slot4-roi4,20250513.0,4.0,4.0,4.0,20250513_skittles,20250513_skittles,fish3,3.0,,,36,20250513_skittles,2025-05-13,2025-05-13,pDQM034,309,,,,,,,,,sheet
/clusterfs/vast/abcabc/Korra_Foundation/20250513_skittles/fish4/roi1,20250513-plate4-slot5-roi1,20250513.0,4.0,5.0,1.0,20250513_skittles,20250513_skittles,fish4,4.0,,,38,20250513_skittles,2025-05-13,2025-05-13,pDQM034,309,,,,,,,,,sheet
/clusterfs/vast/abcabc/Korra_Foundation/20250513_skittles/fish4/roi2,20250513-plate4-slot5-roi2,20250513.0,4.0,5.0,2.0,20250513_skittles,20250513_skittles,fish4,4.0,,,72,20250513_skittles,2025-05-13,2025-05-13,pDQM034,309,,,,,,,,,sheet
/clusterfs/vast/abcabc/Korra_Foundation/20250513_skittles/fish4/roi3,20250513-plate4-slot5-roi3,20250513.0,4.0,5.0,3.0,20250513_skittles,20250513_skittles,fish4,4.0,,,36,20250513_skittles,2025-05-13,2025-05-13,pDQM034,309,,,,,,,,,sheet
/clusterfs/vast/abcabc/Korra_Foundation/20250513_skittles/fish5/roi1,20250513-plate4-slot6-roi1,20250513.0,4.0,6.0,1.0,20250513_skittles,20250513_skittles,fish5,5.0,,,186,20250513_skittles,2025-05-13,2025-05-13,pDQM034,309,,,,,,,,,sheet
/clusterfs/vast/abcabc/Korra_Foundation/20250513_skittles/fish5/roi2,20250513-plate4-slot6-roi2,20250513.0,4.0,6.0,2.0,20250513_skittles,20250513_skittles,fish5,5.0,,,36,20250513_skittles,2025-05-13,2025-05-13,pDQM034,309,,,,,,,,,sheet
/clusterfs/vast/abcabc/Korra_Foundation/20250513_skittles/fish5/roi3,20250513-plate4-slot6-roi3,20250513.0,4.0,6.0,3.0,20250513_skittles,20250513_skittles,fish5,5.0,,,36,20250513_skittles,2025-05-13,2025-05-13,pDQM034,309,,,,,,,,,sheet
/clusterfs/vast/abcabc/Korra_Foundation/20250513_skittles/fish5/roi4,20250513-plate4-slot6-roi4,20250513.0,4.0,6.0,4.0,20250513_skittles,20250513_skittles,fish5,5.0,,,36,20250513_skittles,2025-05-13,2025-05-13,pDQM034,309,,,,,,,,,sheet
/clusterfs/vast/abcabc/Korra_Foundation/20250513_skittles/fish5/roi5,20250513-plate4-slot6-roi5,20250513.0,4.0,6.0,5.0,20250513_skittles,20250513_skittles,fish5,5.0,,,36,20250513_skittles,2025-05-13,2025-05-13,pDQM034,309,,,,,,,,,sheet
/clusterfs/vast/abcabc/Korra_Foundation/20250513_skittles/fish5/roi6,20250513-plate4-slot6-roi6,20250513.0,4.0,6.0,6.0,20250513_skittles,20250513_skittles,fish5,5.0,,,36,20250513_skittles,2025-05-13,2025-05-13,pDQM034,309,,,,,,,,,sheet
/clusterfs/vast/abcabc/Korra_Foundation/20250513_skittles/fish5/roi7,20250513-plate4-slot6-roi7,20250513.0,4.0,6.0,7.0,20250513_skittles,20250513_skittles,fish5,5.0,,,36,20250513_skittles,2025-05-13,2025-05-13,pDQM034,309,,,,,,,,,sheet
/clusterfs/vast/abcabc/Korra_Foundation/20250513_skittles/fish6/roi1,20250513-plate5-slot1-roi1,20250513.0,5.0,1.0,1.0,20250513_skittles,20250513_skittles,fish6,6.0,,,36,20250513_skittles,2025-05-13,2025-05-13,pDQM034,309,,,,,,,,,sheet
/clusterfs/vast/abcabc/Korra_Foundation/20250513_skittles/fish6/roi2,20250513-plate5-slot1-roi2,20250513.0,5.0,1.0,2.0,20250513_skittles,20250513_skittles,fish6,6.0,,,36,20250513_skittles,2025-05-13,2025-05-13,pDQM034,309,,,,,,,,,sheet
/clusterfs/vast/abcabc/Korra_Foundation/20250513_skittles/fish6/roi3,20250513-plate5-slot1-roi3,20250513.0,5.0,1.0,3.0,20250513_skittles,20250513_skittles,fish6,6.0,,,36,20250513_skittles,2025-05-13,2025-05-13,pDQM034,309,,,,,,,,,sheet
/clusterfs/vast/abcabc/Korra_Foundation/20250513_skittles/fish6/roi4,20250513-plate5-slot1-roi4,20250513.0,5.0,1.0,4.0,20250513_skittles,20250513_skittles,fish6,6.0,,,36,20250513_skittles,2025-05-13,2025-05-13,pDQM034,309,,,,,,,,,sheet
/clusterfs/vast/abcabc/Korra_Foundation/20250513_skittles/fish7/roi1_ear_brain,20250513-plate5-slot2-roi1,20250513.0,5.0,2.0,1.0,20250513_skittles,20250513_skittles,fish7,7.0,,ear|brain,72,20250513_skittles,2025-05-13,2025-05-13,pDQM034,309,,,,,,,,,sheet
/clusterfs/vast/abcabc/Korra_Foundation/20250513_skittles/fish7/roi2_brain,20250513-plate5-slot2-roi2,20250513.0,5.0,2.0,2.0,20250513_skittles,20250513_skittles,fish7,7.0,,brain,36,20250513_skittles,2025-05-13,2025-05-13,pDQM034,309,,,,,,,,,sheet
/clusterfs/vast/abcabc/Korra_Foundation/20250513_skittles/fish8/roi1,20250513-plate5-slot3-roi1,20250513.0,5.0,3.0,1.0,20250513_skittles,20250513_skittles,fish8,8.0,,,48,20250513_skittles,2025-05-13,2025-05-13,pDQM034,309,,,,,,,,,sheet
/clusterfs/vast/abcabc/Korra_Foundation/20250513_skittles/fish9/roi1,20250513-plate5-slot4-roi1,20250513.0,5.0,4.0,1.0,20250513_skittles,20250513_skittles,fish9,9.0,,,180,20250513_skittles,2025-05-13,2025-05-13,pDQM034,309,,,,,,,,,sheet
/clusterfs/vast/abcabc/Korra_Foundation/20250520_mem_histone/fish2/roi1,20250520-plate6-slot1-roi1,20250520.0,6.0,1.0,1.0,20250520_mem_histone,20250520_mem_histone,fish2,2.0,,,2048,20250520_mem_histone,2025-05-20,2025-05-20,pDQM005,301,,,tdmSG,2xLynk,membrane,tdmSG(membrane),membrane,tdmSG(membrane),sheet
/clusterfs/vast/abcabc/Korra_Foundation/20250520_mem_histone/fish4/roi1_tailbud,20250520-plate6-slot2-roi3,20250520.0,6.0,2.0,3.0,20250520_mem_histone,20250520_mem_histone,fish4,4.0,,tail|tailbud,266,20250520_mem_histone,2025-05-20,2025-05-20,pDQM005,301,,,tdmSG,2xLynk,membrane,tdmSG(membrane),membrane,tdmSG(membrane),sheet
/clusterfs/vast/abcabc/Korra_Foundation/20250520_mem_histone/fish4/roi1_tailbud_2,20250520-plate6-slot2-roi4,20250520.0,6.0,2.0,4.0,20250520_mem_histone,20250520_mem_histone,fish4,4.0,,tail|tailbud,1026,20250520_mem_histone,2025-05-20,2025-05-20,pDQM005,301,,,tdmSG,2xLynk,membrane,tdmSG(membrane),membrane,tdmSG(membrane),sheet
/clusterfs/vast/abcabc/Korra_Foundation/20250520_mem_histone/fish5/roi1_tailbud,20250520-plate6-slot3-roi1,20250520.0,6.0,3.0,1.0,20250520_mem_histone,20250520_mem_histone,fish5,5.0,,tail|tailbud,3040,20250520_mem_histone,2025-05-20,2025-05-20,pDQM005,301,,,tdmSG,2xLynk,membrane,tdmSG(membrane),membrane,tdmSG(membrane),sheet
/clusterfs/vast/abcabc/Korra_Foundation/20250521_skittles_no-membrane/fish2/roi1,20250521-plate7-slot1-roi1,20250521.0,7.0,1.0,1.0,20250521_skittles_no-membrane,20250521_skittles_no-membrane,fish2,2.0,,,60,20250521_skittles_no-membrane,2025-05-21,2025-05-21,pDQM034,309,,,mKate2|mCitrine|Electra2|mKOK|mTFP1,cytosol,cytosol,Electra2(cytosol)|mCitrine(cytosol)|mKOK(cytosol)|mKate2(cytosol)|mTFP1(cytosol),cytosol,mKate2(cytosol)|mCitrine(cytosol)|Electra2(cytosol)|mKOK(cytosol)|mTFP1(cytosol),sheet
/clusterfs/vast/abcabc/Korra_Foundation/20250521_skittles_no-membrane/fish2/roi2,20250521-plate7-slot1-roi2,20250521.0,7.0,1.0,2.0,20250521_skittles_no-membrane,20250521_skittles_no-membrane,fish2,2.0,,,20,20250521_skittles_no-membrane,2025-05-21,2025-05-21,pDQM034,309,,,mKate2|mCitrine|Electra2|mKOK|mTFP1,cytosol,cytosol,Electra2(cytosol)|mCitrine(cytosol)|mKOK(cytosol)|mKate2(cytosol)|mTFP1(cytosol),cytosol,mKate2(cytosol)|mCitrine(cytosol)|Electra2(cytosol)|mKOK(cytosol)|mTFP1(cytosol),sheet
/clusterfs/vast/abcabc/Korra_Foundation/20250521_skittles_no-membrane/fish3/roi1,20250521-plate7-slot2-roi1,20250521.0,7.0,2.0,1.0,20250521_skittles_no-membrane,20250521_skittles_no-membrane,fish3,3.0,,,25,20250521_skittles_no-membrane,2025-05-21,2025-05-21,pDQM034,309,,,mKate2|mCitrine|Electra2|mKOK|mTFP1,cytosol,cytosol,Electra2(cytosol)|mCitrine(cytosol)|mKOK(cytosol)|mKate2(cytosol)|mTFP1(cytosol),cytosol,mKate2(cytosol)|mCitrine(cytosol)|Electra2(cytosol)|mKOK(cytosol)|mTFP1(cytosol),sheet
/clusterfs/vast/abcabc/Korra_Foundation/20250521_skittles_no-membrane/fish4/roi1,20250521-plate7-slot3-roi1,20250521.0,7.0,3.0,1.0,20250521_skittles_no-membrane,20250521_skittles_no-membrane,fish4,4.0,,,30,20250521_skittles_no-membrane,2025-05-21,2025-05-21,pDQM034,309,,,mKate2|mCitrine|Electra2|mKOK|mTFP1,cytosol,cytosol,Electra2(cytosol)|mCitrine(cytosol)|mKOK(cytosol)|mKate2(cytosol)|mTFP1(cytosol),cytosol,mKate2(cytosol)|mCitrine(cytosol)|Electra2(cytosol)|mKOK(cytosol)|mTFP1(cytosol),sheet
/clusterfs/vast/abcabc/Korra_Foundation/20250521_skittles_no-membrane/fish4/roi2,20250521-plate7-slot3-roi2,20250521.0,7.0,3.0,2.0,20250521_skittles_no-membrane,20250521_skittles_no-membrane,fish4,4.0,,,30,20250521_skittles_no-membrane,2025-05-21,2025-05-21,pDQM034,309,,,mKate2|mCitrine|Electra2|mKOK|mTFP1,cytosol,cytosol,Electra2(cytosol)|mCitrine(cytosol)|mKOK(cytosol)|mKate2(cytosol)|mTFP1(cytosol),cytosol,mKate2(cytosol)|mCitrine(cytosol)|Electra2(cytosol)|mKOK(cytosol)|mTFP1(cytosol),sheet
/clusterfs/vast/abcabc/Korra_Foundation/20250522_skittlez/fish1/roi1,20250522-plate8-slot1-roi1,20250522.0,8.0,1.0,1.0,20250522_skittlez,20250522_skittlez,fish1,1.0,,,72,20250522_skittlez,2025-05-22,2025-05-22,pDQM034,309,,,,,,,,,sheet
/clusterfs/vast/abcabc/Korra_Foundation/20250522_skittlez/fish1/roi2,20250522-plate8-slot1-roi2,20250522.0,8.0,1.0,2.0,20250522_skittlez,20250522_skittlez,fish1,1.0,,,72,20250522_skittlez,2025-05-22,2025-05-22,pDQM034,309,,,,,,,,,sheet
/clusterfs/vast/abcabc/Korra_Foundation/20250522_skittlez/fish2/roi1,20250522-plate8-slot2-roi1,20250522.0,8.0,2.0,1.0,20250522_skittlez,20250522_skittlez,fish2,2.0,,,72,20250522_skittlez,2025-05-22,2025-05-22,pDQM034,309,,,,,,,,,sheet
/clusterfs/vast/abcabc/Korra_Foundation/20250522_skittlez/fish2/roi2,20250522-plate8-slot2-roi2,20250522.0,8.0,2.0,2.0,20250522_skittlez,20250522_skittlez,fish2,2.0,,,72,20250522_skittlez,2025-05-22,2025-05-22,pDQM034,309,,,,,,,,,sheet
/clusterfs/vast/abcabc/Korra_Foundation/20250522_skittlez/fish3/roi1,20250522-plate8-slot3-roi1,20250522.0,8.0,3.0,1.0,20250522_skittlez,20250522_skittlez,fish3,3.0,,,72,20250522_skittlez,2025-05-22,2025-05-22,pDQM034,309,,,,,,,,,sheet
/clusterfs/vast/abcabc/Korra_Foundation/20250522_skittlez/fish3/roi2,20250522-plate8-slot3-roi2,20250522.0,8.0,3.0,2.0,20250522_skittlez,20250522_skittlez,fish3,3.0,,,72,20250522_skittlez,2025-05-22,2025-05-22,pDQM034,309,,,,,,,,,sheet
/clusterfs/vast/abcabc/Korra_Foundation/20250522_skittlez/fish3/roi3,20250522-plate8-slot3-roi3,20250522.0,8.0,3.0,3.0,20250522_skittlez,20250522_skittlez,fish3,3.0,,,72,20250522_skittlez,2025-05-22,2025-05-22,pDQM034,309,,,,,,,,,sheet
/clusterfs/vast/abcabc/Korra_Foundation/20250522_skittlez/fish4/roi1,20250522-plate8-slot4-roi1,20250522.0,8.0,4.0,1.0,20250522_skittlez,20250522_skittlez,fish4,4.0,,,36,20250522_skittlez,2025-05-22,2025-05-22,pDQM034,309,,,,,,,,,sheet
/clusterfs/vast/abcabc/Korra_Foundation/20250522_skittlez/fish4/roi2,20250522-plate8-slot4-roi2,20250522.0,8.0,4.0,2.0,20250522_skittlez,20250522_skittlez,fish4,4.0,,,36,20250522_skittlez,2025-05-22,2025-05-22,pDQM034,309,,,,,,,,,sheet
/clusterfs/vast/abcabc/Korra_Foundation/20250522_skittlez/fish5/roi1,20250522-plate8-slot5-roi1,20250522.0,8.0,5.0,1.0,20250522_skittlez,20250522_skittlez,fish5,5.0,,,90,20250522_skittlez,2025-05-22,2025-05-22,pDQM034,309,,,,,,,,,sheet
/clusterfs/vast/abcabc/Korra_Foundation/20250522_skittlez/fish6/roi1,20250522-plate8-slot6-roi1,20250522.0,8.0,6.0,1.0,20250522_skittlez,20250522_skittlez,fish6,6.0,,,90,20250522_skittlez,2025-05-22,2025-05-22,pDQM034,309,,,,,,,,,sheet
/clusterfs/vast/abcabc/Korra_Foundation/20250522_skittlez/fish6/roi2,20250522-plate8-slot6-roi2,20250522.0,8.0,6.0,2.0,20250522_skittlez,20250522_skittlez,fish6,6.0,,,90,20250522_skittlez,2025-05-22,2025-05-22,pDQM034,309,,,,,,,,,sheet
/clusterfs/vast/abcabc/Korra_Foundation/20250522_skittlez/fish7/roi1,20250522-plate9-slot1-roi1,20250522.0,9.0,1.0,1.0,20250522_skittlez,20250522_skittlez,fish7,7.0,,,90,20250522_skittlez,2025-05-22,2025-05-22,pDQM034,309,,,,,,,,,sheet
/clusterfs/vast/abcabc/Korra_Foundation/20250522_skittlez/fish7/roi2,20250522-plate9-slot1-roi2,20250522.0,9.0,1.0,2.0,20250522_skittlez,20250522_skittlez,fish7,7.0,,,90,20250522_skittlez,2025-05-22,2025-05-22,pDQM034,309,,,,,,,,,sheet
/clusterfs/vast/abcabc/Korra_Foundation/20250522_skittlez/fish7/roi3,20250522-plate9-slot1-roi3,20250522.0,9.0,1.0,3.0,20250522_skittlez,20250522_skittlez,fish7,7.0,,,90,20250522_skittlez,2025-05-22,2025-05-22,pDQM034,309,,,,,,,,,sheet
/clusterfs/vast/abcabc/Korra_Foundation/20250522_skittlez/fish8/roi1,20250522-plate9-slot2-roi1,20250522.0,9.0,2.0,1.0,20250522_skittlez,20250522_skittlez,fish8,8.0,,,90,20250522_skittlez,2025-05-22,2025-05-22,pDQM034,309,,,,,,,,,sheet
/clusterfs/vast/abcabc/Korra_Foundation/20250522_skittlez/fish8/roi2,20250522-plate9-slot2-roi2,20250522.0,9.0,2.0,2.0,20250522_skittlez,20250522_skittlez,fish8,8.0,,,90,20250522_skittlez,2025-05-22,2025-05-22,pDQM034,309,,,,,,,,,sheet
/clusterfs/vast/abcabc/Korra_Foundation/20250522_skittlez/fish8/roi3,20250522-plate9-slot2-roi3,20250522.0,9.0,2.0,3.0,20250522_skittlez,20250522_skittlez,fish8,8.0,,,90,20250522_skittlez,2025-05-22,2025-05-22,pDQM034,309,,,,,,,,,sheet
/clusterfs/vast/abcabc/Korra_Foundation/20250522_skittlez/fish9/roi1,20250522-plate9-slot3-roi1,20250522.0,9.0,3.0,1.0,20250522_skittlez,20250522_skittlez,fish9,9.0,,,120,20250522_skittlez,2025-05-22,2025-05-22,pDQM034,309,,,,,,,,,sheet
/clusterfs/vast/abcabc/Korra_Foundation/20250523_mem_histone/fish1/roi1,20250523-plate10-slot1-roi1,20250523.0,10.0,1.0,1.0,20250523_mem_histone,20250523_mem_histone,fish1,1.0,,,4000,20250523_mem_histone,2025-05-23,2025-05-23,pDQM005,302,,,tdmSG,2xLynk,membrane,tdmSG(membrane),membrane,tdmSG(membrane),sheet
/clusterfs/vast/abcabc/Korra_Foundation/20250523_mem_histone/fish2/roi1,20250523-plate10-slot2-roi1,20250523.0,10.0,2.0,1.0,20250523_mem_histone,20250523_mem_histone,fish2,2.0,,,8600,20250523_mem_histone,2025-05-23,2025-05-23,pDQM005,302,,,tdmSG,2xLynk,membrane,tdmSG(membrane),membrane,tdmSG(membrane),sheet
/clusterfs/vast/abcabc/Korra_Foundation/20250523_mem_histone/fish3/roi1,20250523-plate10-slot3-roi1,20250523.0,10.0,3.0,1.0,20250523_mem_histone,20250523_mem_histone,fish3,3.0,,,4000,20250523_mem_histone,2025-05-23,2025-05-23,pDQM005,302,,,tdmSG,2xLynk,membrane,tdmSG(membrane),membrane,tdmSG(membrane),sheet
/clusterfs/vast/abcabc/Korra_Foundation/20250523_mem_histone/fish4/roi1,20250523-plate10-slot4-roi1,20250523.0,10.0,4.0,1.0,20250523_mem_histone,20250523_mem_histone,fish4,4.0,,,4000,20250523_mem_histone,2025-05-23,2025-05-23,pDQM005,302,,,tdmSG,2xLynk,membrane,tdmSG(membrane),membrane,tdmSG(membrane),sheet
/clusterfs/vast/abcabc/Korra_Foundation/20250523_mem_histone/fish5/roi1,20250523-plate10-slot5-roi1,20250523.0,10.0,5.0,1.0,20250523_mem_histone,20250523_mem_histone,fish5,5.0,,,7900,20250523_mem_histone,2025-05-23,2025-05-23,pDQM005,302,,,tdmSG,2xLynk,membrane,tdmSG(membrane),membrane,tdmSG(membrane),sheet
/clusterfs/vast/abcabc/Korra_Foundation/20250528_mem-histone/fish1/roi1_spine,20250528-plate11-slot1-roi1,20250528.0,11.0,1.0,1.0,20250528_mem-histone,20250528_mem-histone,fish1,1.0,,spine,3192,20250528_mem-histone,2025-05-28,2025-05-28,pDQM005,302,,,tdmSG,2xLynk,membrane,tdmSG(membrane),membrane,tdmSG(membrane),sheet
/clusterfs/vast/abcabc/Korra_Foundation/20250528_mem-histone/fish2/roi1_brain,20250528-plate11-slot2-roi2,20250528.0,11.0,2.0,2.0,20250528_mem-histone,20250528_mem-histone,fish2,2.0,,brain,1300,20250528_mem-histone,2025-05-28,2025-05-28,pDQM005,302,,,tdmSG,2xLynk,membrane,tdmSG(membrane),membrane,tdmSG(membrane),sheet
/clusterfs/vast/abcabc/Korra_Foundation/20250528_mem-histone/fish3/roi2_spine,20250528-plate11-slot3-roi1,20250528.0,11.0,3.0,1.0,20250528_mem-histone,20250528_mem-histone,fish3,3.0,,spine,5642,20250528_mem-histone,2025-05-28,2025-05-28,pDQM005,302,,,tdmSG,2xLynk,membrane,tdmSG(membrane),membrane,tdmSG(membrane),sheet
/clusterfs/vast/abcabc/Korra_Foundation/20250528_skittlez/fish1/roi1,20250528-plate12-slot1-roi1,20250528.0,12.0,1.0,1.0,20250528_skittlez,20250528_skittlez,fish1,1.0,,,24,20250528_skittlez,2025-05-28,2025-05-28,pDQM034,309,,,,,,,,,sheet
/clusterfs/vast/abcabc/Korra_Foundation/20250528_skittlez/fish1/roi2,20250528-plate12-slot1-roi2,20250528.0,12.0,1.0,2.0,20250528_skittlez,20250528_skittlez,fish1,1.0,,,24,20250528_skittlez,2025-05-28,2025-05-28,pDQM034,309,,,,,,,,,sheet
/clusterfs/vast/abcabc/Korra_Foundation/20250529_skittlez/fish10_roi1,20250529-plate13-slot2-roi1,20250529.0,13.0,2.0,1.0,20250529_skittlez,20250529_skittlez,fish10,10.0,,,96,20250529_skittlez,2025-05-29,2025-05-29,pDQM034,310,,,mKate2|mCitrine|Electra2|mKOK|mTFP1,cytosol,cytosol,Electra2(cytosol)|mCitrine(cytosol)|mKOK(cytosol)|mKate2(cytosol)|mTFP1(cytosol),cytosol,mKate2(cytosol)|mCitrine(cytosol)|Electra2(cytosol)|mKOK(cytosol)|mTFP1(cytosol),sheet
/clusterfs/vast/abcabc/Korra_Foundation/20250529_skittlez/fish11_roi1_eye,20250529-plate13-slot3-roi1,20250529.0,13.0,3.0,1.0,20250529_skittlez,20250529_skittlez,fish11,11.0,,eye,18,20250529_skittlez,2025-05-29,2025-05-29,pDQM034,310,,,mKate2|mCitrine|Electra2|mKOK|mTFP1,cytosol,cytosol,Electra2(cytosol)|mCitrine(cytosol)|mKOK(cytosol)|mKate2(cytosol)|mTFP1(cytosol),cytosol,mKate2(cytosol)|mCitrine(cytosol)|Electra2(cytosol)|mKOK(cytosol)|mTFP1(cytosol),sheet
/clusterfs/vast/abcabc/Korra_Foundation/20250529_skittlez/fish11_roi1_eye_2,20250529-plate13-slot3-roi2,20250529.0,13.0,3.0,2.0,20250529_skittlez,20250529_skittlez,fish11,11.0,,eye,96,20250529_skittlez,2025-05-29,2025-05-29,pDQM034,310,,,mKate2|mCitrine|Electra2|mKOK|mTFP1,cytosol,cytosol,Electra2(cytosol)|mCitrine(cytosol)|mKOK(cytosol)|mKate2(cytosol)|mTFP1(cytosol),cytosol,mKate2(cytosol)|mCitrine(cytosol)|Electra2(cytosol)|mKOK(cytosol)|mTFP1(cytosol),sheet
/clusterfs/vast/abcabc/Korra_Foundation/20250529_skittlez/fish12_roi1,20250529-plate13-slot4-roi1,20250529.0,13.0,4.0,1.0,20250529_skittlez,20250529_skittlez,fish12,12.0,,,96,20250529_skittlez,2025-05-29,2025-05-29,pDQM034,310,,,mKate2|mCitrine|Electra2|mKOK|mTFP1,cytosol,cytosol,Electra2(cytosol)|mCitrine(cytosol)|mKOK(cytosol)|mKate2(cytosol)|mTFP1(cytosol),cytosol,mKate2(cytosol)|mCitrine(cytosol)|Electra2(cytosol)|mKOK(cytosol)|mTFP1(cytosol),sheet
/clusterfs/vast/abcabc/Korra_Foundation/20250529_skittlez/fish13_roi1,20250529-plate13-slot5-roi1,20250529.0,13.0,5.0,1.0,20250529_skittlez,20250529_skittlez,fish13,13.0,,,96,20250529_skittlez,2025-05-29,2025-05-29,pDQM034,310,,,mKate2|mCitrine|Electra2|mKOK|mTFP1,cytosol,cytosol,Electra2(cytosol)|mCitrine(cytosol)|mKOK(cytosol)|mKate2(cytosol)|mTFP1(cytosol),cytosol,mKate2(cytosol)|mCitrine(cytosol)|Electra2(cytosol)|mKOK(cytosol)|mTFP1(cytosol),sheet
/clusterfs/vast/abcabc/Korra_Foundation/20250529_skittlez/fish14_roi1,20250529-plate13-slot6-roi1,20250529.0,13.0,6.0,1.0,20250529_skittlez,20250529_skittlez,fish14,14.0,,,96,20250529_skittlez,2025-05-29,2025-05-29,pDQM034,310,,,mKate2|mCitrine|Electra2|mKOK|mTFP1,cytosol,cytosol,Electra2(cytosol)|mCitrine(cytosol)|mKOK(cytosol)|mKate2(cytosol)|mTFP1(cytosol),cytosol,mKate2(cytosol)|mCitrine(cytosol)|Electra2(cytosol)|mKOK(cytosol)|mTFP1(cytosol),sheet
/clusterfs/vast/abcabc/Korra_Foundation/20250529_skittlez/fish14_roi2,20250529-plate13-slot6-roi2,20250529.0,13.0,6.0,2.0,20250529_skittlez,20250529_skittlez,fish14,14.0,,,96,20250529_skittlez,2025-05-29,2025-05-29,pDQM034,310,,,mKate2|mCitrine|Electra2|mKOK|mTFP1,cytosol,cytosol,Electra2(cytosol)|mCitrine(cytosol)|mKOK(cytosol)|mKate2(cytosol)|mTFP1(cytosol),cytosol,mKate2(cytosol)|mCitrine(cytosol)|Electra2(cytosol)|mKOK(cytosol)|mTFP1(cytosol),sheet
/clusterfs/vast/abcabc/Korra_Foundation/20250529_skittlez/fish14_roi3,20250529-plate13-slot6-roi3,20250529.0,13.0,6.0,3.0,20250529_skittlez,20250529_skittlez,fish14,14.0,,,96,20250529_skittlez,2025-05-29,2025-05-29,pDQM034,310,,,mKate2|mCitrine|Electra2|mKOK|mTFP1,cytosol,cytosol,Electra2(cytosol)|mCitrine(cytosol)|mKOK(cytosol)|mKate2(cytosol)|mTFP1(cytosol),cytosol,mKate2(cytosol)|mCitrine(cytosol)|Electra2(cytosol)|mKOK(cytosol)|mTFP1(cytosol),sheet
/clusterfs/vast/abcabc/Korra_Foundation/20250529_skittlez/fish15_roi1,20250529-plate14-slot1-roi1,20250529.0,14.0,1.0,1.0,20250529_skittlez,20250529_skittlez,fish15,15.0,,,144,20250529_skittlez,2025-05-29,2025-05-29,pDQM034,310,,,mKate2|mCitrine|Electra2|mKOK|mTFP1,cytosol,cytosol,Electra2(cytosol)|mCitrine(cytosol)|mKOK(cytosol)|mKate2(cytosol)|mTFP1(cytosol),cytosol,mKate2(cytosol)|mCitrine(cytosol)|Electra2(cytosol)|mKOK(cytosol)|mTFP1(cytosol),sheet
/clusterfs/vast/abcabc/Korra_Foundation/20250529_skittlez/fish1_roi1,20250529-plate13-slot1-roi1,20250529.0,13.0,1.0,1.0,20250529_skittlez,20250529_skittlez,fish1,1.0,,,96,20250529_skittlez,2025-05-29,2025-05-29,pDQM034,310,,,mKate2|mCitrine|Electra2|mKOK|mTFP1,cytosol,cytosol,Electra2(cytosol)|mCitrine(cytosol)|mKOK(cytosol)|mKate2(cytosol)|mTFP1(cytosol),cytosol,mKate2(cytosol)|mCitrine(cytosol)|Electra2(cytosol)|mKOK(cytosol)|mTFP1(cytosol),sheet
/clusterfs/vast/abcabc/Korra_Foundation/20250529_skittlez/fish1_roi2,20250529-plate13-slot1-roi2,20250529.0,13.0,1.0,2.0,20250529_skittlez,20250529_skittlez,fish1,1.0,,,96,20250529_skittlez,2025-05-29,2025-05-29,pDQM034,310,,,mKate2|mCitrine|Electra2|mKOK|mTFP1,cytosol,cytosol,Electra2(cytosol)|mCitrine(cytosol)|mKOK(cytosol)|mKate2(cytosol)|mTFP1(cytosol),cytosol,mKate2(cytosol)|mCitrine(cytosol)|Electra2(cytosol)|mKOK(cytosol)|mTFP1(cytosol),sheet
/clusterfs/vast/abcabc/Korra_Foundation/20250529_skittlez/fish1_roi3,20250529-plate13-slot1-roi3,20250529.0,13.0,1.0,3.0,20250529_skittlez,20250529_skittlez,fish1,1.0,,,48,20250529_skittlez,2025-05-29,2025-05-29,pDQM034,310,,,mKate2|mCitrine|Electra2|mKOK|mTFP1,cytosol,cytosol,Electra2(cytosol)|mCitrine(cytosol)|mKOK(cytosol)|mKate2(cytosol)|mTFP1(cytosol),cytosol,mKate2(cytosol)|mCitrine(cytosol)|Electra2(cytosol)|mKOK(cytosol)|mTFP1(cytosol),sheet
/clusterfs/vast/abcabc/Korra_Foundation/20250529_skittlez/fish2_roi1,20250529-plate14-slot2-roi1,20250529.0,14.0,2.0,1.0,20250529_skittlez,20250529_skittlez,fish2,2.0,,,90,20250529_skittlez,2025-05-29,2025-05-29,pDQM034,310,,,mKate2|mCitrine|Electra2|mKOK|mTFP1,cytosol,cytosol,Electra2(cytosol)|mCitrine(cytosol)|mKOK(cytosol)|mKate2(cytosol)|mTFP1(cytosol),cytosol,mKate2(cytosol)|mCitrine(cytosol)|Electra2(cytosol)|mKOK(cytosol)|mTFP1(cytosol),sheet
/clusterfs/vast/abcabc/Korra_Foundation/20250529_skittlez/fish2_roi2,20250529-plate14-slot2-roi2,20250529.0,14.0,2.0,2.0,20250529_skittlez,20250529_skittlez,fish2,2.0,,,90,20250529_skittlez,2025-05-29,2025-05-29,pDQM034,310,,,mKate2|mCitrine|Electra2|mKOK|mTFP1,cytosol,cytosol,Electra2(cytosol)|mCitrine(cytosol)|mKOK(cytosol)|mKate2(cytosol)|mTFP1(cytosol),cytosol,mKate2(cytosol)|mCitrine(cytosol)|Electra2(cytosol)|mKOK(cytosol)|mTFP1(cytosol),sheet
/clusterfs/vast/abcabc/Korra_Foundation/20250529_skittlez/fish4_roi1,20250529-plate14-slot3-roi1,20250529.0,14.0,3.0,1.0,20250529_skittlez,20250529_skittlez,fish4,4.0,,,90,20250529_skittlez,2025-05-29,2025-05-29,pDQM034,310,,,mKate2|mCitrine|Electra2|mKOK|mTFP1,cytosol,cytosol,Electra2(cytosol)|mCitrine(cytosol)|mKOK(cytosol)|mKate2(cytosol)|mTFP1(cytosol),cytosol,mKate2(cytosol)|mCitrine(cytosol)|Electra2(cytosol)|mKOK(cytosol)|mTFP1(cytosol),sheet
/clusterfs/vast/abcabc/Korra_Foundation/20250529_skittlez/fish5_roi1,20250529-plate14-slot4-roi1,20250529.0,14.0,4.0,1.0,20250529_skittlez,20250529_skittlez,fish5,5.0,,,120,20250529_skittlez,2025-05-29,2025-05-29,pDQM034,310,,,mKate2|mCitrine|Electra2|mKOK|mTFP1,cytosol,cytosol,Electra2(cytosol)|mCitrine(cytosol)|mKOK(cytosol)|mKate2(cytosol)|mTFP1(cytosol),cytosol,mKate2(cytosol)|mCitrine(cytosol)|Electra2(cytosol)|mKOK(cytosol)|mTFP1(cytosol),sheet
/clusterfs/vast/abcabc/Korra_Foundation/20250529_skittlez/fish5_roi2,20250529-plate14-slot4-roi2,20250529.0,14.0,4.0,2.0,20250529_skittlez,20250529_skittlez,fish5,5.0,,,120,20250529_skittlez,2025-05-29,2025-05-29,pDQM034,310,,,mKate2|mCitrine|Electra2|mKOK|mTFP1,cytosol,cytosol,Electra2(cytosol)|mCitrine(cytosol)|mKOK(cytosol)|mKate2(cytosol)|mTFP1(cytosol),cytosol,mKate2(cytosol)|mCitrine(cytosol)|Electra2(cytosol)|mKOK(cytosol)|mTFP1(cytosol),sheet
/clusterfs/vast/abcabc/Korra_Foundation/20250529_skittlez/fish6_roi1,20250529-plate14-slot5-roi1,20250529.0,14.0,5.0,1.0,20250529_skittlez,20250529_skittlez,fish6,6.0,,,120,20250529_skittlez,2025-05-29,2025-05-29,pDQM034,310,,,mKate2|mCitrine|Electra2|mKOK|mTFP1,cytosol,cytosol,Electra2(cytosol)|mCitrine(cytosol)|mKOK(cytosol)|mKate2(cytosol)|mTFP1(cytosol),cytosol,mKate2(cytosol)|mCitrine(cytosol)|Electra2(cytosol)|mKOK(cytosol)|mTFP1(cytosol),sheet
/clusterfs/vast/abcabc/Korra_Foundation/20250529_skittlez/fish7_roi1,20250529-plate14-slot6-roi1,20250529.0,14.0,6.0,1.0,20250529_skittlez,20250529_skittlez,fish7,7.0,,,72,20250529_skittlez,2025-05-29,2025-05-29,pDQM034,310,,,mKate2|mCitrine|Electra2|mKOK|mTFP1,cytosol,cytosol,Electra2(cytosol)|mCitrine(cytosol)|mKOK(cytosol)|mKate2(cytosol)|mTFP1(cytosol),cytosol,mKate2(cytosol)|mCitrine(cytosol)|Electra2(cytosol)|mKOK(cytosol)|mTFP1(cytosol),sheet
/clusterfs/vast/abcabc/Korra_Foundation/20250529_skittlez/fish8_roi1,20250529-plate15-slot1-roi1,20250529.0,15.0,1.0,1.0,20250529_skittlez,20250529_skittlez,fish8,8.0,,,96,20250529_skittlez,2025-05-29,2025-05-29,pDQM034,310,,,mKate2|mCitrine|Electra2|mKOK|mTFP1,cytosol,cytosol,Electra2(cytosol)|mCitrine(cytosol)|mKOK(cytosol)|mKate2(cytosol)|mTFP1(cytosol),cytosol,mKate2(cytosol)|mCitrine(cytosol)|Electra2(cytosol)|mKOK(cytosol)|mTFP1(cytosol),sheet
/clusterfs/vast/abcabc/Korra_Foundation/20250529_skittlez/fish9_roi1,20250529-plate15-slot2-roi1,20250529.0,15.0,2.0,1.0,20250529_skittlez,20250529_skittlez,fish9,9.0,,,96,20250529_skittlez,2025-05-29,2025-05-29,pDQM034,310,,,mKate2|mCitrine|Electra2|mKOK|mTFP1,cytosol,cytosol,Electra2(cytosol)|mCitrine(cytosol)|mKOK(cytosol)|mKate2(cytosol)|mTFP1(cytosol),cytosol,mKate2(cytosol)|mCitrine(cytosol)|Electra2(cytosol)|mKOK(cytosol)|mTFP1(cytosol),sheet
/clusterfs/vast/abcabc/Korra_Foundation/20250529_skittlez/fish9_roi2,20250529-plate15-slot2-roi2,20250529.0,15.0,2.0,2.0,20250529_skittlez,20250529_skittlez,fish9,9.0,,,96,20250529_skittlez,2025-05-29,2025-05-29,pDQM034,310,,,mKate2|mCitrine|Electra2|mKOK|mTFP1,cytosol,cytosol,Electra2(cytosol)|mCitrine(cytosol)|mKOK(cytosol)|mKate2(cytosol)|mTFP1(cytosol),cytosol,mKate2(cytosol)|mCitrine(cytosol)|Electra2(cytosol)|mKOK(cytosol)|mTFP1(cytosol),sheet
/clusterfs/vast/abcabc/Korra_Foundation/20250530_mem-histone/fish1_roi1,20250530-plate16-slot1-roi1,20250530.0,16.0,1.0,1.0,20250530_mem-histone,20250530_mem-histone,fish1,1.0,,,2636,20250530_mem-histone,2025-05-30,2025-05-30,pDQM005,302,,,tdmSG,2xLynk,membrane,tdmSG(membrane),membrane,tdmSG(membrane),sheet
/clusterfs/vast/abcabc/Korra_Foundation/20250530_mem-histone/fish1_roi1-2,20250530-plate16-slot1-roi2,20250530.0,16.0,1.0,2.0,20250530_mem-histone,20250530_mem-histone,fish1,1.0,,,12200,20250530_mem-histone,2025-05-30,2025-05-30,pDQM005,302,,,tdmSG,2xLynk,membrane,tdmSG(membrane),membrane,tdmSG(membrane),sheet
/clusterfs/vast/abcabc/Korra_Foundation/20250530_mem-histone/fish2_roi1,20250530-plate16-slot2-roi1,20250530.0,16.0,2.0,1.0,20250530_mem-histone,20250530_mem-histone,fish2,2.0,,,4350,20250530_mem-histone,2025-05-30,2025-05-30,pDQM005,302,,,tdmSG,2xLynk,membrane,tdmSG(membrane),membrane,tdmSG(membrane),sheet
/clusterfs/vast/abcabc/Korra_Foundation/20250602_mem/fish2_roi1,20250602-plate17-slot1-roi1,20250602.0,17.0,1.0,1.0,20250602_mem,20250602_mem,fish2,2.0,,,15812,20250602_mem,2025-06-02,2025-06-02,pDQM005,302,,,tdmSG,2xLynk,membrane,tdmSG(membrane),membrane,tdmSG(membrane),sheet
/clusterfs/vast/abcabc/Korra_Foundation/20250603_skittlez/fish10_roi1,20250603-plate18-slot2-roi1,20250603.0,18.0,2.0,1.0,20250603_skittlez,20250603_skittlez,fish10,10.0,,,144,20250603_skittlez,2025-06-03,2025-06-03,pDQM034,317,,,mKate2|mCitrine|Electra2|mKOK|mTFP1,cytosol,cytosol,Electra2(cytosol)|mCitrine(cytosol)|mKOK(cytosol)|mKate2(cytosol)|mTFP1(cytosol),cytosol,mKate2(cytosol)|mCitrine(cytosol)|Electra2(cytosol)|mKOK(cytosol)|mTFP1(cytosol),sheet
/clusterfs/vast/abcabc/Korra_Foundation/20250603_skittlez/fish11_roi1,20250603-plate18-slot3-roi1,20250603.0,18.0,3.0,1.0,20250603_skittlez,20250603_skittlez,fish11,11.0,,,96,20250603_skittlez,2025-06-03,2025-06-03,pDQM034,317,,,mKate2|mCitrine|Electra2|mKOK|mTFP1,cytosol,cytosol,Electra2(cytosol)|mCitrine(cytosol)|mKOK(cytosol)|mKate2(cytosol)|mTFP1(cytosol),cytosol,mKate2(cytosol)|mCitrine(cytosol)|Electra2(cytosol)|mKOK(cytosol)|mTFP1(cytosol),sheet
/clusterfs/vast/abcabc/Korra_Foundation/20250603_skittlez/fish12_roi1,20250603-plate18-slot4-roi1,20250603.0,18.0,4.0,1.0,20250603_skittlez,20250603_skittlez,fish12,12.0,,,192,20250603_skittlez,2025-06-03,2025-06-03,pDQM034,317,,,mKate2|mCitrine|Electra2|mKOK|mTFP1,cytosol,cytosol,Electra2(cytosol)|mCitrine(cytosol)|mKOK(cytosol)|mKate2(cytosol)|mTFP1(cytosol),cytosol,mKate2(cytosol)|mCitrine(cytosol)|Electra2(cytosol)|mKOK(cytosol)|mTFP1(cytosol),sheet
/clusterfs/vast/abcabc/Korra_Foundation/20250603_skittlez/fish13_roi1,20250603-plate18-slot5-roi1,20250603.0,18.0,5.0,1.0,20250603_skittlez,20250603_skittlez,fish13,13.0,,,96,20250603_skittlez,2025-06-03,2025-06-03,pDQM034,317,,,mKate2|mCitrine|Electra2|mKOK|mTFP1,cytosol,cytosol,Electra2(cytosol)|mCitrine(cytosol)|mKOK(cytosol)|mKate2(cytosol)|mTFP1(cytosol),cytosol,mKate2(cytosol)|mCitrine(cytosol)|Electra2(cytosol)|mKOK(cytosol)|mTFP1(cytosol),sheet
/clusterfs/vast/abcabc/Korra_Foundation/20250603_skittlez/fish14_roi1,20250603-plate18-slot6-roi1,20250603.0,18.0,6.0,1.0,20250603_skittlez,20250603_skittlez,fish14,14.0,,,240,20250603_skittlez,2025-06-03,2025-06-03,pDQM034,317,,,mKate2|mCitrine|Electra2|mKOK|mTFP1,cytosol,cytosol,Electra2(cytosol)|mCitrine(cytosol)|mKOK(cytosol)|mKate2(cytosol)|mTFP1(cytosol),cytosol,mKate2(cytosol)|mCitrine(cytosol)|Electra2(cytosol)|mKOK(cytosol)|mTFP1(cytosol),sheet
/clusterfs/vast/abcabc/Korra_Foundation/20250603_skittlez/fish15_roi1,20250603-plate19-slot1-roi1,20250603.0,19.0,1.0,1.0,20250603_skittlez,20250603_skittlez,fish15,15.0,,,168,20250603_skittlez,2025-06-03,2025-06-03,pDQM034,317,,,mKate2|mCitrine|Electra2|mKOK|mTFP1,cytosol,cytosol,Electra2(cytosol)|mCitrine(cytosol)|mKOK(cytosol)|mKate2(cytosol)|mTFP1(cytosol),cytosol,mKate2(cytosol)|mCitrine(cytosol)|Electra2(cytosol)|mKOK(cytosol)|mTFP1(cytosol),sheet
/clusterfs/vast/abcabc/Korra_Foundation/20250603_skittlez/fish16_roi1,20250603-plate19-slot2-roi1,20250603.0,19.0,2.0,1.0,20250603_skittlez,20250603_skittlez,fish16,16.0,,,120,20250603_skittlez,2025-06-03,2025-06-03,pDQM034,317,,,mKate2|mCitrine|Electra2|mKOK|mTFP1,cytosol,cytosol,Electra2(cytosol)|mCitrine(cytosol)|mKOK(cytosol)|mKate2(cytosol)|mTFP1(cytosol),cytosol,mKate2(cytosol)|mCitrine(cytosol)|Electra2(cytosol)|mKOK(cytosol)|mTFP1(cytosol),sheet
/clusterfs/vast/abcabc/Korra_Foundation/20250603_skittlez/fish1_roi1_1,20250603-plate18-slot1-roi1,20250603.0,18.0,1.0,1.0,20250603_skittlez,20250603_skittlez,fish1,1.0,,,72,20250603_skittlez,2025-06-03,2025-06-03,pDQM034,317,,,mKate2|mCitrine|Electra2|mKOK|mTFP1,cytosol,cytosol,Electra2(cytosol)|mCitrine(cytosol)|mKOK(cytosol)|mKate2(cytosol)|mTFP1(cytosol),cytosol,mKate2(cytosol)|mCitrine(cytosol)|Electra2(cytosol)|mKOK(cytosol)|mTFP1(cytosol),sheet
/clusterfs/vast/abcabc/Korra_Foundation/20250603_skittlez/fish2_roi1,20250603-plate19-slot3-roi1,20250603.0,19.0,3.0,1.0,20250603_skittlez,20250603_skittlez,fish2,2.0,,,6,20250603_skittlez,2025-06-03,2025-06-03,pDQM034,317,,,mKate2|mCitrine|Electra2|mKOK|mTFP1,cytosol,cytosol,Electra2(cytosol)|mCitrine(cytosol)|mKOK(cytosol)|mKate2(cytosol)|mTFP1(cytosol),cytosol,mKate2(cytosol)|mCitrine(cytosol)|Electra2(cytosol)|mKOK(cytosol)|mTFP1(cytosol),sheet
/clusterfs/vast/abcabc/Korra_Foundation/20250603_skittlez/fish2_roi1_1,20250603-plate19-slot3-roi2,20250603.0,19.0,3.0,2.0,20250603_skittlez,20250603_skittlez,fish2,2.0,,,72,20250603_skittlez,2025-06-03,2025-06-03,pDQM034,317,,,mKate2|mCitrine|Electra2|mKOK|mTFP1,cytosol,cytosol,Electra2(cytosol)|mCitrine(cytosol)|mKOK(cytosol)|mKate2(cytosol)|mTFP1(cytosol),cytosol,mKate2(cytosol)|mCitrine(cytosol)|Electra2(cytosol)|mKOK(cytosol)|mTFP1(cytosol),sheet
/clusterfs/vast/abcabc/Korra_Foundation/20250603_skittlez/fish3_roi1,20250603-plate19-slot4-roi1,20250603.0,19.0,4.0,1.0,20250603_skittlez,20250603_skittlez,fish3,3.0,,,90,20250603_skittlez,2025-06-03,2025-06-03,pDQM034,317,,,mKate2|mCitrine|Electra2|mKOK|mTFP1,cytosol,cytosol,Electra2(cytosol)|mCitrine(cytosol)|mKOK(cytosol)|mKate2(cytosol)|mTFP1(cytosol),cytosol,mKate2(cytosol)|mCitrine(cytosol)|Electra2(cytosol)|mKOK(cytosol)|mTFP1(cytosol),sheet
/clusterfs/vast/abcabc/Korra_Foundation/20250603_skittlez/fish4_roi1,20250603-plate19-slot5-roi1,20250603.0,19.0,5.0,1.0,20250603_skittlez,20250603_skittlez,fish4,4.0,,,126,20250603_skittlez,2025-06-03,2025-06-03,pDQM034,317,,,mKate2|mCitrine|Electra2|mKOK|mTFP1,cytosol,cytosol,Electra2(cytosol)|mCitrine(cytosol)|mKOK(cytosol)|mKate2(cytosol)|mTFP1(cytosol),cytosol,mKate2(cytosol)|mCitrine(cytosol)|Electra2(cytosol)|mKOK(cytosol)|mTFP1(cytosol),sheet
/clusterfs/vast/abcabc/Korra_Foundation/20250603_skittlez/fish6_roi1,20250603-plate19-slot6-roi1,20250603.0,19.0,6.0,1.0,20250603_skittlez,20250603_skittlez,fish6,6.0,,,174,20250603_skittlez,2025-06-03,2025-06-03,pDQM034,317,,,mKate2|mCitrine|Electra2|mKOK|mTFP1,cytosol,cytosol,Electra2(cytosol)|mCitrine(cytosol)|mKOK(cytosol)|mKate2(cytosol)|mTFP1(cytosol),cytosol,mKate2(cytosol)|mCitrine(cytosol)|Electra2(cytosol)|mKOK(cytosol)|mTFP1(cytosol),sheet
/clusterfs/vast/abcabc/Korra_Foundation/20250603_skittlez/fish7_roi1,20250603-plate20-slot1-roi1,20250603.0,20.0,1.0,1.0,20250603_skittlez,20250603_skittlez,fish7,7.0,,,108,20250603_skittlez,2025-06-03,2025-06-03,pDQM034,317,,,mKate2|mCitrine|Electra2|mKOK|mTFP1,cytosol,cytosol,Electra2(cytosol)|mCitrine(cytosol)|mKOK(cytosol)|mKate2(cytosol)|mTFP1(cytosol),cytosol,mKate2(cytosol)|mCitrine(cytosol)|Electra2(cytosol)|mKOK(cytosol)|mTFP1(cytosol),sheet
/clusterfs/vast/abcabc/Korra_Foundation/20250603_skittlez/fish8_roi1,20250603-plate20-slot2-roi1,20250603.0,20.0,2.0,1.0,20250603_skittlez,20250603_skittlez,fish8,8.0,,,72,20250603_skittlez,2025-06-03,2025-06-03,pDQM034,317,,,mKate2|mCitrine|Electra2|mKOK|mTFP1,cytosol,cytosol,Electra2(cytosol)|mCitrine(cytosol)|mKOK(cytosol)|mKate2(cytosol)|mTFP1(cytosol),cytosol,mKate2(cytosol)|mCitrine(cytosol)|Electra2(cytosol)|mKOK(cytosol)|mTFP1(cytosol),sheet
/clusterfs/vast/abcabc/Korra_Foundation/20250603_skittlez/fish9_roi1,20250603-plate20-slot3-roi1,20250603.0,20.0,3.0,1.0,20250603_skittlez,20250603_skittlez,fish9,9.0,,,138,20250603_skittlez,2025-06-03,2025-06-03,pDQM034,317,,,mKate2|mCitrine|Electra2|mKOK|mTFP1,cytosol,cytosol,Electra2(cytosol)|mCitrine(cytosol)|mKOK(cytosol)|mKate2(cytosol)|mTFP1(cytosol),cytosol,mKate2(cytosol)|mCitrine(cytosol)|Electra2(cytosol)|mKOK(cytosol)|mTFP1(cytosol),sheet
/clusterfs/vast/abcabc/Korra_Foundation/20250603_skittlez/fish9_roi2,20250603-plate20-slot3-roi2,20250603.0,20.0,3.0,2.0,20250603_skittlez,20250603_skittlez,fish9,9.0,,,48,20250603_skittlez,2025-06-03,2025-06-03,pDQM034,317,,,mKate2|mCitrine|Electra2|mKOK|mTFP1,cytosol,cytosol,Electra2(cytosol)|mCitrine(cytosol)|mKOK(cytosol)|mKate2(cytosol)|mTFP1(cytosol),cytosol,mKate2(cytosol)|mCitrine(cytosol)|Electra2(cytosol)|mKOK(cytosol)|mTFP1(cytosol),sheet
/clusterfs/vast/abcabc/Korra_Foundation/20250603_skittlez/fish9_roi3,20250603-plate20-slot3-roi3,20250603.0,20.0,3.0,3.0,20250603_skittlez,20250603_skittlez,fish9,9.0,,,48,20250603_skittlez,2025-06-03,2025-06-03,pDQM034,317,,,mKate2|mCitrine|Electra2|mKOK|mTFP1,cytosol,cytosol,Electra2(cytosol)|mCitrine(cytosol)|mKOK(cytosol)|mKate2(cytosol)|mTFP1(cytosol),cytosol,mKate2(cytosol)|mCitrine(cytosol)|Electra2(cytosol)|mKOK(cytosol)|mTFP1(cytosol),sheet
/clusterfs/vast/abcabc/Korra_Foundation/20250605_skittlez/fish10_roi1,20250605-plate21-slot2-roi1,20250605.0,21.0,2.0,1.0,20250605_skittlez,20250605_skittlez,fish10,10.0,,,72,20250605_skittlez,2025-06-05,2025-06-05,pDQM034,309,,,mKate2|mCitrine|Electra2|mKOK|mTFP1,cytosol,cytosol,Electra2(cytosol)|mCitrine(cytosol)|mKOK(cytosol)|mKate2(cytosol)|mTFP1(cytosol),cytosol,mKate2(cytosol)|mCitrine(cytosol)|Electra2(cytosol)|mKOK(cytosol)|mTFP1(cytosol),sheet
/clusterfs/vast/abcabc/Korra_Foundation/20250605_skittlez/fish10_roi2,20250605-plate21-slot2-roi2,20250605.0,21.0,2.0,2.0,20250605_skittlez,20250605_skittlez,fish10,10.0,,,72,20250605_skittlez,2025-06-05,2025-06-05,pDQM034,309,,,mKate2|mCitrine|Electra2|mKOK|mTFP1,cytosol,cytosol,Electra2(cytosol)|mCitrine(cytosol)|mKOK(cytosol)|mKate2(cytosol)|mTFP1(cytosol),cytosol,mKate2(cytosol)|mCitrine(cytosol)|Electra2(cytosol)|mKOK(cytosol)|mTFP1(cytosol),sheet
/clusterfs/vast/abcabc/Korra_Foundation/20250605_skittlez/fish11_roi1,20250605-plate21-slot3-roi1,20250605.0,21.0,3.0,1.0,20250605_skittlez,20250605_skittlez,fish11,11.0,,,96,20250605_skittlez,2025-06-05,2025-06-05,pDQM034,309,,,mKate2|mCitrine|Electra2|mKOK|mTFP1,cytosol,cytosol,Electra2(cytosol)|mCitrine(cytosol)|mKOK(cytosol)|mKate2(cytosol)|mTFP1(cytosol),cytosol,mKate2(cytosol)|mCitrine(cytosol)|Electra2(cytosol)|mKOK(cytosol)|mTFP1(cytosol),sheet
/clusterfs/vast/abcabc/Korra_Foundation/20250605_skittlez/fish11_roi2,20250605-plate21-slot3-roi2,20250605.0,21.0,3.0,2.0,20250605_skittlez,20250605_skittlez,fish11,11.0,,,120,20250605_skittlez,2025-06-05,2025-06-05,pDQM034,309,,,mKate2|mCitrine|Electra2|mKOK|mTFP1,cytosol,cytosol,Electra2(cytosol)|mCitrine(cytosol)|mKOK(cytosol)|mKate2(cytosol)|mTFP1(cytosol),cytosol,mKate2(cytosol)|mCitrine(cytosol)|Electra2(cytosol)|mKOK(cytosol)|mTFP1(cytosol),sheet
/clusterfs/vast/abcabc/Korra_Foundation/20250605_skittlez/fish12_roi1,20250605-plate21-slot4-roi1,20250605.0,21.0,4.0,1.0,20250605_skittlez,20250605_skittlez,fish12,12.0,,,96,20250605_skittlez,2025-06-05,2025-06-05,pDQM034,309,,,mKate2|mCitrine|Electra2|mKOK|mTFP1,cytosol,cytosol,Electra2(cytosol)|mCitrine(cytosol)|mKOK(cytosol)|mKate2(cytosol)|mTFP1(cytosol),cytosol,mKate2(cytosol)|mCitrine(cytosol)|Electra2(cytosol)|mKOK(cytosol)|mTFP1(cytosol),sheet
/clusterfs/vast/abcabc/Korra_Foundation/20250605_skittlez/fish13_roi1,20250605-plate21-slot5-roi1,20250605.0,21.0,5.0,1.0,20250605_skittlez,20250605_skittlez,fish13,13.0,,,96,20250605_skittlez,2025-06-05,2025-06-05,pDQM034,309,,,mKate2|mCitrine|Electra2|mKOK|mTFP1,cytosol,cytosol,Electra2(cytosol)|mCitrine(cytosol)|mKOK(cytosol)|mKate2(cytosol)|mTFP1(cytosol),cytosol,mKate2(cytosol)|mCitrine(cytosol)|Electra2(cytosol)|mKOK(cytosol)|mTFP1(cytosol),sheet
/clusterfs/vast/abcabc/Korra_Foundation/20250605_skittlez/fish13_roi2,20250605-plate21-slot5-roi2,20250605.0,21.0,5.0,2.0,20250605_skittlez,20250605_skittlez,fish13,13.0,,,96,20250605_skittlez,2025-06-05,2025-06-05,pDQM034,309,,,mKate2|mCitrine|Electra2|mKOK|mTFP1,cytosol,cytosol,Electra2(cytosol)|mCitrine(cytosol)|mKOK(cytosol)|mKate2(cytosol)|mTFP1(cytosol),cytosol,mKate2(cytosol)|mCitrine(cytosol)|Electra2(cytosol)|mKOK(cytosol)|mTFP1(cytosol),sheet
/clusterfs/vast/abcabc/Korra_Foundation/20250605_skittlez/fish14_roi1,20250605-plate21-slot6-roi1,20250605.0,21.0,6.0,1.0,20250605_skittlez,20250605_skittlez,fish14,14.0,,,96,20250605_skittlez,2025-06-05,2025-06-05,pDQM034,309,,,mKate2|mCitrine|Electra2|mKOK|mTFP1,cytosol,cytosol,Electra2(cytosol)|mCitrine(cytosol)|mKOK(cytosol)|mKate2(cytosol)|mTFP1(cytosol),cytosol,mKate2(cytosol)|mCitrine(cytosol)|Electra2(cytosol)|mKOK(cytosol)|mTFP1(cytosol),sheet
/clusterfs/vast/abcabc/Korra_Foundation/20250605_skittlez/fish1_roi1,20250605-plate21-slot1-roi1,20250605.0,21.0,1.0,1.0,20250605_skittlez,20250605_skittlez,fish1,1.0,,,90,20250605_skittlez,2025-06-05,2025-06-05,pDQM034,309,,,mKate2|mCitrine|Electra2|mKOK|mTFP1,cytosol,cytosol,Electra2(cytosol)|mCitrine(cytosol)|mKOK(cytosol)|mKate2(cytosol)|mTFP1(cytosol),cytosol,mKate2(cytosol)|mCitrine(cytosol)|Electra2(cytosol)|mKOK(cytosol)|mTFP1(cytosol),sheet
/clusterfs/vast/abcabc/Korra_Foundation/20250605_skittlez/fish2_roi1,20250605-plate22-slot1-roi1,20250605.0,22.0,1.0,1.0,20250605_skittlez,20250605_skittlez,fish2,2.0,,,72,20250605_skittlez,2025-06-05,2025-06-05,pDQM034,309,,,mKate2|mCitrine|Electra2|mKOK|mTFP1,cytosol,cytosol,Electra2(cytosol)|mCitrine(cytosol)|mKOK(cytosol)|mKate2(cytosol)|mTFP1(cytosol),cytosol,mKate2(cytosol)|mCitrine(cytosol)|Electra2(cytosol)|mKOK(cytosol)|mTFP1(cytosol),sheet
/clusterfs/vast/abcabc/Korra_Foundation/20250605_skittlez/fish2_roi12,20250605-plate22-slot1-roi2,20250605.0,22.0,1.0,2.0,20250605_skittlez,20250605_skittlez,fish2,2.0,,,72,20250605_skittlez,2025-06-05,2025-06-05,pDQM034,309,,,mKate2|mCitrine|Electra2|mKOK|mTFP1,cytosol,cytosol,Electra2(cytosol)|mCitrine(cytosol)|mKOK(cytosol)|mKate2(cytosol)|mTFP1(cytosol),cytosol,mKate2(cytosol)|mCitrine(cytosol)|Electra2(cytosol)|mKOK(cytosol)|mTFP1(cytosol),sheet
/clusterfs/vast/abcabc/Korra_Foundation/20250605_skittlez/fish3_roi12,20250605-plate22-slot2-roi1,20250605.0,22.0,2.0,1.0,20250605_skittlez,20250605_skittlez,fish3,3.0,,,72,20250605_skittlez,2025-06-05,2025-06-05,pDQM034,309,,,mKate2|mCitrine|Electra2|mKOK|mTFP1,cytosol,cytosol,Electra2(cytosol)|mCitrine(cytosol)|mKOK(cytosol)|mKate2(cytosol)|mTFP1(cytosol),cytosol,mKate2(cytosol)|mCitrine(cytosol)|Electra2(cytosol)|mKOK(cytosol)|mTFP1(cytosol),sheet
/clusterfs/vast/abcabc/Korra_Foundation/20250605_skittlez/fish3_roi2,20250605-plate22-slot2-roi2,20250605.0,22.0,2.0,2.0,20250605_skittlez,20250605_skittlez,fish3,3.0,,,72,20250605_skittlez,2025-06-05,2025-06-05,pDQM034,309,,,mKate2|mCitrine|Electra2|mKOK|mTFP1,cytosol,cytosol,Electra2(cytosol)|mCitrine(cytosol)|mKOK(cytosol)|mKate2(cytosol)|mTFP1(cytosol),cytosol,mKate2(cytosol)|mCitrine(cytosol)|Electra2(cytosol)|mKOK(cytosol)|mTFP1(cytosol),sheet
/clusterfs/vast/abcabc/Korra_Foundation/20250605_skittlez/fish4_roi1,20250605-plate22-slot3-roi1,20250605.0,22.0,3.0,1.0,20250605_skittlez,20250605_skittlez,fish4,4.0,,,72,20250605_skittlez,2025-06-05,2025-06-05,pDQM034,309,,,mKate2|mCitrine|Electra2|mKOK|mTFP1,cytosol,cytosol,Electra2(cytosol)|mCitrine(cytosol)|mKOK(cytosol)|mKate2(cytosol)|mTFP1(cytosol),cytosol,mKate2(cytosol)|mCitrine(cytosol)|Electra2(cytosol)|mKOK(cytosol)|mTFP1(cytosol),sheet
/clusterfs/vast/abcabc/Korra_Foundation/20250605_skittlez/fish5_roi1,20250605-plate22-slot4-roi1,20250605.0,22.0,4.0,1.0,20250605_skittlez,20250605_skittlez,fish5,5.0,,,54,20250605_skittlez,2025-06-05,2025-06-05,pDQM034,309,,,mKate2|mCitrine|Electra2|mKOK|mTFP1,cytosol,cytosol,Electra2(cytosol)|mCitrine(cytosol)|mKOK(cytosol)|mKate2(cytosol)|mTFP1(cytosol),cytosol,mKate2(cytosol)|mCitrine(cytosol)|Electra2(cytosol)|mKOK(cytosol)|mTFP1(cytosol),sheet
/clusterfs/vast/abcabc/Korra_Foundation/20250605_skittlez/fish5_roi2,20250605-plate22-slot4-roi2,20250605.0,22.0,4.0,2.0,20250605_skittlez,20250605_skittlez,fish5,5.0,,,54,20250605_skittlez,2025-06-05,2025-06-05,pDQM034,309,,,mKate2|mCitrine|Electra2|mKOK|mTFP1,cytosol,cytosol,Electra2(cytosol)|mCitrine(cytosol)|mKOK(cytosol)|mKate2(cytosol)|mTFP1(cytosol),cytosol,mKate2(cytosol)|mCitrine(cytosol)|Electra2(cytosol)|mKOK(cytosol)|mTFP1(cytosol),sheet
/clusterfs/vast/abcabc/Korra_Foundation/20250605_skittlez/fish6_roi1,20250605-plate22-slot5-roi1,20250605.0,22.0,5.0,1.0,20250605_skittlez,20250605_skittlez,fish6,6.0,,,72,20250605_skittlez,2025-06-05,2025-06-05,pDQM034,309,,,mKate2|mCitrine|Electra2|mKOK|mTFP1,cytosol,cytosol,Electra2(cytosol)|mCitrine(cytosol)|mKOK(cytosol)|mKate2(cytosol)|mTFP1(cytosol),cytosol,mKate2(cytosol)|mCitrine(cytosol)|Electra2(cytosol)|mKOK(cytosol)|mTFP1(cytosol),sheet
/clusterfs/vast/abcabc/Korra_Foundation/20250605_skittlez/fish7_roi1,20250605-plate22-slot6-roi1,20250605.0,22.0,6.0,1.0,20250605_skittlez,20250605_skittlez,fish7,7.0,,,72,20250605_skittlez,2025-06-05,2025-06-05,pDQM034,309,,,mKate2|mCitrine|Electra2|mKOK|mTFP1,cytosol,cytosol,Electra2(cytosol)|mCitrine(cytosol)|mKOK(cytosol)|mKate2(cytosol)|mTFP1(cytosol),cytosol,mKate2(cytosol)|mCitrine(cytosol)|Electra2(cytosol)|mKOK(cytosol)|mTFP1(cytosol),sheet
/clusterfs/vast/abcabc/Korra_Foundation/20250605_skittlez/fish8_roi1,20250605-plate23-slot1-roi1,20250605.0,23.0,1.0,1.0,20250605_skittlez,20250605_skittlez,fish8,8.0,,,54,20250605_skittlez,2025-06-05,2025-06-05,pDQM034,309,,,mKate2|mCitrine|Electra2|mKOK|mTFP1,cytosol,cytosol,Electra2(cytosol)|mCitrine(cytosol)|mKOK(cytosol)|mKate2(cytosol)|mTFP1(cytosol),cytosol,mKate2(cytosol)|mCitrine(cytosol)|Electra2(cytosol)|mKOK(cytosol)|mTFP1(cytosol),sheet
/clusterfs/vast/abcabc/Korra_Foundation/20250605_skittlez/fish9_roi1,20250605-plate23-slot2-roi1,20250605.0,23.0,2.0,1.0,20250605_skittlez,20250605_skittlez,fish9,9.0,,,72,20250605_skittlez,2025-06-05,2025-06-05,pDQM034,309,,,mKate2|mCitrine|Electra2|mKOK|mTFP1,cytosol,cytosol,Electra2(cytosol)|mCitrine(cytosol)|mKOK(cytosol)|mKate2(cytosol)|mTFP1(cytosol),cytosol,mKate2(cytosol)|mCitrine(cytosol)|Electra2(cytosol)|mKOK(cytosol)|mTFP1(cytosol),sheet
/clusterfs/vast/abcabc/Korra_Foundation/20250605_skittlez/fish9_roi2,20250605-plate23-slot2-roi2,20250605.0,23.0,2.0,2.0,20250605_skittlez,20250605_skittlez,fish9,9.0,,,72,20250605_skittlez,2025-06-05,2025-06-05,pDQM034,309,,,mKate2|mCitrine|Electra2|mKOK|mTFP1,cytosol,cytosol,Electra2(cytosol)|mCitrine(cytosol)|mKOK(cytosol)|mKate2(cytosol)|mTFP1(cytosol),cytosol,mKate2(cytosol)|mCitrine(cytosol)|Electra2(cytosol)|mKOK(cytosol)|mTFP1(cytosol),sheet
/clusterfs/vast/abcabc/Korra_Foundation/20250606_skittlez/fish10_roi1,20250606-plate24-slot2-roi1,20250606.0,24.0,2.0,1.0,20250606_skittlez,20250606_skittlez,fish10,10.0,,,72,20250606_skittlez,2025-06-06,2025-06-06,pDQM034,310,,,mKate2|mCitrine|Electra2|mKOK|mTFP1,cytosol,cytosol,Electra2(cytosol)|mCitrine(cytosol)|mKOK(cytosol)|mKate2(cytosol)|mTFP1(cytosol),cytosol,mKate2(cytosol)|mCitrine(cytosol)|Electra2(cytosol)|mKOK(cytosol)|mTFP1(cytosol),sheet
/clusterfs/vast/abcabc/Korra_Foundation/20250606_skittlez/fish11_roi1,20250606-plate24-slot3-roi1,20250606.0,24.0,3.0,1.0,20250606_skittlez,20250606_skittlez,fish11,11.0,,,72,20250606_skittlez,2025-06-06,2025-06-06,pDQM034,310,,,mKate2|mCitrine|Electra2|mKOK|mTFP1,cytosol,cytosol,Electra2(cytosol)|mCitrine(cytosol)|mKOK(cytosol)|mKate2(cytosol)|mTFP1(cytosol),cytosol,mKate2(cytosol)|mCitrine(cytosol)|Electra2(cytosol)|mKOK(cytosol)|mTFP1(cytosol),sheet
/clusterfs/vast/abcabc/Korra_Foundation/20250606_skittlez/fish11_roi2,20250606-plate24-slot3-roi2,20250606.0,24.0,3.0,2.0,20250606_skittlez,20250606_skittlez,fish11,11.0,,,72,20250606_skittlez,2025-06-06,2025-06-06,pDQM034,310,,,mKate2|mCitrine|Electra2|mKOK|mTFP1,cytosol,cytosol,Electra2(cytosol)|mCitrine(cytosol)|mKOK(cytosol)|mKate2(cytosol)|mTFP1(cytosol),cytosol,mKate2(cytosol)|mCitrine(cytosol)|Electra2(cytosol)|mKOK(cytosol)|mTFP1(cytosol),sheet
/clusterfs/vast/abcabc/Korra_Foundation/20250606_skittlez/fish12_roi1,20250606-plate24-slot4-roi1,20250606.0,24.0,4.0,1.0,20250606_skittlez,20250606_skittlez,fish12,12.0,,,72,20250606_skittlez,2025-06-06,2025-06-06,pDQM034,310,,,mKate2|mCitrine|Electra2|mKOK|mTFP1,cytosol,cytosol,Electra2(cytosol)|mCitrine(cytosol)|mKOK(cytosol)|mKate2(cytosol)|mTFP1(cytosol),cytosol,mKate2(cytosol)|mCitrine(cytosol)|Electra2(cytosol)|mKOK(cytosol)|mTFP1(cytosol),sheet
/clusterfs/vast/abcabc/Korra_Foundation/20250606_skittlez/fish12_roi2,20250606-plate24-slot4-roi2,20250606.0,24.0,4.0,2.0,20250606_skittlez,20250606_skittlez,fish12,12.0,,,72,20250606_skittlez,2025-06-06,2025-06-06,pDQM034,310,,,mKate2|mCitrine|Electra2|mKOK|mTFP1,cytosol,cytosol,Electra2(cytosol)|mCitrine(cytosol)|mKOK(cytosol)|mKate2(cytosol)|mTFP1(cytosol),cytosol,mKate2(cytosol)|mCitrine(cytosol)|Electra2(cytosol)|mKOK(cytosol)|mTFP1(cytosol),sheet
/clusterfs/vast/abcabc/Korra_Foundation/20250606_skittlez/fish13_roi1,20250606-plate24-slot5-roi1,20250606.0,24.0,5.0,1.0,20250606_skittlez,20250606_skittlez,fish13,13.0,,,72,20250606_skittlez,2025-06-06,2025-06-06,pDQM034,310,,,mKate2|mCitrine|Electra2|mKOK|mTFP1,cytosol,cytosol,Electra2(cytosol)|mCitrine(cytosol)|mKOK(cytosol)|mKate2(cytosol)|mTFP1(cytosol),cytosol,mKate2(cytosol)|mCitrine(cytosol)|Electra2(cytosol)|mKOK(cytosol)|mTFP1(cytosol),sheet
/clusterfs/vast/abcabc/Korra_Foundation/20250606_skittlez/fish13_roi2,20250606-plate24-slot5-roi2,20250606.0,24.0,5.0,2.0,20250606_skittlez,20250606_skittlez,fish13,13.0,,,72,20250606_skittlez,2025-06-06,2025-06-06,pDQM034,310,,,mKate2|mCitrine|Electra2|mKOK|mTFP1,cytosol,cytosol,Electra2(cytosol)|mCitrine(cytosol)|mKOK(cytosol)|mKate2(cytosol)|mTFP1(cytosol),cytosol,mKate2(cytosol)|mCitrine(cytosol)|Electra2(cytosol)|mKOK(cytosol)|mTFP1(cytosol),sheet
/clusterfs/vast/abcabc/Korra_Foundation/20250606_skittlez/fish14_roi1,20250606-plate24-slot6-roi1,20250606.0,24.0,6.0,1.0,20250606_skittlez,20250606_skittlez,fish14,14.0,,,72,20250606_skittlez,2025-06-06,2025-06-06,pDQM034,310,,,mKate2|mCitrine|Electra2|mKOK|mTFP1,cytosol,cytosol,Electra2(cytosol)|mCitrine(cytosol)|mKOK(cytosol)|mKate2(cytosol)|mTFP1(cytosol),cytosol,mKate2(cytosol)|mCitrine(cytosol)|Electra2(cytosol)|mKOK(cytosol)|mTFP1(cytosol),sheet
/clusterfs/vast/abcabc/Korra_Foundation/20250606_skittlez/fish14_roi2,20250606-plate24-slot6-roi2,20250606.0,24.0,6.0,2.0,20250606_skittlez,20250606_skittlez,fish14,14.0,,,72,20250606_skittlez,2025-06-06,2025-06-06,pDQM034,310,,,mKate2|mCitrine|Electra2|mKOK|mTFP1,cytosol,cytosol,Electra2(cytosol)|mCitrine(cytosol)|mKOK(cytosol)|mKate2(cytosol)|mTFP1(cytosol),cytosol,mKate2(cytosol)|mCitrine(cytosol)|Electra2(cytosol)|mKOK(cytosol)|mTFP1(cytosol),sheet
/clusterfs/vast/abcabc/Korra_Foundation/20250606_skittlez/fish14_roi3,20250606-plate24-slot6-roi3,20250606.0,24.0,6.0,3.0,20250606_skittlez,20250606_skittlez,fish14,14.0,,,72,20250606_skittlez,2025-06-06,2025-06-06,pDQM034,310,,,mKate2|mCitrine|Electra2|mKOK|mTFP1,cytosol,cytosol,Electra2(cytosol)|mCitrine(cytosol)|mKOK(cytosol)|mKate2(cytosol)|mTFP1(cytosol),cytosol,mKate2(cytosol)|mCitrine(cytosol)|Electra2(cytosol)|mKOK(cytosol)|mTFP1(cytosol),sheet
/clusterfs/vast/abcabc/Korra_Foundation/20250606_skittlez/fish15_roi1,20250606-plate25-slot1-roi1,20250606.0,25.0,1.0,1.0,20250606_skittlez,20250606_skittlez,fish15,15.0,,,72,20250606_skittlez,2025-06-06,2025-06-06,pDQM034,310,,,mKate2|mCitrine|Electra2|mKOK|mTFP1,cytosol,cytosol,Electra2(cytosol)|mCitrine(cytosol)|mKOK(cytosol)|mKate2(cytosol)|mTFP1(cytosol),cytosol,mKate2(cytosol)|mCitrine(cytosol)|Electra2(cytosol)|mKOK(cytosol)|mTFP1(cytosol),sheet
/clusterfs/vast/abcabc/Korra_Foundation/20250606_skittlez/fish15_roi2,20250606-plate25-slot1-roi2,20250606.0,25.0,1.0,2.0,20250606_skittlez,20250606_skittlez,fish15,15.0,,,72,20250606_skittlez,2025-06-06,2025-06-06,pDQM034,310,,,mKate2|mCitrine|Electra2|mKOK|mTFP1,cytosol,cytosol,Electra2(cytosol)|mCitrine(cytosol)|mKOK(cytosol)|mKate2(cytosol)|mTFP1(cytosol),cytosol,mKate2(cytosol)|mCitrine(cytosol)|Electra2(cytosol)|mKOK(cytosol)|mTFP1(cytosol),sheet
/clusterfs/vast/abcabc/Korra_Foundation/20250606_skittlez/fish15_roi3,20250606-plate25-slot1-roi3,20250606.0,25.0,1.0,3.0,20250606_skittlez,20250606_skittlez,fish15,15.0,,,72,20250606_skittlez,2025-06-06,2025-06-06,pDQM034,310,,,mKate2|mCitrine|Electra2|mKOK|mTFP1,cytosol,cytosol,Electra2(cytosol)|mCitrine(cytosol)|mKOK(cytosol)|mKate2(cytosol)|mTFP1(cytosol),cytosol,mKate2(cytosol)|mCitrine(cytosol)|Electra2(cytosol)|mKOK(cytosol)|mTFP1(cytosol),sheet
/clusterfs/vast/abcabc/Korra_Foundation/20250606_skittlez/fish1_roi1,20250606-plate24-slot1-roi1,20250606.0,24.0,1.0,1.0,20250606_skittlez,20250606_skittlez,fish1,1.0,,,48,20250606_skittlez,2025-06-06,2025-06-06,pDQM034,310,,,mKate2|mCitrine|Electra2|mKOK|mTFP1,cytosol,cytosol,Electra2(cytosol)|mCitrine(cytosol)|mKOK(cytosol)|mKate2(cytosol)|mTFP1(cytosol),cytosol,mKate2(cytosol)|mCitrine(cytosol)|Electra2(cytosol)|mKOK(cytosol)|mTFP1(cytosol),sheet
/clusterfs/vast/abcabc/Korra_Foundation/20250606_skittlez/fish2_roi1,20250606-plate25-slot2-roi1,20250606.0,25.0,2.0,1.0,20250606_skittlez,20250606_skittlez,fish2,2.0,,,48,20250606_skittlez,2025-06-06,2025-06-06,pDQM034,310,,,mKate2|mCitrine|Electra2|mKOK|mTFP1,cytosol,cytosol,Electra2(cytosol)|mCitrine(cytosol)|mKOK(cytosol)|mKate2(cytosol)|mTFP1(cytosol),cytosol,mKate2(cytosol)|mCitrine(cytosol)|Electra2(cytosol)|mKOK(cytosol)|mTFP1(cytosol),sheet
/clusterfs/vast/abcabc/Korra_Foundation/20250606_skittlez/fish3_roi1,20250606-plate25-slot3-roi1,20250606.0,25.0,3.0,1.0,20250606_skittlez,20250606_skittlez,fish3,3.0,,,48,20250606_skittlez,2025-06-06,2025-06-06,pDQM034,310,,,mKate2|mCitrine|Electra2|mKOK|mTFP1,cytosol,cytosol,Electra2(cytosol)|mCitrine(cytosol)|mKOK(cytosol)|mKate2(cytosol)|mTFP1(cytosol),cytosol,mKate2(cytosol)|mCitrine(cytosol)|Electra2(cytosol)|mKOK(cytosol)|mTFP1(cytosol),sheet
/clusterfs/vast/abcabc/Korra_Foundation/20250606_skittlez/fish4_roi1,20250606-plate25-slot4-roi1,20250606.0,25.0,4.0,1.0,20250606_skittlez,20250606_skittlez,fish4,4.0,,,48,20250606_skittlez,2025-06-06,2025-06-06,pDQM034,310,,,mKate2|mCitrine|Electra2|mKOK|mTFP1,cytosol,cytosol,Electra2(cytosol)|mCitrine(cytosol)|mKOK(cytosol)|mKate2(cytosol)|mTFP1(cytosol),cytosol,mKate2(cytosol)|mCitrine(cytosol)|Electra2(cytosol)|mKOK(cytosol)|mTFP1(cytosol),sheet
/clusterfs/vast/abcabc/Korra_Foundation/20250606_skittlez/fish6_roi1,20250606-plate25-slot5-roi1,20250606.0,25.0,5.0,1.0,20250606_skittlez,20250606_skittlez,fish6,6.0,,,48,20250606_skittlez,2025-06-06,2025-06-06,pDQM034,310,,,mKate2|mCitrine|Electra2|mKOK|mTFP1,cytosol,cytosol,Electra2(cytosol)|mCitrine(cytosol)|mKOK(cytosol)|mKate2(cytosol)|mTFP1(cytosol),cytosol,mKate2(cytosol)|mCitrine(cytosol)|Electra2(cytosol)|mKOK(cytosol)|mTFP1(cytosol),sheet
/clusterfs/vast/abcabc/Korra_Foundation/20250606_skittlez/fish7_roi1,20250606-plate25-slot6-roi1,20250606.0,25.0,6.0,1.0,20250606_skittlez,20250606_skittlez,fish7,7.0,,,48,20250606_skittlez,2025-06-06,2025-06-06,pDQM034,310,,,mKate2|mCitrine|Electra2|mKOK|mTFP1,cytosol,cytosol,Electra2(cytosol)|mCitrine(cytosol)|mKOK(cytosol)|mKate2(cytosol)|mTFP1(cytosol),cytosol,mKate2(cytosol)|mCitrine(cytosol)|Electra2(cytosol)|mKOK(cytosol)|mTFP1(cytosol),sheet
/clusterfs/vast/abcabc/Korra_Foundation/20250606_skittlez/fish7_roi2,20250606-plate25-slot6-roi2,20250606.0,25.0,6.0,2.0,20250606_skittlez,20250606_skittlez,fish7,7.0,,,48,20250606_skittlez,2025-06-06,2025-06-06,pDQM034,310,,,mKate2|mCitrine|Electra2|mKOK|mTFP1,cytosol,cytosol,Electra2(cytosol)|mCitrine(cytosol)|mKOK(cytosol)|mKate2(cytosol)|mTFP1(cytosol),cytosol,mKate2(cytosol)|mCitrine(cytosol)|Electra2(cytosol)|mKOK(cytosol)|mTFP1(cytosol),sheet
/clusterfs/vast/abcabc/Korra_Foundation/20250606_skittlez/fish8_roi1,20250606-plate26-slot1-roi1,20250606.0,26.0,1.0,1.0,20250606_skittlez,20250606_skittlez,fish8,8.0,,,48,20250606_skittlez,2025-06-06,2025-06-06,pDQM034,310,,,mKate2|mCitrine|Electra2|mKOK|mTFP1,cytosol,cytosol,Electra2(cytosol)|mCitrine(cytosol)|mKOK(cytosol)|mKate2(cytosol)|mTFP1(cytosol),cytosol,mKate2(cytosol)|mCitrine(cytosol)|Electra2(cytosol)|mKOK(cytosol)|mTFP1(cytosol),sheet
/clusterfs/vast/abcabc/Korra_Foundation/20250606_skittlez/fish9_roi1,20250606-plate26-slot2-roi1,20250606.0,26.0,2.0,1.0,20250606_skittlez,20250606_skittlez,fish9,9.0,,,72,20250606_skittlez,2025-06-06,2025-06-06,pDQM034,310,,,mKate2|mCitrine|Electra2|mKOK|mTFP1,cytosol,cytosol,Electra2(cytosol)|mCitrine(cytosol)|mKOK(cytosol)|mKate2(cytosol)|mTFP1(cytosol),cytosol,mKate2(cytosol)|mCitrine(cytosol)|Electra2(cytosol)|mKOK(cytosol)|mTFP1(cytosol),sheet
/clusterfs/vast/abcabc/Korra_Foundation/20250606_skittlez/fish9_roi2,20250606-plate26-slot2-roi2,20250606.0,26.0,2.0,2.0,20250606_skittlez,20250606_skittlez,fish9,9.0,,,72,20250606_skittlez,2025-06-06,2025-06-06,pDQM034,310,,,mKate2|mCitrine|Electra2|mKOK|mTFP1,cytosol,cytosol,Electra2(cytosol)|mCitrine(cytosol)|mKOK(cytosol)|mKate2(cytosol)|mTFP1(cytosol),cytosol,mKate2(cytosol)|mCitrine(cytosol)|Electra2(cytosol)|mKOK(cytosol)|mTFP1(cytosol),sheet
/clusterfs/vast/abcabc/Korra_Foundation/20250609_mem-histone/fish11_72hpf_roi1,20250609-plate27-slot1-roi1,20250609.0,27.0,1.0,1.0,20250609_mem-histone,20250609_mem-histone,fish11,11.0,72.0,,8168,20250609_mem-histone,2025-06-09,2025-06-09,pDQM005,301,,,tdmSG,2xLynk,membrane,tdmSG(membrane),membrane,tdmSG(membrane),sheet
/clusterfs/vast/abcabc/Korra_Foundation/20250609_mem-histone/fish2_24hpf_roi1,20250609-plate27-slot2-roi1,20250609.0,27.0,2.0,1.0,20250609_mem-histone,20250609_mem-histone,fish2,2.0,24.0,,2880,20250609_mem-histone,2025-06-09,2025-06-09,pDQM005,301,,,tdmSG,2xLynk,membrane,tdmSG(membrane),membrane,tdmSG(membrane),sheet
/clusterfs/vast/abcabc/Korra_Foundation/20250609_mem-histone/fish2_24hpf_roi2,20250609-plate27-slot2-roi2,20250609.0,27.0,2.0,2.0,20250609_mem-histone,20250609_mem-histone,fish2,2.0,24.0,,3520,20250609_mem-histone,2025-06-09,2025-06-09,pDQM005,301,,,tdmSG,2xLynk,membrane,tdmSG(membrane),membrane,tdmSG(membrane),sheet
/clusterfs/vast/abcabc/Korra_Foundation/20250609_mem-histone/fish3_24hpf_roi1,20250609-plate27-slot3-roi1,20250609.0,27.0,3.0,1.0,20250609_mem-histone,20250609_mem-histone,fish3,3.0,24.0,,4000,20250609_mem-histone,2025-06-09,2025-06-09,pDQM005,301,,,tdmSG,2xLynk,membrane,tdmSG(membrane),membrane,tdmSG(membrane),sheet
/clusterfs/vast/abcabc/Korra_Foundation/20250609_mem-histone/fish4_24hpf_roi1,20250609-plate27-slot4-roi1,20250609.0,27.0,4.0,1.0,20250609_mem-histone,20250609_mem-histone,fish4,4.0,24.0,,2560,20250609_mem-histone,2025-06-09,2025-06-09,pDQM005,301,,,tdmSG,2xLynk,membrane,tdmSG(membrane),membrane,tdmSG(membrane),sheet
/clusterfs/vast/abcabc/Korra_Foundation/20250609_mem-histone/fish5_24hpf_roi1,20250609-plate27-slot5-roi1,20250609.0,27.0,5.0,1.0,20250609_mem-histone,20250609_mem-histone,fish5,5.0,24.0,,2560,20250609_mem-histone,2025-06-09,2025-06-09,pDQM005,301,,,tdmSG,2xLynk,membrane,tdmSG(membrane),membrane,tdmSG(membrane),sheet
/clusterfs/vast/abcabc/Korra_Foundation/20250609_mem-histone/fish5_48hpf_roi2,20250609-plate27-slot5-roi2,20250609.0,27.0,5.0,2.0,20250609_mem-histone,20250609_mem-histone,fish5,5.0,48.0,,2560,20250609_mem-histone,2025-06-09,2025-06-09,pDQM005,301,,,tdmSG,2xLynk,membrane,tdmSG(membrane),membrane,tdmSG(membrane),sheet
/clusterfs/vast/abcabc/Korra_Foundation/20250609_mem-histone/fish6_48hpf_roi1,20250609-plate27-slot6-roi1,20250609.0,27.0,6.0,1.0,20250609_mem-histone,20250609_mem-histone,fish6,6.0,48.0,,2080,20250609_mem-histone,2025-06-09,2025-06-09,pDQM005,301,,,tdmSG,2xLynk,membrane,tdmSG(membrane),membrane,tdmSG(membrane),sheet
/clusterfs/vast/abcabc/Korra_Foundation/20250609_mem-histone/fish6_48hpf_roi2,20250609-plate27-slot6-roi2,20250609.0,27.0,6.0,2.0,20250609_mem-histone,20250609_mem-histone,fish6,6.0,48.0,,1600,20250609_mem-histone,2025-06-09,2025-06-09,pDQM005,301,,,tdmSG,2xLynk,membrane,tdmSG(membrane),membrane,tdmSG(membrane),sheet
/clusterfs/vast/abcabc/Korra_Foundation/20250612_skittlez/fish1_roi1,20250612-plate28-slot1-roi1,20250612.0,28.0,1.0,1.0,20250612_skittlez,20250612_skittlez,fish1,1.0,,,300,20250612_skittlez,2025-06-12,2025-06-12,pDQM034,309,,,mKate2|mCitrine|Electra2|mKOK|mTFP1,cytosol,cytosol,Electra2(cytosol)|mCitrine(cytosol)|mKOK(cytosol)|mKate2(cytosol)|mTFP1(cytosol),cytosol,mKate2(cytosol)|mCitrine(cytosol)|Electra2(cytosol)|mKOK(cytosol)|mTFP1(cytosol),sheet
/clusterfs/vast/abcabc/Korra_Foundation/20250612_skittlez/fish2_roi1,20250612-plate28-slot2-roi1,20250612.0,28.0,2.0,1.0,20250612_skittlez,20250612_skittlez,fish2,2.0,,,120,20250612_skittlez,2025-06-12,2025-06-12,pDQM034,309,,,mKate2|mCitrine|Electra2|mKOK|mTFP1,cytosol,cytosol,Electra2(cytosol)|mCitrine(cytosol)|mKOK(cytosol)|mKate2(cytosol)|mTFP1(cytosol),cytosol,mKate2(cytosol)|mCitrine(cytosol)|Electra2(cytosol)|mKOK(cytosol)|mTFP1(cytosol),sheet
/clusterfs/vast/abcabc/Korra_Foundation/20250612_skittlez/fish3_roi1,20250612-plate28-slot3-roi1,20250612.0,28.0,3.0,1.0,20250612_skittlez,20250612_skittlez,fish3,3.0,,,150,20250612_skittlez,2025-06-12,2025-06-12,pDQM034,309,,,mKate2|mCitrine|Electra2|mKOK|mTFP1,cytosol,cytosol,Electra2(cytosol)|mCitrine(cytosol)|mKOK(cytosol)|mKate2(cytosol)|mTFP1(cytosol),cytosol,mKate2(cytosol)|mCitrine(cytosol)|Electra2(cytosol)|mKOK(cytosol)|mTFP1(cytosol),sheet
/clusterfs/vast/abcabc/Korra_Foundation/20250612_skittlez/fish4_roi1,20250612-plate28-slot4-roi1,20250612.0,28.0,4.0,1.0,20250612_skittlez,20250612_skittlez,fish4,4.0,,,270,20250612_skittlez,2025-06-12,2025-06-12,pDQM034,309,,,mKate2|mCitrine|Electra2|mKOK|mTFP1,cytosol,cytosol,Electra2(cytosol)|mCitrine(cytosol)|mKOK(cytosol)|mKate2(cytosol)|mTFP1(cytosol),cytosol,mKate2(cytosol)|mCitrine(cytosol)|Electra2(cytosol)|mKOK(cytosol)|mTFP1(cytosol),sheet
/clusterfs/vast/abcabc/Korra_Foundation/20250612_skittlez/fish5_roi1,20250612-plate28-slot5-roi1,20250612.0,28.0,5.0,1.0,20250612_skittlez,20250612_skittlez,fish5,5.0,,,120,20250612_skittlez,2025-06-12,2025-06-12,pDQM034,309,,,mKate2|mCitrine|Electra2|mKOK|mTFP1,cytosol,cytosol,Electra2(cytosol)|mCitrine(cytosol)|mKOK(cytosol)|mKate2(cytosol)|mTFP1(cytosol),cytosol,mKate2(cytosol)|mCitrine(cytosol)|Electra2(cytosol)|mKOK(cytosol)|mTFP1(cytosol),sheet
/clusterfs/vast/abcabc/Korra_Foundation/20250612_skittlez/fish5_roi2,20250612-plate28-slot5-roi2,20250612.0,28.0,5.0,2.0,20250612_skittlez,20250612_skittlez,fish5,5.0,,,120,20250612_skittlez,2025-06-12,2025-06-12,pDQM034,309,,,mKate2|mCitrine|Electra2|mKOK|mTFP1,cytosol,cytosol,Electra2(cytosol)|mCitrine(cytosol)|mKOK(cytosol)|mKate2(cytosol)|mTFP1(cytosol),cytosol,mKate2(cytosol)|mCitrine(cytosol)|Electra2(cytosol)|mKOK(cytosol)|mTFP1(cytosol),sheet
/clusterfs/vast/abcabc/Korra_Foundation/20250612_skittlez/fish5_roi3,20250612-plate28-slot5-roi3,20250612.0,28.0,5.0,3.0,20250612_skittlez,20250612_skittlez,fish5,5.0,,,120,20250612_skittlez,2025-06-12,2025-06-12,pDQM034,309,,,mKate2|mCitrine|Electra2|mKOK|mTFP1,cytosol,cytosol,Electra2(cytosol)|mCitrine(cytosol)|mKOK(cytosol)|mKate2(cytosol)|mTFP1(cytosol),cytosol,mKate2(cytosol)|mCitrine(cytosol)|Electra2(cytosol)|mKOK(cytosol)|mTFP1(cytosol),sheet
/clusterfs/vast/abcabc/Korra_Foundation/20250612_skittlez/fish6_roi1,20250612-plate28-slot6-roi1,20250612.0,28.0,6.0,1.0,20250612_skittlez,20250612_skittlez,fish6,6.0,,,120,20250612_skittlez,2025-06-12,2025-06-12,pDQM034,309,,,mKate2|mCitrine|Electra2|mKOK|mTFP1,cytosol,cytosol,Electra2(cytosol)|mCitrine(cytosol)|mKOK(cytosol)|mKate2(cytosol)|mTFP1(cytosol),cytosol,mKate2(cytosol)|mCitrine(cytosol)|Electra2(cytosol)|mKOK(cytosol)|mTFP1(cytosol),sheet
/clusterfs/vast/abcabc/Korra_Foundation/20250612_skittlez/fish7_roi1,20250612-plate29-slot1-roi1,20250612.0,29.0,1.0,1.0,20250612_skittlez,20250612_skittlez,fish7,7.0,,,90,20250612_skittlez,2025-06-12,2025-06-12,pDQM034,309,,,mKate2|mCitrine|Electra2|mKOK|mTFP1,cytosol,cytosol,Electra2(cytosol)|mCitrine(cytosol)|mKOK(cytosol)|mKate2(cytosol)|mTFP1(cytosol),cytosol,mKate2(cytosol)|mCitrine(cytosol)|Electra2(cytosol)|mKOK(cytosol)|mTFP1(cytosol),sheet
/clusterfs/vast/abcabc/Korra_Foundation/20250612_skittlez/fish8_roi1,20250612-plate29-slot2-roi1,20250612.0,29.0,2.0,1.0,20250612_skittlez,20250612_skittlez,fish8,8.0,,,180,20250612_skittlez,2025-06-12,2025-06-12,pDQM034,309,,,mKate2|mCitrine|Electra2|mKOK|mTFP1,cytosol,cytosol,Electra2(cytosol)|mCitrine(cytosol)|mKOK(cytosol)|mKate2(cytosol)|mTFP1(cytosol),cytosol,mKate2(cytosol)|mCitrine(cytosol)|Electra2(cytosol)|mKOK(cytosol)|mTFP1(cytosol),sheet
/clusterfs/vast/abcabc/Korra_Foundation/20250613_skittlez/fish10_roi1,20250613-plate30-slot2-roi1,20250613.0,30.0,2.0,1.0,20250613_skittlez,20250613_skittlez,fish10,10.0,,,120,20250613_skittlez,2025-06-13,2025-06-13,pDQM036,318,,,nan,cytosol,cytosol,nan(cytosol),cytosol,nan(cytosol),sheet
/clusterfs/vast/abcabc/Korra_Foundation/20250613_skittlez/fish11_roi1,20250613-plate30-slot3-roi1,20250613.0,30.0,3.0,1.0,20250613_skittlez,20250613_skittlez,fish11,11.0,,,180,20250613_skittlez,2025-06-13,2025-06-13,pDQM036,318,,,nan,cytosol,cytosol,nan(cytosol),cytosol,nan(cytosol),sheet
/clusterfs/vast/abcabc/Korra_Foundation/20250613_skittlez/fish12_roi1,20250613-plate30-slot4-roi1,20250613.0,30.0,4.0,1.0,20250613_skittlez,20250613_skittlez,fish12,12.0,,,150,20250613_skittlez,2025-06-13,2025-06-13,pDQM036,318,,,nan,cytosol,cytosol,nan(cytosol),cytosol,nan(cytosol),sheet
/clusterfs/vast/abcabc/Korra_Foundation/20250613_skittlez/fish1_roi1,20250613-plate30-slot1-roi1,20250613.0,30.0,1.0,1.0,20250613_skittlez,20250613_skittlez,fish1,1.0,,,144,20250613_skittlez,2025-06-13,2025-06-13,pDQM036,318,,,nan,cytosol,cytosol,nan(cytosol),cytosol,nan(cytosol),sheet
/clusterfs/vast/abcabc/Korra_Foundation/20250613_skittlez/fish2_roi1,20250613-plate30-slot5-roi1,20250613.0,30.0,5.0,1.0,20250613_skittlez,20250613_skittlez,fish2,2.0,,,108,20250613_skittlez,2025-06-13,2025-06-13,pDQM036,318,,,nan,cytosol,cytosol,nan(cytosol),cytosol,nan(cytosol),sheet
/clusterfs/vast/abcabc/Korra_Foundation/20250613_skittlez/fish3_roi1,20250613-plate30-slot6-roi1,20250613.0,30.0,6.0,1.0,20250613_skittlez,20250613_skittlez,fish3,3.0,,,72,20250613_skittlez,2025-06-13,2025-06-13,pDQM036,318,,,nan,cytosol,cytosol,nan(cytosol),cytosol,nan(cytosol),sheet
/clusterfs/vast/abcabc/Korra_Foundation/20250613_skittlez/fish4_roi1,20250613-plate31-slot1-roi1,20250613.0,31.0,1.0,1.0,20250613_skittlez,20250613_skittlez,fish4,4.0,,,72,20250613_skittlez,2025-06-13,2025-06-13,pDQM036,318,,,nan,cytosol,cytosol,nan(cytosol),cytosol,nan(cytosol),sheet
/clusterfs/vast/abcabc/Korra_Foundation/20250613_skittlez/fish5_roi1,20250613-plate31-slot2-roi1,20250613.0,31.0,2.0,1.0,20250613_skittlez,20250613_skittlez,fish5,5.0,,,90,20250613_skittlez,2025-06-13,2025-06-13,pDQM036,318,,,nan,cytosol,cytosol,nan(cytosol),cytosol,nan(cytosol),sheet
/clusterfs/vast/abcabc/Korra_Foundation/20250613_skittlez/fish6_roi1,20250613-plate31-slot3-roi1,20250613.0,31.0,3.0,1.0,20250613_skittlez,20250613_skittlez,fish6,6.0,,,60,20250613_skittlez,2025-06-13,2025-06-13,pDQM036,318,,,nan,cytosol,cytosol,nan(cytosol),cytosol,nan(cytosol),sheet
/clusterfs/vast/abcabc/Korra_Foundation/20250613_skittlez/fish7_roi,20250613-plate31-slot4-roi1,20250613.0,31.0,4.0,1.0,20250613_skittlez,20250613_skittlez,fish7,7.0,,,108,20250613_skittlez,2025-06-13,2025-06-13,pDQM036,318,,,nan,cytosol,cytosol,nan(cytosol),cytosol,nan(cytosol),sheet
/clusterfs/vast/abcabc/Korra_Foundation/20250613_skittlez/fish8_roi1,20250613-plate31-slot5-roi1,20250613.0,31.0,5.0,1.0,20250613_skittlez,20250613_skittlez,fish8,8.0,,,90,20250613_skittlez,2025-06-13,2025-06-13,pDQM036,318,,,nan,cytosol,cytosol,nan(cytosol),cytosol,nan(cytosol),sheet
/clusterfs/vast/abcabc/Korra_Foundation/20250613_skittlez/fish9_roi1,20250613-plate31-slot6-roi1,20250613.0,31.0,6.0,1.0,20250613_skittlez,20250613_skittlez,fish9,9.0,,,240,20250613_skittlez,2025-06-13,2025-06-13,pDQM036,318,,,nan,cytosol,cytosol,nan(cytosol),cytosol,nan(cytosol),sheet
/clusterfs/vast/abcabc/Korra_Foundation/20250616_mem-histone/fish1_24hpf_roi1_brain,20250616-plate32-slot1-roi1,20250616.0,32.0,1.0,1.0,20250616_mem-histone,20250616_mem-histone,fish1,1.0,24.0,brain,1812,20250616_mem-histone,2025-06-16,2025-06-16,pDQM005,301,,,tdmSG,2xLynk,membrane,tdmSG(membrane),membrane,tdmSG(membrane),sheet
/clusterfs/vast/abcabc/Korra_Foundation/20250616_mem-histone/fish1_72hpf_roi1-ear,20250616-plate32-slot1-roi2,20250616.0,32.0,1.0,2.0,20250616_mem-histone,20250616_mem-histone,fish1,1.0,72.0,ear,1144,20250616_mem-histone,2025-06-16,2025-06-16,pDQM005,301,,,tdmSG,2xLynk,membrane,tdmSG(membrane),membrane,tdmSG(membrane),sheet
/clusterfs/vast/abcabc/Korra_Foundation/20250616_mem-histone/fish1_72hpf_roi2_muscle,20250616-plate32-slot1-roi3,20250616.0,32.0,1.0,3.0,20250616_mem-histone,20250616_mem-histone,fish1,1.0,72.0,muscle,8600,20250616_mem-histone,2025-06-16,2025-06-16,pDQM005,301,,,tdmSG,2xLynk,membrane,tdmSG(membrane),membrane,tdmSG(membrane),sheet
/clusterfs/vast/abcabc/Korra_Foundation/20250616_mem-histone/fish2_24hpf_roi1_brain,20250616-plate32-slot2-roi1,20250616.0,32.0,2.0,1.0,20250616_mem-histone,20250616_mem-histone,fish2,2.0,24.0,brain,3248,20250616_mem-histone,2025-06-16,2025-06-16,pDQM005,301,,,tdmSG,2xLynk,membrane,tdmSG(membrane),membrane,tdmSG(membrane),sheet
/clusterfs/vast/abcabc/Korra_Foundation/20250616_mem-histone/fish3_24hpf_roi1_brain,20250616-plate32-slot3-roi1,20250616.0,32.0,3.0,1.0,20250616_mem-histone,20250616_mem-histone,fish3,3.0,24.0,brain,3584,20250616_mem-histone,2025-06-16,2025-06-16,pDQM005,301,,,tdmSG,2xLynk,membrane,tdmSG(membrane),membrane,tdmSG(membrane),sheet
/clusterfs/vast/abcabc/Korra_Foundation/20250616_mem-histone/fish4_24hpf_roi1_brain,20250616-plate32-slot4-roi1,20250616.0,32.0,4.0,1.0,20250616_mem-histone,20250616_mem-histone,fish4,4.0,24.0,brain,1664,20250616_mem-histone,2025-06-16,2025-06-16,pDQM005,301,,,tdmSG,2xLynk,membrane,tdmSG(membrane),membrane,tdmSG(membrane),sheet
/clusterfs/vast/abcabc/Korra_Foundation/20250618_skittlez/fish10_roi1,20250618-plate33-slot2-roi1,20250618.0,33.0,2.0,1.0,20250618_skittlez,20250618_skittlez,fish10,10.0,,,72,20250618_skittlez,2025-06-18,2025-06-18,pDQM034,309,,,mKate2|mCitrine|Electra2|mKOK|mTFP1,cytosol,cytosol,Electra2(cytosol)|mCitrine(cytosol)|mKOK(cytosol)|mKate2(cytosol)|mTFP1(cytosol),cytosol,mKate2(cytosol)|mCitrine(cytosol)|Electra2(cytosol)|mKOK(cytosol)|mTFP1(cytosol),sheet
/clusterfs/vast/abcabc/Korra_Foundation/20250618_skittlez/fish10_roi2,20250618-plate33-slot2-roi2,20250618.0,33.0,2.0,2.0,20250618_skittlez,20250618_skittlez,fish10,10.0,,,72,20250618_skittlez,2025-06-18,2025-06-18,pDQM034,309,,,mKate2|mCitrine|Electra2|mKOK|mTFP1,cytosol,cytosol,Electra2(cytosol)|mCitrine(cytosol)|mKOK(cytosol)|mKate2(cytosol)|mTFP1(cytosol),cytosol,mKate2(cytosol)|mCitrine(cytosol)|Electra2(cytosol)|mKOK(cytosol)|mTFP1(cytosol),sheet
/clusterfs/vast/abcabc/Korra_Foundation/20250618_skittlez/fish10_roi3,20250618-plate33-slot2-roi3,20250618.0,33.0,2.0,3.0,20250618_skittlez,20250618_skittlez,fish10,10.0,,,72,20250618_skittlez,2025-06-18,2025-06-18,pDQM034,309,,,mKate2|mCitrine|Electra2|mKOK|mTFP1,cytosol,cytosol,Electra2(cytosol)|mCitrine(cytosol)|mKOK(cytosol)|mKate2(cytosol)|mTFP1(cytosol),cytosol,mKate2(cytosol)|mCitrine(cytosol)|Electra2(cytosol)|mKOK(cytosol)|mTFP1(cytosol),sheet
/clusterfs/vast/abcabc/Korra_Foundation/20250618_skittlez/fish10_roi4,20250618-plate33-slot2-roi4,20250618.0,33.0,2.0,4.0,20250618_skittlez,20250618_skittlez,fish10,10.0,,,72,20250618_skittlez,2025-06-18,2025-06-18,pDQM034,309,,,mKate2|mCitrine|Electra2|mKOK|mTFP1,cytosol,cytosol,Electra2(cytosol)|mCitrine(cytosol)|mKOK(cytosol)|mKate2(cytosol)|mTFP1(cytosol),cytosol,mKate2(cytosol)|mCitrine(cytosol)|Electra2(cytosol)|mKOK(cytosol)|mTFP1(cytosol),sheet
/clusterfs/vast/abcabc/Korra_Foundation/20250618_skittlez/fish11_roi1,20250618-plate33-slot3-roi1,20250618.0,33.0,3.0,1.0,20250618_skittlez,20250618_skittlez,fish11,11.0,,,90,20250618_skittlez,2025-06-18,2025-06-18,pDQM034,309,,,mKate2|mCitrine|Electra2|mKOK|mTFP1,cytosol,cytosol,Electra2(cytosol)|mCitrine(cytosol)|mKOK(cytosol)|mKate2(cytosol)|mTFP1(cytosol),cytosol,mKate2(cytosol)|mCitrine(cytosol)|Electra2(cytosol)|mKOK(cytosol)|mTFP1(cytosol),sheet
/clusterfs/vast/abcabc/Korra_Foundation/20250618_skittlez/fish1_roi1,20250618-plate33-slot1-roi1,20250618.0,33.0,1.0,1.0,20250618_skittlez,20250618_skittlez,fish1,1.0,,,24,20250618_skittlez,2025-06-18,2025-06-18,pDQM034,309,,,mKate2|mCitrine|Electra2|mKOK|mTFP1,cytosol,cytosol,Electra2(cytosol)|mCitrine(cytosol)|mKOK(cytosol)|mKate2(cytosol)|mTFP1(cytosol),cytosol,mKate2(cytosol)|mCitrine(cytosol)|Electra2(cytosol)|mKOK(cytosol)|mTFP1(cytosol),sheet
/clusterfs/vast/abcabc/Korra_Foundation/20250618_skittlez/fish1_roi1_2,20250618-plate33-slot1-roi2,20250618.0,33.0,1.0,2.0,20250618_skittlez,20250618_skittlez,fish1,1.0,,,96,20250618_skittlez,2025-06-18,2025-06-18,pDQM034,309,,,mKate2|mCitrine|Electra2|mKOK|mTFP1,cytosol,cytosol,Electra2(cytosol)|mCitrine(cytosol)|mKOK(cytosol)|mKate2(cytosol)|mTFP1(cytosol),cytosol,mKate2(cytosol)|mCitrine(cytosol)|Electra2(cytosol)|mKOK(cytosol)|mTFP1(cytosol),sheet
/clusterfs/vast/abcabc/Korra_Foundation/20250618_skittlez/fish2_roi1,20250618-plate33-slot4-roi1,20250618.0,33.0,4.0,1.0,20250618_skittlez,20250618_skittlez,fish2,2.0,,,120,20250618_skittlez,2025-06-18,2025-06-18,pDQM034,309,,,mKate2|mCitrine|Electra2|mKOK|mTFP1,cytosol,cytosol,Electra2(cytosol)|mCitrine(cytosol)|mKOK(cytosol)|mKate2(cytosol)|mTFP1(cytosol),cytosol,mKate2(cytosol)|mCitrine(cytosol)|Electra2(cytosol)|mKOK(cytosol)|mTFP1(cytosol),sheet
/clusterfs/vast/abcabc/Korra_Foundation/20250618_skittlez/fish3_roi1,20250618-plate33-slot5-roi1,20250618.0,33.0,5.0,1.0,20250618_skittlez,20250618_skittlez,fish3,3.0,,,72,20250618_skittlez,2025-06-18,2025-06-18,pDQM034,309,,,mKate2|mCitrine|Electra2|mKOK|mTFP1,cytosol,cytosol,Electra2(cytosol)|mCitrine(cytosol)|mKOK(cytosol)|mKate2(cytosol)|mTFP1(cytosol),cytosol,mKate2(cytosol)|mCitrine(cytosol)|Electra2(cytosol)|mKOK(cytosol)|mTFP1(cytosol),sheet
/clusterfs/vast/abcabc/Korra_Foundation/20250618_skittlez/fish4_roi1,20250618-plate33-slot6-roi1,20250618.0,33.0,6.0,1.0,20250618_skittlez,20250618_skittlez,fish4,4.0,,,72,20250618_skittlez,2025-06-18,2025-06-18,pDQM034,309,,,mKate2|mCitrine|Electra2|mKOK|mTFP1,cytosol,cytosol,Electra2(cytosol)|mCitrine(cytosol)|mKOK(cytosol)|mKate2(cytosol)|mTFP1(cytosol),cytosol,mKate2(cytosol)|mCitrine(cytosol)|Electra2(cytosol)|mKOK(cytosol)|mTFP1(cytosol),sheet
/clusterfs/vast/abcabc/Korra_Foundation/20250618_skittlez/fish5_roi1,20250618-plate34-slot1-roi1,20250618.0,34.0,1.0,1.0,20250618_skittlez,20250618_skittlez,fish5,5.0,,,72,20250618_skittlez,2025-06-18,2025-06-18,pDQM034,309,,,mKate2|mCitrine|Electra2|mKOK|mTFP1,cytosol,cytosol,Electra2(cytosol)|mCitrine(cytosol)|mKOK(cytosol)|mKate2(cytosol)|mTFP1(cytosol),cytosol,mKate2(cytosol)|mCitrine(cytosol)|Electra2(cytosol)|mKOK(cytosol)|mTFP1(cytosol),sheet
/clusterfs/vast/abcabc/Korra_Foundation/20250618_skittlez/fish6_roi1,20250618-plate34-slot2-roi1,20250618.0,34.0,2.0,1.0,20250618_skittlez,20250618_skittlez,fish6,6.0,,,54,20250618_skittlez,2025-06-18,2025-06-18,pDQM034,309,,,mKate2|mCitrine|Electra2|mKOK|mTFP1,cytosol,cytosol,Electra2(cytosol)|mCitrine(cytosol)|mKOK(cytosol)|mKate2(cytosol)|mTFP1(cytosol),cytosol,mKate2(cytosol)|mCitrine(cytosol)|Electra2(cytosol)|mKOK(cytosol)|mTFP1(cytosol),sheet
/clusterfs/vast/abcabc/Korra_Foundation/20250618_skittlez/fish6_roi2,20250618-plate34-slot2-roi2,20250618.0,34.0,2.0,2.0,20250618_skittlez,20250618_skittlez,fish6,6.0,,,72,20250618_skittlez,2025-06-18,2025-06-18,pDQM034,309,,,mKate2|mCitrine|Electra2|mKOK|mTFP1,cytosol,cytosol,Electra2(cytosol)|mCitrine(cytosol)|mKOK(cytosol)|mKate2(cytosol)|mTFP1(cytosol),cytosol,mKate2(cytosol)|mCitrine(cytosol)|Electra2(cytosol)|mKOK(cytosol)|mTFP1(cytosol),sheet
/clusterfs/vast/abcabc/Korra_Foundation/20250618_skittlez/fish7_roi1,20250618-plate34-slot3-roi1,20250618.0,34.0,3.0,1.0,20250618_skittlez,20250618_skittlez,fish7,7.0,,,72,20250618_skittlez,2025-06-18,2025-06-18,pDQM034,309,,,mKate2|mCitrine|Electra2|mKOK|mTFP1,cytosol,cytosol,Electra2(cytosol)|mCitrine(cytosol)|mKOK(cytosol)|mKate2(cytosol)|mTFP1(cytosol),cytosol,mKate2(cytosol)|mCitrine(cytosol)|Electra2(cytosol)|mKOK(cytosol)|mTFP1(cytosol),sheet
/clusterfs/vast/abcabc/Korra_Foundation/20250618_skittlez/fish7_roi2,20250618-plate34-slot3-roi2,20250618.0,34.0,3.0,2.0,20250618_skittlez,20250618_skittlez,fish7,7.0,,,72,20250618_skittlez,2025-06-18,2025-06-18,pDQM034,309,,,mKate2|mCitrine|Electra2|mKOK|mTFP1,cytosol,cytosol,Electra2(cytosol)|mCitrine(cytosol)|mKOK(cytosol)|mKate2(cytosol)|mTFP1(cytosol),cytosol,mKate2(cytosol)|mCitrine(cytosol)|Electra2(cytosol)|mKOK(cytosol)|mTFP1(cytosol),sheet
/clusterfs/vast/abcabc/Korra_Foundation/20250618_skittlez/fish7_roi3,20250618-plate34-slot3-roi3,20250618.0,34.0,3.0,3.0,20250618_skittlez,20250618_skittlez,fish7,7.0,,,48,20250618_skittlez,2025-06-18,2025-06-18,pDQM034,309,,,mKate2|mCitrine|Electra2|mKOK|mTFP1,cytosol,cytosol,Electra2(cytosol)|mCitrine(cytosol)|mKOK(cytosol)|mKate2(cytosol)|mTFP1(cytosol),cytosol,mKate2(cytosol)|mCitrine(cytosol)|Electra2(cytosol)|mKOK(cytosol)|mTFP1(cytosol),sheet
/clusterfs/vast/abcabc/Korra_Foundation/20250618_skittlez/fish7_roi4,20250618-plate34-slot3-roi4,20250618.0,34.0,3.0,4.0,20250618_skittlez,20250618_skittlez,fish7,7.0,,,48,20250618_skittlez,2025-06-18,2025-06-18,pDQM034,309,,,mKate2|mCitrine|Electra2|mKOK|mTFP1,cytosol,cytosol,Electra2(cytosol)|mCitrine(cytosol)|mKOK(cytosol)|mKate2(cytosol)|mTFP1(cytosol),cytosol,mKate2(cytosol)|mCitrine(cytosol)|Electra2(cytosol)|mKOK(cytosol)|mTFP1(cytosol),sheet
/clusterfs/vast/abcabc/Korra_Foundation/20250618_skittlez/fish8_roi1,20250618-plate34-slot4-roi1,20250618.0,34.0,4.0,1.0,20250618_skittlez,20250618_skittlez,fish8,8.0,,,48,20250618_skittlez,2025-06-18,2025-06-18,pDQM034,309,,,mKate2|mCitrine|Electra2|mKOK|mTFP1,cytosol,cytosol,Electra2(cytosol)|mCitrine(cytosol)|mKOK(cytosol)|mKate2(cytosol)|mTFP1(cytosol),cytosol,mKate2(cytosol)|mCitrine(cytosol)|Electra2(cytosol)|mKOK(cytosol)|mTFP1(cytosol),sheet
/clusterfs/vast/abcabc/Korra_Foundation/20250618_skittlez/fish8_roi2,20250618-plate34-slot4-roi2,20250618.0,34.0,4.0,2.0,20250618_skittlez,20250618_skittlez,fish8,8.0,,,48,20250618_skittlez,2025-06-18,2025-06-18,pDQM034,309,,,mKate2|mCitrine|Electra2|mKOK|mTFP1,cytosol,cytosol,Electra2(cytosol)|mCitrine(cytosol)|mKOK(cytosol)|mKate2(cytosol)|mTFP1(cytosol),cytosol,mKate2(cytosol)|mCitrine(cytosol)|Electra2(cytosol)|mKOK(cytosol)|mTFP1(cytosol),sheet
/clusterfs/vast/abcabc/Korra_Foundation/20250618_skittlez/fish8_roi3,20250618-plate34-slot4-roi3,20250618.0,34.0,4.0,3.0,20250618_skittlez,20250618_skittlez,fish8,8.0,,,48,20250618_skittlez,2025-06-18,2025-06-18,pDQM034,309,,,mKate2|mCitrine|Electra2|mKOK|mTFP1,cytosol,cytosol,Electra2(cytosol)|mCitrine(cytosol)|mKOK(cytosol)|mKate2(cytosol)|mTFP1(cytosol),cytosol,mKate2(cytosol)|mCitrine(cytosol)|Electra2(cytosol)|mKOK(cytosol)|mTFP1(cytosol),sheet
/clusterfs/vast/abcabc/Korra_Foundation/20250618_skittlez/fish8_roi4,20250618-plate34-slot4-roi4,20250618.0,34.0,4.0,4.0,20250618_skittlez,20250618_skittlez,fish8,8.0,,,48,20250618_skittlez,2025-06-18,2025-06-18,pDQM034,309,,,mKate2|mCitrine|Electra2|mKOK|mTFP1,cytosol,cytosol,Electra2(cytosol)|mCitrine(cytosol)|mKOK(cytosol)|mKate2(cytosol)|mTFP1(cytosol),cytosol,mKate2(cytosol)|mCitrine(cytosol)|Electra2(cytosol)|mKOK(cytosol)|mTFP1(cytosol),sheet
/clusterfs/vast/abcabc/Korra_Foundation/20250618_skittlez/fish9_roi1,20250618-plate34-slot5-roi1,20250618.0,34.0,5.0,1.0,20250618_skittlez,20250618_skittlez,fish9,9.0,,,48,20250618_skittlez,2025-06-18,2025-06-18,pDQM034,309,,,mKate2|mCitrine|Electra2|mKOK|mTFP1,cytosol,cytosol,Electra2(cytosol)|mCitrine(cytosol)|mKOK(cytosol)|mKate2(cytosol)|mTFP1(cytosol),cytosol,mKate2(cytosol)|mCitrine(cytosol)|Electra2(cytosol)|mKOK(cytosol)|mTFP1(cytosol),sheet
/clusterfs/vast/abcabc/Korra_Foundation/20250618_skittlez/fish9_roi2,20250618-plate34-slot5-roi2,20250618.0,34.0,5.0,2.0,20250618_skittlez,20250618_skittlez,fish9,9.0,,,48,20250618_skittlez,2025-06-18,2025-06-18,pDQM034,309,,,mKate2|mCitrine|Electra2|mKOK|mTFP1,cytosol,cytosol,Electra2(cytosol)|mCitrine(cytosol)|mKOK(cytosol)|mKate2(cytosol)|mTFP1(cytosol),cytosol,mKate2(cytosol)|mCitrine(cytosol)|Electra2(cytosol)|mKOK(cytosol)|mTFP1(cytosol),sheet
/clusterfs/vast/abcabc/Korra_Foundation/20250619_skittlez/fish1_roi1,20250619-plate35-slot1-roi1,20250619.0,35.0,1.0,1.0,20250619_skittlez,20250619_skittlez,fish1,1.0,,,72,20250619_skittlez,2025-06-19,2025-06-19,pDQM034,309,,,mKate2|mCitrine|Electra2|mKOK|mTFP1,cytosol,cytosol,Electra2(cytosol)|mCitrine(cytosol)|mKOK(cytosol)|mKate2(cytosol)|mTFP1(cytosol),cytosol,mKate2(cytosol)|mCitrine(cytosol)|Electra2(cytosol)|mKOK(cytosol)|mTFP1(cytosol),sheet
/clusterfs/vast/abcabc/Korra_Foundation/20250619_skittlez/fish1_roi2,20250619-plate35-slot1-roi2,20250619.0,35.0,1.0,2.0,20250619_skittlez,20250619_skittlez,fish1,1.0,,,72,20250619_skittlez,2025-06-19,2025-06-19,pDQM034,309,,,mKate2|mCitrine|Electra2|mKOK|mTFP1,cytosol,cytosol,Electra2(cytosol)|mCitrine(cytosol)|mKOK(cytosol)|mKate2(cytosol)|mTFP1(cytosol),cytosol,mKate2(cytosol)|mCitrine(cytosol)|Electra2(cytosol)|mKOK(cytosol)|mTFP1(cytosol),sheet
/clusterfs/vast/abcabc/Korra_Foundation/20250619_skittlez/fish2_roi1,20250619-plate35-slot2-roi1,20250619.0,35.0,2.0,1.0,20250619_skittlez,20250619_skittlez,fish2,2.0,,,72,20250619_skittlez,2025-06-19,2025-06-19,pDQM034,309,,,mKate2|mCitrine|Electra2|mKOK|mTFP1,cytosol,cytosol,Electra2(cytosol)|mCitrine(cytosol)|mKOK(cytosol)|mKate2(cytosol)|mTFP1(cytosol),cytosol,mKate2(cytosol)|mCitrine(cytosol)|Electra2(cytosol)|mKOK(cytosol)|mTFP1(cytosol),sheet
/clusterfs/vast/abcabc/Korra_Foundation/20250619_skittlez/fish3_roi1,20250619-plate35-slot3-roi1,20250619.0,35.0,3.0,1.0,20250619_skittlez,20250619_skittlez,fish3,3.0,,,72,20250619_skittlez,2025-06-19,2025-06-19,pDQM034,309,,,mKate2|mCitrine|Electra2|mKOK|mTFP1,cytosol,cytosol,Electra2(cytosol)|mCitrine(cytosol)|mKOK(cytosol)|mKate2(cytosol)|mTFP1(cytosol),cytosol,mKate2(cytosol)|mCitrine(cytosol)|Electra2(cytosol)|mKOK(cytosol)|mTFP1(cytosol),sheet
/clusterfs/vast/abcabc/Korra_Foundation/20250619_skittlez/fish3_roi2,20250619-plate35-slot3-roi2,20250619.0,35.0,3.0,2.0,20250619_skittlez,20250619_skittlez,fish3,3.0,,,72,20250619_skittlez,2025-06-19,2025-06-19,pDQM034,309,,,mKate2|mCitrine|Electra2|mKOK|mTFP1,cytosol,cytosol,Electra2(cytosol)|mCitrine(cytosol)|mKOK(cytosol)|mKate2(cytosol)|mTFP1(cytosol),cytosol,mKate2(cytosol)|mCitrine(cytosol)|Electra2(cytosol)|mKOK(cytosol)|mTFP1(cytosol),sheet
/clusterfs/vast/abcabc/Korra_Foundation/20250619_skittlez/fish4_roi1,20250619-plate35-slot4-roi1,20250619.0,35.0,4.0,1.0,20250619_skittlez,20250619_skittlez,fish4,4.0,,,108,20250619_skittlez,2025-06-19,2025-06-19,pDQM034,309,,,mKate2|mCitrine|Electra2|mKOK|mTFP1,cytosol,cytosol,Electra2(cytosol)|mCitrine(cytosol)|mKOK(cytosol)|mKate2(cytosol)|mTFP1(cytosol),cytosol,mKate2(cytosol)|mCitrine(cytosol)|Electra2(cytosol)|mKOK(cytosol)|mTFP1(cytosol),sheet
/clusterfs/vast/abcabc/Korra_Foundation/20250619_skittlez/fish5_roi1,20250619-plate35-slot5-roi1,20250619.0,35.0,5.0,1.0,20250619_skittlez,20250619_skittlez,fish5,5.0,,,72,20250619_skittlez,2025-06-19,2025-06-19,pDQM034,309,,,mKate2|mCitrine|Electra2|mKOK|mTFP1,cytosol,cytosol,Electra2(cytosol)|mCitrine(cytosol)|mKOK(cytosol)|mKate2(cytosol)|mTFP1(cytosol),cytosol,mKate2(cytosol)|mCitrine(cytosol)|Electra2(cytosol)|mKOK(cytosol)|mTFP1(cytosol),sheet
/clusterfs/vast/abcabc/Korra_Foundation/20250619_skittlez/fish5_roi2,20250619-plate35-slot5-roi2,20250619.0,35.0,5.0,2.0,20250619_skittlez,20250619_skittlez,fish5,5.0,,,72,20250619_skittlez,2025-06-19,2025-06-19,pDQM034,309,,,mKate2|mCitrine|Electra2|mKOK|mTFP1,cytosol,cytosol,Electra2(cytosol)|mCitrine(cytosol)|mKOK(cytosol)|mKate2(cytosol)|mTFP1(cytosol),cytosol,mKate2(cytosol)|mCitrine(cytosol)|Electra2(cytosol)|mKOK(cytosol)|mTFP1(cytosol),sheet
/clusterfs/vast/abcabc/Korra_Foundation/20250620_mitomSG/fish1_roi1,20250620-plate36-slot1-roi1,20250620.0,36.0,1.0,1.0,20250620_mitomSG,20250620_mitomSG,fish1,1.0,,,705,20250620_mitomSG,,,pDQM005,301,,,,,,,,,unmatched
/clusterfs/vast/abcabc/Korra_Foundation/20250624_skittlez_Chris_x_Liam/fish2_roi1,20250624-plate37-slot1-roi1,20250624.0,37.0,1.0,1.0,20250624_skittlez_Chris_x_Liam,20250624_skittlez_Chris_x_Liam,fish2,2.0,,,72,20250624_skittlez_Chris_x_Liam,2025-06-24,2025-06-24,pDQM034,317,,,mKate2|mCitrine|Electra2|mKOK|mTFP1,cytosol,cytosol,Electra2(cytosol)|mCitrine(cytosol)|mKOK(cytosol)|mKate2(cytosol)|mTFP1(cytosol),cytosol,mKate2(cytosol)|mCitrine(cytosol)|Electra2(cytosol)|mKOK(cytosol)|mTFP1(cytosol),sheet
/clusterfs/vast/abcabc/Korra_Foundation/20250624_skittlez_Chris_x_Liam/fish3_roi1,20250624-plate37-slot2-roi1,20250624.0,37.0,2.0,1.0,20250624_skittlez_Chris_x_Liam,20250624_skittlez_Chris_x_Liam,fish3,3.0,,,72,20250624_skittlez_Chris_x_Liam,2025-06-24,2025-06-24,pDQM034,317,,,mKate2|mCitrine|Electra2|mKOK|mTFP1,cytosol,cytosol,Electra2(cytosol)|mCitrine(cytosol)|mKOK(cytosol)|mKate2(cytosol)|mTFP1(cytosol),cytosol,mKate2(cytosol)|mCitrine(cytosol)|Electra2(cytosol)|mKOK(cytosol)|mTFP1(cytosol),sheet
/clusterfs/vast/abcabc/Korra_Foundation/20250624_skittlez_Chris_x_Liam/fish3_roi2,20250624-plate37-slot2-roi2,20250624.0,37.0,2.0,2.0,20250624_skittlez_Chris_x_Liam,20250624_skittlez_Chris_x_Liam,fish3,3.0,,,72,20250624_skittlez_Chris_x_Liam,2025-06-24,2025-06-24,pDQM034,317,,,mKate2|mCitrine|Electra2|mKOK|mTFP1,cytosol,cytosol,Electra2(cytosol)|mCitrine(cytosol)|mKOK(cytosol)|mKate2(cytosol)|mTFP1(cytosol),cytosol,mKate2(cytosol)|mCitrine(cytosol)|Electra2(cytosol)|mKOK(cytosol)|mTFP1(cytosol),sheet
/clusterfs/vast/abcabc/Korra_Foundation/20250624_skittlez_Chris_x_Liam/fish3_roi3,20250624-plate37-slot2-roi3,20250624.0,37.0,2.0,3.0,20250624_skittlez_Chris_x_Liam,20250624_skittlez_Chris_x_Liam,fish3,3.0,,,72,20250624_skittlez_Chris_x_Liam,2025-06-24,2025-06-24,pDQM034,317,,,mKate2|mCitrine|Electra2|mKOK|mTFP1,cytosol,cytosol,Electra2(cytosol)|mCitrine(cytosol)|mKOK(cytosol)|mKate2(cytosol)|mTFP1(cytosol),cytosol,mKate2(cytosol)|mCitrine(cytosol)|Electra2(cytosol)|mKOK(cytosol)|mTFP1(cytosol),sheet
/clusterfs/vast/abcabc/Korra_Foundation/20250624_skittlez_Chris_x_Liam/fish4_roi1,20250624-plate37-slot3-roi1,20250624.0,37.0,3.0,1.0,20250624_skittlez_Chris_x_Liam,20250624_skittlez_Chris_x_Liam,fish4,4.0,,,72,20250624_skittlez_Chris_x_Liam,2025-06-24,2025-06-24,pDQM034,317,,,mKate2|mCitrine|Electra2|mKOK|mTFP1,cytosol,cytosol,Electra2(cytosol)|mCitrine(cytosol)|mKOK(cytosol)|mKate2(cytosol)|mTFP1(cytosol),cytosol,mKate2(cytosol)|mCitrine(cytosol)|Electra2(cytosol)|mKOK(cytosol)|mTFP1(cytosol),sheet
/clusterfs/vast/abcabc/Korra_Foundation/20250624_skittlez_Chris_x_Liam/fish4_roi2,20250624-plate37-slot3-roi2,20250624.0,37.0,3.0,2.0,20250624_skittlez_Chris_x_Liam,20250624_skittlez_Chris_x_Liam,fish4,4.0,,,72,20250624_skittlez_Chris_x_Liam,2025-06-24,2025-06-24,pDQM034,317,,,mKate2|mCitrine|Electra2|mKOK|mTFP1,cytosol,cytosol,Electra2(cytosol)|mCitrine(cytosol)|mKOK(cytosol)|mKate2(cytosol)|mTFP1(cytosol),cytosol,mKate2(cytosol)|mCitrine(cytosol)|Electra2(cytosol)|mKOK(cytosol)|mTFP1(cytosol),sheet
/clusterfs/vast/abcabc/Korra_Foundation/20250624_skittlez_Chris_x_Liam/fish4_roi3,20250624-plate37-slot3-roi3,20250624.0,37.0,3.0,3.0,20250624_skittlez_Chris_x_Liam,20250624_skittlez_Chris_x_Liam,fish4,4.0,,,72,20250624_skittlez_Chris_x_Liam,2025-06-24,2025-06-24,pDQM034,317,,,mKate2|mCitrine|Electra2|mKOK|mTFP1,cytosol,cytosol,Electra2(cytosol)|mCitrine(cytosol)|mKOK(cytosol)|mKate2(cytosol)|mTFP1(cytosol),cytosol,mKate2(cytosol)|mCitrine(cytosol)|Electra2(cytosol)|mKOK(cytosol)|mTFP1(cytosol),sheet
/clusterfs/vast/abcabc/Korra_Foundation/20250624_skittlez_Chris_x_Liam/fish4_roi4,20250624-plate37-slot3-roi4,20250624.0,37.0,3.0,4.0,20250624_skittlez_Chris_x_Liam,20250624_skittlez_Chris_x_Liam,fish4,4.0,,,72,20250624_skittlez_Chris_x_Liam,2025-06-24,2025-06-24,pDQM034,317,,,mKate2|mCitrine|Electra2|mKOK|mTFP1,cytosol,cytosol,Electra2(cytosol)|mCitrine(cytosol)|mKOK(cytosol)|mKate2(cytosol)|mTFP1(cytosol),cytosol,mKate2(cytosol)|mCitrine(cytosol)|Electra2(cytosol)|mKOK(cytosol)|mTFP1(cytosol),sheet
/clusterfs/vast/abcabc/Korra_Foundation/20250624_skittlez_Chris_x_Liam/fish5_roi1,20250624-plate37-slot4-roi1,20250624.0,37.0,4.0,1.0,20250624_skittlez_Chris_x_Liam,20250624_skittlez_Chris_x_Liam,fish5,5.0,,,2,20250624_skittlez_Chris_x_Liam,2025-06-24,2025-06-24,pDQM034,317,,,mKate2|mCitrine|Electra2|mKOK|mTFP1,cytosol,cytosol,Electra2(cytosol)|mCitrine(cytosol)|mKOK(cytosol)|mKate2(cytosol)|mTFP1(cytosol),cytosol,mKate2(cytosol)|mCitrine(cytosol)|Electra2(cytosol)|mKOK(cytosol)|mTFP1(cytosol),sheet
/clusterfs/vast/abcabc/Korra_Foundation/20250624_skittlez_Chris_x_Liam/fish5_roi1-1,20250624-plate37-slot4-roi2,20250624.0,37.0,4.0,2.0,20250624_skittlez_Chris_x_Liam,20250624_skittlez_Chris_x_Liam,fish5,5.0,,,48,20250624_skittlez_Chris_x_Liam,2025-06-24,2025-06-24,pDQM034,317,,,mKate2|mCitrine|Electra2|mKOK|mTFP1,cytosol,cytosol,Electra2(cytosol)|mCitrine(cytosol)|mKOK(cytosol)|mKate2(cytosol)|mTFP1(cytosol),cytosol,mKate2(cytosol)|mCitrine(cytosol)|Electra2(cytosol)|mKOK(cytosol)|mTFP1(cytosol),sheet
/clusterfs/vast/abcabc/Korra_Foundation/20250624_skittlez_Chris_x_Liam/fish6_roi1,20250624-plate37-slot5-roi1,20250624.0,37.0,5.0,1.0,20250624_skittlez_Chris_x_Liam,20250624_skittlez_Chris_x_Liam,fish6,6.0,,,48,20250624_skittlez_Chris_x_Liam,2025-06-24,2025-06-24,pDQM034,317,,,mKate2|mCitrine|Electra2|mKOK|mTFP1,cytosol,cytosol,Electra2(cytosol)|mCitrine(cytosol)|mKOK(cytosol)|mKate2(cytosol)|mTFP1(cytosol),cytosol,mKate2(cytosol)|mCitrine(cytosol)|Electra2(cytosol)|mKOK(cytosol)|mTFP1(cytosol),sheet
/clusterfs/vast/abcabc/Korra_Foundation/20250624_skittlez_Chris_x_Liam/fish6_roi2,20250624-plate37-slot5-roi2,20250624.0,37.0,5.0,2.0,20250624_skittlez_Chris_x_Liam,20250624_skittlez_Chris_x_Liam,fish6,6.0,,,48,20250624_skittlez_Chris_x_Liam,2025-06-24,2025-06-24,pDQM034,317,,,mKate2|mCitrine|Electra2|mKOK|mTFP1,cytosol,cytosol,Electra2(cytosol)|mCitrine(cytosol)|mKOK(cytosol)|mKate2(cytosol)|mTFP1(cytosol),cytosol,mKate2(cytosol)|mCitrine(cytosol)|Electra2(cytosol)|mKOK(cytosol)|mTFP1(cytosol),sheet
/clusterfs/vast/abcabc/Korra_Foundation/20250624_skittlez_Chris_x_Liam/fish6_roi3,20250624-plate37-slot5-roi3,20250624.0,37.0,5.0,3.0,20250624_skittlez_Chris_x_Liam,20250624_skittlez_Chris_x_Liam,fish6,6.0,,,48,20250624_skittlez_Chris_x_Liam,2025-06-24,2025-06-24,pDQM034,317,,,mKate2|mCitrine|Electra2|mKOK|mTFP1,cytosol,cytosol,Electra2(cytosol)|mCitrine(cytosol)|mKOK(cytosol)|mKate2(cytosol)|mTFP1(cytosol),cytosol,mKate2(cytosol)|mCitrine(cytosol)|Electra2(cytosol)|mKOK(cytosol)|mTFP1(cytosol),sheet
/clusterfs/vast/abcabc/Korra_Foundation/20250624_skittlez_Chris_x_Liam/fish7_roi1,20250624-plate37-slot6-roi1,20250624.0,37.0,6.0,1.0,20250624_skittlez_Chris_x_Liam,20250624_skittlez_Chris_x_Liam,fish7,7.0,,,48,20250624_skittlez_Chris_x_Liam,2025-06-24,2025-06-24,pDQM034,317,,,mKate2|mCitrine|Electra2|mKOK|mTFP1,cytosol,cytosol,Electra2(cytosol)|mCitrine(cytosol)|mKOK(cytosol)|mKate2(cytosol)|mTFP1(cytosol),cytosol,mKate2(cytosol)|mCitrine(cytosol)|Electra2(cytosol)|mKOK(cytosol)|mTFP1(cytosol),sheet
/clusterfs/vast/abcabc/Korra_Foundation/20250624_skittlez_Chris_x_Liam/fish7_roi2,20250624-plate37-slot6-roi2,20250624.0,37.0,6.0,2.0,20250624_skittlez_Chris_x_Liam,20250624_skittlez_Chris_x_Liam,fish7,7.0,,,48,20250624_skittlez_Chris_x_Liam,2025-06-24,2025-06-24,pDQM034,317,,,mKate2|mCitrine|Electra2|mKOK|mTFP1,cytosol,cytosol,Electra2(cytosol)|mCitrine(cytosol)|mKOK(cytosol)|mKate2(cytosol)|mTFP1(cytosol),cytosol,mKate2(cytosol)|mCitrine(cytosol)|Electra2(cytosol)|mKOK(cytosol)|mTFP1(cytosol),sheet
/clusterfs/vast/abcabc/Korra_Foundation/20250624_skittlez_Chris_x_Liam/fish7_roi3,20250624-plate37-slot6-roi3,20250624.0,37.0,6.0,3.0,20250624_skittlez_Chris_x_Liam,20250624_skittlez_Chris_x_Liam,fish7,7.0,,,48,20250624_skittlez_Chris_x_Liam,2025-06-24,2025-06-24,pDQM034,317,,,mKate2|mCitrine|Electra2|mKOK|mTFP1,cytosol,cytosol,Electra2(cytosol)|mCitrine(cytosol)|mKOK(cytosol)|mKate2(cytosol)|mTFP1(cytosol),cytosol,mKate2(cytosol)|mCitrine(cytosol)|Electra2(cytosol)|mKOK(cytosol)|mTFP1(cytosol),sheet
/clusterfs/vast/abcabc/Korra_Foundation/20250624_skittlez_Chris_x_Liam/fish7_roi4,20250624-plate37-slot6-roi4,20250624.0,37.0,6.0,4.0,20250624_skittlez_Chris_x_Liam,20250624_skittlez_Chris_x_Liam,fish7,7.0,,,48,20250624_skittlez_Chris_x_Liam,2025-06-24,2025-06-24,pDQM034,317,,,mKate2|mCitrine|Electra2|mKOK|mTFP1,cytosol,cytosol,Electra2(cytosol)|mCitrine(cytosol)|mKOK(cytosol)|mKate2(cytosol)|mTFP1(cytosol),cytosol,mKate2(cytosol)|mCitrine(cytosol)|Electra2(cytosol)|mKOK(cytosol)|mTFP1(cytosol),sheet
/clusterfs/vast/abcabc/Korra_Foundation/20250624_skittlez_Issac_x_Ken/fish1_roi1,20250624-plate38-slot1-roi1,20250624.0,38.0,1.0,1.0,20250624_skittlez_Issac_x_Ken,20250624_skittlez_Issac_x_Ken,fish1,1.0,,,54,20250624_skittlez_Issac_x_Ken,2025-06-24,2025-06-24,pDQM064,314,,,GFP|mKate2|Electra2|mCitrine|mKoK|mTFP1,cytosol,cytosol,Electra2(cytosol)|GFP(cytosol)|mCitrine(cytosol)|mKate2(cytosol)|mKoK(cytosol)|mTFP1(cytosol),cytosol,GFP(cytosol)|mKate2(cytosol)|Electra2(cytosol)|mCitrine(cytosol)|mKoK(cytosol)|mTFP1(cytosol),sheet
/clusterfs/vast/abcabc/Korra_Foundation/20250624_skittlez_Issac_x_Ken/fish2_roi1,20250624-plate38-slot2-roi1,20250624.0,38.0,2.0,1.0,20250624_skittlez_Issac_x_Ken,20250624_skittlez_Issac_x_Ken,fish2,2.0,,,72,20250624_skittlez_Issac_x_Ken,2025-06-24,2025-06-24,pDQM064,314,,,GFP|mKate2|Electra2|mCitrine|mKoK|mTFP1,cytosol,cytosol,Electra2(cytosol)|GFP(cytosol)|mCitrine(cytosol)|mKate2(cytosol)|mKoK(cytosol)|mTFP1(cytosol),cytosol,GFP(cytosol)|mKate2(cytosol)|Electra2(cytosol)|mCitrine(cytosol)|mKoK(cytosol)|mTFP1(cytosol),sheet
/clusterfs/vast/abcabc/Korra_Foundation/20250624_skittlez_Issac_x_Ken/fish2_roi2,20250624-plate38-slot2-roi2,20250624.0,38.0,2.0,2.0,20250624_skittlez_Issac_x_Ken,20250624_skittlez_Issac_x_Ken,fish2,2.0,,,72,20250624_skittlez_Issac_x_Ken,2025-06-24,2025-06-24,pDQM064,314,,,GFP|mKate2|Electra2|mCitrine|mKoK|mTFP1,cytosol,cytosol,Electra2(cytosol)|GFP(cytosol)|mCitrine(cytosol)|mKate2(cytosol)|mKoK(cytosol)|mTFP1(cytosol),cytosol,GFP(cytosol)|mKate2(cytosol)|Electra2(cytosol)|mCitrine(cytosol)|mKoK(cytosol)|mTFP1(cytosol),sheet
/clusterfs/vast/abcabc/Korra_Foundation/20250624_skittlez_Issac_x_Ken/fish3_roi1,20250624-plate38-slot3-roi1,20250624.0,38.0,3.0,1.0,20250624_skittlez_Issac_x_Ken,20250624_skittlez_Issac_x_Ken,fish3,3.0,,,60,20250624_skittlez_Issac_x_Ken,2025-06-24,2025-06-24,pDQM064,314,,,GFP|mKate2|Electra2|mCitrine|mKoK|mTFP1,cytosol,cytosol,Electra2(cytosol)|GFP(cytosol)|mCitrine(cytosol)|mKate2(cytosol)|mKoK(cytosol)|mTFP1(cytosol),cytosol,GFP(cytosol)|mKate2(cytosol)|Electra2(cytosol)|mCitrine(cytosol)|mKoK(cytosol)|mTFP1(cytosol),sheet
/clusterfs/vast/abcabc/Korra_Foundation/20250624_skittlez_Issac_x_Ken/fish4_roi1,20250624-plate38-slot4-roi1,20250624.0,38.0,4.0,1.0,20250624_skittlez_Issac_x_Ken,20250624_skittlez_Issac_x_Ken,fish4,4.0,,,72,20250624_skittlez_Issac_x_Ken,2025-06-24,2025-06-24,pDQM064,314,,,GFP|mKate2|Electra2|mCitrine|mKoK|mTFP1,cytosol,cytosol,Electra2(cytosol)|GFP(cytosol)|mCitrine(cytosol)|mKate2(cytosol)|mKoK(cytosol)|mTFP1(cytosol),cytosol,GFP(cytosol)|mKate2(cytosol)|Electra2(cytosol)|mCitrine(cytosol)|mKoK(cytosol)|mTFP1(cytosol),sheet
/clusterfs/vast/abcabc/Korra_Foundation/20250625_skittlez/fish1_roi1,20250625-plate39-slot1-roi1,20250625.0,39.0,1.0,1.0,20250625_skittlez,20250625_skittlez,fish1,1.0,,,72,20250625_skittlez,2025-06-25,2025-06-25,pDQM034,309,,,mKate2|mCitrine|Electra2|mKOK|mTFP1,cytosol,cytosol,Electra2(cytosol)|mCitrine(cytosol)|mKOK(cytosol)|mKate2(cytosol)|mTFP1(cytosol),cytosol,mKate2(cytosol)|mCitrine(cytosol)|Electra2(cytosol)|mKOK(cytosol)|mTFP1(cytosol),date_match
/clusterfs/vast/abcabc/Korra_Foundation/20250625_skittlez/fish1_roi2,20250625-plate39-slot1-roi2,20250625.0,39.0,1.0,2.0,20250625_skittlez,20250625_skittlez,fish1,1.0,,,72,20250625_skittlez,2025-06-25,2025-06-25,pDQM034,309,,,mKate2|mCitrine|Electra2|mKOK|mTFP1,cytosol,cytosol,Electra2(cytosol)|mCitrine(cytosol)|mKOK(cytosol)|mKate2(cytosol)|mTFP1(cytosol),cytosol,mKate2(cytosol)|mCitrine(cytosol)|Electra2(cytosol)|mKOK(cytosol)|mTFP1(cytosol),date_match
/clusterfs/vast/abcabc/Korra_Foundation/20250625_skittlez/fish3_roi1,20250625-plate39-slot2-roi1,20250625.0,39.0,2.0,1.0,20250625_skittlez,20250625_skittlez,fish3,3.0,,,90,20250625_skittlez,2025-06-25,2025-06-25,pDQM034,309,,,mKate2|mCitrine|Electra2|mKOK|mTFP1,cytosol,cytosol,Electra2(cytosol)|mCitrine(cytosol)|mKOK(cytosol)|mKate2(cytosol)|mTFP1(cytosol),cytosol,mKate2(cytosol)|mCitrine(cytosol)|Electra2(cytosol)|mKOK(cytosol)|mTFP1(cytosol),date_match
/clusterfs/vast/abcabc/Korra_Foundation/20250625_skittlez/fish4_roi1,20250625-plate39-slot3-roi1,20250625.0,39.0,3.0,1.0,20250625_skittlez,20250625_skittlez,fish4,4.0,,,72,20250625_skittlez,2025-06-25,2025-06-25,pDQM034,309,,,mKate2|mCitrine|Electra2|mKOK|mTFP1,cytosol,cytosol,Electra2(cytosol)|mCitrine(cytosol)|mKOK(cytosol)|mKate2(cytosol)|mTFP1(cytosol),cytosol,mKate2(cytosol)|mCitrine(cytosol)|Electra2(cytosol)|mKOK(cytosol)|mTFP1(cytosol),date_match
/clusterfs/vast/abcabc/Korra_Foundation/20250625_skittlez/fish5_roi1,20250625-plate39-slot4-roi1,20250625.0,39.0,4.0,1.0,20250625_skittlez,20250625_skittlez,fish5,5.0,,,72,20250625_skittlez,2025-06-25,2025-06-25,pDQM034,309,,,mKate2|mCitrine|Electra2|mKOK|mTFP1,cytosol,cytosol,Electra2(cytosol)|mCitrine(cytosol)|mKOK(cytosol)|mKate2(cytosol)|mTFP1(cytosol),cytosol,mKate2(cytosol)|mCitrine(cytosol)|Electra2(cytosol)|mKOK(cytosol)|mTFP1(cytosol),date_match
/clusterfs/vast/abcabc/Korra_Foundation/20250625_skittlez/fish5_roi2,20250625-plate39-slot4-roi2,20250625.0,39.0,4.0,2.0,20250625_skittlez,20250625_skittlez,fish5,5.0,,,72,20250625_skittlez,2025-06-25,2025-06-25,pDQM034,309,,,mKate2|mCitrine|Electra2|mKOK|mTFP1,cytosol,cytosol,Electra2(cytosol)|mCitrine(cytosol)|mKOK(cytosol)|mKate2(cytosol)|mTFP1(cytosol),cytosol,mKate2(cytosol)|mCitrine(cytosol)|Electra2(cytosol)|mKOK(cytosol)|mTFP1(cytosol),date_match
/clusterfs/vast/abcabc/Korra_Foundation/20250625_skittlez/fish7_roi1,20250625-plate39-slot5-roi1,20250625.0,39.0,5.0,1.0,20250625_skittlez,20250625_skittlez,fish7,7.0,,,90,20250625_skittlez,2025-06-25,2025-06-25,pDQM034,309,,,mKate2|mCitrine|Electra2|mKOK|mTFP1,cytosol,cytosol,Electra2(cytosol)|mCitrine(cytosol)|mKOK(cytosol)|mKate2(cytosol)|mTFP1(cytosol),cytosol,mKate2(cytosol)|mCitrine(cytosol)|Electra2(cytosol)|mKOK(cytosol)|mTFP1(cytosol),date_match
/clusterfs/vast/abcabc/Korra_Foundation/20250625_skittlez/fish8_roi1,20250625-plate39-slot6-roi1,20250625.0,39.0,6.0,1.0,20250625_skittlez,20250625_skittlez,fish8,8.0,,,72,20250625_skittlez,2025-06-25,2025-06-25,pDQM034,309,,,mKate2|mCitrine|Electra2|mKOK|mTFP1,cytosol,cytosol,Electra2(cytosol)|mCitrine(cytosol)|mKOK(cytosol)|mKate2(cytosol)|mTFP1(cytosol),cytosol,mKate2(cytosol)|mCitrine(cytosol)|Electra2(cytosol)|mKOK(cytosol)|mTFP1(cytosol),date_match
/clusterfs/vast/abcabc/Korra_Foundation/20250625_skittlez/fish8_roi2,20250625-plate39-slot6-roi2,20250625.0,39.0,6.0,2.0,20250625_skittlez,20250625_skittlez,fish8,8.0,,,72,20250625_skittlez,2025-06-25,2025-06-25,pDQM034,309,,,mKate2|mCitrine|Electra2|mKOK|mTFP1,cytosol,cytosol,Electra2(cytosol)|mCitrine(cytosol)|mKOK(cytosol)|mKate2(cytosol)|mTFP1(cytosol),cytosol,mKate2(cytosol)|mCitrine(cytosol)|Electra2(cytosol)|mKOK(cytosol)|mTFP1(cytosol),date_match
/clusterfs/vast/abcabc/Korra_Foundation/20250625_skittlez/fish9_roi1,20250625-plate40-slot1-roi1,20250625.0,40.0,1.0,1.0,20250625_skittlez,20250625_skittlez,fish9,9.0,,,90,20250625_skittlez,2025-06-25,2025-06-25,pDQM034,309,,,mKate2|mCitrine|Electra2|mKOK|mTFP1,cytosol,cytosol,Electra2(cytosol)|mCitrine(cytosol)|mKOK(cytosol)|mKate2(cytosol)|mTFP1(cytosol),cytosol,mKate2(cytosol)|mCitrine(cytosol)|Electra2(cytosol)|mKOK(cytosol)|mTFP1(cytosol),date_match
/clusterfs/vast/abcabc/Korra_Foundation/20250627_skittlez/fish10_roi1,20250627-plate41-slot2-roi1,20250627.0,41.0,2.0,1.0,20250627_skittlez,20250627_skittlez,fish10,10.0,,,108,20250627_skittlez,2025-06-27,2025-06-27,pDQM034,310,,,mKate2|mCitrine|Electra2|mKOK|mTFP1,cytosol,cytosol,Electra2(cytosol)|mCitrine(cytosol)|mKOK(cytosol)|mKate2(cytosol)|mTFP1(cytosol),cytosol,mKate2(cytosol)|mCitrine(cytosol)|Electra2(cytosol)|mKOK(cytosol)|mTFP1(cytosol),date_match
/clusterfs/vast/abcabc/Korra_Foundation/20250627_skittlez/fish1_roi1,20250627-plate41-slot1-roi1,20250627.0,41.0,1.0,1.0,20250627_skittlez,20250627_skittlez,fish1,1.0,,,72,20250627_skittlez,2025-06-27,2025-06-27,pDQM034,310,,,mKate2|mCitrine|Electra2|mKOK|mTFP1,cytosol,cytosol,Electra2(cytosol)|mCitrine(cytosol)|mKOK(cytosol)|mKate2(cytosol)|mTFP1(cytosol),cytosol,mKate2(cytosol)|mCitrine(cytosol)|Electra2(cytosol)|mKOK(cytosol)|mTFP1(cytosol),date_match
/clusterfs/vast/abcabc/Korra_Foundation/20250627_skittlez/fish1_roi2,20250627-plate41-slot1-roi2,20250627.0,41.0,1.0,2.0,20250627_skittlez,20250627_skittlez,fish1,1.0,,,72,20250627_skittlez,2025-06-27,2025-06-27,pDQM034,310,,,mKate2|mCitrine|Electra2|mKOK|mTFP1,cytosol,cytosol,Electra2(cytosol)|mCitrine(cytosol)|mKOK(cytosol)|mKate2(cytosol)|mTFP1(cytosol),cytosol,mKate2(cytosol)|mCitrine(cytosol)|Electra2(cytosol)|mKOK(cytosol)|mTFP1(cytosol),date_match
/clusterfs/vast/abcabc/Korra_Foundation/20250627_skittlez/fish1_roi3,20250627-plate41-slot1-roi3,20250627.0,41.0,1.0,3.0,20250627_skittlez,20250627_skittlez,fish1,1.0,,,72,20250627_skittlez,2025-06-27,2025-06-27,pDQM034,310,,,mKate2|mCitrine|Electra2|mKOK|mTFP1,cytosol,cytosol,Electra2(cytosol)|mCitrine(cytosol)|mKOK(cytosol)|mKate2(cytosol)|mTFP1(cytosol),cytosol,mKate2(cytosol)|mCitrine(cytosol)|Electra2(cytosol)|mKOK(cytosol)|mTFP1(cytosol),date_match
/clusterfs/vast/abcabc/Korra_Foundation/20250627_skittlez/fish2_roi1,20250627-plate41-slot3-roi1,20250627.0,41.0,3.0,1.0,20250627_skittlez,20250627_skittlez,fish2,2.0,,,72,20250627_skittlez,2025-06-27,2025-06-27,pDQM034,310,,,mKate2|mCitrine|Electra2|mKOK|mTFP1,cytosol,cytosol,Electra2(cytosol)|mCitrine(cytosol)|mKOK(cytosol)|mKate2(cytosol)|mTFP1(cytosol),cytosol,mKate2(cytosol)|mCitrine(cytosol)|Electra2(cytosol)|mKOK(cytosol)|mTFP1(cytosol),date_match
/clusterfs/vast/abcabc/Korra_Foundation/20250627_skittlez/fish3_roi1,20250627-plate41-slot4-roi1,20250627.0,41.0,4.0,1.0,20250627_skittlez,20250627_skittlez,fish3,3.0,,,90,20250627_skittlez,2025-06-27,2025-06-27,pDQM034,310,,,mKate2|mCitrine|Electra2|mKOK|mTFP1,cytosol,cytosol,Electra2(cytosol)|mCitrine(cytosol)|mKOK(cytosol)|mKate2(cytosol)|mTFP1(cytosol),cytosol,mKate2(cytosol)|mCitrine(cytosol)|Electra2(cytosol)|mKOK(cytosol)|mTFP1(cytosol),date_match
/clusterfs/vast/abcabc/Korra_Foundation/20250627_skittlez/fish4_roi1,20250627-plate41-slot5-roi1,20250627.0,41.0,5.0,1.0,20250627_skittlez,20250627_skittlez,fish4,4.0,,,72,20250627_skittlez,2025-06-27,2025-06-27,pDQM034,310,,,mKate2|mCitrine|Electra2|mKOK|mTFP1,cytosol,cytosol,Electra2(cytosol)|mCitrine(cytosol)|mKOK(cytosol)|mKate2(cytosol)|mTFP1(cytosol),cytosol,mKate2(cytosol)|mCitrine(cytosol)|Electra2(cytosol)|mKOK(cytosol)|mTFP1(cytosol),date_match
/clusterfs/vast/abcabc/Korra_Foundation/20250627_skittlez/fish4_roi2,20250627-plate41-slot5-roi2,20250627.0,41.0,5.0,2.0,20250627_skittlez,20250627_skittlez,fish4,4.0,,,72,20250627_skittlez,2025-06-27,2025-06-27,pDQM034,310,,,mKate2|mCitrine|Electra2|mKOK|mTFP1,cytosol,cytosol,Electra2(cytosol)|mCitrine(cytosol)|mKOK(cytosol)|mKate2(cytosol)|mTFP1(cytosol),cytosol,mKate2(cytosol)|mCitrine(cytosol)|Electra2(cytosol)|mKOK(cytosol)|mTFP1(cytosol),date_match
/clusterfs/vast/abcabc/Korra_Foundation/20250627_skittlez/fish5_roi1,20250627-plate41-slot6-roi1,20250627.0,41.0,6.0,1.0,20250627_skittlez,20250627_skittlez,fish5,5.0,,,90,20250627_skittlez,2025-06-27,2025-06-27,pDQM034,310,,,mKate2|mCitrine|Electra2|mKOK|mTFP1,cytosol,cytosol,Electra2(cytosol)|mCitrine(cytosol)|mKOK(cytosol)|mKate2(cytosol)|mTFP1(cytosol),cytosol,mKate2(cytosol)|mCitrine(cytosol)|Electra2(cytosol)|mKOK(cytosol)|mTFP1(cytosol),date_match
/clusterfs/vast/abcabc/Korra_Foundation/20250627_skittlez/fish7_roi1,20250627-plate42-slot1-roi1,20250627.0,42.0,1.0,1.0,20250627_skittlez,20250627_skittlez,fish7,7.0,,,90,20250627_skittlez,2025-06-27,2025-06-27,pDQM034,310,,,mKate2|mCitrine|Electra2|mKOK|mTFP1,cytosol,cytosol,Electra2(cytosol)|mCitrine(cytosol)|mKOK(cytosol)|mKate2(cytosol)|mTFP1(cytosol),cytosol,mKate2(cytosol)|mCitrine(cytosol)|Electra2(cytosol)|mKOK(cytosol)|mTFP1(cytosol),date_match
/clusterfs/vast/abcabc/Korra_Foundation/20250627_skittlez/fish8_roi1,20250627-plate42-slot2-roi1,20250627.0,42.0,2.0,1.0,20250627_skittlez,20250627_skittlez,fish8,8.0,,,90,20250627_skittlez,2025-06-27,2025-06-27,pDQM034,310,,,mKate2|mCitrine|Electra2|mKOK|mTFP1,cytosol,cytosol,Electra2(cytosol)|mCitrine(cytosol)|mKOK(cytosol)|mKate2(cytosol)|mTFP1(cytosol),cytosol,mKate2(cytosol)|mCitrine(cytosol)|Electra2(cytosol)|mKOK(cytosol)|mTFP1(cytosol),date_match
/clusterfs/vast/abcabc/Korra_Foundation/20250627_skittlez/fish9_roi1,20250627-plate42-slot3-roi1,20250627.0,42.0,3.0,1.0,20250627_skittlez,20250627_skittlez,fish9,9.0,,,108,20250627_skittlez,2025-06-27,2025-06-27,pDQM034,310,,,mKate2|mCitrine|Electra2|mKOK|mTFP1,cytosol,cytosol,Electra2(cytosol)|mCitrine(cytosol)|mKOK(cytosol)|mKate2(cytosol)|mTFP1(cytosol),cytosol,mKate2(cytosol)|mCitrine(cytosol)|Electra2(cytosol)|mKOK(cytosol)|mTFP1(cytosol),date_match
/clusterfs/vast/abcabc/Korra_Foundation/20250715_mem_organelle/fish1_mem_sg_mito_msc3/roi1,20250715-plate43-slot1-roi1,20250715.0,43.0,1.0,1.0,20250715_mem_organelle,20250715_mem_organelle,fish1,1.0,,,384,20250715_mem_organelle,2025-07-15,2025-07-15,pDQM005,301,MGCO-35,,tdmSG,2xLynk,membrane,tdmSG(membrane),membrane,tdmSG(membrane),sheet
/clusterfs/vast/abcabc/Korra_Foundation/20250715_mem_organelle/fish1_mem_sg_mito_msc3/roi2,20250715-plate43-slot1-roi4,20250715.0,43.0,1.0,4.0,20250715_mem_organelle,20250715_mem_organelle,fish1,1.0,,,640,20250715_mem_organelle,2025-07-15,2025-07-15,pDQM005,301,MGCO-39,,tdmSG,2xLynk,membrane,tdmSG(membrane),membrane,tdmSG(membrane),sheet
/clusterfs/vast/abcabc/Korra_Foundation/20250715_mem_organelle/fish2_24hpf_mem_mito_msc3_er_halo/roi1_eye,20250715-plate43-slot2-roi1,20250715.0,43.0,2.0,1.0,20250715_mem_organelle,20250715_mem_organelle,fish2,2.0,24.0,eye,1922,20250715_mem_organelle,2025-07-15,2025-07-15,pDQM005,301,MGCO-35,,tdmSG,2xLynk,membrane,tdmSG(membrane),membrane,tdmSG(membrane),sheet
/clusterfs/vast/abcabc/Korra_Foundation/20250715_mem_organelle/fish3_24hpf_mem_mito_msc3_er_halo/roi1,20250715-plate43-slot3-roi1,20250715.0,43.0,3.0,1.0,20250715_mem_organelle,20250715_mem_organelle,fish3,3.0,24.0,,960,20250715_mem_organelle,2025-07-15,2025-07-15,pDQM005,301,MGCO-35,,tdmSG,2xLynk,membrane,tdmSG(membrane),membrane,tdmSG(membrane),sheet
/clusterfs/vast/abcabc/Korra_Foundation/20250715_mem_organelle/fish3_24hpf_mem_mito_msc3_er_halo/roi2,20250715-plate43-slot3-roi3,20250715.0,43.0,3.0,3.0,20250715_mem_organelle,20250715_mem_organelle,fish3,3.0,24.0,,960,20250715_mem_organelle,2025-07-15,2025-07-15,pDQM005,301,MGCO-35,,tdmSG,2xLynk,membrane,tdmSG(membrane),membrane,tdmSG(membrane),sheet
/clusterfs/vast/abcabc/Korra_Foundation/20250715_mem_organelle/fish4_24hpf_mem_mito_msc3_er_halo/roi1,20250715-plate43-slot4-roi1,20250715.0,43.0,4.0,1.0,20250715_mem_organelle,20250715_mem_organelle,fish4,4.0,24.0,,960,20250715_mem_organelle,2025-07-15,2025-07-15,pDQM005,301,MGCO-35,,tdmSG,2xLynk,membrane,tdmSG(membrane),membrane,tdmSG(membrane),sheet
/clusterfs/vast/abcabc/Korra_Foundation/20250715_mem_organelle/fish4_24hpf_mem_mito_msc3_er_halo/roi2,20250715-plate43-slot4-roi3,20250715.0,43.0,4.0,3.0,20250715_mem_organelle,20250715_mem_organelle,fish4,4.0,24.0,,960,20250715_mem_organelle,2025-07-15,2025-07-15,pDQM005,301,MGCO-35,,tdmSG,2xLynk,membrane,tdmSG(membrane),membrane,tdmSG(membrane),sheet
/clusterfs/vast/abcabc/Korra_Foundation/20250715_mem_organelle/fish4_24hpf_mem_mito_msc3_er_halo/roi3,20250715-plate43-slot4-roi5,20250715.0,43.0,4.0,5.0,20250715_mem_organelle,20250715_mem_organelle,fish4,4.0,24.0,,960,20250715_mem_organelle,2025-07-15,2025-07-15,pDQM005,301,MGCO-35,,tdmSG,2xLynk,membrane,tdmSG(membrane),membrane,tdmSG(membrane),sheet
/clusterfs/vast/abcabc/Korra_Foundation/20250715_mem_organelle/fish5_48hpf_mem_mito_halo_er_msc2/roi1,20250715-plate43-slot5-roi2,20250715.0,43.0,5.0,2.0,20250715_mem_organelle,20250715_mem_organelle,fish5,5.0,48.0,,1329,20250715_mem_organelle,2025-07-15,2025-07-15,pDQM005,301,MGCO-39,,tdmSG,2xLynk,membrane,tdmSG(membrane),membrane,tdmSG(membrane),sheet
/clusterfs/vast/abcabc/Korra_Foundation/20250715_mem_organelle/fish5_48hpf_mem_mito_halo_er_msc2/roi2,20250715-plate43-slot5-roi4,20250715.0,43.0,5.0,4.0,20250715_mem_organelle,20250715_mem_organelle,fish5,5.0,48.0,,1300,20250715_mem_organelle,2025-07-15,2025-07-15,pDQM005,301,MGCO-39,,tdmSG,2xLynk,membrane,tdmSG(membrane),membrane,tdmSG(membrane),sheet
/clusterfs/vast/abcabc/Korra_Foundation/20250715_mem_organelle/fish5_48hpf_mem_mito_halo_er_msc2/roi3,20250715-plate43-slot5-roi5,20250715.0,43.0,5.0,5.0,20250715_mem_organelle,20250715_mem_organelle,fish5,5.0,48.0,,1300,20250715_mem_organelle,2025-07-15,2025-07-15,pDQM005,301,MGCO-35,,tdmSG,2xLynk,membrane,tdmSG(membrane),membrane,tdmSG(membrane),sheet
/clusterfs/vast/abcabc/Korra_Foundation/20250715_mem_organelle/fish5_48hpf_mem_mito_halo_er_msc2/roi4,20250715-plate43-slot5-roi7,20250715.0,43.0,5.0,7.0,20250715_mem_organelle,20250715_mem_organelle,fish5,5.0,48.0,,1300,20250715_mem_organelle,2025-07-15,2025-07-15,pDQM005,301,MGCO-35,,tdmSG,2xLynk,membrane,tdmSG(membrane),membrane,tdmSG(membrane),sheet
/clusterfs/vast/abcabc/Korra_Foundation/20250715_mem_organelle/fish6_48hpf_mem_mito_halo_er_msc2/roi1,20250715-plate43-slot6-roi1,20250715.0,43.0,6.0,1.0,20250715_mem_organelle,20250715_mem_organelle,fish6,6.0,48.0,,1300,20250715_mem_organelle,2025-07-15,2025-07-15,pDQM005,301,MGCO-35,,tdmSG,2xLynk,membrane,tdmSG(membrane),membrane,tdmSG(membrane),sheet
/clusterfs/vast/abcabc/Korra_Foundation/20250715_mem_organelle/fish6_48hpf_mem_mito_halo_er_msc2/roi2,20250715-plate43-slot6-roi3,20250715.0,43.0,6.0,3.0,20250715_mem_organelle,20250715_mem_organelle,fish6,6.0,48.0,,1300,20250715_mem_organelle,2025-07-15,2025-07-15,pDQM005,301,MGCO-35,,tdmSG,2xLynk,membrane,tdmSG(membrane),membrane,tdmSG(membrane),sheet
/clusterfs/vast/abcabc/Korra_Foundation/20250715_mem_organelle/fish6_48hpf_mem_mito_halo_er_msc2/roi3,20250715-plate43-slot6-roi5,20250715.0,43.0,6.0,5.0,20250715_mem_organelle,20250715_mem_organelle,fish6,6.0,48.0,,1300,20250715_mem_organelle,2025-07-15,2025-07-15,pDQM005,301,MGCO-35,,tdmSG,2xLynk,membrane,tdmSG(membrane),membrane,tdmSG(membrane),sheet
/clusterfs/vast/abcabc/Korra_Foundation/20250715_mem_organelle/fish6_48hpf_mem_mito_halo_er_msc2/roi4,20250715-plate43-slot6-roi7,20250715.0,43.0,6.0,7.0,20250715_mem_organelle,20250715_mem_organelle,fish6,6.0,48.0,,1300,20250715_mem_organelle,2025-07-15,2025-07-15,pDQM005,301,MGCO-35,,tdmSG,2xLynk,membrane,tdmSG(membrane),membrane,tdmSG(membrane),sheet
/clusterfs/vast/abcabc/Korra_Foundation/20250715_mem_organelle/fish6_48hpf_mem_mito_halo_er_msc2/roi5,20250715-plate43-slot6-roi10,20250715.0,43.0,6.0,10.0,20250715_mem_organelle,20250715_mem_organelle,fish6,6.0,48.0,,1300,20250715_mem_organelle,2025-07-15,2025-07-15,pDQM005,301,MGCO-39,,tdmSG,2xLynk,membrane,tdmSG(membrane),membrane,tdmSG(membrane),sheet
/clusterfs/vast/abcabc/Korra_Foundation/20250715_mem_organelle/fish7_48hpf_mem_mito_halo_er_msc2/roi1,20250715-plate44-slot1-roi1,20250715.0,44.0,1.0,1.0,20250715_mem_organelle,20250715_mem_organelle,fish7,7.0,48.0,,1300,20250715_mem_organelle,2025-07-15,2025-07-15,pDQM005,301,MGCO-35,,tdmSG,2xLynk,membrane,tdmSG(membrane),membrane,tdmSG(membrane),sheet
/clusterfs/vast/abcabc/Korra_Foundation/20250715_mem_organelle/fish8_72hpf_mem_mito_msc3_er_halo/roi1,20250715-plate44-slot2-roi1,20250715.0,44.0,2.0,1.0,20250715_mem_organelle,20250715_mem_organelle,fish8,8.0,72.0,,1300,20250715_mem_organelle,2025-07-15,2025-07-15,pDQM005,301,MGCO-35,,tdmSG,2xLynk,membrane,tdmSG(membrane),membrane,tdmSG(membrane),sheet
/clusterfs/vast/abcabc/Korra_Foundation/20250715_mem_organelle/fish8_72hpf_mem_mito_msc3_er_halo/roi2,20250715-plate44-slot2-roi3,20250715.0,44.0,2.0,3.0,20250715_mem_organelle,20250715_mem_organelle,fish8,8.0,72.0,,1300,20250715_mem_organelle,2025-07-15,2025-07-15,pDQM005,301,MGCO-35,,tdmSG,2xLynk,membrane,tdmSG(membrane),membrane,tdmSG(membrane),sheet
/clusterfs/vast/abcabc/Korra_Foundation/20250715_mem_organelle/fish8_72hpf_mem_mito_msc3_er_halo/roi3,20250715-plate44-slot2-roi5,20250715.0,44.0,2.0,5.0,20250715_mem_organelle,20250715_mem_organelle,fish8,8.0,72.0,,1300,20250715_mem_organelle,2025-07-15,2025-07-15,pDQM005,301,MGCO-35,,tdmSG,2xLynk,membrane,tdmSG(membrane),membrane,tdmSG(membrane),sheet
/clusterfs/vast/abcabc/Korra_Foundation/20250723_mem-halo_ER-mSG/fish3_48hpf/roi1_mb,20250723-plate45-slot1-roi1,20250723.0,45.0,1.0,1.0,20250723_mem-halo_ER-mSG,20250723_mem-halo_ER-mSG,fish3,3.0,48.0,,65,20250723_mem-halo_ER-mSG,2025-07-23,2025-07-23,pSWIN01,is01,,,,,,,,,sheet
/clusterfs/vast/abcabc/Korra_Foundation/20250723_mem-halo_ER-mSG/fish3_48hpf/roi2,20250723-plate45-slot1-roi2,20250723.0,45.0,1.0,2.0,20250723_mem-halo_ER-mSG,20250723_mem-halo_ER-mSG,fish3,3.0,48.0,,81,20250723_mem-halo_ER-mSG,2025-07-23,2025-07-23,pSWIN01,is01,,,,,,,,,sheet
/clusterfs/vast/abcabc/Korra_Foundation/20250723_mem-halo_ER-mSG/fish3_48hpf/roi3,20250723-plate45-slot1-roi3,20250723.0,45.0,1.0,3.0,20250723_mem-halo_ER-mSG,20250723_mem-halo_ER-mSG,fish3,3.0,48.0,,227,20250723_mem-halo_ER-mSG,2025-07-23,2025-07-23,pSWIN01,is01,,,,,,,,,sheet
/clusterfs/vast/abcabc/Korra_Foundation/20250723_mem-halo_ER-mSG/fish3_48hpf/roi4,20250723-plate45-slot1-roi4,20250723.0,45.0,1.0,4.0,20250723_mem-halo_ER-mSG,20250723_mem-halo_ER-mSG,fish3,3.0,48.0,,243,20250723_mem-halo_ER-mSG,2025-07-23,2025-07-23,pSWIN01,is01,,,,,,,,,sheet
/clusterfs/vast/abcabc/Korra_Foundation/20250723_mem-halo_ER-mSG/fish3_48hpf/roi5,20250723-plate45-slot1-roi5,20250723.0,45.0,1.0,5.0,20250723_mem-halo_ER-mSG,20250723_mem-halo_ER-mSG,fish3,3.0,48.0,,243,20250723_mem-halo_ER-mSG,2025-07-23,2025-07-23,pSWIN01,is01,,,,,,,,,sheet
/clusterfs/vast/abcabc/Korra_Foundation/20250723_mem-halo_ER-mSG/fish3_48hpf/roi6,20250723-plate45-slot1-roi6,20250723.0,45.0,1.0,6.0,20250723_mem-halo_ER-mSG,20250723_mem-halo_ER-mSG,fish3,3.0,48.0,,243,20250723_mem-halo_ER-mSG,2025-07-23,2025-07-23,pSWIN01,is01,,,,,,,,,sheet
/clusterfs/vast/abcabc/Korra_Foundation/20250724_mem-mchilada_er-mSG/fish1_24hpf/roi1,20250724-plate46-slot1-roi1,20250724.0,46.0,1.0,1.0,20250724_mem-mchilada_er-mSG,20250724_mem-mchilada_er-mSG,fish1,1.0,24.0,,97,20250724_mem-mchilada_er-mSG,2025-07-24,2025-07-24,pDQM082,315,,,tdmChilada,2xLynk,membrane,tdmChilada(membrane),membrane,tdmChilada(membrane),sheet
/clusterfs/vast/abcabc/Korra_Foundation/20250724_mem-mchilada_er-mSG/fish1_24hpf/roi1_2,20250724-plate46-slot1-roi2,20250724.0,46.0,1.0,2.0,20250724_mem-mchilada_er-mSG,20250724_mem-mchilada_er-mSG,fish1,1.0,24.0,,579,20250724_mem-mchilada_er-mSG,2025-07-24,2025-07-24,pDQM082,315,,,tdmChilada,2xLynk,membrane,tdmChilada(membrane),membrane,tdmChilada(membrane),sheet
/clusterfs/vast/abcabc/Korra_Foundation/20250724_mem-mchilada_er-mSG/fish1_24hpf/roi1_3,20250724-plate46-slot1-roi3,20250724.0,46.0,1.0,3.0,20250724_mem-mchilada_er-mSG,20250724_mem-mchilada_er-mSG,fish1,1.0,24.0,,579,20250724_mem-mchilada_er-mSG,2025-07-24,2025-07-24,pDQM082,315,,,tdmChilada,2xLynk,membrane,tdmChilada(membrane),membrane,tdmChilada(membrane),sheet
/clusterfs/vast/abcabc/Korra_Foundation/20250724_mem-mchilada_er-mSG/fish1_24hpf/roi2,20250724-plate46-slot1-roi4,20250724.0,46.0,1.0,4.0,20250724_mem-mchilada_er-mSG,20250724_mem-mchilada_er-mSG,fish1,1.0,24.0,,963,20250724_mem-mchilada_er-mSG,2025-07-24,2025-07-24,pDQM082,315,,,tdmChilada,2xLynk,membrane,tdmChilada(membrane),membrane,tdmChilada(membrane),sheet
/clusterfs/vast/abcabc/Korra_Foundation/20250728_mem-histone/fish1_roi1,20250728-plate47-slot1-roi1,20250728.0,47.0,1.0,1.0,20250728_mem-histone,20250728_mem-histone,fish1,1.0,,,2160,20250728_mem-histone,2025-07-28,2025-07-28,pDQM005,301,,,tdmSG,2xLynk,membrane,tdmSG(membrane),membrane,tdmSG(membrane),sheet
/clusterfs/vast/abcabc/Korra_Foundation/20250728_mem-histone/fish1_roi2,20250728-plate47-slot1-roi2,20250728.0,47.0,1.0,2.0,20250728_mem-histone,20250728_mem-histone,fish1,1.0,,,2400,20250728_mem-histone,2025-07-28,2025-07-28,pDQM005,301,,,tdmSG,2xLynk,membrane,tdmSG(membrane),membrane,tdmSG(membrane),sheet
/clusterfs/vast/abcabc/Korra_Foundation/20250801_mem-PCNA/fish1_roi1,20250801-plate48-slot1-roi1,20250801.0,48.0,1.0,1.0,20250801_mem-PCNA,20250801_mem-PCNA,fish1,1.0,,,1344,20250801_mem-PCNA,2025-08-01,2025-08-01,pDQM005,301,,,tdmSG,2xLynk,membrane,tdmSG(membrane),membrane,tdmSG(membrane),sheet
/clusterfs/vast/abcabc/Korra_Foundation/20250801_mem-PCNA/fish2_roi1,20250801-plate48-slot2-roi1,20250801.0,48.0,2.0,1.0,20250801_mem-PCNA,20250801_mem-PCNA,fish2,2.0,,,1104,20250801_mem-PCNA,2025-08-01,2025-08-01,pDQM005,301,,,tdmSG,2xLynk,membrane,tdmSG(membrane),membrane,tdmSG(membrane),sheet
/clusterfs/vast/abcabc/Korra_Foundation/20250801_mem-PCNA/fish3_72hpf_roi1,20250801-plate48-slot3-roi1,20250801.0,48.0,3.0,1.0,20250801_mem-PCNA,20250801_mem-PCNA,fish3,3.0,72.0,,6226,20250801_mem-PCNA,2025-08-01,2025-08-01,pDQM005,301,,,tdmSG,2xLynk,membrane,tdmSG(membrane),membrane,tdmSG(membrane),sheet
/clusterfs/vast/abcabc/Korra_Foundation/20250801_mem-histone/fish1_roi1,20250801-plate49-slot1-roi1,20250801.0,49.0,1.0,1.0,20250801_mem-histone,20250801_mem-histone,fish1,1.0,,,300,20250801_mem-histone,2025-08-01,2025-08-01,pDQM005,301,,,tdmSG,2xLynk,membrane,tdmSG(membrane),membrane,tdmSG(membrane),date_match
/clusterfs/vast/abcabc/Korra_Foundation/20251007_mem-histone/fish1_48hpf_roi1,20251007-plate50-slot1-roi1,20251007.0,50.0,1.0,1.0,20251007_mem-histone,20251007_mem-histone,fish1,1.0,48.0,,82,20251007_mem-histone,,2025-10-07,pDQM005,304,,,tdmSG,2xLynk,membrane,tdmSG(membrane),membrane,tdmSG(membrane),date_match
/clusterfs/vast/abcabc/Korra_Foundation/20251007_mem-histone/fish1_48hpf_roi1_test,20251007-plate50-slot1-roi2,20251007.0,50.0,1.0,2.0,20251007_mem-histone,20251007_mem-histone,fish1,1.0,48.0,,12,20251007_mem-histone,,2025-10-07,pDQM005,304,,,tdmSG,2xLynk,membrane,tdmSG(membrane),membrane,tdmSG(membrane),date_match
/clusterfs/vast/abcabc/Korra_Foundation/20251007_mem-histone/fish1_48hpf_roi1test,20251007-plate50-slot1-roi3,20251007.0,50.0,1.0,3.0,20251007_mem-histone,20251007_mem-histone,fish1,1.0,48.0,,18,20251007_mem-histone,,2025-10-07,pDQM005,304,,,tdmSG,2xLynk,membrane,tdmSG(membrane),membrane,tdmSG(membrane),date_match
/clusterfs/vast/abcabc/Korra_Foundation/20251007_mem-histone/fish3_48hpf_roi1,20251007-plate50-slot2-roi1,20251007.0,50.0,2.0,1.0,20251007_mem-histone,20251007_mem-histone,fish3,3.0,48.0,,2880,20251007_mem-histone,,2025-10-07,pDQM005,304,,,tdmSG,2xLynk,membrane,tdmSG(membrane),membrane,tdmSG(membrane),date_match
/clusterfs/vast/abcabc/Korra_Foundation/20251007_mem-histone/fish3_48hpf_roi1_test,20251007-plate50-slot2-roi2,20251007.0,50.0,2.0,2.0,20251007_mem-histone,20251007_mem-histone,fish3,3.0,48.0,,16,20251007_mem-histone,,2025-10-07,pDQM005,304,,,tdmSG,2xLynk,membrane,tdmSG(membrane),membrane,tdmSG(membrane),date_match
/clusterfs/vast/abcabc/Korra_Foundation/20251007_mem-histone/fish3_48hpf_roi2,20251007-plate50-slot2-roi3,20251007.0,50.0,2.0,3.0,20251007_mem-histone,20251007_mem-histone,fish3,3.0,48.0,,2304,20251007_mem-histone,,2025-10-07,pDQM005,304,,,tdmSG,2xLynk,membrane,tdmSG(membrane),membrane,tdmSG(membrane),date_match
/clusterfs/vast/abcabc/Korra_Foundation/20251007_mem-histone/fish3_48hpf_roi2_test,20251007-plate50-slot2-roi4,20251007.0,50.0,2.0,4.0,20251007_mem-histone,20251007_mem-histone,fish3,3.0,48.0,,52,20251007_mem-histone,,2025-10-07,pDQM005,304,,,tdmSG,2xLynk,membrane,tdmSG(membrane),membrane,tdmSG(membrane),date_match
/clusterfs/vast/abcabc/Korra_Foundation/20251009_skittlez/fish1_roi1,20251009-plate51-slot1-roi1,20251009.0,51.0,1.0,1.0,20251009_skittlez,20251009_skittlez,fish1,1.0,,,22,20251009_skittlez,2025-10-10,2025-10-09,pDQM034,309,,,,,,,,,date_match
/clusterfs/vast/abcabc/Korra_Foundation/20251010_mem-histone/fish1_24hpf_roi1,20251010-plate52-slot1-roi1,20251010.0,52.0,1.0,1.0,20251010_mem-histone,20251010_mem-histone,fish1,1.0,24.0,,9216,20251010_mem-histone,2025-10-10,2025-10-10,pDQM133,324,,,tdmScarlet3,H2B,histone,tdmScarlet3(histone),histone,tdmScarlet3(histone),sheet
/clusterfs/vast/abcabc/Korra_Foundation/20251013_mem-histone/fish1_96hpf_roi0_test,20251013-plate53-slot1-roi1,20251013.0,53.0,1.0,1.0,20251013_mem-histone,20251013_mem-histone,fish1,1.0,96.0,,2986,20251013_mem-histone,2025-10-13,2025-10-13,pDQM133,324,,,tdmScarlet3,H2B,histone,tdmScarlet3(histone),histone,tdmScarlet3(histone),sheet
/clusterfs/vast/abcabc/Korra_Foundation/20251013_mem-histone/fish1_96hpf_roi1,20251013-plate53-slot1-roi3,20251013.0,53.0,1.0,3.0,20251013_mem-histone,20251013_mem-histone,fish1,1.0,96.0,,2880,20251013_mem-histone,2025-10-13,2025-10-13,pDQM133,324,,,tdmScarlet3,H2B,histone,tdmScarlet3(histone),histone,tdmScarlet3(histone),sheet
/clusterfs/vast/abcabc/Korra_Foundation/20251013_mem-histone/fish1_96hpf_roi2,20251013-plate53-slot1-roi7,20251013.0,53.0,1.0,7.0,20251013_mem-histone,20251013_mem-histone,fish1,1.0,96.0,,2880,20251013_mem-histone,2025-10-13,2025-10-13,pDQM133,324,,,tdmScarlet3,H2B,histone,tdmScarlet3(histone),histone,tdmScarlet3(histone),sheet
/clusterfs/vast/abcabc/Korra_Foundation/20251013_mem-histone/fish1_96hpf_roi3,20251013-plate53-slot1-roi9,20251013.0,53.0,1.0,9.0,20251013_mem-histone,20251013_mem-histone,fish1,1.0,96.0,,2880,20251013_mem-histone,2025-10-13,2025-10-13,pDQM133,324,,,tdmScarlet3,H2B,histone,tdmScarlet3(histone),histone,tdmScarlet3(histone),sheet
/clusterfs/vast/abcabc/Korra_Foundation/20251013_mem-histone/fish2_96hpf_roi1,20251013-plate53-slot2-roi1,20251013.0,53.0,2.0,1.0,20251013_mem-histone,20251013_mem-histone,fish2,2.0,96.0,,2880,20251013_mem-histone,2025-10-13,2025-10-13,pDQM133,324,,,tdmScarlet3,H2B,histone,tdmScarlet3(histone),histone,tdmScarlet3(histone),sheet
/clusterfs/vast/abcabc/Korra_Foundation/20251013_mem-histone/fish2_96hpf_roi2,20251013-plate53-slot2-roi4,20251013.0,53.0,2.0,4.0,20251013_mem-histone,20251013_mem-histone,fish2,2.0,96.0,,2880,20251013_mem-histone,2025-10-13,2025-10-13,pDQM133,324,,,tdmScarlet3,H2B,histone,tdmScarlet3(histone),histone,tdmScarlet3(histone),sheet
/clusterfs/vast/abcabc/Korra_Foundation/20251013_mem-histone/fish3_96hpf_roi1,20251013-plate53-slot3-roi1,20251013.0,53.0,3.0,1.0,20251013_mem-histone,20251013_mem-histone,fish3,3.0,96.0,,2880,20251013_mem-histone,2025-10-13,2025-10-13,pDQM133,324,,,tdmScarlet3,H2B,histone,tdmScarlet3(histone),histone,tdmScarlet3(histone),sheet
/clusterfs/vast/abcabc/Korra_Foundation/20251013_mem-histone/fish3_96hpf_roi2,20251013-plate53-slot3-roi5,20251013.0,53.0,3.0,5.0,20251013_mem-histone,20251013_mem-histone,fish3,3.0,96.0,,2880,20251013_mem-histone,2025-10-13,2025-10-13,pDQM133,324,,,tdmScarlet3,H2B,histone,tdmScarlet3(histone),histone,tdmScarlet3(histone),sheet
/clusterfs/vast/abcabc/Korra_Foundation/20251013_mem-histone/fish3_96hpf_roi3,20251013-plate53-slot3-roi9,20251013.0,53.0,3.0,9.0,20251013_mem-histone,20251013_mem-histone,fish3,3.0,96.0,,2880,20251013_mem-histone,2025-10-13,2025-10-13,pDQM133,324,,,tdmScarlet3,H2B,histone,tdmScarlet3(histone),histone,tdmScarlet3(histone),sheet
/clusterfs/vast/abcabc/Korra_Foundation/20251015_mem-histone/fish1_48hpf_roi1,20251015-plate54-slot1-roi1,20251015.0,54.0,1.0,1.0,20251015_mem-histone,20251015_mem-histone,fish1,1.0,48.0,,2880,20251015_mem-histone,2025-10-15,2025-10-15,pDQM133,324,,,tdmScarlet3,H2B,histone,tdmScarlet3(histone),histone,tdmScarlet3(histone),sheet
/clusterfs/vast/abcabc/Korra_Foundation/20251015_mem-histone/fish2_48hpf_roi1,20251015-plate54-slot2-roi1,20251015.0,54.0,2.0,1.0,20251015_mem-histone,20251015_mem-histone,fish2,2.0,48.0,,2880,20251015_mem-histone,2025-10-15,2025-10-15,pDQM133,324,,,tdmScarlet3,H2B,histone,tdmScarlet3(histone),histone,tdmScarlet3(histone),sheet
/clusterfs/vast/abcabc/Korra_Foundation/20251015_mem-histone/fish3_48hpf_roi1,20251015-plate54-slot3-roi1,20251015.0,54.0,3.0,1.0,20251015_mem-histone,20251015_mem-histone,fish3,3.0,48.0,,2880,20251015_mem-histone,2025-10-15,2025-10-15,pDQM133,324,,,tdmScarlet3,H2B,histone,tdmScarlet3(histone),histone,tdmScarlet3(histone),sheet
/clusterfs/vast/abcabc/Korra_Foundation/20251015_mem-histone/fish3_48hpf_roi2,20251015-plate54-slot3-roi3,20251015.0,54.0,3.0,3.0,20251015_mem-histone,20251015_mem-histone,fish3,3.0,48.0,,2880,20251015_mem-histone,2025-10-15,2025-10-15,pDQM133,324,,,tdmScarlet3,H2B,histone,tdmScarlet3(histone),histone,tdmScarlet3(histone),sheet
/clusterfs/vast/abcabc/Korra_Foundation/20251015_mem-histone/fish4_48hpf_roi1,20251015-plate54-slot4-roi1,20251015.0,54.0,4.0,1.0,20251015_mem-histone,20251015_mem-histone,fish4,4.0,48.0,,2880,20251015_mem-histone,2025-10-15,2025-10-15,pDQM133,324,,,tdmScarlet3,H2B,histone,tdmScarlet3(histone),histone,tdmScarlet3(histone),sheet
/clusterfs/vast/abcabc/Korra_Foundation/20251016_mem-histone/fish1_72hpf_roi1,20251016-plate55-slot1-roi1,20251016.0,55.0,1.0,1.0,20251016_mem-histone,20251016_mem-histone,fish1,1.0,72.0,,2880,20251016_mem-histone,2025-10-16,2025-10-16,pDQM133,324,,,tdmScarlet3,H2B,histone,tdmScarlet3(histone),histone,tdmScarlet3(histone),sheet
/clusterfs/vast/abcabc/Korra_Foundation/20251016_mem-histone/fish2_72hpf_roi1,20251016-plate55-slot2-roi1,20251016.0,55.0,2.0,1.0,20251016_mem-histone,20251016_mem-histone,fish2,2.0,72.0,,2880,20251016_mem-histone,2025-10-16,2025-10-16,pDQM133,324,,,tdmScarlet3,H2B,histone,tdmScarlet3(histone),histone,tdmScarlet3(histone),sheet
/clusterfs/vast/abcabc/Korra_Foundation/20251016_mem-histone/fish2_72hpf_roi2,20251016-plate55-slot2-roi2,20251016.0,55.0,2.0,2.0,20251016_mem-histone,20251016_mem-histone,fish2,2.0,72.0,,2880,20251016_mem-histone,2025-10-16,2025-10-16,pDQM133,324,,,tdmScarlet3,H2B,histone,tdmScarlet3(histone),histone,tdmScarlet3(histone),sheet
/clusterfs/vast/abcabc/Korra_Foundation/20251016_mem-histone/fish2_72hpf_roi3,20251016-plate55-slot2-roi3,20251016.0,55.0,2.0,3.0,20251016_mem-histone,20251016_mem-histone,fish2,2.0,72.0,,2880,20251016_mem-histone,2025-10-16,2025-10-16,pDQM133,324,,,tdmScarlet3,H2B,histone,tdmScarlet3(histone),histone,tdmScarlet3(histone),sheet
/clusterfs/vast/abcabc/Korra_Foundation/20251016_mem-histone/fish3_72hpf_roi1,20251016-plate55-slot3-roi1,20251016.0,55.0,3.0,1.0,20251016_mem-histone,20251016_mem-histone,fish3,3.0,72.0,,2880,20251016_mem-histone,2025-10-16,2025-10-16,pDQM133,324,,,tdmScarlet3,H2B,histone,tdmScarlet3(histone),histone,tdmScarlet3(histone),sheet
/clusterfs/vast/abcabc/Korra_Foundation/20251016_mem-histone/fish3_72hpf_roi2,20251016-plate55-slot3-roi2,20251016.0,55.0,3.0,2.0,20251016_mem-histone,20251016_mem-histone,fish3,3.0,72.0,,2880,20251016_mem-histone,2025-10-16,2025-10-16,pDQM133,324,,,tdmScarlet3,H2B,histone,tdmScarlet3(histone),histone,tdmScarlet3(histone),sheet
/clusterfs/vast/abcabc/Korra_Foundation/20251017_microtubules/fish2_24hpf_roi1_test,20251017-plate56-slot1-roi1,20251017.0,56.0,1.0,1.0,20251017_microtubules,20251017_microtubules,fish2,2.0,24.0,,2880,20251017_microtubules,2025-10-17,2025-10-17,,,,,,,,,,,sheet
/clusterfs/vast/abcabc/Korra_Foundation/20251020_mem-histone/fish1_72hpf_roi1,20251020-plate57-slot1-roi1,20251020.0,57.0,1.0,1.0,20251020_mem-histone,20251020_mem-histone,fish1,1.0,72.0,,2880,20251020_mem-histone,2025-10-20,2025-10-20,pDQM133,324,,,tdmScarlet3,H2B,histone,tdmScarlet3(histone),histone,tdmScarlet3(histone),sheet
/clusterfs/vast/abcabc/Korra_Foundation/20251020_mem-histone/fish1_72hpf_roi2,20251020-plate57-slot1-roi5,20251020.0,57.0,1.0,5.0,20251020_mem-histone,20251020_mem-histone,fish1,1.0,72.0,,2880,20251020_mem-histone,2025-10-20,2025-10-20,pDQM133,324,,,tdmScarlet3,H2B,histone,tdmScarlet3(histone),histone,tdmScarlet3(histone),sheet
/clusterfs/vast/abcabc/Korra_Foundation/20251020_mem-histone/fish1_72hpf_roi3,20251020-plate57-slot1-roi9,20251020.0,57.0,1.0,9.0,20251020_mem-histone,20251020_mem-histone,fish1,1.0,72.0,,2880,20251020_mem-histone,2025-10-20,2025-10-20,pDQM133,324,,,tdmScarlet3,H2B,histone,tdmScarlet3(histone),histone,tdmScarlet3(histone),sheet
/clusterfs/vast/abcabc/Korra_Foundation/20251020_mem-histone/fish1_72hpf_roi4,20251020-plate57-slot1-roi13,20251020.0,57.0,1.0,13.0,20251020_mem-histone,20251020_mem-histone,fish1,1.0,72.0,,2880,20251020_mem-histone,2025-10-20,2025-10-20,pDQM133,324,,,tdmScarlet3,H2B,histone,tdmScarlet3(histone),histone,tdmScarlet3(histone),sheet
/clusterfs/vast/abcabc/Korra_Foundation/20251020_mem-histone/fish1_72hpf_roi5,20251020-plate57-slot1-roi18,20251020.0,57.0,1.0,18.0,20251020_mem-histone,20251020_mem-histone,fish1,1.0,72.0,,2880,20251020_mem-histone,2025-10-20,2025-10-20,pDQM133,324,,,tdmScarlet3,H2B,histone,tdmScarlet3(histone),histone,tdmScarlet3(histone),sheet
/clusterfs/vast/abcabc/Korra_Foundation/20251020_mem-histone/fish2_72hpf_roi1,20251020-plate57-slot2-roi2,20251020.0,57.0,2.0,2.0,20251020_mem-histone,20251020_mem-histone,fish2,2.0,72.0,,2880,20251020_mem-histone,2025-10-20,2025-10-20,pDQM133,324,,,tdmScarlet3,H2B,histone,tdmScarlet3(histone),histone,tdmScarlet3(histone),sheet
/clusterfs/vast/abcabc/Korra_Foundation/20251020_mem-histone/fish2_72hpf_roi2,20251020-plate57-slot2-roi5,20251020.0,57.0,2.0,5.0,20251020_mem-histone,20251020_mem-histone,fish2,2.0,72.0,,2880,20251020_mem-histone,2025-10-20,2025-10-20,pDQM133,324,,,tdmScarlet3,H2B,histone,tdmScarlet3(histone),histone,tdmScarlet3(histone),sheet
/clusterfs/vast/abcabc/Korra_Foundation/20251020_mem-histone/fish2_72hpf_roi3,20251020-plate57-slot2-roi9,20251020.0,57.0,2.0,9.0,20251020_mem-histone,20251020_mem-histone,fish2,2.0,72.0,,104,20251020_mem-histone,2025-10-20,2025-10-20,pDQM133,324,,,tdmScarlet3,H2B,histone,tdmScarlet3(histone),histone,tdmScarlet3(histone),sheet
/clusterfs/vast/abcabc/Korra_Foundation/20251022_mem-histone/fish1_24hpf_roi2,20251022-plate58-slot1-roi1,20251022.0,58.0,1.0,1.0,20251022_mem-histone,20251022_mem-histone,fish1,1.0,24.0,,2880,20251022_mem-histone,2025-10-22,2025-10-22,pDQM133,324,,,tdmScarlet3,H2B,histone,tdmScarlet3(histone),histone,tdmScarlet3(histone),sheet
/clusterfs/vast/abcabc/Korra_Foundation/20251022_mem-histone/fish1_24hpf_roi3,20251022-plate58-slot1-roi2,20251022.0,58.0,1.0,2.0,20251022_mem-histone,20251022_mem-histone,fish1,1.0,24.0,,2880,20251022_mem-histone,2025-10-22,2025-10-22,pDQM133,324,,,tdmScarlet3,H2B,histone,tdmScarlet3(histone),histone,tdmScarlet3(histone),sheet
/clusterfs/vast/abcabc/Korra_Foundation/20251022_mem-histone/fish2_24hpf_roi1,20251022-plate58-slot2-roi1,20251022.0,58.0,2.0,1.0,20251022_mem-histone,20251022_mem-histone,fish2,2.0,24.0,,2880,20251022_mem-histone,2025-10-22,2025-10-22,pDQM133,324,,,tdmScarlet3,H2B,histone,tdmScarlet3(histone),histone,tdmScarlet3(histone),sheet
/clusterfs/vast/abcabc/Korra_Foundation/20251022_mem-histone/fish2_24hpf_roi2,20251022-plate58-slot2-roi2,20251022.0,58.0,2.0,2.0,20251022_mem-histone,20251022_mem-histone,fish2,2.0,24.0,,2880,20251022_mem-histone,2025-10-22,2025-10-22,pDQM133,324,,,tdmScarlet3,H2B,histone,tdmScarlet3(histone),histone,tdmScarlet3(histone),sheet
/clusterfs/vast/abcabc/Korra_Foundation/20251022_mem-histone/fish2_24hpf_roi3,20251022-plate58-slot2-roi3,20251022.0,58.0,2.0,3.0,20251022_mem-histone,20251022_mem-histone,fish2,2.0,24.0,,2880,20251022_mem-histone,2025-10-22,2025-10-22,pDQM133,324,,,tdmScarlet3,H2B,histone,tdmScarlet3(histone),histone,tdmScarlet3(histone),sheet
/clusterfs/vast/abcabc/Korra_Foundation/20251022_mem-histone/fish3_24hpf_roi1,20251022-plate58-slot3-roi1,20251022.0,58.0,3.0,1.0,20251022_mem-histone,20251022_mem-histone,fish3,3.0,24.0,,2880,20251022_mem-histone,2025-10-22,2025-10-22,pDQM133,324,,,tdmScarlet3,H2B,histone,tdmScarlet3(histone),histone,tdmScarlet3(histone),sheet
/clusterfs/vast/abcabc/Korra_Foundation/20251022_mem-histone/fish3_24hpf_roi2,20251022-plate58-slot3-roi2,20251022.0,58.0,3.0,2.0,20251022_mem-histone,20251022_mem-histone,fish3,3.0,24.0,,2880,20251022_mem-histone,2025-10-22,2025-10-22,pDQM133,324,,,tdmScarlet3,H2B,histone,tdmScarlet3(histone),histone,tdmScarlet3(histone),sheet
/clusterfs/vast/abcabc/Korra_Foundation/20251022_mem-histone/fish4_24hpf_roi1,20251022-plate58-slot4-roi1,20251022.0,58.0,4.0,1.0,20251022_mem-histone,20251022_mem-histone,fish4,4.0,24.0,,2880,20251022_mem-histone,2025-10-22,2025-10-22,pDQM133,324,,,tdmScarlet3,H2B,histone,tdmScarlet3(histone),histone,tdmScarlet3(histone),sheet
/clusterfs/vast/abcabc/Korra_Foundation/20251022_mem-histone/fish4_24hpf_roi2,20251022-plate58-slot4-roi2,20251022.0,58.0,4.0,2.0,20251022_mem-histone,20251022_mem-histone,fish4,4.0,24.0,,2880,20251022_mem-histone,2025-10-22,2025-10-22,pDQM133,324,,,tdmScarlet3,H2B,histone,tdmScarlet3(histone),histone,tdmScarlet3(histone),sheet
/clusterfs/vast/abcabc/Korra_Foundation/20251022_mem-histone/fish4_24hpf_roi3,20251022-plate58-slot4-roi3,20251022.0,58.0,4.0,3.0,20251022_mem-histone,20251022_mem-histone,fish4,4.0,24.0,,2880,20251022_mem-histone,2025-10-22,2025-10-22,pDQM133,324,,,tdmScarlet3,H2B,histone,tdmScarlet3(histone),histone,tdmScarlet3(histone),sheet
/clusterfs/vast/abcabc/Korra_Foundation/20251024_mem-histone/fish2_72hpf_roi1,20251024-plate59-slot1-roi1,20251024.0,59.0,1.0,1.0,20251024_mem-histone,20251024_mem-histone,fish2,2.0,72.0,,2880,20251024_mem-histone,2025-10-24,2025-10-24,pDQM133,324,,,tdmScarlet3,H2B,histone,tdmScarlet3(histone),histone,tdmScarlet3(histone),sheet
/clusterfs/vast/abcabc/Korra_Foundation/20251024_mem-histone/fish2_72hpf_roi2,20251024-plate59-slot1-roi2,20251024.0,59.0,1.0,2.0,20251024_mem-histone,20251024_mem-histone,fish2,2.0,72.0,,2880,20251024_mem-histone,2025-10-24,2025-10-24,pDQM133,324,,,tdmScarlet3,H2B,histone,tdmScarlet3(histone),histone,tdmScarlet3(histone),sheet
/clusterfs/vast/abcabc/Korra_Foundation/20251024_mem-histone/fish2_72hpf_roi3,20251024-plate59-slot1-roi3,20251024.0,59.0,1.0,3.0,20251024_mem-histone,20251024_mem-histone,fish2,2.0,72.0,,2880,20251024_mem-histone,2025-10-24,2025-10-24,pDQM133,324,,,tdmScarlet3,H2B,histone,tdmScarlet3(histone),histone,tdmScarlet3(histone),sheet
/clusterfs/vast/abcabc/Korra_Foundation/20251024_mem-histone/fish3_72hpf_roi1,20251024-plate59-slot2-roi1,20251024.0,59.0,2.0,1.0,20251024_mem-histone,20251024_mem-histone,fish3,3.0,72.0,,2880,20251024_mem-histone,2025-10-24,2025-10-24,pDQM133,324,,,tdmScarlet3,H2B,histone,tdmScarlet3(histone),histone,tdmScarlet3(histone),sheet
/clusterfs/vast/abcabc/Korra_Foundation/20251024_mem-histone/fish3_72hpf_roi2,20251024-plate59-slot2-roi2,20251024.0,59.0,2.0,2.0,20251024_mem-histone,20251024_mem-histone,fish3,3.0,72.0,,2880,20251024_mem-histone,2025-10-24,2025-10-24,pDQM133,324,,,tdmScarlet3,H2B,histone,tdmScarlet3(histone),histone,tdmScarlet3(histone),sheet
/clusterfs/vast/abcabc/Korra_Foundation/20251024_mem-histone/fish3_72hpf_roi3,20251024-plate59-slot2-roi3,20251024.0,59.0,2.0,3.0,20251024_mem-histone,20251024_mem-histone,fish3,3.0,72.0,,2880,20251024_mem-histone,2025-10-24,2025-10-24,pDQM133,324,,,tdmScarlet3,H2B,histone,tdmScarlet3(histone),histone,tdmScarlet3(histone),sheet
/clusterfs/vast/abcabc/Korra_Foundation/20251024_mem-histone/fish3_72hpf_roi4,20251024-plate59-slot2-roi4,20251024.0,59.0,2.0,4.0,20251024_mem-histone,20251024_mem-histone,fish3,3.0,72.0,,2880,20251024_mem-histone,2025-10-24,2025-10-24,pDQM133,324,,,tdmScarlet3,H2B,histone,tdmScarlet3(histone),histone,tdmScarlet3(histone),sheet
/clusterfs/vast/abcabc/Korra_Foundation/20251024_mem-histone/fish3_72hpf_roi5,20251024-plate59-slot2-roi5,20251024.0,59.0,2.0,5.0,20251024_mem-histone,20251024_mem-histone,fish3,3.0,72.0,,2880,20251024_mem-histone,2025-10-24,2025-10-24,pDQM133,324,,,tdmScarlet3,H2B,histone,tdmScarlet3(histone),histone,tdmScarlet3(histone),sheet
/clusterfs/vast/abcabc/Korra_Foundation/20251027_mem-histone/fish3_72hpf_roi1,20251027-plate60-slot2-roi15,20251027.0,60.0,2.0,15.0,20251027_mem-histone,20251027_mem-histone,fish3,3.0,72.0,,2880,20251027_mem-histone,2025-10-27,2025-10-27,pDQM133,324,,,tdmScarlet3,H2B,histone,tdmScarlet3(histone),histone,tdmScarlet3(histone),sheet
/clusterfs/vast/abcabc/Korra_Foundation/20251027_mem-histone/fish3_72hpf_roi2,20251027-plate60-slot2-roi17,20251027.0,60.0,2.0,17.0,20251027_mem-histone,20251027_mem-histone,fish3,3.0,72.0,,2880,20251027_mem-histone,2025-10-27,2025-10-27,pDQM133,324,,,tdmScarlet3,H2B,histone,tdmScarlet3(histone),histone,tdmScarlet3(histone),sheet
/clusterfs/vast/abcabc/Korra_Foundation/20251027_mem-histone/fish3_72hpf_roi3,20251027-plate60-slot2-roi19,20251027.0,60.0,2.0,19.0,20251027_mem-histone,20251027_mem-histone,fish3,3.0,72.0,,2880,20251027_mem-histone,2025-10-27,2025-10-27,pDQM133,324,,,tdmScarlet3,H2B,histone,tdmScarlet3(histone),histone,tdmScarlet3(histone),sheet
/clusterfs/vast/abcabc/Korra_Foundation/20251027_mem-histone/fish3_72hpf_roi4,20251027-plate60-slot2-roi22,20251027.0,60.0,2.0,22.0,20251027_mem-histone,20251027_mem-histone,fish3,3.0,72.0,,2880,20251027_mem-histone,2025-10-27,2025-10-27,pDQM133,324,,,tdmScarlet3,H2B,histone,tdmScarlet3(histone),histone,tdmScarlet3(histone),sheet
/clusterfs/vast/abcabc/Korra_Foundation/20251029_mem-histone/fish2_24hpf_roi1,20251029-plate61-slot1-roi1,20251029.0,61.0,1.0,1.0,20251029_mem-histone,20251029_mem-histone,fish2,2.0,24.0,,2880,20251029_mem-histone,2025-10-29,2025-10-29,pDQM133,324,,,tdmScarlet3,H2B,histone,tdmScarlet3(histone),histone,tdmScarlet3(histone),sheet
/clusterfs/vast/abcabc/Korra_Foundation/20251029_mem-histone/fish3_24hpf_roi1,20251029-plate61-slot2-roi1,20251029.0,61.0,2.0,1.0,20251029_mem-histone,20251029_mem-histone,fish3,3.0,24.0,,2880,20251029_mem-histone,2025-10-29,2025-10-29,pDQM133,324,,,tdmScarlet3,H2B,histone,tdmScarlet3(histone),histone,tdmScarlet3(histone),sheet
/clusterfs/vast/abcabc/Korra_Foundation/20251029_mem-histone/fish5_24hpf_roi1,20251029-plate61-slot3-roi1,20251029.0,61.0,3.0,1.0,20251029_mem-histone,20251029_mem-histone,fish5,5.0,24.0,,2880,20251029_mem-histone,2025-10-29,2025-10-29,pDQM133,324,,,tdmScarlet3,H2B,histone,tdmScarlet3(histone),histone,tdmScarlet3(histone),sheet
/clusterfs/vast/abcabc/Korra_Foundation/20251029_mem-histone/fish5_24hpf_roi2,20251029-plate61-slot3-roi2,20251029.0,61.0,3.0,2.0,20251029_mem-histone,20251029_mem-histone,fish5,5.0,24.0,,2880,20251029_mem-histone,2025-10-29,2025-10-29,pDQM133,324,,,tdmScarlet3,H2B,histone,tdmScarlet3(histone),histone,tdmScarlet3(histone),sheet
/clusterfs/vast/abcabc/Korra_Foundation/20251106_mem-mito/fish1_48hpf_roi1,20251106-plate62-slot1-roi1,20251106.0,62.0,1.0,1.0,20251106_mem-mito,20251106_mem-mito,fish1,1.0,48.0,,768,20251106_mem-mito,2025-11-06,2025-11-06,pDQM082,315,,,tdmChilada,2xLynk,membrane,tdmChilada(membrane),membrane,tdmChilada(membrane),sheet
/clusterfs/vast/abcabc/Korra_Foundation/20251106_mem-mito/fish1_48hpf_roi2,20251106-plate62-slot1-roi3,20251106.0,62.0,1.0,3.0,20251106_mem-mito,20251106_mem-mito,fish1,1.0,48.0,,768,20251106_mem-mito,2025-11-06,2025-11-06,pDQM082,315,,,tdmChilada,2xLynk,membrane,tdmChilada(membrane),membrane,tdmChilada(membrane),sheet
/clusterfs/vast/abcabc/Korra_Foundation/20251106_mem-mito/fish1_48hpf_roi3,20251106-plate62-slot1-roi5,20251106.0,62.0,1.0,5.0,20251106_mem-mito,20251106_mem-mito,fish1,1.0,48.0,,768,20251106_mem-mito,2025-11-06,2025-11-06,pDQM082,315,,,tdmChilada,2xLynk,membrane,tdmChilada(membrane),membrane,tdmChilada(membrane),sheet
/clusterfs/vast/abcabc/Korra_Foundation/20251106_mem-mito/fish1_48hpf_roi4,20251106-plate62-slot1-roi6,20251106.0,62.0,1.0,6.0,20251106_mem-mito,20251106_mem-mito,fish1,1.0,48.0,,768,20251106_mem-mito,2025-11-06,2025-11-06,pDQM082,315,,,tdmChilada,2xLynk,membrane,tdmChilada(membrane),membrane,tdmChilada(membrane),sheet
/clusterfs/vast/abcabc/Korra_Foundation/20251106_mem-mito/fish1_48hpf_roi5,20251106-plate62-slot1-roi7,20251106.0,62.0,1.0,7.0,20251106_mem-mito,20251106_mem-mito,fish1,1.0,48.0,,768,20251106_mem-mito,2025-11-06,2025-11-06,pDQM082,315,,,tdmChilada,2xLynk,membrane,tdmChilada(membrane),membrane,tdmChilada(membrane),sheet
/clusterfs/vast/abcabc/Korra_Foundation/20251106_mem-mito/fish2_48hpf_roi1,20251106-plate62-slot2-roi1,20251106.0,62.0,2.0,1.0,20251106_mem-mito,20251106_mem-mito,fish2,2.0,48.0,,1024,20251106_mem-mito,2025-11-06,2025-11-06,pDQM082,315,,,tdmChilada,2xLynk,membrane,tdmChilada(membrane),membrane,tdmChilada(membrane),sheet
/clusterfs/vast/abcabc/Korra_Foundation/20251106_mem-mito/fish2_48hpf_roi2,20251106-plate62-slot2-roi3,20251106.0,62.0,2.0,3.0,20251106_mem-mito,20251106_mem-mito,fish2,2.0,48.0,,1024,20251106_mem-mito,2025-11-06,2025-11-06,pDQM082,315,,,tdmChilada,2xLynk,membrane,tdmChilada(membrane),membrane,tdmChilada(membrane),sheet
/clusterfs/vast/abcabc/Korra_Foundation/20251106_mem-mito/fish2_48hpf_roi3,20251106-plate62-slot2-roi5,20251106.0,62.0,2.0,5.0,20251106_mem-mito,20251106_mem-mito,fish2,2.0,48.0,,1024,20251106_mem-mito,2025-11-06,2025-11-06,pDQM082,315,,,tdmChilada,2xLynk,membrane,tdmChilada(membrane),membrane,tdmChilada(membrane),sheet
/clusterfs/vast/abcabc/Korra_Foundation/20251106_mem-mito/fish2_48hpf_roi4,20251106-plate62-slot2-roi7,20251106.0,62.0,2.0,7.0,20251106_mem-mito,20251106_mem-mito,fish2,2.0,48.0,,1024,20251106_mem-mito,2025-11-06,2025-11-06,pDQM082,315,,,tdmChilada,2xLynk,membrane,tdmChilada(membrane),membrane,tdmChilada(membrane),sheet
/clusterfs/vast/abcabc/Korra_Foundation/20251106_mem-mito/fish2_48hpf_roi5,20251106-plate62-slot2-roi9,20251106.0,62.0,2.0,9.0,20251106_mem-mito,20251106_mem-mito,fish2,2.0,48.0,,1024,20251106_mem-mito,2025-11-06,2025-11-06,pDQM082,315,,,tdmChilada,2xLynk,membrane,tdmChilada(membrane),membrane,tdmChilada(membrane),sheet
/clusterfs/vast/abcabc/Korra_Foundation/20251110_mem-histone/fish1_48hpf_roi1,20251110-plate63-slot1-roi1,20251110.0,63.0,1.0,1.0,20251110_mem-histone,20251110_mem-histone,fish1,1.0,48.0,,12,20251110_mem-histone,2025-11-10,2025-11-10,pDQM133,324,,,tdmScarlet3,H2B,histone,tdmScarlet3(histone),histone,tdmScarlet3(histone),sheet
/clusterfs/vast/abcabc/Korra_Foundation/20251110_mem-histone/fish1_48hpf_roi2,20251110-plate63-slot1-roi2,20251110.0,63.0,1.0,2.0,20251110_mem-histone,20251110_mem-histone,fish1,1.0,48.0,,1920,20251110_mem-histone,2025-11-10,2025-11-10,pDQM133,324,,,tdmScarlet3,H2B,histone,tdmScarlet3(histone),histone,tdmScarlet3(histone),sheet
/clusterfs/vast/abcabc/Korra_Foundation/20251110_mem-histone/fish2_48hpf_roi1,20251110-plate63-slot2-roi1,20251110.0,63.0,2.0,1.0,20251110_mem-histone,20251110_mem-histone,fish2,2.0,48.0,,12,20251110_mem-histone,2025-11-10,2025-11-10,pDQM133,324,,,tdmScarlet3,H2B,histone,tdmScarlet3(histone),histone,tdmScarlet3(histone),sheet
/clusterfs/vast/abcabc/Korra_Foundation/20251110_mem-histone/fish2_48hpf_roi1-2,20251110-plate63-slot2-roi2,20251110.0,63.0,2.0,2.0,20251110_mem-histone,20251110_mem-histone,fish2,2.0,48.0,,3840,20251110_mem-histone,2025-11-10,2025-11-10,pDQM133,324,,,tdmScarlet3,H2B,histone,tdmScarlet3(histone),histone,tdmScarlet3(histone),sheet
/clusterfs/vast/abcabc/Korra_Foundation/20251110_mem-histone/fish3_48hpf_roi1,20251110-plate63-slot3-roi1,20251110.0,63.0,3.0,1.0,20251110_mem-histone,20251110_mem-histone,fish3,3.0,48.0,,9360,20251110_mem-histone,2025-11-10,2025-11-10,pDQM133,324,,,tdmScarlet3,H2B,histone,tdmScarlet3(histone),histone,tdmScarlet3(histone),sheet
/clusterfs/vast/abcabc/Korra_Foundation/20251110_mem-histone/fish4_48hpf_roi1,20251110-plate63-slot4-roi1,20251110.0,63.0,4.0,1.0,20251110_mem-histone,20251110_mem-histone,fish4,4.0,48.0,,144,20251110_mem-histone,2025-11-10,2025-11-10,pDQM133,324,,,tdmScarlet3,H2B,histone,tdmScarlet3(histone),histone,tdmScarlet3(histone),sheet
/clusterfs/vast/abcabc/Korra_Foundation/20251112_mem-mito/fish2_48hpf_roi1,20251112-plate64-slot1-roi1,20251112.0,64.0,1.0,1.0,20251112_mem-mito,20251112_mem-mito,fish2,2.0,48.0,,1280,20251112_mem-mito,2025-11-12,2025-11-12,pDQM082,315,,,,,,,,,sheet
/clusterfs/vast/abcabc/Korra_Foundation/20251112_mem-mito/fish2_48hpf_roi2,20251112-plate64-slot1-roi2,20251112.0,64.0,1.0,2.0,20251112_mem-mito,20251112_mem-mito,fish2,2.0,48.0,,1280,20251112_mem-mito,2025-11-12,2025-11-12,pDQM082,315,,,,,,,,,sheet
/clusterfs/vast/abcabc/Korra_Foundation/20251112_mem-mito/fish2_48hpf_roi3,20251112-plate64-slot1-roi3,20251112.0,64.0,1.0,3.0,20251112_mem-mito,20251112_mem-mito,fish2,2.0,48.0,,1280,20251112_mem-mito,2025-11-12,2025-11-12,pDQM082,315,,,,,,,,,sheet
/clusterfs/vast/abcabc/Korra_Foundation/20251112_mem-mito/fish3_48hpf_roi1,20251112-plate64-slot2-roi1,20251112.0,64.0,2.0,1.0,20251112_mem-mito,20251112_mem-mito,fish3,3.0,48.0,,1280,20251112_mem-mito,2025-11-12,2025-11-12,pDQM082,315,,,,,,,,,sheet
/clusterfs/vast/abcabc/Korra_Foundation/20251112_mem-mito/fish3_48hpf_roi2,20251112-plate64-slot2-roi2,20251112.0,64.0,2.0,2.0,20251112_mem-mito,20251112_mem-mito,fish3,3.0,48.0,,1280,20251112_mem-mito,2025-11-12,2025-11-12,pDQM082,315,,,,,,,,,sheet
/clusterfs/vast/abcabc/Korra_Foundation/20251112_mem-mito/fish3_48hpf_roi3,20251112-plate64-slot2-roi3,20251112.0,64.0,2.0,3.0,20251112_mem-mito,20251112_mem-mito,fish3,3.0,48.0,,1280,20251112_mem-mito,2025-11-12,2025-11-12,pDQM082,315,,,,,,,,,sheet
/clusterfs/vast/abcabc/Korra_Foundation/20251112_mem-mito/fish3_48hpf_roi4,20251112-plate64-slot2-roi4,20251112.0,64.0,2.0,4.0,20251112_mem-mito,20251112_mem-mito,fish3,3.0,48.0,,1280,20251112_mem-mito,2025-11-12,2025-11-12,pDQM082,315,,,,,,,,,sheet
/clusterfs/vast/abcabc/Korra_Foundation/20251112_mem-mito/fish4_48hpf_roi1,20251112-plate64-slot3-roi1,20251112.0,64.0,3.0,1.0,20251112_mem-mito,20251112_mem-mito,fish4,4.0,48.0,,1280,20251112_mem-mito,2025-11-12,2025-11-12,pDQM082,315,,,,,,,,,sheet
/clusterfs/vast/abcabc/Korra_Foundation/20251112_mem-mito/fish4_48hpf_roi2,20251112-plate64-slot3-roi2,20251112.0,64.0,3.0,2.0,20251112_mem-mito,20251112_mem-mito,fish4,4.0,48.0,,852,20251112_mem-mito,2025-11-12,2025-11-12,pDQM082,315,,,,,,,,,sheet
/clusterfs/vast/abcabc/Korra_Foundation/analysis_test/fish1_roi1,,,,,,analysis_test,analysis_test,fish1,1.0,,,96,analysis_test,,,,,,,,,,,,,unmatched
