date_experiment,fish,roi_rel,roi_name,roi_tiffs,roi_dir,dataset,dataset_slug_raw,dataset_slug_norm,roi_path_date_yyyymmdd,experiment_folder,fish_folder,roi_folder,fish_number,fish_id,fish_age_token,fish_age_hpf,roi_index_token,roi_index,fish_nickname,roi_anatomy_tokens,roi_anatomy,dataset_slug,sheet_slug_norm,date_mount_yyyymmdd,Data location,ZF female genotype,ZF male genotype,additional plasmids injected,additional mRNAs injected,additonal proteins injected,additonal dye and chemicals,link_source,plate_date,mount_id_inferred,mount_id_source,plate_key,plate_id_filled,slot_id_filled,roi_index_within_slot,bruker_roi_id
20250428_mem_histone,fish1_72hpf,roi1_tail,roi1_tail,3206.0,/clusterfs/vast/abcabc/Korra_Foundation/20250428_mem_histone/fish1_72hpf/roi1_tail,korra,korra,korra,20250428,20250428_mem_histone,fish1_72hpf,roi1_tail,1.0,fish1,72hpf,72.0,roi1,1.0,,['tail'],tail,20250428_mem_histone,,,,,,,,,,inferred,20250428,1,inferred,20250428::20250428_mem_histone::1,1,1,1,20250428-plate1-slot1-roi1
20250428_mem_histone,fish1_72hpf,roi2_hindbrain_spine,roi2_hindbrain_spine,9760.0,/clusterfs/vast/abcabc/Korra_Foundation/20250428_mem_histone/fish1_72hpf/roi2_hindbrain_spine,korra,korra,korra,20250428,20250428_mem_histone,fish1_72hpf,roi2_hindbrain_spine,1.0,fish1,72hpf,72.0,roi2,2.0,,"['hindbrain', 'spine']",hindbrain|spine,20250428_mem_histone,,,,,,,,,,inferred,20250428,1,inferred,20250428::20250428_mem_histone::1,1,1,2,20250428-plate1-slot1-roi2
20250429_mem_cytosol,fish1_24hpf,roi1,roi1,6873.0,/clusterfs/vast/abcabc/Korra_Foundation/20250429_mem_cytosol/fish1_24hpf/roi1,korra,korra,korra,20250429,20250429_mem_cytosol,fish1_24hpf,roi1,1.0,fish1,24hpf,24.0,roi1,1.0,,[],,20250429_mem_cytosol,,,,,,,,,,inferred,20250429,1,inferred,20250429::20250429_mem_cytosol::1,2,1,1,20250429-plate2-slot1-roi1
20250429_mem_cytosol,fish1_24hpf,roi1_test,roi1_test,46.0,/clusterfs/vast/abcabc/Korra_Foundation/20250429_mem_cytosol/fish1_24hpf/roi1_test,korra,korra,korra,20250429,20250429_mem_cytosol,fish1_24hpf,roi1_test,1.0,fish1,24hpf,24.0,roi1,1.0,,['test'],test,20250429_mem_cytosol,,,,,,,,,,inferred,20250429,1,inferred,20250429::20250429_mem_cytosol::1,2,1,2,20250429-plate2-slot1-roi2
20250429_mem_cytosol,fish2_48hpf,roi1,roi1,3180.0,/clusterfs/vast/abcabc/Korra_Foundation/20250429_mem_cytosol/fish2_48hpf/roi1,korra,korra,korra,20250429,20250429_mem_cytosol,fish2_48hpf,roi1,2.0,fish2,48hpf,48.0,roi1,1.0,,[],,20250429_mem_cytosol,,,,,,,,,,inferred,20250429,1,inferred,20250429::20250429_mem_cytosol::1,2,2,1,20250429-plate2-slot2-roi1
20250429_mem_cytosol,fish3_mem-halo_24hpf,roi1,roi1,18.0,/clusterfs/vast/abcabc/Korra_Foundation/20250429_mem_cytosol/fish3_mem-halo_24hpf/roi1,korra,korra,korra,20250429,20250429_mem_cytosol,fish3_mem-halo_24hpf,roi1,3.0,fish3,24hpf,24.0,roi1,1.0,mem-halo,[],,20250429_mem_cytosol,,,,,,,,,,inferred,20250429,1,inferred,20250429::20250429_mem_cytosol::1,2,3,1,20250429-plate2-slot3-roi1
20250429_mem_cytosol,fish3_mem-halo_24hpf,roi2,roi2,5120.0,/clusterfs/vast/abcabc/Korra_Foundation/20250429_mem_cytosol/fish3_mem-halo_24hpf/roi2,korra,korra,korra,20250429,20250429_mem_cytosol,fish3_mem-halo_24hpf,roi2,3.0,fish3,24hpf,24.0,roi2,2.0,mem-halo,[],,20250429_mem_cytosol,,,,,,,,,,inferred,20250429,1,inferred,20250429::20250429_mem_cytosol::1,2,3,2,20250429-plate2-slot3-roi2
20250429_mem_cytosol,fish4_mem-halo_48hpf,roi1,roi1,3328.0,/clusterfs/vast/abcabc/Korra_Foundation/20250429_mem_cytosol/fish4_mem-halo_48hpf/roi1,korra,korra,korra,20250429,20250429_mem_cytosol,fish4_mem-halo_48hpf,roi1,4.0,fish4,48hpf,48.0,roi1,1.0,mem-halo,[],,20250429_mem_cytosol,,,,,,,,,,inferred,20250429,1,inferred,20250429::20250429_mem_cytosol::1,2,4,1,20250429-plate2-slot4-roi1
20250429_mem_cytosol,fish4_mem-halo_48hpf,roi2,roi2,4608.0,/clusterfs/vast/abcabc/Korra_Foundation/20250429_mem_cytosol/fish4_mem-halo_48hpf/roi2,korra,korra,korra,20250429,20250429_mem_cytosol,fish4_mem-halo_48hpf,roi2,4.0,fish4,48hpf,48.0,roi2,2.0,mem-halo,[],,20250429_mem_cytosol,,,,,,,,,,inferred,20250429,1,inferred,20250429::20250429_mem_cytosol::1,2,4,2,20250429-plate2-slot4-roi2
20250429_mem_cytosol,fish4_mem-halo_48hpf,roi3,roi3,6056.0,/clusterfs/vast/abcabc/Korra_Foundation/20250429_mem_cytosol/fish4_mem-halo_48hpf/roi3,korra,korra,korra,20250429,20250429_mem_cytosol,fish4_mem-halo_48hpf,roi3,4.0,fish4,48hpf,48.0,roi3,3.0,mem-halo,[],,20250429_mem_cytosol,,,,,,,,,,inferred,20250429,1,inferred,20250429::20250429_mem_cytosol::1,2,4,3,20250429-plate2-slot4-roi3
20250513_skittles,fish13,roi2,roi2,18.0,/clusterfs/vast/abcabc/Korra_Foundation/20250513_skittles/fish13/roi2,korra,korra,korra,20250513,20250513_skittles,fish13,roi2,13.0,fish13,,,roi2,2.0,,[],,20250513_skittles,,,X:\abcabc\Korra_Foundation\20250513_skittles(fish1-3),,,,phiC-NLS,,,date_match,20250513,1,inferred,20250513::20250513_skittles::1,3,1,1,20250513-plate3-slot1-roi1
20250513_skittles,fish13,roi3,roi3,18.0,/clusterfs/vast/abcabc/Korra_Foundation/20250513_skittles/fish13/roi3,korra,korra,korra,20250513,20250513_skittles,fish13,roi3,13.0,fish13,,,roi3,3.0,,[],,20250513_skittles,,,X:\abcabc\Korra_Foundation\20250513_skittles(fish1-3),,,,phiC-NLS,,,date_match,20250513,1,inferred,20250513::20250513_skittles::1,3,1,2,20250513-plate3-slot1-roi2
20250513_skittles,fish13,roi4,roi4,18.0,/clusterfs/vast/abcabc/Korra_Foundation/20250513_skittles/fish13/roi4,korra,korra,korra,20250513,20250513_skittles,fish13,roi4,13.0,fish13,,,roi4,4.0,,[],,20250513_skittles,,,X:\abcabc\Korra_Foundation\20250513_skittles(fish1-3),,,,phiC-NLS,,,date_match,20250513,1,inferred,20250513::20250513_skittles::1,3,1,3,20250513-plate3-slot1-roi3
20250513_skittles,fish14,roi1_brain,roi1_brain,36.0,/clusterfs/vast/abcabc/Korra_Foundation/20250513_skittles/fish14/roi1_brain,korra,korra,korra,20250513,20250513_skittles,fish14,roi1_brain,14.0,fish14,,,roi1,1.0,,['brain'],brain,20250513_skittles,,,X:\abcabc\Korra_Foundation\20250513_skittles(fish1-3),,,,phiC-NLS,,,date_match,20250513,1,inferred,20250513::20250513_skittles::1,3,2,1,20250513-plate3-slot2-roi1
20250513_skittles,fish14,roi2_tailbud,roi2_tailbud,18.0,/clusterfs/vast/abcabc/Korra_Foundation/20250513_skittles/fish14/roi2_tailbud,korra,korra,korra,20250513,20250513_skittles,fish14,roi2_tailbud,14.0,fish14,,,roi2,2.0,,['tailbud'],tailbud,20250513_skittles,,,X:\abcabc\Korra_Foundation\20250513_skittles(fish1-3),,,,phiC-NLS,,,date_match,20250513,1,inferred,20250513::20250513_skittles::1,3,2,2,20250513-plate3-slot2-roi2
20250513_skittles,fish15,roi1,roi1,18.0,/clusterfs/vast/abcabc/Korra_Foundation/20250513_skittles/fish15/roi1,korra,korra,korra,20250513,20250513_skittles,fish15,roi1,15.0,fish15,,,roi1,1.0,,[],,20250513_skittles,,,X:\abcabc\Korra_Foundation\20250513_skittles(fish1-3),,,,phiC-NLS,,,date_match,20250513,1,inferred,20250513::20250513_skittles::1,3,3,1,20250513-plate3-slot3-roi1
20250513_skittles,fish15,roi2,roi2,18.0,/clusterfs/vast/abcabc/Korra_Foundation/20250513_skittles/fish15/roi2,korra,korra,korra,20250513,20250513_skittles,fish15,roi2,15.0,fish15,,,roi2,2.0,,[],,20250513_skittles,,,X:\abcabc\Korra_Foundation\20250513_skittles(fish1-3),,,,phiC-NLS,,,date_match,20250513,1,inferred,20250513::20250513_skittles::1,3,3,2,20250513-plate3-slot3-roi2
20250513_skittles,fish15,roi3,roi3,18.0,/clusterfs/vast/abcabc/Korra_Foundation/20250513_skittles/fish15/roi3,korra,korra,korra,20250513,20250513_skittles,fish15,roi3,15.0,fish15,,,roi3,3.0,,[],,20250513_skittles,,,X:\abcabc\Korra_Foundation\20250513_skittles(fish1-3),,,,phiC-NLS,,,date_match,20250513,1,inferred,20250513::20250513_skittles::1,3,3,3,20250513-plate3-slot3-roi3
20250513_skittles,fish15,roi4,roi4,18.0,/clusterfs/vast/abcabc/Korra_Foundation/20250513_skittles/fish15/roi4,korra,korra,korra,20250513,20250513_skittles,fish15,roi4,15.0,fish15,,,roi4,4.0,,[],,20250513_skittles,,,X:\abcabc\Korra_Foundation\20250513_skittles(fish1-3),,,,phiC-NLS,,,date_match,20250513,1,inferred,20250513::20250513_skittles::1,3,3,4,20250513-plate3-slot3-roi4
20250513_skittles,fish16,roi1_brain,roi1_brain,18.0,/clusterfs/vast/abcabc/Korra_Foundation/20250513_skittles/fish16/roi1_brain,korra,korra,korra,20250513,20250513_skittles,fish16,roi1_brain,16.0,fish16,,,roi1,1.0,,['brain'],brain,20250513_skittles,,,X:\abcabc\Korra_Foundation\20250513_skittles(fish1-3),,,,phiC-NLS,,,date_match,20250513,1,inferred,20250513::20250513_skittles::1,3,4,1,20250513-plate3-slot4-roi1
20250513_skittles,fish2,roi1,roi1,17.0,/clusterfs/vast/abcabc/Korra_Foundation/20250513_skittles/fish2/roi1,korra,korra,korra,20250513,20250513_skittles,fish2,roi1,2.0,fish2,,,roi1,1.0,,[],,20250513_skittles,,,X:\abcabc\Korra_Foundation\20250513_skittles(fish1-3),,,,phiC-NLS,,,date_match,20250513,1,inferred,20250513::20250513_skittles::1,3,5,1,20250513-plate3-slot5-roi1
20250513_skittles,fish2,roi2,roi2,10.0,/clusterfs/vast/abcabc/Korra_Foundation/20250513_skittles/fish2/roi2,korra,korra,korra,20250513,20250513_skittles,fish2,roi2,2.0,fish2,,,roi2,2.0,,[],,20250513_skittles,,,X:\abcabc\Korra_Foundation\20250513_skittles(fish1-3),,,,phiC-NLS,,,date_match,20250513,1,inferred,20250513::20250513_skittles::1,3,5,2,20250513-plate3-slot5-roi2
20250513_skittles,fish3,roi1,roi1,72.0,/clusterfs/vast/abcabc/Korra_Foundation/20250513_skittles/fish3/roi1,korra,korra,korra,20250513,20250513_skittles,fish3,roi1,3.0,fish3,,,roi1,1.0,,[],,20250513_skittles,,,X:\abcabc\Korra_Foundation\20250513_skittles(fish1-3),,,,phiC-NLS,,,date_match,20250513,1,inferred,20250513::20250513_skittles::1,3,6,1,20250513-plate3-slot6-roi1
20250513_skittles,fish3,roi2,roi2,36.0,/clusterfs/vast/abcabc/Korra_Foundation/20250513_skittles/fish3/roi2,korra,korra,korra,20250513,20250513_skittles,fish3,roi2,3.0,fish3,,,roi2,2.0,,[],,20250513_skittles,,,X:\abcabc\Korra_Foundation\20250513_skittles(fish1-3),,,,phiC-NLS,,,date_match,20250513,1,inferred,20250513::20250513_skittles::1,3,6,2,20250513-plate3-slot6-roi2
20250513_skittles,fish3,roi3,roi3,36.0,/clusterfs/vast/abcabc/Korra_Foundation/20250513_skittles/fish3/roi3,korra,korra,korra,20250513,20250513_skittles,fish3,roi3,3.0,fish3,,,roi3,3.0,,[],,20250513_skittles,,,X:\abcabc\Korra_Foundation\20250513_skittles(fish1-3),,,,phiC-NLS,,,date_match,20250513,1,inferred,20250513::20250513_skittles::1,3,6,3,20250513-plate3-slot6-roi3
20250513_skittles,fish3,roi4,roi4,36.0,/clusterfs/vast/abcabc/Korra_Foundation/20250513_skittles/fish3/roi4,korra,korra,korra,20250513,20250513_skittles,fish3,roi4,3.0,fish3,,,roi4,4.0,,[],,20250513_skittles,,,X:\abcabc\Korra_Foundation\20250513_skittles(fish1-3),,,,phiC-NLS,,,date_match,20250513,1,inferred,20250513::20250513_skittles::1,3,6,4,20250513-plate3-slot6-roi4
20250513_skittles,fish4,roi1,roi1,38.0,/clusterfs/vast/abcabc/Korra_Foundation/20250513_skittles/fish4/roi1,korra,korra,korra,20250513,20250513_skittles,fish4,roi1,4.0,fish4,,,roi1,1.0,,[],,20250513_skittles,,,X:\abcabc\Korra_Foundation\20250513_skittles(fish1-3),,,,phiC-NLS,,,date_match,20250513,2,inferred,20250513::20250513_skittles::2,4,1,1,20250513-plate4-slot1-roi1
20250513_skittles,fish4,roi2,roi2,72.0,/clusterfs/vast/abcabc/Korra_Foundation/20250513_skittles/fish4/roi2,korra,korra,korra,20250513,20250513_skittles,fish4,roi2,4.0,fish4,,,roi2,2.0,,[],,20250513_skittles,,,X:\abcabc\Korra_Foundation\20250513_skittles(fish1-3),,,,phiC-NLS,,,date_match,20250513,2,inferred,20250513::20250513_skittles::2,4,1,2,20250513-plate4-slot1-roi2
20250513_skittles,fish4,roi3,roi3,36.0,/clusterfs/vast/abcabc/Korra_Foundation/20250513_skittles/fish4/roi3,korra,korra,korra,20250513,20250513_skittles,fish4,roi3,4.0,fish4,,,roi3,3.0,,[],,20250513_skittles,,,X:\abcabc\Korra_Foundation\20250513_skittles(fish1-3),,,,phiC-NLS,,,date_match,20250513,2,inferred,20250513::20250513_skittles::2,4,1,3,20250513-plate4-slot1-roi3
20250513_skittles,fish5,roi1,roi1,186.0,/clusterfs/vast/abcabc/Korra_Foundation/20250513_skittles/fish5/roi1,korra,korra,korra,20250513,20250513_skittles,fish5,roi1,5.0,fish5,,,roi1,1.0,,[],,20250513_skittles,,,X:\abcabc\Korra_Foundation\20250513_skittles(fish1-3),,,,phiC-NLS,,,date_match,20250513,2,inferred,20250513::20250513_skittles::2,4,2,1,20250513-plate4-slot2-roi1
20250513_skittles,fish5,roi2,roi2,36.0,/clusterfs/vast/abcabc/Korra_Foundation/20250513_skittles/fish5/roi2,korra,korra,korra,20250513,20250513_skittles,fish5,roi2,5.0,fish5,,,roi2,2.0,,[],,20250513_skittles,,,X:\abcabc\Korra_Foundation\20250513_skittles(fish1-3),,,,phiC-NLS,,,date_match,20250513,2,inferred,20250513::20250513_skittles::2,4,2,2,20250513-plate4-slot2-roi2
20250513_skittles,fish5,roi3,roi3,36.0,/clusterfs/vast/abcabc/Korra_Foundation/20250513_skittles/fish5/roi3,korra,korra,korra,20250513,20250513_skittles,fish5,roi3,5.0,fish5,,,roi3,3.0,,[],,20250513_skittles,,,X:\abcabc\Korra_Foundation\20250513_skittles(fish1-3),,,,phiC-NLS,,,date_match,20250513,2,inferred,20250513::20250513_skittles::2,4,2,3,20250513-plate4-slot2-roi3
20250513_skittles,fish5,roi4,roi4,36.0,/clusterfs/vast/abcabc/Korra_Foundation/20250513_skittles/fish5/roi4,korra,korra,korra,20250513,20250513_skittles,fish5,roi4,5.0,fish5,,,roi4,4.0,,[],,20250513_skittles,,,X:\abcabc\Korra_Foundation\20250513_skittles(fish1-3),,,,phiC-NLS,,,date_match,20250513,2,inferred,20250513::20250513_skittles::2,4,2,4,20250513-plate4-slot2-roi4
20250513_skittles,fish5,roi5,roi5,36.0,/clusterfs/vast/abcabc/Korra_Foundation/20250513_skittles/fish5/roi5,korra,korra,korra,20250513,20250513_skittles,fish5,roi5,5.0,fish5,,,roi5,5.0,,[],,20250513_skittles,,,X:\abcabc\Korra_Foundation\20250513_skittles(fish1-3),,,,phiC-NLS,,,date_match,20250513,2,inferred,20250513::20250513_skittles::2,4,2,5,20250513-plate4-slot2-roi5
20250513_skittles,fish5,roi6,roi6,36.0,/clusterfs/vast/abcabc/Korra_Foundation/20250513_skittles/fish5/roi6,korra,korra,korra,20250513,20250513_skittles,fish5,roi6,5.0,fish5,,,roi6,6.0,,[],,20250513_skittles,,,X:\abcabc\Korra_Foundation\20250513_skittles(fish1-3),,,,phiC-NLS,,,date_match,20250513,2,inferred,20250513::20250513_skittles::2,4,2,6,20250513-plate4-slot2-roi6
20250513_skittles,fish5,roi7,roi7,36.0,/clusterfs/vast/abcabc/Korra_Foundation/20250513_skittles/fish5/roi7,korra,korra,korra,20250513,20250513_skittles,fish5,roi7,5.0,fish5,,,roi7,7.0,,[],,20250513_skittles,,,X:\abcabc\Korra_Foundation\20250513_skittles(fish1-3),,,,phiC-NLS,,,date_match,20250513,2,inferred,20250513::20250513_skittles::2,4,2,7,20250513-plate4-slot2-roi7
20250513_skittles,fish6,roi1,roi1,36.0,/clusterfs/vast/abcabc/Korra_Foundation/20250513_skittles/fish6/roi1,korra,korra,korra,20250513,20250513_skittles,fish6,roi1,6.0,fish6,,,roi1,1.0,,[],,20250513_skittles,,,X:\abcabc\Korra_Foundation\20250513_skittles(fish1-3),,,,phiC-NLS,,,date_match,20250513,2,inferred,20250513::20250513_skittles::2,4,3,1,20250513-plate4-slot3-roi1
20250513_skittles,fish6,roi2,roi2,36.0,/clusterfs/vast/abcabc/Korra_Foundation/20250513_skittles/fish6/roi2,korra,korra,korra,20250513,20250513_skittles,fish6,roi2,6.0,fish6,,,roi2,2.0,,[],,20250513_skittles,,,X:\abcabc\Korra_Foundation\20250513_skittles(fish1-3),,,,phiC-NLS,,,date_match,20250513,2,inferred,20250513::20250513_skittles::2,4,3,2,20250513-plate4-slot3-roi2
20250513_skittles,fish6,roi3,roi3,36.0,/clusterfs/vast/abcabc/Korra_Foundation/20250513_skittles/fish6/roi3,korra,korra,korra,20250513,20250513_skittles,fish6,roi3,6.0,fish6,,,roi3,3.0,,[],,20250513_skittles,,,X:\abcabc\Korra_Foundation\20250513_skittles(fish1-3),,,,phiC-NLS,,,date_match,20250513,2,inferred,20250513::20250513_skittles::2,4,3,3,20250513-plate4-slot3-roi3
20250513_skittles,fish6,roi4,roi4,36.0,/clusterfs/vast/abcabc/Korra_Foundation/20250513_skittles/fish6/roi4,korra,korra,korra,20250513,20250513_skittles,fish6,roi4,6.0,fish6,,,roi4,4.0,,[],,20250513_skittles,,,X:\abcabc\Korra_Foundation\20250513_skittles(fish1-3),,,,phiC-NLS,,,date_match,20250513,2,inferred,20250513::20250513_skittles::2,4,3,4,20250513-plate4-slot3-roi4
20250513_skittles,fish7,roi1_ear_brain,roi1_ear_brain,72.0,/clusterfs/vast/abcabc/Korra_Foundation/20250513_skittles/fish7/roi1_ear_brain,korra,korra,korra,20250513,20250513_skittles,fish7,roi1_ear_brain,7.0,fish7,,,roi1,1.0,,"['ear', 'brain']",ear|brain,20250513_skittles,,,X:\abcabc\Korra_Foundation\20250513_skittles(fish1-3),,,,phiC-NLS,,,date_match,20250513,2,inferred,20250513::20250513_skittles::2,4,4,1,20250513-plate4-slot4-roi1
20250513_skittles,fish7,roi2_brain,roi2_brain,36.0,/clusterfs/vast/abcabc/Korra_Foundation/20250513_skittles/fish7/roi2_brain,korra,korra,korra,20250513,20250513_skittles,fish7,roi2_brain,7.0,fish7,,,roi2,2.0,,['brain'],brain,20250513_skittles,,,X:\abcabc\Korra_Foundation\20250513_skittles(fish1-3),,,,phiC-NLS,,,date_match,20250513,2,inferred,20250513::20250513_skittles::2,4,4,2,20250513-plate4-slot4-roi2
20250513_skittles,fish8,roi1,roi1,48.0,/clusterfs/vast/abcabc/Korra_Foundation/20250513_skittles/fish8/roi1,korra,korra,korra,20250513,20250513_skittles,fish8,roi1,8.0,fish8,,,roi1,1.0,,[],,20250513_skittles,,,X:\abcabc\Korra_Foundation\20250513_skittles(fish1-3),,,,phiC-NLS,,,date_match,20250513,2,inferred,20250513::20250513_skittles::2,4,5,1,20250513-plate4-slot5-roi1
20250513_skittles,fish9,roi1,roi1,180.0,/clusterfs/vast/abcabc/Korra_Foundation/20250513_skittles/fish9/roi1,korra,korra,korra,20250513,20250513_skittles,fish9,roi1,9.0,fish9,,,roi1,1.0,,[],,20250513_skittles,,,X:\abcabc\Korra_Foundation\20250513_skittles(fish1-3),,,,phiC-NLS,,,date_match,20250513,2,inferred,20250513::20250513_skittles::2,4,6,1,20250513-plate4-slot6-roi1
20250522_skittlez,fish1,roi1,roi1,72.0,/clusterfs/vast/abcabc/Korra_Foundation/20250522_skittlez/fish1/roi1,korra,korra,korra,20250522,20250522_skittlez,fish1,roi1,1.0,fish1,,,roi1,1.0,,[],,20250522_skittlez,,,X:\abcabc\Korra_Foundation\20250522_skittlez,,,,,,,date_match,20250522,1,inferred,20250522::20250522_skittlez::1,5,1,1,20250522-plate5-slot1-roi1
20250522_skittlez,fish1,roi2,roi2,72.0,/clusterfs/vast/abcabc/Korra_Foundation/20250522_skittlez/fish1/roi2,korra,korra,korra,20250522,20250522_skittlez,fish1,roi2,1.0,fish1,,,roi2,2.0,,[],,20250522_skittlez,,,X:\abcabc\Korra_Foundation\20250522_skittlez,,,,,,,date_match,20250522,1,inferred,20250522::20250522_skittlez::1,5,1,2,20250522-plate5-slot1-roi2
20250522_skittlez,fish2,roi1,roi1,72.0,/clusterfs/vast/abcabc/Korra_Foundation/20250522_skittlez/fish2/roi1,korra,korra,korra,20250522,20250522_skittlez,fish2,roi1,2.0,fish2,,,roi1,1.0,,[],,20250522_skittlez,,,X:\abcabc\Korra_Foundation\20250522_skittlez,,,,,,,date_match,20250522,1,inferred,20250522::20250522_skittlez::1,5,2,1,20250522-plate5-slot2-roi1
20250522_skittlez,fish2,roi2,roi2,72.0,/clusterfs/vast/abcabc/Korra_Foundation/20250522_skittlez/fish2/roi2,korra,korra,korra,20250522,20250522_skittlez,fish2,roi2,2.0,fish2,,,roi2,2.0,,[],,20250522_skittlez,,,X:\abcabc\Korra_Foundation\20250522_skittlez,,,,,,,date_match,20250522,1,inferred,20250522::20250522_skittlez::1,5,2,2,20250522-plate5-slot2-roi2
20250522_skittlez,fish3,roi1,roi1,72.0,/clusterfs/vast/abcabc/Korra_Foundation/20250522_skittlez/fish3/roi1,korra,korra,korra,20250522,20250522_skittlez,fish3,roi1,3.0,fish3,,,roi1,1.0,,[],,20250522_skittlez,,,X:\abcabc\Korra_Foundation\20250522_skittlez,,,,,,,date_match,20250522,1,inferred,20250522::20250522_skittlez::1,5,3,1,20250522-plate5-slot3-roi1
20250522_skittlez,fish3,roi2,roi2,72.0,/clusterfs/vast/abcabc/Korra_Foundation/20250522_skittlez/fish3/roi2,korra,korra,korra,20250522,20250522_skittlez,fish3,roi2,3.0,fish3,,,roi2,2.0,,[],,20250522_skittlez,,,X:\abcabc\Korra_Foundation\20250522_skittlez,,,,,,,date_match,20250522,1,inferred,20250522::20250522_skittlez::1,5,3,2,20250522-plate5-slot3-roi2
20250522_skittlez,fish3,roi3,roi3,72.0,/clusterfs/vast/abcabc/Korra_Foundation/20250522_skittlez/fish3/roi3,korra,korra,korra,20250522,20250522_skittlez,fish3,roi3,3.0,fish3,,,roi3,3.0,,[],,20250522_skittlez,,,X:\abcabc\Korra_Foundation\20250522_skittlez,,,,,,,date_match,20250522,1,inferred,20250522::20250522_skittlez::1,5,3,3,20250522-plate5-slot3-roi3
20250522_skittlez,fish4,roi1,roi1,36.0,/clusterfs/vast/abcabc/Korra_Foundation/20250522_skittlez/fish4/roi1,korra,korra,korra,20250522,20250522_skittlez,fish4,roi1,4.0,fish4,,,roi1,1.0,,[],,20250522_skittlez,,,X:\abcabc\Korra_Foundation\20250522_skittlez,,,,,,,date_match,20250522,1,inferred,20250522::20250522_skittlez::1,5,4,1,20250522-plate5-slot4-roi1
20250522_skittlez,fish4,roi2,roi2,36.0,/clusterfs/vast/abcabc/Korra_Foundation/20250522_skittlez/fish4/roi2,korra,korra,korra,20250522,20250522_skittlez,fish4,roi2,4.0,fish4,,,roi2,2.0,,[],,20250522_skittlez,,,X:\abcabc\Korra_Foundation\20250522_skittlez,,,,,,,date_match,20250522,1,inferred,20250522::20250522_skittlez::1,5,4,2,20250522-plate5-slot4-roi2
20250522_skittlez,fish5,roi1,roi1,90.0,/clusterfs/vast/abcabc/Korra_Foundation/20250522_skittlez/fish5/roi1,korra,korra,korra,20250522,20250522_skittlez,fish5,roi1,5.0,fish5,,,roi1,1.0,,[],,20250522_skittlez,,,X:\abcabc\Korra_Foundation\20250522_skittlez,,,,,,,date_match,20250522,1,inferred,20250522::20250522_skittlez::1,5,5,1,20250522-plate5-slot5-roi1
20250520_mem_histone,fish2,roi1,roi1,2048.0,/clusterfs/vast/abcabc/Korra_Foundation/20250520_mem_histone/fish2/roi1,korra,korra,korra,20250520,20250520_mem_histone,fish2,roi1,2.0,fish2,,,roi1,1.0,,[],,20250520_mem_histone,,,,,,,,,,inferred,20250520,1,inferred,20250520::20250520_mem_histone::1,6,1,1,20250520-plate6-slot1-roi1
20250520_mem_histone,fish4,roi1_tailbud,roi1_tailbud,266.0,/clusterfs/vast/abcabc/Korra_Foundation/20250520_mem_histone/fish4/roi1_tailbud,korra,korra,korra,20250520,20250520_mem_histone,fish4,roi1_tailbud,4.0,fish4,,,roi1,1.0,,['tailbud'],tailbud,20250520_mem_histone,,,,,,,,,,inferred,20250520,1,inferred,20250520::20250520_mem_histone::1,6,2,1,20250520-plate6-slot2-roi1
20250520_mem_histone,fish4,roi1_tailbud_2,roi1_tailbud_2,1026.0,/clusterfs/vast/abcabc/Korra_Foundation/20250520_mem_histone/fish4/roi1_tailbud_2,korra,korra,korra,20250520,20250520_mem_histone,fish4,roi1_tailbud_2,4.0,fish4,,,roi1,1.0,,['tailbud'],tailbud,20250520_mem_histone,,,,,,,,,,inferred,20250520,1,inferred,20250520::20250520_mem_histone::1,6,2,2,20250520-plate6-slot2-roi2
20250520_mem_histone,fish5,roi1_tailbud,roi1_tailbud,3040.0,/clusterfs/vast/abcabc/Korra_Foundation/20250520_mem_histone/fish5/roi1_tailbud,korra,korra,korra,20250520,20250520_mem_histone,fish5,roi1_tailbud,5.0,fish5,,,roi1,1.0,,['tailbud'],tailbud,20250520_mem_histone,,,,,,,,,,inferred,20250520,1,inferred,20250520::20250520_mem_histone::1,6,3,1,20250520-plate6-slot3-roi1
20250521_skittles_no-membrane,fish2,roi1,roi1,60.0,/clusterfs/vast/abcabc/Korra_Foundation/20250521_skittles_no-membrane/fish2/roi1,korra,korra,korra,20250521,20250521_skittles_no-membrane,fish2,roi1,2.0,fish2,,,roi1,1.0,,[],,20250521_skittles_no-membrane,,,,,,,,,,inferred,20250521,1,inferred,20250521::20250521_skittles_no-membrane::1,7,1,1,20250521-plate7-slot1-roi1
20250521_skittles_no-membrane,fish2,roi2,roi2,20.0,/clusterfs/vast/abcabc/Korra_Foundation/20250521_skittles_no-membrane/fish2/roi2,korra,korra,korra,20250521,20250521_skittles_no-membrane,fish2,roi2,2.0,fish2,,,roi2,2.0,,[],,20250521_skittles_no-membrane,,,,,,,,,,inferred,20250521,1,inferred,20250521::20250521_skittles_no-membrane::1,7,1,2,20250521-plate7-slot1-roi2
20250521_skittles_no-membrane,fish3,roi1,roi1,25.0,/clusterfs/vast/abcabc/Korra_Foundation/20250521_skittles_no-membrane/fish3/roi1,korra,korra,korra,20250521,20250521_skittles_no-membrane,fish3,roi1,3.0,fish3,,,roi1,1.0,,[],,20250521_skittles_no-membrane,,,,,,,,,,inferred,20250521,1,inferred,20250521::20250521_skittles_no-membrane::1,7,2,1,20250521-plate7-slot2-roi1
20250521_skittles_no-membrane,fish4,roi1,roi1,30.0,/clusterfs/vast/abcabc/Korra_Foundation/20250521_skittles_no-membrane/fish4/roi1,korra,korra,korra,20250521,20250521_skittles_no-membrane,fish4,roi1,4.0,fish4,,,roi1,1.0,,[],,20250521_skittles_no-membrane,,,,,,,,,,inferred,20250521,1,inferred,20250521::20250521_skittles_no-membrane::1,7,3,1,20250521-plate7-slot3-roi1
20250521_skittles_no-membrane,fish4,roi2,roi2,30.0,/clusterfs/vast/abcabc/Korra_Foundation/20250521_skittles_no-membrane/fish4/roi2,korra,korra,korra,20250521,20250521_skittles_no-membrane,fish4,roi2,4.0,fish4,,,roi2,2.0,,[],,20250521_skittles_no-membrane,,,,,,,,,,inferred,20250521,1,inferred,20250521::20250521_skittles_no-membrane::1,7,3,2,20250521-plate7-slot3-roi2
20250528_skittlez,fish1,roi1,roi1,24.0,/clusterfs/vast/abcabc/Korra_Foundation/20250528_skittlez/fish1/roi1,korra,korra,korra,20250528,20250528_skittlez,fish1,roi1,1.0,fish1,,,roi1,1.0,,[],,20250528_skittlez,,,,,,,,,,inferred,20250528,1,inferred,20250528::20250528_skittlez::1,8,1,1,20250528-plate8-slot1-roi1
20250528_skittlez,fish1,roi2,roi2,24.0,/clusterfs/vast/abcabc/Korra_Foundation/20250528_skittlez/fish1/roi2,korra,korra,korra,20250528,20250528_skittlez,fish1,roi2,1.0,fish1,,,roi2,2.0,,[],,20250528_skittlez,,,,,,,,,,inferred,20250528,1,inferred,20250528::20250528_skittlez::1,8,1,2,20250528-plate8-slot1-roi2
20250620_mitomSG,fish1_roi1,fish1_roi1,fish1_roi1,705.0,/clusterfs/vast/abcabc/Korra_Foundation/20250620_mitomSG/fish1_roi1,korra,korra,korra,20250620,20250620_mitomSG,fish1_roi1,fish1_roi1,1.0,fish1,,,roi1,1.0,,[],,20250620_mitomSG,,,,,,,,,,inferred,20250620,1,inferred,20250620::20250620_mitomSG::1,9,1,1,20250620-plate9-slot1-roi1
20250625_skittlez,fish1_roi1,fish1_roi1,fish1_roi1,72.0,/clusterfs/vast/abcabc/Korra_Foundation/20250625_skittlez/fish1_roi1,korra,korra,korra,20250625,20250625_skittlez,fish1_roi1,fish1_roi1,1.0,fish1,,,roi1,1.0,,[],,20250625_skittlez,,,X:\abcabc\Korra_Foundation\20250624_skittlez_Chris_x_Liam,Ben (F2 of allele 310),Abe (F2 of allele 309),,"phiC-NLS, 2xLynk:mSG","this cross is high in 514, which causes difficulty for mSG channel",,date_match,20250625,1,inferred,20250625::20250625_skittlez::1,10,1,1,20250625-plate10-slot1-roi1
20250625_skittlez,fish1_roi2,fish1_roi2,fish1_roi2,72.0,/clusterfs/vast/abcabc/Korra_Foundation/20250625_skittlez/fish1_roi2,korra,korra,korra,20250625,20250625_skittlez,fish1_roi2,fish1_roi2,1.0,fish1,,,roi2,2.0,,[],,20250625_skittlez,,,X:\abcabc\Korra_Foundation\20250624_skittlez_Chris_x_Liam,Ben (F2 of allele 310),Abe (F2 of allele 309),,"phiC-NLS, 2xLynk:mSG","this cross is high in 514, which causes difficulty for mSG channel",,date_match,20250625,1,inferred,20250625::20250625_skittlez::1,10,1,2,20250625-plate10-slot1-roi2
20250625_skittlez,fish3_roi1,fish3_roi1,fish3_roi1,90.0,/clusterfs/vast/abcabc/Korra_Foundation/20250625_skittlez/fish3_roi1,korra,korra,korra,20250625,20250625_skittlez,fish3_roi1,fish3_roi1,3.0,fish3,,,roi1,1.0,,[],,20250625_skittlez,,,X:\abcabc\Korra_Foundation\20250624_skittlez_Chris_x_Liam,Ben (F2 of allele 310),Abe (F2 of allele 309),,"phiC-NLS, 2xLynk:mSG","this cross is high in 514, which causes difficulty for mSG channel",,date_match,20250625,1,inferred,20250625::20250625_skittlez::1,10,2,1,20250625-plate10-slot2-roi1
20250625_skittlez,fish4_roi1,fish4_roi1,fish4_roi1,72.0,/clusterfs/vast/abcabc/Korra_Foundation/20250625_skittlez/fish4_roi1,korra,korra,korra,20250625,20250625_skittlez,fish4_roi1,fish4_roi1,4.0,fish4,,,roi1,1.0,,[],,20250625_skittlez,,,X:\abcabc\Korra_Foundation\20250624_skittlez_Chris_x_Liam,Ben (F2 of allele 310),Abe (F2 of allele 309),,"phiC-NLS, 2xLynk:mSG","this cross is high in 514, which causes difficulty for mSG channel",,date_match,20250625,1,inferred,20250625::20250625_skittlez::1,10,3,1,20250625-plate10-slot3-roi1
20250625_skittlez,fish5_roi1,fish5_roi1,fish5_roi1,72.0,/clusterfs/vast/abcabc/Korra_Foundation/20250625_skittlez/fish5_roi1,korra,korra,korra,20250625,20250625_skittlez,fish5_roi1,fish5_roi1,5.0,fish5,,,roi1,1.0,,[],,20250625_skittlez,,,X:\abcabc\Korra_Foundation\20250624_skittlez_Chris_x_Liam,Ben (F2 of allele 310),Abe (F2 of allele 309),,"phiC-NLS, 2xLynk:mSG","this cross is high in 514, which causes difficulty for mSG channel",,date_match,20250625,1,inferred,20250625::20250625_skittlez::1,10,4,1,20250625-plate10-slot4-roi1
20250625_skittlez,fish5_roi2,fish5_roi2,fish5_roi2,72.0,/clusterfs/vast/abcabc/Korra_Foundation/20250625_skittlez/fish5_roi2,korra,korra,korra,20250625,20250625_skittlez,fish5_roi2,fish5_roi2,5.0,fish5,,,roi2,2.0,,[],,20250625_skittlez,,,X:\abcabc\Korra_Foundation\20250624_skittlez_Chris_x_Liam,Ben (F2 of allele 310),Abe (F2 of allele 309),,"phiC-NLS, 2xLynk:mSG","this cross is high in 514, which causes difficulty for mSG channel",,date_match,20250625,1,inferred,20250625::20250625_skittlez::1,10,4,2,20250625-plate10-slot4-roi2
20250625_skittlez,fish7_roi1,fish7_roi1,fish7_roi1,90.0,/clusterfs/vast/abcabc/Korra_Foundation/20250625_skittlez/fish7_roi1,korra,korra,korra,20250625,20250625_skittlez,fish7_roi1,fish7_roi1,7.0,fish7,,,roi1,1.0,,[],,20250625_skittlez,,,X:\abcabc\Korra_Foundation\20250624_skittlez_Chris_x_Liam,Ben (F2 of allele 310),Abe (F2 of allele 309),,"phiC-NLS, 2xLynk:mSG","this cross is high in 514, which causes difficulty for mSG channel",,date_match,20250625,1,inferred,20250625::20250625_skittlez::1,10,5,1,20250625-plate10-slot5-roi1
20250625_skittlez,fish8_roi1,fish8_roi1,fish8_roi1,72.0,/clusterfs/vast/abcabc/Korra_Foundation/20250625_skittlez/fish8_roi1,korra,korra,korra,20250625,20250625_skittlez,fish8_roi1,fish8_roi1,8.0,fish8,,,roi1,1.0,,[],,20250625_skittlez,,,X:\abcabc\Korra_Foundation\20250624_skittlez_Chris_x_Liam,Ben (F2 of allele 310),Abe (F2 of allele 309),,"phiC-NLS, 2xLynk:mSG","this cross is high in 514, which causes difficulty for mSG channel",,date_match,20250625,1,inferred,20250625::20250625_skittlez::1,10,6,1,20250625-plate10-slot6-roi1
20250625_skittlez,fish8_roi2,fish8_roi2,fish8_roi2,72.0,/clusterfs/vast/abcabc/Korra_Foundation/20250625_skittlez/fish8_roi2,korra,korra,korra,20250625,20250625_skittlez,fish8_roi2,fish8_roi2,8.0,fish8,,,roi2,2.0,,[],,20250625_skittlez,,,X:\abcabc\Korra_Foundation\20250624_skittlez_Chris_x_Liam,Ben (F2 of allele 310),Abe (F2 of allele 309),,"phiC-NLS, 2xLynk:mSG","this cross is high in 514, which causes difficulty for mSG channel",,date_match,20250625,1,inferred,20250625::20250625_skittlez::1,10,6,2,20250625-plate10-slot6-roi2
20250625_skittlez,fish9_roi1,fish9_roi1,fish9_roi1,90.0,/clusterfs/vast/abcabc/Korra_Foundation/20250625_skittlez/fish9_roi1,korra,korra,korra,20250625,20250625_skittlez,fish9_roi1,fish9_roi1,9.0,fish9,,,roi1,1.0,,[],,20250625_skittlez,,,X:\abcabc\Korra_Foundation\20250624_skittlez_Chris_x_Liam,Ben (F2 of allele 310),Abe (F2 of allele 309),,"phiC-NLS, 2xLynk:mSG","this cross is high in 514, which causes difficulty for mSG channel",,date_match,20250625,2,inferred,20250625::20250625_skittlez::2,11,1,1,20250625-plate11-slot1-roi1
20250627_skittlez,fish10_roi1,fish10_roi1,fish10_roi1,108.0,/clusterfs/vast/abcabc/Korra_Foundation/20250627_skittlez/fish10_roi1,korra,korra,korra,20250627,20250627_skittlez,fish10_roi1,fish10_roi1,10.0,fish10,,,roi1,1.0,,[],,20250627_skittlez,,,X:\abcabc\Korra_Foundation\20250627_skittlez and 20250625_skittlez,Jim (F2 of allele 316),Ben (F2 of allele 310),,"phiC-NLS, 2xLynk:mSG",,,date_match,20250627,1,inferred,20250627::20250627_skittlez::1,12,2,1,20250627-plate12-slot2-roi1
20250627_skittlez,fish1_roi1,fish1_roi1,fish1_roi1,72.0,/clusterfs/vast/abcabc/Korra_Foundation/20250627_skittlez/fish1_roi1,korra,korra,korra,20250627,20250627_skittlez,fish1_roi1,fish1_roi1,1.0,fish1,,,roi1,1.0,,[],,20250627_skittlez,,,X:\abcabc\Korra_Foundation\20250627_skittlez and 20250625_skittlez,Jim (F2 of allele 316),Ben (F2 of allele 310),,"phiC-NLS, 2xLynk:mSG",,,date_match,20250627,1,inferred,20250627::20250627_skittlez::1,12,1,1,20250627-plate12-slot1-roi1
20250627_skittlez,fish1_roi2,fish1_roi2,fish1_roi2,72.0,/clusterfs/vast/abcabc/Korra_Foundation/20250627_skittlez/fish1_roi2,korra,korra,korra,20250627,20250627_skittlez,fish1_roi2,fish1_roi2,1.0,fish1,,,roi2,2.0,,[],,20250627_skittlez,,,X:\abcabc\Korra_Foundation\20250627_skittlez and 20250625_skittlez,Jim (F2 of allele 316),Ben (F2 of allele 310),,"phiC-NLS, 2xLynk:mSG",,,date_match,20250627,1,inferred,20250627::20250627_skittlez::1,12,1,2,20250627-plate12-slot1-roi2
20250627_skittlez,fish1_roi3,fish1_roi3,fish1_roi3,72.0,/clusterfs/vast/abcabc/Korra_Foundation/20250627_skittlez/fish1_roi3,korra,korra,korra,20250627,20250627_skittlez,fish1_roi3,fish1_roi3,1.0,fish1,,,roi3,3.0,,[],,20250627_skittlez,,,X:\abcabc\Korra_Foundation\20250627_skittlez and 20250625_skittlez,Jim (F2 of allele 316),Ben (F2 of allele 310),,"phiC-NLS, 2xLynk:mSG",,,date_match,20250627,1,inferred,20250627::20250627_skittlez::1,12,1,3,20250627-plate12-slot1-roi3
20250627_skittlez,fish2_roi1,fish2_roi1,fish2_roi1,72.0,/clusterfs/vast/abcabc/Korra_Foundation/20250627_skittlez/fish2_roi1,korra,korra,korra,20250627,20250627_skittlez,fish2_roi1,fish2_roi1,2.0,fish2,,,roi1,1.0,,[],,20250627_skittlez,,,X:\abcabc\Korra_Foundation\20250627_skittlez and 20250625_skittlez,Jim (F2 of allele 316),Ben (F2 of allele 310),,"phiC-NLS, 2xLynk:mSG",,,date_match,20250627,1,inferred,20250627::20250627_skittlez::1,12,3,1,20250627-plate12-slot3-roi1
20250627_skittlez,fish3_roi1,fish3_roi1,fish3_roi1,90.0,/clusterfs/vast/abcabc/Korra_Foundation/20250627_skittlez/fish3_roi1,korra,korra,korra,20250627,20250627_skittlez,fish3_roi1,fish3_roi1,3.0,fish3,,,roi1,1.0,,[],,20250627_skittlez,,,X:\abcabc\Korra_Foundation\20250627_skittlez and 20250625_skittlez,Jim (F2 of allele 316),Ben (F2 of allele 310),,"phiC-NLS, 2xLynk:mSG",,,date_match,20250627,1,inferred,20250627::20250627_skittlez::1,12,4,1,20250627-plate12-slot4-roi1
20250523_mem_histone,fish1,roi1,roi1,4000.0,/clusterfs/vast/abcabc/Korra_Foundation/20250523_mem_histone/fish1/roi1,korra,korra,korra,20250523,20250523_mem_histone,fish1,roi1,1.0,fish1,,,roi1,1.0,,[],,20250523_mem_histone,,,,,,,,,,inferred,20250523,1,inferred,20250523::20250523_mem_histone::1,13,1,1,20250523-plate13-slot1-roi1
20250523_mem_histone,fish2,roi1,roi1,8600.0,/clusterfs/vast/abcabc/Korra_Foundation/20250523_mem_histone/fish2/roi1,korra,korra,korra,20250523,20250523_mem_histone,fish2,roi1,2.0,fish2,,,roi1,1.0,,[],,20250523_mem_histone,,,,,,,,,,inferred,20250523,1,inferred,20250523::20250523_mem_histone::1,13,2,1,20250523-plate13-slot2-roi1
20250523_mem_histone,fish3,roi1,roi1,4000.0,/clusterfs/vast/abcabc/Korra_Foundation/20250523_mem_histone/fish3/roi1,korra,korra,korra,20250523,20250523_mem_histone,fish3,roi1,3.0,fish3,,,roi1,1.0,,[],,20250523_mem_histone,,,,,,,,,,inferred,20250523,1,inferred,20250523::20250523_mem_histone::1,13,3,1,20250523-plate13-slot3-roi1
20250523_mem_histone,fish4,roi1,roi1,4000.0,/clusterfs/vast/abcabc/Korra_Foundation/20250523_mem_histone/fish4/roi1,korra,korra,korra,20250523,20250523_mem_histone,fish4,roi1,4.0,fish4,,,roi1,1.0,,[],,20250523_mem_histone,,,,,,,,,,inferred,20250523,1,inferred,20250523::20250523_mem_histone::1,13,4,1,20250523-plate13-slot4-roi1
20250523_mem_histone,fish5,roi1,roi1,7900.0,/clusterfs/vast/abcabc/Korra_Foundation/20250523_mem_histone/fish5/roi1,korra,korra,korra,20250523,20250523_mem_histone,fish5,roi1,5.0,fish5,,,roi1,1.0,,[],,20250523_mem_histone,,,,,,,,,,inferred,20250523,1,inferred,20250523::20250523_mem_histone::1,13,5,1,20250523-plate13-slot5-roi1
20250528_mem-histone,fish1,roi1_spine,roi1_spine,3192.0,/clusterfs/vast/abcabc/Korra_Foundation/20250528_mem-histone/fish1/roi1_spine,korra,korra,korra,20250528,20250528_mem-histone,fish1,roi1_spine,1.0,fish1,,,roi1,1.0,,['spine'],spine,20250528_mem-histone,,,,,,,,,,inferred,20250528,1,inferred,20250528::20250528_mem-histone::1,14,1,1,20250528-plate14-slot1-roi1
20250528_mem-histone,fish2,roi1_brain,roi1_brain,1300.0,/clusterfs/vast/abcabc/Korra_Foundation/20250528_mem-histone/fish2/roi1_brain,korra,korra,korra,20250528,20250528_mem-histone,fish2,roi1_brain,2.0,fish2,,,roi1,1.0,,['brain'],brain,20250528_mem-histone,,,,,,,,,,inferred,20250528,1,inferred,20250528::20250528_mem-histone::1,14,2,1,20250528-plate14-slot2-roi1
20250528_mem-histone,fish3,roi2_spine,roi2_spine,5642.0,/clusterfs/vast/abcabc/Korra_Foundation/20250528_mem-histone/fish3/roi2_spine,korra,korra,korra,20250528,20250528_mem-histone,fish3,roi2_spine,3.0,fish3,,,roi2,2.0,,['spine'],spine,20250528_mem-histone,,,,,,,,,,inferred,20250528,1,inferred,20250528::20250528_mem-histone::1,14,3,1,20250528-plate14-slot3-roi1
20250724_mem-mchilada_er-mSG,fish1_24hpf,roi1_3,roi1_3,579.0,/clusterfs/vast/abcabc/Korra_Foundation/20250724_mem-mchilada_er-mSG/fish1_24hpf/roi1_3,korra,korra,korra,20250724,20250724_mem-mchilada_er-mSG,fish1_24hpf,roi1_3,1.0,fish1,24hpf,24.0,roi1,1.0,,[],,20250724_mem-mchilada_er-mSG,,,,,,,,,,inferred,20250724,1,inferred,20250724::20250724_mem-mchilada_er-mSG::1,15,1,1,20250724-plate15-slot1-roi1
20250724_mem-mchilada_er-mSG,fish1_24hpf,roi2,roi2,963.0,/clusterfs/vast/abcabc/Korra_Foundation/20250724_mem-mchilada_er-mSG/fish1_24hpf/roi2,korra,korra,korra,20250724,20250724_mem-mchilada_er-mSG,fish1_24hpf,roi2,1.0,fish1,24hpf,24.0,roi2,2.0,,[],,20250724_mem-mchilada_er-mSG,,,,,,,,,,inferred,20250724,1,inferred,20250724::20250724_mem-mchilada_er-mSG::1,15,1,2,20250724-plate15-slot1-roi2
20250529_skittlez,fish10_roi1,fish10_roi1,fish10_roi1,96.0,/clusterfs/vast/abcabc/Korra_Foundation/20250529_skittlez/fish10_roi1,korra,korra,korra,20250529,20250529_skittlez,fish10_roi1,fish10_roi1,10.0,fish10,,,roi1,1.0,,[],,20250529_skittlez,,,,,,,,,,inferred,20250529,1,inferred,20250529::20250529_skittlez::1,16,2,1,20250529-plate16-slot2-roi1
20250529_skittlez,fish11_roi1_eye,fish11_roi1_eye,fish11_roi1_eye,18.0,/clusterfs/vast/abcabc/Korra_Foundation/20250529_skittlez/fish11_roi1_eye,korra,korra,korra,20250529,20250529_skittlez,fish11_roi1_eye,fish11_roi1_eye,11.0,fish11,,,roi1,1.0,eye,['eye'],eye,20250529_skittlez,,,,,,,,,,inferred,20250529,1,inferred,20250529::20250529_skittlez::1,16,3,1,20250529-plate16-slot3-roi1
20250529_skittlez,fish11_roi1_eye_2,fish11_roi1_eye_2,fish11_roi1_eye_2,96.0,/clusterfs/vast/abcabc/Korra_Foundation/20250529_skittlez/fish11_roi1_eye_2,korra,korra,korra,20250529,20250529_skittlez,fish11_roi1_eye_2,fish11_roi1_eye_2,11.0,fish11,,,roi1,1.0,eye 2,['eye'],eye,20250529_skittlez,,,,,,,,,,inferred,20250529,1,inferred,20250529::20250529_skittlez::1,16,3,2,20250529-plate16-slot3-roi2
20250529_skittlez,fish12_roi1,fish12_roi1,fish12_roi1,96.0,/clusterfs/vast/abcabc/Korra_Foundation/20250529_skittlez/fish12_roi1,korra,korra,korra,20250529,20250529_skittlez,fish12_roi1,fish12_roi1,12.0,fish12,,,roi1,1.0,,[],,20250529_skittlez,,,,,,,,,,inferred,20250529,1,inferred,20250529::20250529_skittlez::1,16,4,1,20250529-plate16-slot4-roi1
20250529_skittlez,fish13_roi1,fish13_roi1,fish13_roi1,96.0,/clusterfs/vast/abcabc/Korra_Foundation/20250529_skittlez/fish13_roi1,korra,korra,korra,20250529,20250529_skittlez,fish13_roi1,fish13_roi1,13.0,fish13,,,roi1,1.0,,[],,20250529_skittlez,,,,,,,,,,inferred,20250529,1,inferred,20250529::20250529_skittlez::1,16,5,1,20250529-plate16-slot5-roi1
20250529_skittlez,fish14_roi1,fish14_roi1,fish14_roi1,96.0,/clusterfs/vast/abcabc/Korra_Foundation/20250529_skittlez/fish14_roi1,korra,korra,korra,20250529,20250529_skittlez,fish14_roi1,fish14_roi1,14.0,fish14,,,roi1,1.0,,[],,20250529_skittlez,,,,,,,,,,inferred,20250529,1,inferred,20250529::20250529_skittlez::1,16,6,1,20250529-plate16-slot6-roi1
20250529_skittlez,fish14_roi2,fish14_roi2,fish14_roi2,96.0,/clusterfs/vast/abcabc/Korra_Foundation/20250529_skittlez/fish14_roi2,korra,korra,korra,20250529,20250529_skittlez,fish14_roi2,fish14_roi2,14.0,fish14,,,roi2,2.0,,[],,20250529_skittlez,,,,,,,,,,inferred,20250529,1,inferred,20250529::20250529_skittlez::1,16,6,2,20250529-plate16-slot6-roi2
20250529_skittlez,fish14_roi3,fish14_roi3,fish14_roi3,96.0,/clusterfs/vast/abcabc/Korra_Foundation/20250529_skittlez/fish14_roi3,korra,korra,korra,20250529,20250529_skittlez,fish14_roi3,fish14_roi3,14.0,fish14,,,roi3,3.0,,[],,20250529_skittlez,,,,,,,,,,inferred,20250529,1,inferred,20250529::20250529_skittlez::1,16,6,3,20250529-plate16-slot6-roi3
20250529_skittlez,fish15_roi1,fish15_roi1,fish15_roi1,144.0,/clusterfs/vast/abcabc/Korra_Foundation/20250529_skittlez/fish15_roi1,korra,korra,korra,20250529,20250529_skittlez,fish15_roi1,fish15_roi1,15.0,fish15,,,roi1,1.0,,[],,20250529_skittlez,,,,,,,,,,inferred,20250529,2,inferred,20250529::20250529_skittlez::2,17,1,1,20250529-plate17-slot1-roi1
20250529_skittlez,fish1_roi1,fish1_roi1,fish1_roi1,96.0,/clusterfs/vast/abcabc/Korra_Foundation/20250529_skittlez/fish1_roi1,korra,korra,korra,20250529,20250529_skittlez,fish1_roi1,fish1_roi1,1.0,fish1,,,roi1,1.0,,[],,20250529_skittlez,,,,,,,,,,inferred,20250529,1,inferred,20250529::20250529_skittlez::1,16,1,1,20250529-plate16-slot1-roi1
20250529_skittlez,fish1_roi2,fish1_roi2,fish1_roi2,96.0,/clusterfs/vast/abcabc/Korra_Foundation/20250529_skittlez/fish1_roi2,korra,korra,korra,20250529,20250529_skittlez,fish1_roi2,fish1_roi2,1.0,fish1,,,roi2,2.0,,[],,20250529_skittlez,,,,,,,,,,inferred,20250529,1,inferred,20250529::20250529_skittlez::1,16,1,2,20250529-plate16-slot1-roi2
20250529_skittlez,fish1_roi3,fish1_roi3,fish1_roi3,48.0,/clusterfs/vast/abcabc/Korra_Foundation/20250529_skittlez/fish1_roi3,korra,korra,korra,20250529,20250529_skittlez,fish1_roi3,fish1_roi3,1.0,fish1,,,roi3,3.0,,[],,20250529_skittlez,,,,,,,,,,inferred,20250529,1,inferred,20250529::20250529_skittlez::1,16,1,3,20250529-plate16-slot1-roi3
20250529_skittlez,fish2_roi1,fish2_roi1,fish2_roi1,90.0,/clusterfs/vast/abcabc/Korra_Foundation/20250529_skittlez/fish2_roi1,korra,korra,korra,20250529,20250529_skittlez,fish2_roi1,fish2_roi1,2.0,fish2,,,roi1,1.0,,[],,20250529_skittlez,,,,,,,,,,inferred,20250529,2,inferred,20250529::20250529_skittlez::2,17,2,1,20250529-plate17-slot2-roi1
20250529_skittlez,fish2_roi2,fish2_roi2,fish2_roi2,90.0,/clusterfs/vast/abcabc/Korra_Foundation/20250529_skittlez/fish2_roi2,korra,korra,korra,20250529,20250529_skittlez,fish2_roi2,fish2_roi2,2.0,fish2,,,roi2,2.0,,[],,20250529_skittlez,,,,,,,,,,inferred,20250529,2,inferred,20250529::20250529_skittlez::2,17,2,2,20250529-plate17-slot2-roi2
20250529_skittlez,fish4_roi1,fish4_roi1,fish4_roi1,90.0,/clusterfs/vast/abcabc/Korra_Foundation/20250529_skittlez/fish4_roi1,korra,korra,korra,20250529,20250529_skittlez,fish4_roi1,fish4_roi1,4.0,fish4,,,roi1,1.0,,[],,20250529_skittlez,,,,,,,,,,inferred,20250529,2,inferred,20250529::20250529_skittlez::2,17,3,1,20250529-plate17-slot3-roi1
20250529_skittlez,fish5_roi1,fish5_roi1,fish5_roi1,120.0,/clusterfs/vast/abcabc/Korra_Foundation/20250529_skittlez/fish5_roi1,korra,korra,korra,20250529,20250529_skittlez,fish5_roi1,fish5_roi1,5.0,fish5,,,roi1,1.0,,[],,20250529_skittlez,,,,,,,,,,inferred,20250529,2,inferred,20250529::20250529_skittlez::2,17,4,1,20250529-plate17-slot4-roi1
20250529_skittlez,fish5_roi2,fish5_roi2,fish5_roi2,120.0,/clusterfs/vast/abcabc/Korra_Foundation/20250529_skittlez/fish5_roi2,korra,korra,korra,20250529,20250529_skittlez,fish5_roi2,fish5_roi2,5.0,fish5,,,roi2,2.0,,[],,20250529_skittlez,,,,,,,,,,inferred,20250529,2,inferred,20250529::20250529_skittlez::2,17,4,2,20250529-plate17-slot4-roi2
20250529_skittlez,fish6_roi1,fish6_roi1,fish6_roi1,120.0,/clusterfs/vast/abcabc/Korra_Foundation/20250529_skittlez/fish6_roi1,korra,korra,korra,20250529,20250529_skittlez,fish6_roi1,fish6_roi1,6.0,fish6,,,roi1,1.0,,[],,20250529_skittlez,,,,,,,,,,inferred,20250529,2,inferred,20250529::20250529_skittlez::2,17,5,1,20250529-plate17-slot5-roi1
20250529_skittlez,fish7_roi1,fish7_roi1,fish7_roi1,72.0,/clusterfs/vast/abcabc/Korra_Foundation/20250529_skittlez/fish7_roi1,korra,korra,korra,20250529,20250529_skittlez,fish7_roi1,fish7_roi1,7.0,fish7,,,roi1,1.0,,[],,20250529_skittlez,,,,,,,,,,inferred,20250529,2,inferred,20250529::20250529_skittlez::2,17,6,1,20250529-plate17-slot6-roi1
20250529_skittlez,fish8_roi1,fish8_roi1,fish8_roi1,96.0,/clusterfs/vast/abcabc/Korra_Foundation/20250529_skittlez/fish8_roi1,korra,korra,korra,20250529,20250529_skittlez,fish8_roi1,fish8_roi1,8.0,fish8,,,roi1,1.0,,[],,20250529_skittlez,,,,,,,,,,inferred,20250529,3,inferred,20250529::20250529_skittlez::3,18,1,1,20250529-plate18-slot1-roi1
20250529_skittlez,fish9_roi1,fish9_roi1,fish9_roi1,96.0,/clusterfs/vast/abcabc/Korra_Foundation/20250529_skittlez/fish9_roi1,korra,korra,korra,20250529,20250529_skittlez,fish9_roi1,fish9_roi1,9.0,fish9,,,roi1,1.0,,[],,20250529_skittlez,,,,,,,,,,inferred,20250529,3,inferred,20250529::20250529_skittlez::3,18,2,1,20250529-plate18-slot2-roi1
20250529_skittlez,fish9_roi2,fish9_roi2,fish9_roi2,96.0,/clusterfs/vast/abcabc/Korra_Foundation/20250529_skittlez/fish9_roi2,korra,korra,korra,20250529,20250529_skittlez,fish9_roi2,fish9_roi2,9.0,fish9,,,roi2,2.0,,[],,20250529_skittlez,,,,,,,,,,inferred,20250529,3,inferred,20250529::20250529_skittlez::3,18,2,2,20250529-plate18-slot2-roi2
20250530_mem-histone,fish1_roi1,fish1_roi1,fish1_roi1,2636.0,/clusterfs/vast/abcabc/Korra_Foundation/20250530_mem-histone/fish1_roi1,korra,korra,korra,20250530,20250530_mem-histone,fish1_roi1,fish1_roi1,1.0,fish1,,,roi1,1.0,,[],,20250530_mem-histone,,,,,,,,,,inferred,20250530,1,inferred,20250530::20250530_mem-histone::1,19,1,1,20250530-plate19-slot1-roi1
20250530_mem-histone,fish1_roi1-2,fish1_roi1-2,fish1_roi1-2,12200.0,/clusterfs/vast/abcabc/Korra_Foundation/20250530_mem-histone/fish1_roi1-2,korra,korra,korra,20250530,20250530_mem-histone,fish1_roi1-2,fish1_roi1-2,1.0,fish1,,,,,roi1-2,"['fish1', 'roi1-2']",fish1|roi1-2,20250530_mem-histone,,,,,,,,,,inferred,20250530,1,inferred,20250530::20250530_mem-histone::1,19,1,2,20250530-plate19-slot1-roi2
20250530_mem-histone,fish2_roi1,fish2_roi1,fish2_roi1,4350.0,/clusterfs/vast/abcabc/Korra_Foundation/20250530_mem-histone/fish2_roi1,korra,korra,korra,20250530,20250530_mem-histone,fish2_roi1,fish2_roi1,2.0,fish2,,,roi1,1.0,,[],,20250530_mem-histone,,,,,,,,,,inferred,20250530,1,inferred,20250530::20250530_mem-histone::1,19,2,1,20250530-plate19-slot2-roi1
20250602_mem,fish2_roi1,fish2_roi1,fish2_roi1,15812.0,/clusterfs/vast/abcabc/Korra_Foundation/20250602_mem/fish2_roi1,korra,korra,korra,20250602,20250602_mem,fish2_roi1,fish2_roi1,2.0,fish2,,,roi1,1.0,,[],,20250602_mem,,,,,,,,,,inferred,20250602,1,inferred,20250602::20250602_mem::1,20,1,1,20250602-plate20-slot1-roi1
20250603_skittlez,fish10_roi1,fish10_roi1,fish10_roi1,144.0,/clusterfs/vast/abcabc/Korra_Foundation/20250603_skittlez/fish10_roi1,korra,korra,korra,20250603,20250603_skittlez,fish10_roi1,fish10_roi1,10.0,fish10,,,roi1,1.0,,[],,20250603_skittlez,,,,,,,,,,inferred,20250603,1,inferred,20250603::20250603_skittlez::1,21,2,1,20250603-plate21-slot2-roi1
20250603_skittlez,fish11_roi1,fish11_roi1,fish11_roi1,96.0,/clusterfs/vast/abcabc/Korra_Foundation/20250603_skittlez/fish11_roi1,korra,korra,korra,20250603,20250603_skittlez,fish11_roi1,fish11_roi1,11.0,fish11,,,roi1,1.0,,[],,20250603_skittlez,,,,,,,,,,inferred,20250603,1,inferred,20250603::20250603_skittlez::1,21,3,1,20250603-plate21-slot3-roi1
20250603_skittlez,fish12_roi1,fish12_roi1,fish12_roi1,192.0,/clusterfs/vast/abcabc/Korra_Foundation/20250603_skittlez/fish12_roi1,korra,korra,korra,20250603,20250603_skittlez,fish12_roi1,fish12_roi1,12.0,fish12,,,roi1,1.0,,[],,20250603_skittlez,,,,,,,,,,inferred,20250603,1,inferred,20250603::20250603_skittlez::1,21,4,1,20250603-plate21-slot4-roi1
20250603_skittlez,fish13_roi1,fish13_roi1,fish13_roi1,96.0,/clusterfs/vast/abcabc/Korra_Foundation/20250603_skittlez/fish13_roi1,korra,korra,korra,20250603,20250603_skittlez,fish13_roi1,fish13_roi1,13.0,fish13,,,roi1,1.0,,[],,20250603_skittlez,,,,,,,,,,inferred,20250603,1,inferred,20250603::20250603_skittlez::1,21,5,1,20250603-plate21-slot5-roi1
20250603_skittlez,fish14_roi1,fish14_roi1,fish14_roi1,240.0,/clusterfs/vast/abcabc/Korra_Foundation/20250603_skittlez/fish14_roi1,korra,korra,korra,20250603,20250603_skittlez,fish14_roi1,fish14_roi1,14.0,fish14,,,roi1,1.0,,[],,20250603_skittlez,,,,,,,,,,inferred,20250603,1,inferred,20250603::20250603_skittlez::1,21,6,1,20250603-plate21-slot6-roi1
20250603_skittlez,fish15_roi1,fish15_roi1,fish15_roi1,168.0,/clusterfs/vast/abcabc/Korra_Foundation/20250603_skittlez/fish15_roi1,korra,korra,korra,20250603,20250603_skittlez,fish15_roi1,fish15_roi1,15.0,fish15,,,roi1,1.0,,[],,20250603_skittlez,,,,,,,,,,inferred,20250603,2,inferred,20250603::20250603_skittlez::2,22,1,1,20250603-plate22-slot1-roi1
20250603_skittlez,fish16_roi1,fish16_roi1,fish16_roi1,120.0,/clusterfs/vast/abcabc/Korra_Foundation/20250603_skittlez/fish16_roi1,korra,korra,korra,20250603,20250603_skittlez,fish16_roi1,fish16_roi1,16.0,fish16,,,roi1,1.0,,[],,20250603_skittlez,,,,,,,,,,inferred,20250603,2,inferred,20250603::20250603_skittlez::2,22,2,1,20250603-plate22-slot2-roi1
20250603_skittlez,fish1_roi1_1,fish1_roi1_1,fish1_roi1_1,72.0,/clusterfs/vast/abcabc/Korra_Foundation/20250603_skittlez/fish1_roi1_1,korra,korra,korra,20250603,20250603_skittlez,fish1_roi1_1,fish1_roi1_1,1.0,fish1,,,roi1,1.0,1,[],,20250603_skittlez,,,,,,,,,,inferred,20250603,1,inferred,20250603::20250603_skittlez::1,21,1,1,20250603-plate21-slot1-roi1
20250603_skittlez,fish2_roi1,fish2_roi1,fish2_roi1,6.0,/clusterfs/vast/abcabc/Korra_Foundation/20250603_skittlez/fish2_roi1,korra,korra,korra,20250603,20250603_skittlez,fish2_roi1,fish2_roi1,2.0,fish2,,,roi1,1.0,,[],,20250603_skittlez,,,,,,,,,,inferred,20250603,2,inferred,20250603::20250603_skittlez::2,22,3,1,20250603-plate22-slot3-roi1
20250603_skittlez,fish2_roi1_1,fish2_roi1_1,fish2_roi1_1,72.0,/clusterfs/vast/abcabc/Korra_Foundation/20250603_skittlez/fish2_roi1_1,korra,korra,korra,20250603,20250603_skittlez,fish2_roi1_1,fish2_roi1_1,2.0,fish2,,,roi1,1.0,1,[],,20250603_skittlez,,,,,,,,,,inferred,20250603,2,inferred,20250603::20250603_skittlez::2,22,3,2,20250603-plate22-slot3-roi2
20250603_skittlez,fish3_roi1,fish3_roi1,fish3_roi1,90.0,/clusterfs/vast/abcabc/Korra_Foundation/20250603_skittlez/fish3_roi1,korra,korra,korra,20250603,20250603_skittlez,fish3_roi1,fish3_roi1,3.0,fish3,,,roi1,1.0,,[],,20250603_skittlez,,,,,,,,,,inferred,20250603,2,inferred,20250603::20250603_skittlez::2,22,4,1,20250603-plate22-slot4-roi1
20250603_skittlez,fish4_roi1,fish4_roi1,fish4_roi1,126.0,/clusterfs/vast/abcabc/Korra_Foundation/20250603_skittlez/fish4_roi1,korra,korra,korra,20250603,20250603_skittlez,fish4_roi1,fish4_roi1,4.0,fish4,,,roi1,1.0,,[],,20250603_skittlez,,,,,,,,,,inferred,20250603,2,inferred,20250603::20250603_skittlez::2,22,5,1,20250603-plate22-slot5-roi1
20250603_skittlez,fish6_roi1,fish6_roi1,fish6_roi1,174.0,/clusterfs/vast/abcabc/Korra_Foundation/20250603_skittlez/fish6_roi1,korra,korra,korra,20250603,20250603_skittlez,fish6_roi1,fish6_roi1,6.0,fish6,,,roi1,1.0,,[],,20250603_skittlez,,,,,,,,,,inferred,20250603,2,inferred,20250603::20250603_skittlez::2,22,6,1,20250603-plate22-slot6-roi1
20250603_skittlez,fish7_roi1,fish7_roi1,fish7_roi1,108.0,/clusterfs/vast/abcabc/Korra_Foundation/20250603_skittlez/fish7_roi1,korra,korra,korra,20250603,20250603_skittlez,fish7_roi1,fish7_roi1,7.0,fish7,,,roi1,1.0,,[],,20250603_skittlez,,,,,,,,,,inferred,20250603,3,inferred,20250603::20250603_skittlez::3,23,1,1,20250603-plate23-slot1-roi1
20250603_skittlez,fish8_roi1,fish8_roi1,fish8_roi1,72.0,/clusterfs/vast/abcabc/Korra_Foundation/20250603_skittlez/fish8_roi1,korra,korra,korra,20250603,20250603_skittlez,fish8_roi1,fish8_roi1,8.0,fish8,,,roi1,1.0,,[],,20250603_skittlez,,,,,,,,,,inferred,20250603,3,inferred,20250603::20250603_skittlez::3,23,2,1,20250603-plate23-slot2-roi1
20250603_skittlez,fish9_roi1,fish9_roi1,fish9_roi1,138.0,/clusterfs/vast/abcabc/Korra_Foundation/20250603_skittlez/fish9_roi1,korra,korra,korra,20250603,20250603_skittlez,fish9_roi1,fish9_roi1,9.0,fish9,,,roi1,1.0,,[],,20250603_skittlez,,,,,,,,,,inferred,20250603,3,inferred,20250603::20250603_skittlez::3,23,3,1,20250603-plate23-slot3-roi1
20250603_skittlez,fish9_roi2,fish9_roi2,fish9_roi2,48.0,/clusterfs/vast/abcabc/Korra_Foundation/20250603_skittlez/fish9_roi2,korra,korra,korra,20250603,20250603_skittlez,fish9_roi2,fish9_roi2,9.0,fish9,,,roi2,2.0,,[],,20250603_skittlez,,,,,,,,,,inferred,20250603,3,inferred,20250603::20250603_skittlez::3,23,3,2,20250603-plate23-slot3-roi2
20250603_skittlez,fish9_roi3,fish9_roi3,fish9_roi3,48.0,/clusterfs/vast/abcabc/Korra_Foundation/20250603_skittlez/fish9_roi3,korra,korra,korra,20250603,20250603_skittlez,fish9_roi3,fish9_roi3,9.0,fish9,,,roi3,3.0,,[],,20250603_skittlez,,,,,,,,,,inferred,20250603,3,inferred,20250603::20250603_skittlez::3,23,3,3,20250603-plate23-slot3-roi3
20250605_skittlez,fish10_roi1,fish10_roi1,fish10_roi1,72.0,/clusterfs/vast/abcabc/Korra_Foundation/20250605_skittlez/fish10_roi1,korra,korra,korra,20250605,20250605_skittlez,fish10_roi1,fish10_roi1,10.0,fish10,,,roi1,1.0,,[],,20250605_skittlez,,,,,,,,,,inferred,20250605,1,inferred,20250605::20250605_skittlez::1,24,2,1,20250605-plate24-slot2-roi1
20250605_skittlez,fish10_roi2,fish10_roi2,fish10_roi2,72.0,/clusterfs/vast/abcabc/Korra_Foundation/20250605_skittlez/fish10_roi2,korra,korra,korra,20250605,20250605_skittlez,fish10_roi2,fish10_roi2,10.0,fish10,,,roi2,2.0,,[],,20250605_skittlez,,,,,,,,,,inferred,20250605,1,inferred,20250605::20250605_skittlez::1,24,2,2,20250605-plate24-slot2-roi2
20250605_skittlez,fish11_roi1,fish11_roi1,fish11_roi1,96.0,/clusterfs/vast/abcabc/Korra_Foundation/20250605_skittlez/fish11_roi1,korra,korra,korra,20250605,20250605_skittlez,fish11_roi1,fish11_roi1,11.0,fish11,,,roi1,1.0,,[],,20250605_skittlez,,,,,,,,,,inferred,20250605,1,inferred,20250605::20250605_skittlez::1,24,3,1,20250605-plate24-slot3-roi1
20250605_skittlez,fish11_roi2,fish11_roi2,fish11_roi2,120.0,/clusterfs/vast/abcabc/Korra_Foundation/20250605_skittlez/fish11_roi2,korra,korra,korra,20250605,20250605_skittlez,fish11_roi2,fish11_roi2,11.0,fish11,,,roi2,2.0,,[],,20250605_skittlez,,,,,,,,,,inferred,20250605,1,inferred,20250605::20250605_skittlez::1,24,3,2,20250605-plate24-slot3-roi2
20250605_skittlez,fish12_roi1,fish12_roi1,fish12_roi1,96.0,/clusterfs/vast/abcabc/Korra_Foundation/20250605_skittlez/fish12_roi1,korra,korra,korra,20250605,20250605_skittlez,fish12_roi1,fish12_roi1,12.0,fish12,,,roi1,1.0,,[],,20250605_skittlez,,,,,,,,,,inferred,20250605,1,inferred,20250605::20250605_skittlez::1,24,4,1,20250605-plate24-slot4-roi1
20250605_skittlez,fish13_roi1,fish13_roi1,fish13_roi1,96.0,/clusterfs/vast/abcabc/Korra_Foundation/20250605_skittlez/fish13_roi1,korra,korra,korra,20250605,20250605_skittlez,fish13_roi1,fish13_roi1,13.0,fish13,,,roi1,1.0,,[],,20250605_skittlez,,,,,,,,,,inferred,20250605,1,inferred,20250605::20250605_skittlez::1,24,5,1,20250605-plate24-slot5-roi1
20250605_skittlez,fish13_roi2,fish13_roi2,fish13_roi2,96.0,/clusterfs/vast/abcabc/Korra_Foundation/20250605_skittlez/fish13_roi2,korra,korra,korra,20250605,20250605_skittlez,fish13_roi2,fish13_roi2,13.0,fish13,,,roi2,2.0,,[],,20250605_skittlez,,,,,,,,,,inferred,20250605,1,inferred,20250605::20250605_skittlez::1,24,5,2,20250605-plate24-slot5-roi2
20250605_skittlez,fish14_roi1,fish14_roi1,fish14_roi1,96.0,/clusterfs/vast/abcabc/Korra_Foundation/20250605_skittlez/fish14_roi1,korra,korra,korra,20250605,20250605_skittlez,fish14_roi1,fish14_roi1,14.0,fish14,,,roi1,1.0,,[],,20250605_skittlez,,,,,,,,,,inferred,20250605,1,inferred,20250605::20250605_skittlez::1,24,6,1,20250605-plate24-slot6-roi1
20250605_skittlez,fish1_roi1,fish1_roi1,fish1_roi1,90.0,/clusterfs/vast/abcabc/Korra_Foundation/20250605_skittlez/fish1_roi1,korra,korra,korra,20250605,20250605_skittlez,fish1_roi1,fish1_roi1,1.0,fish1,,,roi1,1.0,,[],,20250605_skittlez,,,,,,,,,,inferred,20250605,1,inferred,20250605::20250605_skittlez::1,24,1,1,20250605-plate24-slot1-roi1
20250605_skittlez,fish2_roi1,fish2_roi1,fish2_roi1,72.0,/clusterfs/vast/abcabc/Korra_Foundation/20250605_skittlez/fish2_roi1,korra,korra,korra,20250605,20250605_skittlez,fish2_roi1,fish2_roi1,2.0,fish2,,,roi1,1.0,,[],,20250605_skittlez,,,,,,,,,,inferred,20250605,2,inferred,20250605::20250605_skittlez::2,25,1,1,20250605-plate25-slot1-roi1
20250605_skittlez,fish2_roi12,fish2_roi12,fish2_roi12,72.0,/clusterfs/vast/abcabc/Korra_Foundation/20250605_skittlez/fish2_roi12,korra,korra,korra,20250605,20250605_skittlez,fish2_roi12,fish2_roi12,2.0,fish2,,,roi12,12.0,,[],,20250605_skittlez,,,,,,,,,,inferred,20250605,2,inferred,20250605::20250605_skittlez::2,25,1,2,20250605-plate25-slot1-roi2
20250605_skittlez,fish3_roi12,fish3_roi12,fish3_roi12,72.0,/clusterfs/vast/abcabc/Korra_Foundation/20250605_skittlez/fish3_roi12,korra,korra,korra,20250605,20250605_skittlez,fish3_roi12,fish3_roi12,3.0,fish3,,,roi12,12.0,,[],,20250605_skittlez,,,,,,,,,,inferred,20250605,2,inferred,20250605::20250605_skittlez::2,25,2,1,20250605-plate25-slot2-roi1
20250605_skittlez,fish3_roi2,fish3_roi2,fish3_roi2,72.0,/clusterfs/vast/abcabc/Korra_Foundation/20250605_skittlez/fish3_roi2,korra,korra,korra,20250605,20250605_skittlez,fish3_roi2,fish3_roi2,3.0,fish3,,,roi2,2.0,,[],,20250605_skittlez,,,,,,,,,,inferred,20250605,2,inferred,20250605::20250605_skittlez::2,25,2,2,20250605-plate25-slot2-roi2
20250605_skittlez,fish4_roi1,fish4_roi1,fish4_roi1,72.0,/clusterfs/vast/abcabc/Korra_Foundation/20250605_skittlez/fish4_roi1,korra,korra,korra,20250605,20250605_skittlez,fish4_roi1,fish4_roi1,4.0,fish4,,,roi1,1.0,,[],,20250605_skittlez,,,,,,,,,,inferred,20250605,2,inferred,20250605::20250605_skittlez::2,25,3,1,20250605-plate25-slot3-roi1
20250605_skittlez,fish5_roi1,fish5_roi1,fish5_roi1,54.0,/clusterfs/vast/abcabc/Korra_Foundation/20250605_skittlez/fish5_roi1,korra,korra,korra,20250605,20250605_skittlez,fish5_roi1,fish5_roi1,5.0,fish5,,,roi1,1.0,,[],,20250605_skittlez,,,,,,,,,,inferred,20250605,2,inferred,20250605::20250605_skittlez::2,25,4,1,20250605-plate25-slot4-roi1
20250605_skittlez,fish5_roi2,fish5_roi2,fish5_roi2,54.0,/clusterfs/vast/abcabc/Korra_Foundation/20250605_skittlez/fish5_roi2,korra,korra,korra,20250605,20250605_skittlez,fish5_roi2,fish5_roi2,5.0,fish5,,,roi2,2.0,,[],,20250605_skittlez,,,,,,,,,,inferred,20250605,2,inferred,20250605::20250605_skittlez::2,25,4,2,20250605-plate25-slot4-roi2
20250605_skittlez,fish6_roi1,fish6_roi1,fish6_roi1,72.0,/clusterfs/vast/abcabc/Korra_Foundation/20250605_skittlez/fish6_roi1,korra,korra,korra,20250605,20250605_skittlez,fish6_roi1,fish6_roi1,6.0,fish6,,,roi1,1.0,,[],,20250605_skittlez,,,,,,,,,,inferred,20250605,2,inferred,20250605::20250605_skittlez::2,25,5,1,20250605-plate25-slot5-roi1
20250605_skittlez,fish7_roi1,fish7_roi1,fish7_roi1,72.0,/clusterfs/vast/abcabc/Korra_Foundation/20250605_skittlez/fish7_roi1,korra,korra,korra,20250605,20250605_skittlez,fish7_roi1,fish7_roi1,7.0,fish7,,,roi1,1.0,,[],,20250605_skittlez,,,,,,,,,,inferred,20250605,2,inferred,20250605::20250605_skittlez::2,25,6,1,20250605-plate25-slot6-roi1
20250605_skittlez,fish8_roi1,fish8_roi1,fish8_roi1,54.0,/clusterfs/vast/abcabc/Korra_Foundation/20250605_skittlez/fish8_roi1,korra,korra,korra,20250605,20250605_skittlez,fish8_roi1,fish8_roi1,8.0,fish8,,,roi1,1.0,,[],,20250605_skittlez,,,,,,,,,,inferred,20250605,3,inferred,20250605::20250605_skittlez::3,26,1,1,20250605-plate26-slot1-roi1
20250605_skittlez,fish9_roi1,fish9_roi1,fish9_roi1,72.0,/clusterfs/vast/abcabc/Korra_Foundation/20250605_skittlez/fish9_roi1,korra,korra,korra,20250605,20250605_skittlez,fish9_roi1,fish9_roi1,9.0,fish9,,,roi1,1.0,,[],,20250605_skittlez,,,,,,,,,,inferred,20250605,3,inferred,20250605::20250605_skittlez::3,26,2,1,20250605-plate26-slot2-roi1
20250605_skittlez,fish9_roi2,fish9_roi2,fish9_roi2,72.0,/clusterfs/vast/abcabc/Korra_Foundation/20250605_skittlez/fish9_roi2,korra,korra,korra,20250605,20250605_skittlez,fish9_roi2,fish9_roi2,9.0,fish9,,,roi2,2.0,,[],,20250605_skittlez,,,,,,,,,,inferred,20250605,3,inferred,20250605::20250605_skittlez::3,26,2,2,20250605-plate26-slot2-roi2
20250606_skittlez,fish10_roi1,fish10_roi1,fish10_roi1,72.0,/clusterfs/vast/abcabc/Korra_Foundation/20250606_skittlez/fish10_roi1,korra,korra,korra,20250606,20250606_skittlez,fish10_roi1,fish10_roi1,10.0,fish10,,,roi1,1.0,,[],,20250606_skittlez,,,,,,,,,,inferred,20250606,1,inferred,20250606::20250606_skittlez::1,27,2,1,20250606-plate27-slot2-roi1
20250606_skittlez,fish11_roi1,fish11_roi1,fish11_roi1,72.0,/clusterfs/vast/abcabc/Korra_Foundation/20250606_skittlez/fish11_roi1,korra,korra,korra,20250606,20250606_skittlez,fish11_roi1,fish11_roi1,11.0,fish11,,,roi1,1.0,,[],,20250606_skittlez,,,,,,,,,,inferred,20250606,1,inferred,20250606::20250606_skittlez::1,27,3,1,20250606-plate27-slot3-roi1
20250606_skittlez,fish11_roi2,fish11_roi2,fish11_roi2,72.0,/clusterfs/vast/abcabc/Korra_Foundation/20250606_skittlez/fish11_roi2,korra,korra,korra,20250606,20250606_skittlez,fish11_roi2,fish11_roi2,11.0,fish11,,,roi2,2.0,,[],,20250606_skittlez,,,,,,,,,,inferred,20250606,1,inferred,20250606::20250606_skittlez::1,27,3,2,20250606-plate27-slot3-roi2
20250606_skittlez,fish12_roi1,fish12_roi1,fish12_roi1,72.0,/clusterfs/vast/abcabc/Korra_Foundation/20250606_skittlez/fish12_roi1,korra,korra,korra,20250606,20250606_skittlez,fish12_roi1,fish12_roi1,12.0,fish12,,,roi1,1.0,,[],,20250606_skittlez,,,,,,,,,,inferred,20250606,1,inferred,20250606::20250606_skittlez::1,27,4,1,20250606-plate27-slot4-roi1
20250606_skittlez,fish12_roi2,fish12_roi2,fish12_roi2,72.0,/clusterfs/vast/abcabc/Korra_Foundation/20250606_skittlez/fish12_roi2,korra,korra,korra,20250606,20250606_skittlez,fish12_roi2,fish12_roi2,12.0,fish12,,,roi2,2.0,,[],,20250606_skittlez,,,,,,,,,,inferred,20250606,1,inferred,20250606::20250606_skittlez::1,27,4,2,20250606-plate27-slot4-roi2
20250606_skittlez,fish13_roi1,fish13_roi1,fish13_roi1,72.0,/clusterfs/vast/abcabc/Korra_Foundation/20250606_skittlez/fish13_roi1,korra,korra,korra,20250606,20250606_skittlez,fish13_roi1,fish13_roi1,13.0,fish13,,,roi1,1.0,,[],,20250606_skittlez,,,,,,,,,,inferred,20250606,1,inferred,20250606::20250606_skittlez::1,27,5,1,20250606-plate27-slot5-roi1
20250606_skittlez,fish13_roi2,fish13_roi2,fish13_roi2,72.0,/clusterfs/vast/abcabc/Korra_Foundation/20250606_skittlez/fish13_roi2,korra,korra,korra,20250606,20250606_skittlez,fish13_roi2,fish13_roi2,13.0,fish13,,,roi2,2.0,,[],,20250606_skittlez,,,,,,,,,,inferred,20250606,1,inferred,20250606::20250606_skittlez::1,27,5,2,20250606-plate27-slot5-roi2
20250606_skittlez,fish14_roi1,fish14_roi1,fish14_roi1,72.0,/clusterfs/vast/abcabc/Korra_Foundation/20250606_skittlez/fish14_roi1,korra,korra,korra,20250606,20250606_skittlez,fish14_roi1,fish14_roi1,14.0,fish14,,,roi1,1.0,,[],,20250606_skittlez,,,,,,,,,,inferred,20250606,1,inferred,20250606::20250606_skittlez::1,27,6,1,20250606-plate27-slot6-roi1
20250606_skittlez,fish14_roi2,fish14_roi2,fish14_roi2,72.0,/clusterfs/vast/abcabc/Korra_Foundation/20250606_skittlez/fish14_roi2,korra,korra,korra,20250606,20250606_skittlez,fish14_roi2,fish14_roi2,14.0,fish14,,,roi2,2.0,,[],,20250606_skittlez,,,,,,,,,,inferred,20250606,1,inferred,20250606::20250606_skittlez::1,27,6,2,20250606-plate27-slot6-roi2
20250606_skittlez,fish14_roi3,fish14_roi3,fish14_roi3,72.0,/clusterfs/vast/abcabc/Korra_Foundation/20250606_skittlez/fish14_roi3,korra,korra,korra,20250606,20250606_skittlez,fish14_roi3,fish14_roi3,14.0,fish14,,,roi3,3.0,,[],,20250606_skittlez,,,,,,,,,,inferred,20250606,1,inferred,20250606::20250606_skittlez::1,27,6,3,20250606-plate27-slot6-roi3
20250606_skittlez,fish15_roi1,fish15_roi1,fish15_roi1,72.0,/clusterfs/vast/abcabc/Korra_Foundation/20250606_skittlez/fish15_roi1,korra,korra,korra,20250606,20250606_skittlez,fish15_roi1,fish15_roi1,15.0,fish15,,,roi1,1.0,,[],,20250606_skittlez,,,,,,,,,,inferred,20250606,2,inferred,20250606::20250606_skittlez::2,28,1,1,20250606-plate28-slot1-roi1
20250606_skittlez,fish15_roi2,fish15_roi2,fish15_roi2,72.0,/clusterfs/vast/abcabc/Korra_Foundation/20250606_skittlez/fish15_roi2,korra,korra,korra,20250606,20250606_skittlez,fish15_roi2,fish15_roi2,15.0,fish15,,,roi2,2.0,,[],,20250606_skittlez,,,,,,,,,,inferred,20250606,2,inferred,20250606::20250606_skittlez::2,28,1,2,20250606-plate28-slot1-roi2
20250606_skittlez,fish15_roi3,fish15_roi3,fish15_roi3,72.0,/clusterfs/vast/abcabc/Korra_Foundation/20250606_skittlez/fish15_roi3,korra,korra,korra,20250606,20250606_skittlez,fish15_roi3,fish15_roi3,15.0,fish15,,,roi3,3.0,,[],,20250606_skittlez,,,,,,,,,,inferred,20250606,2,inferred,20250606::20250606_skittlez::2,28,1,3,20250606-plate28-slot1-roi3
20250606_skittlez,fish1_roi1,fish1_roi1,fish1_roi1,48.0,/clusterfs/vast/abcabc/Korra_Foundation/20250606_skittlez/fish1_roi1,korra,korra,korra,20250606,20250606_skittlez,fish1_roi1,fish1_roi1,1.0,fish1,,,roi1,1.0,,[],,20250606_skittlez,,,,,,,,,,inferred,20250606,1,inferred,20250606::20250606_skittlez::1,27,1,1,20250606-plate27-slot1-roi1
20250606_skittlez,fish2_roi1,fish2_roi1,fish2_roi1,48.0,/clusterfs/vast/abcabc/Korra_Foundation/20250606_skittlez/fish2_roi1,korra,korra,korra,20250606,20250606_skittlez,fish2_roi1,fish2_roi1,2.0,fish2,,,roi1,1.0,,[],,20250606_skittlez,,,,,,,,,,inferred,20250606,2,inferred,20250606::20250606_skittlez::2,28,2,1,20250606-plate28-slot2-roi1
20250606_skittlez,fish3_roi1,fish3_roi1,fish3_roi1,48.0,/clusterfs/vast/abcabc/Korra_Foundation/20250606_skittlez/fish3_roi1,korra,korra,korra,20250606,20250606_skittlez,fish3_roi1,fish3_roi1,3.0,fish3,,,roi1,1.0,,[],,20250606_skittlez,,,,,,,,,,inferred,20250606,2,inferred,20250606::20250606_skittlez::2,28,3,1,20250606-plate28-slot3-roi1
20250606_skittlez,fish4_roi1,fish4_roi1,fish4_roi1,48.0,/clusterfs/vast/abcabc/Korra_Foundation/20250606_skittlez/fish4_roi1,korra,korra,korra,20250606,20250606_skittlez,fish4_roi1,fish4_roi1,4.0,fish4,,,roi1,1.0,,[],,20250606_skittlez,,,,,,,,,,inferred,20250606,2,inferred,20250606::20250606_skittlez::2,28,4,1,20250606-plate28-slot4-roi1
20250606_skittlez,fish6_roi1,fish6_roi1,fish6_roi1,48.0,/clusterfs/vast/abcabc/Korra_Foundation/20250606_skittlez/fish6_roi1,korra,korra,korra,20250606,20250606_skittlez,fish6_roi1,fish6_roi1,6.0,fish6,,,roi1,1.0,,[],,20250606_skittlez,,,,,,,,,,inferred,20250606,2,inferred,20250606::20250606_skittlez::2,28,5,1,20250606-plate28-slot5-roi1
20250606_skittlez,fish7_roi1,fish7_roi1,fish7_roi1,48.0,/clusterfs/vast/abcabc/Korra_Foundation/20250606_skittlez/fish7_roi1,korra,korra,korra,20250606,20250606_skittlez,fish7_roi1,fish7_roi1,7.0,fish7,,,roi1,1.0,,[],,20250606_skittlez,,,,,,,,,,inferred,20250606,2,inferred,20250606::20250606_skittlez::2,28,6,1,20250606-plate28-slot6-roi1
20250606_skittlez,fish7_roi2,fish7_roi2,fish7_roi2,48.0,/clusterfs/vast/abcabc/Korra_Foundation/20250606_skittlez/fish7_roi2,korra,korra,korra,20250606,20250606_skittlez,fish7_roi2,fish7_roi2,7.0,fish7,,,roi2,2.0,,[],,20250606_skittlez,,,,,,,,,,inferred,20250606,2,inferred,20250606::20250606_skittlez::2,28,6,2,20250606-plate28-slot6-roi2
20250606_skittlez,fish8_roi1,fish8_roi1,fish8_roi1,48.0,/clusterfs/vast/abcabc/Korra_Foundation/20250606_skittlez/fish8_roi1,korra,korra,korra,20250606,20250606_skittlez,fish8_roi1,fish8_roi1,8.0,fish8,,,roi1,1.0,,[],,20250606_skittlez,,,,,,,,,,inferred,20250606,3,inferred,20250606::20250606_skittlez::3,29,1,1,20250606-plate29-slot1-roi1
20250606_skittlez,fish9_roi1,fish9_roi1,fish9_roi1,72.0,/clusterfs/vast/abcabc/Korra_Foundation/20250606_skittlez/fish9_roi1,korra,korra,korra,20250606,20250606_skittlez,fish9_roi1,fish9_roi1,9.0,fish9,,,roi1,1.0,,[],,20250606_skittlez,,,,,,,,,,inferred,20250606,3,inferred,20250606::20250606_skittlez::3,29,2,1,20250606-plate29-slot2-roi1
20250606_skittlez,fish9_roi2,fish9_roi2,fish9_roi2,72.0,/clusterfs/vast/abcabc/Korra_Foundation/20250606_skittlez/fish9_roi2,korra,korra,korra,20250606,20250606_skittlez,fish9_roi2,fish9_roi2,9.0,fish9,,,roi2,2.0,,[],,20250606_skittlez,,,,,,,,,,inferred,20250606,3,inferred,20250606::20250606_skittlez::3,29,2,2,20250606-plate29-slot2-roi2
20250609_mem-histone,fish11_72hpf_roi1,fish11_72hpf_roi1,fish11_72hpf_roi1,8168.0,/clusterfs/vast/abcabc/Korra_Foundation/20250609_mem-histone/fish11_72hpf_roi1,korra,korra,korra,20250609,20250609_mem-histone,fish11_72hpf_roi1,fish11_72hpf_roi1,11.0,fish11,72hpf,72.0,roi1,1.0,,[],,20250609_mem-histone,,,,,,,,,,inferred,20250609,1,inferred,20250609::20250609_mem-histone::1,30,1,1,20250609-plate30-slot1-roi1
20250609_mem-histone,fish2_24hpf_roi1,fish2_24hpf_roi1,fish2_24hpf_roi1,2880.0,/clusterfs/vast/abcabc/Korra_Foundation/20250609_mem-histone/fish2_24hpf_roi1,korra,korra,korra,20250609,20250609_mem-histone,fish2_24hpf_roi1,fish2_24hpf_roi1,2.0,fish2,24hpf,24.0,roi1,1.0,,[],,20250609_mem-histone,,,,,,,,,,inferred,20250609,1,inferred,20250609::20250609_mem-histone::1,30,2,1,20250609-plate30-slot2-roi1
20250609_mem-histone,fish2_24hpf_roi2,fish2_24hpf_roi2,fish2_24hpf_roi2,3520.0,/clusterfs/vast/abcabc/Korra_Foundation/20250609_mem-histone/fish2_24hpf_roi2,korra,korra,korra,20250609,20250609_mem-histone,fish2_24hpf_roi2,fish2_24hpf_roi2,2.0,fish2,24hpf,24.0,roi2,2.0,,[],,20250609_mem-histone,,,,,,,,,,inferred,20250609,1,inferred,20250609::20250609_mem-histone::1,30,2,2,20250609-plate30-slot2-roi2
20250609_mem-histone,fish3_24hpf_roi1,fish3_24hpf_roi1,fish3_24hpf_roi1,4000.0,/clusterfs/vast/abcabc/Korra_Foundation/20250609_mem-histone/fish3_24hpf_roi1,korra,korra,korra,20250609,20250609_mem-histone,fish3_24hpf_roi1,fish3_24hpf_roi1,3.0,fish3,24hpf,24.0,roi1,1.0,,[],,20250609_mem-histone,,,,,,,,,,inferred,20250609,1,inferred,20250609::20250609_mem-histone::1,30,3,1,20250609-plate30-slot3-roi1
20250609_mem-histone,fish4_24hpf_roi1,fish4_24hpf_roi1,fish4_24hpf_roi1,2560.0,/clusterfs/vast/abcabc/Korra_Foundation/20250609_mem-histone/fish4_24hpf_roi1,korra,korra,korra,20250609,20250609_mem-histone,fish4_24hpf_roi1,fish4_24hpf_roi1,4.0,fish4,24hpf,24.0,roi1,1.0,,[],,20250609_mem-histone,,,,,,,,,,inferred,20250609,1,inferred,20250609::20250609_mem-histone::1,30,4,1,20250609-plate30-slot4-roi1
20250609_mem-histone,fish5_24hpf_roi1,fish5_24hpf_roi1,fish5_24hpf_roi1,2560.0,/clusterfs/vast/abcabc/Korra_Foundation/20250609_mem-histone/fish5_24hpf_roi1,korra,korra,korra,20250609,20250609_mem-histone,fish5_24hpf_roi1,fish5_24hpf_roi1,5.0,fish5,24hpf,24.0,roi1,1.0,,[],,20250609_mem-histone,,,,,,,,,,inferred,20250609,1,inferred,20250609::20250609_mem-histone::1,30,5,1,20250609-plate30-slot5-roi1
20250609_mem-histone,fish5_48hpf_roi2,fish5_48hpf_roi2,fish5_48hpf_roi2,2560.0,/clusterfs/vast/abcabc/Korra_Foundation/20250609_mem-histone/fish5_48hpf_roi2,korra,korra,korra,20250609,20250609_mem-histone,fish5_48hpf_roi2,fish5_48hpf_roi2,5.0,fish5,48hpf,48.0,roi2,2.0,,[],,20250609_mem-histone,,,,,,,,,,inferred,20250609,1,inferred,20250609::20250609_mem-histone::1,30,5,2,20250609-plate30-slot5-roi2
20250609_mem-histone,fish6_48hpf_roi1,fish6_48hpf_roi1,fish6_48hpf_roi1,2080.0,/clusterfs/vast/abcabc/Korra_Foundation/20250609_mem-histone/fish6_48hpf_roi1,korra,korra,korra,20250609,20250609_mem-histone,fish6_48hpf_roi1,fish6_48hpf_roi1,6.0,fish6,48hpf,48.0,roi1,1.0,,[],,20250609_mem-histone,,,,,,,,,,inferred,20250609,1,inferred,20250609::20250609_mem-histone::1,30,6,1,20250609-plate30-slot6-roi1
20250609_mem-histone,fish6_48hpf_roi2,fish6_48hpf_roi2,fish6_48hpf_roi2,1600.0,/clusterfs/vast/abcabc/Korra_Foundation/20250609_mem-histone/fish6_48hpf_roi2,korra,korra,korra,20250609,20250609_mem-histone,fish6_48hpf_roi2,fish6_48hpf_roi2,6.0,fish6,48hpf,48.0,roi2,2.0,,[],,20250609_mem-histone,,,,,,,,,,inferred,20250609,1,inferred,20250609::20250609_mem-histone::1,30,6,2,20250609-plate30-slot6-roi2
20250612_skittlez,fish1_roi1,fish1_roi1,fish1_roi1,300.0,/clusterfs/vast/abcabc/Korra_Foundation/20250612_skittlez/fish1_roi1,korra,korra,korra,20250612,20250612_skittlez,fish1_roi1,fish1_roi1,1.0,fish1,,,roi1,1.0,,[],,20250612_skittlez,,,,,,,,,,inferred,20250612,1,inferred,20250612::20250612_skittlez::1,31,1,1,20250612-plate31-slot1-roi1
20250612_skittlez,fish2_roi1,fish2_roi1,fish2_roi1,120.0,/clusterfs/vast/abcabc/Korra_Foundation/20250612_skittlez/fish2_roi1,korra,korra,korra,20250612,20250612_skittlez,fish2_roi1,fish2_roi1,2.0,fish2,,,roi1,1.0,,[],,20250612_skittlez,,,,,,,,,,inferred,20250612,1,inferred,20250612::20250612_skittlez::1,31,2,1,20250612-plate31-slot2-roi1
20250612_skittlez,fish3_roi1,fish3_roi1,fish3_roi1,150.0,/clusterfs/vast/abcabc/Korra_Foundation/20250612_skittlez/fish3_roi1,korra,korra,korra,20250612,20250612_skittlez,fish3_roi1,fish3_roi1,3.0,fish3,,,roi1,1.0,,[],,20250612_skittlez,,,,,,,,,,inferred,20250612,1,inferred,20250612::20250612_skittlez::1,31,3,1,20250612-plate31-slot3-roi1
20250612_skittlez,fish4_roi1,fish4_roi1,fish4_roi1,270.0,/clusterfs/vast/abcabc/Korra_Foundation/20250612_skittlez/fish4_roi1,korra,korra,korra,20250612,20250612_skittlez,fish4_roi1,fish4_roi1,4.0,fish4,,,roi1,1.0,,[],,20250612_skittlez,,,,,,,,,,inferred,20250612,1,inferred,20250612::20250612_skittlez::1,31,4,1,20250612-plate31-slot4-roi1
20250612_skittlez,fish5_roi1,fish5_roi1,fish5_roi1,120.0,/clusterfs/vast/abcabc/Korra_Foundation/20250612_skittlez/fish5_roi1,korra,korra,korra,20250612,20250612_skittlez,fish5_roi1,fish5_roi1,5.0,fish5,,,roi1,1.0,,[],,20250612_skittlez,,,,,,,,,,inferred,20250612,1,inferred,20250612::20250612_skittlez::1,31,5,1,20250612-plate31-slot5-roi1
20250612_skittlez,fish5_roi2,fish5_roi2,fish5_roi2,120.0,/clusterfs/vast/abcabc/Korra_Foundation/20250612_skittlez/fish5_roi2,korra,korra,korra,20250612,20250612_skittlez,fish5_roi2,fish5_roi2,5.0,fish5,,,roi2,2.0,,[],,20250612_skittlez,,,,,,,,,,inferred,20250612,1,inferred,20250612::20250612_skittlez::1,31,5,2,20250612-plate31-slot5-roi2
20250612_skittlez,fish5_roi3,fish5_roi3,fish5_roi3,120.0,/clusterfs/vast/abcabc/Korra_Foundation/20250612_skittlez/fish5_roi3,korra,korra,korra,20250612,20250612_skittlez,fish5_roi3,fish5_roi3,5.0,fish5,,,roi3,3.0,,[],,20250612_skittlez,,,,,,,,,,inferred,20250612,1,inferred,20250612::20250612_skittlez::1,31,5,3,20250612-plate31-slot5-roi3
20250612_skittlez,fish6_roi1,fish6_roi1,fish6_roi1,120.0,/clusterfs/vast/abcabc/Korra_Foundation/20250612_skittlez/fish6_roi1,korra,korra,korra,20250612,20250612_skittlez,fish6_roi1,fish6_roi1,6.0,fish6,,,roi1,1.0,,[],,20250612_skittlez,,,,,,,,,,inferred,20250612,1,inferred,20250612::20250612_skittlez::1,31,6,1,20250612-plate31-slot6-roi1
20250612_skittlez,fish7_roi1,fish7_roi1,fish7_roi1,90.0,/clusterfs/vast/abcabc/Korra_Foundation/20250612_skittlez/fish7_roi1,korra,korra,korra,20250612,20250612_skittlez,fish7_roi1,fish7_roi1,7.0,fish7,,,roi1,1.0,,[],,20250612_skittlez,,,,,,,,,,inferred,20250612,2,inferred,20250612::20250612_skittlez::2,32,1,1,20250612-plate32-slot1-roi1
20250612_skittlez,fish8_roi1,fish8_roi1,fish8_roi1,180.0,/clusterfs/vast/abcabc/Korra_Foundation/20250612_skittlez/fish8_roi1,korra,korra,korra,20250612,20250612_skittlez,fish8_roi1,fish8_roi1,8.0,fish8,,,roi1,1.0,,[],,20250612_skittlez,,,,,,,,,,inferred,20250612,2,inferred,20250612::20250612_skittlez::2,32,2,1,20250612-plate32-slot2-roi1
20250613_skittlez,fish10_roi1,fish10_roi1,fish10_roi1,120.0,/clusterfs/vast/abcabc/Korra_Foundation/20250613_skittlez/fish10_roi1,korra,korra,korra,20250613,20250613_skittlez,fish10_roi1,fish10_roi1,10.0,fish10,,,roi1,1.0,,[],,20250613_skittlez,,,,,,,,,,inferred,20250613,1,inferred,20250613::20250613_skittlez::1,33,2,1,20250613-plate33-slot2-roi1
20250613_skittlez,fish11_roi1,fish11_roi1,fish11_roi1,180.0,/clusterfs/vast/abcabc/Korra_Foundation/20250613_skittlez/fish11_roi1,korra,korra,korra,20250613,20250613_skittlez,fish11_roi1,fish11_roi1,11.0,fish11,,,roi1,1.0,,[],,20250613_skittlez,,,,,,,,,,inferred,20250613,1,inferred,20250613::20250613_skittlez::1,33,3,1,20250613-plate33-slot3-roi1
20250613_skittlez,fish12_roi1,fish12_roi1,fish12_roi1,150.0,/clusterfs/vast/abcabc/Korra_Foundation/20250613_skittlez/fish12_roi1,korra,korra,korra,20250613,20250613_skittlez,fish12_roi1,fish12_roi1,12.0,fish12,,,roi1,1.0,,[],,20250613_skittlez,,,,,,,,,,inferred,20250613,1,inferred,20250613::20250613_skittlez::1,33,4,1,20250613-plate33-slot4-roi1
20250613_skittlez,fish1_roi1,fish1_roi1,fish1_roi1,144.0,/clusterfs/vast/abcabc/Korra_Foundation/20250613_skittlez/fish1_roi1,korra,korra,korra,20250613,20250613_skittlez,fish1_roi1,fish1_roi1,1.0,fish1,,,roi1,1.0,,[],,20250613_skittlez,,,,,,,,,,inferred,20250613,1,inferred,20250613::20250613_skittlez::1,33,1,1,20250613-plate33-slot1-roi1
20250613_skittlez,fish2_roi1,fish2_roi1,fish2_roi1,108.0,/clusterfs/vast/abcabc/Korra_Foundation/20250613_skittlez/fish2_roi1,korra,korra,korra,20250613,20250613_skittlez,fish2_roi1,fish2_roi1,2.0,fish2,,,roi1,1.0,,[],,20250613_skittlez,,,,,,,,,,inferred,20250613,1,inferred,20250613::20250613_skittlez::1,33,5,1,20250613-plate33-slot5-roi1
20250613_skittlez,fish3_roi1,fish3_roi1,fish3_roi1,72.0,/clusterfs/vast/abcabc/Korra_Foundation/20250613_skittlez/fish3_roi1,korra,korra,korra,20250613,20250613_skittlez,fish3_roi1,fish3_roi1,3.0,fish3,,,roi1,1.0,,[],,20250613_skittlez,,,,,,,,,,inferred,20250613,1,inferred,20250613::20250613_skittlez::1,33,6,1,20250613-plate33-slot6-roi1
20250613_skittlez,fish4_roi1,fish4_roi1,fish4_roi1,72.0,/clusterfs/vast/abcabc/Korra_Foundation/20250613_skittlez/fish4_roi1,korra,korra,korra,20250613,20250613_skittlez,fish4_roi1,fish4_roi1,4.0,fish4,,,roi1,1.0,,[],,20250613_skittlez,,,,,,,,,,inferred,20250613,2,inferred,20250613::20250613_skittlez::2,34,1,1,20250613-plate34-slot1-roi1
20250613_skittlez,fish5_roi1,fish5_roi1,fish5_roi1,90.0,/clusterfs/vast/abcabc/Korra_Foundation/20250613_skittlez/fish5_roi1,korra,korra,korra,20250613,20250613_skittlez,fish5_roi1,fish5_roi1,5.0,fish5,,,roi1,1.0,,[],,20250613_skittlez,,,,,,,,,,inferred,20250613,2,inferred,20250613::20250613_skittlez::2,34,2,1,20250613-plate34-slot2-roi1
20250613_skittlez,fish6_roi1,fish6_roi1,fish6_roi1,60.0,/clusterfs/vast/abcabc/Korra_Foundation/20250613_skittlez/fish6_roi1,korra,korra,korra,20250613,20250613_skittlez,fish6_roi1,fish6_roi1,6.0,fish6,,,roi1,1.0,,[],,20250613_skittlez,,,,,,,,,,inferred,20250613,2,inferred,20250613::20250613_skittlez::2,34,3,1,20250613-plate34-slot3-roi1
20250613_skittlez,fish7_roi,fish7_roi,fish7_roi,108.0,/clusterfs/vast/abcabc/Korra_Foundation/20250613_skittlez/fish7_roi,korra,korra,korra,20250613,20250613_skittlez,fish7_roi,fish7_roi,7.0,fish7,,,,,roi,[],,20250613_skittlez,,,,,,,,,,inferred,20250613,2,inferred,20250613::20250613_skittlez::2,34,4,1,20250613-plate34-slot4-roi1
20250613_skittlez,fish8_roi1,fish8_roi1,fish8_roi1,90.0,/clusterfs/vast/abcabc/Korra_Foundation/20250613_skittlez/fish8_roi1,korra,korra,korra,20250613,20250613_skittlez,fish8_roi1,fish8_roi1,8.0,fish8,,,roi1,1.0,,[],,20250613_skittlez,,,,,,,,,,inferred,20250613,2,inferred,20250613::20250613_skittlez::2,34,5,1,20250613-plate34-slot5-roi1
20250613_skittlez,fish9_roi1,fish9_roi1,fish9_roi1,240.0,/clusterfs/vast/abcabc/Korra_Foundation/20250613_skittlez/fish9_roi1,korra,korra,korra,20250613,20250613_skittlez,fish9_roi1,fish9_roi1,9.0,fish9,,,roi1,1.0,,[],,20250613_skittlez,,,,,,,,,,inferred,20250613,2,inferred,20250613::20250613_skittlez::2,34,6,1,20250613-plate34-slot6-roi1
20250616_mem-histone,fish1_24hpf_roi1_brain,fish1_24hpf_roi1_brain,fish1_24hpf_roi1_brain,1812.0,/clusterfs/vast/abcabc/Korra_Foundation/20250616_mem-histone/fish1_24hpf_roi1_brain,korra,korra,korra,20250616,20250616_mem-histone,fish1_24hpf_roi1_brain,fish1_24hpf_roi1_brain,1.0,fish1,24hpf,24.0,roi1,1.0,brain,['brain'],brain,20250616_mem-histone,,,,,,,,,,inferred,20250616,1,inferred,20250616::20250616_mem-histone::1,35,1,1,20250616-plate35-slot1-roi1
20250616_mem-histone,fish1_72hpf_roi1-ear,fish1_72hpf_roi1-ear,fish1_72hpf_roi1-ear,1144.0,/clusterfs/vast/abcabc/Korra_Foundation/20250616_mem-histone/fish1_72hpf_roi1-ear,korra,korra,korra,20250616,20250616_mem-histone,fish1_72hpf_roi1-ear,fish1_72hpf_roi1-ear,1.0,fish1,72hpf,72.0,,,roi1-ear,"['fish1', 'roi1-ear']",fish1|roi1-ear,20250616_mem-histone,,,,,,,,,,inferred,20250616,1,inferred,20250616::20250616_mem-histone::1,35,1,2,20250616-plate35-slot1-roi2
20250616_mem-histone,fish1_72hpf_roi2_muscle,fish1_72hpf_roi2_muscle,fish1_72hpf_roi2_muscle,8600.0,/clusterfs/vast/abcabc/Korra_Foundation/20250616_mem-histone/fish1_72hpf_roi2_muscle,korra,korra,korra,20250616,20250616_mem-histone,fish1_72hpf_roi2_muscle,fish1_72hpf_roi2_muscle,1.0,fish1,72hpf,72.0,roi2,2.0,muscle,['muscle'],muscle,20250616_mem-histone,,,,,,,,,,inferred,20250616,1,inferred,20250616::20250616_mem-histone::1,35,1,3,20250616-plate35-slot1-roi3
20250616_mem-histone,fish2_24hpf_roi1_brain,fish2_24hpf_roi1_brain,fish2_24hpf_roi1_brain,3248.0,/clusterfs/vast/abcabc/Korra_Foundation/20250616_mem-histone/fish2_24hpf_roi1_brain,korra,korra,korra,20250616,20250616_mem-histone,fish2_24hpf_roi1_brain,fish2_24hpf_roi1_brain,2.0,fish2,24hpf,24.0,roi1,1.0,brain,['brain'],brain,20250616_mem-histone,,,,,,,,,,inferred,20250616,1,inferred,20250616::20250616_mem-histone::1,35,2,1,20250616-plate35-slot2-roi1
20250616_mem-histone,fish3_24hpf_roi1_brain,fish3_24hpf_roi1_brain,fish3_24hpf_roi1_brain,3584.0,/clusterfs/vast/abcabc/Korra_Foundation/20250616_mem-histone/fish3_24hpf_roi1_brain,korra,korra,korra,20250616,20250616_mem-histone,fish3_24hpf_roi1_brain,fish3_24hpf_roi1_brain,3.0,fish3,24hpf,24.0,roi1,1.0,brain,['brain'],brain,20250616_mem-histone,,,,,,,,,,inferred,20250616,1,inferred,20250616::20250616_mem-histone::1,35,3,1,20250616-plate35-slot3-roi1
20250616_mem-histone,fish4_24hpf_roi1_brain,fish4_24hpf_roi1_brain,fish4_24hpf_roi1_brain,1664.0,/clusterfs/vast/abcabc/Korra_Foundation/20250616_mem-histone/fish4_24hpf_roi1_brain,korra,korra,korra,20250616,20250616_mem-histone,fish4_24hpf_roi1_brain,fish4_24hpf_roi1_brain,4.0,fish4,24hpf,24.0,roi1,1.0,brain,['brain'],brain,20250616_mem-histone,,,,,,,,,,inferred,20250616,1,inferred,20250616::20250616_mem-histone::1,35,4,1,20250616-plate35-slot4-roi1
20250618_skittlez,fish10_roi1,fish10_roi1,fish10_roi1,72.0,/clusterfs/vast/abcabc/Korra_Foundation/20250618_skittlez/fish10_roi1,korra,korra,korra,20250618,20250618_skittlez,fish10_roi1,fish10_roi1,10.0,fish10,,,roi1,1.0,,[],,20250618_skittlez,,,,,,,,,,inferred,20250618,1,inferred,20250618::20250618_skittlez::1,36,2,1,20250618-plate36-slot2-roi1
20250618_skittlez,fish10_roi2,fish10_roi2,fish10_roi2,72.0,/clusterfs/vast/abcabc/Korra_Foundation/20250618_skittlez/fish10_roi2,korra,korra,korra,20250618,20250618_skittlez,fish10_roi2,fish10_roi2,10.0,fish10,,,roi2,2.0,,[],,20250618_skittlez,,,,,,,,,,inferred,20250618,1,inferred,20250618::20250618_skittlez::1,36,2,2,20250618-plate36-slot2-roi2
20250618_skittlez,fish10_roi3,fish10_roi3,fish10_roi3,72.0,/clusterfs/vast/abcabc/Korra_Foundation/20250618_skittlez/fish10_roi3,korra,korra,korra,20250618,20250618_skittlez,fish10_roi3,fish10_roi3,10.0,fish10,,,roi3,3.0,,[],,20250618_skittlez,,,,,,,,,,inferred,20250618,1,inferred,20250618::20250618_skittlez::1,36,2,3,20250618-plate36-slot2-roi3
20250618_skittlez,fish10_roi4,fish10_roi4,fish10_roi4,72.0,/clusterfs/vast/abcabc/Korra_Foundation/20250618_skittlez/fish10_roi4,korra,korra,korra,20250618,20250618_skittlez,fish10_roi4,fish10_roi4,10.0,fish10,,,roi4,4.0,,[],,20250618_skittlez,,,,,,,,,,inferred,20250618,1,inferred,20250618::20250618_skittlez::1,36,2,4,20250618-plate36-slot2-roi4
20250618_skittlez,fish11_roi1,fish11_roi1,fish11_roi1,90.0,/clusterfs/vast/abcabc/Korra_Foundation/20250618_skittlez/fish11_roi1,korra,korra,korra,20250618,20250618_skittlez,fish11_roi1,fish11_roi1,11.0,fish11,,,roi1,1.0,,[],,20250618_skittlez,,,,,,,,,,inferred,20250618,1,inferred,20250618::20250618_skittlez::1,36,3,1,20250618-plate36-slot3-roi1
20250618_skittlez,fish1_roi1,fish1_roi1,fish1_roi1,24.0,/clusterfs/vast/abcabc/Korra_Foundation/20250618_skittlez/fish1_roi1,korra,korra,korra,20250618,20250618_skittlez,fish1_roi1,fish1_roi1,1.0,fish1,,,roi1,1.0,,[],,20250618_skittlez,,,,,,,,,,inferred,20250618,1,inferred,20250618::20250618_skittlez::1,36,1,1,20250618-plate36-slot1-roi1
20250618_skittlez,fish1_roi1_2,fish1_roi1_2,fish1_roi1_2,96.0,/clusterfs/vast/abcabc/Korra_Foundation/20250618_skittlez/fish1_roi1_2,korra,korra,korra,20250618,20250618_skittlez,fish1_roi1_2,fish1_roi1_2,1.0,fish1,,,roi1,1.0,2,[],,20250618_skittlez,,,,,,,,,,inferred,20250618,1,inferred,20250618::20250618_skittlez::1,36,1,2,20250618-plate36-slot1-roi2
20250618_skittlez,fish2_roi1,fish2_roi1,fish2_roi1,120.0,/clusterfs/vast/abcabc/Korra_Foundation/20250618_skittlez/fish2_roi1,korra,korra,korra,20250618,20250618_skittlez,fish2_roi1,fish2_roi1,2.0,fish2,,,roi1,1.0,,[],,20250618_skittlez,,,,,,,,,,inferred,20250618,1,inferred,20250618::20250618_skittlez::1,36,4,1,20250618-plate36-slot4-roi1
20250618_skittlez,fish3_roi1,fish3_roi1,fish3_roi1,72.0,/clusterfs/vast/abcabc/Korra_Foundation/20250618_skittlez/fish3_roi1,korra,korra,korra,20250618,20250618_skittlez,fish3_roi1,fish3_roi1,3.0,fish3,,,roi1,1.0,,[],,20250618_skittlez,,,,,,,,,,inferred,20250618,1,inferred,20250618::20250618_skittlez::1,36,5,1,20250618-plate36-slot5-roi1
20250618_skittlez,fish4_roi1,fish4_roi1,fish4_roi1,72.0,/clusterfs/vast/abcabc/Korra_Foundation/20250618_skittlez/fish4_roi1,korra,korra,korra,20250618,20250618_skittlez,fish4_roi1,fish4_roi1,4.0,fish4,,,roi1,1.0,,[],,20250618_skittlez,,,,,,,,,,inferred,20250618,1,inferred,20250618::20250618_skittlez::1,36,6,1,20250618-plate36-slot6-roi1
20250618_skittlez,fish5_roi1,fish5_roi1,fish5_roi1,72.0,/clusterfs/vast/abcabc/Korra_Foundation/20250618_skittlez/fish5_roi1,korra,korra,korra,20250618,20250618_skittlez,fish5_roi1,fish5_roi1,5.0,fish5,,,roi1,1.0,,[],,20250618_skittlez,,,,,,,,,,inferred,20250618,2,inferred,20250618::20250618_skittlez::2,37,1,1,20250618-plate37-slot1-roi1
20250618_skittlez,fish6_roi1,fish6_roi1,fish6_roi1,54.0,/clusterfs/vast/abcabc/Korra_Foundation/20250618_skittlez/fish6_roi1,korra,korra,korra,20250618,20250618_skittlez,fish6_roi1,fish6_roi1,6.0,fish6,,,roi1,1.0,,[],,20250618_skittlez,,,,,,,,,,inferred,20250618,2,inferred,20250618::20250618_skittlez::2,37,2,1,20250618-plate37-slot2-roi1
20250618_skittlez,fish6_roi2,fish6_roi2,fish6_roi2,72.0,/clusterfs/vast/abcabc/Korra_Foundation/20250618_skittlez/fish6_roi2,korra,korra,korra,20250618,20250618_skittlez,fish6_roi2,fish6_roi2,6.0,fish6,,,roi2,2.0,,[],,20250618_skittlez,,,,,,,,,,inferred,20250618,2,inferred,20250618::20250618_skittlez::2,37,2,2,20250618-plate37-slot2-roi2
20250618_skittlez,fish7_roi1,fish7_roi1,fish7_roi1,72.0,/clusterfs/vast/abcabc/Korra_Foundation/20250618_skittlez/fish7_roi1,korra,korra,korra,20250618,20250618_skittlez,fish7_roi1,fish7_roi1,7.0,fish7,,,roi1,1.0,,[],,20250618_skittlez,,,,,,,,,,inferred,20250618,2,inferred,20250618::20250618_skittlez::2,37,3,1,20250618-plate37-slot3-roi1
20250618_skittlez,fish7_roi2,fish7_roi2,fish7_roi2,72.0,/clusterfs/vast/abcabc/Korra_Foundation/20250618_skittlez/fish7_roi2,korra,korra,korra,20250618,20250618_skittlez,fish7_roi2,fish7_roi2,7.0,fish7,,,roi2,2.0,,[],,20250618_skittlez,,,,,,,,,,inferred,20250618,2,inferred,20250618::20250618_skittlez::2,37,3,2,20250618-plate37-slot3-roi2
20250618_skittlez,fish7_roi3,fish7_roi3,fish7_roi3,48.0,/clusterfs/vast/abcabc/Korra_Foundation/20250618_skittlez/fish7_roi3,korra,korra,korra,20250618,20250618_skittlez,fish7_roi3,fish7_roi3,7.0,fish7,,,roi3,3.0,,[],,20250618_skittlez,,,,,,,,,,inferred,20250618,2,inferred,20250618::20250618_skittlez::2,37,3,3,20250618-plate37-slot3-roi3
20250618_skittlez,fish7_roi4,fish7_roi4,fish7_roi4,48.0,/clusterfs/vast/abcabc/Korra_Foundation/20250618_skittlez/fish7_roi4,korra,korra,korra,20250618,20250618_skittlez,fish7_roi4,fish7_roi4,7.0,fish7,,,roi4,4.0,,[],,20250618_skittlez,,,,,,,,,,inferred,20250618,2,inferred,20250618::20250618_skittlez::2,37,3,4,20250618-plate37-slot3-roi4
20250618_skittlez,fish8_roi1,fish8_roi1,fish8_roi1,48.0,/clusterfs/vast/abcabc/Korra_Foundation/20250618_skittlez/fish8_roi1,korra,korra,korra,20250618,20250618_skittlez,fish8_roi1,fish8_roi1,8.0,fish8,,,roi1,1.0,,[],,20250618_skittlez,,,,,,,,,,inferred,20250618,2,inferred,20250618::20250618_skittlez::2,37,4,1,20250618-plate37-slot4-roi1
20250618_skittlez,fish8_roi2,fish8_roi2,fish8_roi2,48.0,/clusterfs/vast/abcabc/Korra_Foundation/20250618_skittlez/fish8_roi2,korra,korra,korra,20250618,20250618_skittlez,fish8_roi2,fish8_roi2,8.0,fish8,,,roi2,2.0,,[],,20250618_skittlez,,,,,,,,,,inferred,20250618,2,inferred,20250618::20250618_skittlez::2,37,4,2,20250618-plate37-slot4-roi2
20250618_skittlez,fish8_roi3,fish8_roi3,fish8_roi3,48.0,/clusterfs/vast/abcabc/Korra_Foundation/20250618_skittlez/fish8_roi3,korra,korra,korra,20250618,20250618_skittlez,fish8_roi3,fish8_roi3,8.0,fish8,,,roi3,3.0,,[],,20250618_skittlez,,,,,,,,,,inferred,20250618,2,inferred,20250618::20250618_skittlez::2,37,4,3,20250618-plate37-slot4-roi3
20250618_skittlez,fish8_roi4,fish8_roi4,fish8_roi4,48.0,/clusterfs/vast/abcabc/Korra_Foundation/20250618_skittlez/fish8_roi4,korra,korra,korra,20250618,20250618_skittlez,fish8_roi4,fish8_roi4,8.0,fish8,,,roi4,4.0,,[],,20250618_skittlez,,,,,,,,,,inferred,20250618,2,inferred,20250618::20250618_skittlez::2,37,4,4,20250618-plate37-slot4-roi4
20250618_skittlez,fish9_roi1,fish9_roi1,fish9_roi1,48.0,/clusterfs/vast/abcabc/Korra_Foundation/20250618_skittlez/fish9_roi1,korra,korra,korra,20250618,20250618_skittlez,fish9_roi1,fish9_roi1,9.0,fish9,,,roi1,1.0,,[],,20250618_skittlez,,,,,,,,,,inferred,20250618,2,inferred,20250618::20250618_skittlez::2,37,5,1,20250618-plate37-slot5-roi1
20250618_skittlez,fish9_roi2,fish9_roi2,fish9_roi2,48.0,/clusterfs/vast/abcabc/Korra_Foundation/20250618_skittlez/fish9_roi2,korra,korra,korra,20250618,20250618_skittlez,fish9_roi2,fish9_roi2,9.0,fish9,,,roi2,2.0,,[],,20250618_skittlez,,,,,,,,,,inferred,20250618,2,inferred,20250618::20250618_skittlez::2,37,5,2,20250618-plate37-slot5-roi2
20250619_skittlez,fish1_roi1,fish1_roi1,fish1_roi1,72.0,/clusterfs/vast/abcabc/Korra_Foundation/20250619_skittlez/fish1_roi1,korra,korra,korra,20250619,20250619_skittlez,fish1_roi1,fish1_roi1,1.0,fish1,,,roi1,1.0,,[],,20250619_skittlez,,,,,,,,,,inferred,20250619,1,inferred,20250619::20250619_skittlez::1,38,1,1,20250619-plate38-slot1-roi1
20250619_skittlez,fish1_roi2,fish1_roi2,fish1_roi2,72.0,/clusterfs/vast/abcabc/Korra_Foundation/20250619_skittlez/fish1_roi2,korra,korra,korra,20250619,20250619_skittlez,fish1_roi2,fish1_roi2,1.0,fish1,,,roi2,2.0,,[],,20250619_skittlez,,,,,,,,,,inferred,20250619,1,inferred,20250619::20250619_skittlez::1,38,1,2,20250619-plate38-slot1-roi2
20250619_skittlez,fish2_roi1,fish2_roi1,fish2_roi1,72.0,/clusterfs/vast/abcabc/Korra_Foundation/20250619_skittlez/fish2_roi1,korra,korra,korra,20250619,20250619_skittlez,fish2_roi1,fish2_roi1,2.0,fish2,,,roi1,1.0,,[],,20250619_skittlez,,,,,,,,,,inferred,20250619,1,inferred,20250619::20250619_skittlez::1,38,2,1,20250619-plate38-slot2-roi1
20250619_skittlez,fish3_roi1,fish3_roi1,fish3_roi1,72.0,/clusterfs/vast/abcabc/Korra_Foundation/20250619_skittlez/fish3_roi1,korra,korra,korra,20250619,20250619_skittlez,fish3_roi1,fish3_roi1,3.0,fish3,,,roi1,1.0,,[],,20250619_skittlez,,,,,,,,,,inferred,20250619,1,inferred,20250619::20250619_skittlez::1,38,3,1,20250619-plate38-slot3-roi1
20250619_skittlez,fish3_roi2,fish3_roi2,fish3_roi2,72.0,/clusterfs/vast/abcabc/Korra_Foundation/20250619_skittlez/fish3_roi2,korra,korra,korra,20250619,20250619_skittlez,fish3_roi2,fish3_roi2,3.0,fish3,,,roi2,2.0,,[],,20250619_skittlez,,,,,,,,,,inferred,20250619,1,inferred,20250619::20250619_skittlez::1,38,3,2,20250619-plate38-slot3-roi2
20250619_skittlez,fish4_roi1,fish4_roi1,fish4_roi1,108.0,/clusterfs/vast/abcabc/Korra_Foundation/20250619_skittlez/fish4_roi1,korra,korra,korra,20250619,20250619_skittlez,fish4_roi1,fish4_roi1,4.0,fish4,,,roi1,1.0,,[],,20250619_skittlez,,,,,,,,,,inferred,20250619,1,inferred,20250619::20250619_skittlez::1,38,4,1,20250619-plate38-slot4-roi1
20250619_skittlez,fish5_roi1,fish5_roi1,fish5_roi1,72.0,/clusterfs/vast/abcabc/Korra_Foundation/20250619_skittlez/fish5_roi1,korra,korra,korra,20250619,20250619_skittlez,fish5_roi1,fish5_roi1,5.0,fish5,,,roi1,1.0,,[],,20250619_skittlez,,,,,,,,,,inferred,20250619,1,inferred,20250619::20250619_skittlez::1,38,5,1,20250619-plate38-slot5-roi1
20250619_skittlez,fish5_roi2,fish5_roi2,fish5_roi2,72.0,/clusterfs/vast/abcabc/Korra_Foundation/20250619_skittlez/fish5_roi2,korra,korra,korra,20250619,20250619_skittlez,fish5_roi2,fish5_roi2,5.0,fish5,,,roi2,2.0,,[],,20250619_skittlez,,,,,,,,,,inferred,20250619,1,inferred,20250619::20250619_skittlez::1,38,5,2,20250619-plate38-slot5-roi2
20250624_skittlez_Chris_x_Liam,fish2_roi1,fish2_roi1,fish2_roi1,72.0,/clusterfs/vast/abcabc/Korra_Foundation/20250624_skittlez_Chris_x_Liam/fish2_roi1,korra,korra,korra,20250624,20250624_skittlez_Chris_x_Liam,fish2_roi1,fish2_roi1,2.0,fish2,,,roi1,1.0,,[],,20250624_skittlez_Chris_x_Liam,,,,,,,,,,inferred,20250624,1,inferred,20250624::20250624_skittlez_Chris_x_Liam::1,39,1,1,20250624-plate39-slot1-roi1
20250624_skittlez_Chris_x_Liam,fish3_roi1,fish3_roi1,fish3_roi1,72.0,/clusterfs/vast/abcabc/Korra_Foundation/20250624_skittlez_Chris_x_Liam/fish3_roi1,korra,korra,korra,20250624,20250624_skittlez_Chris_x_Liam,fish3_roi1,fish3_roi1,3.0,fish3,,,roi1,1.0,,[],,20250624_skittlez_Chris_x_Liam,,,,,,,,,,inferred,20250624,1,inferred,20250624::20250624_skittlez_Chris_x_Liam::1,39,2,1,20250624-plate39-slot2-roi1
20250624_skittlez_Chris_x_Liam,fish3_roi2,fish3_roi2,fish3_roi2,72.0,/clusterfs/vast/abcabc/Korra_Foundation/20250624_skittlez_Chris_x_Liam/fish3_roi2,korra,korra,korra,20250624,20250624_skittlez_Chris_x_Liam,fish3_roi2,fish3_roi2,3.0,fish3,,,roi2,2.0,,[],,20250624_skittlez_Chris_x_Liam,,,,,,,,,,inferred,20250624,1,inferred,20250624::20250624_skittlez_Chris_x_Liam::1,39,2,2,20250624-plate39-slot2-roi2
20250624_skittlez_Chris_x_Liam,fish3_roi3,fish3_roi3,fish3_roi3,72.0,/clusterfs/vast/abcabc/Korra_Foundation/20250624_skittlez_Chris_x_Liam/fish3_roi3,korra,korra,korra,20250624,20250624_skittlez_Chris_x_Liam,fish3_roi3,fish3_roi3,3.0,fish3,,,roi3,3.0,,[],,20250624_skittlez_Chris_x_Liam,,,,,,,,,,inferred,20250624,1,inferred,20250624::20250624_skittlez_Chris_x_Liam::1,39,2,3,20250624-plate39-slot2-roi3
20250624_skittlez_Chris_x_Liam,fish4_roi1,fish4_roi1,fish4_roi1,72.0,/clusterfs/vast/abcabc/Korra_Foundation/20250624_skittlez_Chris_x_Liam/fish4_roi1,korra,korra,korra,20250624,20250624_skittlez_Chris_x_Liam,fish4_roi1,fish4_roi1,4.0,fish4,,,roi1,1.0,,[],,20250624_skittlez_Chris_x_Liam,,,,,,,,,,inferred,20250624,1,inferred,20250624::20250624_skittlez_Chris_x_Liam::1,39,3,1,20250624-plate39-slot3-roi1
20250624_skittlez_Chris_x_Liam,fish4_roi2,fish4_roi2,fish4_roi2,72.0,/clusterfs/vast/abcabc/Korra_Foundation/20250624_skittlez_Chris_x_Liam/fish4_roi2,korra,korra,korra,20250624,20250624_skittlez_Chris_x_Liam,fish4_roi2,fish4_roi2,4.0,fish4,,,roi2,2.0,,[],,20250624_skittlez_Chris_x_Liam,,,,,,,,,,inferred,20250624,1,inferred,20250624::20250624_skittlez_Chris_x_Liam::1,39,3,2,20250624-plate39-slot3-roi2
20250624_skittlez_Chris_x_Liam,fish4_roi3,fish4_roi3,fish4_roi3,72.0,/clusterfs/vast/abcabc/Korra_Foundation/20250624_skittlez_Chris_x_Liam/fish4_roi3,korra,korra,korra,20250624,20250624_skittlez_Chris_x_Liam,fish4_roi3,fish4_roi3,4.0,fish4,,,roi3,3.0,,[],,20250624_skittlez_Chris_x_Liam,,,,,,,,,,inferred,20250624,1,inferred,20250624::20250624_skittlez_Chris_x_Liam::1,39,3,3,20250624-plate39-slot3-roi3
20250624_skittlez_Chris_x_Liam,fish4_roi4,fish4_roi4,fish4_roi4,72.0,/clusterfs/vast/abcabc/Korra_Foundation/20250624_skittlez_Chris_x_Liam/fish4_roi4,korra,korra,korra,20250624,20250624_skittlez_Chris_x_Liam,fish4_roi4,fish4_roi4,4.0,fish4,,,roi4,4.0,,[],,20250624_skittlez_Chris_x_Liam,,,,,,,,,,inferred,20250624,1,inferred,20250624::20250624_skittlez_Chris_x_Liam::1,39,3,4,20250624-plate39-slot3-roi4
20250624_skittlez_Chris_x_Liam,fish5_roi1,fish5_roi1,fish5_roi1,2.0,/clusterfs/vast/abcabc/Korra_Foundation/20250624_skittlez_Chris_x_Liam/fish5_roi1,korra,korra,korra,20250624,20250624_skittlez_Chris_x_Liam,fish5_roi1,fish5_roi1,5.0,fish5,,,roi1,1.0,,[],,20250624_skittlez_Chris_x_Liam,,,,,,,,,,inferred,20250624,1,inferred,20250624::20250624_skittlez_Chris_x_Liam::1,39,4,1,20250624-plate39-slot4-roi1
20250624_skittlez_Chris_x_Liam,fish5_roi1-1,fish5_roi1-1,fish5_roi1-1,48.0,/clusterfs/vast/abcabc/Korra_Foundation/20250624_skittlez_Chris_x_Liam/fish5_roi1-1,korra,korra,korra,20250624,20250624_skittlez_Chris_x_Liam,fish5_roi1-1,fish5_roi1-1,5.0,fish5,,,,,roi1-1,"['fish5', 'roi1-1']",fish5|roi1-1,20250624_skittlez_Chris_x_Liam,,,,,,,,,,inferred,20250624,1,inferred,20250624::20250624_skittlez_Chris_x_Liam::1,39,4,2,20250624-plate39-slot4-roi2
20250624_skittlez_Chris_x_Liam,fish6_roi1,fish6_roi1,fish6_roi1,48.0,/clusterfs/vast/abcabc/Korra_Foundation/20250624_skittlez_Chris_x_Liam/fish6_roi1,korra,korra,korra,20250624,20250624_skittlez_Chris_x_Liam,fish6_roi1,fish6_roi1,6.0,fish6,,,roi1,1.0,,[],,20250624_skittlez_Chris_x_Liam,,,,,,,,,,inferred,20250624,1,inferred,20250624::20250624_skittlez_Chris_x_Liam::1,39,5,1,20250624-plate39-slot5-roi1
20250624_skittlez_Chris_x_Liam,fish6_roi2,fish6_roi2,fish6_roi2,48.0,/clusterfs/vast/abcabc/Korra_Foundation/20250624_skittlez_Chris_x_Liam/fish6_roi2,korra,korra,korra,20250624,20250624_skittlez_Chris_x_Liam,fish6_roi2,fish6_roi2,6.0,fish6,,,roi2,2.0,,[],,20250624_skittlez_Chris_x_Liam,,,,,,,,,,inferred,20250624,1,inferred,20250624::20250624_skittlez_Chris_x_Liam::1,39,5,2,20250624-plate39-slot5-roi2
20250624_skittlez_Chris_x_Liam,fish6_roi3,fish6_roi3,fish6_roi3,48.0,/clusterfs/vast/abcabc/Korra_Foundation/20250624_skittlez_Chris_x_Liam/fish6_roi3,korra,korra,korra,20250624,20250624_skittlez_Chris_x_Liam,fish6_roi3,fish6_roi3,6.0,fish6,,,roi3,3.0,,[],,20250624_skittlez_Chris_x_Liam,,,,,,,,,,inferred,20250624,1,inferred,20250624::20250624_skittlez_Chris_x_Liam::1,39,5,3,20250624-plate39-slot5-roi3
20250624_skittlez_Chris_x_Liam,fish7_roi1,fish7_roi1,fish7_roi1,48.0,/clusterfs/vast/abcabc/Korra_Foundation/20250624_skittlez_Chris_x_Liam/fish7_roi1,korra,korra,korra,20250624,20250624_skittlez_Chris_x_Liam,fish7_roi1,fish7_roi1,7.0,fish7,,,roi1,1.0,,[],,20250624_skittlez_Chris_x_Liam,,,,,,,,,,inferred,20250624,1,inferred,20250624::20250624_skittlez_Chris_x_Liam::1,39,6,1,20250624-plate39-slot6-roi1
20250624_skittlez_Chris_x_Liam,fish7_roi2,fish7_roi2,fish7_roi2,48.0,/clusterfs/vast/abcabc/Korra_Foundation/20250624_skittlez_Chris_x_Liam/fish7_roi2,korra,korra,korra,20250624,20250624_skittlez_Chris_x_Liam,fish7_roi2,fish7_roi2,7.0,fish7,,,roi2,2.0,,[],,20250624_skittlez_Chris_x_Liam,,,,,,,,,,inferred,20250624,1,inferred,20250624::20250624_skittlez_Chris_x_Liam::1,39,6,2,20250624-plate39-slot6-roi2
20250624_skittlez_Chris_x_Liam,fish7_roi3,fish7_roi3,fish7_roi3,48.0,/clusterfs/vast/abcabc/Korra_Foundation/20250624_skittlez_Chris_x_Liam/fish7_roi3,korra,korra,korra,20250624,20250624_skittlez_Chris_x_Liam,fish7_roi3,fish7_roi3,7.0,fish7,,,roi3,3.0,,[],,20250624_skittlez_Chris_x_Liam,,,,,,,,,,inferred,20250624,1,inferred,20250624::20250624_skittlez_Chris_x_Liam::1,39,6,3,20250624-plate39-slot6-roi3
20250624_skittlez_Chris_x_Liam,fish7_roi4,fish7_roi4,fish7_roi4,48.0,/clusterfs/vast/abcabc/Korra_Foundation/20250624_skittlez_Chris_x_Liam/fish7_roi4,korra,korra,korra,20250624,20250624_skittlez_Chris_x_Liam,fish7_roi4,fish7_roi4,7.0,fish7,,,roi4,4.0,,[],,20250624_skittlez_Chris_x_Liam,,,,,,,,,,inferred,20250624,1,inferred,20250624::20250624_skittlez_Chris_x_Liam::1,39,6,4,20250624-plate39-slot6-roi4
20250624_skittlez_Issac_x_Ken,fish1_roi1,fish1_roi1,fish1_roi1,54.0,/clusterfs/vast/abcabc/Korra_Foundation/20250624_skittlez_Issac_x_Ken/fish1_roi1,korra,korra,korra,20250624,20250624_skittlez_Issac_x_Ken,fish1_roi1,fish1_roi1,1.0,fish1,,,roi1,1.0,,[],,20250624_skittlez_Issac_x_Ken,,,,,,,,,,inferred,20250624,1,inferred,20250624::20250624_skittlez_Issac_x_Ken::1,40,1,1,20250624-plate40-slot1-roi1
20250624_skittlez_Issac_x_Ken,fish2_roi1,fish2_roi1,fish2_roi1,72.0,/clusterfs/vast/abcabc/Korra_Foundation/20250624_skittlez_Issac_x_Ken/fish2_roi1,korra,korra,korra,20250624,20250624_skittlez_Issac_x_Ken,fish2_roi1,fish2_roi1,2.0,fish2,,,roi1,1.0,,[],,20250624_skittlez_Issac_x_Ken,,,,,,,,,,inferred,20250624,1,inferred,20250624::20250624_skittlez_Issac_x_Ken::1,40,2,1,20250624-plate40-slot2-roi1
20250624_skittlez_Issac_x_Ken,fish2_roi2,fish2_roi2,fish2_roi2,72.0,/clusterfs/vast/abcabc/Korra_Foundation/20250624_skittlez_Issac_x_Ken/fish2_roi2,korra,korra,korra,20250624,20250624_skittlez_Issac_x_Ken,fish2_roi2,fish2_roi2,2.0,fish2,,,roi2,2.0,,[],,20250624_skittlez_Issac_x_Ken,,,,,,,,,,inferred,20250624,1,inferred,20250624::20250624_skittlez_Issac_x_Ken::1,40,2,2,20250624-plate40-slot2-roi2
20250624_skittlez_Issac_x_Ken,fish3_roi1,fish3_roi1,fish3_roi1,60.0,/clusterfs/vast/abcabc/Korra_Foundation/20250624_skittlez_Issac_x_Ken/fish3_roi1,korra,korra,korra,20250624,20250624_skittlez_Issac_x_Ken,fish3_roi1,fish3_roi1,3.0,fish3,,,roi1,1.0,,[],,20250624_skittlez_Issac_x_Ken,,,,,,,,,,inferred,20250624,1,inferred,20250624::20250624_skittlez_Issac_x_Ken::1,40,3,1,20250624-plate40-slot3-roi1
20250624_skittlez_Issac_x_Ken,fish4_roi1,fish4_roi1,fish4_roi1,72.0,/clusterfs/vast/abcabc/Korra_Foundation/20250624_skittlez_Issac_x_Ken/fish4_roi1,korra,korra,korra,20250624,20250624_skittlez_Issac_x_Ken,fish4_roi1,fish4_roi1,4.0,fish4,,,roi1,1.0,,[],,20250624_skittlez_Issac_x_Ken,,,,,,,,,,inferred,20250624,1,inferred,20250624::20250624_skittlez_Issac_x_Ken::1,40,4,1,20250624-plate40-slot4-roi1
20250715_mem_organelle,fish1_mem_sg_mito_msc3,roi1,roi1,384.0,/clusterfs/vast/abcabc/Korra_Foundation/20250715_mem_organelle/fish1_mem_sg_mito_msc3/roi1,korra,korra,korra,20250715,20250715_mem_organelle,fish1_mem_sg_mito_msc3,roi1,1.0,fish1,,,roi1,1.0,mem sg mito msc3,[],,20250715_mem_organelle,,,,,,,,,,inferred,20250715,1,inferred,20250715::20250715_mem_organelle::1,41,1,1,20250715-plate41-slot1-roi1
20250715_mem_organelle,fish1_mem_sg_mito_msc3,roi2,roi2,640.0,/clusterfs/vast/abcabc/Korra_Foundation/20250715_mem_organelle/fish1_mem_sg_mito_msc3/roi2,korra,korra,korra,20250715,20250715_mem_organelle,fish1_mem_sg_mito_msc3,roi2,1.0,fish1,,,roi2,2.0,mem sg mito msc3,[],,20250715_mem_organelle,,,,,,,,,,inferred,20250715,1,inferred,20250715::20250715_mem_organelle::1,41,1,2,20250715-plate41-slot1-roi2
20250715_mem_organelle,fish2_24hpf_mem_mito_msc3_er_halo,roi1_eye,roi1_eye,1922.0,/clusterfs/vast/abcabc/Korra_Foundation/20250715_mem_organelle/fish2_24hpf_mem_mito_msc3_er_halo/roi1_eye,korra,korra,korra,20250715,20250715_mem_organelle,fish2_24hpf_mem_mito_msc3_er_halo,roi1_eye,2.0,fish2,24hpf,24.0,roi1,1.0,mem mito msc3 er halo,['eye'],eye,20250715_mem_organelle,,,,,,,,,,inferred,20250715,1,inferred,20250715::20250715_mem_organelle::1,41,2,1,20250715-plate41-slot2-roi1
20250715_mem_organelle,fish3_24hpf_mem_mito_msc3_er_halo,roi1,roi1,960.0,/clusterfs/vast/abcabc/Korra_Foundation/20250715_mem_organelle/fish3_24hpf_mem_mito_msc3_er_halo/roi1,korra,korra,korra,20250715,20250715_mem_organelle,fish3_24hpf_mem_mito_msc3_er_halo,roi1,3.0,fish3,24hpf,24.0,roi1,1.0,mem mito msc3 er halo,[],,20250715_mem_organelle,,,,,,,,,,inferred,20250715,1,inferred,20250715::20250715_mem_organelle::1,41,3,1,20250715-plate41-slot3-roi1
20250715_mem_organelle,fish3_24hpf_mem_mito_msc3_er_halo,roi2,roi2,960.0,/clusterfs/vast/abcabc/Korra_Foundation/20250715_mem_organelle/fish3_24hpf_mem_mito_msc3_er_halo/roi2,korra,korra,korra,20250715,20250715_mem_organelle,fish3_24hpf_mem_mito_msc3_er_halo,roi2,3.0,fish3,24hpf,24.0,roi2,2.0,mem mito msc3 er halo,[],,20250715_mem_organelle,,,,,,,,,,inferred,20250715,1,inferred,20250715::20250715_mem_organelle::1,41,3,2,20250715-plate41-slot3-roi2
20250715_mem_organelle,fish4_24hpf_mem_mito_msc3_er_halo,roi1,roi1,960.0,/clusterfs/vast/abcabc/Korra_Foundation/20250715_mem_organelle/fish4_24hpf_mem_mito_msc3_er_halo/roi1,korra,korra,korra,20250715,20250715_mem_organelle,fish4_24hpf_mem_mito_msc3_er_halo,roi1,4.0,fish4,24hpf,24.0,roi1,1.0,mem mito msc3 er halo,[],,20250715_mem_organelle,,,,,,,,,,inferred,20250715,1,inferred,20250715::20250715_mem_organelle::1,41,4,1,20250715-plate41-slot4-roi1
20250715_mem_organelle,fish4_24hpf_mem_mito_msc3_er_halo,roi2,roi2,960.0,/clusterfs/vast/abcabc/Korra_Foundation/20250715_mem_organelle/fish4_24hpf_mem_mito_msc3_er_halo/roi2,korra,korra,korra,20250715,20250715_mem_organelle,fish4_24hpf_mem_mito_msc3_er_halo,roi2,4.0,fish4,24hpf,24.0,roi2,2.0,mem mito msc3 er halo,[],,20250715_mem_organelle,,,,,,,,,,inferred,20250715,1,inferred,20250715::20250715_mem_organelle::1,41,4,2,20250715-plate41-slot4-roi2
20250715_mem_organelle,fish4_24hpf_mem_mito_msc3_er_halo,roi3,roi3,960.0,/clusterfs/vast/abcabc/Korra_Foundation/20250715_mem_organelle/fish4_24hpf_mem_mito_msc3_er_halo/roi3,korra,korra,korra,20250715,20250715_mem_organelle,fish4_24hpf_mem_mito_msc3_er_halo,roi3,4.0,fish4,24hpf,24.0,roi3,3.0,mem mito msc3 er halo,[],,20250715_mem_organelle,,,,,,,,,,inferred,20250715,1,inferred,20250715::20250715_mem_organelle::1,41,4,3,20250715-plate41-slot4-roi3
20250715_mem_organelle,fish5_48hpf_mem_mito_halo_er_msc2,roi1,roi1,1329.0,/clusterfs/vast/abcabc/Korra_Foundation/20250715_mem_organelle/fish5_48hpf_mem_mito_halo_er_msc2/roi1,korra,korra,korra,20250715,20250715_mem_organelle,fish5_48hpf_mem_mito_halo_er_msc2,roi1,5.0,fish5,48hpf,48.0,roi1,1.0,mem mito halo er msc2,[],,20250715_mem_organelle,,,,,,,,,,inferred,20250715,1,inferred,20250715::20250715_mem_organelle::1,41,5,1,20250715-plate41-slot5-roi1
20250715_mem_organelle,fish5_48hpf_mem_mito_halo_er_msc2,roi2,roi2,1300.0,/clusterfs/vast/abcabc/Korra_Foundation/20250715_mem_organelle/fish5_48hpf_mem_mito_halo_er_msc2/roi2,korra,korra,korra,20250715,20250715_mem_organelle,fish5_48hpf_mem_mito_halo_er_msc2,roi2,5.0,fish5,48hpf,48.0,roi2,2.0,mem mito halo er msc2,[],,20250715_mem_organelle,,,,,,,,,,inferred,20250715,1,inferred,20250715::20250715_mem_organelle::1,41,5,2,20250715-plate41-slot5-roi2
20250715_mem_organelle,fish5_48hpf_mem_mito_halo_er_msc2,roi3,roi3,1300.0,/clusterfs/vast/abcabc/Korra_Foundation/20250715_mem_organelle/fish5_48hpf_mem_mito_halo_er_msc2/roi3,korra,korra,korra,20250715,20250715_mem_organelle,fish5_48hpf_mem_mito_halo_er_msc2,roi3,5.0,fish5,48hpf,48.0,roi3,3.0,mem mito halo er msc2,[],,20250715_mem_organelle,,,,,,,,,,inferred,20250715,1,inferred,20250715::20250715_mem_organelle::1,41,5,3,20250715-plate41-slot5-roi3
20250715_mem_organelle,fish5_48hpf_mem_mito_halo_er_msc2,roi4,roi4,1300.0,/clusterfs/vast/abcabc/Korra_Foundation/20250715_mem_organelle/fish5_48hpf_mem_mito_halo_er_msc2/roi4,korra,korra,korra,20250715,20250715_mem_organelle,fish5_48hpf_mem_mito_halo_er_msc2,roi4,5.0,fish5,48hpf,48.0,roi4,4.0,mem mito halo er msc2,[],,20250715_mem_organelle,,,,,,,,,,inferred,20250715,1,inferred,20250715::20250715_mem_organelle::1,41,5,4,20250715-plate41-slot5-roi4
20250715_mem_organelle,fish6_48hpf_mem_mito_halo_er_msc2,roi1,roi1,1300.0,/clusterfs/vast/abcabc/Korra_Foundation/20250715_mem_organelle/fish6_48hpf_mem_mito_halo_er_msc2/roi1,korra,korra,korra,20250715,20250715_mem_organelle,fish6_48hpf_mem_mito_halo_er_msc2,roi1,6.0,fish6,48hpf,48.0,roi1,1.0,mem mito halo er msc2,[],,20250715_mem_organelle,,,,,,,,,,inferred,20250715,1,inferred,20250715::20250715_mem_organelle::1,41,6,1,20250715-plate41-slot6-roi1
20250715_mem_organelle,fish6_48hpf_mem_mito_halo_er_msc2,roi2,roi2,1300.0,/clusterfs/vast/abcabc/Korra_Foundation/20250715_mem_organelle/fish6_48hpf_mem_mito_halo_er_msc2/roi2,korra,korra,korra,20250715,20250715_mem_organelle,fish6_48hpf_mem_mito_halo_er_msc2,roi2,6.0,fish6,48hpf,48.0,roi2,2.0,mem mito halo er msc2,[],,20250715_mem_organelle,,,,,,,,,,inferred,20250715,1,inferred,20250715::20250715_mem_organelle::1,41,6,2,20250715-plate41-slot6-roi2
20250715_mem_organelle,fish6_48hpf_mem_mito_halo_er_msc2,roi3,roi3,1300.0,/clusterfs/vast/abcabc/Korra_Foundation/20250715_mem_organelle/fish6_48hpf_mem_mito_halo_er_msc2/roi3,korra,korra,korra,20250715,20250715_mem_organelle,fish6_48hpf_mem_mito_halo_er_msc2,roi3,6.0,fish6,48hpf,48.0,roi3,3.0,mem mito halo er msc2,[],,20250715_mem_organelle,,,,,,,,,,inferred,20250715,1,inferred,20250715::20250715_mem_organelle::1,41,6,3,20250715-plate41-slot6-roi3
20250715_mem_organelle,fish6_48hpf_mem_mito_halo_er_msc2,roi4,roi4,1300.0,/clusterfs/vast/abcabc/Korra_Foundation/20250715_mem_organelle/fish6_48hpf_mem_mito_halo_er_msc2/roi4,korra,korra,korra,20250715,20250715_mem_organelle,fish6_48hpf_mem_mito_halo_er_msc2,roi4,6.0,fish6,48hpf,48.0,roi4,4.0,mem mito halo er msc2,[],,20250715_mem_organelle,,,,,,,,,,inferred,20250715,1,inferred,20250715::20250715_mem_organelle::1,41,6,4,20250715-plate41-slot6-roi4
20250715_mem_organelle,fish6_48hpf_mem_mito_halo_er_msc2,roi5,roi5,1300.0,/clusterfs/vast/abcabc/Korra_Foundation/20250715_mem_organelle/fish6_48hpf_mem_mito_halo_er_msc2/roi5,korra,korra,korra,20250715,20250715_mem_organelle,fish6_48hpf_mem_mito_halo_er_msc2,roi5,6.0,fish6,48hpf,48.0,roi5,5.0,mem mito halo er msc2,[],,20250715_mem_organelle,,,,,,,,,,inferred,20250715,1,inferred,20250715::20250715_mem_organelle::1,41,6,5,20250715-plate41-slot6-roi5
20250715_mem_organelle,fish7_48hpf_mem_mito_halo_er_msc2,roi1,roi1,1300.0,/clusterfs/vast/abcabc/Korra_Foundation/20250715_mem_organelle/fish7_48hpf_mem_mito_halo_er_msc2/roi1,korra,korra,korra,20250715,20250715_mem_organelle,fish7_48hpf_mem_mito_halo_er_msc2,roi1,7.0,fish7,48hpf,48.0,roi1,1.0,mem mito halo er msc2,[],,20250715_mem_organelle,,,,,,,,,,inferred,20250715,2,inferred,20250715::20250715_mem_organelle::2,42,1,1,20250715-plate42-slot1-roi1
20250715_mem_organelle,fish8_72hpf_mem_mito_msc3_er_halo,roi1,roi1,1300.0,/clusterfs/vast/abcabc/Korra_Foundation/20250715_mem_organelle/fish8_72hpf_mem_mito_msc3_er_halo/roi1,korra,korra,korra,20250715,20250715_mem_organelle,fish8_72hpf_mem_mito_msc3_er_halo,roi1,8.0,fish8,72hpf,72.0,roi1,1.0,mem mito msc3 er halo,[],,20250715_mem_organelle,,,,,,,,,,inferred,20250715,2,inferred,20250715::20250715_mem_organelle::2,42,2,1,20250715-plate42-slot2-roi1
20250715_mem_organelle,fish8_72hpf_mem_mito_msc3_er_halo,roi2,roi2,1300.0,/clusterfs/vast/abcabc/Korra_Foundation/20250715_mem_organelle/fish8_72hpf_mem_mito_msc3_er_halo/roi2,korra,korra,korra,20250715,20250715_mem_organelle,fish8_72hpf_mem_mito_msc3_er_halo,roi2,8.0,fish8,72hpf,72.0,roi2,2.0,mem mito msc3 er halo,[],,20250715_mem_organelle,,,,,,,,,,inferred,20250715,2,inferred,20250715::20250715_mem_organelle::2,42,2,2,20250715-plate42-slot2-roi2
20250715_mem_organelle,fish8_72hpf_mem_mito_msc3_er_halo,roi3,roi3,1300.0,/clusterfs/vast/abcabc/Korra_Foundation/20250715_mem_organelle/fish8_72hpf_mem_mito_msc3_er_halo/roi3,korra,korra,korra,20250715,20250715_mem_organelle,fish8_72hpf_mem_mito_msc3_er_halo,roi3,8.0,fish8,72hpf,72.0,roi3,3.0,mem mito msc3 er halo,[],,20250715_mem_organelle,,,,,,,,,,inferred,20250715,2,inferred,20250715::20250715_mem_organelle::2,42,2,3,20250715-plate42-slot2-roi3
20250723_mem-halo_ER-mSG,fish3_48hpf,roi1_mb,roi1_mb,65.0,/clusterfs/vast/abcabc/Korra_Foundation/20250723_mem-halo_ER-mSG/fish3_48hpf/roi1_mb,korra,korra,korra,20250723,20250723_mem-halo_ER-mSG,fish3_48hpf,roi1_mb,3.0,fish3,48hpf,48.0,roi1,1.0,,['mb'],mb,20250723_mem-halo_ER-mSG,,,,,,,,,,inferred,20250723,1,inferred,20250723::20250723_mem-halo_ER-mSG::1,43,1,1,20250723-plate43-slot1-roi1
20250723_mem-halo_ER-mSG,fish3_48hpf,roi2,roi2,81.0,/clusterfs/vast/abcabc/Korra_Foundation/20250723_mem-halo_ER-mSG/fish3_48hpf/roi2,korra,korra,korra,20250723,20250723_mem-halo_ER-mSG,fish3_48hpf,roi2,3.0,fish3,48hpf,48.0,roi2,2.0,,[],,20250723_mem-halo_ER-mSG,,,,,,,,,,inferred,20250723,1,inferred,20250723::20250723_mem-halo_ER-mSG::1,43,1,2,20250723-plate43-slot1-roi2
20250723_mem-halo_ER-mSG,fish3_48hpf,roi3,roi3,227.0,/clusterfs/vast/abcabc/Korra_Foundation/20250723_mem-halo_ER-mSG/fish3_48hpf/roi3,korra,korra,korra,20250723,20250723_mem-halo_ER-mSG,fish3_48hpf,roi3,3.0,fish3,48hpf,48.0,roi3,3.0,,[],,20250723_mem-halo_ER-mSG,,,,,,,,,,inferred,20250723,1,inferred,20250723::20250723_mem-halo_ER-mSG::1,43,1,3,20250723-plate43-slot1-roi3
20250723_mem-halo_ER-mSG,fish3_48hpf,roi4,roi4,243.0,/clusterfs/vast/abcabc/Korra_Foundation/20250723_mem-halo_ER-mSG/fish3_48hpf/roi4,korra,korra,korra,20250723,20250723_mem-halo_ER-mSG,fish3_48hpf,roi4,3.0,fish3,48hpf,48.0,roi4,4.0,,[],,20250723_mem-halo_ER-mSG,,,,,,,,,,inferred,20250723,1,inferred,20250723::20250723_mem-halo_ER-mSG::1,43,1,4,20250723-plate43-slot1-roi4
20250723_mem-halo_ER-mSG,fish3_48hpf,roi5,roi5,243.0,/clusterfs/vast/abcabc/Korra_Foundation/20250723_mem-halo_ER-mSG/fish3_48hpf/roi5,korra,korra,korra,20250723,20250723_mem-halo_ER-mSG,fish3_48hpf,roi5,3.0,fish3,48hpf,48.0,roi5,5.0,,[],,20250723_mem-halo_ER-mSG,,,,,,,,,,inferred,20250723,1,inferred,20250723::20250723_mem-halo_ER-mSG::1,43,1,5,20250723-plate43-slot1-roi5
20250723_mem-halo_ER-mSG,fish3_48hpf,roi6,roi6,243.0,/clusterfs/vast/abcabc/Korra_Foundation/20250723_mem-halo_ER-mSG/fish3_48hpf/roi6,korra,korra,korra,20250723,20250723_mem-halo_ER-mSG,fish3_48hpf,roi6,3.0,fish3,48hpf,48.0,roi6,6.0,,[],,20250723_mem-halo_ER-mSG,,,,,,,,,,inferred,20250723,1,inferred,20250723::20250723_mem-halo_ER-mSG::1,43,1,6,20250723-plate43-slot1-roi6
20250728_mem-histone,fish1_roi1,fish1_roi1,fish1_roi1,2160.0,/clusterfs/vast/abcabc/Korra_Foundation/20250728_mem-histone/fish1_roi1,korra,korra,korra,20250728,20250728_mem-histone,fish1_roi1,fish1_roi1,1.0,fish1,,,roi1,1.0,,[],,20250728_mem-histone,,,,,,,,,,inferred,20250728,1,inferred,20250728::20250728_mem-histone::1,44,1,1,20250728-plate44-slot1-roi1
20250728_mem-histone,fish1_roi2,fish1_roi2,fish1_roi2,2400.0,/clusterfs/vast/abcabc/Korra_Foundation/20250728_mem-histone/fish1_roi2,korra,korra,korra,20250728,20250728_mem-histone,fish1_roi2,fish1_roi2,1.0,fish1,,,roi2,2.0,,[],,20250728_mem-histone,,,,,,,,,,inferred,20250728,1,inferred,20250728::20250728_mem-histone::1,44,1,2,20250728-plate44-slot1-roi2
20250801_mem-PCNA,fish1_roi1,fish1_roi1,fish1_roi1,1344.0,/clusterfs/vast/abcabc/Korra_Foundation/20250801_mem-PCNA/fish1_roi1,korra,korra,korra,20250801,20250801_mem-PCNA,fish1_roi1,fish1_roi1,1.0,fish1,,,roi1,1.0,,[],,20250801_mem-PCNA,,,,,,,,,,inferred,20250801,1,inferred,20250801::20250801_mem-PCNA::1,45,1,1,20250801-plate45-slot1-roi1
20250801_mem-PCNA,fish2_roi1,fish2_roi1,fish2_roi1,1104.0,/clusterfs/vast/abcabc/Korra_Foundation/20250801_mem-PCNA/fish2_roi1,korra,korra,korra,20250801,20250801_mem-PCNA,fish2_roi1,fish2_roi1,2.0,fish2,,,roi1,1.0,,[],,20250801_mem-PCNA,,,,,,,,,,inferred,20250801,1,inferred,20250801::20250801_mem-PCNA::1,45,2,1,20250801-plate45-slot2-roi1
20250801_mem-PCNA,fish3_72hpf_roi1,fish3_72hpf_roi1,fish3_72hpf_roi1,6226.0,/clusterfs/vast/abcabc/Korra_Foundation/20250801_mem-PCNA/fish3_72hpf_roi1,korra,korra,korra,20250801,20250801_mem-PCNA,fish3_72hpf_roi1,fish3_72hpf_roi1,3.0,fish3,72hpf,72.0,roi1,1.0,,[],,20250801_mem-PCNA,,,,,,,,,,inferred,20250801,1,inferred,20250801::20250801_mem-PCNA::1,45,3,1,20250801-plate45-slot3-roi1
20251010_mem-histone,fish1_24hpf_roi1,fish1_24hpf_roi1,fish1_24hpf_roi1,9216.0,/clusterfs/vast/abcabc/Korra_Foundation/20251010_mem-histone/fish1_24hpf_roi1,korra,korra,korra,20251010,20251010_mem-histone,fish1_24hpf_roi1,fish1_24hpf_roi1,1.0,fish1,24hpf,24.0,roi1,1.0,,[],,20251010_mem-histone,,,,,,,,,,inferred,20251010,1,inferred,20251010::20251010_mem-histone::1,46,1,1,20251010-plate46-slot1-roi1
20251013_mem-histone,fish1_96hpf_roi0_test,fish1_96hpf_roi0_test,fish1_96hpf_roi0_test,2986.0,/clusterfs/vast/abcabc/Korra_Foundation/20251013_mem-histone/fish1_96hpf_roi0_test,korra,korra,korra,20251013,20251013_mem-histone,fish1_96hpf_roi0_test,fish1_96hpf_roi0_test,1.0,fish1,96hpf,96.0,roi0,0.0,test,['test'],test,20251013_mem-histone,,,,,,,,,,inferred,20251013,1,inferred,20251013::20251013_mem-histone::1,47,1,1,20251013-plate47-slot1-roi1
20251013_mem-histone,fish1_96hpf_roi1,fish1_96hpf_roi1,fish1_96hpf_roi1,2880.0,/clusterfs/vast/abcabc/Korra_Foundation/20251013_mem-histone/fish1_96hpf_roi1,korra,korra,korra,20251013,20251013_mem-histone,fish1_96hpf_roi1,fish1_96hpf_roi1,1.0,fish1,96hpf,96.0,roi1,1.0,,[],,20251013_mem-histone,,,,,,,,,,inferred,20251013,1,inferred,20251013::20251013_mem-histone::1,47,1,2,20251013-plate47-slot1-roi2
20251013_mem-histone,fish1_96hpf_roi2,fish1_96hpf_roi2,fish1_96hpf_roi2,2880.0,/clusterfs/vast/abcabc/Korra_Foundation/20251013_mem-histone/fish1_96hpf_roi2,korra,korra,korra,20251013,20251013_mem-histone,fish1_96hpf_roi2,fish1_96hpf_roi2,1.0,fish1,96hpf,96.0,roi2,2.0,,[],,20251013_mem-histone,,,,,,,,,,inferred,20251013,1,inferred,20251013::20251013_mem-histone::1,47,1,4,20251013-plate47-slot1-roi4
20251013_mem-histone,fish1_96hpf_roi3,fish1_96hpf_roi3,fish1_96hpf_roi3,2880.0,/clusterfs/vast/abcabc/Korra_Foundation/20251013_mem-histone/fish1_96hpf_roi3,korra,korra,korra,20251013,20251013_mem-histone,fish1_96hpf_roi3,fish1_96hpf_roi3,1.0,fish1,96hpf,96.0,roi3,3.0,,[],,20251013_mem-histone,,,,,,,,,,inferred,20251013,1,inferred,20251013::20251013_mem-histone::1,47,1,5,20251013-plate47-slot1-roi5
20251013_mem-histone,fish2_96hpf_roi1,fish2_96hpf_roi1,fish2_96hpf_roi1,2880.0,/clusterfs/vast/abcabc/Korra_Foundation/20251013_mem-histone/fish2_96hpf_roi1,korra,korra,korra,20251013,20251013_mem-histone,fish2_96hpf_roi1,fish2_96hpf_roi1,2.0,fish2,96hpf,96.0,roi1,1.0,,[],,20251013_mem-histone,,,,,,,,,,inferred,20251013,1,inferred,20251013::20251013_mem-histone::1,47,2,1,20251013-plate47-slot2-roi1
20251013_mem-histone,fish2_96hpf_roi2,fish2_96hpf_roi2,fish2_96hpf_roi2,2880.0,/clusterfs/vast/abcabc/Korra_Foundation/20251013_mem-histone/fish2_96hpf_roi2,korra,korra,korra,20251013,20251013_mem-histone,fish2_96hpf_roi2,fish2_96hpf_roi2,2.0,fish2,96hpf,96.0,roi2,2.0,,[],,20251013_mem-histone,,,,,,,,,,inferred,20251013,1,inferred,20251013::20251013_mem-histone::1,47,2,2,20251013-plate47-slot2-roi2
20251013_mem-histone,fish3_96hpf_roi1,fish3_96hpf_roi1,fish3_96hpf_roi1,2880.0,/clusterfs/vast/abcabc/Korra_Foundation/20251013_mem-histone/fish3_96hpf_roi1,korra,korra,korra,20251013,20251013_mem-histone,fish3_96hpf_roi1,fish3_96hpf_roi1,3.0,fish3,96hpf,96.0,roi1,1.0,,[],,20251013_mem-histone,,,,,,,,,,inferred,20251013,1,inferred,20251013::20251013_mem-histone::1,47,3,1,20251013-plate47-slot3-roi1
20251013_mem-histone,fish3_96hpf_roi2,fish3_96hpf_roi2,fish3_96hpf_roi2,2880.0,/clusterfs/vast/abcabc/Korra_Foundation/20251013_mem-histone/fish3_96hpf_roi2,korra,korra,korra,20251013,20251013_mem-histone,fish3_96hpf_roi2,fish3_96hpf_roi2,3.0,fish3,96hpf,96.0,roi2,2.0,,[],,20251013_mem-histone,,,,,,,,,,inferred,20251013,1,inferred,20251013::20251013_mem-histone::1,47,3,3,20251013-plate47-slot3-roi3
20251013_mem-histone,fish3_96hpf_roi3,fish3_96hpf_roi3,fish3_96hpf_roi3,2880.0,/clusterfs/vast/abcabc/Korra_Foundation/20251013_mem-histone/fish3_96hpf_roi3,korra,korra,korra,20251013,20251013_mem-histone,fish3_96hpf_roi3,fish3_96hpf_roi3,3.0,fish3,96hpf,96.0,roi3,3.0,,[],,20251013_mem-histone,,,,,,,,,,inferred,20251013,1,inferred,20251013::20251013_mem-histone::1,47,3,5,20251013-plate47-slot3-roi5
20251015_mem-histone,fish1_48hpf_roi1,fish1_48hpf_roi1,fish1_48hpf_roi1,2880.0,/clusterfs/vast/abcabc/Korra_Foundation/20251015_mem-histone/fish1_48hpf_roi1,korra,korra,korra,20251015,20251015_mem-histone,fish1_48hpf_roi1,fish1_48hpf_roi1,1.0,fish1,48hpf,48.0,roi1,1.0,,[],,20251015_mem-histone,,,,,,,,,,inferred,20251015,1,inferred,20251015::20251015_mem-histone::1,48,1,1,20251015-plate48-slot1-roi1
20251015_mem-histone,fish2_48hpf_roi1,fish2_48hpf_roi1,fish2_48hpf_roi1,2880.0,/clusterfs/vast/abcabc/Korra_Foundation/20251015_mem-histone/fish2_48hpf_roi1,korra,korra,korra,20251015,20251015_mem-histone,fish2_48hpf_roi1,fish2_48hpf_roi1,2.0,fish2,48hpf,48.0,roi1,1.0,,[],,20251015_mem-histone,,,,,,,,,,inferred,20251015,1,inferred,20251015::20251015_mem-histone::1,48,2,1,20251015-plate48-slot2-roi1
20251015_mem-histone,fish3_48hpf_roi1,fish3_48hpf_roi1,fish3_48hpf_roi1,2880.0,/clusterfs/vast/abcabc/Korra_Foundation/20251015_mem-histone/fish3_48hpf_roi1,korra,korra,korra,20251015,20251015_mem-histone,fish3_48hpf_roi1,fish3_48hpf_roi1,3.0,fish3,48hpf,48.0,roi1,1.0,,[],,20251015_mem-histone,,,,,,,,,,inferred,20251015,1,inferred,20251015::20251015_mem-histone::1,48,3,1,20251015-plate48-slot3-roi1
20251015_mem-histone,fish3_48hpf_roi2,fish3_48hpf_roi2,fish3_48hpf_roi2,2880.0,/clusterfs/vast/abcabc/Korra_Foundation/20251015_mem-histone/fish3_48hpf_roi2,korra,korra,korra,20251015,20251015_mem-histone,fish3_48hpf_roi2,fish3_48hpf_roi2,3.0,fish3,48hpf,48.0,roi2,2.0,,[],,20251015_mem-histone,,,,,,,,,,inferred,20251015,1,inferred,20251015::20251015_mem-histone::1,48,3,3,20251015-plate48-slot3-roi3
20251015_mem-histone,fish4_48hpf_roi1,fish4_48hpf_roi1,fish4_48hpf_roi1,2880.0,/clusterfs/vast/abcabc/Korra_Foundation/20251015_mem-histone/fish4_48hpf_roi1,korra,korra,korra,20251015,20251015_mem-histone,fish4_48hpf_roi1,fish4_48hpf_roi1,4.0,fish4,48hpf,48.0,roi1,1.0,,[],,20251015_mem-histone,,,,,,,,,,inferred,20251015,1,inferred,20251015::20251015_mem-histone::1,48,4,1,20251015-plate48-slot4-roi1
20251016_mem-histone,fish1_72hpf_roi1,fish1_72hpf_roi1,fish1_72hpf_roi1,2880.0,/clusterfs/vast/abcabc/Korra_Foundation/20251016_mem-histone/fish1_72hpf_roi1,korra,korra,korra,20251016,20251016_mem-histone,fish1_72hpf_roi1,fish1_72hpf_roi1,1.0,fish1,72hpf,72.0,roi1,1.0,,[],,20251016_mem-histone,,,,,,,,,,inferred,20251016,1,inferred,20251016::20251016_mem-histone::1,49,1,1,20251016-plate49-slot1-roi1
20251016_mem-histone,fish2_72hpf_roi1,fish2_72hpf_roi1,fish2_72hpf_roi1,2880.0,/clusterfs/vast/abcabc/Korra_Foundation/20251016_mem-histone/fish2_72hpf_roi1,korra,korra,korra,20251016,20251016_mem-histone,fish2_72hpf_roi1,fish2_72hpf_roi1,2.0,fish2,72hpf,72.0,roi1,1.0,,[],,20251016_mem-histone,,,,,,,,,,inferred,20251016,1,inferred,20251016::20251016_mem-histone::1,49,2,1,20251016-plate49-slot2-roi1
20251016_mem-histone,fish2_72hpf_roi2,fish2_72hpf_roi2,fish2_72hpf_roi2,2880.0,/clusterfs/vast/abcabc/Korra_Foundation/20251016_mem-histone/fish2_72hpf_roi2,korra,korra,korra,20251016,20251016_mem-histone,fish2_72hpf_roi2,fish2_72hpf_roi2,2.0,fish2,72hpf,72.0,roi2,2.0,,[],,20251016_mem-histone,,,,,,,,,,inferred,20251016,1,inferred,20251016::20251016_mem-histone::1,49,2,2,20251016-plate49-slot2-roi2
20251016_mem-histone,fish2_72hpf_roi3,fish2_72hpf_roi3,fish2_72hpf_roi3,2880.0,/clusterfs/vast/abcabc/Korra_Foundation/20251016_mem-histone/fish2_72hpf_roi3,korra,korra,korra,20251016,20251016_mem-histone,fish2_72hpf_roi3,fish2_72hpf_roi3,2.0,fish2,72hpf,72.0,roi3,3.0,,[],,20251016_mem-histone,,,,,,,,,,inferred,20251016,1,inferred,20251016::20251016_mem-histone::1,49,2,3,20251016-plate49-slot2-roi3
20251016_mem-histone,fish3_72hpf_roi1,fish3_72hpf_roi1,fish3_72hpf_roi1,2880.0,/clusterfs/vast/abcabc/Korra_Foundation/20251016_mem-histone/fish3_72hpf_roi1,korra,korra,korra,20251016,20251016_mem-histone,fish3_72hpf_roi1,fish3_72hpf_roi1,3.0,fish3,72hpf,72.0,roi1,1.0,,[],,20251016_mem-histone,,,,,,,,,,inferred,20251016,1,inferred,20251016::20251016_mem-histone::1,49,3,1,20251016-plate49-slot3-roi1
20251016_mem-histone,fish3_72hpf_roi2,fish3_72hpf_roi2,fish3_72hpf_roi2,2880.0,/clusterfs/vast/abcabc/Korra_Foundation/20251016_mem-histone/fish3_72hpf_roi2,korra,korra,korra,20251016,20251016_mem-histone,fish3_72hpf_roi2,fish3_72hpf_roi2,3.0,fish3,72hpf,72.0,roi2,2.0,,[],,20251016_mem-histone,,,,,,,,,,inferred,20251016,1,inferred,20251016::20251016_mem-histone::1,49,3,2,20251016-plate49-slot3-roi2
20251017_microtubules,fish2_24hpf_roi1_test,fish2_24hpf_roi1_test,fish2_24hpf_roi1_test,2880.0,/clusterfs/vast/abcabc/Korra_Foundation/20251017_microtubules/fish2_24hpf_roi1_test,korra,korra,korra,20251017,20251017_microtubules,fish2_24hpf_roi1_test,fish2_24hpf_roi1_test,2.0,fish2,24hpf,24.0,roi1,1.0,test,['test'],test,20251017_microtubules,,,,,,,,,,inferred,20251017,1,inferred,20251017::20251017_microtubules::1,50,1,1,20251017-plate50-slot1-roi1
20251020_mem-histone,fish1_72hpf_roi1,fish1_72hpf_roi1,fish1_72hpf_roi1,2880.0,/clusterfs/vast/abcabc/Korra_Foundation/20251020_mem-histone/fish1_72hpf_roi1,korra,korra,korra,20251020,20251020_mem-histone,fish1_72hpf_roi1,fish1_72hpf_roi1,1.0,fish1,72hpf,72.0,roi1,1.0,,[],,20251020_mem-histone,,,,,,,,,,inferred,20251020,1,inferred,20251020::20251020_mem-histone::1,51,1,1,20251020-plate51-slot1-roi1
20251020_mem-histone,fish1_72hpf_roi2,fish1_72hpf_roi2,fish1_72hpf_roi2,2880.0,/clusterfs/vast/abcabc/Korra_Foundation/20251020_mem-histone/fish1_72hpf_roi2,korra,korra,korra,20251020,20251020_mem-histone,fish1_72hpf_roi2,fish1_72hpf_roi2,1.0,fish1,72hpf,72.0,roi2,2.0,,[],,20251020_mem-histone,,,,,,,,,,inferred,20251020,1,inferred,20251020::20251020_mem-histone::1,51,1,3,20251020-plate51-slot1-roi3
20251020_mem-histone,fish1_72hpf_roi3,fish1_72hpf_roi3,fish1_72hpf_roi3,2880.0,/clusterfs/vast/abcabc/Korra_Foundation/20251020_mem-histone/fish1_72hpf_roi3,korra,korra,korra,20251020,20251020_mem-histone,fish1_72hpf_roi3,fish1_72hpf_roi3,1.0,fish1,72hpf,72.0,roi3,3.0,,[],,20251020_mem-histone,,,,,,,,,,inferred,20251020,1,inferred,20251020::20251020_mem-histone::1,51,1,5,20251020-plate51-slot1-roi5
20251020_mem-histone,fish1_72hpf_roi4,fish1_72hpf_roi4,fish1_72hpf_roi4,2880.0,/clusterfs/vast/abcabc/Korra_Foundation/20251020_mem-histone/fish1_72hpf_roi4,korra,korra,korra,20251020,20251020_mem-histone,fish1_72hpf_roi4,fish1_72hpf_roi4,1.0,fish1,72hpf,72.0,roi4,4.0,,[],,20251020_mem-histone,,,,,,,,,,inferred,20251020,1,inferred,20251020::20251020_mem-histone::1,51,1,7,20251020-plate51-slot1-roi7
20251020_mem-histone,fish1_72hpf_roi5,fish1_72hpf_roi5,fish1_72hpf_roi5,2880.0,/clusterfs/vast/abcabc/Korra_Foundation/20251020_mem-histone/fish1_72hpf_roi5,korra,korra,korra,20251020,20251020_mem-histone,fish1_72hpf_roi5,fish1_72hpf_roi5,1.0,fish1,72hpf,72.0,roi5,5.0,,[],,20251020_mem-histone,,,,,,,,,,inferred,20251020,1,inferred,20251020::20251020_mem-histone::1,51,1,9,20251020-plate51-slot1-roi9
20251020_mem-histone,fish2_72hpf_roi1,fish2_72hpf_roi1,fish2_72hpf_roi1,2880.0,/clusterfs/vast/abcabc/Korra_Foundation/20251020_mem-histone/fish2_72hpf_roi1,korra,korra,korra,20251020,20251020_mem-histone,fish2_72hpf_roi1,fish2_72hpf_roi1,2.0,fish2,72hpf,72.0,roi1,1.0,,[],,20251020_mem-histone,,,,,,,,,,inferred,20251020,1,inferred,20251020::20251020_mem-histone::1,51,2,1,20251020-plate51-slot2-roi1
20251020_mem-histone,fish2_72hpf_roi2,fish2_72hpf_roi2,fish2_72hpf_roi2,2880.0,/clusterfs/vast/abcabc/Korra_Foundation/20251020_mem-histone/fish2_72hpf_roi2,korra,korra,korra,20251020,20251020_mem-histone,fish2_72hpf_roi2,fish2_72hpf_roi2,2.0,fish2,72hpf,72.0,roi2,2.0,,[],,20251020_mem-histone,,,,,,,,,,inferred,20251020,1,inferred,20251020::20251020_mem-histone::1,51,2,3,20251020-plate51-slot2-roi3
20251020_mem-histone,fish2_72hpf_roi3,fish2_72hpf_roi3,fish2_72hpf_roi3,104.0,/clusterfs/vast/abcabc/Korra_Foundation/20251020_mem-histone/fish2_72hpf_roi3,korra,korra,korra,20251020,20251020_mem-histone,fish2_72hpf_roi3,fish2_72hpf_roi3,2.0,fish2,72hpf,72.0,roi3,3.0,,[],,20251020_mem-histone,,,,,,,,,,inferred,20251020,1,inferred,20251020::20251020_mem-histone::1,51,2,5,20251020-plate51-slot2-roi5
20251022_mem-histone,fish1_24hpf_roi2,fish1_24hpf_roi2,fish1_24hpf_roi2,2880.0,/clusterfs/vast/abcabc/Korra_Foundation/20251022_mem-histone/fish1_24hpf_roi2,korra,korra,korra,20251022,20251022_mem-histone,fish1_24hpf_roi2,fish1_24hpf_roi2,1.0,fish1,24hpf,24.0,roi2,2.0,,[],,20251022_mem-histone,,,,,,,,,,inferred,20251022,1,inferred,20251022::20251022_mem-histone::1,52,1,1,20251022-plate52-slot1-roi1
20251022_mem-histone,fish1_24hpf_roi3,fish1_24hpf_roi3,fish1_24hpf_roi3,2880.0,/clusterfs/vast/abcabc/Korra_Foundation/20251022_mem-histone/fish1_24hpf_roi3,korra,korra,korra,20251022,20251022_mem-histone,fish1_24hpf_roi3,fish1_24hpf_roi3,1.0,fish1,24hpf,24.0,roi3,3.0,,[],,20251022_mem-histone,,,,,,,,,,inferred,20251022,1,inferred,20251022::20251022_mem-histone::1,52,1,2,20251022-plate52-slot1-roi2
20251022_mem-histone,fish2_24hpf_roi1,fish2_24hpf_roi1,fish2_24hpf_roi1,2880.0,/clusterfs/vast/abcabc/Korra_Foundation/20251022_mem-histone/fish2_24hpf_roi1,korra,korra,korra,20251022,20251022_mem-histone,fish2_24hpf_roi1,fish2_24hpf_roi1,2.0,fish2,24hpf,24.0,roi1,1.0,,[],,20251022_mem-histone,,,,,,,,,,inferred,20251022,1,inferred,20251022::20251022_mem-histone::1,52,2,1,20251022-plate52-slot2-roi1
20251022_mem-histone,fish2_24hpf_roi2,fish2_24hpf_roi2,fish2_24hpf_roi2,2880.0,/clusterfs/vast/abcabc/Korra_Foundation/20251022_mem-histone/fish2_24hpf_roi2,korra,korra,korra,20251022,20251022_mem-histone,fish2_24hpf_roi2,fish2_24hpf_roi2,2.0,fish2,24hpf,24.0,roi2,2.0,,[],,20251022_mem-histone,,,,,,,,,,inferred,20251022,1,inferred,20251022::20251022_mem-histone::1,52,2,2,20251022-plate52-slot2-roi2
20251022_mem-histone,fish2_24hpf_roi3,fish2_24hpf_roi3,fish2_24hpf_roi3,2880.0,/clusterfs/vast/abcabc/Korra_Foundation/20251022_mem-histone/fish2_24hpf_roi3,korra,korra,korra,20251022,20251022_mem-histone,fish2_24hpf_roi3,fish2_24hpf_roi3,2.0,fish2,24hpf,24.0,roi3,3.0,,[],,20251022_mem-histone,,,,,,,,,,inferred,20251022,1,inferred,20251022::20251022_mem-histone::1,52,2,3,20251022-plate52-slot2-roi3
20251022_mem-histone,fish3_24hpf_roi1,fish3_24hpf_roi1,fish3_24hpf_roi1,2880.0,/clusterfs/vast/abcabc/Korra_Foundation/20251022_mem-histone/fish3_24hpf_roi1,korra,korra,korra,20251022,20251022_mem-histone,fish3_24hpf_roi1,fish3_24hpf_roi1,3.0,fish3,24hpf,24.0,roi1,1.0,,[],,20251022_mem-histone,,,,,,,,,,inferred,20251022,1,inferred,20251022::20251022_mem-histone::1,52,3,1,20251022-plate52-slot3-roi1
20251022_mem-histone,fish3_24hpf_roi2,fish3_24hpf_roi2,fish3_24hpf_roi2,2880.0,/clusterfs/vast/abcabc/Korra_Foundation/20251022_mem-histone/fish3_24hpf_roi2,korra,korra,korra,20251022,20251022_mem-histone,fish3_24hpf_roi2,fish3_24hpf_roi2,3.0,fish3,24hpf,24.0,roi2,2.0,,[],,20251022_mem-histone,,,,,,,,,,inferred,20251022,1,inferred,20251022::20251022_mem-histone::1,52,3,2,20251022-plate52-slot3-roi2
20251022_mem-histone,fish4_24hpf_roi1,fish4_24hpf_roi1,fish4_24hpf_roi1,2880.0,/clusterfs/vast/abcabc/Korra_Foundation/20251022_mem-histone/fish4_24hpf_roi1,korra,korra,korra,20251022,20251022_mem-histone,fish4_24hpf_roi1,fish4_24hpf_roi1,4.0,fish4,24hpf,24.0,roi1,1.0,,[],,20251022_mem-histone,,,,,,,,,,inferred,20251022,1,inferred,20251022::20251022_mem-histone::1,52,4,1,20251022-plate52-slot4-roi1
20251022_mem-histone,fish4_24hpf_roi2,fish4_24hpf_roi2,fish4_24hpf_roi2,2880.0,/clusterfs/vast/abcabc/Korra_Foundation/20251022_mem-histone/fish4_24hpf_roi2,korra,korra,korra,20251022,20251022_mem-histone,fish4_24hpf_roi2,fish4_24hpf_roi2,4.0,fish4,24hpf,24.0,roi2,2.0,,[],,20251022_mem-histone,,,,,,,,,,inferred,20251022,1,inferred,20251022::20251022_mem-histone::1,52,4,2,20251022-plate52-slot4-roi2
20251022_mem-histone,fish4_24hpf_roi3,fish4_24hpf_roi3,fish4_24hpf_roi3,2880.0,/clusterfs/vast/abcabc/Korra_Foundation/20251022_mem-histone/fish4_24hpf_roi3,korra,korra,korra,20251022,20251022_mem-histone,fish4_24hpf_roi3,fish4_24hpf_roi3,4.0,fish4,24hpf,24.0,roi3,3.0,,[],,20251022_mem-histone,,,,,,,,,,inferred,20251022,1,inferred,20251022::20251022_mem-histone::1,52,4,3,20251022-plate52-slot4-roi3
20251024_mem-histone,fish2_72hpf_roi1,fish2_72hpf_roi1,fish2_72hpf_roi1,2880.0,/clusterfs/vast/abcabc/Korra_Foundation/20251024_mem-histone/fish2_72hpf_roi1,korra,korra,korra,20251024,20251024_mem-histone,fish2_72hpf_roi1,fish2_72hpf_roi1,2.0,fish2,72hpf,72.0,roi1,1.0,,[],,20251024_mem-histone,,,,,,,,,,inferred,20251024,1,inferred,20251024::20251024_mem-histone::1,53,1,1,20251024-plate53-slot1-roi1
20251024_mem-histone,fish2_72hpf_roi2,fish2_72hpf_roi2,fish2_72hpf_roi2,2880.0,/clusterfs/vast/abcabc/Korra_Foundation/20251024_mem-histone/fish2_72hpf_roi2,korra,korra,korra,20251024,20251024_mem-histone,fish2_72hpf_roi2,fish2_72hpf_roi2,2.0,fish2,72hpf,72.0,roi2,2.0,,[],,20251024_mem-histone,,,,,,,,,,inferred,20251024,1,inferred,20251024::20251024_mem-histone::1,53,1,2,20251024-plate53-slot1-roi2
20251024_mem-histone,fish2_72hpf_roi3,fish2_72hpf_roi3,fish2_72hpf_roi3,2880.0,/clusterfs/vast/abcabc/Korra_Foundation/20251024_mem-histone/fish2_72hpf_roi3,korra,korra,korra,20251024,20251024_mem-histone,fish2_72hpf_roi3,fish2_72hpf_roi3,2.0,fish2,72hpf,72.0,roi3,3.0,,[],,20251024_mem-histone,,,,,,,,,,inferred,20251024,1,inferred,20251024::20251024_mem-histone::1,53,1,3,20251024-plate53-slot1-roi3
20251024_mem-histone,fish3_72hpf_roi1,fish3_72hpf_roi1,fish3_72hpf_roi1,2880.0,/clusterfs/vast/abcabc/Korra_Foundation/20251024_mem-histone/fish3_72hpf_roi1,korra,korra,korra,20251024,20251024_mem-histone,fish3_72hpf_roi1,fish3_72hpf_roi1,3.0,fish3,72hpf,72.0,roi1,1.0,,[],,20251024_mem-histone,,,,,,,,,,inferred,20251024,1,inferred,20251024::20251024_mem-histone::1,53,2,1,20251024-plate53-slot2-roi1
20251024_mem-histone,fish3_72hpf_roi2,fish3_72hpf_roi2,fish3_72hpf_roi2,2880.0,/clusterfs/vast/abcabc/Korra_Foundation/20251024_mem-histone/fish3_72hpf_roi2,korra,korra,korra,20251024,20251024_mem-histone,fish3_72hpf_roi2,fish3_72hpf_roi2,3.0,fish3,72hpf,72.0,roi2,2.0,,[],,20251024_mem-histone,,,,,,,,,,inferred,20251024,1,inferred,20251024::20251024_mem-histone::1,53,2,2,20251024-plate53-slot2-roi2
20251024_mem-histone,fish3_72hpf_roi3,fish3_72hpf_roi3,fish3_72hpf_roi3,2880.0,/clusterfs/vast/abcabc/Korra_Foundation/20251024_mem-histone/fish3_72hpf_roi3,korra,korra,korra,20251024,20251024_mem-histone,fish3_72hpf_roi3,fish3_72hpf_roi3,3.0,fish3,72hpf,72.0,roi3,3.0,,[],,20251024_mem-histone,,,,,,,,,,inferred,20251024,1,inferred,20251024::20251024_mem-histone::1,53,2,3,20251024-plate53-slot2-roi3
20251024_mem-histone,fish3_72hpf_roi4,fish3_72hpf_roi4,fish3_72hpf_roi4,2880.0,/clusterfs/vast/abcabc/Korra_Foundation/20251024_mem-histone/fish3_72hpf_roi4,korra,korra,korra,20251024,20251024_mem-histone,fish3_72hpf_roi4,fish3_72hpf_roi4,3.0,fish3,72hpf,72.0,roi4,4.0,,[],,20251024_mem-histone,,,,,,,,,,inferred,20251024,1,inferred,20251024::20251024_mem-histone::1,53,2,4,20251024-plate53-slot2-roi4
20251024_mem-histone,fish3_72hpf_roi5,fish3_72hpf_roi5,fish3_72hpf_roi5,2880.0,/clusterfs/vast/abcabc/Korra_Foundation/20251024_mem-histone/fish3_72hpf_roi5,korra,korra,korra,20251024,20251024_mem-histone,fish3_72hpf_roi5,fish3_72hpf_roi5,3.0,fish3,72hpf,72.0,roi5,5.0,,[],,20251024_mem-histone,,,,,,,,,,inferred,20251024,1,inferred,20251024::20251024_mem-histone::1,53,2,5,20251024-plate53-slot2-roi5
20251027_mem-histone,fish3_72hpf_roi1,fish3_72hpf_roi1,fish3_72hpf_roi1,2880.0,/clusterfs/vast/abcabc/Korra_Foundation/20251027_mem-histone/fish3_72hpf_roi1,korra,korra,korra,20251027,20251027_mem-histone,fish3_72hpf_roi1,fish3_72hpf_roi1,3.0,fish3,72hpf,72.0,roi1,1.0,,[],,20251027_mem-histone,,,,,,,,,,inferred,20251027,1,inferred,20251027::20251027_mem-histone::1,54,2,8,20251027-plate54-slot2-roi8
20251027_mem-histone,fish3_72hpf_roi2,fish3_72hpf_roi2,fish3_72hpf_roi2,2880.0,/clusterfs/vast/abcabc/Korra_Foundation/20251027_mem-histone/fish3_72hpf_roi2,korra,korra,korra,20251027,20251027_mem-histone,fish3_72hpf_roi2,fish3_72hpf_roi2,3.0,fish3,72hpf,72.0,roi2,2.0,,[],,20251027_mem-histone,,,,,,,,,,inferred,20251027,1,inferred,20251027::20251027_mem-histone::1,54,2,9,20251027-plate54-slot2-roi9
20251027_mem-histone,fish3_72hpf_roi3,fish3_72hpf_roi3,fish3_72hpf_roi3,2880.0,/clusterfs/vast/abcabc/Korra_Foundation/20251027_mem-histone/fish3_72hpf_roi3,korra,korra,korra,20251027,20251027_mem-histone,fish3_72hpf_roi3,fish3_72hpf_roi3,3.0,fish3,72hpf,72.0,roi3,3.0,,[],,20251027_mem-histone,,,,,,,,,,inferred,20251027,1,inferred,20251027::20251027_mem-histone::1,54,2,10,20251027-plate54-slot2-roi10
20251027_mem-histone,fish3_72hpf_roi4,fish3_72hpf_roi4,fish3_72hpf_roi4,2880.0,/clusterfs/vast/abcabc/Korra_Foundation/20251027_mem-histone/fish3_72hpf_roi4,korra,korra,korra,20251027,20251027_mem-histone,fish3_72hpf_roi4,fish3_72hpf_roi4,3.0,fish3,72hpf,72.0,roi4,4.0,,[],,20251027_mem-histone,,,,,,,,,,inferred,20251027,1,inferred,20251027::20251027_mem-histone::1,54,2,11,20251027-plate54-slot2-roi11
20251029_mem-histone,fish2_24hpf_roi1,fish2_24hpf_roi1,fish2_24hpf_roi1,2880.0,/clusterfs/vast/abcabc/Korra_Foundation/20251029_mem-histone/fish2_24hpf_roi1,korra,korra,korra,20251029,20251029_mem-histone,fish2_24hpf_roi1,fish2_24hpf_roi1,2.0,fish2,24hpf,24.0,roi1,1.0,,[],,20251029_mem-histone,,,,,,,,,,inferred,20251029,1,inferred,20251029::20251029_mem-histone::1,55,1,1,20251029-plate55-slot1-roi1
20251029_mem-histone,fish3_24hpf_roi1,fish3_24hpf_roi1,fish3_24hpf_roi1,2880.0,/clusterfs/vast/abcabc/Korra_Foundation/20251029_mem-histone/fish3_24hpf_roi1,korra,korra,korra,20251029,20251029_mem-histone,fish3_24hpf_roi1,fish3_24hpf_roi1,3.0,fish3,24hpf,24.0,roi1,1.0,,[],,20251029_mem-histone,,,,,,,,,,inferred,20251029,1,inferred,20251029::20251029_mem-histone::1,55,2,1,20251029-plate55-slot2-roi1
20251029_mem-histone,fish5_24hpf_roi1,fish5_24hpf_roi1,fish5_24hpf_roi1,2880.0,/clusterfs/vast/abcabc/Korra_Foundation/20251029_mem-histone/fish5_24hpf_roi1,korra,korra,korra,20251029,20251029_mem-histone,fish5_24hpf_roi1,fish5_24hpf_roi1,5.0,fish5,24hpf,24.0,roi1,1.0,,[],,20251029_mem-histone,,,,,,,,,,inferred,20251029,1,inferred,20251029::20251029_mem-histone::1,55,3,1,20251029-plate55-slot3-roi1
20251029_mem-histone,fish5_24hpf_roi2,fish5_24hpf_roi2,fish5_24hpf_roi2,2880.0,/clusterfs/vast/abcabc/Korra_Foundation/20251029_mem-histone/fish5_24hpf_roi2,korra,korra,korra,20251029,20251029_mem-histone,fish5_24hpf_roi2,fish5_24hpf_roi2,5.0,fish5,24hpf,24.0,roi2,2.0,,[],,20251029_mem-histone,,,,,,,,,,inferred,20251029,1,inferred,20251029::20251029_mem-histone::1,55,3,2,20251029-plate55-slot3-roi2
20251106_mem-mito,fish1_48hpf_roi1,fish1_48hpf_roi1,fish1_48hpf_roi1,768.0,/clusterfs/vast/abcabc/Korra_Foundation/20251106_mem-mito/fish1_48hpf_roi1,korra,korra,korra,20251106,20251106_mem-mito,fish1_48hpf_roi1,fish1_48hpf_roi1,1.0,fish1,48hpf,48.0,roi1,1.0,,[],,20251106_mem-mito,,,,,,,,,,inferred,20251106,1,inferred,20251106::20251106_mem-mito::1,56,1,1,20251106-plate56-slot1-roi1
20251106_mem-mito,fish1_48hpf_roi2,fish1_48hpf_roi2,fish1_48hpf_roi2,768.0,/clusterfs/vast/abcabc/Korra_Foundation/20251106_mem-mito/fish1_48hpf_roi2,korra,korra,korra,20251106,20251106_mem-mito,fish1_48hpf_roi2,fish1_48hpf_roi2,1.0,fish1,48hpf,48.0,roi2,2.0,,[],,20251106_mem-mito,,,,,,,,,,inferred,20251106,1,inferred,20251106::20251106_mem-mito::1,56,1,3,20251106-plate56-slot1-roi3
20251106_mem-mito,fish1_48hpf_roi3,fish1_48hpf_roi3,fish1_48hpf_roi3,768.0,/clusterfs/vast/abcabc/Korra_Foundation/20251106_mem-mito/fish1_48hpf_roi3,korra,korra,korra,20251106,20251106_mem-mito,fish1_48hpf_roi3,fish1_48hpf_roi3,1.0,fish1,48hpf,48.0,roi3,3.0,,[],,20251106_mem-mito,,,,,,,,,,inferred,20251106,1,inferred,20251106::20251106_mem-mito::1,56,1,5,20251106-plate56-slot1-roi5
20251106_mem-mito,fish1_48hpf_roi4,fish1_48hpf_roi4,fish1_48hpf_roi4,768.0,/clusterfs/vast/abcabc/Korra_Foundation/20251106_mem-mito/fish1_48hpf_roi4,korra,korra,korra,20251106,20251106_mem-mito,fish1_48hpf_roi4,fish1_48hpf_roi4,1.0,fish1,48hpf,48.0,roi4,4.0,,[],,20251106_mem-mito,,,,,,,,,,inferred,20251106,1,inferred,20251106::20251106_mem-mito::1,56,1,6,20251106-plate56-slot1-roi6
20251106_mem-mito,fish1_48hpf_roi5,fish1_48hpf_roi5,fish1_48hpf_roi5,768.0,/clusterfs/vast/abcabc/Korra_Foundation/20251106_mem-mito/fish1_48hpf_roi5,korra,korra,korra,20251106,20251106_mem-mito,fish1_48hpf_roi5,fish1_48hpf_roi5,1.0,fish1,48hpf,48.0,roi5,5.0,,[],,20251106_mem-mito,,,,,,,,,,inferred,20251106,1,inferred,20251106::20251106_mem-mito::1,56,1,7,20251106-plate56-slot1-roi7
20251106_mem-mito,fish2_48hpf_roi1,fish2_48hpf_roi1,fish2_48hpf_roi1,1024.0,/clusterfs/vast/abcabc/Korra_Foundation/20251106_mem-mito/fish2_48hpf_roi1,korra,korra,korra,20251106,20251106_mem-mito,fish2_48hpf_roi1,fish2_48hpf_roi1,2.0,fish2,48hpf,48.0,roi1,1.0,,[],,20251106_mem-mito,,,,,,,,,,inferred,20251106,1,inferred,20251106::20251106_mem-mito::1,56,2,1,20251106-plate56-slot2-roi1
20251106_mem-mito,fish2_48hpf_roi2,fish2_48hpf_roi2,fish2_48hpf_roi2,1024.0,/clusterfs/vast/abcabc/Korra_Foundation/20251106_mem-mito/fish2_48hpf_roi2,korra,korra,korra,20251106,20251106_mem-mito,fish2_48hpf_roi2,fish2_48hpf_roi2,2.0,fish2,48hpf,48.0,roi2,2.0,,[],,20251106_mem-mito,,,,,,,,,,inferred,20251106,1,inferred,20251106::20251106_mem-mito::1,56,2,3,20251106-plate56-slot2-roi3
20251106_mem-mito,fish2_48hpf_roi3,fish2_48hpf_roi3,fish2_48hpf_roi3,1024.0,/clusterfs/vast/abcabc/Korra_Foundation/20251106_mem-mito/fish2_48hpf_roi3,korra,korra,korra,20251106,20251106_mem-mito,fish2_48hpf_roi3,fish2_48hpf_roi3,2.0,fish2,48hpf,48.0,roi3,3.0,,[],,20251106_mem-mito,,,,,,,,,,inferred,20251106,1,inferred,20251106::20251106_mem-mito::1,56,2,5,20251106-plate56-slot2-roi5
20251106_mem-mito,fish2_48hpf_roi4,fish2_48hpf_roi4,fish2_48hpf_roi4,1024.0,/clusterfs/vast/abcabc/Korra_Foundation/20251106_mem-mito/fish2_48hpf_roi4,korra,korra,korra,20251106,20251106_mem-mito,fish2_48hpf_roi4,fish2_48hpf_roi4,2.0,fish2,48hpf,48.0,roi4,4.0,,[],,20251106_mem-mito,,,,,,,,,,inferred,20251106,1,inferred,20251106::20251106_mem-mito::1,56,2,7,20251106-plate56-slot2-roi7
20251106_mem-mito,fish2_48hpf_roi5,fish2_48hpf_roi5,fish2_48hpf_roi5,1024.0,/clusterfs/vast/abcabc/Korra_Foundation/20251106_mem-mito/fish2_48hpf_roi5,korra,korra,korra,20251106,20251106_mem-mito,fish2_48hpf_roi5,fish2_48hpf_roi5,2.0,fish2,48hpf,48.0,roi5,5.0,,[],,20251106_mem-mito,,,,,,,,,,inferred,20251106,1,inferred,20251106::20251106_mem-mito::1,56,2,9,20251106-plate56-slot2-roi9
20251110_mem-histone,fish1_48hpf_roi1,fish1_48hpf_roi1,fish1_48hpf_roi1,12.0,/clusterfs/vast/abcabc/Korra_Foundation/20251110_mem-histone/fish1_48hpf_roi1,korra,korra,korra,20251110,20251110_mem-histone,fish1_48hpf_roi1,fish1_48hpf_roi1,1.0,fish1,48hpf,48.0,roi1,1.0,,[],,20251110_mem-histone,,,,,,,,,,inferred,20251110,1,inferred,20251110::20251110_mem-histone::1,57,1,1,20251110-plate57-slot1-roi1
20251110_mem-histone,fish1_48hpf_roi2,fish1_48hpf_roi2,fish1_48hpf_roi2,1920.0,/clusterfs/vast/abcabc/Korra_Foundation/20251110_mem-histone/fish1_48hpf_roi2,korra,korra,korra,20251110,20251110_mem-histone,fish1_48hpf_roi2,fish1_48hpf_roi2,1.0,fish1,48hpf,48.0,roi2,2.0,,[],,20251110_mem-histone,,,,,,,,,,inferred,20251110,1,inferred,20251110::20251110_mem-histone::1,57,1,2,20251110-plate57-slot1-roi2
20251110_mem-histone,fish2_48hpf_roi1,fish2_48hpf_roi1,fish2_48hpf_roi1,12.0,/clusterfs/vast/abcabc/Korra_Foundation/20251110_mem-histone/fish2_48hpf_roi1,korra,korra,korra,20251110,20251110_mem-histone,fish2_48hpf_roi1,fish2_48hpf_roi1,2.0,fish2,48hpf,48.0,roi1,1.0,,[],,20251110_mem-histone,,,,,,,,,,inferred,20251110,1,inferred,20251110::20251110_mem-histone::1,57,2,1,20251110-plate57-slot2-roi1
20251110_mem-histone,fish2_48hpf_roi1-2,fish2_48hpf_roi1-2,fish2_48hpf_roi1-2,3840.0,/clusterfs/vast/abcabc/Korra_Foundation/20251110_mem-histone/fish2_48hpf_roi1-2,korra,korra,korra,20251110,20251110_mem-histone,fish2_48hpf_roi1-2,fish2_48hpf_roi1-2,2.0,fish2,48hpf,48.0,,,roi1-2,"['fish2', 'roi1-2']",fish2|roi1-2,20251110_mem-histone,,,,,,,,,,inferred,20251110,1,inferred,20251110::20251110_mem-histone::1,57,2,2,20251110-plate57-slot2-roi2
20251110_mem-histone,fish3_48hpf_roi1,fish3_48hpf_roi1,fish3_48hpf_roi1,9360.0,/clusterfs/vast/abcabc/Korra_Foundation/20251110_mem-histone/fish3_48hpf_roi1,korra,korra,korra,20251110,20251110_mem-histone,fish3_48hpf_roi1,fish3_48hpf_roi1,3.0,fish3,48hpf,48.0,roi1,1.0,,[],,20251110_mem-histone,,,,,,,,,,inferred,20251110,1,inferred,20251110::20251110_mem-histone::1,57,3,1,20251110-plate57-slot3-roi1
20251110_mem-histone,fish4_48hpf_roi1,fish4_48hpf_roi1,fish4_48hpf_roi1,144.0,/clusterfs/vast/abcabc/Korra_Foundation/20251110_mem-histone/fish4_48hpf_roi1,korra,korra,korra,20251110,20251110_mem-histone,fish4_48hpf_roi1,fish4_48hpf_roi1,4.0,fish4,48hpf,48.0,roi1,1.0,,[],,20251110_mem-histone,,,,,,,,,,inferred,20251110,1,inferred,20251110::20251110_mem-histone::1,57,4,1,20251110-plate57-slot4-roi1
20251112_mem-mito,fish2_48hpf_roi1,fish2_48hpf_roi1,fish2_48hpf_roi1,1280.0,/clusterfs/vast/abcabc/Korra_Foundation/20251112_mem-mito/fish2_48hpf_roi1,korra,korra,korra,20251112,20251112_mem-mito,fish2_48hpf_roi1,fish2_48hpf_roi1,2.0,fish2,48hpf,48.0,roi1,1.0,,[],,20251112_mem-mito,,,,,,,,,,inferred,20251112,1,inferred,20251112::20251112_mem-mito::1,58,1,1,20251112-plate58-slot1-roi1
20251112_mem-mito,fish2_48hpf_roi2,fish2_48hpf_roi2,fish2_48hpf_roi2,1280.0,/clusterfs/vast/abcabc/Korra_Foundation/20251112_mem-mito/fish2_48hpf_roi2,korra,korra,korra,20251112,20251112_mem-mito,fish2_48hpf_roi2,fish2_48hpf_roi2,2.0,fish2,48hpf,48.0,roi2,2.0,,[],,20251112_mem-mito,,,,,,,,,,inferred,20251112,1,inferred,20251112::20251112_mem-mito::1,58,1,2,20251112-plate58-slot1-roi2
20251112_mem-mito,fish2_48hpf_roi3,fish2_48hpf_roi3,fish2_48hpf_roi3,1280.0,/clusterfs/vast/abcabc/Korra_Foundation/20251112_mem-mito/fish2_48hpf_roi3,korra,korra,korra,20251112,20251112_mem-mito,fish2_48hpf_roi3,fish2_48hpf_roi3,2.0,fish2,48hpf,48.0,roi3,3.0,,[],,20251112_mem-mito,,,,,,,,,,inferred,20251112,1,inferred,20251112::20251112_mem-mito::1,58,1,3,20251112-plate58-slot1-roi3
20251112_mem-mito,fish3_48hpf_roi1,fish3_48hpf_roi1,fish3_48hpf_roi1,1280.0,/clusterfs/vast/abcabc/Korra_Foundation/20251112_mem-mito/fish3_48hpf_roi1,korra,korra,korra,20251112,20251112_mem-mito,fish3_48hpf_roi1,fish3_48hpf_roi1,3.0,fish3,48hpf,48.0,roi1,1.0,,[],,20251112_mem-mito,,,,,,,,,,inferred,20251112,1,inferred,20251112::20251112_mem-mito::1,58,2,1,20251112-plate58-slot2-roi1
20251112_mem-mito,fish3_48hpf_roi2,fish3_48hpf_roi2,fish3_48hpf_roi2,1280.0,/clusterfs/vast/abcabc/Korra_Foundation/20251112_mem-mito/fish3_48hpf_roi2,korra,korra,korra,20251112,20251112_mem-mito,fish3_48hpf_roi2,fish3_48hpf_roi2,3.0,fish3,48hpf,48.0,roi2,2.0,,[],,20251112_mem-mito,,,,,,,,,,inferred,20251112,1,inferred,20251112::20251112_mem-mito::1,58,2,2,20251112-plate58-slot2-roi2
20251112_mem-mito,fish3_48hpf_roi3,fish3_48hpf_roi3,fish3_48hpf_roi3,1280.0,/clusterfs/vast/abcabc/Korra_Foundation/20251112_mem-mito/fish3_48hpf_roi3,korra,korra,korra,20251112,20251112_mem-mito,fish3_48hpf_roi3,fish3_48hpf_roi3,3.0,fish3,48hpf,48.0,roi3,3.0,,[],,20251112_mem-mito,,,,,,,,,,inferred,20251112,1,inferred,20251112::20251112_mem-mito::1,58,2,3,20251112-plate58-slot2-roi3
20251112_mem-mito,fish3_48hpf_roi4,fish3_48hpf_roi4,fish3_48hpf_roi4,1280.0,/clusterfs/vast/abcabc/Korra_Foundation/20251112_mem-mito/fish3_48hpf_roi4,korra,korra,korra,20251112,20251112_mem-mito,fish3_48hpf_roi4,fish3_48hpf_roi4,3.0,fish3,48hpf,48.0,roi4,4.0,,[],,20251112_mem-mito,,,,,,,,,,inferred,20251112,1,inferred,20251112::20251112_mem-mito::1,58,2,4,20251112-plate58-slot2-roi4
20251112_mem-mito,fish4_48hpf_roi1,fish4_48hpf_roi1,fish4_48hpf_roi1,1280.0,/clusterfs/vast/abcabc/Korra_Foundation/20251112_mem-mito/fish4_48hpf_roi1,korra,korra,korra,20251112,20251112_mem-mito,fish4_48hpf_roi1,fish4_48hpf_roi1,4.0,fish4,48hpf,48.0,roi1,1.0,,[],,20251112_mem-mito,,,,,,,,,,inferred,20251112,1,inferred,20251112::20251112_mem-mito::1,58,3,1,20251112-plate58-slot3-roi1
20251112_mem-mito,fish4_48hpf_roi2,fish4_48hpf_roi2,fish4_48hpf_roi2,852.0,/clusterfs/vast/abcabc/Korra_Foundation/20251112_mem-mito/fish4_48hpf_roi2,korra,korra,korra,20251112,20251112_mem-mito,fish4_48hpf_roi2,fish4_48hpf_roi2,4.0,fish4,48hpf,48.0,roi2,2.0,,[],,20251112_mem-mito,,,,,,,,,,inferred,20251112,1,inferred,20251112::20251112_mem-mito::1,58,3,2,20251112-plate58-slot3-roi2
20250722_mem-halo_er-mSG,fish1_24hpf_roi1,fish1_24hpf_roi1,fish1_24hpf_roi1,33.0,/clusterfs/vast/abcabc/Aang_Foundation/20250722_mem-halo_er-mSG/fish1_24hpf_roi1,aang,aang,aang,20250722,20250722_mem-halo_er-mSG,fish1_24hpf_roi1,fish1_24hpf_roi1,1.0,fish1,24hpf,24.0,roi1,1.0,,[],,20250722_mem-halo_er-mSG,,,,,,,,,,inferred,20250722,1,inferred,20250722::20250722_mem-halo_er-mSG::1,59,1,1,20250722-plate59-slot1-roi1
20250722_mem-halo_er-mSG,fish1_24hpf_roi2,fish1_24hpf_roi2,fish1_24hpf_roi2,109.0,/clusterfs/vast/abcabc/Aang_Foundation/20250722_mem-halo_er-mSG/fish1_24hpf_roi2,aang,aang,aang,20250722,20250722_mem-halo_er-mSG,fish1_24hpf_roi2,fish1_24hpf_roi2,1.0,fish1,24hpf,24.0,roi2,2.0,,[],,20250722_mem-halo_er-mSG,,,,,,,,,,inferred,20250722,1,inferred,20250722::20250722_mem-halo_er-mSG::1,59,1,2,20250722-plate59-slot1-roi2
20250722_mem-halo_er-mSG,fish1_24hpf_roi3,fish1_24hpf_roi3,fish1_24hpf_roi3,37.0,/clusterfs/vast/abcabc/Aang_Foundation/20250722_mem-halo_er-mSG/fish1_24hpf_roi3,aang,aang,aang,20250722,20250722_mem-halo_er-mSG,fish1_24hpf_roi3,fish1_24hpf_roi3,1.0,fish1,24hpf,24.0,roi3,3.0,,[],,20250722_mem-halo_er-mSG,,,,,,,,,,inferred,20250722,1,inferred,20250722::20250722_mem-halo_er-mSG::1,59,1,3,20250722-plate59-slot1-roi3
20250722_mem-halo_er-mSG,fish1_24hpf_roi4,fish1_24hpf_roi4,fish1_24hpf_roi4,140.0,/clusterfs/vast/abcabc/Aang_Foundation/20250722_mem-halo_er-mSG/fish1_24hpf_roi4,aang,aang,aang,20250722,20250722_mem-halo_er-mSG,fish1_24hpf_roi4,fish1_24hpf_roi4,1.0,fish1,24hpf,24.0,roi4,4.0,,[],,20250722_mem-halo_er-mSG,,,,,,,,,,inferred,20250722,1,inferred,20250722::20250722_mem-halo_er-mSG::1,59,1,4,20250722-plate59-slot1-roi4
20250722_mem-halo_er-mSG,fish1_24hpf_roi5,fish1_24hpf_roi5,fish1_24hpf_roi5,37.0,/clusterfs/vast/abcabc/Aang_Foundation/20250722_mem-halo_er-mSG/fish1_24hpf_roi5,aang,aang,aang,20250722,20250722_mem-halo_er-mSG,fish1_24hpf_roi5,fish1_24hpf_roi5,1.0,fish1,24hpf,24.0,roi5,5.0,,[],,20250722_mem-halo_er-mSG,,,,,,,,,,inferred,20250722,1,inferred,20250722::20250722_mem-halo_er-mSG::1,59,1,5,20250722-plate59-slot1-roi5
20250722_mem-halo_er-mSG,fish2_24hpf_roi1,fish2_24hpf_roi1,fish2_24hpf_roi1,109.0,/clusterfs/vast/abcabc/Aang_Foundation/20250722_mem-halo_er-mSG/fish2_24hpf_roi1,aang,aang,aang,20250722,20250722_mem-halo_er-mSG,fish2_24hpf_roi1,fish2_24hpf_roi1,2.0,fish2,24hpf,24.0,roi1,1.0,,[],,20250722_mem-halo_er-mSG,,,,,,,,,,inferred,20250722,1,inferred,20250722::20250722_mem-halo_er-mSG::1,59,2,1,20250722-plate59-slot2-roi1
20250722_mem-halo_er-mSG,fish2_24hpf_roi2,fish2_24hpf_roi2,fish2_24hpf_roi2,105.0,/clusterfs/vast/abcabc/Aang_Foundation/20250722_mem-halo_er-mSG/fish2_24hpf_roi2,aang,aang,aang,20250722,20250722_mem-halo_er-mSG,fish2_24hpf_roi2,fish2_24hpf_roi2,2.0,fish2,24hpf,24.0,roi2,2.0,,[],,20250722_mem-halo_er-mSG,,,,,,,,,,inferred,20250722,1,inferred,20250722::20250722_mem-halo_er-mSG::1,59,2,2,20250722-plate59-slot2-roi2
20250722_mem-halo_er-mSG,fish2_24hpf_roi3,fish2_24hpf_roi3,fish2_24hpf_roi3,105.0,/clusterfs/vast/abcabc/Aang_Foundation/20250722_mem-halo_er-mSG/fish2_24hpf_roi3,aang,aang,aang,20250722,20250722_mem-halo_er-mSG,fish2_24hpf_roi3,fish2_24hpf_roi3,2.0,fish2,24hpf,24.0,roi3,3.0,,[],,20250722_mem-halo_er-mSG,,,,,,,,,,inferred,20250722,1,inferred,20250722::20250722_mem-halo_er-mSG::1,59,2,3,20250722-plate59-slot2-roi3
20250722_mem-halo_er-mSG,fish2_24hpf_roi4,fish2_24hpf_roi4,fish2_24hpf_roi4,35.0,/clusterfs/vast/abcabc/Aang_Foundation/20250722_mem-halo_er-mSG/fish2_24hpf_roi4,aang,aang,aang,20250722,20250722_mem-halo_er-mSG,fish2_24hpf_roi4,fish2_24hpf_roi4,2.0,fish2,24hpf,24.0,roi4,4.0,,[],,20250722_mem-halo_er-mSG,,,,,,,,,,inferred,20250722,1,inferred,20250722::20250722_mem-halo_er-mSG::1,59,2,4,20250722-plate59-slot2-roi4
20250722_mrna_mito-mSG_mem-mChilada,fish1_roi1,fish1_roi1,fish1_roi1,40.0,/clusterfs/vast/abcabc/Aang_Foundation/20250722_mrna_mito-mSG_mem-mChilada/fish1_roi1,aang,aang,aang,20250722,20250722_mrna_mito-mSG_mem-mChilada,fish1_roi1,fish1_roi1,1.0,fish1,,,roi1,1.0,,[],,20250722_mrna_mito-mSG_mem-mChilada,,,,,,,,,,inferred,20250722,1,inferred,20250722::20250722_mrna_mito-mSG_mem-mChilada::1,60,1,1,20250722-plate60-slot1-roi1
20250722_mrna_mito-mSG_mem-mChilada,fish1_roi2,fish1_roi2,fish1_roi2,65.0,/clusterfs/vast/abcabc/Aang_Foundation/20250722_mrna_mito-mSG_mem-mChilada/fish1_roi2,aang,aang,aang,20250722,20250722_mrna_mito-mSG_mem-mChilada,fish1_roi2,fish1_roi2,1.0,fish1,,,roi2,2.0,,[],,20250722_mrna_mito-mSG_mem-mChilada,,,,,,,,,,inferred,20250722,1,inferred,20250722::20250722_mrna_mito-mSG_mem-mChilada::1,60,1,2,20250722-plate60-slot1-roi2
20250722_mrna_mito-mSG_mem-mChilada,fish1_roi3,fish1_roi3,fish1_roi3,61.0,/clusterfs/vast/abcabc/Aang_Foundation/20250722_mrna_mito-mSG_mem-mChilada/fish1_roi3,aang,aang,aang,20250722,20250722_mrna_mito-mSG_mem-mChilada,fish1_roi3,fish1_roi3,1.0,fish1,,,roi3,3.0,,[],,20250722_mrna_mito-mSG_mem-mChilada,,,,,,,,,,inferred,20250722,1,inferred,20250722::20250722_mrna_mito-mSG_mem-mChilada::1,60,1,3,20250722-plate60-slot1-roi3
20250722_mrna_mito-mSG_mem-mChilada,fish2_48hpf_roi1,fish2_48hpf_roi1,fish2_48hpf_roi1,56.0,/clusterfs/vast/abcabc/Aang_Foundation/20250722_mrna_mito-mSG_mem-mChilada/fish2_48hpf_roi1,aang,aang,aang,20250722,20250722_mrna_mito-mSG_mem-mChilada,fish2_48hpf_roi1,fish2_48hpf_roi1,2.0,fish2,48hpf,48.0,roi1,1.0,,[],,20250722_mrna_mito-mSG_mem-mChilada,,,,,,,,,,inferred,20250722,1,inferred,20250722::20250722_mrna_mito-mSG_mem-mChilada::1,60,2,1,20250722-plate60-slot2-roi1
20250722_mrna_mito-mSG_mem-mChilada,fish2_48hpf_roi2,fish2_48hpf_roi2,fish2_48hpf_roi2,70.0,/clusterfs/vast/abcabc/Aang_Foundation/20250722_mrna_mito-mSG_mem-mChilada/fish2_48hpf_roi2,aang,aang,aang,20250722,20250722_mrna_mito-mSG_mem-mChilada,fish2_48hpf_roi2,fish2_48hpf_roi2,2.0,fish2,48hpf,48.0,roi2,2.0,,[],,20250722_mrna_mito-mSG_mem-mChilada,,,,,,,,,,inferred,20250722,1,inferred,20250722::20250722_mrna_mito-mSG_mem-mChilada::1,60,2,2,20250722-plate60-slot2-roi2
20250722_mrna_mito-mSG_mem-mChilada,fish2_48hpf_roi3,fish2_48hpf_roi3,fish2_48hpf_roi3,93.0,/clusterfs/vast/abcabc/Aang_Foundation/20250722_mrna_mito-mSG_mem-mChilada/fish2_48hpf_roi3,aang,aang,aang,20250722,20250722_mrna_mito-mSG_mem-mChilada,fish2_48hpf_roi3,fish2_48hpf_roi3,2.0,fish2,48hpf,48.0,roi3,3.0,,[],,20250722_mrna_mito-mSG_mem-mChilada,,,,,,,,,,inferred,20250722,1,inferred,20250722::20250722_mrna_mito-mSG_mem-mChilada::1,60,2,3,20250722-plate60-slot2-roi3
20250722_mrna_mito-mSG_mem-mChilada,fish2_48hpf_roi4,fish2_48hpf_roi4,fish2_48hpf_roi4,70.0,/clusterfs/vast/abcabc/Aang_Foundation/20250722_mrna_mito-mSG_mem-mChilada/fish2_48hpf_roi4,aang,aang,aang,20250722,20250722_mrna_mito-mSG_mem-mChilada,fish2_48hpf_roi4,fish2_48hpf_roi4,2.0,fish2,48hpf,48.0,roi4,4.0,,[],,20250722_mrna_mito-mSG_mem-mChilada,,,,,,,,,,inferred,20250722,1,inferred,20250722::20250722_mrna_mito-mSG_mem-mChilada::1,60,2,4,20250722-plate60-slot2-roi4
20250722_mrna_mito-mSG_mem-mChilada,fish2_48hpf_roi5,fish2_48hpf_roi5,fish2_48hpf_roi5,72.0,/clusterfs/vast/abcabc/Aang_Foundation/20250722_mrna_mito-mSG_mem-mChilada/fish2_48hpf_roi5,aang,aang,aang,20250722,20250722_mrna_mito-mSG_mem-mChilada,fish2_48hpf_roi5,fish2_48hpf_roi5,2.0,fish2,48hpf,48.0,roi5,5.0,,[],,20250722_mrna_mito-mSG_mem-mChilada,,,,,,,,,,inferred,20250722,1,inferred,20250722::20250722_mrna_mito-mSG_mem-mChilada::1,60,2,5,20250722-plate60-slot2-roi5
20250722_mrna_mito-mSG_mem-mChilada,fish3_48hpf_roi1,fish3_48hpf_roi1,fish3_48hpf_roi1,70.0,/clusterfs/vast/abcabc/Aang_Foundation/20250722_mrna_mito-mSG_mem-mChilada/fish3_48hpf_roi1,aang,aang,aang,20250722,20250722_mrna_mito-mSG_mem-mChilada,fish3_48hpf_roi1,fish3_48hpf_roi1,3.0,fish3,48hpf,48.0,roi1,1.0,,[],,20250722_mrna_mito-mSG_mem-mChilada,,,,,,,,,,inferred,20250722,1,inferred,20250722::20250722_mrna_mito-mSG_mem-mChilada::1,60,3,1,20250722-plate60-slot3-roi1
20250722_mrna_mito-mSG_mem-mChilada,fish3_48hpf_roi2,fish3_48hpf_roi2,fish3_48hpf_roi2,70.0,/clusterfs/vast/abcabc/Aang_Foundation/20250722_mrna_mito-mSG_mem-mChilada/fish3_48hpf_roi2,aang,aang,aang,20250722,20250722_mrna_mito-mSG_mem-mChilada,fish3_48hpf_roi2,fish3_48hpf_roi2,3.0,fish3,48hpf,48.0,roi2,2.0,,[],,20250722_mrna_mito-mSG_mem-mChilada,,,,,,,,,,inferred,20250722,1,inferred,20250722::20250722_mrna_mito-mSG_mem-mChilada::1,60,3,2,20250722-plate60-slot3-roi2
20250722_mrna_mito-mSG_mem-mChilada,fish3_48hpf_roi3,fish3_48hpf_roi3,fish3_48hpf_roi3,70.0,/clusterfs/vast/abcabc/Aang_Foundation/20250722_mrna_mito-mSG_mem-mChilada/fish3_48hpf_roi3,aang,aang,aang,20250722,20250722_mrna_mito-mSG_mem-mChilada,fish3_48hpf_roi3,fish3_48hpf_roi3,3.0,fish3,48hpf,48.0,roi3,3.0,,[],,20250722_mrna_mito-mSG_mem-mChilada,,,,,,,,,,inferred,20250722,1,inferred,20250722::20250722_mrna_mito-mSG_mem-mChilada::1,60,3,3,20250722-plate60-slot3-roi3
20250722_mrna_mito-mSG_mem-mChilada,fish3_48hpf_roi4,fish3_48hpf_roi4,fish3_48hpf_roi4,70.0,/clusterfs/vast/abcabc/Aang_Foundation/20250722_mrna_mito-mSG_mem-mChilada/fish3_48hpf_roi4,aang,aang,aang,20250722,20250722_mrna_mito-mSG_mem-mChilada,fish3_48hpf_roi4,fish3_48hpf_roi4,3.0,fish3,48hpf,48.0,roi4,4.0,,[],,20250722_mrna_mito-mSG_mem-mChilada,,,,,,,,,,inferred,20250722,1,inferred,20250722::20250722_mrna_mito-mSG_mem-mChilada::1,60,3,4,20250722-plate60-slot3-roi4
20250805_lifeact_mem-halo,fish1_48hpf_roi1,fish1_48hpf_roi1,fish1_48hpf_roi1,390.0,/clusterfs/vast/abcabc/Aang_Foundation/20250805_lifeact_mem-halo/fish1_48hpf_roi1,aang,aang,aang,20250805,20250805_lifeact_mem-halo,fish1_48hpf_roi1,fish1_48hpf_roi1,1.0,fish1,48hpf,48.0,roi1,1.0,,[],,20250805_lifeact_mem-halo,,,,,,,,,,inferred,20250805,1,inferred,20250805::20250805_lifeact_mem-halo::1,61,1,1,20250805-plate61-slot1-roi1
20250805_lifeact_mem-halo,fish1_48hpf_roi2,fish1_48hpf_roi2,fish1_48hpf_roi2,390.0,/clusterfs/vast/abcabc/Aang_Foundation/20250805_lifeact_mem-halo/fish1_48hpf_roi2,aang,aang,aang,20250805,20250805_lifeact_mem-halo,fish1_48hpf_roi2,fish1_48hpf_roi2,1.0,fish1,48hpf,48.0,roi2,2.0,,[],,20250805_lifeact_mem-halo,,,,,,,,,,inferred,20250805,1,inferred,20250805::20250805_lifeact_mem-halo::1,61,1,2,20250805-plate61-slot1-roi2
20250805_lifeact_mem-halo,fish1_48hpf_roi3,fish1_48hpf_roi3,fish1_48hpf_roi3,390.0,/clusterfs/vast/abcabc/Aang_Foundation/20250805_lifeact_mem-halo/fish1_48hpf_roi3,aang,aang,aang,20250805,20250805_lifeact_mem-halo,fish1_48hpf_roi3,fish1_48hpf_roi3,1.0,fish1,48hpf,48.0,roi3,3.0,,[],,20250805_lifeact_mem-halo,,,,,,,,,,inferred,20250805,1,inferred,20250805::20250805_lifeact_mem-halo::1,61,1,3,20250805-plate61-slot1-roi3
20250805_lifeact_mem-halo,fish1_48hpf_roi4,fish1_48hpf_roi4,fish1_48hpf_roi4,390.0,/clusterfs/vast/abcabc/Aang_Foundation/20250805_lifeact_mem-halo/fish1_48hpf_roi4,aang,aang,aang,20250805,20250805_lifeact_mem-halo,fish1_48hpf_roi4,fish1_48hpf_roi4,1.0,fish1,48hpf,48.0,roi4,4.0,,[],,20250805_lifeact_mem-halo,,,,,,,,,,inferred,20250805,1,inferred,20250805::20250805_lifeact_mem-halo::1,61,1,4,20250805-plate61-slot1-roi4
20250805_lifeact_mem-halo,fish1_48hpf_roi5,fish1_48hpf_roi5,fish1_48hpf_roi5,390.0,/clusterfs/vast/abcabc/Aang_Foundation/20250805_lifeact_mem-halo/fish1_48hpf_roi5,aang,aang,aang,20250805,20250805_lifeact_mem-halo,fish1_48hpf_roi5,fish1_48hpf_roi5,1.0,fish1,48hpf,48.0,roi5,5.0,,[],,20250805_lifeact_mem-halo,,,,,,,,,,inferred,20250805,1,inferred,20250805::20250805_lifeact_mem-halo::1,61,1,5,20250805-plate61-slot1-roi5
20250805_mito_mem-halo,fish1_24hpf_roi1,fish1_24hpf_roi1,fish1_24hpf_roi1,390.0,/clusterfs/vast/abcabc/Aang_Foundation/20250805_mito_mem-halo/fish1_24hpf_roi1,aang,aang,aang,20250805,20250805_mito_mem-halo,fish1_24hpf_roi1,fish1_24hpf_roi1,1.0,fish1,24hpf,24.0,roi1,1.0,,[],,20250805_mito_mem-halo,,,,,,,,,,inferred,20250805,1,inferred,20250805::20250805_mito_mem-halo::1,62,1,1,20250805-plate62-slot1-roi1
20250805_mito_mem-halo,fish1_24hpf_roi2,fish1_24hpf_roi2,fish1_24hpf_roi2,390.0,/clusterfs/vast/abcabc/Aang_Foundation/20250805_mito_mem-halo/fish1_24hpf_roi2,aang,aang,aang,20250805,20250805_mito_mem-halo,fish1_24hpf_roi2,fish1_24hpf_roi2,1.0,fish1,24hpf,24.0,roi2,2.0,,[],,20250805_mito_mem-halo,,,,,,,,,,inferred,20250805,1,inferred,20250805::20250805_mito_mem-halo::1,62,1,2,20250805-plate62-slot1-roi2
20250805_mito_mem-halo,fish2_24hpf_roi1,fish2_24hpf_roi1,fish2_24hpf_roi1,390.0,/clusterfs/vast/abcabc/Aang_Foundation/20250805_mito_mem-halo/fish2_24hpf_roi1,aang,aang,aang,20250805,20250805_mito_mem-halo,fish2_24hpf_roi1,fish2_24hpf_roi1,2.0,fish2,24hpf,24.0,roi1,1.0,,[],,20250805_mito_mem-halo,,,,,,,,,,inferred,20250805,1,inferred,20250805::20250805_mito_mem-halo::1,62,2,1,20250805-plate62-slot2-roi1
20250805_mito_mem-halo,fish2_24hpf_roi2,fish2_24hpf_roi2,fish2_24hpf_roi2,390.0,/clusterfs/vast/abcabc/Aang_Foundation/20250805_mito_mem-halo/fish2_24hpf_roi2,aang,aang,aang,20250805,20250805_mito_mem-halo,fish2_24hpf_roi2,fish2_24hpf_roi2,2.0,fish2,24hpf,24.0,roi2,2.0,,[],,20250805_mito_mem-halo,,,,,,,,,,inferred,20250805,1,inferred,20250805::20250805_mito_mem-halo::1,62,2,2,20250805-plate62-slot2-roi2
20250805_mito_mem-halo,fish2_24hpf_roi3,fish2_24hpf_roi3,fish2_24hpf_roi3,390.0,/clusterfs/vast/abcabc/Aang_Foundation/20250805_mito_mem-halo/fish2_24hpf_roi3,aang,aang,aang,20250805,20250805_mito_mem-halo,fish2_24hpf_roi3,fish2_24hpf_roi3,2.0,fish2,24hpf,24.0,roi3,3.0,,[],,20250805_mito_mem-halo,,,,,,,,,,inferred,20250805,1,inferred,20250805::20250805_mito_mem-halo::1,62,2,3,20250805-plate62-slot2-roi3
20250805_mito_mem-halo,fish3_24hpf_roi1,fish3_24hpf_roi1,fish3_24hpf_roi1,390.0,/clusterfs/vast/abcabc/Aang_Foundation/20250805_mito_mem-halo/fish3_24hpf_roi1,aang,aang,aang,20250805,20250805_mito_mem-halo,fish3_24hpf_roi1,fish3_24hpf_roi1,3.0,fish3,24hpf,24.0,roi1,1.0,,[],,20250805_mito_mem-halo,,,,,,,,,,inferred,20250805,1,inferred,20250805::20250805_mito_mem-halo::1,62,3,1,20250805-plate62-slot3-roi1
20250805_mito_mem-halo,fish3_24hpf_roi2,fish3_24hpf_roi2,fish3_24hpf_roi2,780.0,/clusterfs/vast/abcabc/Aang_Foundation/20250805_mito_mem-halo/fish3_24hpf_roi2,aang,aang,aang,20250805,20250805_mito_mem-halo,fish3_24hpf_roi2,fish3_24hpf_roi2,3.0,fish3,24hpf,24.0,roi2,2.0,,[],,20250805_mito_mem-halo,,,,,,,,,,inferred,20250805,1,inferred,20250805::20250805_mito_mem-halo::1,62,3,2,20250805-plate62-slot3-roi2
20250808_mem_organelle,fish1_24hpf_mem-mchilada_lyso-mSG,roi1,roi1,108.0,/clusterfs/vast/abcabc/Aang_Foundation/20250808_mem_organelle/fish1_24hpf_mem-mchilada_lyso-mSG/roi1,aang,aang,aang,20250808,20250808_mem_organelle,fish1_24hpf_mem-mchilada_lyso-mSG,roi1,1.0,fish1,24hpf,24.0,roi1,1.0,mem-mchilada lyso-mSG,[],,20250808_mem_organelle,,,,,,,,,,inferred,20250808,1,inferred,20250808::20250808_mem_organelle::1,63,1,1,20250808-plate63-slot1-roi1
20250808_mem_organelle,fish1_24hpf_mem-mchilada_lyso-mSG,roi1_1,roi1_1,300.0,/clusterfs/vast/abcabc/Aang_Foundation/20250808_mem_organelle/fish1_24hpf_mem-mchilada_lyso-mSG/roi1_1,aang,aang,aang,20250808,20250808_mem_organelle,fish1_24hpf_mem-mchilada_lyso-mSG,roi1_1,1.0,fish1,24hpf,24.0,roi1,1.0,mem-mchilada lyso-mSG,[],,20250808_mem_organelle,,,,,,,,,,inferred,20250808,1,inferred,20250808::20250808_mem_organelle::1,63,1,2,20250808-plate63-slot1-roi2
20250808_mem_organelle,fish1_24hpf_mem-mchilada_lyso-mSG,roi1_test,roi1_test,6.0,/clusterfs/vast/abcabc/Aang_Foundation/20250808_mem_organelle/fish1_24hpf_mem-mchilada_lyso-mSG/roi1_test,aang,aang,aang,20250808,20250808_mem_organelle,fish1_24hpf_mem-mchilada_lyso-mSG,roi1_test,1.0,fish1,24hpf,24.0,roi1,1.0,mem-mchilada lyso-mSG,['test'],test,20250808_mem_organelle,,,,,,,,,,inferred,20250808,1,inferred,20250808::20250808_mem_organelle::1,63,1,3,20250808-plate63-slot1-roi3
20250808_mem_organelle,fish1_24hpf_mem-mchilada_lyso-mSG,roi2,roi2,300.0,/clusterfs/vast/abcabc/Aang_Foundation/20250808_mem_organelle/fish1_24hpf_mem-mchilada_lyso-mSG/roi2,aang,aang,aang,20250808,20250808_mem_organelle,fish1_24hpf_mem-mchilada_lyso-mSG,roi2,1.0,fish1,24hpf,24.0,roi2,2.0,mem-mchilada lyso-mSG,[],,20250808_mem_organelle,,,,,,,,,,inferred,20250808,1,inferred,20250808::20250808_mem_organelle::1,63,1,4,20250808-plate63-slot1-roi4
20250808_mem_organelle,fish1_24hpf_mem-mchilada_lyso-mSG,roi3,roi3,300.0,/clusterfs/vast/abcabc/Aang_Foundation/20250808_mem_organelle/fish1_24hpf_mem-mchilada_lyso-mSG/roi3,aang,aang,aang,20250808,20250808_mem_organelle,fish1_24hpf_mem-mchilada_lyso-mSG,roi3,1.0,fish1,24hpf,24.0,roi3,3.0,mem-mchilada lyso-mSG,[],,20250808_mem_organelle,,,,,,,,,,inferred,20250808,1,inferred,20250808::20250808_mem_organelle::1,63,1,5,20250808-plate63-slot1-roi5
20250808_mem_organelle,fish2_24hpf_mem-mchilada_lyso-mSG,roi1,roi1,300.0,/clusterfs/vast/abcabc/Aang_Foundation/20250808_mem_organelle/fish2_24hpf_mem-mchilada_lyso-mSG/roi1,aang,aang,aang,20250808,20250808_mem_organelle,fish2_24hpf_mem-mchilada_lyso-mSG,roi1,2.0,fish2,24hpf,24.0,roi1,1.0,mem-mchilada lyso-mSG,[],,20250808_mem_organelle,,,,,,,,,,inferred,20250808,1,inferred,20250808::20250808_mem_organelle::1,63,2,1,20250808-plate63-slot2-roi1
20250808_mem_organelle,fish2_24hpf_mem-mchilada_lyso-mSG,roi2,roi2,300.0,/clusterfs/vast/abcabc/Aang_Foundation/20250808_mem_organelle/fish2_24hpf_mem-mchilada_lyso-mSG/roi2,aang,aang,aang,20250808,20250808_mem_organelle,fish2_24hpf_mem-mchilada_lyso-mSG,roi2,2.0,fish2,24hpf,24.0,roi2,2.0,mem-mchilada lyso-mSG,[],,20250808_mem_organelle,,,,,,,,,,inferred,20250808,1,inferred,20250808::20250808_mem_organelle::1,63,2,2,20250808-plate63-slot2-roi2
20250808_mem_organelle,fish2_24hpf_mem-mchilada_lyso-mSG,roi3,roi3,300.0,/clusterfs/vast/abcabc/Aang_Foundation/20250808_mem_organelle/fish2_24hpf_mem-mchilada_lyso-mSG/roi3,aang,aang,aang,20250808,20250808_mem_organelle,fish2_24hpf_mem-mchilada_lyso-mSG,roi3,2.0,fish2,24hpf,24.0,roi3,3.0,mem-mchilada lyso-mSG,[],,20250808_mem_organelle,,,,,,,,,,inferred,20250808,1,inferred,20250808::20250808_mem_organelle::1,63,2,3,20250808-plate63-slot2-roi3
20250808_mem_organelle,fish3_24hpf_mem-mchilada_mito-mSG,roi1,roi1,300.0,/clusterfs/vast/abcabc/Aang_Foundation/20250808_mem_organelle/fish3_24hpf_mem-mchilada_mito-mSG/roi1,aang,aang,aang,20250808,20250808_mem_organelle,fish3_24hpf_mem-mchilada_mito-mSG,roi1,3.0,fish3,24hpf,24.0,roi1,1.0,mem-mchilada mito-mSG,[],,20250808_mem_organelle,,,,,,,,,,inferred,20250808,1,inferred,20250808::20250808_mem_organelle::1,63,3,1,20250808-plate63-slot3-roi1
20250808_mem_organelle,fish3_24hpf_mem-mchilada_mito-mSG,roi2,roi2,300.0,/clusterfs/vast/abcabc/Aang_Foundation/20250808_mem_organelle/fish3_24hpf_mem-mchilada_mito-mSG/roi2,aang,aang,aang,20250808,20250808_mem_organelle,fish3_24hpf_mem-mchilada_mito-mSG,roi2,3.0,fish3,24hpf,24.0,roi2,2.0,mem-mchilada mito-mSG,[],,20250808_mem_organelle,,,,,,,,,,inferred,20250808,1,inferred,20250808::20250808_mem_organelle::1,63,3,2,20250808-plate63-slot3-roi2
20250808_mem_organelle,fish3_24hpf_mem-mchilada_mito-mSG,roi3,roi3,300.0,/clusterfs/vast/abcabc/Aang_Foundation/20250808_mem_organelle/fish3_24hpf_mem-mchilada_mito-mSG/roi3,aang,aang,aang,20250808,20250808_mem_organelle,fish3_24hpf_mem-mchilada_mito-mSG,roi3,3.0,fish3,24hpf,24.0,roi3,3.0,mem-mchilada mito-mSG,[],,20250808_mem_organelle,,,,,,,,,,inferred,20250808,1,inferred,20250808::20250808_mem_organelle::1,63,3,3,20250808-plate63-slot3-roi3
20250808_mem_organelle,fish3_24hpf_mem-mchilada_mito-mSG,roi4,roi4,300.0,/clusterfs/vast/abcabc/Aang_Foundation/20250808_mem_organelle/fish3_24hpf_mem-mchilada_mito-mSG/roi4,aang,aang,aang,20250808,20250808_mem_organelle,fish3_24hpf_mem-mchilada_mito-mSG,roi4,3.0,fish3,24hpf,24.0,roi4,4.0,mem-mchilada mito-mSG,[],,20250808_mem_organelle,,,,,,,,,,inferred,20250808,1,inferred,20250808::20250808_mem_organelle::1,63,3,4,20250808-plate63-slot3-roi4
20250808_mem_organelle,fish4_24hpf_mem-mchilada_mito-mSG,roi1,roi1,300.0,/clusterfs/vast/abcabc/Aang_Foundation/20250808_mem_organelle/fish4_24hpf_mem-mchilada_mito-mSG/roi1,aang,aang,aang,20250808,20250808_mem_organelle,fish4_24hpf_mem-mchilada_mito-mSG,roi1,4.0,fish4,24hpf,24.0,roi1,1.0,mem-mchilada mito-mSG,[],,20250808_mem_organelle,,,,,,,,,,inferred,20250808,1,inferred,20250808::20250808_mem_organelle::1,63,4,1,20250808-plate63-slot4-roi1
20250808_mem_organelle,fish4_24hpf_mem-mchilada_mito-mSG,roi2,roi2,300.0,/clusterfs/vast/abcabc/Aang_Foundation/20250808_mem_organelle/fish4_24hpf_mem-mchilada_mito-mSG/roi2,aang,aang,aang,20250808,20250808_mem_organelle,fish4_24hpf_mem-mchilada_mito-mSG,roi2,4.0,fish4,24hpf,24.0,roi2,2.0,mem-mchilada mito-mSG,[],,20250808_mem_organelle,,,,,,,,,,inferred,20250808,1,inferred,20250808::20250808_mem_organelle::1,63,4,2,20250808-plate63-slot4-roi2
20250808_mem_organelle,fish4_24hpf_mem-mchilada_mito-mSG,roi3,roi3,300.0,/clusterfs/vast/abcabc/Aang_Foundation/20250808_mem_organelle/fish4_24hpf_mem-mchilada_mito-mSG/roi3,aang,aang,aang,20250808,20250808_mem_organelle,fish4_24hpf_mem-mchilada_mito-mSG,roi3,4.0,fish4,24hpf,24.0,roi3,3.0,mem-mchilada mito-mSG,[],,20250808_mem_organelle,,,,,,,,,,inferred,20250808,1,inferred,20250808::20250808_mem_organelle::1,63,4,3,20250808-plate63-slot4-roi3
20250808_mem_organelle,fish4_24hpf_mem-mchilada_mito-mSG,roi4,roi4,300.0,/clusterfs/vast/abcabc/Aang_Foundation/20250808_mem_organelle/fish4_24hpf_mem-mchilada_mito-mSG/roi4,aang,aang,aang,20250808,20250808_mem_organelle,fish4_24hpf_mem-mchilada_mito-mSG,roi4,4.0,fish4,24hpf,24.0,roi4,4.0,mem-mchilada mito-mSG,[],,20250808_mem_organelle,,,,,,,,,,inferred,20250808,1,inferred,20250808::20250808_mem_organelle::1,63,4,4,20250808-plate63-slot4-roi4
20250808_mem_organelle,fish4_24hpf_mem-mchilada_mito-mSG,roi5,roi5,300.0,/clusterfs/vast/abcabc/Aang_Foundation/20250808_mem_organelle/fish4_24hpf_mem-mchilada_mito-mSG/roi5,aang,aang,aang,20250808,20250808_mem_organelle,fish4_24hpf_mem-mchilada_mito-mSG,roi5,4.0,fish4,24hpf,24.0,roi5,5.0,mem-mchilada mito-mSG,[],,20250808_mem_organelle,,,,,,,,,,inferred,20250808,1,inferred,20250808::20250808_mem_organelle::1,63,4,5,20250808-plate63-slot4-roi5
20250808_mem_organelle,fish4_24hpf_mem-mchilada_mito-mSG,roi6,roi6,300.0,/clusterfs/vast/abcabc/Aang_Foundation/20250808_mem_organelle/fish4_24hpf_mem-mchilada_mito-mSG/roi6,aang,aang,aang,20250808,20250808_mem_organelle,fish4_24hpf_mem-mchilada_mito-mSG,roi6,4.0,fish4,24hpf,24.0,roi6,6.0,mem-mchilada mito-mSG,[],,20250808_mem_organelle,,,,,,,,,,inferred,20250808,1,inferred,20250808::20250808_mem_organelle::1,63,4,6,20250808-plate63-slot4-roi6
20250808_mem_organelle,fish4_24hpf_mem-mchilada_mito-mSG,roi7,roi7,300.0,/clusterfs/vast/abcabc/Aang_Foundation/20250808_mem_organelle/fish4_24hpf_mem-mchilada_mito-mSG/roi7,aang,aang,aang,20250808,20250808_mem_organelle,fish4_24hpf_mem-mchilada_mito-mSG,roi7,4.0,fish4,24hpf,24.0,roi7,7.0,mem-mchilada mito-mSG,[],,20250808_mem_organelle,,,,,,,,,,inferred,20250808,1,inferred,20250808::20250808_mem_organelle::1,63,4,7,20250808-plate63-slot4-roi7
20250808_mem_organelle,fish4_24hpf_mem-mchilada_mito-mSG,roi8,roi8,300.0,/clusterfs/vast/abcabc/Aang_Foundation/20250808_mem_organelle/fish4_24hpf_mem-mchilada_mito-mSG/roi8,aang,aang,aang,20250808,20250808_mem_organelle,fish4_24hpf_mem-mchilada_mito-mSG,roi8,4.0,fish4,24hpf,24.0,roi8,8.0,mem-mchilada mito-mSG,[],,20250808_mem_organelle,,,,,,,,,,inferred,20250808,1,inferred,20250808::20250808_mem_organelle::1,63,4,8,20250808-plate63-slot4-roi8
20250808_mem_organelle,fish4_24hpf_mem-mchilada_mito-mSG,roi9,roi9,300.0,/clusterfs/vast/abcabc/Aang_Foundation/20250808_mem_organelle/fish4_24hpf_mem-mchilada_mito-mSG/roi9,aang,aang,aang,20250808,20250808_mem_organelle,fish4_24hpf_mem-mchilada_mito-mSG,roi9,4.0,fish4,24hpf,24.0,roi9,9.0,mem-mchilada mito-mSG,[],,20250808_mem_organelle,,,,,,,,,,inferred,20250808,1,inferred,20250808::20250808_mem_organelle::1,63,4,9,20250808-plate63-slot4-roi9
20250819_mem_ER,fish1_24hpf_roi2,fish1_24hpf_roi2,fish1_24hpf_roi2,400.0,/clusterfs/vast/abcabc/Aang_Foundation/20250819_mem_ER/fish1_24hpf_roi2,aang,aang,aang,20250819,20250819_mem_ER,fish1_24hpf_roi2,fish1_24hpf_roi2,1.0,fish1,24hpf,24.0,roi2,2.0,,[],,20250819_mem_ER,,,,,,,,,,inferred,20250819,1,inferred,20250819::20250819_mem_ER::1,64,1,1,20250819-plate64-slot1-roi1
20250819_mem_ER,fish1_24hpf_roi3,fish1_24hpf_roi3,fish1_24hpf_roi3,409.0,/clusterfs/vast/abcabc/Aang_Foundation/20250819_mem_ER/fish1_24hpf_roi3,aang,aang,aang,20250819,20250819_mem_ER,fish1_24hpf_roi3,fish1_24hpf_roi3,1.0,fish1,24hpf,24.0,roi3,3.0,,[],,20250819_mem_ER,,,,,,,,,,inferred,20250819,1,inferred,20250819::20250819_mem_ER::1,64,1,2,20250819-plate64-slot1-roi2
20250819_mem_ER,fish1_24hpf_roi4,fish1_24hpf_roi4,fish1_24hpf_roi4,306.0,/clusterfs/vast/abcabc/Aang_Foundation/20250819_mem_ER/fish1_24hpf_roi4,aang,aang,aang,20250819,20250819_mem_ER,fish1_24hpf_roi4,fish1_24hpf_roi4,1.0,fish1,24hpf,24.0,roi4,4.0,,[],,20250819_mem_ER,,,,,,,,,,inferred,20250819,1,inferred,20250819::20250819_mem_ER::1,64,1,3,20250819-plate64-slot1-roi3
20250819_mem_ER,fish1_24hpf_roi5,fish1_24hpf_roi5,fish1_24hpf_roi5,306.0,/clusterfs/vast/abcabc/Aang_Foundation/20250819_mem_ER/fish1_24hpf_roi5,aang,aang,aang,20250819,20250819_mem_ER,fish1_24hpf_roi5,fish1_24hpf_roi5,1.0,fish1,24hpf,24.0,roi5,5.0,,[],,20250819_mem_ER,,,,,,,,,,inferred,20250819,1,inferred,20250819::20250819_mem_ER::1,64,1,4,20250819-plate64-slot1-roi4
20250819_mem_ER,fish2_24hpf_roi1,fish2_24hpf_roi1,fish2_24hpf_roi1,408.0,/clusterfs/vast/abcabc/Aang_Foundation/20250819_mem_ER/fish2_24hpf_roi1,aang,aang,aang,20250819,20250819_mem_ER,fish2_24hpf_roi1,fish2_24hpf_roi1,2.0,fish2,24hpf,24.0,roi1,1.0,,[],,20250819_mem_ER,,,,,,,,,,inferred,20250819,1,inferred,20250819::20250819_mem_ER::1,64,2,1,20250819-plate64-slot2-roi1
20250819_mem_ER,fish2_24hpf_roi2,fish2_24hpf_roi2,fish2_24hpf_roi2,408.0,/clusterfs/vast/abcabc/Aang_Foundation/20250819_mem_ER/fish2_24hpf_roi2,aang,aang,aang,20250819,20250819_mem_ER,fish2_24hpf_roi2,fish2_24hpf_roi2,2.0,fish2,24hpf,24.0,roi2,2.0,,[],,20250819_mem_ER,,,,,,,,,,inferred,20250819,1,inferred,20250819::20250819_mem_ER::1,64,2,2,20250819-plate64-slot2-roi2
20250819_mem_ER,fish2_24hpf_roi3,fish2_24hpf_roi3,fish2_24hpf_roi3,408.0,/clusterfs/vast/abcabc/Aang_Foundation/20250819_mem_ER/fish2_24hpf_roi3,aang,aang,aang,20250819,20250819_mem_ER,fish2_24hpf_roi3,fish2_24hpf_roi3,2.0,fish2,24hpf,24.0,roi3,3.0,,[],,20250819_mem_ER,,,,,,,,,,inferred,20250819,1,inferred,20250819::20250819_mem_ER::1,64,2,3,20250819-plate64-slot2-roi3
20250819_mem_ER,roi1_newscripttest,roi1_newscripttest,roi1_newscripttest,24.0,/clusterfs/vast/abcabc/Aang_Foundation/20250819_mem_ER/roi1_newscripttest,aang,aang,aang,20250819,20250819_mem_ER,roi1_newscripttest,roi1_newscripttest,,roi1_newscripttest,,,roi1,1.0,newscripttest,['newscripttest'],newscripttest,20250819_mem_ER,,,,,,,,,,inferred,20250819,1,inferred,20250819::20250819_mem_ER::1,64,3,1,20250819-plate64-slot3-roi1
20250819_mem_mito,fish1_24hpf_roi1,fish1_24hpf_roi1,fish1_24hpf_roi1,600.0,/clusterfs/vast/abcabc/Aang_Foundation/20250819_mem_mito/fish1_24hpf_roi1,aang,aang,aang,20250819,20250819_mem_mito,fish1_24hpf_roi1,fish1_24hpf_roi1,1.0,fish1,24hpf,24.0,roi1,1.0,,[],,20250819_mem_mito,,,,,,,,,,inferred,20250819,1,inferred,20250819::20250819_mem_mito::1,65,1,1,20250819-plate65-slot1-roi1
20250819_mem_mito,fish1_24hpf_roi2,fish1_24hpf_roi2,fish1_24hpf_roi2,600.0,/clusterfs/vast/abcabc/Aang_Foundation/20250819_mem_mito/fish1_24hpf_roi2,aang,aang,aang,20250819,20250819_mem_mito,fish1_24hpf_roi2,fish1_24hpf_roi2,1.0,fish1,24hpf,24.0,roi2,2.0,,[],,20250819_mem_mito,,,,,,,,,,inferred,20250819,1,inferred,20250819::20250819_mem_mito::1,65,1,2,20250819-plate65-slot1-roi2
20250819_mem_mito,fish1_24hpf_roi3,fish1_24hpf_roi3,fish1_24hpf_roi3,600.0,/clusterfs/vast/abcabc/Aang_Foundation/20250819_mem_mito/fish1_24hpf_roi3,aang,aang,aang,20250819,20250819_mem_mito,fish1_24hpf_roi3,fish1_24hpf_roi3,1.0,fish1,24hpf,24.0,roi3,3.0,,[],,20250819_mem_mito,,,,,,,,,,inferred,20250819,1,inferred,20250819::20250819_mem_mito::1,65,1,3,20250819-plate65-slot1-roi3
20250819_mem_mito,fish1_24hpf_roi4,fish1_24hpf_roi4,fish1_24hpf_roi4,600.0,/clusterfs/vast/abcabc/Aang_Foundation/20250819_mem_mito/fish1_24hpf_roi4,aang,aang,aang,20250819,20250819_mem_mito,fish1_24hpf_roi4,fish1_24hpf_roi4,1.0,fish1,24hpf,24.0,roi4,4.0,,[],,20250819_mem_mito,,,,,,,,,,inferred,20250819,1,inferred,20250819::20250819_mem_mito::1,65,1,4,20250819-plate65-slot1-roi4
20250819_mem_mito,fish1_24hpf_roi5,fish1_24hpf_roi5,fish1_24hpf_roi5,600.0,/clusterfs/vast/abcabc/Aang_Foundation/20250819_mem_mito/fish1_24hpf_roi5,aang,aang,aang,20250819,20250819_mem_mito,fish1_24hpf_roi5,fish1_24hpf_roi5,1.0,fish1,24hpf,24.0,roi5,5.0,,[],,20250819_mem_mito,,,,,,,,,,inferred,20250819,1,inferred,20250819::20250819_mem_mito::1,65,1,5,20250819-plate65-slot1-roi5
20250819_mem_mito,fish1_24hpf_roi6,fish1_24hpf_roi6,fish1_24hpf_roi6,600.0,/clusterfs/vast/abcabc/Aang_Foundation/20250819_mem_mito/fish1_24hpf_roi6,aang,aang,aang,20250819,20250819_mem_mito,fish1_24hpf_roi6,fish1_24hpf_roi6,1.0,fish1,24hpf,24.0,roi6,6.0,,[],,20250819_mem_mito,,,,,,,,,,inferred,20250819,1,inferred,20250819::20250819_mem_mito::1,65,1,6,20250819-plate65-slot1-roi6
20250819_mem_mito,fish1_24hpf_roi7,fish1_24hpf_roi7,fish1_24hpf_roi7,600.0,/clusterfs/vast/abcabc/Aang_Foundation/20250819_mem_mito/fish1_24hpf_roi7,aang,aang,aang,20250819,20250819_mem_mito,fish1_24hpf_roi7,fish1_24hpf_roi7,1.0,fish1,24hpf,24.0,roi7,7.0,,[],,20250819_mem_mito,,,,,,,,,,inferred,20250819,1,inferred,20250819::20250819_mem_mito::1,65,1,7,20250819-plate65-slot1-roi7
20250819_mem_mito,fish1_24hpf_roi8,fish1_24hpf_roi8,fish1_24hpf_roi8,600.0,/clusterfs/vast/abcabc/Aang_Foundation/20250819_mem_mito/fish1_24hpf_roi8,aang,aang,aang,20250819,20250819_mem_mito,fish1_24hpf_roi8,fish1_24hpf_roi8,1.0,fish1,24hpf,24.0,roi8,8.0,,[],,20250819_mem_mito,,,,,,,,,,inferred,20250819,1,inferred,20250819::20250819_mem_mito::1,65,1,8,20250819-plate65-slot1-roi8
20250819_mem_mito,fish2_24hpf_roi1,fish2_24hpf_roi1,fish2_24hpf_roi1,600.0,/clusterfs/vast/abcabc/Aang_Foundation/20250819_mem_mito/fish2_24hpf_roi1,aang,aang,aang,20250819,20250819_mem_mito,fish2_24hpf_roi1,fish2_24hpf_roi1,2.0,fish2,24hpf,24.0,roi1,1.0,,[],,20250819_mem_mito,,,,,,,,,,inferred,20250819,1,inferred,20250819::20250819_mem_mito::1,65,2,1,20250819-plate65-slot2-roi1
20250819_mem_mito,fish2_24hpf_roi2,fish2_24hpf_roi2,fish2_24hpf_roi2,600.0,/clusterfs/vast/abcabc/Aang_Foundation/20250819_mem_mito/fish2_24hpf_roi2,aang,aang,aang,20250819,20250819_mem_mito,fish2_24hpf_roi2,fish2_24hpf_roi2,2.0,fish2,24hpf,24.0,roi2,2.0,,[],,20250819_mem_mito,,,,,,,,,,inferred,20250819,1,inferred,20250819::20250819_mem_mito::1,65,2,2,20250819-plate65-slot2-roi2
20250819_mem_mito,fish3_24hpf_roi1,fish3_24hpf_roi1,fish3_24hpf_roi1,600.0,/clusterfs/vast/abcabc/Aang_Foundation/20250819_mem_mito/fish3_24hpf_roi1,aang,aang,aang,20250819,20250819_mem_mito,fish3_24hpf_roi1,fish3_24hpf_roi1,3.0,fish3,24hpf,24.0,roi1,1.0,,[],,20250819_mem_mito,,,,,,,,,,inferred,20250819,1,inferred,20250819::20250819_mem_mito::1,65,3,1,20250819-plate65-slot3-roi1
20250819_mem_mito,fish4_48hpf_roi1,fish4_48hpf_roi1,fish4_48hpf_roi1,600.0,/clusterfs/vast/abcabc/Aang_Foundation/20250819_mem_mito/fish4_48hpf_roi1,aang,aang,aang,20250819,20250819_mem_mito,fish4_48hpf_roi1,fish4_48hpf_roi1,4.0,fish4,48hpf,48.0,roi1,1.0,,[],,20250819_mem_mito,,,,,,,,,,inferred,20250819,1,inferred,20250819::20250819_mem_mito::1,65,4,1,20250819-plate65-slot4-roi1
20250819_mem_mito,fish4_48hpf_roi3,fish4_48hpf_roi3,fish4_48hpf_roi3,600.0,/clusterfs/vast/abcabc/Aang_Foundation/20250819_mem_mito/fish4_48hpf_roi3,aang,aang,aang,20250819,20250819_mem_mito,fish4_48hpf_roi3,fish4_48hpf_roi3,4.0,fish4,48hpf,48.0,roi3,3.0,,[],,20250819_mem_mito,,,,,,,,,,inferred,20250819,1,inferred,20250819::20250819_mem_mito::1,65,4,2,20250819-plate65-slot4-roi2
20250819_mem_mito,fish4_48hpf_roi4,fish4_48hpf_roi4,fish4_48hpf_roi4,600.0,/clusterfs/vast/abcabc/Aang_Foundation/20250819_mem_mito/fish4_48hpf_roi4,aang,aang,aang,20250819,20250819_mem_mito,fish4_48hpf_roi4,fish4_48hpf_roi4,4.0,fish4,48hpf,48.0,roi4,4.0,,[],,20250819_mem_mito,,,,,,,,,,inferred,20250819,1,inferred,20250819::20250819_mem_mito::1,65,4,3,20250819-plate65-slot4-roi3
20250819_mem_mito,fish4_48hpf_roi5,fish4_48hpf_roi5,fish4_48hpf_roi5,600.0,/clusterfs/vast/abcabc/Aang_Foundation/20250819_mem_mito/fish4_48hpf_roi5,aang,aang,aang,20250819,20250819_mem_mito,fish4_48hpf_roi5,fish4_48hpf_roi5,4.0,fish4,48hpf,48.0,roi5,5.0,,[],,20250819_mem_mito,,,,,,,,,,inferred,20250819,1,inferred,20250819::20250819_mem_mito::1,65,4,4,20250819-plate65-slot4-roi4
20250819_mem_mito,fish4_48hpf_roi6,fish4_48hpf_roi6,fish4_48hpf_roi6,600.0,/clusterfs/vast/abcabc/Aang_Foundation/20250819_mem_mito/fish4_48hpf_roi6,aang,aang,aang,20250819,20250819_mem_mito,fish4_48hpf_roi6,fish4_48hpf_roi6,4.0,fish4,48hpf,48.0,roi6,6.0,,[],,20250819_mem_mito,,,,,,,,,,inferred,20250819,1,inferred,20250819::20250819_mem_mito::1,65,4,5,20250819-plate65-slot4-roi5
20250819_mem_mito,fish4_48hpf_roi7,fish4_48hpf_roi7,fish4_48hpf_roi7,600.0,/clusterfs/vast/abcabc/Aang_Foundation/20250819_mem_mito/fish4_48hpf_roi7,aang,aang,aang,20250819,20250819_mem_mito,fish4_48hpf_roi7,fish4_48hpf_roi7,4.0,fish4,48hpf,48.0,roi7,7.0,,[],,20250819_mem_mito,,,,,,,,,,inferred,20250819,1,inferred,20250819::20250819_mem_mito::1,65,4,6,20250819-plate65-slot4-roi6
20250819_mem_mito,fish4_48hpf_roi8,fish4_48hpf_roi8,fish4_48hpf_roi8,600.0,/clusterfs/vast/abcabc/Aang_Foundation/20250819_mem_mito/fish4_48hpf_roi8,aang,aang,aang,20250819,20250819_mem_mito,fish4_48hpf_roi8,fish4_48hpf_roi8,4.0,fish4,48hpf,48.0,roi8,8.0,,[],,20250819_mem_mito,,,,,,,,,,inferred,20250819,1,inferred,20250819::20250819_mem_mito::1,65,4,7,20250819-plate65-slot4-roi7
20250819_mem_mito,fish5_48hpf_roi11,fish5_48hpf_roi11,fish5_48hpf_roi11,900.0,/clusterfs/vast/abcabc/Aang_Foundation/20250819_mem_mito/fish5_48hpf_roi11,aang,aang,aang,20250819,20250819_mem_mito,fish5_48hpf_roi11,fish5_48hpf_roi11,5.0,fish5,48hpf,48.0,roi11,11.0,,[],,20250819_mem_mito,,,,,,,,,,inferred,20250819,1,inferred,20250819::20250819_mem_mito::1,65,5,1,20250819-plate65-slot5-roi1
20250819_mem_mito,fish5_48hpf_roi12,fish5_48hpf_roi12,fish5_48hpf_roi12,900.0,/clusterfs/vast/abcabc/Aang_Foundation/20250819_mem_mito/fish5_48hpf_roi12,aang,aang,aang,20250819,20250819_mem_mito,fish5_48hpf_roi12,fish5_48hpf_roi12,5.0,fish5,48hpf,48.0,roi12,12.0,,[],,20250819_mem_mito,,,,,,,,,,inferred,20250819,1,inferred,20250819::20250819_mem_mito::1,65,5,2,20250819-plate65-slot5-roi2
20250819_mem_mito,fish6_48hpf_roi1,fish6_48hpf_roi1,fish6_48hpf_roi1,900.0,/clusterfs/vast/abcabc/Aang_Foundation/20250819_mem_mito/fish6_48hpf_roi1,aang,aang,aang,20250819,20250819_mem_mito,fish6_48hpf_roi1,fish6_48hpf_roi1,6.0,fish6,48hpf,48.0,roi1,1.0,,[],,20250819_mem_mito,,,,,,,,,,inferred,20250819,1,inferred,20250819::20250819_mem_mito::1,65,6,1,20250819-plate65-slot6-roi1
20250819_mem_mito,fish6_48hpf_roi2,fish6_48hpf_roi2,fish6_48hpf_roi2,900.0,/clusterfs/vast/abcabc/Aang_Foundation/20250819_mem_mito/fish6_48hpf_roi2,aang,aang,aang,20250819,20250819_mem_mito,fish6_48hpf_roi2,fish6_48hpf_roi2,6.0,fish6,48hpf,48.0,roi2,2.0,,[],,20250819_mem_mito,,,,,,,,,,inferred,20250819,1,inferred,20250819::20250819_mem_mito::1,65,6,2,20250819-plate65-slot6-roi2
20250819_mem_mito,fish6_48hpf_roi3,fish6_48hpf_roi3,fish6_48hpf_roi3,900.0,/clusterfs/vast/abcabc/Aang_Foundation/20250819_mem_mito/fish6_48hpf_roi3,aang,aang,aang,20250819,20250819_mem_mito,fish6_48hpf_roi3,fish6_48hpf_roi3,6.0,fish6,48hpf,48.0,roi3,3.0,,[],,20250819_mem_mito,,,,,,,,,,inferred,20250819,1,inferred,20250819::20250819_mem_mito::1,65,6,3,20250819-plate65-slot6-roi3
20250819_mem_mito,fish6_48hpf_roi4,fish6_48hpf_roi4,fish6_48hpf_roi4,900.0,/clusterfs/vast/abcabc/Aang_Foundation/20250819_mem_mito/fish6_48hpf_roi4,aang,aang,aang,20250819,20250819_mem_mito,fish6_48hpf_roi4,fish6_48hpf_roi4,6.0,fish6,48hpf,48.0,roi4,4.0,,[],,20250819_mem_mito,,,,,,,,,,inferred,20250819,1,inferred,20250819::20250819_mem_mito::1,65,6,4,20250819-plate65-slot6-roi4
20250819_mem_mito,fish6_48hpf_roi5,fish6_48hpf_roi5,fish6_48hpf_roi5,900.0,/clusterfs/vast/abcabc/Aang_Foundation/20250819_mem_mito/fish6_48hpf_roi5,aang,aang,aang,20250819,20250819_mem_mito,fish6_48hpf_roi5,fish6_48hpf_roi5,6.0,fish6,48hpf,48.0,roi5,5.0,,[],,20250819_mem_mito,,,,,,,,,,inferred,20250819,1,inferred,20250819::20250819_mem_mito::1,65,6,5,20250819-plate65-slot6-roi5
20250821_mem_mito,fish1_24hpf_roi1,fish1_24hpf_roi1,fish1_24hpf_roi1,1500.0,/clusterfs/vast/abcabc/Aang_Foundation/20250821_mem_mito/fish1_24hpf_roi1,aang,aang,aang,20250821,20250821_mem_mito,fish1_24hpf_roi1,fish1_24hpf_roi1,1.0,fish1,24hpf,24.0,roi1,1.0,,[],,20250821_mem_mito,,,,,,,,,,inferred,20250821,1,inferred,20250821::20250821_mem_mito::1,66,1,1,20250821-plate66-slot1-roi1
20250821_mem_mito,fish1_24hpf_roi2,fish1_24hpf_roi2,fish1_24hpf_roi2,1500.0,/clusterfs/vast/abcabc/Aang_Foundation/20250821_mem_mito/fish1_24hpf_roi2,aang,aang,aang,20250821,20250821_mem_mito,fish1_24hpf_roi2,fish1_24hpf_roi2,1.0,fish1,24hpf,24.0,roi2,2.0,,[],,20250821_mem_mito,,,,,,,,,,inferred,20250821,1,inferred,20250821::20250821_mem_mito::1,66,1,2,20250821-plate66-slot1-roi2
20250821_mem_mito,fish2_24hpf_roi1,fish2_24hpf_roi1,fish2_24hpf_roi1,900.0,/clusterfs/vast/abcabc/Aang_Foundation/20250821_mem_mito/fish2_24hpf_roi1,aang,aang,aang,20250821,20250821_mem_mito,fish2_24hpf_roi1,fish2_24hpf_roi1,2.0,fish2,24hpf,24.0,roi1,1.0,,[],,20250821_mem_mito,,,,,,,,,,inferred,20250821,1,inferred,20250821::20250821_mem_mito::1,66,2,1,20250821-plate66-slot2-roi1
20250821_mem_mito,fish2_24hpf_roi2,fish2_24hpf_roi2,fish2_24hpf_roi2,900.0,/clusterfs/vast/abcabc/Aang_Foundation/20250821_mem_mito/fish2_24hpf_roi2,aang,aang,aang,20250821,20250821_mem_mito,fish2_24hpf_roi2,fish2_24hpf_roi2,2.0,fish2,24hpf,24.0,roi2,2.0,,[],,20250821_mem_mito,,,,,,,,,,inferred,20250821,1,inferred,20250821::20250821_mem_mito::1,66,2,2,20250821-plate66-slot2-roi2
20250821_mem_mito,fish3_24hpf_roi1,fish3_24hpf_roi1,fish3_24hpf_roi1,1500.0,/clusterfs/vast/abcabc/Aang_Foundation/20250821_mem_mito/fish3_24hpf_roi1,aang,aang,aang,20250821,20250821_mem_mito,fish3_24hpf_roi1,fish3_24hpf_roi1,3.0,fish3,24hpf,24.0,roi1,1.0,,[],,20250821_mem_mito,,,,,,,,,,inferred,20250821,1,inferred,20250821::20250821_mem_mito::1,66,3,1,20250821-plate66-slot3-roi1
20250821_mem_mito,fish3_24hpf_roi2,fish3_24hpf_roi2,fish3_24hpf_roi2,1500.0,/clusterfs/vast/abcabc/Aang_Foundation/20250821_mem_mito/fish3_24hpf_roi2,aang,aang,aang,20250821,20250821_mem_mito,fish3_24hpf_roi2,fish3_24hpf_roi2,3.0,fish3,24hpf,24.0,roi2,2.0,,[],,20250821_mem_mito,,,,,,,,,,inferred,20250821,1,inferred,20250821::20250821_mem_mito::1,66,3,2,20250821-plate66-slot3-roi2
20250821_mem_mito,fish4_24hpf_roi1,fish4_24hpf_roi1,fish4_24hpf_roi1,1500.0,/clusterfs/vast/abcabc/Aang_Foundation/20250821_mem_mito/fish4_24hpf_roi1,aang,aang,aang,20250821,20250821_mem_mito,fish4_24hpf_roi1,fish4_24hpf_roi1,4.0,fish4,24hpf,24.0,roi1,1.0,,[],,20250821_mem_mito,,,,,,,,,,inferred,20250821,1,inferred,20250821::20250821_mem_mito::1,66,4,1,20250821-plate66-slot4-roi1
20250821_mem_mito,fish4_24hpf_roi2,fish4_24hpf_roi2,fish4_24hpf_roi2,1500.0,/clusterfs/vast/abcabc/Aang_Foundation/20250821_mem_mito/fish4_24hpf_roi2,aang,aang,aang,20250821,20250821_mem_mito,fish4_24hpf_roi2,fish4_24hpf_roi2,4.0,fish4,24hpf,24.0,roi2,2.0,,[],,20250821_mem_mito,,,,,,,,,,inferred,20250821,1,inferred,20250821::20250821_mem_mito::1,66,4,2,20250821-plate66-slot4-roi2
20250821_mem_mito,fish6_24hpf_roi1,fish6_24hpf_roi1,fish6_24hpf_roi1,1500.0,/clusterfs/vast/abcabc/Aang_Foundation/20250821_mem_mito/fish6_24hpf_roi1,aang,aang,aang,20250821,20250821_mem_mito,fish6_24hpf_roi1,fish6_24hpf_roi1,6.0,fish6,24hpf,24.0,roi1,1.0,,[],,20250821_mem_mito,,,,,,,,,,inferred,20250821,1,inferred,20250821::20250821_mem_mito::1,66,5,1,20250821-plate66-slot5-roi1
20250821_mem_mito,fish6_24hpf_roi2,fish6_24hpf_roi2,fish6_24hpf_roi2,1471.0,/clusterfs/vast/abcabc/Aang_Foundation/20250821_mem_mito/fish6_24hpf_roi2,aang,aang,aang,20250821,20250821_mem_mito,fish6_24hpf_roi2,fish6_24hpf_roi2,6.0,fish6,24hpf,24.0,roi2,2.0,,[],,20250821_mem_mito,,,,,,,,,,inferred,20250821,1,inferred,20250821::20250821_mem_mito::1,66,5,2,20250821-plate66-slot5-roi2
20250821_mem_mito,fish7_48hpf_roi1,fish7_48hpf_roi1,fish7_48hpf_roi1,1500.0,/clusterfs/vast/abcabc/Aang_Foundation/20250821_mem_mito/fish7_48hpf_roi1,aang,aang,aang,20250821,20250821_mem_mito,fish7_48hpf_roi1,fish7_48hpf_roi1,7.0,fish7,48hpf,48.0,roi1,1.0,,[],,20250821_mem_mito,,,,,,,,,,inferred,20250821,1,inferred,20250821::20250821_mem_mito::1,66,6,1,20250821-plate66-slot6-roi1
20250821_mem_mito,fish7_48hpf_roi2,fish7_48hpf_roi2,fish7_48hpf_roi2,1500.0,/clusterfs/vast/abcabc/Aang_Foundation/20250821_mem_mito/fish7_48hpf_roi2,aang,aang,aang,20250821,20250821_mem_mito,fish7_48hpf_roi2,fish7_48hpf_roi2,7.0,fish7,48hpf,48.0,roi2,2.0,,[],,20250821_mem_mito,,,,,,,,,,inferred,20250821,1,inferred,20250821::20250821_mem_mito::1,66,6,2,20250821-plate66-slot6-roi2
20250821_mem_mito,fish8_48hpf_roi1,fish8_48hpf_roi1,fish8_48hpf_roi1,1500.0,/clusterfs/vast/abcabc/Aang_Foundation/20250821_mem_mito/fish8_48hpf_roi1,aang,aang,aang,20250821,20250821_mem_mito,fish8_48hpf_roi1,fish8_48hpf_roi1,8.0,fish8,48hpf,48.0,roi1,1.0,,[],,20250821_mem_mito,,,,,,,,,,inferred,20250821,2,inferred,20250821::20250821_mem_mito::2,67,1,1,20250821-plate67-slot1-roi1
20250821_mem_mito,fish8_48hpf_roi2,fish8_48hpf_roi2,fish8_48hpf_roi2,1500.0,/clusterfs/vast/abcabc/Aang_Foundation/20250821_mem_mito/fish8_48hpf_roi2,aang,aang,aang,20250821,20250821_mem_mito,fish8_48hpf_roi2,fish8_48hpf_roi2,8.0,fish8,48hpf,48.0,roi2,2.0,,[],,20250821_mem_mito,,,,,,,,,,inferred,20250821,2,inferred,20250821::20250821_mem_mito::2,67,1,2,20250821-plate67-slot1-roi2
20250821_mem_mito,fish8_48hpf_roi3,fish8_48hpf_roi3,fish8_48hpf_roi3,1500.0,/clusterfs/vast/abcabc/Aang_Foundation/20250821_mem_mito/fish8_48hpf_roi3,aang,aang,aang,20250821,20250821_mem_mito,fish8_48hpf_roi3,fish8_48hpf_roi3,8.0,fish8,48hpf,48.0,roi3,3.0,,[],,20250821_mem_mito,,,,,,,,,,inferred,20250821,2,inferred,20250821::20250821_mem_mito::2,67,1,3,20250821-plate67-slot1-roi3
20250826_mem_actin,fish1_24hpf_roi1,fish1_24hpf_roi1,fish1_24hpf_roi1,1850.0,/clusterfs/vast/abcabc/Aang_Foundation/20250826_mem_actin/fish1_24hpf_roi1,aang,aang,aang,20250826,20250826_mem_actin,fish1_24hpf_roi1,fish1_24hpf_roi1,1.0,fish1,24hpf,24.0,roi1,1.0,,[],,20250826_mem_actin,,,,,,,,,,inferred,20250826,1,inferred,20250826::20250826_mem_actin::1,68,1,1,20250826-plate68-slot1-roi1
20250826_mem_actin,fish1_24hpf_roi2,fish1_24hpf_roi2,fish1_24hpf_roi2,1200.0,/clusterfs/vast/abcabc/Aang_Foundation/20250826_mem_actin/fish1_24hpf_roi2,aang,aang,aang,20250826,20250826_mem_actin,fish1_24hpf_roi2,fish1_24hpf_roi2,1.0,fish1,24hpf,24.0,roi2,2.0,,[],,20250826_mem_actin,,,,,,,,,,inferred,20250826,1,inferred,20250826::20250826_mem_actin::1,68,1,2,20250826-plate68-slot1-roi2
20250826_mem_actin,fish2_24hpf_roi1,fish2_24hpf_roi1,fish2_24hpf_roi1,816.0,/clusterfs/vast/abcabc/Aang_Foundation/20250826_mem_actin/fish2_24hpf_roi1,aang,aang,aang,20250826,20250826_mem_actin,fish2_24hpf_roi1,fish2_24hpf_roi1,2.0,fish2,24hpf,24.0,roi1,1.0,,[],,20250826_mem_actin,,,,,,,,,,inferred,20250826,1,inferred,20250826::20250826_mem_actin::1,68,2,1,20250826-plate68-slot2-roi1
20250826_mem_actin,fish3_24hpf_roi1,fish3_24hpf_roi1,fish3_24hpf_roi1,816.0,/clusterfs/vast/abcabc/Aang_Foundation/20250826_mem_actin/fish3_24hpf_roi1,aang,aang,aang,20250826,20250826_mem_actin,fish3_24hpf_roi1,fish3_24hpf_roi1,3.0,fish3,24hpf,24.0,roi1,1.0,,[],,20250826_mem_actin,,,,,,,,,,inferred,20250826,1,inferred,20250826::20250826_mem_actin::1,68,3,1,20250826-plate68-slot3-roi1
20250826_mem_actin,fish3_24hpf_roi2,fish3_24hpf_roi2,fish3_24hpf_roi2,818.0,/clusterfs/vast/abcabc/Aang_Foundation/20250826_mem_actin/fish3_24hpf_roi2,aang,aang,aang,20250826,20250826_mem_actin,fish3_24hpf_roi2,fish3_24hpf_roi2,3.0,fish3,24hpf,24.0,roi2,2.0,,[],,20250826_mem_actin,,,,,,,,,,inferred,20250826,1,inferred,20250826::20250826_mem_actin::1,68,3,2,20250826-plate68-slot3-roi2
20250826_mem_actin,fish5_24hpf_roi1,fish5_24hpf_roi1,fish5_24hpf_roi1,816.0,/clusterfs/vast/abcabc/Aang_Foundation/20250826_mem_actin/fish5_24hpf_roi1,aang,aang,aang,20250826,20250826_mem_actin,fish5_24hpf_roi1,fish5_24hpf_roi1,5.0,fish5,24hpf,24.0,roi1,1.0,,[],,20250826_mem_actin,,,,,,,,,,inferred,20250826,1,inferred,20250826::20250826_mem_actin::1,68,4,1,20250826-plate68-slot4-roi1
20250826_mem_actin,fish5_24hpf_roi2,fish5_24hpf_roi2,fish5_24hpf_roi2,816.0,/clusterfs/vast/abcabc/Aang_Foundation/20250826_mem_actin/fish5_24hpf_roi2,aang,aang,aang,20250826,20250826_mem_actin,fish5_24hpf_roi2,fish5_24hpf_roi2,5.0,fish5,24hpf,24.0,roi2,2.0,,[],,20250826_mem_actin,,,,,,,,,,inferred,20250826,1,inferred,20250826::20250826_mem_actin::1,68,4,2,20250826-plate68-slot4-roi2
20250826_mem_actin,fish6_24hpf_roi1,fish6_24hpf_roi1,fish6_24hpf_roi1,816.0,/clusterfs/vast/abcabc/Aang_Foundation/20250826_mem_actin/fish6_24hpf_roi1,aang,aang,aang,20250826,20250826_mem_actin,fish6_24hpf_roi1,fish6_24hpf_roi1,6.0,fish6,24hpf,24.0,roi1,1.0,,[],,20250826_mem_actin,,,,,,,,,,inferred,20250826,1,inferred,20250826::20250826_mem_actin::1,68,5,1,20250826-plate68-slot5-roi1
20250827_mem_actin,fish3_48hpf_roi1,fish3_48hpf_roi1,fish3_48hpf_roi1,408.0,/clusterfs/vast/abcabc/Aang_Foundation/20250827_mem_actin/fish3_48hpf_roi1,aang,aang,aang,20250827,20250827_mem_actin,fish3_48hpf_roi1,fish3_48hpf_roi1,3.0,fish3,48hpf,48.0,roi1,1.0,,[],,20250827_mem_actin,,,,,,,,,,inferred,20250827,1,inferred,20250827::20250827_mem_actin::1,69,1,1,20250827-plate69-slot1-roi1
20250827_mem_actin,fish3_48hpf_roi2,fish3_48hpf_roi2,fish3_48hpf_roi2,408.0,/clusterfs/vast/abcabc/Aang_Foundation/20250827_mem_actin/fish3_48hpf_roi2,aang,aang,aang,20250827,20250827_mem_actin,fish3_48hpf_roi2,fish3_48hpf_roi2,3.0,fish3,48hpf,48.0,roi2,2.0,,[],,20250827_mem_actin,,,,,,,,,,inferred,20250827,1,inferred,20250827::20250827_mem_actin::1,69,1,2,20250827-plate69-slot1-roi2
20250827_mem_actin,fish5_48hpf_roi1,fish5_48hpf_roi1,fish5_48hpf_roi1,136.0,/clusterfs/vast/abcabc/Aang_Foundation/20250827_mem_actin/fish5_48hpf_roi1,aang,aang,aang,20250827,20250827_mem_actin,fish5_48hpf_roi1,fish5_48hpf_roi1,5.0,fish5,48hpf,48.0,roi1,1.0,,[],,20250827_mem_actin,,,,,,,,,,inferred,20250827,1,inferred,20250827::20250827_mem_actin::1,69,2,1,20250827-plate69-slot2-roi1
20250827_mem_actin,fish5_48hpf_roi2,fish5_48hpf_roi2,fish5_48hpf_roi2,136.0,/clusterfs/vast/abcabc/Aang_Foundation/20250827_mem_actin/fish5_48hpf_roi2,aang,aang,aang,20250827,20250827_mem_actin,fish5_48hpf_roi2,fish5_48hpf_roi2,5.0,fish5,48hpf,48.0,roi2,2.0,,[],,20250827_mem_actin,,,,,,,,,,inferred,20250827,1,inferred,20250827::20250827_mem_actin::1,69,2,2,20250827-plate69-slot2-roi2
20250827_mem_actin,fish5_48hpf_roi3,fish5_48hpf_roi3,fish5_48hpf_roi3,136.0,/clusterfs/vast/abcabc/Aang_Foundation/20250827_mem_actin/fish5_48hpf_roi3,aang,aang,aang,20250827,20250827_mem_actin,fish5_48hpf_roi3,fish5_48hpf_roi3,5.0,fish5,48hpf,48.0,roi3,3.0,,[],,20250827_mem_actin,,,,,,,,,,inferred,20250827,1,inferred,20250827::20250827_mem_actin::1,69,2,3,20250827-plate69-slot2-roi3
20250828_mem_actin,fish1_24hpf_roi1,fish1_24hpf_roi1,fish1_24hpf_roi1,50.0,/clusterfs/vast/abcabc/Aang_Foundation/20250828_mem_actin/fish1_24hpf_roi1,aang,aang,aang,20250828,20250828_mem_actin,fish1_24hpf_roi1,fish1_24hpf_roi1,1.0,fish1,24hpf,24.0,roi1,1.0,,[],,20250828_mem_actin,,,,,,,,,,inferred,20250828,1,inferred,20250828::20250828_mem_actin::1,70,1,1,20250828-plate70-slot1-roi1
20250828_mem_actin,fish1_24hpf_roi1-2,fish1_24hpf_roi1-2,fish1_24hpf_roi1-2,1476.0,/clusterfs/vast/abcabc/Aang_Foundation/20250828_mem_actin/fish1_24hpf_roi1-2,aang,aang,aang,20250828,20250828_mem_actin,fish1_24hpf_roi1-2,fish1_24hpf_roi1-2,1.0,fish1,24hpf,24.0,,,roi1-2,"['fish1', 'roi1-2']",fish1|roi1-2,20250828_mem_actin,,,,,,,,,,inferred,20250828,1,inferred,20250828::20250828_mem_actin::1,70,1,2,20250828-plate70-slot1-roi2
20250828_mem_actin,fish1_24hpf_roi2,fish1_24hpf_roi2,fish1_24hpf_roi2,656.0,/clusterfs/vast/abcabc/Aang_Foundation/20250828_mem_actin/fish1_24hpf_roi2,aang,aang,aang,20250828,20250828_mem_actin,fish1_24hpf_roi2,fish1_24hpf_roi2,1.0,fish1,24hpf,24.0,roi2,2.0,,[],,20250828_mem_actin,,,,,,,,,,inferred,20250828,1,inferred,20250828::20250828_mem_actin::1,70,1,3,20250828-plate70-slot1-roi3
20250828_mem_actin,fish1_24hpf_roi3,fish1_24hpf_roi3,fish1_24hpf_roi3,656.0,/clusterfs/vast/abcabc/Aang_Foundation/20250828_mem_actin/fish1_24hpf_roi3,aang,aang,aang,20250828,20250828_mem_actin,fish1_24hpf_roi3,fish1_24hpf_roi3,1.0,fish1,24hpf,24.0,roi3,3.0,,[],,20250828_mem_actin,,,,,,,,,,inferred,20250828,1,inferred,20250828::20250828_mem_actin::1,70,1,4,20250828-plate70-slot1-roi4
20250828_mem_actin,fish2_24hpf_roi1,fish2_24hpf_roi1,fish2_24hpf_roi1,1925.0,/clusterfs/vast/abcabc/Aang_Foundation/20250828_mem_actin/fish2_24hpf_roi1,aang,aang,aang,20250828,20250828_mem_actin,fish2_24hpf_roi1,fish2_24hpf_roi1,2.0,fish2,24hpf,24.0,roi1,1.0,,[],,20250828_mem_actin,,,,,,,,,,inferred,20250828,1,inferred,20250828::20250828_mem_actin::1,70,2,1,20250828-plate70-slot2-roi1
20250828_mem_actin,fish2_24hpf_roi2,fish2_24hpf_roi2,fish2_24hpf_roi2,1726.0,/clusterfs/vast/abcabc/Aang_Foundation/20250828_mem_actin/fish2_24hpf_roi2,aang,aang,aang,20250828,20250828_mem_actin,fish2_24hpf_roi2,fish2_24hpf_roi2,2.0,fish2,24hpf,24.0,roi2,2.0,,[],,20250828_mem_actin,,,,,,,,,,inferred,20250828,1,inferred,20250828::20250828_mem_actin::1,70,2,2,20250828-plate70-slot2-roi2
20250828_mem_actin,fish2_24hpf_roi2-2,fish2_24hpf_roi2-2,fish2_24hpf_roi2-2,1968.0,/clusterfs/vast/abcabc/Aang_Foundation/20250828_mem_actin/fish2_24hpf_roi2-2,aang,aang,aang,20250828,20250828_mem_actin,fish2_24hpf_roi2-2,fish2_24hpf_roi2-2,2.0,fish2,24hpf,24.0,,,roi2-2,"['fish2', 'roi2-2']",fish2|roi2-2,20250828_mem_actin,,,,,,,,,,inferred,20250828,1,inferred,20250828::20250828_mem_actin::1,70,2,3,20250828-plate70-slot2-roi3
20250828_mem_actin,fish4_24hpf_roi1,fish4_24hpf_roi1,fish4_24hpf_roi1,1968.0,/clusterfs/vast/abcabc/Aang_Foundation/20250828_mem_actin/fish4_24hpf_roi1,aang,aang,aang,20250828,20250828_mem_actin,fish4_24hpf_roi1,fish4_24hpf_roi1,4.0,fish4,24hpf,24.0,roi1,1.0,,[],,20250828_mem_actin,,,,,,,,,,inferred,20250828,1,inferred,20250828::20250828_mem_actin::1,70,3,1,20250828-plate70-slot3-roi1
20250828_mem_actin,fish4_24hpf_roi2,fish4_24hpf_roi2,fish4_24hpf_roi2,1968.0,/clusterfs/vast/abcabc/Aang_Foundation/20250828_mem_actin/fish4_24hpf_roi2,aang,aang,aang,20250828,20250828_mem_actin,fish4_24hpf_roi2,fish4_24hpf_roi2,4.0,fish4,24hpf,24.0,roi2,2.0,,[],,20250828_mem_actin,,,,,,,,,,inferred,20250828,1,inferred,20250828::20250828_mem_actin::1,70,3,2,20250828-plate70-slot3-roi2
20250828_mem_actin,fish5_24hpf_roi1,fish5_24hpf_roi1,fish5_24hpf_roi1,656.0,/clusterfs/vast/abcabc/Aang_Foundation/20250828_mem_actin/fish5_24hpf_roi1,aang,aang,aang,20250828,20250828_mem_actin,fish5_24hpf_roi1,fish5_24hpf_roi1,5.0,fish5,24hpf,24.0,roi1,1.0,,[],,20250828_mem_actin,,,,,,,,,,inferred,20250828,1,inferred,20250828::20250828_mem_actin::1,70,4,1,20250828-plate70-slot4-roi1
20250828_mem_actin,fish5_24hpf_roi2,fish5_24hpf_roi2,fish5_24hpf_roi2,656.0,/clusterfs/vast/abcabc/Aang_Foundation/20250828_mem_actin/fish5_24hpf_roi2,aang,aang,aang,20250828,20250828_mem_actin,fish5_24hpf_roi2,fish5_24hpf_roi2,5.0,fish5,24hpf,24.0,roi2,2.0,,[],,20250828_mem_actin,,,,,,,,,,inferred,20250828,1,inferred,20250828::20250828_mem_actin::1,70,4,2,20250828-plate70-slot4-roi2
20250828_mem_actin,fish5_24hpf_roi3,fish5_24hpf_roi3,fish5_24hpf_roi3,656.0,/clusterfs/vast/abcabc/Aang_Foundation/20250828_mem_actin/fish5_24hpf_roi3,aang,aang,aang,20250828,20250828_mem_actin,fish5_24hpf_roi3,fish5_24hpf_roi3,5.0,fish5,24hpf,24.0,roi3,3.0,,[],,20250828_mem_actin,,,,,,,,,,inferred,20250828,1,inferred,20250828::20250828_mem_actin::1,70,4,3,20250828-plate70-slot4-roi3
20250828_mem_actin,fish6_24hpf_roi1,fish6_24hpf_roi1,fish6_24hpf_roi1,1968.0,/clusterfs/vast/abcabc/Aang_Foundation/20250828_mem_actin/fish6_24hpf_roi1,aang,aang,aang,20250828,20250828_mem_actin,fish6_24hpf_roi1,fish6_24hpf_roi1,6.0,fish6,24hpf,24.0,roi1,1.0,,[],,20250828_mem_actin,,,,,,,,,,inferred,20250828,1,inferred,20250828::20250828_mem_actin::1,70,5,1,20250828-plate70-slot5-roi1
20250828_mem_actin,fish6_24hpf_roi2,fish6_24hpf_roi2,fish6_24hpf_roi2,1968.0,/clusterfs/vast/abcabc/Aang_Foundation/20250828_mem_actin/fish6_24hpf_roi2,aang,aang,aang,20250828,20250828_mem_actin,fish6_24hpf_roi2,fish6_24hpf_roi2,6.0,fish6,24hpf,24.0,roi2,2.0,,[],,20250828_mem_actin,,,,,,,,,,inferred,20250828,1,inferred,20250828::20250828_mem_actin::1,70,5,2,20250828-plate70-slot5-roi2
20250903_lifeact-mSG,fish1_24hpf_roi1,fish1_24hpf_roi1,fish1_24hpf_roi1,400.0,/clusterfs/vast/abcabc/Aang_Foundation/20250903_lifeact-mSG/fish1_24hpf_roi1,aang,aang,aang,20250903,20250903_lifeact-mSG,fish1_24hpf_roi1,fish1_24hpf_roi1,1.0,fish1,24hpf,24.0,roi1,1.0,,[],,20250903_lifeact-mSG,,,,,,,,,,inferred,20250903,1,inferred,20250903::20250903_lifeact-mSG::1,71,1,1,20250903-plate71-slot1-roi1
20250903_lifeact-mSG,fish1_24hpf_roi2,fish1_24hpf_roi2,fish1_24hpf_roi2,656.0,/clusterfs/vast/abcabc/Aang_Foundation/20250903_lifeact-mSG/fish1_24hpf_roi2,aang,aang,aang,20250903,20250903_lifeact-mSG,fish1_24hpf_roi2,fish1_24hpf_roi2,1.0,fish1,24hpf,24.0,roi2,2.0,,[],,20250903_lifeact-mSG,,,,,,,,,,inferred,20250903,1,inferred,20250903::20250903_lifeact-mSG::1,71,1,2,20250903-plate71-slot1-roi2
20250903_lifeact-mSG,fish1_24hpf_roi3,fish1_24hpf_roi3,fish1_24hpf_roi3,82.0,/clusterfs/vast/abcabc/Aang_Foundation/20250903_lifeact-mSG/fish1_24hpf_roi3,aang,aang,aang,20250903,20250903_lifeact-mSG,fish1_24hpf_roi3,fish1_24hpf_roi3,1.0,fish1,24hpf,24.0,roi3,3.0,,[],,20250903_lifeact-mSG,,,,,,,,,,inferred,20250903,1,inferred,20250903::20250903_lifeact-mSG::1,71,1,3,20250903-plate71-slot1-roi3
20250903_lifeact-mSG,fish1_24hpf_roi3_2,fish1_24hpf_roi3_2,fish1_24hpf_roi3_2,1312.0,/clusterfs/vast/abcabc/Aang_Foundation/20250903_lifeact-mSG/fish1_24hpf_roi3_2,aang,aang,aang,20250903,20250903_lifeact-mSG,fish1_24hpf_roi3_2,fish1_24hpf_roi3_2,1.0,fish1,24hpf,24.0,roi3,3.0,2,[],,20250903_lifeact-mSG,,,,,,,,,,inferred,20250903,1,inferred,20250903::20250903_lifeact-mSG::1,71,1,4,20250903-plate71-slot1-roi4
20250903_lifeact-mSG,fish2_24hpf_roi1,fish2_24hpf_roi1,fish2_24hpf_roi1,656.0,/clusterfs/vast/abcabc/Aang_Foundation/20250903_lifeact-mSG/fish2_24hpf_roi1,aang,aang,aang,20250903,20250903_lifeact-mSG,fish2_24hpf_roi1,fish2_24hpf_roi1,2.0,fish2,24hpf,24.0,roi1,1.0,,[],,20250903_lifeact-mSG,,,,,,,,,,inferred,20250903,1,inferred,20250903::20250903_lifeact-mSG::1,71,2,1,20250903-plate71-slot2-roi1
20250903_lifeact-mSG,fish2_24hpf_roi2,fish2_24hpf_roi2,fish2_24hpf_roi2,656.0,/clusterfs/vast/abcabc/Aang_Foundation/20250903_lifeact-mSG/fish2_24hpf_roi2,aang,aang,aang,20250903,20250903_lifeact-mSG,fish2_24hpf_roi2,fish2_24hpf_roi2,2.0,fish2,24hpf,24.0,roi2,2.0,,[],,20250903_lifeact-mSG,,,,,,,,,,inferred,20250903,1,inferred,20250903::20250903_lifeact-mSG::1,71,2,2,20250903-plate71-slot2-roi2
20250904_lifeact-mSG,fish1_24hpf_roi1,fish1_24hpf_roi1,fish1_24hpf_roi1,656.0,/clusterfs/vast/abcabc/Aang_Foundation/20250904_lifeact-mSG/fish1_24hpf_roi1,aang,aang,aang,20250904,20250904_lifeact-mSG,fish1_24hpf_roi1,fish1_24hpf_roi1,1.0,fish1,24hpf,24.0,roi1,1.0,,[],,20250904_lifeact-mSG,,,,,,,,,,inferred,20250904,1,inferred,20250904::20250904_lifeact-mSG::1,72,1,1,20250904-plate72-slot1-roi1
20250904_lifeact-mSG,fish1_24hpf_roi2,fish1_24hpf_roi2,fish1_24hpf_roi2,25.0,/clusterfs/vast/abcabc/Aang_Foundation/20250904_lifeact-mSG/fish1_24hpf_roi2,aang,aang,aang,20250904,20250904_lifeact-mSG,fish1_24hpf_roi2,fish1_24hpf_roi2,1.0,fish1,24hpf,24.0,roi2,2.0,,[],,20250904_lifeact-mSG,,,,,,,,,,inferred,20250904,1,inferred,20250904::20250904_lifeact-mSG::1,72,1,2,20250904-plate72-slot1-roi2
20250904_lifeact-mSG,fish1_24hpf_roi3,fish1_24hpf_roi3,fish1_24hpf_roi3,656.0,/clusterfs/vast/abcabc/Aang_Foundation/20250904_lifeact-mSG/fish1_24hpf_roi3,aang,aang,aang,20250904,20250904_lifeact-mSG,fish1_24hpf_roi3,fish1_24hpf_roi3,1.0,fish1,24hpf,24.0,roi3,3.0,,[],,20250904_lifeact-mSG,,,,,,,,,,inferred,20250904,1,inferred,20250904::20250904_lifeact-mSG::1,72,1,3,20250904-plate72-slot1-roi3
20250904_lifeact-mSG,fish1_24hpf_roi4,fish1_24hpf_roi4,fish1_24hpf_roi4,656.0,/clusterfs/vast/abcabc/Aang_Foundation/20250904_lifeact-mSG/fish1_24hpf_roi4,aang,aang,aang,20250904,20250904_lifeact-mSG,fish1_24hpf_roi4,fish1_24hpf_roi4,1.0,fish1,24hpf,24.0,roi4,4.0,,[],,20250904_lifeact-mSG,,,,,,,,,,inferred,20250904,1,inferred,20250904::20250904_lifeact-mSG::1,72,1,4,20250904-plate72-slot1-roi4
20250904_lifeact-mSG,fish1_24hpf_roi5,fish1_24hpf_roi5,fish1_24hpf_roi5,656.0,/clusterfs/vast/abcabc/Aang_Foundation/20250904_lifeact-mSG/fish1_24hpf_roi5,aang,aang,aang,20250904,20250904_lifeact-mSG,fish1_24hpf_roi5,fish1_24hpf_roi5,1.0,fish1,24hpf,24.0,roi5,5.0,,[],,20250904_lifeact-mSG,,,,,,,,,,inferred,20250904,1,inferred,20250904::20250904_lifeact-mSG::1,72,1,5,20250904-plate72-slot1-roi5
20250905_lifeact-mSG,fish2_72hpf_roi1,fish2_72hpf_roi1,fish2_72hpf_roi1,656.0,/clusterfs/vast/abcabc/Aang_Foundation/20250905_lifeact-mSG/fish2_72hpf_roi1,aang,aang,aang,20250905,20250905_lifeact-mSG,fish2_72hpf_roi1,fish2_72hpf_roi1,2.0,fish2,72hpf,72.0,roi1,1.0,,[],,20250905_lifeact-mSG,,,,,,,,,,inferred,20250905,1,inferred,20250905::20250905_lifeact-mSG::1,73,1,1,20250905-plate73-slot1-roi1
20250905_lifeact-mSG,fish2_72hpf_roi2,fish2_72hpf_roi2,fish2_72hpf_roi2,257.0,/clusterfs/vast/abcabc/Aang_Foundation/20250905_lifeact-mSG/fish2_72hpf_roi2,aang,aang,aang,20250905,20250905_lifeact-mSG,fish2_72hpf_roi2,fish2_72hpf_roi2,2.0,fish2,72hpf,72.0,roi2,2.0,,[],,20250905_lifeact-mSG,,,,,,,,,,inferred,20250905,1,inferred,20250905::20250905_lifeact-mSG::1,73,1,2,20250905-plate73-slot1-roi2
20250905_lifeact-mSG,fish2_72hpf_roi3,fish2_72hpf_roi3,fish2_72hpf_roi3,816.0,/clusterfs/vast/abcabc/Aang_Foundation/20250905_lifeact-mSG/fish2_72hpf_roi3,aang,aang,aang,20250905,20250905_lifeact-mSG,fish2_72hpf_roi3,fish2_72hpf_roi3,2.0,fish2,72hpf,72.0,roi3,3.0,,[],,20250905_lifeact-mSG,,,,,,,,,,inferred,20250905,1,inferred,20250905::20250905_lifeact-mSG::1,73,1,3,20250905-plate73-slot1-roi3
20250905_lifeact-mSG,fish2_72hpf_roi4,fish2_72hpf_roi4,fish2_72hpf_roi4,816.0,/clusterfs/vast/abcabc/Aang_Foundation/20250905_lifeact-mSG/fish2_72hpf_roi4,aang,aang,aang,20250905,20250905_lifeact-mSG,fish2_72hpf_roi4,fish2_72hpf_roi4,2.0,fish2,72hpf,72.0,roi4,4.0,,[],,20250905_lifeact-mSG,,,,,,,,,,inferred,20250905,1,inferred,20250905::20250905_lifeact-mSG::1,73,1,4,20250905-plate73-slot1-roi4
20250908_mem-mito,fish1_24hpf_roi1,fish1_24hpf_roi1,fish1_24hpf_roi1,332.0,/clusterfs/vast/abcabc/Aang_Foundation/20250908_mem-mito/fish1_24hpf_roi1,aang,aang,aang,20250908,20250908_mem-mito,fish1_24hpf_roi1,fish1_24hpf_roi1,1.0,fish1,24hpf,24.0,roi1,1.0,,[],,20250908_mem-mito,,,,,,,,,,inferred,20250908,1,inferred,20250908::20250908_mem-mito::1,74,1,1,20250908-plate74-slot1-roi1
20250908_mem-mito,fish1_24hpf_roi2,fish1_24hpf_roi2,fish1_24hpf_roi2,1188.0,/clusterfs/vast/abcabc/Aang_Foundation/20250908_mem-mito/fish1_24hpf_roi2,aang,aang,aang,20250908,20250908_mem-mito,fish1_24hpf_roi2,fish1_24hpf_roi2,1.0,fish1,24hpf,24.0,roi2,2.0,,[],,20250908_mem-mito,,,,,,,,,,inferred,20250908,1,inferred,20250908::20250908_mem-mito::1,74,1,2,20250908-plate74-slot1-roi2
20250908_mem-mito,fish1_24hpf_roi3,fish1_24hpf_roi3,fish1_24hpf_roi3,450.0,/clusterfs/vast/abcabc/Aang_Foundation/20250908_mem-mito/fish1_24hpf_roi3,aang,aang,aang,20250908,20250908_mem-mito,fish1_24hpf_roi3,fish1_24hpf_roi3,1.0,fish1,24hpf,24.0,roi3,3.0,,[],,20250908_mem-mito,,,,,,,,,,inferred,20250908,1,inferred,20250908::20250908_mem-mito::1,74,1,3,20250908-plate74-slot1-roi3
20250908_mem-mito,fish1_24hpf_roi4,fish1_24hpf_roi4,fish1_24hpf_roi4,450.0,/clusterfs/vast/abcabc/Aang_Foundation/20250908_mem-mito/fish1_24hpf_roi4,aang,aang,aang,20250908,20250908_mem-mito,fish1_24hpf_roi4,fish1_24hpf_roi4,1.0,fish1,24hpf,24.0,roi4,4.0,,[],,20250908_mem-mito,,,,,,,,,,inferred,20250908,1,inferred,20250908::20250908_mem-mito::1,74,1,4,20250908-plate74-slot1-roi4
20250908_mem-mito,fish2_24hpf_roi1,fish2_24hpf_roi1,fish2_24hpf_roi1,450.0,/clusterfs/vast/abcabc/Aang_Foundation/20250908_mem-mito/fish2_24hpf_roi1,aang,aang,aang,20250908,20250908_mem-mito,fish2_24hpf_roi1,fish2_24hpf_roi1,2.0,fish2,24hpf,24.0,roi1,1.0,,[],,20250908_mem-mito,,,,,,,,,,inferred,20250908,1,inferred,20250908::20250908_mem-mito::1,74,2,1,20250908-plate74-slot2-roi1
20250908_mem-mito,fish2_24hpf_roi2,fish2_24hpf_roi2,fish2_24hpf_roi2,300.0,/clusterfs/vast/abcabc/Aang_Foundation/20250908_mem-mito/fish2_24hpf_roi2,aang,aang,aang,20250908,20250908_mem-mito,fish2_24hpf_roi2,fish2_24hpf_roi2,2.0,fish2,24hpf,24.0,roi2,2.0,,[],,20250908_mem-mito,,,,,,,,,,inferred,20250908,1,inferred,20250908::20250908_mem-mito::1,74,2,2,20250908-plate74-slot2-roi2
20250908_mem-mito,fish2_24hpf_roi3,fish2_24hpf_roi3,fish2_24hpf_roi3,4.0,/clusterfs/vast/abcabc/Aang_Foundation/20250908_mem-mito/fish2_24hpf_roi3,aang,aang,aang,20250908,20250908_mem-mito,fish2_24hpf_roi3,fish2_24hpf_roi3,2.0,fish2,24hpf,24.0,roi3,3.0,,[],,20250908_mem-mito,,,,,,,,,,inferred,20250908,1,inferred,20250908::20250908_mem-mito::1,74,2,3,20250908-plate74-slot2-roi3
20250908_mem-mito,fish2_72hpf_roi1,fish2_72hpf_roi1,fish2_72hpf_roi1,2000.0,/clusterfs/vast/abcabc/Aang_Foundation/20250908_mem-mito/fish2_72hpf_roi1,aang,aang,aang,20250908,20250908_mem-mito,fish2_72hpf_roi1,fish2_72hpf_roi1,2.0,fish2,72hpf,72.0,roi1,1.0,,[],,20250908_mem-mito,,,,,,,,,,inferred,20250908,1,inferred,20250908::20250908_mem-mito::1,74,2,4,20250908-plate74-slot2-roi4
20250908_mem-mito,fish2_72hpf_roi2,fish2_72hpf_roi2,fish2_72hpf_roi2,1200.0,/clusterfs/vast/abcabc/Aang_Foundation/20250908_mem-mito/fish2_72hpf_roi2,aang,aang,aang,20250908,20250908_mem-mito,fish2_72hpf_roi2,fish2_72hpf_roi2,2.0,fish2,72hpf,72.0,roi2,2.0,,[],,20250908_mem-mito,,,,,,,,,,inferred,20250908,1,inferred,20250908::20250908_mem-mito::1,74,2,5,20250908-plate74-slot2-roi5
20250908_mem-mito,fish2_72hpf_roi3,fish2_72hpf_roi3,fish2_72hpf_roi3,1200.0,/clusterfs/vast/abcabc/Aang_Foundation/20250908_mem-mito/fish2_72hpf_roi3,aang,aang,aang,20250908,20250908_mem-mito,fish2_72hpf_roi3,fish2_72hpf_roi3,2.0,fish2,72hpf,72.0,roi3,3.0,,[],,20250908_mem-mito,,,,,,,,,,inferred,20250908,1,inferred,20250908::20250908_mem-mito::1,74,2,6,20250908-plate74-slot2-roi6
20250908_mem-mito,fish2_72hpf_roi4,fish2_72hpf_roi4,fish2_72hpf_roi4,1200.0,/clusterfs/vast/abcabc/Aang_Foundation/20250908_mem-mito/fish2_72hpf_roi4,aang,aang,aang,20250908,20250908_mem-mito,fish2_72hpf_roi4,fish2_72hpf_roi4,2.0,fish2,72hpf,72.0,roi4,4.0,,[],,20250908_mem-mito,,,,,,,,,,inferred,20250908,1,inferred,20250908::20250908_mem-mito::1,74,2,7,20250908-plate74-slot2-roi7
20250908_mem-mito,fish2_72hpf_roi5,fish2_72hpf_roi5,fish2_72hpf_roi5,1200.0,/clusterfs/vast/abcabc/Aang_Foundation/20250908_mem-mito/fish2_72hpf_roi5,aang,aang,aang,20250908,20250908_mem-mito,fish2_72hpf_roi5,fish2_72hpf_roi5,2.0,fish2,72hpf,72.0,roi5,5.0,,[],,20250908_mem-mito,,,,,,,,,,inferred,20250908,1,inferred,20250908::20250908_mem-mito::1,74,2,8,20250908-plate74-slot2-roi8
20250908_mem-mito,fish4_24hpf_roi1,fish4_24hpf_roi1,fish4_24hpf_roi1,300.0,/clusterfs/vast/abcabc/Aang_Foundation/20250908_mem-mito/fish4_24hpf_roi1,aang,aang,aang,20250908,20250908_mem-mito,fish4_24hpf_roi1,fish4_24hpf_roi1,4.0,fish4,24hpf,24.0,roi1,1.0,,[],,20250908_mem-mito,,,,,,,,,,inferred,20250908,1,inferred,20250908::20250908_mem-mito::1,74,3,1,20250908-plate74-slot3-roi1
20250908_mem-mito,fish4_24hpf_roi2,fish4_24hpf_roi2,fish4_24hpf_roi2,300.0,/clusterfs/vast/abcabc/Aang_Foundation/20250908_mem-mito/fish4_24hpf_roi2,aang,aang,aang,20250908,20250908_mem-mito,fish4_24hpf_roi2,fish4_24hpf_roi2,4.0,fish4,24hpf,24.0,roi2,2.0,,[],,20250908_mem-mito,,,,,,,,,,inferred,20250908,1,inferred,20250908::20250908_mem-mito::1,74,3,2,20250908-plate74-slot3-roi2
20250908_mem-mito,fish4_24hpf_roi3,fish4_24hpf_roi3,fish4_24hpf_roi3,300.0,/clusterfs/vast/abcabc/Aang_Foundation/20250908_mem-mito/fish4_24hpf_roi3,aang,aang,aang,20250908,20250908_mem-mito,fish4_24hpf_roi3,fish4_24hpf_roi3,4.0,fish4,24hpf,24.0,roi3,3.0,,[],,20250908_mem-mito,,,,,,,,,,inferred,20250908,1,inferred,20250908::20250908_mem-mito::1,74,3,3,20250908-plate74-slot3-roi3
20250908_mem-mito,fish5_24hpf_roi1,fish5_24hpf_roi1,fish5_24hpf_roi1,300.0,/clusterfs/vast/abcabc/Aang_Foundation/20250908_mem-mito/fish5_24hpf_roi1,aang,aang,aang,20250908,20250908_mem-mito,fish5_24hpf_roi1,fish5_24hpf_roi1,5.0,fish5,24hpf,24.0,roi1,1.0,,[],,20250908_mem-mito,,,,,,,,,,inferred,20250908,1,inferred,20250908::20250908_mem-mito::1,74,4,1,20250908-plate74-slot4-roi1
20250908_mem-mito,fish5_24hpf_roi2,fish5_24hpf_roi2,fish5_24hpf_roi2,300.0,/clusterfs/vast/abcabc/Aang_Foundation/20250908_mem-mito/fish5_24hpf_roi2,aang,aang,aang,20250908,20250908_mem-mito,fish5_24hpf_roi2,fish5_24hpf_roi2,5.0,fish5,24hpf,24.0,roi2,2.0,,[],,20250908_mem-mito,,,,,,,,,,inferred,20250908,1,inferred,20250908::20250908_mem-mito::1,74,4,2,20250908-plate74-slot4-roi2
20250908_mem-mito,fish5_24hpf_roi3,fish5_24hpf_roi3,fish5_24hpf_roi3,300.0,/clusterfs/vast/abcabc/Aang_Foundation/20250908_mem-mito/fish5_24hpf_roi3,aang,aang,aang,20250908,20250908_mem-mito,fish5_24hpf_roi3,fish5_24hpf_roi3,5.0,fish5,24hpf,24.0,roi3,3.0,,[],,20250908_mem-mito,,,,,,,,,,inferred,20250908,1,inferred,20250908::20250908_mem-mito::1,74,4,3,20250908-plate74-slot4-roi3
20250908_mem-mito,fish5_24hpf_roi4,fish5_24hpf_roi4,fish5_24hpf_roi4,300.0,/clusterfs/vast/abcabc/Aang_Foundation/20250908_mem-mito/fish5_24hpf_roi4,aang,aang,aang,20250908,20250908_mem-mito,fish5_24hpf_roi4,fish5_24hpf_roi4,5.0,fish5,24hpf,24.0,roi4,4.0,,[],,20250908_mem-mito,,,,,,,,,,inferred,20250908,1,inferred,20250908::20250908_mem-mito::1,74,4,4,20250908-plate74-slot4-roi4
20250908_mem-mito,fish6_24hpf_roi1,fish6_24hpf_roi1,fish6_24hpf_roi1,300.0,/clusterfs/vast/abcabc/Aang_Foundation/20250908_mem-mito/fish6_24hpf_roi1,aang,aang,aang,20250908,20250908_mem-mito,fish6_24hpf_roi1,fish6_24hpf_roi1,6.0,fish6,24hpf,24.0,roi1,1.0,,[],,20250908_mem-mito,,,,,,,,,,inferred,20250908,1,inferred,20250908::20250908_mem-mito::1,74,5,1,20250908-plate74-slot5-roi1
20250908_mem-mito,fish6_24hpf_roi2,fish6_24hpf_roi2,fish6_24hpf_roi2,300.0,/clusterfs/vast/abcabc/Aang_Foundation/20250908_mem-mito/fish6_24hpf_roi2,aang,aang,aang,20250908,20250908_mem-mito,fish6_24hpf_roi2,fish6_24hpf_roi2,6.0,fish6,24hpf,24.0,roi2,2.0,,[],,20250908_mem-mito,,,,,,,,,,inferred,20250908,1,inferred,20250908::20250908_mem-mito::1,74,5,2,20250908-plate74-slot5-roi2
20250908_mem-mito,fish6_24hpf_roi3,fish6_24hpf_roi3,fish6_24hpf_roi3,300.0,/clusterfs/vast/abcabc/Aang_Foundation/20250908_mem-mito/fish6_24hpf_roi3,aang,aang,aang,20250908,20250908_mem-mito,fish6_24hpf_roi3,fish6_24hpf_roi3,6.0,fish6,24hpf,24.0,roi3,3.0,,[],,20250908_mem-mito,,,,,,,,,,inferred,20250908,1,inferred,20250908::20250908_mem-mito::1,74,5,3,20250908-plate74-slot5-roi3
20250911_mem-mito,fish1_48hpf_roi1,fish1_48hpf_roi1,fish1_48hpf_roi1,400.0,/clusterfs/vast/abcabc/Aang_Foundation/20250911_mem-mito/fish1_48hpf_roi1,aang,aang,aang,20250911,20250911_mem-mito,fish1_48hpf_roi1,fish1_48hpf_roi1,1.0,fish1,48hpf,48.0,roi1,1.0,,[],,20250911_mem-mito,,,,,,,,,,inferred,20250911,1,inferred,20250911::20250911_mem-mito::1,75,1,1,20250911-plate75-slot1-roi1
20250911_mem-mito,fish1_48hpf_roi2,fish1_48hpf_roi2,fish1_48hpf_roi2,400.0,/clusterfs/vast/abcabc/Aang_Foundation/20250911_mem-mito/fish1_48hpf_roi2,aang,aang,aang,20250911,20250911_mem-mito,fish1_48hpf_roi2,fish1_48hpf_roi2,1.0,fish1,48hpf,48.0,roi2,2.0,,[],,20250911_mem-mito,,,,,,,,,,inferred,20250911,1,inferred,20250911::20250911_mem-mito::1,75,1,2,20250911-plate75-slot1-roi2
20250911_mem-mito,fish1_48hpf_roi3,fish1_48hpf_roi3,fish1_48hpf_roi3,400.0,/clusterfs/vast/abcabc/Aang_Foundation/20250911_mem-mito/fish1_48hpf_roi3,aang,aang,aang,20250911,20250911_mem-mito,fish1_48hpf_roi3,fish1_48hpf_roi3,1.0,fish1,48hpf,48.0,roi3,3.0,,[],,20250911_mem-mito,,,,,,,,,,inferred,20250911,1,inferred,20250911::20250911_mem-mito::1,75,1,3,20250911-plate75-slot1-roi3
20250911_mem-mito,fish1_48hpf_roi4,fish1_48hpf_roi4,fish1_48hpf_roi4,400.0,/clusterfs/vast/abcabc/Aang_Foundation/20250911_mem-mito/fish1_48hpf_roi4,aang,aang,aang,20250911,20250911_mem-mito,fish1_48hpf_roi4,fish1_48hpf_roi4,1.0,fish1,48hpf,48.0,roi4,4.0,,[],,20250911_mem-mito,,,,,,,,,,inferred,20250911,1,inferred,20250911::20250911_mem-mito::1,75,1,4,20250911-plate75-slot1-roi4
20250911_mem-mito,fish1_48hpf_roi5,fish1_48hpf_roi5,fish1_48hpf_roi5,400.0,/clusterfs/vast/abcabc/Aang_Foundation/20250911_mem-mito/fish1_48hpf_roi5,aang,aang,aang,20250911,20250911_mem-mito,fish1_48hpf_roi5,fish1_48hpf_roi5,1.0,fish1,48hpf,48.0,roi5,5.0,,[],,20250911_mem-mito,,,,,,,,,,inferred,20250911,1,inferred,20250911::20250911_mem-mito::1,75,1,5,20250911-plate75-slot1-roi5
20250911_mem-mito,fish2_48hpf_roi1,fish2_48hpf_roi1,fish2_48hpf_roi1,400.0,/clusterfs/vast/abcabc/Aang_Foundation/20250911_mem-mito/fish2_48hpf_roi1,aang,aang,aang,20250911,20250911_mem-mito,fish2_48hpf_roi1,fish2_48hpf_roi1,2.0,fish2,48hpf,48.0,roi1,1.0,,[],,20250911_mem-mito,,,,,,,,,,inferred,20250911,1,inferred,20250911::20250911_mem-mito::1,75,2,1,20250911-plate75-slot2-roi1
20250911_mem-mito,fish2_48hpf_roi2,fish2_48hpf_roi2,fish2_48hpf_roi2,400.0,/clusterfs/vast/abcabc/Aang_Foundation/20250911_mem-mito/fish2_48hpf_roi2,aang,aang,aang,20250911,20250911_mem-mito,fish2_48hpf_roi2,fish2_48hpf_roi2,2.0,fish2,48hpf,48.0,roi2,2.0,,[],,20250911_mem-mito,,,,,,,,,,inferred,20250911,1,inferred,20250911::20250911_mem-mito::1,75,2,2,20250911-plate75-slot2-roi2
20250911_mem-mito,fish2_48hpf_roi3,fish2_48hpf_roi3,fish2_48hpf_roi3,400.0,/clusterfs/vast/abcabc/Aang_Foundation/20250911_mem-mito/fish2_48hpf_roi3,aang,aang,aang,20250911,20250911_mem-mito,fish2_48hpf_roi3,fish2_48hpf_roi3,2.0,fish2,48hpf,48.0,roi3,3.0,,[],,20250911_mem-mito,,,,,,,,,,inferred,20250911,1,inferred,20250911::20250911_mem-mito::1,75,2,3,20250911-plate75-slot2-roi3
20250912_mem-mito,fish1_72hpf_roi1,fish1_72hpf_roi1,fish1_72hpf_roi1,400.0,/clusterfs/vast/abcabc/Aang_Foundation/20250912_mem-mito/fish1_72hpf_roi1,aang,aang,aang,20250912,20250912_mem-mito,fish1_72hpf_roi1,fish1_72hpf_roi1,1.0,fish1,72hpf,72.0,roi1,1.0,,[],,20250912_mem-mito,,,,,,,,,,inferred,20250912,1,inferred,20250912::20250912_mem-mito::1,76,1,1,20250912-plate76-slot1-roi1
20250912_mem-mito,fish1_72hpf_roi2,fish1_72hpf_roi2,fish1_72hpf_roi2,200.0,/clusterfs/vast/abcabc/Aang_Foundation/20250912_mem-mito/fish1_72hpf_roi2,aang,aang,aang,20250912,20250912_mem-mito,fish1_72hpf_roi2,fish1_72hpf_roi2,1.0,fish1,72hpf,72.0,roi2,2.0,,[],,20250912_mem-mito,,,,,,,,,,inferred,20250912,1,inferred,20250912::20250912_mem-mito::1,76,1,2,20250912-plate76-slot1-roi2
20250912_mem-mito,fish1_72hpf_roi3,fish1_72hpf_roi3,fish1_72hpf_roi3,350.0,/clusterfs/vast/abcabc/Aang_Foundation/20250912_mem-mito/fish1_72hpf_roi3,aang,aang,aang,20250912,20250912_mem-mito,fish1_72hpf_roi3,fish1_72hpf_roi3,1.0,fish1,72hpf,72.0,roi3,3.0,,[],,20250912_mem-mito,,,,,,,,,,inferred,20250912,1,inferred,20250912::20250912_mem-mito::1,76,1,3,20250912-plate76-slot1-roi3
20250912_mem-mito,fish1_72hpf_roi4,fish1_72hpf_roi4,fish1_72hpf_roi4,350.0,/clusterfs/vast/abcabc/Aang_Foundation/20250912_mem-mito/fish1_72hpf_roi4,aang,aang,aang,20250912,20250912_mem-mito,fish1_72hpf_roi4,fish1_72hpf_roi4,1.0,fish1,72hpf,72.0,roi4,4.0,,[],,20250912_mem-mito,,,,,,,,,,inferred,20250912,1,inferred,20250912::20250912_mem-mito::1,76,1,4,20250912-plate76-slot1-roi4
20250912_mem-mito,fish2_72hpf_roi1,fish2_72hpf_roi1,fish2_72hpf_roi1,350.0,/clusterfs/vast/abcabc/Aang_Foundation/20250912_mem-mito/fish2_72hpf_roi1,aang,aang,aang,20250912,20250912_mem-mito,fish2_72hpf_roi1,fish2_72hpf_roi1,2.0,fish2,72hpf,72.0,roi1,1.0,,[],,20250912_mem-mito,,,,,,,,,,inferred,20250912,1,inferred,20250912::20250912_mem-mito::1,76,2,1,20250912-plate76-slot2-roi1
20250912_mem-mito,fish2_72hpf_roi2,fish2_72hpf_roi2,fish2_72hpf_roi2,200.0,/clusterfs/vast/abcabc/Aang_Foundation/20250912_mem-mito/fish2_72hpf_roi2,aang,aang,aang,20250912,20250912_mem-mito,fish2_72hpf_roi2,fish2_72hpf_roi2,2.0,fish2,72hpf,72.0,roi2,2.0,,[],,20250912_mem-mito,,,,,,,,,,inferred,20250912,1,inferred,20250912::20250912_mem-mito::1,76,2,2,20250912-plate76-slot2-roi2
20250912_mem-mito,fish2_72hpf_roi3,fish2_72hpf_roi3,fish2_72hpf_roi3,400.0,/clusterfs/vast/abcabc/Aang_Foundation/20250912_mem-mito/fish2_72hpf_roi3,aang,aang,aang,20250912,20250912_mem-mito,fish2_72hpf_roi3,fish2_72hpf_roi3,2.0,fish2,72hpf,72.0,roi3,3.0,,[],,20250912_mem-mito,,,,,,,,,,inferred,20250912,1,inferred,20250912::20250912_mem-mito::1,76,2,3,20250912-plate76-slot2-roi3
20250912_mem-mito,fish2_72hpf_roi4,fish2_72hpf_roi4,fish2_72hpf_roi4,350.0,/clusterfs/vast/abcabc/Aang_Foundation/20250912_mem-mito/fish2_72hpf_roi4,aang,aang,aang,20250912,20250912_mem-mito,fish2_72hpf_roi4,fish2_72hpf_roi4,2.0,fish2,72hpf,72.0,roi4,4.0,,[],,20250912_mem-mito,,,,,,,,,,inferred,20250912,1,inferred,20250912::20250912_mem-mito::1,76,2,4,20250912-plate76-slot2-roi4
20250912_mem-mito,fish3_72hpf_roi1,fish3_72hpf_roi1,fish3_72hpf_roi1,400.0,/clusterfs/vast/abcabc/Aang_Foundation/20250912_mem-mito/fish3_72hpf_roi1,aang,aang,aang,20250912,20250912_mem-mito,fish3_72hpf_roi1,fish3_72hpf_roi1,3.0,fish3,72hpf,72.0,roi1,1.0,,[],,20250912_mem-mito,,,,,,,,,,inferred,20250912,1,inferred,20250912::20250912_mem-mito::1,76,3,1,20250912-plate76-slot3-roi1
20250912_mem-mito,fish3_72hpf_roi10,fish3_72hpf_roi10,fish3_72hpf_roi10,300.0,/clusterfs/vast/abcabc/Aang_Foundation/20250912_mem-mito/fish3_72hpf_roi10,aang,aang,aang,20250912,20250912_mem-mito,fish3_72hpf_roi10,fish3_72hpf_roi10,3.0,fish3,72hpf,72.0,roi10,10.0,,[],,20250912_mem-mito,,,,,,,,,,inferred,20250912,1,inferred,20250912::20250912_mem-mito::1,76,3,2,20250912-plate76-slot3-roi2
20250912_mem-mito,fish3_72hpf_roi11,fish3_72hpf_roi11,fish3_72hpf_roi11,400.0,/clusterfs/vast/abcabc/Aang_Foundation/20250912_mem-mito/fish3_72hpf_roi11,aang,aang,aang,20250912,20250912_mem-mito,fish3_72hpf_roi11,fish3_72hpf_roi11,3.0,fish3,72hpf,72.0,roi11,11.0,,[],,20250912_mem-mito,,,,,,,,,,inferred,20250912,1,inferred,20250912::20250912_mem-mito::1,76,3,3,20250912-plate76-slot3-roi3
20250912_mem-mito,fish3_72hpf_roi12,fish3_72hpf_roi12,fish3_72hpf_roi12,400.0,/clusterfs/vast/abcabc/Aang_Foundation/20250912_mem-mito/fish3_72hpf_roi12,aang,aang,aang,20250912,20250912_mem-mito,fish3_72hpf_roi12,fish3_72hpf_roi12,3.0,fish3,72hpf,72.0,roi12,12.0,,[],,20250912_mem-mito,,,,,,,,,,inferred,20250912,1,inferred,20250912::20250912_mem-mito::1,76,3,4,20250912-plate76-slot3-roi4
20250912_mem-mito,fish3_72hpf_roi2,fish3_72hpf_roi2,fish3_72hpf_roi2,350.0,/clusterfs/vast/abcabc/Aang_Foundation/20250912_mem-mito/fish3_72hpf_roi2,aang,aang,aang,20250912,20250912_mem-mito,fish3_72hpf_roi2,fish3_72hpf_roi2,3.0,fish3,72hpf,72.0,roi2,2.0,,[],,20250912_mem-mito,,,,,,,,,,inferred,20250912,1,inferred,20250912::20250912_mem-mito::1,76,3,5,20250912-plate76-slot3-roi5
20250912_mem-mito,fish3_72hpf_roi3,fish3_72hpf_roi3,fish3_72hpf_roi3,400.0,/clusterfs/vast/abcabc/Aang_Foundation/20250912_mem-mito/fish3_72hpf_roi3,aang,aang,aang,20250912,20250912_mem-mito,fish3_72hpf_roi3,fish3_72hpf_roi3,3.0,fish3,72hpf,72.0,roi3,3.0,,[],,20250912_mem-mito,,,,,,,,,,inferred,20250912,1,inferred,20250912::20250912_mem-mito::1,76,3,6,20250912-plate76-slot3-roi6
20250912_mem-mito,fish3_72hpf_roi4,fish3_72hpf_roi4,fish3_72hpf_roi4,400.0,/clusterfs/vast/abcabc/Aang_Foundation/20250912_mem-mito/fish3_72hpf_roi4,aang,aang,aang,20250912,20250912_mem-mito,fish3_72hpf_roi4,fish3_72hpf_roi4,3.0,fish3,72hpf,72.0,roi4,4.0,,[],,20250912_mem-mito,,,,,,,,,,inferred,20250912,1,inferred,20250912::20250912_mem-mito::1,76,3,7,20250912-plate76-slot3-roi7
20250912_mem-mito,fish3_72hpf_roi5,fish3_72hpf_roi5,fish3_72hpf_roi5,400.0,/clusterfs/vast/abcabc/Aang_Foundation/20250912_mem-mito/fish3_72hpf_roi5,aang,aang,aang,20250912,20250912_mem-mito,fish3_72hpf_roi5,fish3_72hpf_roi5,3.0,fish3,72hpf,72.0,roi5,5.0,,[],,20250912_mem-mito,,,,,,,,,,inferred,20250912,1,inferred,20250912::20250912_mem-mito::1,76,3,8,20250912-plate76-slot3-roi8
20250912_mem-mito,fish3_72hpf_roi6,fish3_72hpf_roi6,fish3_72hpf_roi6,400.0,/clusterfs/vast/abcabc/Aang_Foundation/20250912_mem-mito/fish3_72hpf_roi6,aang,aang,aang,20250912,20250912_mem-mito,fish3_72hpf_roi6,fish3_72hpf_roi6,3.0,fish3,72hpf,72.0,roi6,6.0,,[],,20250912_mem-mito,,,,,,,,,,inferred,20250912,1,inferred,20250912::20250912_mem-mito::1,76,3,9,20250912-plate76-slot3-roi9
20250912_mem-mito,fish3_72hpf_roi7,fish3_72hpf_roi7,fish3_72hpf_roi7,400.0,/clusterfs/vast/abcabc/Aang_Foundation/20250912_mem-mito/fish3_72hpf_roi7,aang,aang,aang,20250912,20250912_mem-mito,fish3_72hpf_roi7,fish3_72hpf_roi7,3.0,fish3,72hpf,72.0,roi7,7.0,,[],,20250912_mem-mito,,,,,,,,,,inferred,20250912,1,inferred,20250912::20250912_mem-mito::1,76,3,10,20250912-plate76-slot3-roi10
20250912_mem-mito,fish3_72hpf_roi8,fish3_72hpf_roi8,fish3_72hpf_roi8,400.0,/clusterfs/vast/abcabc/Aang_Foundation/20250912_mem-mito/fish3_72hpf_roi8,aang,aang,aang,20250912,20250912_mem-mito,fish3_72hpf_roi8,fish3_72hpf_roi8,3.0,fish3,72hpf,72.0,roi8,8.0,,[],,20250912_mem-mito,,,,,,,,,,inferred,20250912,1,inferred,20250912::20250912_mem-mito::1,76,3,11,20250912-plate76-slot3-roi11
20250912_mem-mito,fish3_72hpf_roi9,fish3_72hpf_roi9,fish3_72hpf_roi9,350.0,/clusterfs/vast/abcabc/Aang_Foundation/20250912_mem-mito/fish3_72hpf_roi9,aang,aang,aang,20250912,20250912_mem-mito,fish3_72hpf_roi9,fish3_72hpf_roi9,3.0,fish3,72hpf,72.0,roi9,9.0,,[],,20250912_mem-mito,,,,,,,,,,inferred,20250912,1,inferred,20250912::20250912_mem-mito::1,76,3,12,20250912-plate76-slot3-roi12
20250912_mem-mito,fish4_72hpf_roi1,fish4_72hpf_roi1,fish4_72hpf_roi1,400.0,/clusterfs/vast/abcabc/Aang_Foundation/20250912_mem-mito/fish4_72hpf_roi1,aang,aang,aang,20250912,20250912_mem-mito,fish4_72hpf_roi1,fish4_72hpf_roi1,4.0,fish4,72hpf,72.0,roi1,1.0,,[],,20250912_mem-mito,,,,,,,,,,inferred,20250912,1,inferred,20250912::20250912_mem-mito::1,76,4,1,20250912-plate76-slot4-roi1
20250912_mem-mito,fish4_72hpf_roi2,fish4_72hpf_roi2,fish4_72hpf_roi2,300.0,/clusterfs/vast/abcabc/Aang_Foundation/20250912_mem-mito/fish4_72hpf_roi2,aang,aang,aang,20250912,20250912_mem-mito,fish4_72hpf_roi2,fish4_72hpf_roi2,4.0,fish4,72hpf,72.0,roi2,2.0,,[],,20250912_mem-mito,,,,,,,,,,inferred,20250912,1,inferred,20250912::20250912_mem-mito::1,76,4,2,20250912-plate76-slot4-roi2
20250912_mem-mito,fish4_72hpf_roi3,fish4_72hpf_roi3,fish4_72hpf_roi3,200.0,/clusterfs/vast/abcabc/Aang_Foundation/20250912_mem-mito/fish4_72hpf_roi3,aang,aang,aang,20250912,20250912_mem-mito,fish4_72hpf_roi3,fish4_72hpf_roi3,4.0,fish4,72hpf,72.0,roi3,3.0,,[],,20250912_mem-mito,,,,,,,,,,inferred,20250912,1,inferred,20250912::20250912_mem-mito::1,76,4,3,20250912-plate76-slot4-roi3
20250912_mem-mito,fish4_72hpf_roi4,fish4_72hpf_roi4,fish4_72hpf_roi4,200.0,/clusterfs/vast/abcabc/Aang_Foundation/20250912_mem-mito/fish4_72hpf_roi4,aang,aang,aang,20250912,20250912_mem-mito,fish4_72hpf_roi4,fish4_72hpf_roi4,4.0,fish4,72hpf,72.0,roi4,4.0,,[],,20250912_mem-mito,,,,,,,,,,inferred,20250912,1,inferred,20250912::20250912_mem-mito::1,76,4,4,20250912-plate76-slot4-roi4
20250912_mem-mito,fish4_72hpf_roi5,fish4_72hpf_roi5,fish4_72hpf_roi5,300.0,/clusterfs/vast/abcabc/Aang_Foundation/20250912_mem-mito/fish4_72hpf_roi5,aang,aang,aang,20250912,20250912_mem-mito,fish4_72hpf_roi5,fish4_72hpf_roi5,4.0,fish4,72hpf,72.0,roi5,5.0,,[],,20250912_mem-mito,,,,,,,,,,inferred,20250912,1,inferred,20250912::20250912_mem-mito::1,76,4,5,20250912-plate76-slot4-roi5
20250912_mem-mito,fish4_72hpf_roi6,fish4_72hpf_roi6,fish4_72hpf_roi6,350.0,/clusterfs/vast/abcabc/Aang_Foundation/20250912_mem-mito/fish4_72hpf_roi6,aang,aang,aang,20250912,20250912_mem-mito,fish4_72hpf_roi6,fish4_72hpf_roi6,4.0,fish4,72hpf,72.0,roi6,6.0,,[],,20250912_mem-mito,,,,,,,,,,inferred,20250912,1,inferred,20250912::20250912_mem-mito::1,76,4,6,20250912-plate76-slot4-roi6
20250915_mem-mito,fish1_72hpf_roi1,fish1_72hpf_roi1,fish1_72hpf_roi1,250.0,/clusterfs/vast/abcabc/Aang_Foundation/20250915_mem-mito/fish1_72hpf_roi1,aang,aang,aang,20250915,20250915_mem-mito,fish1_72hpf_roi1,fish1_72hpf_roi1,1.0,fish1,72hpf,72.0,roi1,1.0,,[],,20250915_mem-mito,,,,,,,,,,inferred,20250915,1,inferred,20250915::20250915_mem-mito::1,77,1,1,20250915-plate77-slot1-roi1
20250915_mem-mito,fish1_72hpf_roi2,fish1_72hpf_roi2,fish1_72hpf_roi2,250.0,/clusterfs/vast/abcabc/Aang_Foundation/20250915_mem-mito/fish1_72hpf_roi2,aang,aang,aang,20250915,20250915_mem-mito,fish1_72hpf_roi2,fish1_72hpf_roi2,1.0,fish1,72hpf,72.0,roi2,2.0,,[],,20250915_mem-mito,,,,,,,,,,inferred,20250915,1,inferred,20250915::20250915_mem-mito::1,77,1,2,20250915-plate77-slot1-roi2
20250915_mem-mito,fish1_72hpf_roi3,fish1_72hpf_roi3,fish1_72hpf_roi3,200.0,/clusterfs/vast/abcabc/Aang_Foundation/20250915_mem-mito/fish1_72hpf_roi3,aang,aang,aang,20250915,20250915_mem-mito,fish1_72hpf_roi3,fish1_72hpf_roi3,1.0,fish1,72hpf,72.0,roi3,3.0,,[],,20250915_mem-mito,,,,,,,,,,inferred,20250915,1,inferred,20250915::20250915_mem-mito::1,77,1,3,20250915-plate77-slot1-roi3
20250915_mem-mito,fish1_72hpf_roi4,fish1_72hpf_roi4,fish1_72hpf_roi4,350.0,/clusterfs/vast/abcabc/Aang_Foundation/20250915_mem-mito/fish1_72hpf_roi4,aang,aang,aang,20250915,20250915_mem-mito,fish1_72hpf_roi4,fish1_72hpf_roi4,1.0,fish1,72hpf,72.0,roi4,4.0,,[],,20250915_mem-mito,,,,,,,,,,inferred,20250915,1,inferred,20250915::20250915_mem-mito::1,77,1,4,20250915-plate77-slot1-roi4
20250915_mem-mito,fish1_72hpf_roi5,fish1_72hpf_roi5,fish1_72hpf_roi5,200.0,/clusterfs/vast/abcabc/Aang_Foundation/20250915_mem-mito/fish1_72hpf_roi5,aang,aang,aang,20250915,20250915_mem-mito,fish1_72hpf_roi5,fish1_72hpf_roi5,1.0,fish1,72hpf,72.0,roi5,5.0,,[],,20250915_mem-mito,,,,,,,,,,inferred,20250915,1,inferred,20250915::20250915_mem-mito::1,77,1,5,20250915-plate77-slot1-roi5
20250915_mem-mito,fish2_72hpf_roi1,fish2_72hpf_roi1,fish2_72hpf_roi1,350.0,/clusterfs/vast/abcabc/Aang_Foundation/20250915_mem-mito/fish2_72hpf_roi1,aang,aang,aang,20250915,20250915_mem-mito,fish2_72hpf_roi1,fish2_72hpf_roi1,2.0,fish2,72hpf,72.0,roi1,1.0,,[],,20250915_mem-mito,,,,,,,,,,inferred,20250915,1,inferred,20250915::20250915_mem-mito::1,77,2,1,20250915-plate77-slot2-roi1
20250915_mem-mito,fish2_72hpf_roi2,fish2_72hpf_roi2,fish2_72hpf_roi2,250.0,/clusterfs/vast/abcabc/Aang_Foundation/20250915_mem-mito/fish2_72hpf_roi2,aang,aang,aang,20250915,20250915_mem-mito,fish2_72hpf_roi2,fish2_72hpf_roi2,2.0,fish2,72hpf,72.0,roi2,2.0,,[],,20250915_mem-mito,,,,,,,,,,inferred,20250915,1,inferred,20250915::20250915_mem-mito::1,77,2,2,20250915-plate77-slot2-roi2
20250915_mem-mito,fish2_72hpf_roi3,fish2_72hpf_roi3,fish2_72hpf_roi3,200.0,/clusterfs/vast/abcabc/Aang_Foundation/20250915_mem-mito/fish2_72hpf_roi3,aang,aang,aang,20250915,20250915_mem-mito,fish2_72hpf_roi3,fish2_72hpf_roi3,2.0,fish2,72hpf,72.0,roi3,3.0,,[],,20250915_mem-mito,,,,,,,,,,inferred,20250915,1,inferred,20250915::20250915_mem-mito::1,77,2,3,20250915-plate77-slot2-roi3
20250915_mem-mito,fish3_72hpf_roi1,fish3_72hpf_roi1,fish3_72hpf_roi1,250.0,/clusterfs/vast/abcabc/Aang_Foundation/20250915_mem-mito/fish3_72hpf_roi1,aang,aang,aang,20250915,20250915_mem-mito,fish3_72hpf_roi1,fish3_72hpf_roi1,3.0,fish3,72hpf,72.0,roi1,1.0,,[],,20250915_mem-mito,,,,,,,,,,inferred,20250915,1,inferred,20250915::20250915_mem-mito::1,77,3,1,20250915-plate77-slot3-roi1
20250915_mem-mito,fish3_72hpf_roi2,fish3_72hpf_roi2,fish3_72hpf_roi2,400.0,/clusterfs/vast/abcabc/Aang_Foundation/20250915_mem-mito/fish3_72hpf_roi2,aang,aang,aang,20250915,20250915_mem-mito,fish3_72hpf_roi2,fish3_72hpf_roi2,3.0,fish3,72hpf,72.0,roi2,2.0,,[],,20250915_mem-mito,,,,,,,,,,inferred,20250915,1,inferred,20250915::20250915_mem-mito::1,77,3,2,20250915-plate77-slot3-roi2
20250915_mem-mito,fish3_72hpf_roi3,fish3_72hpf_roi3,fish3_72hpf_roi3,300.0,/clusterfs/vast/abcabc/Aang_Foundation/20250915_mem-mito/fish3_72hpf_roi3,aang,aang,aang,20250915,20250915_mem-mito,fish3_72hpf_roi3,fish3_72hpf_roi3,3.0,fish3,72hpf,72.0,roi3,3.0,,[],,20250915_mem-mito,,,,,,,,,,inferred,20250915,1,inferred,20250915::20250915_mem-mito::1,77,3,3,20250915-plate77-slot3-roi3
20250915_mem-mito,fish3_72hpf_roi4,fish3_72hpf_roi4,fish3_72hpf_roi4,400.0,/clusterfs/vast/abcabc/Aang_Foundation/20250915_mem-mito/fish3_72hpf_roi4,aang,aang,aang,20250915,20250915_mem-mito,fish3_72hpf_roi4,fish3_72hpf_roi4,3.0,fish3,72hpf,72.0,roi4,4.0,,[],,20250915_mem-mito,,,,,,,,,,inferred,20250915,1,inferred,20250915::20250915_mem-mito::1,77,3,4,20250915-plate77-slot3-roi4
20250915_mem-mito,fish3_72hpf_roi5,fish3_72hpf_roi5,fish3_72hpf_roi5,250.0,/clusterfs/vast/abcabc/Aang_Foundation/20250915_mem-mito/fish3_72hpf_roi5,aang,aang,aang,20250915,20250915_mem-mito,fish3_72hpf_roi5,fish3_72hpf_roi5,3.0,fish3,72hpf,72.0,roi5,5.0,,[],,20250915_mem-mito,,,,,,,,,,inferred,20250915,1,inferred,20250915::20250915_mem-mito::1,77,3,5,20250915-plate77-slot3-roi5
20250915_mem-mito,fish3_72hpf_roi6,fish3_72hpf_roi6,fish3_72hpf_roi6,400.0,/clusterfs/vast/abcabc/Aang_Foundation/20250915_mem-mito/fish3_72hpf_roi6,aang,aang,aang,20250915,20250915_mem-mito,fish3_72hpf_roi6,fish3_72hpf_roi6,3.0,fish3,72hpf,72.0,roi6,6.0,,[],,20250915_mem-mito,,,,,,,,,,inferred,20250915,1,inferred,20250915::20250915_mem-mito::1,77,3,6,20250915-plate77-slot3-roi6
20250915_mem-mito,fish3_72hpf_roi7,fish3_72hpf_roi7,fish3_72hpf_roi7,200.0,/clusterfs/vast/abcabc/Aang_Foundation/20250915_mem-mito/fish3_72hpf_roi7,aang,aang,aang,20250915,20250915_mem-mito,fish3_72hpf_roi7,fish3_72hpf_roi7,3.0,fish3,72hpf,72.0,roi7,7.0,,[],,20250915_mem-mito,,,,,,,,,,inferred,20250915,1,inferred,20250915::20250915_mem-mito::1,77,3,7,20250915-plate77-slot3-roi7
20250915_mem-mito,fish5_72hpf_roi1,fish5_72hpf_roi1,fish5_72hpf_roi1,200.0,/clusterfs/vast/abcabc/Aang_Foundation/20250915_mem-mito/fish5_72hpf_roi1,aang,aang,aang,20250915,20250915_mem-mito,fish5_72hpf_roi1,fish5_72hpf_roi1,5.0,fish5,72hpf,72.0,roi1,1.0,,[],,20250915_mem-mito,,,,,,,,,,inferred,20250915,1,inferred,20250915::20250915_mem-mito::1,77,4,1,20250915-plate77-slot4-roi1
20250915_mem-mito,fish5_72hpf_roi2,fish5_72hpf_roi2,fish5_72hpf_roi2,300.0,/clusterfs/vast/abcabc/Aang_Foundation/20250915_mem-mito/fish5_72hpf_roi2,aang,aang,aang,20250915,20250915_mem-mito,fish5_72hpf_roi2,fish5_72hpf_roi2,5.0,fish5,72hpf,72.0,roi2,2.0,,[],,20250915_mem-mito,,,,,,,,,,inferred,20250915,1,inferred,20250915::20250915_mem-mito::1,77,4,2,20250915-plate77-slot4-roi2
20250915_mem-mito,fish5_72hpf_roi3,fish5_72hpf_roi3,fish5_72hpf_roi3,350.0,/clusterfs/vast/abcabc/Aang_Foundation/20250915_mem-mito/fish5_72hpf_roi3,aang,aang,aang,20250915,20250915_mem-mito,fish5_72hpf_roi3,fish5_72hpf_roi3,5.0,fish5,72hpf,72.0,roi3,3.0,,[],,20250915_mem-mito,,,,,,,,,,inferred,20250915,1,inferred,20250915::20250915_mem-mito::1,77,4,3,20250915-plate77-slot4-roi3
20250917_mem-mito,fish1_48hpf_roi1,fish1_48hpf_roi1,fish1_48hpf_roi1,300.0,/clusterfs/vast/abcabc/Aang_Foundation/20250917_mem-mito/fish1_48hpf_roi1,aang,aang,aang,20250917,20250917_mem-mito,fish1_48hpf_roi1,fish1_48hpf_roi1,1.0,fish1,48hpf,48.0,roi1,1.0,,[],,20250917_mem-mito,,,,,,,,,,inferred,20250917,1,inferred,20250917::20250917_mem-mito::1,78,1,1,20250917-plate78-slot1-roi1
20250917_mem-mito,fish1_48hpf_roi2,fish1_48hpf_roi2,fish1_48hpf_roi2,200.0,/clusterfs/vast/abcabc/Aang_Foundation/20250917_mem-mito/fish1_48hpf_roi2,aang,aang,aang,20250917,20250917_mem-mito,fish1_48hpf_roi2,fish1_48hpf_roi2,1.0,fish1,48hpf,48.0,roi2,2.0,,[],,20250917_mem-mito,,,,,,,,,,inferred,20250917,1,inferred,20250917::20250917_mem-mito::1,78,1,2,20250917-plate78-slot1-roi2
20250917_mem-mito,fish2_48hpf_roi1,fish2_48hpf_roi1,fish2_48hpf_roi1,300.0,/clusterfs/vast/abcabc/Aang_Foundation/20250917_mem-mito/fish2_48hpf_roi1,aang,aang,aang,20250917,20250917_mem-mito,fish2_48hpf_roi1,fish2_48hpf_roi1,2.0,fish2,48hpf,48.0,roi1,1.0,,[],,20250917_mem-mito,,,,,,,,,,inferred,20250917,1,inferred,20250917::20250917_mem-mito::1,78,2,1,20250917-plate78-slot2-roi1
20250917_mem-mito,fish2_48hpf_roi2,fish2_48hpf_roi2,fish2_48hpf_roi2,250.0,/clusterfs/vast/abcabc/Aang_Foundation/20250917_mem-mito/fish2_48hpf_roi2,aang,aang,aang,20250917,20250917_mem-mito,fish2_48hpf_roi2,fish2_48hpf_roi2,2.0,fish2,48hpf,48.0,roi2,2.0,,[],,20250917_mem-mito,,,,,,,,,,inferred,20250917,1,inferred,20250917::20250917_mem-mito::1,78,2,2,20250917-plate78-slot2-roi2
20250917_mem-mito,fish3_48hpf_roi1,fish3_48hpf_roi1,fish3_48hpf_roi1,400.0,/clusterfs/vast/abcabc/Aang_Foundation/20250917_mem-mito/fish3_48hpf_roi1,aang,aang,aang,20250917,20250917_mem-mito,fish3_48hpf_roi1,fish3_48hpf_roi1,3.0,fish3,48hpf,48.0,roi1,1.0,,[],,20250917_mem-mito,,,,,,,,,,inferred,20250917,1,inferred,20250917::20250917_mem-mito::1,78,3,1,20250917-plate78-slot3-roi1
20250917_mem-mito,fish3_48hpf_roi2,fish3_48hpf_roi2,fish3_48hpf_roi2,400.0,/clusterfs/vast/abcabc/Aang_Foundation/20250917_mem-mito/fish3_48hpf_roi2,aang,aang,aang,20250917,20250917_mem-mito,fish3_48hpf_roi2,fish3_48hpf_roi2,3.0,fish3,48hpf,48.0,roi2,2.0,,[],,20250917_mem-mito,,,,,,,,,,inferred,20250917,1,inferred,20250917::20250917_mem-mito::1,78,3,2,20250917-plate78-slot3-roi2
20250917_mem-mito,fish3_48hpf_roi3,fish3_48hpf_roi3,fish3_48hpf_roi3,350.0,/clusterfs/vast/abcabc/Aang_Foundation/20250917_mem-mito/fish3_48hpf_roi3,aang,aang,aang,20250917,20250917_mem-mito,fish3_48hpf_roi3,fish3_48hpf_roi3,3.0,fish3,48hpf,48.0,roi3,3.0,,[],,20250917_mem-mito,,,,,,,,,,inferred,20250917,1,inferred,20250917::20250917_mem-mito::1,78,3,3,20250917-plate78-slot3-roi3
20250917_mem-mito,fish3_48hpf_roi4,fish3_48hpf_roi4,fish3_48hpf_roi4,300.0,/clusterfs/vast/abcabc/Aang_Foundation/20250917_mem-mito/fish3_48hpf_roi4,aang,aang,aang,20250917,20250917_mem-mito,fish3_48hpf_roi4,fish3_48hpf_roi4,3.0,fish3,48hpf,48.0,roi4,4.0,,[],,20250917_mem-mito,,,,,,,,,,inferred,20250917,1,inferred,20250917::20250917_mem-mito::1,78,3,4,20250917-plate78-slot3-roi4
20250917_mem-mito,fish4_48hpf_roi1,fish4_48hpf_roi1,fish4_48hpf_roi1,250.0,/clusterfs/vast/abcabc/Aang_Foundation/20250917_mem-mito/fish4_48hpf_roi1,aang,aang,aang,20250917,20250917_mem-mito,fish4_48hpf_roi1,fish4_48hpf_roi1,4.0,fish4,48hpf,48.0,roi1,1.0,,[],,20250917_mem-mito,,,,,,,,,,inferred,20250917,1,inferred,20250917::20250917_mem-mito::1,78,4,1,20250917-plate78-slot4-roi1
20250917_mem-mito,fish4_48hpf_roi2,fish4_48hpf_roi2,fish4_48hpf_roi2,250.0,/clusterfs/vast/abcabc/Aang_Foundation/20250917_mem-mito/fish4_48hpf_roi2,aang,aang,aang,20250917,20250917_mem-mito,fish4_48hpf_roi2,fish4_48hpf_roi2,4.0,fish4,48hpf,48.0,roi2,2.0,,[],,20250917_mem-mito,,,,,,,,,,inferred,20250917,1,inferred,20250917::20250917_mem-mito::1,78,4,2,20250917-plate78-slot4-roi2
20250917_mem-mito,fish4_48hpf_roi3,fish4_48hpf_roi3,fish4_48hpf_roi3,300.0,/clusterfs/vast/abcabc/Aang_Foundation/20250917_mem-mito/fish4_48hpf_roi3,aang,aang,aang,20250917,20250917_mem-mito,fish4_48hpf_roi3,fish4_48hpf_roi3,4.0,fish4,48hpf,48.0,roi3,3.0,,[],,20250917_mem-mito,,,,,,,,,,inferred,20250917,1,inferred,20250917::20250917_mem-mito::1,78,4,3,20250917-plate78-slot4-roi3
20250917_mem-mito,fish4_48hpf_roi4,fish4_48hpf_roi4,fish4_48hpf_roi4,200.0,/clusterfs/vast/abcabc/Aang_Foundation/20250917_mem-mito/fish4_48hpf_roi4,aang,aang,aang,20250917,20250917_mem-mito,fish4_48hpf_roi4,fish4_48hpf_roi4,4.0,fish4,48hpf,48.0,roi4,4.0,,[],,20250917_mem-mito,,,,,,,,,,inferred,20250917,1,inferred,20250917::20250917_mem-mito::1,78,4,4,20250917-plate78-slot4-roi4
20250917_mem-mito,fish4_48hpf_roi5,fish4_48hpf_roi5,fish4_48hpf_roi5,400.0,/clusterfs/vast/abcabc/Aang_Foundation/20250917_mem-mito/fish4_48hpf_roi5,aang,aang,aang,20250917,20250917_mem-mito,fish4_48hpf_roi5,fish4_48hpf_roi5,4.0,fish4,48hpf,48.0,roi5,5.0,,[],,20250917_mem-mito,,,,,,,,,,inferred,20250917,1,inferred,20250917::20250917_mem-mito::1,78,4,5,20250917-plate78-slot4-roi5
20250917_mem-mito,fish4_48hpf_roi6,fish4_48hpf_roi6,fish4_48hpf_roi6,400.0,/clusterfs/vast/abcabc/Aang_Foundation/20250917_mem-mito/fish4_48hpf_roi6,aang,aang,aang,20250917,20250917_mem-mito,fish4_48hpf_roi6,fish4_48hpf_roi6,4.0,fish4,48hpf,48.0,roi6,6.0,,[],,20250917_mem-mito,,,,,,,,,,inferred,20250917,1,inferred,20250917::20250917_mem-mito::1,78,4,6,20250917-plate78-slot4-roi6
20250917_mem-mito,fish5_48hpf_roi1,fish5_48hpf_roi1,fish5_48hpf_roi1,300.0,/clusterfs/vast/abcabc/Aang_Foundation/20250917_mem-mito/fish5_48hpf_roi1,aang,aang,aang,20250917,20250917_mem-mito,fish5_48hpf_roi1,fish5_48hpf_roi1,5.0,fish5,48hpf,48.0,roi1,1.0,,[],,20250917_mem-mito,,,,,,,,,,inferred,20250917,1,inferred,20250917::20250917_mem-mito::1,78,5,1,20250917-plate78-slot5-roi1
20250917_mem-mito,fish5_48hpf_roi2,fish5_48hpf_roi2,fish5_48hpf_roi2,150.0,/clusterfs/vast/abcabc/Aang_Foundation/20250917_mem-mito/fish5_48hpf_roi2,aang,aang,aang,20250917,20250917_mem-mito,fish5_48hpf_roi2,fish5_48hpf_roi2,5.0,fish5,48hpf,48.0,roi2,2.0,,[],,20250917_mem-mito,,,,,,,,,,inferred,20250917,1,inferred,20250917::20250917_mem-mito::1,78,5,2,20250917-plate78-slot5-roi2
20250917_mem-mito,fish5_48hpf_roi3,fish5_48hpf_roi3,fish5_48hpf_roi3,150.0,/clusterfs/vast/abcabc/Aang_Foundation/20250917_mem-mito/fish5_48hpf_roi3,aang,aang,aang,20250917,20250917_mem-mito,fish5_48hpf_roi3,fish5_48hpf_roi3,5.0,fish5,48hpf,48.0,roi3,3.0,,[],,20250917_mem-mito,,,,,,,,,,inferred,20250917,1,inferred,20250917::20250917_mem-mito::1,78,5,3,20250917-plate78-slot5-roi3
20250917_mem-mito,fish5_48hpf_roi4,fish5_48hpf_roi4,fish5_48hpf_roi4,400.0,/clusterfs/vast/abcabc/Aang_Foundation/20250917_mem-mito/fish5_48hpf_roi4,aang,aang,aang,20250917,20250917_mem-mito,fish5_48hpf_roi4,fish5_48hpf_roi4,5.0,fish5,48hpf,48.0,roi4,4.0,,[],,20250917_mem-mito,,,,,,,,,,inferred,20250917,1,inferred,20250917::20250917_mem-mito::1,78,5,4,20250917-plate78-slot5-roi4
20250917_mem-mito,fish5_48hpf_roi5,fish5_48hpf_roi5,fish5_48hpf_roi5,200.0,/clusterfs/vast/abcabc/Aang_Foundation/20250917_mem-mito/fish5_48hpf_roi5,aang,aang,aang,20250917,20250917_mem-mito,fish5_48hpf_roi5,fish5_48hpf_roi5,5.0,fish5,48hpf,48.0,roi5,5.0,,[],,20250917_mem-mito,,,,,,,,,,inferred,20250917,1,inferred,20250917::20250917_mem-mito::1,78,5,5,20250917-plate78-slot5-roi5
20250917_mem-mito,fish6_48hpf_roi1,fish6_48hpf_roi1,fish6_48hpf_roi1,400.0,/clusterfs/vast/abcabc/Aang_Foundation/20250917_mem-mito/fish6_48hpf_roi1,aang,aang,aang,20250917,20250917_mem-mito,fish6_48hpf_roi1,fish6_48hpf_roi1,6.0,fish6,48hpf,48.0,roi1,1.0,,[],,20250917_mem-mito,,,,,,,,,,inferred,20250917,1,inferred,20250917::20250917_mem-mito::1,78,6,1,20250917-plate78-slot6-roi1
20250917_mem-mito,fish6_48hpf_roi2,fish6_48hpf_roi2,fish6_48hpf_roi2,350.0,/clusterfs/vast/abcabc/Aang_Foundation/20250917_mem-mito/fish6_48hpf_roi2,aang,aang,aang,20250917,20250917_mem-mito,fish6_48hpf_roi2,fish6_48hpf_roi2,6.0,fish6,48hpf,48.0,roi2,2.0,,[],,20250917_mem-mito,,,,,,,,,,inferred,20250917,1,inferred,20250917::20250917_mem-mito::1,78,6,2,20250917-plate78-slot6-roi2
20250918_mem-mito,fish1_72hpf_roi1,fish1_72hpf_roi1,fish1_72hpf_roi1,400.0,/clusterfs/vast/abcabc/Aang_Foundation/20250918_mem-mito/fish1_72hpf_roi1,aang,aang,aang,20250918,20250918_mem-mito,fish1_72hpf_roi1,fish1_72hpf_roi1,1.0,fish1,72hpf,72.0,roi1,1.0,,[],,20250918_mem-mito,,,,,,,,,,inferred,20250918,1,inferred,20250918::20250918_mem-mito::1,79,1,1,20250918-plate79-slot1-roi1
20250918_mem-mito,fish1_72hpf_roi2,fish1_72hpf_roi2,fish1_72hpf_roi2,350.0,/clusterfs/vast/abcabc/Aang_Foundation/20250918_mem-mito/fish1_72hpf_roi2,aang,aang,aang,20250918,20250918_mem-mito,fish1_72hpf_roi2,fish1_72hpf_roi2,1.0,fish1,72hpf,72.0,roi2,2.0,,[],,20250918_mem-mito,,,,,,,,,,inferred,20250918,1,inferred,20250918::20250918_mem-mito::1,79,1,2,20250918-plate79-slot1-roi2
20250918_mem-mito,fish1_72hpf_roi3,fish1_72hpf_roi3,fish1_72hpf_roi3,350.0,/clusterfs/vast/abcabc/Aang_Foundation/20250918_mem-mito/fish1_72hpf_roi3,aang,aang,aang,20250918,20250918_mem-mito,fish1_72hpf_roi3,fish1_72hpf_roi3,1.0,fish1,72hpf,72.0,roi3,3.0,,[],,20250918_mem-mito,,,,,,,,,,inferred,20250918,1,inferred,20250918::20250918_mem-mito::1,79,1,3,20250918-plate79-slot1-roi3
20250918_mem-mito,fish1_72hpf_roi4,fish1_72hpf_roi4,fish1_72hpf_roi4,250.0,/clusterfs/vast/abcabc/Aang_Foundation/20250918_mem-mito/fish1_72hpf_roi4,aang,aang,aang,20250918,20250918_mem-mito,fish1_72hpf_roi4,fish1_72hpf_roi4,1.0,fish1,72hpf,72.0,roi4,4.0,,[],,20250918_mem-mito,,,,,,,,,,inferred,20250918,1,inferred,20250918::20250918_mem-mito::1,79,1,4,20250918-plate79-slot1-roi4
20250918_mem-mito,fish1_72hpf_roi5,fish1_72hpf_roi5,fish1_72hpf_roi5,200.0,/clusterfs/vast/abcabc/Aang_Foundation/20250918_mem-mito/fish1_72hpf_roi5,aang,aang,aang,20250918,20250918_mem-mito,fish1_72hpf_roi5,fish1_72hpf_roi5,1.0,fish1,72hpf,72.0,roi5,5.0,,[],,20250918_mem-mito,,,,,,,,,,inferred,20250918,1,inferred,20250918::20250918_mem-mito::1,79,1,5,20250918-plate79-slot1-roi5
20250918_mem-mito,fish1_72hpf_roi6,fish1_72hpf_roi6,fish1_72hpf_roi6,400.0,/clusterfs/vast/abcabc/Aang_Foundation/20250918_mem-mito/fish1_72hpf_roi6,aang,aang,aang,20250918,20250918_mem-mito,fish1_72hpf_roi6,fish1_72hpf_roi6,1.0,fish1,72hpf,72.0,roi6,6.0,,[],,20250918_mem-mito,,,,,,,,,,inferred,20250918,1,inferred,20250918::20250918_mem-mito::1,79,1,6,20250918-plate79-slot1-roi6
20250918_mem-mito,fish2_72hpf_roi1,fish2_72hpf_roi1,fish2_72hpf_roi1,350.0,/clusterfs/vast/abcabc/Aang_Foundation/20250918_mem-mito/fish2_72hpf_roi1,aang,aang,aang,20250918,20250918_mem-mito,fish2_72hpf_roi1,fish2_72hpf_roi1,2.0,fish2,72hpf,72.0,roi1,1.0,,[],,20250918_mem-mito,,,,,,,,,,inferred,20250918,1,inferred,20250918::20250918_mem-mito::1,79,2,1,20250918-plate79-slot2-roi1
20250918_mem-mito,fish2_72hpf_roi2,fish2_72hpf_roi2,fish2_72hpf_roi2,350.0,/clusterfs/vast/abcabc/Aang_Foundation/20250918_mem-mito/fish2_72hpf_roi2,aang,aang,aang,20250918,20250918_mem-mito,fish2_72hpf_roi2,fish2_72hpf_roi2,2.0,fish2,72hpf,72.0,roi2,2.0,,[],,20250918_mem-mito,,,,,,,,,,inferred,20250918,1,inferred,20250918::20250918_mem-mito::1,79,2,2,20250918-plate79-slot2-roi2
20250918_mem-mito,fish2_72hpf_roi3,fish2_72hpf_roi3,fish2_72hpf_roi3,250.0,/clusterfs/vast/abcabc/Aang_Foundation/20250918_mem-mito/fish2_72hpf_roi3,aang,aang,aang,20250918,20250918_mem-mito,fish2_72hpf_roi3,fish2_72hpf_roi3,2.0,fish2,72hpf,72.0,roi3,3.0,,[],,20250918_mem-mito,,,,,,,,,,inferred,20250918,1,inferred,20250918::20250918_mem-mito::1,79,2,3,20250918-plate79-slot2-roi3
20250918_mem-mito,fish2_72hpf_roi4,fish2_72hpf_roi4,fish2_72hpf_roi4,300.0,/clusterfs/vast/abcabc/Aang_Foundation/20250918_mem-mito/fish2_72hpf_roi4,aang,aang,aang,20250918,20250918_mem-mito,fish2_72hpf_roi4,fish2_72hpf_roi4,2.0,fish2,72hpf,72.0,roi4,4.0,,[],,20250918_mem-mito,,,,,,,,,,inferred,20250918,1,inferred,20250918::20250918_mem-mito::1,79,2,4,20250918-plate79-slot2-roi4
20250918_mem-mito,fish3_72hpf_roi1,fish3_72hpf_roi1,fish3_72hpf_roi1,400.0,/clusterfs/vast/abcabc/Aang_Foundation/20250918_mem-mito/fish3_72hpf_roi1,aang,aang,aang,20250918,20250918_mem-mito,fish3_72hpf_roi1,fish3_72hpf_roi1,3.0,fish3,72hpf,72.0,roi1,1.0,,[],,20250918_mem-mito,,,,,,,,,,inferred,20250918,1,inferred,20250918::20250918_mem-mito::1,79,3,1,20250918-plate79-slot3-roi1
20250918_mem-mito,fish3_72hpf_roi10,fish3_72hpf_roi10,fish3_72hpf_roi10,400.0,/clusterfs/vast/abcabc/Aang_Foundation/20250918_mem-mito/fish3_72hpf_roi10,aang,aang,aang,20250918,20250918_mem-mito,fish3_72hpf_roi10,fish3_72hpf_roi10,3.0,fish3,72hpf,72.0,roi10,10.0,,[],,20250918_mem-mito,,,,,,,,,,inferred,20250918,1,inferred,20250918::20250918_mem-mito::1,79,3,2,20250918-plate79-slot3-roi2
20250918_mem-mito,fish3_72hpf_roi11,fish3_72hpf_roi11,fish3_72hpf_roi11,400.0,/clusterfs/vast/abcabc/Aang_Foundation/20250918_mem-mito/fish3_72hpf_roi11,aang,aang,aang,20250918,20250918_mem-mito,fish3_72hpf_roi11,fish3_72hpf_roi11,3.0,fish3,72hpf,72.0,roi11,11.0,,[],,20250918_mem-mito,,,,,,,,,,inferred,20250918,1,inferred,20250918::20250918_mem-mito::1,79,3,3,20250918-plate79-slot3-roi3
20250918_mem-mito,fish3_72hpf_roi2,fish3_72hpf_roi2,fish3_72hpf_roi2,200.0,/clusterfs/vast/abcabc/Aang_Foundation/20250918_mem-mito/fish3_72hpf_roi2,aang,aang,aang,20250918,20250918_mem-mito,fish3_72hpf_roi2,fish3_72hpf_roi2,3.0,fish3,72hpf,72.0,roi2,2.0,,[],,20250918_mem-mito,,,,,,,,,,inferred,20250918,1,inferred,20250918::20250918_mem-mito::1,79,3,4,20250918-plate79-slot3-roi4
20250918_mem-mito,fish3_72hpf_roi3,fish3_72hpf_roi3,fish3_72hpf_roi3,300.0,/clusterfs/vast/abcabc/Aang_Foundation/20250918_mem-mito/fish3_72hpf_roi3,aang,aang,aang,20250918,20250918_mem-mito,fish3_72hpf_roi3,fish3_72hpf_roi3,3.0,fish3,72hpf,72.0,roi3,3.0,,[],,20250918_mem-mito,,,,,,,,,,inferred,20250918,1,inferred,20250918::20250918_mem-mito::1,79,3,5,20250918-plate79-slot3-roi5
20250918_mem-mito,fish3_72hpf_roi4,fish3_72hpf_roi4,fish3_72hpf_roi4,200.0,/clusterfs/vast/abcabc/Aang_Foundation/20250918_mem-mito/fish3_72hpf_roi4,aang,aang,aang,20250918,20250918_mem-mito,fish3_72hpf_roi4,fish3_72hpf_roi4,3.0,fish3,72hpf,72.0,roi4,4.0,,[],,20250918_mem-mito,,,,,,,,,,inferred,20250918,1,inferred,20250918::20250918_mem-mito::1,79,3,6,20250918-plate79-slot3-roi6
20250918_mem-mito,fish3_72hpf_roi5,fish3_72hpf_roi5,fish3_72hpf_roi5,400.0,/clusterfs/vast/abcabc/Aang_Foundation/20250918_mem-mito/fish3_72hpf_roi5,aang,aang,aang,20250918,20250918_mem-mito,fish3_72hpf_roi5,fish3_72hpf_roi5,3.0,fish3,72hpf,72.0,roi5,5.0,,[],,20250918_mem-mito,,,,,,,,,,inferred,20250918,1,inferred,20250918::20250918_mem-mito::1,79,3,7,20250918-plate79-slot3-roi7
20250918_mem-mito,fish3_72hpf_roi6,fish3_72hpf_roi6,fish3_72hpf_roi6,250.0,/clusterfs/vast/abcabc/Aang_Foundation/20250918_mem-mito/fish3_72hpf_roi6,aang,aang,aang,20250918,20250918_mem-mito,fish3_72hpf_roi6,fish3_72hpf_roi6,3.0,fish3,72hpf,72.0,roi6,6.0,,[],,20250918_mem-mito,,,,,,,,,,inferred,20250918,1,inferred,20250918::20250918_mem-mito::1,79,3,8,20250918-plate79-slot3-roi8
20250918_mem-mito,fish3_72hpf_roi7,fish3_72hpf_roi7,fish3_72hpf_roi7,400.0,/clusterfs/vast/abcabc/Aang_Foundation/20250918_mem-mito/fish3_72hpf_roi7,aang,aang,aang,20250918,20250918_mem-mito,fish3_72hpf_roi7,fish3_72hpf_roi7,3.0,fish3,72hpf,72.0,roi7,7.0,,[],,20250918_mem-mito,,,,,,,,,,inferred,20250918,1,inferred,20250918::20250918_mem-mito::1,79,3,9,20250918-plate79-slot3-roi9
20250918_mem-mito,fish3_72hpf_roi8,fish3_72hpf_roi8,fish3_72hpf_roi8,350.0,/clusterfs/vast/abcabc/Aang_Foundation/20250918_mem-mito/fish3_72hpf_roi8,aang,aang,aang,20250918,20250918_mem-mito,fish3_72hpf_roi8,fish3_72hpf_roi8,3.0,fish3,72hpf,72.0,roi8,8.0,,[],,20250918_mem-mito,,,,,,,,,,inferred,20250918,1,inferred,20250918::20250918_mem-mito::1,79,3,10,20250918-plate79-slot3-roi10
20250918_mem-mito,fish3_72hpf_roi9,fish3_72hpf_roi9,fish3_72hpf_roi9,400.0,/clusterfs/vast/abcabc/Aang_Foundation/20250918_mem-mito/fish3_72hpf_roi9,aang,aang,aang,20250918,20250918_mem-mito,fish3_72hpf_roi9,fish3_72hpf_roi9,3.0,fish3,72hpf,72.0,roi9,9.0,,[],,20250918_mem-mito,,,,,,,,,,inferred,20250918,1,inferred,20250918::20250918_mem-mito::1,79,3,11,20250918-plate79-slot3-roi11
20250918_mem-mito,fish5_72hpf_roi1,fish5_72hpf_roi1,fish5_72hpf_roi1,400.0,/clusterfs/vast/abcabc/Aang_Foundation/20250918_mem-mito/fish5_72hpf_roi1,aang,aang,aang,20250918,20250918_mem-mito,fish5_72hpf_roi1,fish5_72hpf_roi1,5.0,fish5,72hpf,72.0,roi1,1.0,,[],,20250918_mem-mito,,,,,,,,,,inferred,20250918,1,inferred,20250918::20250918_mem-mito::1,79,4,1,20250918-plate79-slot4-roi1
20250918_mem-mito,fish5_72hpf_roi2,fish5_72hpf_roi2,fish5_72hpf_roi2,300.0,/clusterfs/vast/abcabc/Aang_Foundation/20250918_mem-mito/fish5_72hpf_roi2,aang,aang,aang,20250918,20250918_mem-mito,fish5_72hpf_roi2,fish5_72hpf_roi2,5.0,fish5,72hpf,72.0,roi2,2.0,,[],,20250918_mem-mito,,,,,,,,,,inferred,20250918,1,inferred,20250918::20250918_mem-mito::1,79,4,2,20250918-plate79-slot4-roi2
20250918_mem-mito,fish5_72hpf_roi3,fish5_72hpf_roi3,fish5_72hpf_roi3,250.0,/clusterfs/vast/abcabc/Aang_Foundation/20250918_mem-mito/fish5_72hpf_roi3,aang,aang,aang,20250918,20250918_mem-mito,fish5_72hpf_roi3,fish5_72hpf_roi3,5.0,fish5,72hpf,72.0,roi3,3.0,,[],,20250918_mem-mito,,,,,,,,,,inferred,20250918,1,inferred,20250918::20250918_mem-mito::1,79,4,3,20250918-plate79-slot4-roi3
20250918_mem-mito,fish5_72hpf_roi4,fish5_72hpf_roi4,fish5_72hpf_roi4,200.0,/clusterfs/vast/abcabc/Aang_Foundation/20250918_mem-mito/fish5_72hpf_roi4,aang,aang,aang,20250918,20250918_mem-mito,fish5_72hpf_roi4,fish5_72hpf_roi4,5.0,fish5,72hpf,72.0,roi4,4.0,,[],,20250918_mem-mito,,,,,,,,,,inferred,20250918,1,inferred,20250918::20250918_mem-mito::1,79,4,4,20250918-plate79-slot4-roi4
20250918_mem-mito,fish6_72hpf_roi1,fish6_72hpf_roi1,fish6_72hpf_roi1,400.0,/clusterfs/vast/abcabc/Aang_Foundation/20250918_mem-mito/fish6_72hpf_roi1,aang,aang,aang,20250918,20250918_mem-mito,fish6_72hpf_roi1,fish6_72hpf_roi1,6.0,fish6,72hpf,72.0,roi1,1.0,,[],,20250918_mem-mito,,,,,,,,,,inferred,20250918,1,inferred,20250918::20250918_mem-mito::1,79,5,1,20250918-plate79-slot5-roi1
20250919_mem-mito,fish1_24hpf_roi1,fish1_24hpf_roi1,fish1_24hpf_roi1,626.0,/clusterfs/vast/abcabc/Aang_Foundation/20250919_mem-mito/fish1_24hpf_roi1,aang,aang,aang,20250919,20250919_mem-mito,fish1_24hpf_roi1,fish1_24hpf_roi1,1.0,fish1,24hpf,24.0,roi1,1.0,,[],,20250919_mem-mito,,,,,,,,,,inferred,20250919,1,inferred,20250919::20250919_mem-mito::1,80,1,1,20250919-plate80-slot1-roi1
20250919_mem-mito,fish1_24hpf_roi2,fish1_24hpf_roi2,fish1_24hpf_roi2,528.0,/clusterfs/vast/abcabc/Aang_Foundation/20250919_mem-mito/fish1_24hpf_roi2,aang,aang,aang,20250919,20250919_mem-mito,fish1_24hpf_roi2,fish1_24hpf_roi2,1.0,fish1,24hpf,24.0,roi2,2.0,,[],,20250919_mem-mito,,,,,,,,,,inferred,20250919,1,inferred,20250919::20250919_mem-mito::1,80,1,2,20250919-plate80-slot1-roi2
20250919_mem-mito,fish1_24hpf_roi3,fish1_24hpf_roi3,fish1_24hpf_roi3,462.0,/clusterfs/vast/abcabc/Aang_Foundation/20250919_mem-mito/fish1_24hpf_roi3,aang,aang,aang,20250919,20250919_mem-mito,fish1_24hpf_roi3,fish1_24hpf_roi3,1.0,fish1,24hpf,24.0,roi3,3.0,,[],,20250919_mem-mito,,,,,,,,,,inferred,20250919,1,inferred,20250919::20250919_mem-mito::1,80,1,3,20250919-plate80-slot1-roi3
20250919_mem-mito,fish2_24hpf_roi1,fish2_24hpf_roi1,fish2_24hpf_roi1,528.0,/clusterfs/vast/abcabc/Aang_Foundation/20250919_mem-mito/fish2_24hpf_roi1,aang,aang,aang,20250919,20250919_mem-mito,fish2_24hpf_roi1,fish2_24hpf_roi1,2.0,fish2,24hpf,24.0,roi1,1.0,,[],,20250919_mem-mito,,,,,,,,,,inferred,20250919,1,inferred,20250919::20250919_mem-mito::1,80,2,1,20250919-plate80-slot2-roi1
20250919_mem-mito,fish2_24hpf_roi2,fish2_24hpf_roi2,fish2_24hpf_roi2,462.0,/clusterfs/vast/abcabc/Aang_Foundation/20250919_mem-mito/fish2_24hpf_roi2,aang,aang,aang,20250919,20250919_mem-mito,fish2_24hpf_roi2,fish2_24hpf_roi2,2.0,fish2,24hpf,24.0,roi2,2.0,,[],,20250919_mem-mito,,,,,,,,,,inferred,20250919,1,inferred,20250919::20250919_mem-mito::1,80,2,2,20250919-plate80-slot2-roi2
20250919_mem-mito,fish2_24hpf_roi3,fish2_24hpf_roi3,fish2_24hpf_roi3,528.0,/clusterfs/vast/abcabc/Aang_Foundation/20250919_mem-mito/fish2_24hpf_roi3,aang,aang,aang,20250919,20250919_mem-mito,fish2_24hpf_roi3,fish2_24hpf_roi3,2.0,fish2,24hpf,24.0,roi3,3.0,,[],,20250919_mem-mito,,,,,,,,,,inferred,20250919,1,inferred,20250919::20250919_mem-mito::1,80,2,3,20250919-plate80-slot2-roi3
20250919_mem-mito,fish4_24hpf_roi1,fish4_24hpf_roi1,fish4_24hpf_roi1,528.0,/clusterfs/vast/abcabc/Aang_Foundation/20250919_mem-mito/fish4_24hpf_roi1,aang,aang,aang,20250919,20250919_mem-mito,fish4_24hpf_roi1,fish4_24hpf_roi1,4.0,fish4,24hpf,24.0,roi1,1.0,,[],,20250919_mem-mito,,,,,,,,,,inferred,20250919,1,inferred,20250919::20250919_mem-mito::1,80,3,1,20250919-plate80-slot3-roi1
20250919_mem-mito,fish4_24hpf_roi2,fish4_24hpf_roi2,fish4_24hpf_roi2,462.0,/clusterfs/vast/abcabc/Aang_Foundation/20250919_mem-mito/fish4_24hpf_roi2,aang,aang,aang,20250919,20250919_mem-mito,fish4_24hpf_roi2,fish4_24hpf_roi2,4.0,fish4,24hpf,24.0,roi2,2.0,,[],,20250919_mem-mito,,,,,,,,,,inferred,20250919,1,inferred,20250919::20250919_mem-mito::1,80,3,2,20250919-plate80-slot3-roi2
20250919_mem-mito,fish4_24hpf_roi3,fish4_24hpf_roi3,fish4_24hpf_roi3,330.0,/clusterfs/vast/abcabc/Aang_Foundation/20250919_mem-mito/fish4_24hpf_roi3,aang,aang,aang,20250919,20250919_mem-mito,fish4_24hpf_roi3,fish4_24hpf_roi3,4.0,fish4,24hpf,24.0,roi3,3.0,,[],,20250919_mem-mito,,,,,,,,,,inferred,20250919,1,inferred,20250919::20250919_mem-mito::1,80,3,3,20250919-plate80-slot3-roi3
20250919_mem-mito,fish5_24hpf_roi1,fish5_24hpf_roi1,fish5_24hpf_roi1,462.0,/clusterfs/vast/abcabc/Aang_Foundation/20250919_mem-mito/fish5_24hpf_roi1,aang,aang,aang,20250919,20250919_mem-mito,fish5_24hpf_roi1,fish5_24hpf_roi1,5.0,fish5,24hpf,24.0,roi1,1.0,,[],,20250919_mem-mito,,,,,,,,,,inferred,20250919,1,inferred,20250919::20250919_mem-mito::1,80,4,1,20250919-plate80-slot4-roi1
20250919_mem-mito,fish5_24hpf_roi2,fish5_24hpf_roi2,fish5_24hpf_roi2,528.0,/clusterfs/vast/abcabc/Aang_Foundation/20250919_mem-mito/fish5_24hpf_roi2,aang,aang,aang,20250919,20250919_mem-mito,fish5_24hpf_roi2,fish5_24hpf_roi2,5.0,fish5,24hpf,24.0,roi2,2.0,,[],,20250919_mem-mito,,,,,,,,,,inferred,20250919,1,inferred,20250919::20250919_mem-mito::1,80,4,2,20250919-plate80-slot4-roi2
20250919_mem-mito,fish5_24hpf_roi3,fish5_24hpf_roi3,fish5_24hpf_roi3,330.0,/clusterfs/vast/abcabc/Aang_Foundation/20250919_mem-mito/fish5_24hpf_roi3,aang,aang,aang,20250919,20250919_mem-mito,fish5_24hpf_roi3,fish5_24hpf_roi3,5.0,fish5,24hpf,24.0,roi3,3.0,,[],,20250919_mem-mito,,,,,,,,,,inferred,20250919,1,inferred,20250919::20250919_mem-mito::1,80,4,3,20250919-plate80-slot4-roi3
20250919_mem-mito,fish5_24hpf_roi4,fish5_24hpf_roi4,fish5_24hpf_roi4,330.0,/clusterfs/vast/abcabc/Aang_Foundation/20250919_mem-mito/fish5_24hpf_roi4,aang,aang,aang,20250919,20250919_mem-mito,fish5_24hpf_roi4,fish5_24hpf_roi4,5.0,fish5,24hpf,24.0,roi4,4.0,,[],,20250919_mem-mito,,,,,,,,,,inferred,20250919,1,inferred,20250919::20250919_mem-mito::1,80,4,4,20250919-plate80-slot4-roi4
20250919_mem-mito,fish7_24hpf_roi1,fish7_24hpf_roi1,fish7_24hpf_roi1,528.0,/clusterfs/vast/abcabc/Aang_Foundation/20250919_mem-mito/fish7_24hpf_roi1,aang,aang,aang,20250919,20250919_mem-mito,fish7_24hpf_roi1,fish7_24hpf_roi1,7.0,fish7,24hpf,24.0,roi1,1.0,,[],,20250919_mem-mito,,,,,,,,,,inferred,20250919,1,inferred,20250919::20250919_mem-mito::1,80,5,1,20250919-plate80-slot5-roi1
20250919_mem-mito,fish7_24hpf_roi2,fish7_24hpf_roi2,fish7_24hpf_roi2,462.0,/clusterfs/vast/abcabc/Aang_Foundation/20250919_mem-mito/fish7_24hpf_roi2,aang,aang,aang,20250919,20250919_mem-mito,fish7_24hpf_roi2,fish7_24hpf_roi2,7.0,fish7,24hpf,24.0,roi2,2.0,,[],,20250919_mem-mito,,,,,,,,,,inferred,20250919,1,inferred,20250919::20250919_mem-mito::1,80,5,2,20250919-plate80-slot5-roi2
20250919_mem-mito,fish7_24hpf_roi3,fish7_24hpf_roi3,fish7_24hpf_roi3,528.0,/clusterfs/vast/abcabc/Aang_Foundation/20250919_mem-mito/fish7_24hpf_roi3,aang,aang,aang,20250919,20250919_mem-mito,fish7_24hpf_roi3,fish7_24hpf_roi3,7.0,fish7,24hpf,24.0,roi3,3.0,,[],,20250919_mem-mito,,,,,,,,,,inferred,20250919,1,inferred,20250919::20250919_mem-mito::1,80,5,3,20250919-plate80-slot5-roi3
20250919_mem-mito,fish7_24hpf_roi4,fish7_24hpf_roi4,fish7_24hpf_roi4,330.0,/clusterfs/vast/abcabc/Aang_Foundation/20250919_mem-mito/fish7_24hpf_roi4,aang,aang,aang,20250919,20250919_mem-mito,fish7_24hpf_roi4,fish7_24hpf_roi4,7.0,fish7,24hpf,24.0,roi4,4.0,,[],,20250919_mem-mito,,,,,,,,,,inferred,20250919,1,inferred,20250919::20250919_mem-mito::1,80,5,4,20250919-plate80-slot5-roi4
20250919_mem-mito,fish7_24hpf_roi5,fish7_24hpf_roi5,fish7_24hpf_roi5,264.0,/clusterfs/vast/abcabc/Aang_Foundation/20250919_mem-mito/fish7_24hpf_roi5,aang,aang,aang,20250919,20250919_mem-mito,fish7_24hpf_roi5,fish7_24hpf_roi5,7.0,fish7,24hpf,24.0,roi5,5.0,,[],,20250919_mem-mito,,,,,,,,,,inferred,20250919,1,inferred,20250919::20250919_mem-mito::1,80,5,5,20250919-plate80-slot5-roi5
20250919_mem-mito,fish8_24hpf_roi1,fish8_24hpf_roi1,fish8_24hpf_roi1,462.0,/clusterfs/vast/abcabc/Aang_Foundation/20250919_mem-mito/fish8_24hpf_roi1,aang,aang,aang,20250919,20250919_mem-mito,fish8_24hpf_roi1,fish8_24hpf_roi1,8.0,fish8,24hpf,24.0,roi1,1.0,,[],,20250919_mem-mito,,,,,,,,,,inferred,20250919,1,inferred,20250919::20250919_mem-mito::1,80,6,1,20250919-plate80-slot6-roi1
20250919_mem-mito,fish8_24hpf_roi2,fish8_24hpf_roi2,fish8_24hpf_roi2,462.0,/clusterfs/vast/abcabc/Aang_Foundation/20250919_mem-mito/fish8_24hpf_roi2,aang,aang,aang,20250919,20250919_mem-mito,fish8_24hpf_roi2,fish8_24hpf_roi2,8.0,fish8,24hpf,24.0,roi2,2.0,,[],,20250919_mem-mito,,,,,,,,,,inferred,20250919,1,inferred,20250919::20250919_mem-mito::1,80,6,2,20250919-plate80-slot6-roi2
20250919_mem-mito,fish8_24hpf_roi3,fish8_24hpf_roi3,fish8_24hpf_roi3,330.0,/clusterfs/vast/abcabc/Aang_Foundation/20250919_mem-mito/fish8_24hpf_roi3,aang,aang,aang,20250919,20250919_mem-mito,fish8_24hpf_roi3,fish8_24hpf_roi3,8.0,fish8,24hpf,24.0,roi3,3.0,,[],,20250919_mem-mito,,,,,,,,,,inferred,20250919,1,inferred,20250919::20250919_mem-mito::1,80,6,3,20250919-plate80-slot6-roi3
20250919_mem-mito,fish8_24hpf_roi4,fish8_24hpf_roi4,fish8_24hpf_roi4,330.0,/clusterfs/vast/abcabc/Aang_Foundation/20250919_mem-mito/fish8_24hpf_roi4,aang,aang,aang,20250919,20250919_mem-mito,fish8_24hpf_roi4,fish8_24hpf_roi4,8.0,fish8,24hpf,24.0,roi4,4.0,,[],,20250919_mem-mito,,,,,,,,,,inferred,20250919,1,inferred,20250919::20250919_mem-mito::1,80,6,4,20250919-plate80-slot6-roi4
20250919_mem-mito,fish8_24hpf_roi5,fish8_24hpf_roi5,fish8_24hpf_roi5,396.0,/clusterfs/vast/abcabc/Aang_Foundation/20250919_mem-mito/fish8_24hpf_roi5,aang,aang,aang,20250919,20250919_mem-mito,fish8_24hpf_roi5,fish8_24hpf_roi5,8.0,fish8,24hpf,24.0,roi5,5.0,,[],,20250919_mem-mito,,,,,,,,,,inferred,20250919,1,inferred,20250919::20250919_mem-mito::1,80,6,5,20250919-plate80-slot6-roi5
20250922_mem-mito,fish1_72hpf_roi1,fish1_72hpf_roi1,fish1_72hpf_roi1,400.0,/clusterfs/vast/abcabc/Aang_Foundation/20250922_mem-mito/fish1_72hpf_roi1,aang,aang,aang,20250922,20250922_mem-mito,fish1_72hpf_roi1,fish1_72hpf_roi1,1.0,fish1,72hpf,72.0,roi1,1.0,,[],,20250922_mem-mito,,,,,,,,,,inferred,20250922,1,inferred,20250922::20250922_mem-mito::1,81,1,1,20250922-plate81-slot1-roi1
20250922_mem-mito,fish1_72hpf_roi2,fish1_72hpf_roi2,fish1_72hpf_roi2,400.0,/clusterfs/vast/abcabc/Aang_Foundation/20250922_mem-mito/fish1_72hpf_roi2,aang,aang,aang,20250922,20250922_mem-mito,fish1_72hpf_roi2,fish1_72hpf_roi2,1.0,fish1,72hpf,72.0,roi2,2.0,,[],,20250922_mem-mito,,,,,,,,,,inferred,20250922,1,inferred,20250922::20250922_mem-mito::1,81,1,2,20250922-plate81-slot1-roi2
20250922_mem-mito,fish1_72hpf_roi3,fish1_72hpf_roi3,fish1_72hpf_roi3,400.0,/clusterfs/vast/abcabc/Aang_Foundation/20250922_mem-mito/fish1_72hpf_roi3,aang,aang,aang,20250922,20250922_mem-mito,fish1_72hpf_roi3,fish1_72hpf_roi3,1.0,fish1,72hpf,72.0,roi3,3.0,,[],,20250922_mem-mito,,,,,,,,,,inferred,20250922,1,inferred,20250922::20250922_mem-mito::1,81,1,3,20250922-plate81-slot1-roi3
20250922_mem-mito,fish1_72hpf_roi4,fish1_72hpf_roi4,fish1_72hpf_roi4,400.0,/clusterfs/vast/abcabc/Aang_Foundation/20250922_mem-mito/fish1_72hpf_roi4,aang,aang,aang,20250922,20250922_mem-mito,fish1_72hpf_roi4,fish1_72hpf_roi4,1.0,fish1,72hpf,72.0,roi4,4.0,,[],,20250922_mem-mito,,,,,,,,,,inferred,20250922,1,inferred,20250922::20250922_mem-mito::1,81,1,4,20250922-plate81-slot1-roi4
20250922_mem-mito,fish1_72hpf_roi5,fish1_72hpf_roi5,fish1_72hpf_roi5,100.0,/clusterfs/vast/abcabc/Aang_Foundation/20250922_mem-mito/fish1_72hpf_roi5,aang,aang,aang,20250922,20250922_mem-mito,fish1_72hpf_roi5,fish1_72hpf_roi5,1.0,fish1,72hpf,72.0,roi5,5.0,,[],,20250922_mem-mito,,,,,,,,,,inferred,20250922,1,inferred,20250922::20250922_mem-mito::1,81,1,5,20250922-plate81-slot1-roi5
20250922_mem-mito,fish1_72hpf_roi6,fish1_72hpf_roi6,fish1_72hpf_roi6,400.0,/clusterfs/vast/abcabc/Aang_Foundation/20250922_mem-mito/fish1_72hpf_roi6,aang,aang,aang,20250922,20250922_mem-mito,fish1_72hpf_roi6,fish1_72hpf_roi6,1.0,fish1,72hpf,72.0,roi6,6.0,,[],,20250922_mem-mito,,,,,,,,,,inferred,20250922,1,inferred,20250922::20250922_mem-mito::1,81,1,6,20250922-plate81-slot1-roi6
20250922_mem-mito,fish1_72hpf_roi7,fish1_72hpf_roi7,fish1_72hpf_roi7,400.0,/clusterfs/vast/abcabc/Aang_Foundation/20250922_mem-mito/fish1_72hpf_roi7,aang,aang,aang,20250922,20250922_mem-mito,fish1_72hpf_roi7,fish1_72hpf_roi7,1.0,fish1,72hpf,72.0,roi7,7.0,,[],,20250922_mem-mito,,,,,,,,,,inferred,20250922,1,inferred,20250922::20250922_mem-mito::1,81,1,7,20250922-plate81-slot1-roi7
20250922_mem-mito,fish1_72hpf_roi8,fish1_72hpf_roi8,fish1_72hpf_roi8,400.0,/clusterfs/vast/abcabc/Aang_Foundation/20250922_mem-mito/fish1_72hpf_roi8,aang,aang,aang,20250922,20250922_mem-mito,fish1_72hpf_roi8,fish1_72hpf_roi8,1.0,fish1,72hpf,72.0,roi8,8.0,,[],,20250922_mem-mito,,,,,,,,,,inferred,20250922,1,inferred,20250922::20250922_mem-mito::1,81,1,8,20250922-plate81-slot1-roi8
20250922_mem-mito,fish2_72hpf_roi1,fish2_72hpf_roi1,fish2_72hpf_roi1,400.0,/clusterfs/vast/abcabc/Aang_Foundation/20250922_mem-mito/fish2_72hpf_roi1,aang,aang,aang,20250922,20250922_mem-mito,fish2_72hpf_roi1,fish2_72hpf_roi1,2.0,fish2,72hpf,72.0,roi1,1.0,,[],,20250922_mem-mito,,,,,,,,,,inferred,20250922,1,inferred,20250922::20250922_mem-mito::1,81,2,1,20250922-plate81-slot2-roi1
20250922_mem-mito,fish2_72hpf_roi2,fish2_72hpf_roi2,fish2_72hpf_roi2,400.0,/clusterfs/vast/abcabc/Aang_Foundation/20250922_mem-mito/fish2_72hpf_roi2,aang,aang,aang,20250922,20250922_mem-mito,fish2_72hpf_roi2,fish2_72hpf_roi2,2.0,fish2,72hpf,72.0,roi2,2.0,,[],,20250922_mem-mito,,,,,,,,,,inferred,20250922,1,inferred,20250922::20250922_mem-mito::1,81,2,2,20250922-plate81-slot2-roi2
20250922_mem-mito,fish2_72hpf_roi3,fish2_72hpf_roi3,fish2_72hpf_roi3,400.0,/clusterfs/vast/abcabc/Aang_Foundation/20250922_mem-mito/fish2_72hpf_roi3,aang,aang,aang,20250922,20250922_mem-mito,fish2_72hpf_roi3,fish2_72hpf_roi3,2.0,fish2,72hpf,72.0,roi3,3.0,,[],,20250922_mem-mito,,,,,,,,,,inferred,20250922,1,inferred,20250922::20250922_mem-mito::1,81,2,3,20250922-plate81-slot2-roi3
20250922_mem-mito,fish2_72hpf_roi4,fish2_72hpf_roi4,fish2_72hpf_roi4,400.0,/clusterfs/vast/abcabc/Aang_Foundation/20250922_mem-mito/fish2_72hpf_roi4,aang,aang,aang,20250922,20250922_mem-mito,fish2_72hpf_roi4,fish2_72hpf_roi4,2.0,fish2,72hpf,72.0,roi4,4.0,,[],,20250922_mem-mito,,,,,,,,,,inferred,20250922,1,inferred,20250922::20250922_mem-mito::1,81,2,4,20250922-plate81-slot2-roi4
20250922_mem-mito,fish4_72hpf_roi1,fish4_72hpf_roi1,fish4_72hpf_roi1,400.0,/clusterfs/vast/abcabc/Aang_Foundation/20250922_mem-mito/fish4_72hpf_roi1,aang,aang,aang,20250922,20250922_mem-mito,fish4_72hpf_roi1,fish4_72hpf_roi1,4.0,fish4,72hpf,72.0,roi1,1.0,,[],,20250922_mem-mito,,,,,,,,,,inferred,20250922,1,inferred,20250922::20250922_mem-mito::1,81,3,1,20250922-plate81-slot3-roi1
20250922_mem-mito,fish5_72hpf_roi1,fish5_72hpf_roi1,fish5_72hpf_roi1,400.0,/clusterfs/vast/abcabc/Aang_Foundation/20250922_mem-mito/fish5_72hpf_roi1,aang,aang,aang,20250922,20250922_mem-mito,fish5_72hpf_roi1,fish5_72hpf_roi1,5.0,fish5,72hpf,72.0,roi1,1.0,,[],,20250922_mem-mito,,,,,,,,,,inferred,20250922,1,inferred,20250922::20250922_mem-mito::1,81,4,1,20250922-plate81-slot4-roi1
20250922_mem-mito,fish5_72hpf_roi2,fish5_72hpf_roi2,fish5_72hpf_roi2,400.0,/clusterfs/vast/abcabc/Aang_Foundation/20250922_mem-mito/fish5_72hpf_roi2,aang,aang,aang,20250922,20250922_mem-mito,fish5_72hpf_roi2,fish5_72hpf_roi2,5.0,fish5,72hpf,72.0,roi2,2.0,,[],,20250922_mem-mito,,,,,,,,,,inferred,20250922,1,inferred,20250922::20250922_mem-mito::1,81,4,2,20250922-plate81-slot4-roi2
20250922_mem-mito,fish5_72hpf_roi3,fish5_72hpf_roi3,fish5_72hpf_roi3,400.0,/clusterfs/vast/abcabc/Aang_Foundation/20250922_mem-mito/fish5_72hpf_roi3,aang,aang,aang,20250922,20250922_mem-mito,fish5_72hpf_roi3,fish5_72hpf_roi3,5.0,fish5,72hpf,72.0,roi3,3.0,,[],,20250922_mem-mito,,,,,,,,,,inferred,20250922,1,inferred,20250922::20250922_mem-mito::1,81,4,3,20250922-plate81-slot4-roi3
20250922_mem-mito,fish5_72hpf_roi4,fish5_72hpf_roi4,fish5_72hpf_roi4,400.0,/clusterfs/vast/abcabc/Aang_Foundation/20250922_mem-mito/fish5_72hpf_roi4,aang,aang,aang,20250922,20250922_mem-mito,fish5_72hpf_roi4,fish5_72hpf_roi4,5.0,fish5,72hpf,72.0,roi4,4.0,,[],,20250922_mem-mito,,,,,,,,,,inferred,20250922,1,inferred,20250922::20250922_mem-mito::1,81,4,4,20250922-plate81-slot4-roi4
20250924_mem-mito,fish1_24hpf_roi1,fish1_24hpf_roi1,fish1_24hpf_roi1,528.0,/clusterfs/vast/abcabc/Aang_Foundation/20250924_mem-mito/fish1_24hpf_roi1,aang,aang,aang,20250924,20250924_mem-mito,fish1_24hpf_roi1,fish1_24hpf_roi1,1.0,fish1,24hpf,24.0,roi1,1.0,,[],,20250924_mem-mito,,,,,,,,,,inferred,20250924,1,inferred,20250924::20250924_mem-mito::1,82,1,1,20250924-plate82-slot1-roi1
20250924_mem-mito,fish1_24hpf_roi2,fish1_24hpf_roi2,fish1_24hpf_roi2,528.0,/clusterfs/vast/abcabc/Aang_Foundation/20250924_mem-mito/fish1_24hpf_roi2,aang,aang,aang,20250924,20250924_mem-mito,fish1_24hpf_roi2,fish1_24hpf_roi2,1.0,fish1,24hpf,24.0,roi2,2.0,,[],,20250924_mem-mito,,,,,,,,,,inferred,20250924,1,inferred,20250924::20250924_mem-mito::1,82,1,2,20250924-plate82-slot1-roi2
20250924_mem-mito,fish1_24hpf_roi3,fish1_24hpf_roi3,fish1_24hpf_roi3,528.0,/clusterfs/vast/abcabc/Aang_Foundation/20250924_mem-mito/fish1_24hpf_roi3,aang,aang,aang,20250924,20250924_mem-mito,fish1_24hpf_roi3,fish1_24hpf_roi3,1.0,fish1,24hpf,24.0,roi3,3.0,,[],,20250924_mem-mito,,,,,,,,,,inferred,20250924,1,inferred,20250924::20250924_mem-mito::1,82,1,3,20250924-plate82-slot1-roi3
20250924_mem-mito,fish1_24hpf_roi4,fish1_24hpf_roi4,fish1_24hpf_roi4,400.0,/clusterfs/vast/abcabc/Aang_Foundation/20250924_mem-mito/fish1_24hpf_roi4,aang,aang,aang,20250924,20250924_mem-mito,fish1_24hpf_roi4,fish1_24hpf_roi4,1.0,fish1,24hpf,24.0,roi4,4.0,,[],,20250924_mem-mito,,,,,,,,,,inferred,20250924,1,inferred,20250924::20250924_mem-mito::1,82,1,4,20250924-plate82-slot1-roi4
20250924_mem-mito,fish1_24hpf_roi5,fish1_24hpf_roi5,fish1_24hpf_roi5,1.0,/clusterfs/vast/abcabc/Aang_Foundation/20250924_mem-mito/fish1_24hpf_roi5,aang,aang,aang,20250924,20250924_mem-mito,fish1_24hpf_roi5,fish1_24hpf_roi5,1.0,fish1,24hpf,24.0,roi5,5.0,,[],,20250924_mem-mito,,,,,,,,,,inferred,20250924,1,inferred,20250924::20250924_mem-mito::1,82,1,5,20250924-plate82-slot1-roi5
20250924_mem-mito,fish1_24hpf_roi6,fish1_24hpf_roi6,fish1_24hpf_roi6,12.0,/clusterfs/vast/abcabc/Aang_Foundation/20250924_mem-mito/fish1_24hpf_roi6,aang,aang,aang,20250924,20250924_mem-mito,fish1_24hpf_roi6,fish1_24hpf_roi6,1.0,fish1,24hpf,24.0,roi6,6.0,,[],,20250924_mem-mito,,,,,,,,,,inferred,20250924,1,inferred,20250924::20250924_mem-mito::1,82,1,6,20250924-plate82-slot1-roi6
20250924_mem-mito,fish2_24hpf_roi1,fish2_24hpf_roi1,fish2_24hpf_roi1,400.0,/clusterfs/vast/abcabc/Aang_Foundation/20250924_mem-mito/fish2_24hpf_roi1,aang,aang,aang,20250924,20250924_mem-mito,fish2_24hpf_roi1,fish2_24hpf_roi1,2.0,fish2,24hpf,24.0,roi1,1.0,,[],,20250924_mem-mito,,,,,,,,,,inferred,20250924,1,inferred,20250924::20250924_mem-mito::1,82,2,1,20250924-plate82-slot2-roi1
20250924_mem-mito,fish2_24hpf_roi2,fish2_24hpf_roi2,fish2_24hpf_roi2,400.0,/clusterfs/vast/abcabc/Aang_Foundation/20250924_mem-mito/fish2_24hpf_roi2,aang,aang,aang,20250924,20250924_mem-mito,fish2_24hpf_roi2,fish2_24hpf_roi2,2.0,fish2,24hpf,24.0,roi2,2.0,,[],,20250924_mem-mito,,,,,,,,,,inferred,20250924,1,inferred,20250924::20250924_mem-mito::1,82,2,2,20250924-plate82-slot2-roi2
20250924_mem-mito,fish3_24hpf_roi1,fish3_24hpf_roi1,fish3_24hpf_roi1,800.0,/clusterfs/vast/abcabc/Aang_Foundation/20250924_mem-mito/fish3_24hpf_roi1,aang,aang,aang,20250924,20250924_mem-mito,fish3_24hpf_roi1,fish3_24hpf_roi1,3.0,fish3,24hpf,24.0,roi1,1.0,,[],,20250924_mem-mito,,,,,,,,,,inferred,20250924,1,inferred,20250924::20250924_mem-mito::1,82,3,1,20250924-plate82-slot3-roi1
20250924_mem-mito,fish3_24hpf_roi1_test,fish3_24hpf_roi1_test,fish3_24hpf_roi1_test,4.0,/clusterfs/vast/abcabc/Aang_Foundation/20250924_mem-mito/fish3_24hpf_roi1_test,aang,aang,aang,20250924,20250924_mem-mito,fish3_24hpf_roi1_test,fish3_24hpf_roi1_test,3.0,fish3,24hpf,24.0,roi1,1.0,test,['test'],test,20250924_mem-mito,,,,,,,,,,inferred,20250924,1,inferred,20250924::20250924_mem-mito::1,82,3,2,20250924-plate82-slot3-roi2
20250924_mem-mito,fish3_24hpf_roi3,fish3_24hpf_roi3,fish3_24hpf_roi3,400.0,/clusterfs/vast/abcabc/Aang_Foundation/20250924_mem-mito/fish3_24hpf_roi3,aang,aang,aang,20250924,20250924_mem-mito,fish3_24hpf_roi3,fish3_24hpf_roi3,3.0,fish3,24hpf,24.0,roi3,3.0,,[],,20250924_mem-mito,,,,,,,,,,inferred,20250924,1,inferred,20250924::20250924_mem-mito::1,82,3,3,20250924-plate82-slot3-roi3
20250924_mem-mito,fish3_24hpf_roi4,fish3_24hpf_roi4,fish3_24hpf_roi4,400.0,/clusterfs/vast/abcabc/Aang_Foundation/20250924_mem-mito/fish3_24hpf_roi4,aang,aang,aang,20250924,20250924_mem-mito,fish3_24hpf_roi4,fish3_24hpf_roi4,3.0,fish3,24hpf,24.0,roi4,4.0,,[],,20250924_mem-mito,,,,,,,,,,inferred,20250924,1,inferred,20250924::20250924_mem-mito::1,82,3,4,20250924-plate82-slot3-roi4
20250924_mem-mito,fish3_24hpf_roi5,fish3_24hpf_roi5,fish3_24hpf_roi5,400.0,/clusterfs/vast/abcabc/Aang_Foundation/20250924_mem-mito/fish3_24hpf_roi5,aang,aang,aang,20250924,20250924_mem-mito,fish3_24hpf_roi5,fish3_24hpf_roi5,3.0,fish3,24hpf,24.0,roi5,5.0,,[],,20250924_mem-mito,,,,,,,,,,inferred,20250924,1,inferred,20250924::20250924_mem-mito::1,82,3,5,20250924-plate82-slot3-roi5
20250924_mem-mito,fish3_24hpf_roi6,fish3_24hpf_roi6,fish3_24hpf_roi6,400.0,/clusterfs/vast/abcabc/Aang_Foundation/20250924_mem-mito/fish3_24hpf_roi6,aang,aang,aang,20250924,20250924_mem-mito,fish3_24hpf_roi6,fish3_24hpf_roi6,3.0,fish3,24hpf,24.0,roi6,6.0,,[],,20250924_mem-mito,,,,,,,,,,inferred,20250924,1,inferred,20250924::20250924_mem-mito::1,82,3,6,20250924-plate82-slot3-roi6
20250924_mem-mito,fish3_24hpf_roi7,fish3_24hpf_roi7,fish3_24hpf_roi7,400.0,/clusterfs/vast/abcabc/Aang_Foundation/20250924_mem-mito/fish3_24hpf_roi7,aang,aang,aang,20250924,20250924_mem-mito,fish3_24hpf_roi7,fish3_24hpf_roi7,3.0,fish3,24hpf,24.0,roi7,7.0,,[],,20250924_mem-mito,,,,,,,,,,inferred,20250924,1,inferred,20250924::20250924_mem-mito::1,82,3,7,20250924-plate82-slot3-roi7
20250924_mem-mito,fish4_24hpf_roi1,fish4_24hpf_roi1,fish4_24hpf_roi1,400.0,/clusterfs/vast/abcabc/Aang_Foundation/20250924_mem-mito/fish4_24hpf_roi1,aang,aang,aang,20250924,20250924_mem-mito,fish4_24hpf_roi1,fish4_24hpf_roi1,4.0,fish4,24hpf,24.0,roi1,1.0,,[],,20250924_mem-mito,,,,,,,,,,inferred,20250924,1,inferred,20250924::20250924_mem-mito::1,82,4,1,20250924-plate82-slot4-roi1
20250924_mem-mito,fish4_24hpf_roi2,fish4_24hpf_roi2,fish4_24hpf_roi2,400.0,/clusterfs/vast/abcabc/Aang_Foundation/20250924_mem-mito/fish4_24hpf_roi2,aang,aang,aang,20250924,20250924_mem-mito,fish4_24hpf_roi2,fish4_24hpf_roi2,4.0,fish4,24hpf,24.0,roi2,2.0,,[],,20250924_mem-mito,,,,,,,,,,inferred,20250924,1,inferred,20250924::20250924_mem-mito::1,82,4,2,20250924-plate82-slot4-roi2
20250924_mem-mito,fish4_24hpf_roi3,fish4_24hpf_roi3,fish4_24hpf_roi3,458.0,/clusterfs/vast/abcabc/Aang_Foundation/20250924_mem-mito/fish4_24hpf_roi3,aang,aang,aang,20250924,20250924_mem-mito,fish4_24hpf_roi3,fish4_24hpf_roi3,4.0,fish4,24hpf,24.0,roi3,3.0,,[],,20250924_mem-mito,,,,,,,,,,inferred,20250924,1,inferred,20250924::20250924_mem-mito::1,82,4,3,20250924-plate82-slot4-roi3
20250925_mem-mito,fish1_48hpf_roi1,fish1_48hpf_roi1,fish1_48hpf_roi1,600.0,/clusterfs/vast/abcabc/Aang_Foundation/20250925_mem-mito/fish1_48hpf_roi1,aang,aang,aang,20250925,20250925_mem-mito,fish1_48hpf_roi1,fish1_48hpf_roi1,1.0,fish1,48hpf,48.0,roi1,1.0,,[],,20250925_mem-mito,,,,,,,,,,inferred,20250925,1,inferred,20250925::20250925_mem-mito::1,83,1,1,20250925-plate83-slot1-roi1
20250925_mem-mito,fish1_48hpf_roi2,fish1_48hpf_roi2,fish1_48hpf_roi2,600.0,/clusterfs/vast/abcabc/Aang_Foundation/20250925_mem-mito/fish1_48hpf_roi2,aang,aang,aang,20250925,20250925_mem-mito,fish1_48hpf_roi2,fish1_48hpf_roi2,1.0,fish1,48hpf,48.0,roi2,2.0,,[],,20250925_mem-mito,,,,,,,,,,inferred,20250925,1,inferred,20250925::20250925_mem-mito::1,83,1,2,20250925-plate83-slot1-roi2
20250925_mem-mito,fish1_48hpf_roi3,fish1_48hpf_roi3,fish1_48hpf_roi3,600.0,/clusterfs/vast/abcabc/Aang_Foundation/20250925_mem-mito/fish1_48hpf_roi3,aang,aang,aang,20250925,20250925_mem-mito,fish1_48hpf_roi3,fish1_48hpf_roi3,1.0,fish1,48hpf,48.0,roi3,3.0,,[],,20250925_mem-mito,,,,,,,,,,inferred,20250925,1,inferred,20250925::20250925_mem-mito::1,83,1,3,20250925-plate83-slot1-roi3
20250925_mem-mito,fish3_48hpf_roi1,fish3_48hpf_roi1,fish3_48hpf_roi1,600.0,/clusterfs/vast/abcabc/Aang_Foundation/20250925_mem-mito/fish3_48hpf_roi1,aang,aang,aang,20250925,20250925_mem-mito,fish3_48hpf_roi1,fish3_48hpf_roi1,3.0,fish3,48hpf,48.0,roi1,1.0,,[],,20250925_mem-mito,,,,,,,,,,inferred,20250925,1,inferred,20250925::20250925_mem-mito::1,83,2,1,20250925-plate83-slot2-roi1
20250925_mem-mito,fish3_48hpf_roi2,fish3_48hpf_roi2,fish3_48hpf_roi2,600.0,/clusterfs/vast/abcabc/Aang_Foundation/20250925_mem-mito/fish3_48hpf_roi2,aang,aang,aang,20250925,20250925_mem-mito,fish3_48hpf_roi2,fish3_48hpf_roi2,3.0,fish3,48hpf,48.0,roi2,2.0,,[],,20250925_mem-mito,,,,,,,,,,inferred,20250925,1,inferred,20250925::20250925_mem-mito::1,83,2,2,20250925-plate83-slot2-roi2
20250925_mem-mito,fish3_48hpf_roi3,fish3_48hpf_roi3,fish3_48hpf_roi3,600.0,/clusterfs/vast/abcabc/Aang_Foundation/20250925_mem-mito/fish3_48hpf_roi3,aang,aang,aang,20250925,20250925_mem-mito,fish3_48hpf_roi3,fish3_48hpf_roi3,3.0,fish3,48hpf,48.0,roi3,3.0,,[],,20250925_mem-mito,,,,,,,,,,inferred,20250925,1,inferred,20250925::20250925_mem-mito::1,83,2,3,20250925-plate83-slot2-roi3
20250925_mem-mito,fish3_48hpf_roi4,fish3_48hpf_roi4,fish3_48hpf_roi4,600.0,/clusterfs/vast/abcabc/Aang_Foundation/20250925_mem-mito/fish3_48hpf_roi4,aang,aang,aang,20250925,20250925_mem-mito,fish3_48hpf_roi4,fish3_48hpf_roi4,3.0,fish3,48hpf,48.0,roi4,4.0,,[],,20250925_mem-mito,,,,,,,,,,inferred,20250925,1,inferred,20250925::20250925_mem-mito::1,83,2,4,20250925-plate83-slot2-roi4
20250926_mem-mito,fish1_48hpf_roi1,fish1_48hpf_roi1,fish1_48hpf_roi1,335.0,/clusterfs/vast/abcabc/Aang_Foundation/20250926_mem-mito/fish1_48hpf_roi1,aang,aang,aang,20250926,20250926_mem-mito,fish1_48hpf_roi1,fish1_48hpf_roi1,1.0,fish1,48hpf,48.0,roi1,1.0,,[],,20250926_mem-mito,,,,,,,,,,inferred,20250926,1,inferred,20250926::20250926_mem-mito::1,84,1,1,20250926-plate84-slot1-roi1
20250926_mem-mito,fish1_48hpf_roi2,fish1_48hpf_roi2,fish1_48hpf_roi2,600.0,/clusterfs/vast/abcabc/Aang_Foundation/20250926_mem-mito/fish1_48hpf_roi2,aang,aang,aang,20250926,20250926_mem-mito,fish1_48hpf_roi2,fish1_48hpf_roi2,1.0,fish1,48hpf,48.0,roi2,2.0,,[],,20250926_mem-mito,,,,,,,,,,inferred,20250926,1,inferred,20250926::20250926_mem-mito::1,84,1,2,20250926-plate84-slot1-roi2
20250926_mem-mito,fish1_48hpf_roi3,fish1_48hpf_roi3,fish1_48hpf_roi3,600.0,/clusterfs/vast/abcabc/Aang_Foundation/20250926_mem-mito/fish1_48hpf_roi3,aang,aang,aang,20250926,20250926_mem-mito,fish1_48hpf_roi3,fish1_48hpf_roi3,1.0,fish1,48hpf,48.0,roi3,3.0,,[],,20250926_mem-mito,,,,,,,,,,inferred,20250926,1,inferred,20250926::20250926_mem-mito::1,84,1,3,20250926-plate84-slot1-roi3
20250926_mem-mito,fish1_48hpf_roi4,fish1_48hpf_roi4,fish1_48hpf_roi4,600.0,/clusterfs/vast/abcabc/Aang_Foundation/20250926_mem-mito/fish1_48hpf_roi4,aang,aang,aang,20250926,20250926_mem-mito,fish1_48hpf_roi4,fish1_48hpf_roi4,1.0,fish1,48hpf,48.0,roi4,4.0,,[],,20250926_mem-mito,,,,,,,,,,inferred,20250926,1,inferred,20250926::20250926_mem-mito::1,84,1,4,20250926-plate84-slot1-roi4
20250926_mem-mito,fish2_48hpf_roi1,fish2_48hpf_roi1,fish2_48hpf_roi1,600.0,/clusterfs/vast/abcabc/Aang_Foundation/20250926_mem-mito/fish2_48hpf_roi1,aang,aang,aang,20250926,20250926_mem-mito,fish2_48hpf_roi1,fish2_48hpf_roi1,2.0,fish2,48hpf,48.0,roi1,1.0,,[],,20250926_mem-mito,,,,,,,,,,inferred,20250926,1,inferred,20250926::20250926_mem-mito::1,84,2,1,20250926-plate84-slot2-roi1
20250926_mem-mito,fish2_48hpf_roi2,fish2_48hpf_roi2,fish2_48hpf_roi2,600.0,/clusterfs/vast/abcabc/Aang_Foundation/20250926_mem-mito/fish2_48hpf_roi2,aang,aang,aang,20250926,20250926_mem-mito,fish2_48hpf_roi2,fish2_48hpf_roi2,2.0,fish2,48hpf,48.0,roi2,2.0,,[],,20250926_mem-mito,,,,,,,,,,inferred,20250926,1,inferred,20250926::20250926_mem-mito::1,84,2,2,20250926-plate84-slot2-roi2
20250926_mem-mito,fish2_48hpf_roi3,fish2_48hpf_roi3,fish2_48hpf_roi3,600.0,/clusterfs/vast/abcabc/Aang_Foundation/20250926_mem-mito/fish2_48hpf_roi3,aang,aang,aang,20250926,20250926_mem-mito,fish2_48hpf_roi3,fish2_48hpf_roi3,2.0,fish2,48hpf,48.0,roi3,3.0,,[],,20250926_mem-mito,,,,,,,,,,inferred,20250926,1,inferred,20250926::20250926_mem-mito::1,84,2,3,20250926-plate84-slot2-roi3
20250926_mem-mito,fish2_48hpf_roi4,fish2_48hpf_roi4,fish2_48hpf_roi4,407.0,/clusterfs/vast/abcabc/Aang_Foundation/20250926_mem-mito/fish2_48hpf_roi4,aang,aang,aang,20250926,20250926_mem-mito,fish2_48hpf_roi4,fish2_48hpf_roi4,2.0,fish2,48hpf,48.0,roi4,4.0,,[],,20250926_mem-mito,,,,,,,,,,inferred,20250926,1,inferred,20250926::20250926_mem-mito::1,84,2,4,20250926-plate84-slot2-roi4
20250926_mem-mito,fish3_48hpf_roi1,fish3_48hpf_roi1,fish3_48hpf_roi1,600.0,/clusterfs/vast/abcabc/Aang_Foundation/20250926_mem-mito/fish3_48hpf_roi1,aang,aang,aang,20250926,20250926_mem-mito,fish3_48hpf_roi1,fish3_48hpf_roi1,3.0,fish3,48hpf,48.0,roi1,1.0,,[],,20250926_mem-mito,,,,,,,,,,inferred,20250926,1,inferred,20250926::20250926_mem-mito::1,84,3,1,20250926-plate84-slot3-roi1
20250926_mem-mito,fish3_48hpf_roi2,fish3_48hpf_roi2,fish3_48hpf_roi2,600.0,/clusterfs/vast/abcabc/Aang_Foundation/20250926_mem-mito/fish3_48hpf_roi2,aang,aang,aang,20250926,20250926_mem-mito,fish3_48hpf_roi2,fish3_48hpf_roi2,3.0,fish3,48hpf,48.0,roi2,2.0,,[],,20250926_mem-mito,,,,,,,,,,inferred,20250926,1,inferred,20250926::20250926_mem-mito::1,84,3,2,20250926-plate84-slot3-roi2
20250926_mem-mito,fish3_48hpf_roi3,fish3_48hpf_roi3,fish3_48hpf_roi3,600.0,/clusterfs/vast/abcabc/Aang_Foundation/20250926_mem-mito/fish3_48hpf_roi3,aang,aang,aang,20250926,20250926_mem-mito,fish3_48hpf_roi3,fish3_48hpf_roi3,3.0,fish3,48hpf,48.0,roi3,3.0,,[],,20250926_mem-mito,,,,,,,,,,inferred,20250926,1,inferred,20250926::20250926_mem-mito::1,84,3,3,20250926-plate84-slot3-roi3
20250926_mem-mito,fish3_48hpf_roi4,fish3_48hpf_roi4,fish3_48hpf_roi4,600.0,/clusterfs/vast/abcabc/Aang_Foundation/20250926_mem-mito/fish3_48hpf_roi4,aang,aang,aang,20250926,20250926_mem-mito,fish3_48hpf_roi4,fish3_48hpf_roi4,3.0,fish3,48hpf,48.0,roi4,4.0,,[],,20250926_mem-mito,,,,,,,,,,inferred,20250926,1,inferred,20250926::20250926_mem-mito::1,84,3,4,20250926-plate84-slot3-roi4
20250926_mem-mito,fish_48hpf_roi1,fish_48hpf_roi1,fish_48hpf_roi1,600.0,/clusterfs/vast/abcabc/Aang_Foundation/20250926_mem-mito/fish_48hpf_roi1,aang,aang,aang,20250926,20250926_mem-mito,fish_48hpf_roi1,fish_48hpf_roi1,,fish_48hpf_roi1,48hpf,48.0,roi1,1.0,fish,[],,20250926_mem-mito,,,,,,,,,,inferred,20250926,1,inferred,20250926::20250926_mem-mito::1,84,4,1,20250926-plate84-slot4-roi1
20250926_mem-mito,fish_48hpf_roi2,fish_48hpf_roi2,fish_48hpf_roi2,600.0,/clusterfs/vast/abcabc/Aang_Foundation/20250926_mem-mito/fish_48hpf_roi2,aang,aang,aang,20250926,20250926_mem-mito,fish_48hpf_roi2,fish_48hpf_roi2,,fish_48hpf_roi2,48hpf,48.0,roi2,2.0,fish,[],,20250926_mem-mito,,,,,,,,,,inferred,20250926,1,inferred,20250926::20250926_mem-mito::1,84,5,1,20250926-plate84-slot5-roi1
20250926_mem-mito,fish_48hpf_roi3,fish_48hpf_roi3,fish_48hpf_roi3,600.0,/clusterfs/vast/abcabc/Aang_Foundation/20250926_mem-mito/fish_48hpf_roi3,aang,aang,aang,20250926,20250926_mem-mito,fish_48hpf_roi3,fish_48hpf_roi3,,fish_48hpf_roi3,48hpf,48.0,roi3,3.0,fish,[],,20250926_mem-mito,,,,,,,,,,inferred,20250926,1,inferred,20250926::20250926_mem-mito::1,84,6,1,20250926-plate84-slot6-roi1
20250926_mem-mito,fish_48hpf_roi4,fish_48hpf_roi4,fish_48hpf_roi4,600.0,/clusterfs/vast/abcabc/Aang_Foundation/20250926_mem-mito/fish_48hpf_roi4,aang,aang,aang,20250926,20250926_mem-mito,fish_48hpf_roi4,fish_48hpf_roi4,,fish_48hpf_roi4,48hpf,48.0,roi4,4.0,fish,[],,20250926_mem-mito,,,,,,,,,,inferred,20250926,2,inferred,20250926::20250926_mem-mito::2,85,1,1,20250926-plate85-slot1-roi1
20251001_mem-histone,fish1_24hpf_roi1,fish1_24hpf_roi1,fish1_24hpf_roi1,2340.0,/clusterfs/vast/abcabc/Aang_Foundation/20251001_mem-histone/fish1_24hpf_roi1,aang,aang,aang,20251001,20251001_mem-histone,fish1_24hpf_roi1,fish1_24hpf_roi1,1.0,fish1,24hpf,24.0,roi1,1.0,,[],,20251001_mem-histone,,,,,,,,,,inferred,20251001,1,inferred,20251001::20251001_mem-histone::1,86,1,1,20251001-plate86-slot1-roi1
20251001_mem-histone,fish1_24hpf_roi2,fish1_24hpf_roi2,fish1_24hpf_roi2,1920.0,/clusterfs/vast/abcabc/Aang_Foundation/20251001_mem-histone/fish1_24hpf_roi2,aang,aang,aang,20251001,20251001_mem-histone,fish1_24hpf_roi2,fish1_24hpf_roi2,1.0,fish1,24hpf,24.0,roi2,2.0,,[],,20251001_mem-histone,,,,,,,,,,inferred,20251001,1,inferred,20251001::20251001_mem-histone::1,86,1,2,20251001-plate86-slot1-roi2
20251001_mem-histone,fish2_24hpf_roi1,fish2_24hpf_roi1,fish2_24hpf_roi1,1920.0,/clusterfs/vast/abcabc/Aang_Foundation/20251001_mem-histone/fish2_24hpf_roi1,aang,aang,aang,20251001,20251001_mem-histone,fish2_24hpf_roi1,fish2_24hpf_roi1,2.0,fish2,24hpf,24.0,roi1,1.0,,[],,20251001_mem-histone,,,,,,,,,,inferred,20251001,1,inferred,20251001::20251001_mem-histone::1,86,2,1,20251001-plate86-slot2-roi1
20251001_mem-histone,fish2_24hpf_roi2,fish2_24hpf_roi2,fish2_24hpf_roi2,1920.0,/clusterfs/vast/abcabc/Aang_Foundation/20251001_mem-histone/fish2_24hpf_roi2,aang,aang,aang,20251001,20251001_mem-histone,fish2_24hpf_roi2,fish2_24hpf_roi2,2.0,fish2,24hpf,24.0,roi2,2.0,,[],,20251001_mem-histone,,,,,,,,,,inferred,20251001,1,inferred,20251001::20251001_mem-histone::1,86,2,2,20251001-plate86-slot2-roi2
20251001_mem-histone,fish2_24hpf_roi3,fish2_24hpf_roi3,fish2_24hpf_roi3,1920.0,/clusterfs/vast/abcabc/Aang_Foundation/20251001_mem-histone/fish2_24hpf_roi3,aang,aang,aang,20251001,20251001_mem-histone,fish2_24hpf_roi3,fish2_24hpf_roi3,2.0,fish2,24hpf,24.0,roi3,3.0,,[],,20251001_mem-histone,,,,,,,,,,inferred,20251001,1,inferred,20251001::20251001_mem-histone::1,86,2,3,20251001-plate86-slot2-roi3
20251001_mem-histone,fish4_24hpf_roi1,fish4_24hpf_roi1,fish4_24hpf_roi1,1920.0,/clusterfs/vast/abcabc/Aang_Foundation/20251001_mem-histone/fish4_24hpf_roi1,aang,aang,aang,20251001,20251001_mem-histone,fish4_24hpf_roi1,fish4_24hpf_roi1,4.0,fish4,24hpf,24.0,roi1,1.0,,[],,20251001_mem-histone,,,,,,,,,,inferred,20251001,1,inferred,20251001::20251001_mem-histone::1,86,3,1,20251001-plate86-slot3-roi1
20251001_mem-histone,fish4_24hpf_roi2,fish4_24hpf_roi2,fish4_24hpf_roi2,1920.0,/clusterfs/vast/abcabc/Aang_Foundation/20251001_mem-histone/fish4_24hpf_roi2,aang,aang,aang,20251001,20251001_mem-histone,fish4_24hpf_roi2,fish4_24hpf_roi2,4.0,fish4,24hpf,24.0,roi2,2.0,,[],,20251001_mem-histone,,,,,,,,,,inferred,20251001,1,inferred,20251001::20251001_mem-histone::1,86,3,2,20251001-plate86-slot3-roi2
20251001_mem-histone,fish5_24hpf_roi1,fish5_24hpf_roi1,fish5_24hpf_roi1,1920.0,/clusterfs/vast/abcabc/Aang_Foundation/20251001_mem-histone/fish5_24hpf_roi1,aang,aang,aang,20251001,20251001_mem-histone,fish5_24hpf_roi1,fish5_24hpf_roi1,5.0,fish5,24hpf,24.0,roi1,1.0,,[],,20251001_mem-histone,,,,,,,,,,inferred,20251001,1,inferred,20251001::20251001_mem-histone::1,86,4,1,20251001-plate86-slot4-roi1
20251001_mem-histone,fish5_24hpf_roi2,fish5_24hpf_roi2,fish5_24hpf_roi2,1920.0,/clusterfs/vast/abcabc/Aang_Foundation/20251001_mem-histone/fish5_24hpf_roi2,aang,aang,aang,20251001,20251001_mem-histone,fish5_24hpf_roi2,fish5_24hpf_roi2,5.0,fish5,24hpf,24.0,roi2,2.0,,[],,20251001_mem-histone,,,,,,,,,,inferred,20251001,1,inferred,20251001::20251001_mem-histone::1,86,4,2,20251001-plate86-slot4-roi2
20251001_mem-histone,fish5_24hpf_roi3,fish5_24hpf_roi3,fish5_24hpf_roi3,1920.0,/clusterfs/vast/abcabc/Aang_Foundation/20251001_mem-histone/fish5_24hpf_roi3,aang,aang,aang,20251001,20251001_mem-histone,fish5_24hpf_roi3,fish5_24hpf_roi3,5.0,fish5,24hpf,24.0,roi3,3.0,,[],,20251001_mem-histone,,,,,,,,,,inferred,20251001,1,inferred,20251001::20251001_mem-histone::1,86,4,3,20251001-plate86-slot4-roi3
20251001_mem-histone,fish5_24hpf_roi4,fish5_24hpf_roi4,fish5_24hpf_roi4,1920.0,/clusterfs/vast/abcabc/Aang_Foundation/20251001_mem-histone/fish5_24hpf_roi4,aang,aang,aang,20251001,20251001_mem-histone,fish5_24hpf_roi4,fish5_24hpf_roi4,5.0,fish5,24hpf,24.0,roi4,4.0,,[],,20251001_mem-histone,,,,,,,,,,inferred,20251001,1,inferred,20251001::20251001_mem-histone::1,86,4,4,20251001-plate86-slot4-roi4
20251010_mem-mito,fish1_24hpf_roi1,fish1_24hpf_roi1,fish1_24hpf_roi1,1024.0,/clusterfs/vast/abcabc/Aang_Foundation/20251010_mem-mito/fish1_24hpf_roi1,aang,aang,aang,20251010,20251010_mem-mito,fish1_24hpf_roi1,fish1_24hpf_roi1,1.0,fish1,24hpf,24.0,roi1,1.0,,[],,20251010_mem-mito,,,,,,,,,,inferred,20251010,1,inferred,20251010::20251010_mem-mito::1,87,1,1,20251010-plate87-slot1-roi1
20251010_mem-mito,fish1_24hpf_roi2,fish1_24hpf_roi2,fish1_24hpf_roi2,1024.0,/clusterfs/vast/abcabc/Aang_Foundation/20251010_mem-mito/fish1_24hpf_roi2,aang,aang,aang,20251010,20251010_mem-mito,fish1_24hpf_roi2,fish1_24hpf_roi2,1.0,fish1,24hpf,24.0,roi2,2.0,,[],,20251010_mem-mito,,,,,,,,,,inferred,20251010,1,inferred,20251010::20251010_mem-mito::1,87,1,2,20251010-plate87-slot1-roi2
20251010_mem-mito,fish2_24hpf_roi1,fish2_24hpf_roi1,fish2_24hpf_roi1,4608.0,/clusterfs/vast/abcabc/Aang_Foundation/20251010_mem-mito/fish2_24hpf_roi1,aang,aang,aang,20251010,20251010_mem-mito,fish2_24hpf_roi1,fish2_24hpf_roi1,2.0,fish2,24hpf,24.0,roi1,1.0,,[],,20251010_mem-mito,,,,,,,,,,inferred,20251010,1,inferred,20251010::20251010_mem-mito::1,87,2,1,20251010-plate87-slot2-roi1
20251010_mem-mito,fish2_24hpf_roi2,fish2_24hpf_roi2,fish2_24hpf_roi2,4608.0,/clusterfs/vast/abcabc/Aang_Foundation/20251010_mem-mito/fish2_24hpf_roi2,aang,aang,aang,20251010,20251010_mem-mito,fish2_24hpf_roi2,fish2_24hpf_roi2,2.0,fish2,24hpf,24.0,roi2,2.0,,[],,20251010_mem-mito,,,,,,,,,,inferred,20251010,1,inferred,20251010::20251010_mem-mito::1,87,2,2,20251010-plate87-slot2-roi2
20251010_mem-mito,fish3_24hpf_roi1,fish3_24hpf_roi1,fish3_24hpf_roi1,4608.0,/clusterfs/vast/abcabc/Aang_Foundation/20251010_mem-mito/fish3_24hpf_roi1,aang,aang,aang,20251010,20251010_mem-mito,fish3_24hpf_roi1,fish3_24hpf_roi1,3.0,fish3,24hpf,24.0,roi1,1.0,,[],,20251010_mem-mito,,,,,,,,,,inferred,20251010,1,inferred,20251010::20251010_mem-mito::1,87,3,1,20251010-plate87-slot3-roi1
20251010_mem-mito,fish3_24hpf_roi2,fish3_24hpf_roi2,fish3_24hpf_roi2,4608.0,/clusterfs/vast/abcabc/Aang_Foundation/20251010_mem-mito/fish3_24hpf_roi2,aang,aang,aang,20251010,20251010_mem-mito,fish3_24hpf_roi2,fish3_24hpf_roi2,3.0,fish3,24hpf,24.0,roi2,2.0,,[],,20251010_mem-mito,,,,,,,,,,inferred,20251010,1,inferred,20251010::20251010_mem-mito::1,87,3,2,20251010-plate87-slot3-roi2
20251010_mem-mito,fish4_24hpf_roi1,fish4_24hpf_roi1,fish4_24hpf_roi1,4608.0,/clusterfs/vast/abcabc/Aang_Foundation/20251010_mem-mito/fish4_24hpf_roi1,aang,aang,aang,20251010,20251010_mem-mito,fish4_24hpf_roi1,fish4_24hpf_roi1,4.0,fish4,24hpf,24.0,roi1,1.0,,[],,20251010_mem-mito,,,,,,,,,,inferred,20251010,1,inferred,20251010::20251010_mem-mito::1,87,4,1,20251010-plate87-slot4-roi1
20251010_mem-mito,fish4_24hpf_roi2,fish4_24hpf_roi2,fish4_24hpf_roi2,4608.0,/clusterfs/vast/abcabc/Aang_Foundation/20251010_mem-mito/fish4_24hpf_roi2,aang,aang,aang,20251010,20251010_mem-mito,fish4_24hpf_roi2,fish4_24hpf_roi2,4.0,fish4,24hpf,24.0,roi2,2.0,,[],,20251010_mem-mito,,,,,,,,,,inferred,20251010,1,inferred,20251010::20251010_mem-mito::1,87,4,2,20251010-plate87-slot4-roi2
20251010_mem-mito,fish5_24hpf_roi1,fish5_24hpf_roi1,fish5_24hpf_roi1,4608.0,/clusterfs/vast/abcabc/Aang_Foundation/20251010_mem-mito/fish5_24hpf_roi1,aang,aang,aang,20251010,20251010_mem-mito,fish5_24hpf_roi1,fish5_24hpf_roi1,5.0,fish5,24hpf,24.0,roi1,1.0,,[],,20251010_mem-mito,,,,,,,,,,inferred,20251010,1,inferred,20251010::20251010_mem-mito::1,87,5,1,20251010-plate87-slot5-roi1
20251010_mem-mito,fish5_24hpf_roi2,fish5_24hpf_roi2,fish5_24hpf_roi2,4608.0,/clusterfs/vast/abcabc/Aang_Foundation/20251010_mem-mito/fish5_24hpf_roi2,aang,aang,aang,20251010,20251010_mem-mito,fish5_24hpf_roi2,fish5_24hpf_roi2,5.0,fish5,24hpf,24.0,roi2,2.0,,[],,20251010_mem-mito,,,,,,,,,,inferred,20251010,1,inferred,20251010::20251010_mem-mito::1,87,5,2,20251010-plate87-slot5-roi2
20251010_mem-mito,fish6_24hpf_roi1,fish6_24hpf_roi1,fish6_24hpf_roi1,4608.0,/clusterfs/vast/abcabc/Aang_Foundation/20251010_mem-mito/fish6_24hpf_roi1,aang,aang,aang,20251010,20251010_mem-mito,fish6_24hpf_roi1,fish6_24hpf_roi1,6.0,fish6,24hpf,24.0,roi1,1.0,,[],,20251010_mem-mito,,,,,,,,,,inferred,20251010,1,inferred,20251010::20251010_mem-mito::1,87,6,1,20251010-plate87-slot6-roi1
20251010_mem-mito,fish6_24hpf_roi2,fish6_24hpf_roi2,fish6_24hpf_roi2,4608.0,/clusterfs/vast/abcabc/Aang_Foundation/20251010_mem-mito/fish6_24hpf_roi2,aang,aang,aang,20251010,20251010_mem-mito,fish6_24hpf_roi2,fish6_24hpf_roi2,6.0,fish6,24hpf,24.0,roi2,2.0,,[],,20251010_mem-mito,,,,,,,,,,inferred,20251010,1,inferred,20251010::20251010_mem-mito::1,87,6,2,20251010-plate87-slot6-roi2
20251013_mem-histone,fish1_96hpf_roi1,fish1_96hpf_roi1,fish1_96hpf_roi1,4608.0,/clusterfs/vast/abcabc/Aang_Foundation/20251013_mem-histone/fish1_96hpf_roi1,aang,aang,aang,20251013,20251013_mem-histone,fish1_96hpf_roi1,fish1_96hpf_roi1,1.0,fish1,96hpf,96.0,roi1,1.0,,[],,20251013_mem-histone,,,,,,,,,,inferred,20251013,1,inferred,20251013::20251013_mem-histone::1,47,1,3,20251013-plate47-slot1-roi3
20251013_mem-histone,fish1_96hpf_roi3,fish1_96hpf_roi3,fish1_96hpf_roi3,4608.0,/clusterfs/vast/abcabc/Aang_Foundation/20251013_mem-histone/fish1_96hpf_roi3,aang,aang,aang,20251013,20251013_mem-histone,fish1_96hpf_roi3,fish1_96hpf_roi3,1.0,fish1,96hpf,96.0,roi3,3.0,,[],,20251013_mem-histone,,,,,,,,,,inferred,20251013,1,inferred,20251013::20251013_mem-histone::1,47,1,6,20251013-plate47-slot1-roi6
20251013_mem-histone,fish3_96hpf_roi1,fish3_96hpf_roi1,fish3_96hpf_roi1,4608.0,/clusterfs/vast/abcabc/Aang_Foundation/20251013_mem-histone/fish3_96hpf_roi1,aang,aang,aang,20251013,20251013_mem-histone,fish3_96hpf_roi1,fish3_96hpf_roi1,3.0,fish3,96hpf,96.0,roi1,1.0,,[],,20251013_mem-histone,,,,,,,,,,inferred,20251013,1,inferred,20251013::20251013_mem-histone::1,47,3,2,20251013-plate47-slot3-roi2
20251013_mem-histone,fish3_96hpf_roi2,fish3_96hpf_roi2,fish3_96hpf_roi2,4608.0,/clusterfs/vast/abcabc/Aang_Foundation/20251013_mem-histone/fish3_96hpf_roi2,aang,aang,aang,20251013,20251013_mem-histone,fish3_96hpf_roi2,fish3_96hpf_roi2,3.0,fish3,96hpf,96.0,roi2,2.0,,[],,20251013_mem-histone,,,,,,,,,,inferred,20251013,1,inferred,20251013::20251013_mem-histone::1,47,3,4,20251013-plate47-slot3-roi4
20251013_mem-histone,fish3_96hpf_roi3,fish3_96hpf_roi3,fish3_96hpf_roi3,4608.0,/clusterfs/vast/abcabc/Aang_Foundation/20251013_mem-histone/fish3_96hpf_roi3,aang,aang,aang,20251013,20251013_mem-histone,fish3_96hpf_roi3,fish3_96hpf_roi3,3.0,fish3,96hpf,96.0,roi3,3.0,,[],,20251013_mem-histone,,,,,,,,,,inferred,20251013,1,inferred,20251013::20251013_mem-histone::1,47,3,6,20251013-plate47-slot3-roi6
20251013_mem-histone,fish3_96hpf_roi4,fish3_96hpf_roi4,fish3_96hpf_roi4,4608.0,/clusterfs/vast/abcabc/Aang_Foundation/20251013_mem-histone/fish3_96hpf_roi4,aang,aang,aang,20251013,20251013_mem-histone,fish3_96hpf_roi4,fish3_96hpf_roi4,3.0,fish3,96hpf,96.0,roi4,4.0,,[],,20251013_mem-histone,,,,,,,,,,inferred,20251013,1,inferred,20251013::20251013_mem-histone::1,47,3,7,20251013-plate47-slot3-roi7
20251015_mem-histone,fish1_48hpf_roi1,fish1_48hpf_roi1,fish1_48hpf_roi1,4608.0,/clusterfs/vast/abcabc/Aang_Foundation/20251015_mem-histone/fish1_48hpf_roi1,aang,aang,aang,20251015,20251015_mem-histone,fish1_48hpf_roi1,fish1_48hpf_roi1,1.0,fish1,48hpf,48.0,roi1,1.0,,[],,20251015_mem-histone,,,,,,,,,,inferred,20251015,1,inferred,20251015::20251015_mem-histone::1,48,1,2,20251015-plate48-slot1-roi2
20251015_mem-histone,fish1_48hpf_roi2,fish1_48hpf_roi2,fish1_48hpf_roi2,4608.0,/clusterfs/vast/abcabc/Aang_Foundation/20251015_mem-histone/fish1_48hpf_roi2,aang,aang,aang,20251015,20251015_mem-histone,fish1_48hpf_roi2,fish1_48hpf_roi2,1.0,fish1,48hpf,48.0,roi2,2.0,,[],,20251015_mem-histone,,,,,,,,,,inferred,20251015,1,inferred,20251015::20251015_mem-histone::1,48,1,3,20251015-plate48-slot1-roi3
20251015_mem-histone,fish1_48hpf_roi3,fish1_48hpf_roi3,fish1_48hpf_roi3,4608.0,/clusterfs/vast/abcabc/Aang_Foundation/20251015_mem-histone/fish1_48hpf_roi3,aang,aang,aang,20251015,20251015_mem-histone,fish1_48hpf_roi3,fish1_48hpf_roi3,1.0,fish1,48hpf,48.0,roi3,3.0,,[],,20251015_mem-histone,,,,,,,,,,inferred,20251015,1,inferred,20251015::20251015_mem-histone::1,48,1,4,20251015-plate48-slot1-roi4
20251015_mem-histone,fish2_48hpf_roi1,fish2_48hpf_roi1,fish2_48hpf_roi1,4608.0,/clusterfs/vast/abcabc/Aang_Foundation/20251015_mem-histone/fish2_48hpf_roi1,aang,aang,aang,20251015,20251015_mem-histone,fish2_48hpf_roi1,fish2_48hpf_roi1,2.0,fish2,48hpf,48.0,roi1,1.0,,[],,20251015_mem-histone,,,,,,,,,,inferred,20251015,1,inferred,20251015::20251015_mem-histone::1,48,2,2,20251015-plate48-slot2-roi2
20251015_mem-histone,fish3_48hpf_roi1,fish3_48hpf_roi1,fish3_48hpf_roi1,4608.0,/clusterfs/vast/abcabc/Aang_Foundation/20251015_mem-histone/fish3_48hpf_roi1,aang,aang,aang,20251015,20251015_mem-histone,fish3_48hpf_roi1,fish3_48hpf_roi1,3.0,fish3,48hpf,48.0,roi1,1.0,,[],,20251015_mem-histone,,,,,,,,,,inferred,20251015,1,inferred,20251015::20251015_mem-histone::1,48,3,2,20251015-plate48-slot3-roi2
20251015_mem-histone,fish3_48hpf_roi2,fish3_48hpf_roi2,fish3_48hpf_roi2,4608.0,/clusterfs/vast/abcabc/Aang_Foundation/20251015_mem-histone/fish3_48hpf_roi2,aang,aang,aang,20251015,20251015_mem-histone,fish3_48hpf_roi2,fish3_48hpf_roi2,3.0,fish3,48hpf,48.0,roi2,2.0,,[],,20251015_mem-histone,,,,,,,,,,inferred,20251015,1,inferred,20251015::20251015_mem-histone::1,48,3,4,20251015-plate48-slot3-roi4
20251015_mem-histone,fish4_48hpf_roi1,fish4_48hpf_roi1,fish4_48hpf_roi1,4608.0,/clusterfs/vast/abcabc/Aang_Foundation/20251015_mem-histone/fish4_48hpf_roi1,aang,aang,aang,20251015,20251015_mem-histone,fish4_48hpf_roi1,fish4_48hpf_roi1,4.0,fish4,48hpf,48.0,roi1,1.0,,[],,20251015_mem-histone,,,,,,,,,,inferred,20251015,1,inferred,20251015::20251015_mem-histone::1,48,4,2,20251015-plate48-slot4-roi2
20251015_mem-histone,fish4_48hpf_roi2,fish4_48hpf_roi2,fish4_48hpf_roi2,4608.0,/clusterfs/vast/abcabc/Aang_Foundation/20251015_mem-histone/fish4_48hpf_roi2,aang,aang,aang,20251015,20251015_mem-histone,fish4_48hpf_roi2,fish4_48hpf_roi2,4.0,fish4,48hpf,48.0,roi2,2.0,,[],,20251015_mem-histone,,,,,,,,,,inferred,20251015,1,inferred,20251015::20251015_mem-histone::1,48,4,3,20251015-plate48-slot4-roi3
20251015_mem-histone,fish4_48hpf_roi3,fish4_48hpf_roi3,fish4_48hpf_roi3,4608.0,/clusterfs/vast/abcabc/Aang_Foundation/20251015_mem-histone/fish4_48hpf_roi3,aang,aang,aang,20251015,20251015_mem-histone,fish4_48hpf_roi3,fish4_48hpf_roi3,4.0,fish4,48hpf,48.0,roi3,3.0,,[],,20251015_mem-histone,,,,,,,,,,inferred,20251015,1,inferred,20251015::20251015_mem-histone::1,48,4,4,20251015-plate48-slot4-roi4
20251015_mem-histone,fish5_48hpf_roi1,fish5_48hpf_roi1,fish5_48hpf_roi1,4608.0,/clusterfs/vast/abcabc/Aang_Foundation/20251015_mem-histone/fish5_48hpf_roi1,aang,aang,aang,20251015,20251015_mem-histone,fish5_48hpf_roi1,fish5_48hpf_roi1,5.0,fish5,48hpf,48.0,roi1,1.0,,[],,20251015_mem-histone,,,,,,,,,,inferred,20251015,1,inferred,20251015::20251015_mem-histone::1,48,5,1,20251015-plate48-slot5-roi1
20251015_mem-histone,fish6_48hpf_roi1,fish6_48hpf_roi1,fish6_48hpf_roi1,4608.0,/clusterfs/vast/abcabc/Aang_Foundation/20251015_mem-histone/fish6_48hpf_roi1,aang,aang,aang,20251015,20251015_mem-histone,fish6_48hpf_roi1,fish6_48hpf_roi1,6.0,fish6,48hpf,48.0,roi1,1.0,,[],,20251015_mem-histone,,,,,,,,,,inferred,20251015,1,inferred,20251015::20251015_mem-histone::1,48,6,1,20251015-plate48-slot6-roi1
20251016_mem-mito,fish1_72hpf_roi1,fish1_72hpf_roi1,fish1_72hpf_roi1,272.0,/clusterfs/vast/abcabc/Aang_Foundation/20251016_mem-mito/fish1_72hpf_roi1,aang,aang,aang,20251016,20251016_mem-mito,fish1_72hpf_roi1,fish1_72hpf_roi1,1.0,fish1,72hpf,72.0,roi1,1.0,,[],,20251016_mem-mito,,,,,,,,,,inferred,20251016,1,inferred,20251016::20251016_mem-mito::1,88,1,1,20251016-plate88-slot1-roi1
20251016_mem-mito_v2,fish1_72hpf_roi1,fish1_72hpf_roi1,fish1_72hpf_roi1,272.0,/clusterfs/vast/abcabc/Aang_Foundation/20251016_mem-mito_v2/fish1_72hpf_roi1,aang,aang,aang,20251016,20251016_mem-mito_v2,fish1_72hpf_roi1,fish1_72hpf_roi1,1.0,fish1,72hpf,72.0,roi1,1.0,,[],,20251016_mem-mito_v2,,,,,,,,,,inferred,20251016,1,inferred,20251016::20251016_mem-mito_v2::1,89,1,1,20251016-plate89-slot1-roi1
20251016_mem-mito_v2,fish1_72hpf_roi2,fish1_72hpf_roi2,fish1_72hpf_roi2,272.0,/clusterfs/vast/abcabc/Aang_Foundation/20251016_mem-mito_v2/fish1_72hpf_roi2,aang,aang,aang,20251016,20251016_mem-mito_v2,fish1_72hpf_roi2,fish1_72hpf_roi2,1.0,fish1,72hpf,72.0,roi2,2.0,,[],,20251016_mem-mito_v2,,,,,,,,,,inferred,20251016,1,inferred,20251016::20251016_mem-mito_v2::1,89,1,2,20251016-plate89-slot1-roi2
20251017_nuclear_envelope,fish1_24hpf_roi1_test,fish1_24hpf_roi1_test,fish1_24hpf_roi1_test,8.0,/clusterfs/vast/abcabc/Aang_Foundation/20251017_nuclear_envelope/fish1_24hpf_roi1_test,aang,aang,aang,20251017,20251017_nuclear_envelope,fish1_24hpf_roi1_test,fish1_24hpf_roi1_test,1.0,fish1,24hpf,24.0,roi1,1.0,test,['test'],test,20251017_nuclear_envelope,,,,,,,,,,inferred,20251017,1,inferred,20251017::20251017_nuclear_envelope::1,90,1,1,20251017-plate90-slot1-roi1
20251017_nuclear_envelope,fish1_24hpf_roi1_test_SIM,fish1_24hpf_roi1_test_SIM,fish1_24hpf_roi1_test_SIM,256.0,/clusterfs/vast/abcabc/Aang_Foundation/20251017_nuclear_envelope/fish1_24hpf_roi1_test_SIM,aang,aang,aang,20251017,20251017_nuclear_envelope,fish1_24hpf_roi1_test_SIM,fish1_24hpf_roi1_test_SIM,1.0,fish1,24hpf,24.0,roi1,1.0,test SIM,"['test', 'sim']",test|sim,20251017_nuclear_envelope,,,,,,,,,,inferred,20251017,1,inferred,20251017::20251017_nuclear_envelope::1,90,1,2,20251017-plate90-slot1-roi2
20251020_mem-histone,fish1_72hpf_roi1,fish1_72hpf_roi1,fish1_72hpf_roi1,3072.0,/clusterfs/vast/abcabc/Aang_Foundation/20251020_mem-histone/fish1_72hpf_roi1,aang,aang,aang,20251020,20251020_mem-histone,fish1_72hpf_roi1,fish1_72hpf_roi1,1.0,fish1,72hpf,72.0,roi1,1.0,,[],,20251020_mem-histone,,,,,,,,,,inferred,20251020,1,inferred,20251020::20251020_mem-histone::1,51,1,2,20251020-plate51-slot1-roi2
20251020_mem-histone,fish1_72hpf_roi2,fish1_72hpf_roi2,fish1_72hpf_roi2,3072.0,/clusterfs/vast/abcabc/Aang_Foundation/20251020_mem-histone/fish1_72hpf_roi2,aang,aang,aang,20251020,20251020_mem-histone,fish1_72hpf_roi2,fish1_72hpf_roi2,1.0,fish1,72hpf,72.0,roi2,2.0,,[],,20251020_mem-histone,,,,,,,,,,inferred,20251020,1,inferred,20251020::20251020_mem-histone::1,51,1,4,20251020-plate51-slot1-roi4
20251020_mem-histone,fish1_72hpf_roi3,fish1_72hpf_roi3,fish1_72hpf_roi3,3072.0,/clusterfs/vast/abcabc/Aang_Foundation/20251020_mem-histone/fish1_72hpf_roi3,aang,aang,aang,20251020,20251020_mem-histone,fish1_72hpf_roi3,fish1_72hpf_roi3,1.0,fish1,72hpf,72.0,roi3,3.0,,[],,20251020_mem-histone,,,,,,,,,,inferred,20251020,1,inferred,20251020::20251020_mem-histone::1,51,1,6,20251020-plate51-slot1-roi6
20251020_mem-histone,fish1_72hpf_roi4,fish1_72hpf_roi4,fish1_72hpf_roi4,3072.0,/clusterfs/vast/abcabc/Aang_Foundation/20251020_mem-histone/fish1_72hpf_roi4,aang,aang,aang,20251020,20251020_mem-histone,fish1_72hpf_roi4,fish1_72hpf_roi4,1.0,fish1,72hpf,72.0,roi4,4.0,,[],,20251020_mem-histone,,,,,,,,,,inferred,20251020,1,inferred,20251020::20251020_mem-histone::1,51,1,8,20251020-plate51-slot1-roi8
20251020_mem-histone,fish1_72hpf_roi5,fish1_72hpf_roi5,fish1_72hpf_roi5,3072.0,/clusterfs/vast/abcabc/Aang_Foundation/20251020_mem-histone/fish1_72hpf_roi5,aang,aang,aang,20251020,20251020_mem-histone,fish1_72hpf_roi5,fish1_72hpf_roi5,1.0,fish1,72hpf,72.0,roi5,5.0,,[],,20251020_mem-histone,,,,,,,,,,inferred,20251020,1,inferred,20251020::20251020_mem-histone::1,51,1,10,20251020-plate51-slot1-roi10
20251020_mem-histone,fish1_72hpf_roi6,fish1_72hpf_roi6,fish1_72hpf_roi6,3072.0,/clusterfs/vast/abcabc/Aang_Foundation/20251020_mem-histone/fish1_72hpf_roi6,aang,aang,aang,20251020,20251020_mem-histone,fish1_72hpf_roi6,fish1_72hpf_roi6,1.0,fish1,72hpf,72.0,roi6,6.0,,[],,20251020_mem-histone,,,,,,,,,,inferred,20251020,1,inferred,20251020::20251020_mem-histone::1,51,1,11,20251020-plate51-slot1-roi11
20251020_mem-histone,fish1_72hpf_roi7,fish1_72hpf_roi7,fish1_72hpf_roi7,3072.0,/clusterfs/vast/abcabc/Aang_Foundation/20251020_mem-histone/fish1_72hpf_roi7,aang,aang,aang,20251020,20251020_mem-histone,fish1_72hpf_roi7,fish1_72hpf_roi7,1.0,fish1,72hpf,72.0,roi7,7.0,,[],,20251020_mem-histone,,,,,,,,,,inferred,20251020,1,inferred,20251020::20251020_mem-histone::1,51,1,12,20251020-plate51-slot1-roi12
20251020_mem-histone,fish2_72hpf_roi1,fish2_72hpf_roi1,fish2_72hpf_roi1,3072.0,/clusterfs/vast/abcabc/Aang_Foundation/20251020_mem-histone/fish2_72hpf_roi1,aang,aang,aang,20251020,20251020_mem-histone,fish2_72hpf_roi1,fish2_72hpf_roi1,2.0,fish2,72hpf,72.0,roi1,1.0,,[],,20251020_mem-histone,,,,,,,,,,inferred,20251020,1,inferred,20251020::20251020_mem-histone::1,51,2,2,20251020-plate51-slot2-roi2
20251020_mem-histone,fish2_72hpf_roi2,fish2_72hpf_roi2,fish2_72hpf_roi2,3072.0,/clusterfs/vast/abcabc/Aang_Foundation/20251020_mem-histone/fish2_72hpf_roi2,aang,aang,aang,20251020,20251020_mem-histone,fish2_72hpf_roi2,fish2_72hpf_roi2,2.0,fish2,72hpf,72.0,roi2,2.0,,[],,20251020_mem-histone,,,,,,,,,,inferred,20251020,1,inferred,20251020::20251020_mem-histone::1,51,2,4,20251020-plate51-slot2-roi4
20251020_mem-histone,fish3_72hpf_roi1,fish3_72hpf_roi1,fish3_72hpf_roi1,3072.0,/clusterfs/vast/abcabc/Aang_Foundation/20251020_mem-histone/fish3_72hpf_roi1,aang,aang,aang,20251020,20251020_mem-histone,fish3_72hpf_roi1,fish3_72hpf_roi1,3.0,fish3,72hpf,72.0,roi1,1.0,,[],,20251020_mem-histone,,,,,,,,,,inferred,20251020,1,inferred,20251020::20251020_mem-histone::1,51,3,1,20251020-plate51-slot3-roi1
20251020_mem-histone,fish3_72hpf_roi2,fish3_72hpf_roi2,fish3_72hpf_roi2,3072.0,/clusterfs/vast/abcabc/Aang_Foundation/20251020_mem-histone/fish3_72hpf_roi2,aang,aang,aang,20251020,20251020_mem-histone,fish3_72hpf_roi2,fish3_72hpf_roi2,3.0,fish3,72hpf,72.0,roi2,2.0,,[],,20251020_mem-histone,,,,,,,,,,inferred,20251020,1,inferred,20251020::20251020_mem-histone::1,51,3,2,20251020-plate51-slot3-roi2
20251020_mem-histone,fish3_72hpf_roi3,fish3_72hpf_roi3,fish3_72hpf_roi3,3072.0,/clusterfs/vast/abcabc/Aang_Foundation/20251020_mem-histone/fish3_72hpf_roi3,aang,aang,aang,20251020,20251020_mem-histone,fish3_72hpf_roi3,fish3_72hpf_roi3,3.0,fish3,72hpf,72.0,roi3,3.0,,[],,20251020_mem-histone,,,,,,,,,,inferred,20251020,1,inferred,20251020::20251020_mem-histone::1,51,3,3,20251020-plate51-slot3-roi3
20251021_mem-mito,fish1_24hpf_roi1,fish1_24hpf_roi1,fish1_24hpf_roi1,544.0,/clusterfs/vast/abcabc/Aang_Foundation/20251021_mem-mito/fish1_24hpf_roi1,aang,aang,aang,20251021,20251021_mem-mito,fish1_24hpf_roi1,fish1_24hpf_roi1,1.0,fish1,24hpf,24.0,roi1,1.0,,[],,20251021_mem-mito,,,,,,,,,,inferred,20251021,1,inferred,20251021::20251021_mem-mito::1,91,1,1,20251021-plate91-slot1-roi1
20251021_mem-mito,fish1_24hpf_roi2,fish1_24hpf_roi2,fish1_24hpf_roi2,544.0,/clusterfs/vast/abcabc/Aang_Foundation/20251021_mem-mito/fish1_24hpf_roi2,aang,aang,aang,20251021,20251021_mem-mito,fish1_24hpf_roi2,fish1_24hpf_roi2,1.0,fish1,24hpf,24.0,roi2,2.0,,[],,20251021_mem-mito,,,,,,,,,,inferred,20251021,1,inferred,20251021::20251021_mem-mito::1,91,1,2,20251021-plate91-slot1-roi2
20251021_mem-mito,fish2_24hpf_roi1,fish2_24hpf_roi1,fish2_24hpf_roi1,544.0,/clusterfs/vast/abcabc/Aang_Foundation/20251021_mem-mito/fish2_24hpf_roi1,aang,aang,aang,20251021,20251021_mem-mito,fish2_24hpf_roi1,fish2_24hpf_roi1,2.0,fish2,24hpf,24.0,roi1,1.0,,[],,20251021_mem-mito,,,,,,,,,,inferred,20251021,1,inferred,20251021::20251021_mem-mito::1,91,2,1,20251021-plate91-slot2-roi1
20251021_mem-mito,fish2_24hpf_roi2,fish2_24hpf_roi2,fish2_24hpf_roi2,544.0,/clusterfs/vast/abcabc/Aang_Foundation/20251021_mem-mito/fish2_24hpf_roi2,aang,aang,aang,20251021,20251021_mem-mito,fish2_24hpf_roi2,fish2_24hpf_roi2,2.0,fish2,24hpf,24.0,roi2,2.0,,[],,20251021_mem-mito,,,,,,,,,,inferred,20251021,1,inferred,20251021::20251021_mem-mito::1,91,2,2,20251021-plate91-slot2-roi2
20251021_mem-mito,fish3_24hpf_roi1,fish3_24hpf_roi1,fish3_24hpf_roi1,544.0,/clusterfs/vast/abcabc/Aang_Foundation/20251021_mem-mito/fish3_24hpf_roi1,aang,aang,aang,20251021,20251021_mem-mito,fish3_24hpf_roi1,fish3_24hpf_roi1,3.0,fish3,24hpf,24.0,roi1,1.0,,[],,20251021_mem-mito,,,,,,,,,,inferred,20251021,1,inferred,20251021::20251021_mem-mito::1,91,3,1,20251021-plate91-slot3-roi1
20251021_mem-mito,fish3_24hpf_roi2,fish3_24hpf_roi2,fish3_24hpf_roi2,544.0,/clusterfs/vast/abcabc/Aang_Foundation/20251021_mem-mito/fish3_24hpf_roi2,aang,aang,aang,20251021,20251021_mem-mito,fish3_24hpf_roi2,fish3_24hpf_roi2,3.0,fish3,24hpf,24.0,roi2,2.0,,[],,20251021_mem-mito,,,,,,,,,,inferred,20251021,1,inferred,20251021::20251021_mem-mito::1,91,3,2,20251021-plate91-slot3-roi2
20251021_mem-mito,fish4_24hpf_roi1,fish4_24hpf_roi1,fish4_24hpf_roi1,544.0,/clusterfs/vast/abcabc/Aang_Foundation/20251021_mem-mito/fish4_24hpf_roi1,aang,aang,aang,20251021,20251021_mem-mito,fish4_24hpf_roi1,fish4_24hpf_roi1,4.0,fish4,24hpf,24.0,roi1,1.0,,[],,20251021_mem-mito,,,,,,,,,,inferred,20251021,1,inferred,20251021::20251021_mem-mito::1,91,4,1,20251021-plate91-slot4-roi1
20251021_mem-mito,fish5_24hpf_roi1,fish5_24hpf_roi1,fish5_24hpf_roi1,544.0,/clusterfs/vast/abcabc/Aang_Foundation/20251021_mem-mito/fish5_24hpf_roi1,aang,aang,aang,20251021,20251021_mem-mito,fish5_24hpf_roi1,fish5_24hpf_roi1,5.0,fish5,24hpf,24.0,roi1,1.0,,[],,20251021_mem-mito,,,,,,,,,,inferred,20251021,1,inferred,20251021::20251021_mem-mito::1,91,5,1,20251021-plate91-slot5-roi1
20251021_mem-mito,fish6_24hpf_roi1,fish6_24hpf_roi1,fish6_24hpf_roi1,544.0,/clusterfs/vast/abcabc/Aang_Foundation/20251021_mem-mito/fish6_24hpf_roi1,aang,aang,aang,20251021,20251021_mem-mito,fish6_24hpf_roi1,fish6_24hpf_roi1,6.0,fish6,24hpf,24.0,roi1,1.0,,[],,20251021_mem-mito,,,,,,,,,,inferred,20251021,1,inferred,20251021::20251021_mem-mito::1,91,6,1,20251021-plate91-slot6-roi1
20251021_mem-mito,fish6_24hpf_roi2,fish6_24hpf_roi2,fish6_24hpf_roi2,544.0,/clusterfs/vast/abcabc/Aang_Foundation/20251021_mem-mito/fish6_24hpf_roi2,aang,aang,aang,20251021,20251021_mem-mito,fish6_24hpf_roi2,fish6_24hpf_roi2,6.0,fish6,24hpf,24.0,roi2,2.0,,[],,20251021_mem-mito,,,,,,,,,,inferred,20251021,1,inferred,20251021::20251021_mem-mito::1,91,6,2,20251021-plate91-slot6-roi2
20251021_mem-mito_v2,fish1_24hpf_roi1,fish1_24hpf_roi1,fish1_24hpf_roi1,544.0,/clusterfs/vast/abcabc/Aang_Foundation/20251021_mem-mito_v2/fish1_24hpf_roi1,aang,aang,aang,20251021,20251021_mem-mito_v2,fish1_24hpf_roi1,fish1_24hpf_roi1,1.0,fish1,24hpf,24.0,roi1,1.0,,[],,20251021_mem-mito_v2,,,,,,,,,,inferred,20251021,1,inferred,20251021::20251021_mem-mito_v2::1,92,1,1,20251021-plate92-slot1-roi1
20251021_mem-mito_v2,fish2_24hpf_roi1,fish2_24hpf_roi1,fish2_24hpf_roi1,544.0,/clusterfs/vast/abcabc/Aang_Foundation/20251021_mem-mito_v2/fish2_24hpf_roi1,aang,aang,aang,20251021,20251021_mem-mito_v2,fish2_24hpf_roi1,fish2_24hpf_roi1,2.0,fish2,24hpf,24.0,roi1,1.0,,[],,20251021_mem-mito_v2,,,,,,,,,,inferred,20251021,1,inferred,20251021::20251021_mem-mito_v2::1,92,2,1,20251021-plate92-slot2-roi1
20251021_mem-mito_v2,fish2_24hpf_roi2,fish2_24hpf_roi2,fish2_24hpf_roi2,544.0,/clusterfs/vast/abcabc/Aang_Foundation/20251021_mem-mito_v2/fish2_24hpf_roi2,aang,aang,aang,20251021,20251021_mem-mito_v2,fish2_24hpf_roi2,fish2_24hpf_roi2,2.0,fish2,24hpf,24.0,roi2,2.0,,[],,20251021_mem-mito_v2,,,,,,,,,,inferred,20251021,1,inferred,20251021::20251021_mem-mito_v2::1,92,2,2,20251021-plate92-slot2-roi2
20251021_mem-mito_v2,fish4_24hpf_roi1,fish4_24hpf_roi1,fish4_24hpf_roi1,544.0,/clusterfs/vast/abcabc/Aang_Foundation/20251021_mem-mito_v2/fish4_24hpf_roi1,aang,aang,aang,20251021,20251021_mem-mito_v2,fish4_24hpf_roi1,fish4_24hpf_roi1,4.0,fish4,24hpf,24.0,roi1,1.0,,[],,20251021_mem-mito_v2,,,,,,,,,,inferred,20251021,1,inferred,20251021::20251021_mem-mito_v2::1,92,3,1,20251021-plate92-slot3-roi1
20251021_mem-mito_v2,fish4_24hpf_roi2,fish4_24hpf_roi2,fish4_24hpf_roi2,544.0,/clusterfs/vast/abcabc/Aang_Foundation/20251021_mem-mito_v2/fish4_24hpf_roi2,aang,aang,aang,20251021,20251021_mem-mito_v2,fish4_24hpf_roi2,fish4_24hpf_roi2,4.0,fish4,24hpf,24.0,roi2,2.0,,[],,20251021_mem-mito_v2,,,,,,,,,,inferred,20251021,1,inferred,20251021::20251021_mem-mito_v2::1,92,3,2,20251021-plate92-slot3-roi2
20251021_mem-mito_v2,fish4_24hpf_roi3,fish4_24hpf_roi3,fish4_24hpf_roi3,544.0,/clusterfs/vast/abcabc/Aang_Foundation/20251021_mem-mito_v2/fish4_24hpf_roi3,aang,aang,aang,20251021,20251021_mem-mito_v2,fish4_24hpf_roi3,fish4_24hpf_roi3,4.0,fish4,24hpf,24.0,roi3,3.0,,[],,20251021_mem-mito_v2,,,,,,,,,,inferred,20251021,1,inferred,20251021::20251021_mem-mito_v2::1,92,3,3,20251021-plate92-slot3-roi3
20251021_mem-mito_v2,fish4_24hpf_roi4,fish4_24hpf_roi4,fish4_24hpf_roi4,544.0,/clusterfs/vast/abcabc/Aang_Foundation/20251021_mem-mito_v2/fish4_24hpf_roi4,aang,aang,aang,20251021,20251021_mem-mito_v2,fish4_24hpf_roi4,fish4_24hpf_roi4,4.0,fish4,24hpf,24.0,roi4,4.0,,[],,20251021_mem-mito_v2,,,,,,,,,,inferred,20251021,1,inferred,20251021::20251021_mem-mito_v2::1,92,3,4,20251021-plate92-slot3-roi4
20251022_mem-mito,fish1_48hpf_roi1,fish1_48hpf_roi1,fish1_48hpf_roi1,544.0,/clusterfs/vast/abcabc/Aang_Foundation/20251022_mem-mito/fish1_48hpf_roi1,aang,aang,aang,20251022,20251022_mem-mito,fish1_48hpf_roi1,fish1_48hpf_roi1,1.0,fish1,48hpf,48.0,roi1,1.0,,[],,20251022_mem-mito,,,,,,,,,,inferred,20251022,1,inferred,20251022::20251022_mem-mito::1,93,1,1,20251022-plate93-slot1-roi1
20251022_mem-mito,fish3_48hpf_roi1,fish3_48hpf_roi1,fish3_48hpf_roi1,544.0,/clusterfs/vast/abcabc/Aang_Foundation/20251022_mem-mito/fish3_48hpf_roi1,aang,aang,aang,20251022,20251022_mem-mito,fish3_48hpf_roi1,fish3_48hpf_roi1,3.0,fish3,48hpf,48.0,roi1,1.0,,[],,20251022_mem-mito,,,,,,,,,,inferred,20251022,1,inferred,20251022::20251022_mem-mito::1,93,2,1,20251022-plate93-slot2-roi1
20251022_mem-mito,fish3_48hpf_roi2,fish3_48hpf_roi2,fish3_48hpf_roi2,544.0,/clusterfs/vast/abcabc/Aang_Foundation/20251022_mem-mito/fish3_48hpf_roi2,aang,aang,aang,20251022,20251022_mem-mito,fish3_48hpf_roi2,fish3_48hpf_roi2,3.0,fish3,48hpf,48.0,roi2,2.0,,[],,20251022_mem-mito,,,,,,,,,,inferred,20251022,1,inferred,20251022::20251022_mem-mito::1,93,2,2,20251022-plate93-slot2-roi2
20251022_mem-mito,fish4_48hpf_roi1,fish4_48hpf_roi1,fish4_48hpf_roi1,544.0,/clusterfs/vast/abcabc/Aang_Foundation/20251022_mem-mito/fish4_48hpf_roi1,aang,aang,aang,20251022,20251022_mem-mito,fish4_48hpf_roi1,fish4_48hpf_roi1,4.0,fish4,48hpf,48.0,roi1,1.0,,[],,20251022_mem-mito,,,,,,,,,,inferred,20251022,1,inferred,20251022::20251022_mem-mito::1,93,3,1,20251022-plate93-slot3-roi1
20251023_mem-mito,fish1_24hpf_roi1,fish1_24hpf_roi1,fish1_24hpf_roi1,544.0,/clusterfs/vast/abcabc/Aang_Foundation/20251023_mem-mito/fish1_24hpf_roi1,aang,aang,aang,20251023,20251023_mem-mito,fish1_24hpf_roi1,fish1_24hpf_roi1,1.0,fish1,24hpf,24.0,roi1,1.0,,[],,20251023_mem-mito,,,,,,,,,,inferred,20251023,1,inferred,20251023::20251023_mem-mito::1,94,1,1,20251023-plate94-slot1-roi1
20251023_mem-mito,fish1_24hpf_roi2,fish1_24hpf_roi2,fish1_24hpf_roi2,544.0,/clusterfs/vast/abcabc/Aang_Foundation/20251023_mem-mito/fish1_24hpf_roi2,aang,aang,aang,20251023,20251023_mem-mito,fish1_24hpf_roi2,fish1_24hpf_roi2,1.0,fish1,24hpf,24.0,roi2,2.0,,[],,20251023_mem-mito,,,,,,,,,,inferred,20251023,1,inferred,20251023::20251023_mem-mito::1,94,1,2,20251023-plate94-slot1-roi2
20251023_mem-mito,fish3_24hpf_roi1,fish3_24hpf_roi1,fish3_24hpf_roi1,544.0,/clusterfs/vast/abcabc/Aang_Foundation/20251023_mem-mito/fish3_24hpf_roi1,aang,aang,aang,20251023,20251023_mem-mito,fish3_24hpf_roi1,fish3_24hpf_roi1,3.0,fish3,24hpf,24.0,roi1,1.0,,[],,20251023_mem-mito,,,,,,,,,,inferred,20251023,1,inferred,20251023::20251023_mem-mito::1,94,2,1,20251023-plate94-slot2-roi1
20251027_mem-histone,fish1_120hpf_roi1,fish1_120hpf_roi1,fish1_120hpf_roi1,4608.0,/clusterfs/vast/abcabc/Aang_Foundation/20251027_mem-histone/fish1_120hpf_roi1,aang,aang,aang,20251027,20251027_mem-histone,fish1_120hpf_roi1,fish1_120hpf_roi1,1.0,fish1,120hpf,120.0,roi1,1.0,,[],,20251027_mem-histone,,,,,,,,,,inferred,20251027,1,inferred,20251027::20251027_mem-histone::1,54,1,1,20251027-plate54-slot1-roi1
20251027_mem-histone,fish1_120hpf_roi2,fish1_120hpf_roi2,fish1_120hpf_roi2,4608.0,/clusterfs/vast/abcabc/Aang_Foundation/20251027_mem-histone/fish1_120hpf_roi2,aang,aang,aang,20251027,20251027_mem-histone,fish1_120hpf_roi2,fish1_120hpf_roi2,1.0,fish1,120hpf,120.0,roi2,2.0,,[],,20251027_mem-histone,,,,,,,,,,inferred,20251027,1,inferred,20251027::20251027_mem-histone::1,54,1,2,20251027-plate54-slot1-roi2
20251027_mem-histone,fish3_120hpf_roi1,fish3_120hpf_roi1,fish3_120hpf_roi1,4608.0,/clusterfs/vast/abcabc/Aang_Foundation/20251027_mem-histone/fish3_120hpf_roi1,aang,aang,aang,20251027,20251027_mem-histone,fish3_120hpf_roi1,fish3_120hpf_roi1,3.0,fish3,120hpf,120.0,roi1,1.0,,[],,20251027_mem-histone,,,,,,,,,,inferred,20251027,1,inferred,20251027::20251027_mem-histone::1,54,2,1,20251027-plate54-slot2-roi1
20251027_mem-histone,fish3_120hpf_roi2,fish3_120hpf_roi2,fish3_120hpf_roi2,4608.0,/clusterfs/vast/abcabc/Aang_Foundation/20251027_mem-histone/fish3_120hpf_roi2,aang,aang,aang,20251027,20251027_mem-histone,fish3_120hpf_roi2,fish3_120hpf_roi2,3.0,fish3,120hpf,120.0,roi2,2.0,,[],,20251027_mem-histone,,,,,,,,,,inferred,20251027,1,inferred,20251027::20251027_mem-histone::1,54,2,2,20251027-plate54-slot2-roi2
20251027_mem-histone,fish3_120hpf_roi3,fish3_120hpf_roi3,fish3_120hpf_roi3,4608.0,/clusterfs/vast/abcabc/Aang_Foundation/20251027_mem-histone/fish3_120hpf_roi3,aang,aang,aang,20251027,20251027_mem-histone,fish3_120hpf_roi3,fish3_120hpf_roi3,3.0,fish3,120hpf,120.0,roi3,3.0,,[],,20251027_mem-histone,,,,,,,,,,inferred,20251027,1,inferred,20251027::20251027_mem-histone::1,54,2,3,20251027-plate54-slot2-roi3
20251027_mem-histone,fish3_120hpf_roi4,fish3_120hpf_roi4,fish3_120hpf_roi4,4608.0,/clusterfs/vast/abcabc/Aang_Foundation/20251027_mem-histone/fish3_120hpf_roi4,aang,aang,aang,20251027,20251027_mem-histone,fish3_120hpf_roi4,fish3_120hpf_roi4,3.0,fish3,120hpf,120.0,roi4,4.0,,[],,20251027_mem-histone,,,,,,,,,,inferred,20251027,1,inferred,20251027::20251027_mem-histone::1,54,2,4,20251027-plate54-slot2-roi4
20251027_mem-histone,fish3_120hpf_roi5,fish3_120hpf_roi5,fish3_120hpf_roi5,4608.0,/clusterfs/vast/abcabc/Aang_Foundation/20251027_mem-histone/fish3_120hpf_roi5,aang,aang,aang,20251027,20251027_mem-histone,fish3_120hpf_roi5,fish3_120hpf_roi5,3.0,fish3,120hpf,120.0,roi5,5.0,,[],,20251027_mem-histone,,,,,,,,,,inferred,20251027,1,inferred,20251027::20251027_mem-histone::1,54,2,5,20251027-plate54-slot2-roi5
20251027_mem-histone,fish3_120hpf_roi6,fish3_120hpf_roi6,fish3_120hpf_roi6,4608.0,/clusterfs/vast/abcabc/Aang_Foundation/20251027_mem-histone/fish3_120hpf_roi6,aang,aang,aang,20251027,20251027_mem-histone,fish3_120hpf_roi6,fish3_120hpf_roi6,3.0,fish3,120hpf,120.0,roi6,6.0,,[],,20251027_mem-histone,,,,,,,,,,inferred,20251027,1,inferred,20251027::20251027_mem-histone::1,54,2,6,20251027-plate54-slot2-roi6
20251027_mem-histone,fish3_120hpf_roi7,fish3_120hpf_roi7,fish3_120hpf_roi7,4608.0,/clusterfs/vast/abcabc/Aang_Foundation/20251027_mem-histone/fish3_120hpf_roi7,aang,aang,aang,20251027,20251027_mem-histone,fish3_120hpf_roi7,fish3_120hpf_roi7,3.0,fish3,120hpf,120.0,roi7,7.0,,[],,20251027_mem-histone,,,,,,,,,,inferred,20251027,1,inferred,20251027::20251027_mem-histone::1,54,2,7,20251027-plate54-slot2-roi7
20251028_mem-mito,fish1_24hpf_roi1,fish1_24hpf_roi1,fish1_24hpf_roi1,989.0,/clusterfs/vast/abcabc/Aang_Foundation/20251028_mem-mito/fish1_24hpf_roi1,aang,aang,aang,20251028,20251028_mem-mito,fish1_24hpf_roi1,fish1_24hpf_roi1,1.0,fish1,24hpf,24.0,roi1,1.0,,[],,20251028_mem-mito,,,,,,,,,,inferred,20251028,1,inferred,20251028::20251028_mem-mito::1,95,1,1,20251028-plate95-slot1-roi1
20251028_mem-peroxi,fish1_24hpf_roi1,fish1_24hpf_roi1,fish1_24hpf_roi1,1911.0,/clusterfs/vast/abcabc/Aang_Foundation/20251028_mem-peroxi/fish1_24hpf_roi1,aang,aang,aang,20251028,20251028_mem-peroxi,fish1_24hpf_roi1,fish1_24hpf_roi1,1.0,fish1,24hpf,24.0,roi1,1.0,,[],,20251028_mem-peroxi,,,,,,,,,,inferred,20251028,1,inferred,20251028::20251028_mem-peroxi::1,96,1,1,20251028-plate96-slot1-roi1
20251028_mem-peroxi,fish4_24hpf_roi1,fish4_24hpf_roi1,fish4_24hpf_roi1,612.0,/clusterfs/vast/abcabc/Aang_Foundation/20251028_mem-peroxi/fish4_24hpf_roi1,aang,aang,aang,20251028,20251028_mem-peroxi,fish4_24hpf_roi1,fish4_24hpf_roi1,4.0,fish4,24hpf,24.0,roi1,1.0,,[],,20251028_mem-peroxi,,,,,,,,,,inferred,20251028,1,inferred,20251028::20251028_mem-peroxi::1,96,2,1,20251028-plate96-slot2-roi1
20251028_mem-peroxi,fish4_24hpf_roi2,fish4_24hpf_roi2,fish4_24hpf_roi2,612.0,/clusterfs/vast/abcabc/Aang_Foundation/20251028_mem-peroxi/fish4_24hpf_roi2,aang,aang,aang,20251028,20251028_mem-peroxi,fish4_24hpf_roi2,fish4_24hpf_roi2,4.0,fish4,24hpf,24.0,roi2,2.0,,[],,20251028_mem-peroxi,,,,,,,,,,inferred,20251028,1,inferred,20251028::20251028_mem-peroxi::1,96,2,2,20251028-plate96-slot2-roi2
20251028_mem-peroxi,fish5_24hpf_roi1,fish5_24hpf_roi1,fish5_24hpf_roi1,612.0,/clusterfs/vast/abcabc/Aang_Foundation/20251028_mem-peroxi/fish5_24hpf_roi1,aang,aang,aang,20251028,20251028_mem-peroxi,fish5_24hpf_roi1,fish5_24hpf_roi1,5.0,fish5,24hpf,24.0,roi1,1.0,,[],,20251028_mem-peroxi,,,,,,,,,,inferred,20251028,1,inferred,20251028::20251028_mem-peroxi::1,96,3,1,20251028-plate96-slot3-roi1
20251028_mem-peroxi,fish5_24hpf_roi2,fish5_24hpf_roi2,fish5_24hpf_roi2,612.0,/clusterfs/vast/abcabc/Aang_Foundation/20251028_mem-peroxi/fish5_24hpf_roi2,aang,aang,aang,20251028,20251028_mem-peroxi,fish5_24hpf_roi2,fish5_24hpf_roi2,5.0,fish5,24hpf,24.0,roi2,2.0,,[],,20251028_mem-peroxi,,,,,,,,,,inferred,20251028,1,inferred,20251028::20251028_mem-peroxi::1,96,3,2,20251028-plate96-slot3-roi2
20251028_mem-peroxi2,fish1_24hpf_roi1,fish1_24hpf_roi1,fish1_24hpf_roi1,612.0,/clusterfs/vast/abcabc/Aang_Foundation/20251028_mem-peroxi2/fish1_24hpf_roi1,aang,aang,aang,20251028,20251028_mem-peroxi2,fish1_24hpf_roi1,fish1_24hpf_roi1,1.0,fish1,24hpf,24.0,roi1,1.0,,[],,20251028_mem-peroxi2,,,,,,,,,,inferred,20251028,1,inferred,20251028::20251028_mem-peroxi2::1,97,1,1,20251028-plate97-slot1-roi1
20251028_mem-peroxi2,fish2_24hpf_roi1,fish2_24hpf_roi1,fish2_24hpf_roi1,612.0,/clusterfs/vast/abcabc/Aang_Foundation/20251028_mem-peroxi2/fish2_24hpf_roi1,aang,aang,aang,20251028,20251028_mem-peroxi2,fish2_24hpf_roi1,fish2_24hpf_roi1,2.0,fish2,24hpf,24.0,roi1,1.0,,[],,20251028_mem-peroxi2,,,,,,,,,,inferred,20251028,1,inferred,20251028::20251028_mem-peroxi2::1,97,2,1,20251028-plate97-slot2-roi1
20251028_mem-peroxi2,fish4_24hpf_roi1,fish4_24hpf_roi1,fish4_24hpf_roi1,612.0,/clusterfs/vast/abcabc/Aang_Foundation/20251028_mem-peroxi2/fish4_24hpf_roi1,aang,aang,aang,20251028,20251028_mem-peroxi2,fish4_24hpf_roi1,fish4_24hpf_roi1,4.0,fish4,24hpf,24.0,roi1,1.0,,[],,20251028_mem-peroxi2,,,,,,,,,,inferred,20251028,1,inferred,20251028::20251028_mem-peroxi2::1,97,3,1,20251028-plate97-slot3-roi1
20251028_mem-peroxi2,fish5_24hpf_roi1,fish5_24hpf_roi1,fish5_24hpf_roi1,816.0,/clusterfs/vast/abcabc/Aang_Foundation/20251028_mem-peroxi2/fish5_24hpf_roi1,aang,aang,aang,20251028,20251028_mem-peroxi2,fish5_24hpf_roi1,fish5_24hpf_roi1,5.0,fish5,24hpf,24.0,roi1,1.0,,[],,20251028_mem-peroxi2,,,,,,,,,,inferred,20251028,1,inferred,20251028::20251028_mem-peroxi2::1,97,4,1,20251028-plate97-slot4-roi1
20251028_mem-peroxi2,fish6_24hpf_roi1,fish6_24hpf_roi1,fish6_24hpf_roi1,816.0,/clusterfs/vast/abcabc/Aang_Foundation/20251028_mem-peroxi2/fish6_24hpf_roi1,aang,aang,aang,20251028,20251028_mem-peroxi2,fish6_24hpf_roi1,fish6_24hpf_roi1,6.0,fish6,24hpf,24.0,roi1,1.0,,[],,20251028_mem-peroxi2,,,,,,,,,,inferred,20251028,1,inferred,20251028::20251028_mem-peroxi2::1,97,5,1,20251028-plate97-slot5-roi1
20251029_peroxi,fish1_roi1,fish1_roi1,fish1_roi1,2.0,/clusterfs/vast/abcabc/Aang_Foundation/20251029_peroxi/fish1_roi1,aang,aang,aang,20251029,20251029_peroxi,fish1_roi1,fish1_roi1,1.0,fish1,,,roi1,1.0,,[],,20251029_peroxi,,,,,,,,,,inferred,20251029,1,inferred,20251029::20251029_peroxi::1,98,1,1,20251029-plate98-slot1-roi1
20251105_mem-mito,fish1_24hpf_roi1,fish1_24hpf_roi1,fish1_24hpf_roi1,408.0,/clusterfs/vast/abcabc/Aang_Foundation/20251105_mem-mito/fish1_24hpf_roi1,aang,aang,aang,20251105,20251105_mem-mito,fish1_24hpf_roi1,fish1_24hpf_roi1,1.0,fish1,24hpf,24.0,roi1,1.0,,[],,20251105_mem-mito,,,,,,,,,,inferred,20251105,1,inferred,20251105::20251105_mem-mito::1,99,1,1,20251105-plate99-slot1-roi1
20251105_mem-mito,fish2_24hpf_roi1,fish2_24hpf_roi1,fish2_24hpf_roi1,408.0,/clusterfs/vast/abcabc/Aang_Foundation/20251105_mem-mito/fish2_24hpf_roi1,aang,aang,aang,20251105,20251105_mem-mito,fish2_24hpf_roi1,fish2_24hpf_roi1,2.0,fish2,24hpf,24.0,roi1,1.0,,[],,20251105_mem-mito,,,,,,,,,,inferred,20251105,1,inferred,20251105::20251105_mem-mito::1,99,2,1,20251105-plate99-slot2-roi1
20251105_mem-mito,fish2_24hpf_roi2,fish2_24hpf_roi2,fish2_24hpf_roi2,340.0,/clusterfs/vast/abcabc/Aang_Foundation/20251105_mem-mito/fish2_24hpf_roi2,aang,aang,aang,20251105,20251105_mem-mito,fish2_24hpf_roi2,fish2_24hpf_roi2,2.0,fish2,24hpf,24.0,roi2,2.0,,[],,20251105_mem-mito,,,,,,,,,,inferred,20251105,1,inferred,20251105::20251105_mem-mito::1,99,2,2,20251105-plate99-slot2-roi2
20251105_mem-mito,fish3_24hpf_roi1,fish3_24hpf_roi1,fish3_24hpf_roi1,272.0,/clusterfs/vast/abcabc/Aang_Foundation/20251105_mem-mito/fish3_24hpf_roi1,aang,aang,aang,20251105,20251105_mem-mito,fish3_24hpf_roi1,fish3_24hpf_roi1,3.0,fish3,24hpf,24.0,roi1,1.0,,[],,20251105_mem-mito,,,,,,,,,,inferred,20251105,1,inferred,20251105::20251105_mem-mito::1,99,3,1,20251105-plate99-slot3-roi1
20251105_mem-mito,fish3_24hpf_roi2,fish3_24hpf_roi2,fish3_24hpf_roi2,272.0,/clusterfs/vast/abcabc/Aang_Foundation/20251105_mem-mito/fish3_24hpf_roi2,aang,aang,aang,20251105,20251105_mem-mito,fish3_24hpf_roi2,fish3_24hpf_roi2,3.0,fish3,24hpf,24.0,roi2,2.0,,[],,20251105_mem-mito,,,,,,,,,,inferred,20251105,1,inferred,20251105::20251105_mem-mito::1,99,3,2,20251105-plate99-slot3-roi2
20251105_mem-mito,fish4_24hpf_roi1,fish4_24hpf_roi1,fish4_24hpf_roi1,272.0,/clusterfs/vast/abcabc/Aang_Foundation/20251105_mem-mito/fish4_24hpf_roi1,aang,aang,aang,20251105,20251105_mem-mito,fish4_24hpf_roi1,fish4_24hpf_roi1,4.0,fish4,24hpf,24.0,roi1,1.0,,[],,20251105_mem-mito,,,,,,,,,,inferred,20251105,1,inferred,20251105::20251105_mem-mito::1,99,4,1,20251105-plate99-slot4-roi1
20251105_mem-mito,fish4_24hpf_roi2,fish4_24hpf_roi2,fish4_24hpf_roi2,272.0,/clusterfs/vast/abcabc/Aang_Foundation/20251105_mem-mito/fish4_24hpf_roi2,aang,aang,aang,20251105,20251105_mem-mito,fish4_24hpf_roi2,fish4_24hpf_roi2,4.0,fish4,24hpf,24.0,roi2,2.0,,[],,20251105_mem-mito,,,,,,,,,,inferred,20251105,1,inferred,20251105::20251105_mem-mito::1,99,4,2,20251105-plate99-slot4-roi2
20251105_mem-mito,fish5_24hpf_roi1,fish5_24hpf_roi1,fish5_24hpf_roi1,272.0,/clusterfs/vast/abcabc/Aang_Foundation/20251105_mem-mito/fish5_24hpf_roi1,aang,aang,aang,20251105,20251105_mem-mito,fish5_24hpf_roi1,fish5_24hpf_roi1,5.0,fish5,24hpf,24.0,roi1,1.0,,[],,20251105_mem-mito,,,,,,,,,,inferred,20251105,1,inferred,20251105::20251105_mem-mito::1,99,5,1,20251105-plate99-slot5-roi1
20251105_mem-mito,fish5_24hpf_roi2,fish5_24hpf_roi2,fish5_24hpf_roi2,272.0,/clusterfs/vast/abcabc/Aang_Foundation/20251105_mem-mito/fish5_24hpf_roi2,aang,aang,aang,20251105,20251105_mem-mito,fish5_24hpf_roi2,fish5_24hpf_roi2,5.0,fish5,24hpf,24.0,roi2,2.0,,[],,20251105_mem-mito,,,,,,,,,,inferred,20251105,1,inferred,20251105::20251105_mem-mito::1,99,5,2,20251105-plate99-slot5-roi2
20251106_mem-mito,fish1_48hpf_roi1,fish1_48hpf_roi1,fish1_48hpf_roi1,272.0,/clusterfs/vast/abcabc/Aang_Foundation/20251106_mem-mito/fish1_48hpf_roi1,aang,aang,aang,20251106,20251106_mem-mito,fish1_48hpf_roi1,fish1_48hpf_roi1,1.0,fish1,48hpf,48.0,roi1,1.0,,[],,20251106_mem-mito,,,,,,,,,,inferred,20251106,1,inferred,20251106::20251106_mem-mito::1,56,1,2,20251106-plate56-slot1-roi2
20251106_mem-mito,fish1_48hpf_roi2,fish1_48hpf_roi2,fish1_48hpf_roi2,544.0,/clusterfs/vast/abcabc/Aang_Foundation/20251106_mem-mito/fish1_48hpf_roi2,aang,aang,aang,20251106,20251106_mem-mito,fish1_48hpf_roi2,fish1_48hpf_roi2,1.0,fish1,48hpf,48.0,roi2,2.0,,[],,20251106_mem-mito,,,,,,,,,,inferred,20251106,1,inferred,20251106::20251106_mem-mito::1,56,1,4,20251106-plate56-slot1-roi4
20251106_mem-mito,fish2_48hpf_roi1,fish2_48hpf_roi1,fish2_48hpf_roi1,272.0,/clusterfs/vast/abcabc/Aang_Foundation/20251106_mem-mito/fish2_48hpf_roi1,aang,aang,aang,20251106,20251106_mem-mito,fish2_48hpf_roi1,fish2_48hpf_roi1,2.0,fish2,48hpf,48.0,roi1,1.0,,[],,20251106_mem-mito,,,,,,,,,,inferred,20251106,1,inferred,20251106::20251106_mem-mito::1,56,2,2,20251106-plate56-slot2-roi2
20251106_mem-mito,fish2_48hpf_roi2,fish2_48hpf_roi2,fish2_48hpf_roi2,272.0,/clusterfs/vast/abcabc/Aang_Foundation/20251106_mem-mito/fish2_48hpf_roi2,aang,aang,aang,20251106,20251106_mem-mito,fish2_48hpf_roi2,fish2_48hpf_roi2,2.0,fish2,48hpf,48.0,roi2,2.0,,[],,20251106_mem-mito,,,,,,,,,,inferred,20251106,1,inferred,20251106::20251106_mem-mito::1,56,2,4,20251106-plate56-slot2-roi4
20251106_mem-mito,fish2_48hpf_roi3,fish2_48hpf_roi3,fish2_48hpf_roi3,272.0,/clusterfs/vast/abcabc/Aang_Foundation/20251106_mem-mito/fish2_48hpf_roi3,aang,aang,aang,20251106,20251106_mem-mito,fish2_48hpf_roi3,fish2_48hpf_roi3,2.0,fish2,48hpf,48.0,roi3,3.0,,[],,20251106_mem-mito,,,,,,,,,,inferred,20251106,1,inferred,20251106::20251106_mem-mito::1,56,2,6,20251106-plate56-slot2-roi6
20251106_mem-mito,fish2_48hpf_roi4,fish2_48hpf_roi4,fish2_48hpf_roi4,272.0,/clusterfs/vast/abcabc/Aang_Foundation/20251106_mem-mito/fish2_48hpf_roi4,aang,aang,aang,20251106,20251106_mem-mito,fish2_48hpf_roi4,fish2_48hpf_roi4,2.0,fish2,48hpf,48.0,roi4,4.0,,[],,20251106_mem-mito,,,,,,,,,,inferred,20251106,1,inferred,20251106::20251106_mem-mito::1,56,2,8,20251106-plate56-slot2-roi8
20251106_mem-mito,fish3_48hpf_roi1,fish3_48hpf_roi1,fish3_48hpf_roi1,272.0,/clusterfs/vast/abcabc/Aang_Foundation/20251106_mem-mito/fish3_48hpf_roi1,aang,aang,aang,20251106,20251106_mem-mito,fish3_48hpf_roi1,fish3_48hpf_roi1,3.0,fish3,48hpf,48.0,roi1,1.0,,[],,20251106_mem-mito,,,,,,,,,,inferred,20251106,1,inferred,20251106::20251106_mem-mito::1,56,3,1,20251106-plate56-slot3-roi1
20251106_mem-mito,fish3_48hpf_roi2,fish3_48hpf_roi2,fish3_48hpf_roi2,272.0,/clusterfs/vast/abcabc/Aang_Foundation/20251106_mem-mito/fish3_48hpf_roi2,aang,aang,aang,20251106,20251106_mem-mito,fish3_48hpf_roi2,fish3_48hpf_roi2,3.0,fish3,48hpf,48.0,roi2,2.0,,[],,20251106_mem-mito,,,,,,,,,,inferred,20251106,1,inferred,20251106::20251106_mem-mito::1,56,3,2,20251106-plate56-slot3-roi2
20251106_mem-mito,fish3_48hpf_roi3,fish3_48hpf_roi3,fish3_48hpf_roi3,272.0,/clusterfs/vast/abcabc/Aang_Foundation/20251106_mem-mito/fish3_48hpf_roi3,aang,aang,aang,20251106,20251106_mem-mito,fish3_48hpf_roi3,fish3_48hpf_roi3,3.0,fish3,48hpf,48.0,roi3,3.0,,[],,20251106_mem-mito,,,,,,,,,,inferred,20251106,1,inferred,20251106::20251106_mem-mito::1,56,3,3,20251106-plate56-slot3-roi3
20251106_mem-mito,fish4_48hpf_roi1,fish4_48hpf_roi1,fish4_48hpf_roi1,272.0,/clusterfs/vast/abcabc/Aang_Foundation/20251106_mem-mito/fish4_48hpf_roi1,aang,aang,aang,20251106,20251106_mem-mito,fish4_48hpf_roi1,fish4_48hpf_roi1,4.0,fish4,48hpf,48.0,roi1,1.0,,[],,20251106_mem-mito,,,,,,,,,,inferred,20251106,1,inferred,20251106::20251106_mem-mito::1,56,4,1,20251106-plate56-slot4-roi1
20251106_mem-mito,fish4_48hpf_roi2,fish4_48hpf_roi2,fish4_48hpf_roi2,272.0,/clusterfs/vast/abcabc/Aang_Foundation/20251106_mem-mito/fish4_48hpf_roi2,aang,aang,aang,20251106,20251106_mem-mito,fish4_48hpf_roi2,fish4_48hpf_roi2,4.0,fish4,48hpf,48.0,roi2,2.0,,[],,20251106_mem-mito,,,,,,,,,,inferred,20251106,1,inferred,20251106::20251106_mem-mito::1,56,4,2,20251106-plate56-slot4-roi2
20251106_mem-mito,fish4_48hpf_roi3,fish4_48hpf_roi3,fish4_48hpf_roi3,272.0,/clusterfs/vast/abcabc/Aang_Foundation/20251106_mem-mito/fish4_48hpf_roi3,aang,aang,aang,20251106,20251106_mem-mito,fish4_48hpf_roi3,fish4_48hpf_roi3,4.0,fish4,48hpf,48.0,roi3,3.0,,[],,20251106_mem-mito,,,,,,,,,,inferred,20251106,1,inferred,20251106::20251106_mem-mito::1,56,4,3,20251106-plate56-slot4-roi3
20251106_mem-mito,fish4_48hpf_roi4,fish4_48hpf_roi4,fish4_48hpf_roi4,272.0,/clusterfs/vast/abcabc/Aang_Foundation/20251106_mem-mito/fish4_48hpf_roi4,aang,aang,aang,20251106,20251106_mem-mito,fish4_48hpf_roi4,fish4_48hpf_roi4,4.0,fish4,48hpf,48.0,roi4,4.0,,[],,20251106_mem-mito,,,,,,,,,,inferred,20251106,1,inferred,20251106::20251106_mem-mito::1,56,4,4,20251106-plate56-slot4-roi4
20251106_mem-mito,fish5_48hpf_roi1,fish5_48hpf_roi1,fish5_48hpf_roi1,272.0,/clusterfs/vast/abcabc/Aang_Foundation/20251106_mem-mito/fish5_48hpf_roi1,aang,aang,aang,20251106,20251106_mem-mito,fish5_48hpf_roi1,fish5_48hpf_roi1,5.0,fish5,48hpf,48.0,roi1,1.0,,[],,20251106_mem-mito,,,,,,,,,,inferred,20251106,1,inferred,20251106::20251106_mem-mito::1,56,5,1,20251106-plate56-slot5-roi1
20251106_mem-mito,fish5_48hpf_roi2,fish5_48hpf_roi2,fish5_48hpf_roi2,272.0,/clusterfs/vast/abcabc/Aang_Foundation/20251106_mem-mito/fish5_48hpf_roi2,aang,aang,aang,20251106,20251106_mem-mito,fish5_48hpf_roi2,fish5_48hpf_roi2,5.0,fish5,48hpf,48.0,roi2,2.0,,[],,20251106_mem-mito,,,,,,,,,,inferred,20251106,1,inferred,20251106::20251106_mem-mito::1,56,5,2,20251106-plate56-slot5-roi2
20251106_mem-mito,fish5_48hpf_roi3,fish5_48hpf_roi3,fish5_48hpf_roi3,272.0,/clusterfs/vast/abcabc/Aang_Foundation/20251106_mem-mito/fish5_48hpf_roi3,aang,aang,aang,20251106,20251106_mem-mito,fish5_48hpf_roi3,fish5_48hpf_roi3,5.0,fish5,48hpf,48.0,roi3,3.0,,[],,20251106_mem-mito,,,,,,,,,,inferred,20251106,1,inferred,20251106::20251106_mem-mito::1,56,5,3,20251106-plate56-slot5-roi3
20251107_mem-mito,fish1_24hpf_roi1,fish1_24hpf_roi1,fish1_24hpf_roi1,37.0,/clusterfs/vast/abcabc/Aang_Foundation/20251107_mem-mito/fish1_24hpf_roi1,aang,aang,aang,20251107,20251107_mem-mito,fish1_24hpf_roi1,fish1_24hpf_roi1,1.0,fish1,24hpf,24.0,roi1,1.0,,[],,20251107_mem-mito,,,,,,,,,,inferred,20251107,1,inferred,20251107::20251107_mem-mito::1,100,1,1,20251107-plate100-slot1-roi1
20251107_mem-mito,fish1_24hpf_roi1-2,fish1_24hpf_roi1-2,fish1_24hpf_roi1-2,400.0,/clusterfs/vast/abcabc/Aang_Foundation/20251107_mem-mito/fish1_24hpf_roi1-2,aang,aang,aang,20251107,20251107_mem-mito,fish1_24hpf_roi1-2,fish1_24hpf_roi1-2,1.0,fish1,24hpf,24.0,,,roi1-2,"['fish1', 'roi1-2']",fish1|roi1-2,20251107_mem-mito,,,,,,,,,,inferred,20251107,1,inferred,20251107::20251107_mem-mito::1,100,1,2,20251107-plate100-slot1-roi2
20251107_mem-mito,fish1_24hpf_roi2,fish1_24hpf_roi2,fish1_24hpf_roi2,400.0,/clusterfs/vast/abcabc/Aang_Foundation/20251107_mem-mito/fish1_24hpf_roi2,aang,aang,aang,20251107,20251107_mem-mito,fish1_24hpf_roi2,fish1_24hpf_roi2,1.0,fish1,24hpf,24.0,roi2,2.0,,[],,20251107_mem-mito,,,,,,,,,,inferred,20251107,1,inferred,20251107::20251107_mem-mito::1,100,1,3,20251107-plate100-slot1-roi3
20251107_mem-mito,fish1_24hpf_roi3,fish1_24hpf_roi3,fish1_24hpf_roi3,115.0,/clusterfs/vast/abcabc/Aang_Foundation/20251107_mem-mito/fish1_24hpf_roi3,aang,aang,aang,20251107,20251107_mem-mito,fish1_24hpf_roi3,fish1_24hpf_roi3,1.0,fish1,24hpf,24.0,roi3,3.0,,[],,20251107_mem-mito,,,,,,,,,,inferred,20251107,1,inferred,20251107::20251107_mem-mito::1,100,1,4,20251107-plate100-slot1-roi4
20251107_mem-mito,fish2_24hpf_roi3,fish2_24hpf_roi3,fish2_24hpf_roi3,400.0,/clusterfs/vast/abcabc/Aang_Foundation/20251107_mem-mito/fish2_24hpf_roi3,aang,aang,aang,20251107,20251107_mem-mito,fish2_24hpf_roi3,fish2_24hpf_roi3,2.0,fish2,24hpf,24.0,roi3,3.0,,[],,20251107_mem-mito,,,,,,,,,,inferred,20251107,1,inferred,20251107::20251107_mem-mito::1,100,2,1,20251107-plate100-slot2-roi1
20251107_mem-mito,fish3_24hpf_roi1,fish3_24hpf_roi1,fish3_24hpf_roi1,400.0,/clusterfs/vast/abcabc/Aang_Foundation/20251107_mem-mito/fish3_24hpf_roi1,aang,aang,aang,20251107,20251107_mem-mito,fish3_24hpf_roi1,fish3_24hpf_roi1,3.0,fish3,24hpf,24.0,roi1,1.0,,[],,20251107_mem-mito,,,,,,,,,,inferred,20251107,1,inferred,20251107::20251107_mem-mito::1,100,3,1,20251107-plate100-slot3-roi1
20251107_mem-mito,fish3_24hpf_roi2,fish3_24hpf_roi2,fish3_24hpf_roi2,400.0,/clusterfs/vast/abcabc/Aang_Foundation/20251107_mem-mito/fish3_24hpf_roi2,aang,aang,aang,20251107,20251107_mem-mito,fish3_24hpf_roi2,fish3_24hpf_roi2,3.0,fish3,24hpf,24.0,roi2,2.0,,[],,20251107_mem-mito,,,,,,,,,,inferred,20251107,1,inferred,20251107::20251107_mem-mito::1,100,3,2,20251107-plate100-slot3-roi2
20251107_mem-mito,fish4_24hpf_roi1,fish4_24hpf_roi1,fish4_24hpf_roi1,400.0,/clusterfs/vast/abcabc/Aang_Foundation/20251107_mem-mito/fish4_24hpf_roi1,aang,aang,aang,20251107,20251107_mem-mito,fish4_24hpf_roi1,fish4_24hpf_roi1,4.0,fish4,24hpf,24.0,roi1,1.0,,[],,20251107_mem-mito,,,,,,,,,,inferred,20251107,1,inferred,20251107::20251107_mem-mito::1,100,4,1,20251107-plate100-slot4-roi1
20251107_mem-mito,fish4_24hpf_roi2,fish4_24hpf_roi2,fish4_24hpf_roi2,400.0,/clusterfs/vast/abcabc/Aang_Foundation/20251107_mem-mito/fish4_24hpf_roi2,aang,aang,aang,20251107,20251107_mem-mito,fish4_24hpf_roi2,fish4_24hpf_roi2,4.0,fish4,24hpf,24.0,roi2,2.0,,[],,20251107_mem-mito,,,,,,,,,,inferred,20251107,1,inferred,20251107::20251107_mem-mito::1,100,4,2,20251107-plate100-slot4-roi2
20251107_mem-mito,fish5_24hpf_roi1,fish5_24hpf_roi1,fish5_24hpf_roi1,400.0,/clusterfs/vast/abcabc/Aang_Foundation/20251107_mem-mito/fish5_24hpf_roi1,aang,aang,aang,20251107,20251107_mem-mito,fish5_24hpf_roi1,fish5_24hpf_roi1,5.0,fish5,24hpf,24.0,roi1,1.0,,[],,20251107_mem-mito,,,,,,,,,,inferred,20251107,1,inferred,20251107::20251107_mem-mito::1,100,5,1,20251107-plate100-slot5-roi1
20251107_mem-mito,fish5_24hpf_roi2,fish5_24hpf_roi2,fish5_24hpf_roi2,400.0,/clusterfs/vast/abcabc/Aang_Foundation/20251107_mem-mito/fish5_24hpf_roi2,aang,aang,aang,20251107,20251107_mem-mito,fish5_24hpf_roi2,fish5_24hpf_roi2,5.0,fish5,24hpf,24.0,roi2,2.0,,[],,20251107_mem-mito,,,,,,,,,,inferred,20251107,1,inferred,20251107::20251107_mem-mito::1,100,5,2,20251107-plate100-slot5-roi2
20251107_mem-mito,fish6_24hpf_roi1,fish6_24hpf_roi1,fish6_24hpf_roi1,400.0,/clusterfs/vast/abcabc/Aang_Foundation/20251107_mem-mito/fish6_24hpf_roi1,aang,aang,aang,20251107,20251107_mem-mito,fish6_24hpf_roi1,fish6_24hpf_roi1,6.0,fish6,24hpf,24.0,roi1,1.0,,[],,20251107_mem-mito,,,,,,,,,,inferred,20251107,1,inferred,20251107::20251107_mem-mito::1,100,6,1,20251107-plate100-slot6-roi1
20251107_mem-mito,fish6_24hpf_roi2,fish6_24hpf_roi2,fish6_24hpf_roi2,400.0,/clusterfs/vast/abcabc/Aang_Foundation/20251107_mem-mito/fish6_24hpf_roi2,aang,aang,aang,20251107,20251107_mem-mito,fish6_24hpf_roi2,fish6_24hpf_roi2,6.0,fish6,24hpf,24.0,roi2,2.0,,[],,20251107_mem-mito,,,,,,,,,,inferred,20251107,1,inferred,20251107::20251107_mem-mito::1,100,6,2,20251107-plate100-slot6-roi2
