dataset_source,clutch_code,clutch_date,genotype_cross_label,genotype_base_codes,genotype_allele_codes,genotype_pretty,genotype_marker_fluor_codes,genotype_marker_tag_codes,treat_code,treat_text,treatment_plasmid_base_codes,treatment_rna_base_codes,treatment_dye_base_codes,treatment_marker_fluor_codes,treatment_marker_tag_codes,all_marker_fluor_codes,sheet_row_index,date_born,zf_female_genotype_text,zf_male_genotype_text,date_mount,mount_id,experimental_plate_id,experimental_slot_id,data_location,roi_index,roi_name,data_path
cluster_linked,IMG_CLT_20250131_01,2025-01-31,pDQM005_304,pDQM005,pDQM005:304,pDQM005(304),"tdmSG,tdmStayGold","",IMG_TRT_002,Skittles-lite (ef1a:mTFP1 / ef1a:mChilada / ef1a:miRFP670-2),"","","",,,"tdmSG,tdmStayGold",294,,,,,,,,,,,
cluster_linked,IMG_CLT_20250131_02,2025-01-31,pDQM005_301,pDQM005,pDQM005:301,pDQM005(301),"tdmSG,tdmStayGold","",IMG_TRT_002,Skittles-lite (ef1a:mTFP1 / ef1a:mChilada / ef1a:miRFP670-2),"","","",,,"tdmSG,tdmStayGold",293,,,,,,,,,,,
cluster_linked,IMG_CLT_20250203_01,2025-02-03,pDQM005_305,pDQM005,pDQM005:305,pDQM005(305),"tdmSG,tdmStayGold","",IMG_TRT_003,Skittles-lite (ef1a:mTFP1 / ef1a:mChilada / ef1a:miRFP670-2),"","","",,,"tdmSG,tdmStayGold",297,,,,,,,,,,,
cluster_linked,IMG_CLT_20250203_01,2025-02-03,pDQM005_305,pDQM005,pDQM005:305,pDQM005(305),"tdmSG,tdmStayGold","",IMG_TRT_003,Skittles-lite (ef1a:mTFP1 / ef1a:mChilada / ef1a:miRFP670-2),"","","",,,"tdmSG,tdmStayGold",298,,,,,,,,,,,
cluster_linked,IMG_CLT_20250203_01,2025-02-03,pDQM005_305,pDQM005,pDQM005:305,pDQM005(305),"tdmSG,tdmStayGold","",IMG_TRT_003,Skittles-lite (ef1a:mTFP1 / ef1a:mChilada / ef1a:miRFP670-2),"","","",,,"tdmSG,tdmStayGold",299,,,,,,,,,,,
cluster_linked,IMG_CLT_20250203_02,2025-02-03,pDQM005_301,pDQM005,pDQM005:301,pDQM005(301),"tdmSG,tdmStayGold","",IMG_TRT_004,mChilada:H2B (80 pg); mYH:H2B (80 pg),"","","",,,"tdmSG,tdmStayGold",281,,,,2025-02-06,,20250206-plate1,20250206-plate1-slot1,U:\Data\20240911_Korra_Foundation\20250204_mem_histone\fish6_72hpf_mYH,,,
cluster_linked,IMG_CLT_20250203_02,2025-02-03,pDQM005_301,pDQM005,pDQM005:301,pDQM005(301),"tdmSG,tdmStayGold","",IMG_TRT_004,mChilada:H2B (80 pg); mYH:H2B (80 pg),"","","",,,"tdmSG,tdmStayGold",282,,,,2025-02-06,,20250206-plate1,20250206-plate1-slot4,,,,
cluster_linked,IMG_CLT_20250203_02,2025-02-03,pDQM005_301,pDQM005,pDQM005:301,pDQM005(301),"tdmSG,tdmStayGold","",IMG_TRT_004,mChilada:H2B (80 pg); mYH:H2B (80 pg),"","","",,,"tdmSG,tdmStayGold",285,,,,2025-02-05,,20250205-plate1,20250205-plate1-slot1,U:\Data\20240911_Korra_Foundation\20250204_mem_histone\fish3_48hpf_mYH,,,
cluster_linked,IMG_CLT_20250203_02,2025-02-03,pDQM005_301,pDQM005,pDQM005:301,pDQM005(301),"tdmSG,tdmStayGold","",IMG_TRT_004,mChilada:H2B (80 pg); mYH:H2B (80 pg),"","","",,,"tdmSG,tdmStayGold",286,,,,2025-02-05,,20250205-plate1,20250205-plate1-slot2,U:\Data\20240911_Korra_Foundation\20250204_mem_histone\fish4_48hpf_mYH,,,
cluster_linked,IMG_CLT_20250203_02,2025-02-03,pDQM005_301,pDQM005,pDQM005:301,pDQM005(301),"tdmSG,tdmStayGold","",IMG_TRT_004,mChilada:H2B (80 pg); mYH:H2B (80 pg),"","","",,,"tdmSG,tdmStayGold",287,,,,2025-02-05,,20250205-plate1,20250205-plate1-slot3,U:\Data\20240911_Korra_Foundation\20250204_mem_histone\fish5_48hpf_mYH\roi1_mb,,,
cluster_linked,IMG_CLT_20250203_02,2025-02-03,pDQM005_301,pDQM005,pDQM005:301,pDQM005(301),"tdmSG,tdmStayGold","",IMG_TRT_004,mChilada:H2B (80 pg); mYH:H2B (80 pg),"","","",,,"tdmSG,tdmStayGold",288,,,,2025-02-05,,20250205-plate1,20250205-plate1-slot4,U:\Data\20240911_Korra_Foundation\20250204_mem_histone\fish5_48hpf_mYH\roi2_mb,,,
cluster_linked,IMG_CLT_20250203_02,2025-02-03,pDQM005_301,pDQM005,pDQM005:301,pDQM005(301),"tdmSG,tdmStayGold","",IMG_TRT_004,mChilada:H2B (80 pg); mYH:H2B (80 pg),"","","",,,"tdmSG,tdmStayGold",289,,,,2025-02-04,,20250204-plate1,20250204-plate1-slot1,U:\Data\20240911_Korra_Foundation\20250204_mem_histone\fish1_24hpf_mchilada,,,
cluster_linked,IMG_CLT_20250203_02,2025-02-03,pDQM005_301,pDQM005,pDQM005:301,pDQM005(301),"tdmSG,tdmStayGold","",IMG_TRT_004,mChilada:H2B (80 pg); mYH:H2B (80 pg),"","","",,,"tdmSG,tdmStayGold",290,,,,2025-02-04,,20250204-plate1,20250204-plate1-slot2,U:\Data\20240911_Korra_Foundation\20250204_mem_histone\fish2_24hpf_mYH,,,
cluster_linked,IMG_CLT_20250203_02,2025-02-03,pDQM005_301,pDQM005,pDQM005:301,pDQM005(301),"tdmSG,tdmStayGold","",IMG_TRT_004,mChilada:H2B (80 pg); mYH:H2B (80 pg),"","","",,,"tdmSG,tdmStayGold",295,,,,,,,,,,,
cluster_linked,IMG_CLT_20250203_02,2025-02-03,pDQM005_301,pDQM005,pDQM005:301,pDQM005(301),"tdmSG,tdmStayGold","",IMG_TRT_004,mChilada:H2B (80 pg); mYH:H2B (80 pg),"","","",,,"tdmSG,tdmStayGold",296,,,,,,,,,,,
cluster_linked,IMG_CLT_20250205_01,2025-02-05,pDQM005_301,pDQM005,pDQM005:301,pDQM005(301),"tdmSG,tdmStayGold","",IMG_TRT_005,mChilada:H2B (80 pg),"","","",,,"tdmSG,tdmStayGold",280,,,,2025-02-07,,20250207-plate1,20250207-plate1-slot1,,,,
cluster_linked,IMG_CLT_20250205_01,2025-02-05,pDQM005_301,pDQM005,pDQM005:301,pDQM005(301),"tdmSG,tdmStayGold","",IMG_TRT_005,mChilada:H2B (80 pg),"","","",,,"tdmSG,tdmStayGold",283,,,,2025-02-06,,20250206-plate1,20250206-plate1-slot2,U:\Data\20240911_Korra_Foundation\20250206_mem_histone\fish1_24hpf_mChilada,,,
cluster_linked,IMG_CLT_20250205_01,2025-02-05,pDQM005_301,pDQM005,pDQM005:301,pDQM005(301),"tdmSG,tdmStayGold","",IMG_TRT_005,mChilada:H2B (80 pg),"","","",,,"tdmSG,tdmStayGold",284,,,,2025-02-06,,20250206-plate1,20250206-plate1-slot3,U:\Data\20240911_Korra_Foundation\20250206_mem_histone\fish2_24hpf_mChilada,,,
cluster_linked,IMG_CLT_20250205_01,2025-02-05,pDQM005_301,pDQM005,pDQM005:301,pDQM005(301),"tdmSG,tdmStayGold","",IMG_TRT_005,mChilada:H2B (80 pg),"","","",,,"tdmSG,tdmStayGold",300,,,,,,,,,,,
cluster_linked,IMG_CLT_20250205_01,2025-02-05,pDQM005_301,pDQM005,pDQM005:301,pDQM005(301),"tdmSG,tdmStayGold","",IMG_TRT_005,mChilada:H2B (80 pg),"","","",,,"tdmSG,tdmStayGold",301,,,,,,,,,,,
cluster_linked,IMG_CLT_20250205_01,2025-02-05,pDQM005_301,pDQM005,pDQM005:301,pDQM005(301),"tdmSG,tdmStayGold","",IMG_TRT_005,mChilada:H2B (80 pg),"","","",,,"tdmSG,tdmStayGold",302,,,,,,,,,,,
cluster_linked,IMG_CLT_20250205_01,2025-02-05,pDQM005_301,pDQM005,pDQM005:301,pDQM005(301),"tdmSG,tdmStayGold","",IMG_TRT_005,mChilada:H2B (80 pg),"","","",,,"tdmSG,tdmStayGold",303,,,,,,,,,,,
cluster_linked,IMG_CLT_20250207_01,2025-02-07,pDQM005_308,pDQM005,pDQM005:308,pDQM005(308),"tdmSG,tdmStayGold","",IMG_TRT_006,mYH:H2B (80 and 120 pg),"","","",,,"tdmSG,tdmStayGold",276,,,,2025-02-10,,20250210-plate1,20250210-plate1-slot4,,,,
cluster_linked,IMG_CLT_20250207_01,2025-02-07,pDQM005_308,pDQM005,pDQM005:308,pDQM005(308),"tdmSG,tdmStayGold","",IMG_TRT_006,mYH:H2B (80 and 120 pg),"","","",,,"tdmSG,tdmStayGold",277,,,,2025-02-10,,20250210-plate1,20250210-plate1-slot1,,,,
cluster_linked,IMG_CLT_20250207_01,2025-02-07,pDQM005_308,pDQM005,pDQM005:308,pDQM005(308),"tdmSG,tdmStayGold","",IMG_TRT_006,mYH:H2B (80 and 120 pg),"","","",,,"tdmSG,tdmStayGold",278,,,,2025-02-10,,20250210-plate1,20250210-plate1-slot3,,,,
cluster_linked,IMG_CLT_20250207_01,2025-02-07,pDQM005_308,pDQM005,pDQM005:308,pDQM005(308),"tdmSG,tdmStayGold","",IMG_TRT_006,mYH:H2B (80 and 120 pg),"","","",,,"tdmSG,tdmStayGold",279,,,,2025-02-10,,20250210-plate1,20250210-plate1-slot2,,,,
cluster_linked,IMG_CLT_20250210_01,2025-02-10,pDQM005_301,pDQM005,pDQM005:301,pDQM005(301),"tdmSG,tdmStayGold","",IMG_TRT_007,mChilada:H2B (80 and 120 pg); mYH:H2B (80 and 120 pg),"","","",,,"tdmSG,tdmStayGold",264,,,,2025-02-13,,20250213-plate1,20250213-plate1-slot1,U:\Data\20240911_Korra_Foundation\20250211_mem_histone\fish8_72hpf_mYH,,,
cluster_linked,IMG_CLT_20250210_01,2025-02-10,pDQM005_301,pDQM005,pDQM005:301,pDQM005(301),"tdmSG,tdmStayGold","",IMG_TRT_007,mChilada:H2B (80 and 120 pg); mYH:H2B (80 and 120 pg),"","","",,,"tdmSG,tdmStayGold",265,,,,2025-02-13,,20250213-plate1,20250213-plate1-slot2,,,,
cluster_linked,IMG_CLT_20250210_01,2025-02-10,pDQM005_301,pDQM005,pDQM005:301,pDQM005(301),"tdmSG,tdmStayGold","",IMG_TRT_007,mChilada:H2B (80 and 120 pg); mYH:H2B (80 and 120 pg),"","","",,,"tdmSG,tdmStayGold",268,,,,2025-02-12,,20250212-plate1,20250212-plate1-slot2,U:\Data\20240911_Korra_Foundation\20250211_mem_histone\fish7_48hpf_mYH,,,
cluster_linked,IMG_CLT_20250210_01,2025-02-10,pDQM005_301,pDQM005,pDQM005:301,pDQM005(301),"tdmSG,tdmStayGold","",IMG_TRT_007,mChilada:H2B (80 and 120 pg); mYH:H2B (80 and 120 pg),"","","",,,"tdmSG,tdmStayGold",269,,,,2025-02-12,,20250212-plate1,20250212-plate1-slot1,U:\Data\20240911_Korra_Foundation\20250211_mem_histone\fish5_48hpf_mYH,,,
cluster_linked,IMG_CLT_20250210_01,2025-02-10,pDQM005_301,pDQM005,pDQM005:301,pDQM005(301),"tdmSG,tdmStayGold","",IMG_TRT_007,mChilada:H2B (80 and 120 pg); mYH:H2B (80 and 120 pg),"","","",,,"tdmSG,tdmStayGold",270,,,,2025-02-12,,20250212-plate1,20250212-plate1-slot3,,,,
cluster_linked,IMG_CLT_20250210_01,2025-02-10,pDQM005_301,pDQM005,pDQM005:301,pDQM005(301),"tdmSG,tdmStayGold","",IMG_TRT_007,mChilada:H2B (80 and 120 pg); mYH:H2B (80 and 120 pg),"","","",,,"tdmSG,tdmStayGold",271,,,,2025-02-11,,20250211-plate1,20250211-plate1-slot1,U:\Data\20240911_Korra_Foundation\20250211_mem_histone\fish2_24hpf_mYH,,,
cluster_linked,IMG_CLT_20250210_01,2025-02-10,pDQM005_301,pDQM005,pDQM005:301,pDQM005(301),"tdmSG,tdmStayGold","",IMG_TRT_007,mChilada:H2B (80 and 120 pg); mYH:H2B (80 and 120 pg),"","","",,,"tdmSG,tdmStayGold",272,,,,2025-02-11,,20250211-plate1,20250211-plate1-slot5,,,,
cluster_linked,IMG_CLT_20250210_01,2025-02-10,pDQM005_301,pDQM005,pDQM005:301,pDQM005(301),"tdmSG,tdmStayGold","",IMG_TRT_007,mChilada:H2B (80 and 120 pg); mYH:H2B (80 and 120 pg),"","","",,,"tdmSG,tdmStayGold",273,,,,2025-02-11,,20250211-plate1,20250211-plate1-slot4,U:\Data\20240911_Korra_Foundation\20250211_mem_histone\fish6_48hpf_mchilada,,,
cluster_linked,IMG_CLT_20250210_01,2025-02-10,pDQM005_301,pDQM005,pDQM005:301,pDQM005(301),"tdmSG,tdmStayGold","",IMG_TRT_007,mChilada:H2B (80 and 120 pg); mYH:H2B (80 and 120 pg),"","","",,,"tdmSG,tdmStayGold",274,,,,2025-02-11,,20250211-plate1,20250211-plate1-slot3,U:\Data\20240911_Korra_Foundation\20250211_mem_histone\fish4_24hpf_mYH,,,
cluster_linked,IMG_CLT_20250210_01,2025-02-10,pDQM005_301,pDQM005,pDQM005:301,pDQM005(301),"tdmSG,tdmStayGold","",IMG_TRT_007,mChilada:H2B (80 and 120 pg); mYH:H2B (80 and 120 pg),"","","",,,"tdmSG,tdmStayGold",275,,,,2025-02-11,,20250211-plate1,20250211-plate1-slot2,U:\Data\20240911_Korra_Foundation\20250211_mem_histone\fish3_24hpf_mchilada,,,
cluster_linked,IMG_CLT_20250217_01,2025-02-17,Swinburne_301_Swinburne,"Swinburne,pDQM005","Swinburne:Swinburne,pDQM005:301",Swinburne(Swinburne)/pDQM005(301),"tdmSG,tdmStayGold","",IMG_TRT_008,JF635 3uM,"","","",,,"tdmSG,tdmStayGold",259,,,,2025-02-20,,20250220-plate1,20250220-plate1-slot1,U:\Data\20240911_Korra_Foundation\20250218_mem_histone\fish3_72hpf_halo_jfx649,,,
cluster_linked,IMG_CLT_20250217_01,2025-02-17,Swinburne_301_Swinburne,"Swinburne,pDQM005","Swinburne:Swinburne,pDQM005:301",Swinburne(Swinburne)/pDQM005(301),"tdmSG,tdmStayGold","",IMG_TRT_008,JF635 3uM,"","","",,,"tdmSG,tdmStayGold",261,,,,2025-02-19,,20250219-plate1,20250219-plate1-slot2,"U:\Data\20240911_Korra_Foundation\20250218_mem_histone\fish2_48hpf_halo_jfx649 (roi1,2,2-2)",,,
cluster_linked,IMG_CLT_20250217_01,2025-02-17,Swinburne_301_Swinburne,"Swinburne,pDQM005","Swinburne:Swinburne,pDQM005:301",Swinburne(Swinburne)/pDQM005(301),"tdmSG,tdmStayGold","",IMG_TRT_008,JF635 3uM,"","","",,,"tdmSG,tdmStayGold",262,,,,2025-02-19,,20250219-plate1,20250219-plate1-slot1,U:\Data\20240911_Korra_Foundation\20250218_mem_histone\fish2_48hpf_halo_jfx649 (roi 3-9),,,
cluster_linked,IMG_CLT_20250217_01,2025-02-17,Swinburne_301_Swinburne,"Swinburne,pDQM005","Swinburne:Swinburne,pDQM005:301",Swinburne(Swinburne)/pDQM005(301),"tdmSG,tdmStayGold","",IMG_TRT_008,JF635 3uM,"","","",,,"tdmSG,tdmStayGold",263,,,,2025-02-18,,20250218-plate1,20250218-plate1-slot1,U:\Data\20240911_Korra_Foundation\20250218_mem_histone\fish1_24hpf_halo_jfx649,,,
cluster_linked,IMG_CLT_20250224_01,2025-02-24,pDQM005_301,pDQM005,pDQM005:301,pDQM005(301),"tdmSG,tdmStayGold","",IMG_TRT_006,mYH:H2B (80 and 120 pg),"","","",,,"tdmSG,tdmStayGold",249,,,,2025-02-26,,20250226-plate1,20250226-plate1-slot3,U:\Data\20240911_Korra_Foundation\20250225_mem_nuc\fish3_48hpf,,,
cluster_linked,IMG_CLT_20250224_01,2025-02-24,pDQM005_301,pDQM005,pDQM005:301,pDQM005(301),"tdmSG,tdmStayGold","",IMG_TRT_006,mYH:H2B (80 and 120 pg),"","","",,,"tdmSG,tdmStayGold",250,,,,2025-02-26,,20250226-plate1,20250226-plate1-slot4,U:\Data\20240911_Korra_Foundation\20250225_mem_nuc\fish4_48hpf,,,
cluster_linked,IMG_CLT_20250224_01,2025-02-24,pDQM005_301,pDQM005,pDQM005:301,pDQM005(301),"tdmSG,tdmStayGold","",IMG_TRT_006,mYH:H2B (80 and 120 pg),"","","",,,"tdmSG,tdmStayGold",251,,,,2025-02-26,,20250226-plate1,20250226-plate1-slot1,U:\Data\20240911_Korra_Foundation\20250225_mem_histone\fish5_6_48hpf (roi1-2),,,
cluster_linked,IMG_CLT_20250224_01,2025-02-24,pDQM005_301,pDQM005,pDQM005:301,pDQM005(301),"tdmSG,tdmStayGold","",IMG_TRT_006,mYH:H2B (80 and 120 pg),"","","",,,"tdmSG,tdmStayGold",252,,,,2025-02-26,,20250226-plate1,20250226-plate1-slot2,U:\Data\20240911_Korra_Foundation\20250225_mem_histone\fish5_6_48hpf (roi3-4),,,
cluster_linked,IMG_CLT_20250224_01,2025-02-24,pDQM005_301,pDQM005,pDQM005:301,pDQM005(301),"tdmSG,tdmStayGold","",IMG_TRT_006,mYH:H2B (80 and 120 pg),"","","",,,"tdmSG,tdmStayGold",253,,,,2025-02-25,,20250225-plate1,20250225-plate1-slot1,U:\Data\20240911_Korra_Foundation\20250225_mem_histone\fish1_24hpf,,,
cluster_linked,IMG_CLT_20250224_01,2025-02-24,pDQM005_301,pDQM005,pDQM005:301,pDQM005(301),"tdmSG,tdmStayGold","",IMG_TRT_006,mYH:H2B (80 and 120 pg),"","","",,,"tdmSG,tdmStayGold",254,,,,2025-02-25,,20250225-plate1,20250225-plate1-slot4,,,,
cluster_linked,IMG_CLT_20250224_01,2025-02-24,pDQM005_301,pDQM005,pDQM005:301,pDQM005(301),"tdmSG,tdmStayGold","",IMG_TRT_006,mYH:H2B (80 and 120 pg),"","","",,,"tdmSG,tdmStayGold",255,,,,2025-02-25,,20250225-plate1,20250225-plate1-slot2,U:\Data\20240911_Korra_Foundation\20250225_mem_histone\fish2_24hpf,,,
cluster_linked,IMG_CLT_20250224_01,2025-02-24,pDQM005_301,pDQM005,pDQM005:301,pDQM005(301),"tdmSG,tdmStayGold","",IMG_TRT_006,mYH:H2B (80 and 120 pg),"","","",,,"tdmSG,tdmStayGold",256,,,,2025-02-25,,20250225-plate1,20250225-plate1-slot3,,,,
cluster_linked,IMG_CLT_20250226_01,2025-02-26,pDQM005_301,pDQM005,pDQM005:301,pDQM005(301),"tdmSG,tdmStayGold","",IMG_TRT_006,mYH:H2B (80 and 120 pg),"","","",,,"tdmSG,tdmStayGold",241,,,,2025-02-28,,20250228-plate1,20250228-plate1-slot1,U:\Data\20240911_Korra_Foundation\20250225_mem_histone\fish13_48hpf,,,
cluster_linked,IMG_CLT_20250226_01,2025-02-26,pDQM005_301,pDQM005,pDQM005:301,pDQM005(301),"tdmSG,tdmStayGold","",IMG_TRT_006,mYH:H2B (80 and 120 pg),"","","",,,"tdmSG,tdmStayGold",242,,,,2025-02-28,,20250228-plate1,20250228-plate1-slot2,U:\Data\20240911_Korra_Foundation\20250225_mem_histone\fish14_48hpf,,,
cluster_linked,IMG_CLT_20250226_01,2025-02-26,pDQM005_301,pDQM005,pDQM005:301,pDQM005(301),"tdmSG,tdmStayGold","",IMG_TRT_006,mYH:H2B (80 and 120 pg),"","","",,,"tdmSG,tdmStayGold",243,,,,2025-02-27,,20250227-plate1,20250227-plate1-slot5,U:\Data\20240911_Korra_Foundation\20250225_mem_histone\fish8_24hpf,,,
cluster_linked,IMG_CLT_20250226_01,2025-02-26,pDQM005_301,pDQM005,pDQM005:301,pDQM005(301),"tdmSG,tdmStayGold","",IMG_TRT_006,mYH:H2B (80 and 120 pg),"","","",,,"tdmSG,tdmStayGold",244,,,,2025-02-27,,20250227-plate1,20250227-plate1-slot4,U:\Data\20240911_Korra_Foundation\20250225_mem_histone\fish7_24hpf,,,
cluster_linked,IMG_CLT_20250226_01,2025-02-26,pDQM005_301,pDQM005,pDQM005:301,pDQM005(301),"tdmSG,tdmStayGold","",IMG_TRT_006,mYH:H2B (80 and 120 pg),"","","",,,"tdmSG,tdmStayGold",245,,,,2025-02-27,,20250227-plate1,20250227-plate1-slot6,U:\Data\20240911_Korra_Foundation\20250225_mem_histone\fish9_24hpf,,,
cluster_linked,IMG_CLT_20250226_01,2025-02-26,pDQM005_301,pDQM005,pDQM005:301,pDQM005(301),"tdmSG,tdmStayGold","",IMG_TRT_006,mYH:H2B (80 and 120 pg),"","","",,,"tdmSG,tdmStayGold",246,,,,2025-02-27,,20250227-plate1,20250227-plate1-slot1,U:\Data\20240911_Korra_Foundation\20250225_mem_histone\fish10_24hpf,,,
cluster_linked,IMG_CLT_20250226_01,2025-02-26,pDQM005_301,pDQM005,pDQM005:301,pDQM005(301),"tdmSG,tdmStayGold","",IMG_TRT_006,mYH:H2B (80 and 120 pg),"","","",,,"tdmSG,tdmStayGold",247,,,,2025-02-27,,20250227-plate1,20250227-plate1-slot2,U:\Data\20240911_Korra_Foundation\20250225_mem_histone\fish11_24hpf,,,
cluster_linked,IMG_CLT_20250226_01,2025-02-26,pDQM005_301,pDQM005,pDQM005:301,pDQM005(301),"tdmSG,tdmStayGold","",IMG_TRT_006,mYH:H2B (80 and 120 pg),"","","",,,"tdmSG,tdmStayGold",248,,,,2025-02-27,,20250227-plate1,20250227-plate1-slot3,U:\Data\20240911_Korra_Foundation\20250225_mem_histone\fish12_24hpf,,,
cluster_linked,IMG_CLT_20250228_01,2025-02-28,pDQM005_301,pDQM005,pDQM005:301,pDQM005(301),"tdmSG,tdmStayGold","",IMG_TRT_006,mYH:H2B (80 and 120 pg),"","","",,,"tdmSG,tdmStayGold",238,,,,2025-03-03,,20250303-plate1,20250303-plate1-slot1,U:\Data\20240911_Korra_Foundation\20250303_mem_histone\fish1_72hpf,,,
cluster_linked,IMG_CLT_20250228_01,2025-02-28,pDQM005_301,pDQM005,pDQM005:301,pDQM005(301),"tdmSG,tdmStayGold","",IMG_TRT_006,mYH:H2B (80 and 120 pg),"","","",,,"tdmSG,tdmStayGold",239,,,,2025-03-03,,20250303-plate1,20250303-plate1-slot2,U:\Data\20240911_Korra_Foundation\20250303_mem_histone\fish2_72hpf,,,
cluster_linked,IMG_CLT_20250228_01,2025-02-28,pDQM005_301,pDQM005,pDQM005:301,pDQM005(301),"tdmSG,tdmStayGold","",IMG_TRT_006,mYH:H2B (80 and 120 pg),"","","",,,"tdmSG,tdmStayGold",240,,,,2025-03-03,,20250303-plate1,20250303-plate1-slot3,U:\Data\20240911_Korra_Foundation\20250303_mem_histone\fish3_72hpf,,,
cluster_linked,IMG_CLT_20250303_01,2025-03-03,pDQM005_301,pDQM005,pDQM005:301,pDQM005(301),"tdmSG,tdmStayGold","",IMG_TRT_009,mYH:H2B,"","","",,,"tdmSG,tdmStayGold",229,,,,2025-03-06,,20250306-plate1,20250306-plate1-slot2,U:\Data\20240911_Korra_Foundation\20250303_mem_histone\fish9_48hpf,,,
cluster_linked,IMG_CLT_20250303_01,2025-03-03,pDQM005_301,pDQM005,pDQM005:301,pDQM005(301),"tdmSG,tdmStayGold","",IMG_TRT_009,mYH:H2B,"","","",,,"tdmSG,tdmStayGold",230,,,,2025-03-06,,20250306-plate1,20250306-plate1-slot1,U:\Data\20240911_Korra_Foundation\20250303_mem_histone\fish10_48hpf,,,
cluster_linked,IMG_CLT_20250303_01,2025-03-03,pDQM005_301,pDQM005,pDQM005:301,pDQM005(301),"tdmSG,tdmStayGold","",IMG_TRT_009,mYH:H2B,"","","",,,"tdmSG,tdmStayGold",232,,,,2025-03-05,,20250305-plate1,20250305-plate1-slot1,U:\Data\20240911_Korra_Foundation\20250303_mem_histone\fish6_48hpf,,,
cluster_linked,IMG_CLT_20250303_01,2025-03-03,pDQM005_301,pDQM005,pDQM005:301,pDQM005(301),"tdmSG,tdmStayGold","",IMG_TRT_009,mYH:H2B,"","","",,,"tdmSG,tdmStayGold",233,,,,2025-03-05,,20250305-plate1,20250305-plate1-slot4,,,,
cluster_linked,IMG_CLT_20250303_01,2025-03-03,pDQM005_301,pDQM005,pDQM005:301,pDQM005(301),"tdmSG,tdmStayGold","",IMG_TRT_009,mYH:H2B,"","","",,,"tdmSG,tdmStayGold",234,,,,2025-03-05,,20250305-plate1,20250305-plate1-slot2,U:\Data\20240911_Korra_Foundation\20250303_mem_histone\fish7_48hpf,,,
cluster_linked,IMG_CLT_20250303_01,2025-03-03,pDQM005_301,pDQM005,pDQM005:301,pDQM005(301),"tdmSG,tdmStayGold","",IMG_TRT_009,mYH:H2B,"","","",,,"tdmSG,tdmStayGold",235,,,,2025-03-05,,20250305-plate1,20250305-plate1-slot3,U:\Data\20240911_Korra_Foundation\20250303_mem_histone\fish8_48hpf,,,
cluster_linked,IMG_CLT_20250303_01,2025-03-03,pDQM005_301,pDQM005,pDQM005:301,pDQM005(301),"tdmSG,tdmStayGold","",IMG_TRT_009,mYH:H2B,"","","",,,"tdmSG,tdmStayGold",236,,,,2025-03-04,,20250304-plate1,20250304-plate1-slot1,U:\Data\20240911_Korra_Foundation\20250303_mem_histone\fish4_24hpf,,,
cluster_linked,IMG_CLT_20250303_01,2025-03-03,pDQM005_301,pDQM005,pDQM005:301,pDQM005(301),"tdmSG,tdmStayGold","",IMG_TRT_009,mYH:H2B,"","","",,,"tdmSG,tdmStayGold",237,,,,2025-03-04,,20250304-plate1,20250304-plate1-slot2,U:\Data\20240911_Korra_Foundation\20250303_mem_histone\fish5_24hpf,,,
cluster_linked,IMG_CLT_20250305_01,2025-03-05,pDQM034_310,pDQM034,pDQM034:310,pDQM034(310),"Electra2,mCitrine,mKate2,mKOK,mTFP1","",IMG_TRT_010,2xLynk:mSG; phiC,"","","",,,"Electra2,mCitrine,mKate2,mKOK,mTFP1",231,,,,2025-03-06,,20250306-plate1,20250306-plate1-slot3,U:\Data\20240911_Korra_Foundation\20250306_skittle_mem-mSG\fish1_24hpf,,,
cluster_linked,IMG_CLT_20250310_01,2025-03-10,pDQM005_301,pDQM005,pDQM005:301,pDQM005(301),"tdmSG,tdmStayGold","",IMG_TRT_011,ef1a:mTFP1 and ef1a:mBeRFP,"","","",,,"tdmSG,tdmStayGold",220,,,,2025-03-12,,20250312-plate1,20250312-plate1-slot1,U:\Data\20240911_Korra_Foundation\20250311_mem_histone\fish3_48hpf,,,
cluster_linked,IMG_CLT_20250310_01,2025-03-10,pDQM005_301,pDQM005,pDQM005:301,pDQM005(301),"tdmSG,tdmStayGold","",IMG_TRT_011,ef1a:mTFP1 and ef1a:mBeRFP,"","","",,,"tdmSG,tdmStayGold",221,,,,2025-03-12,,20250312-plate1,20250312-plate1-slot4,,,,
cluster_linked,IMG_CLT_20250310_01,2025-03-10,pDQM005_301,pDQM005,pDQM005:301,pDQM005(301),"tdmSG,tdmStayGold","",IMG_TRT_011,ef1a:mTFP1 and ef1a:mBeRFP,"","","",,,"tdmSG,tdmStayGold",222,,,,2025-03-12,,20250312-plate1,20250312-plate1-slot5,,,,
cluster_linked,IMG_CLT_20250310_01,2025-03-10,pDQM005_301,pDQM005,pDQM005:301,pDQM005(301),"tdmSG,tdmStayGold","",IMG_TRT_011,ef1a:mTFP1 and ef1a:mBeRFP,"","","",,,"tdmSG,tdmStayGold",223,,,,2025-03-12,,20250312-plate1,20250312-plate1-slot2,U:\Data\20240911_Korra_Foundation\20250311_mem_histone\fish4_72hpf,,,
cluster_linked,IMG_CLT_20250310_01,2025-03-10,pDQM005_301,pDQM005,pDQM005:301,pDQM005(301),"tdmSG,tdmStayGold","",IMG_TRT_011,ef1a:mTFP1 and ef1a:mBeRFP,"","","",,,"tdmSG,tdmStayGold",224,,,,2025-03-12,,20250312-plate1,20250312-plate1-slot3,U:\Data\20240911_Korra_Foundation\20250311_mem_histone\fish5_72hpf,,,
cluster_linked,IMG_CLT_20250310_01,2025-03-10,pDQM005_301,pDQM005,pDQM005:301,pDQM005(301),"tdmSG,tdmStayGold","",IMG_TRT_011,ef1a:mTFP1 and ef1a:mBeRFP,"","","",,,"tdmSG,tdmStayGold",225,,,,2025-03-11,,20250311-plate1,20250311-plate1-slot1,U:\Data\20240911_Korra_Foundation\20250311_mem_histone\fish1_24hpf,,,
cluster_linked,IMG_CLT_20250310_01,2025-03-10,pDQM005_301,pDQM005,pDQM005:301,pDQM005(301),"tdmSG,tdmStayGold","",IMG_TRT_011,ef1a:mTFP1 and ef1a:mBeRFP,"","","",,,"tdmSG,tdmStayGold",226,,,,2025-03-11,,20250311-plate1,20250311-plate1-slot2,U:\Data\20240911_Korra_Foundation\20250311_mem_histone\fish2_24hpf,,,
cluster_linked,IMG_CLT_20250310_01,2025-03-10,pDQM005_301,pDQM005,pDQM005:301,pDQM005(301),"tdmSG,tdmStayGold","",IMG_TRT_011,ef1a:mTFP1 and ef1a:mBeRFP,"","","",,,"tdmSG,tdmStayGold",227,,,,2025-03-10,,20250310-plate1,20250310-plate1-slot1,U:\Data\20240911_Korra_Foundation\20250310_mem,,,
cluster_linked,IMG_CLT_20250312_01,2025-03-12,pDQM005_301_310,"pDQM005,pDQM034","pDQM005:301,pDQM034:310",pDQM005(301)/pDQM034(310),"Electra2,mCitrine,mKate2,mKOK,mTFP1,tdmSG,tdmStayGold","",IMG_TRT_012,phiC,"","","",,,"Electra2,mCitrine,mKate2,mKOK,mTFP1,tdmSG,tdmStayGold",214,,,,2025-03-14,,20250314-plate1,20250314-plate1-slot1,U:\Data\20240911_Korra_Foundation\20250313_mSG_skittles\fish3_24hpf,,,
cluster_linked,IMG_CLT_20250312_01,2025-03-12,pDQM005_301_310,"pDQM005,pDQM034","pDQM005:301,pDQM034:310",pDQM005(301)/pDQM034(310),"Electra2,mCitrine,mKate2,mKOK,mTFP1,tdmSG,tdmStayGold","",IMG_TRT_012,phiC,"","","",,,"Electra2,mCitrine,mKate2,mKOK,mTFP1,tdmSG,tdmStayGold",215,,,,2025-03-14,,20250314-plate1,20250314-plate1-slot2,U:\Data\20240911_Korra_Foundation\20250313_mSG_skittles\fish4_24hpf,,,
cluster_linked,IMG_CLT_20250312_01,2025-03-12,pDQM005_301_310,"pDQM005,pDQM034","pDQM005:301,pDQM034:310",pDQM005(301)/pDQM034(310),"Electra2,mCitrine,mKate2,mKOK,mTFP1,tdmSG,tdmStayGold","",IMG_TRT_012,phiC,"","","",,,"Electra2,mCitrine,mKate2,mKOK,mTFP1,tdmSG,tdmStayGold",218,,,,2025-03-13,,20250313-plate1,20250313-plate1-slot1,U:\Data\20240911_Korra_Foundation\20250313_mSG_skittles\fish1_24hpf,,,
cluster_linked,IMG_CLT_20250312_01,2025-03-12,pDQM005_301_310,"pDQM005,pDQM034","pDQM005:301,pDQM034:310",pDQM005(301)/pDQM034(310),"Electra2,mCitrine,mKate2,mKOK,mTFP1,tdmSG,tdmStayGold","",IMG_TRT_012,phiC,"","","",,,"Electra2,mCitrine,mKate2,mKOK,mTFP1,tdmSG,tdmStayGold",219,,,,2025-03-13,,20250313-plate1,20250313-plate1-slot2,U:\Data\20240911_Korra_Foundation\20250313_mSG_skittles\fish2_24hpf,,,
cluster_linked,IMG_CLT_20250313_01,2025-03-13,pDQM005_301,pDQM005,pDQM005:301,pDQM005(301),"tdmSG,tdmStayGold","",IMG_TRT_013,mScarlet3-S2:H2B,"","","",,,"tdmSG,tdmStayGold",216,,,,2025-03-14,,20250314-plate1,20250314-plate1-slot3,U:\Data\20240911_Korra_Foundation\20250314_mem_histone\fish1_24hpf,,,
cluster_linked,IMG_CLT_20250313_01,2025-03-13,pDQM005_301,pDQM005,pDQM005:301,pDQM005(301),"tdmSG,tdmStayGold","",IMG_TRT_013,mScarlet3-S2:H2B,"","","",,,"tdmSG,tdmStayGold",217,,,,2025-03-14,,20250314-plate1,20250314-plate1-slot4,U:\Data\20240911_Korra_Foundation\20250314_mem_histone\fish2_24hpf,,,
cluster_linked,IMG_CLT_20250314_01,2025-03-14,pDQM005_301,pDQM005,pDQM005:301,pDQM005(301),"tdmSG,tdmStayGold","",IMG_TRT_013,mScarlet3-S2:H2B,"","","",,,"tdmSG,tdmStayGold",209,,,,2025-03-18,,20250318-plate1,20250318-plate1-slot1,U:\Data\20240911_Korra_Foundation\20250317_mem_histone\fish3_96hpf,,,
cluster_linked,IMG_CLT_20250314_01,2025-03-14,pDQM005_301,pDQM005,pDQM005:301,pDQM005(301),"tdmSG,tdmStayGold","",IMG_TRT_013,mScarlet3-S2:H2B,"","","",,,"tdmSG,tdmStayGold",212,,,,2025-03-17,,20250317-plate1,20250317-plate1-slot1,U:\Data\20240911_Korra_Foundation\20250317_mem_histone\fish1_72hpf,,,
cluster_linked,IMG_CLT_20250314_01,2025-03-14,pDQM005_301,pDQM005,pDQM005:301,pDQM005(301),"tdmSG,tdmStayGold","",IMG_TRT_013,mScarlet3-S2:H2B,"","","",,,"tdmSG,tdmStayGold",213,,,,2025-03-17,,20250317-plate1,20250317-plate1-slot2,U:\Data\20240911_Korra_Foundation\20250317_mem_histone\fish2_72hpf,,,
cluster_linked,IMG_CLT_20250317_01,2025-03-17,pDQM005_301,pDQM005,pDQM005:301,pDQM005(301),"tdmSG,tdmStayGold","",IMG_TRT_013,mScarlet3-S2:H2B,"","","",,,"tdmSG,tdmStayGold",202,,,,2025-03-21,,20250321-plate1,20250321-plate1-slot3,,,,
cluster_linked,IMG_CLT_20250317_01,2025-03-17,pDQM005_301,pDQM005,pDQM005:301,pDQM005(301),"tdmSG,tdmStayGold","",IMG_TRT_013,mScarlet3-S2:H2B,"","","",,,"tdmSG,tdmStayGold",203,,,,2025-03-21,,20250321-plate1,20250321-plate1-slot2,,,,
cluster_linked,IMG_CLT_20250317_01,2025-03-17,pDQM005_301,pDQM005,pDQM005:301,pDQM005(301),"tdmSG,tdmStayGold","",IMG_TRT_013,mScarlet3-S2:H2B,"","","",,,"tdmSG,tdmStayGold",205,,,,2025-03-20,,20250320-plate1,20250320-plate1-slot1,U:\Data\20240911_Korra_Foundation\20250317_mem_histone\fish7_48hpf,,,
cluster_linked,IMG_CLT_20250317_01,2025-03-17,pDQM005_301,pDQM005,pDQM005:301,pDQM005(301),"tdmSG,tdmStayGold","",IMG_TRT_013,mScarlet3-S2:H2B,"","","",,,"tdmSG,tdmStayGold",206,,,,2025-03-20,,20250320-plate1,20250320-plate1-slot2,U:\Data\20240911_Korra_Foundation\20250317_mem_histone\fish8_48hpf,,,
cluster_linked,IMG_CLT_20250317_01,2025-03-17,pDQM005_301,pDQM005,pDQM005:301,pDQM005(301),"tdmSG,tdmStayGold","",IMG_TRT_013,mScarlet3-S2:H2B,"","","",,,"tdmSG,tdmStayGold",207,,,,2025-03-19,,20250319-plate1,20250319-plate1-slot1,U:\Data\20240911_Korra_Foundation\20250317_mem_histone\fish5_48hpf,,,
cluster_linked,IMG_CLT_20250317_01,2025-03-17,pDQM005_301,pDQM005,pDQM005:301,pDQM005(301),"tdmSG,tdmStayGold","",IMG_TRT_013,mScarlet3-S2:H2B,"","","",,,"tdmSG,tdmStayGold",208,,,,2025-03-19,,20250319-plate1,20250319-plate1-slot2,U:\Data\20240911_Korra_Foundation\20250317_mem_histone\fish6_48hpf,,,
cluster_linked,IMG_CLT_20250317_01,2025-03-17,pDQM005_301,pDQM005,pDQM005:301,pDQM005(301),"tdmSG,tdmStayGold","",IMG_TRT_013,mScarlet3-S2:H2B,"","","",,,"tdmSG,tdmStayGold",210,,,,2025-03-18,,20250318-plate1,20250318-plate1-slot2,U:\Data\20240911_Korra_Foundation\20250317_mem_histone\fish4_24hpf,,,
cluster_linked,IMG_CLT_20250317_01,2025-03-17,pDQM005_301,pDQM005,pDQM005:301,pDQM005(301),"tdmSG,tdmStayGold","",IMG_TRT_013,mScarlet3-S2:H2B,"","","",,,"tdmSG,tdmStayGold",211,,,,2025-03-18,,20250318-plate1,20250318-plate1-slot3,,,,
cluster_linked,IMG_CLT_20250321_01,2025-03-21,pDQM005_301,pDQM005,pDQM005:301,pDQM005(301),"tdmSG,tdmStayGold","",IMG_TRT_013,mScarlet3-S2:H2B,"","","",,,"tdmSG,tdmStayGold",200,,,,2025-03-24,,20250324-plate1,20250324-plate1-slot1,U:\Data\20240911_Korra_Foundation\20250324_mem_histone\fish1_72hpf,,,
cluster_linked,IMG_CLT_20250321_01,2025-03-21,pDQM005_301,pDQM005,pDQM005:301,pDQM005(301),"tdmSG,tdmStayGold","",IMG_TRT_013,mScarlet3-S2:H2B,"","","",,,"tdmSG,tdmStayGold",201,,,,2025-03-24,,20250324-plate1,20250324-plate1-slot2,U:\Data\20240911_Korra_Foundation\20250324_mem_histone\fish2_72hpf,,,
cluster_linked,IMG_CLT_20250324_01,2025-03-24,pDQM005_301,pDQM005,pDQM005:301,pDQM005(301),"tdmSG,tdmStayGold","",IMG_TRT_013,mScarlet3-S2:H2B,"","","",,,"tdmSG,tdmStayGold",198,,,,2025-03-26,,20250326-plate1,20250326-plate1-slot1,U:\Data\20240911_Korra_Foundation\20250324_mem_histone\fish4_24hpf,,,
cluster_linked,IMG_CLT_20250324_01,2025-03-24,pDQM005_301,pDQM005,pDQM005:301,pDQM005(301),"tdmSG,tdmStayGold","",IMG_TRT_013,mScarlet3-S2:H2B,"","","",,,"tdmSG,tdmStayGold",199,,,,2025-03-25,,20250325-plate1,20250325-plate1-slot1,U:\Data\20240911_Korra_Foundation\20250324_mem_histone\fish3_24hpf,,,
cluster_linked,IMG_CLT_20250326_01,2025-03-26,pDQM005_301_318,"pDQM005,pDQM036","pDQM005:301,pDQM036:318",pDQM005(301)/pDQM036(318),"tdmSG,tdmStayGold","",IMG_TRT_012,phiC,"","","",,,"tdmSG,tdmStayGold",193,,,,2025-03-28,,20250328-plate1,20250328-plate1-slot1,U:\Data\20240911_Korra_Foundation\20250327_mem_skittles\fish3_48hpf,,,
cluster_linked,IMG_CLT_20250326_01,2025-03-26,pDQM005_301_318,"pDQM005,pDQM036","pDQM005:301,pDQM036:318",pDQM005(301)/pDQM036(318),"tdmSG,tdmStayGold","",IMG_TRT_012,phiC,"","","",,,"tdmSG,tdmStayGold",194,,,,2025-03-28,,20250328-plate1,20250328-plate1-slot2,U:\Data\20240911_Korra_Foundation\20250327_mem_skittles\fish4_48hpf,,,
cluster_linked,IMG_CLT_20250326_01,2025-03-26,pDQM005_301_318,"pDQM005,pDQM036","pDQM005:301,pDQM036:318",pDQM005(301)/pDQM036(318),"tdmSG,tdmStayGold","",IMG_TRT_012,phiC,"","","",,,"tdmSG,tdmStayGold",195,,,,2025-03-27,,20250327-plate1,20250327-plate1-slot3,U:\Data\20240911_Korra_Foundation\20250327_mem_skittles\fish5_48hpf,,,
cluster_linked,IMG_CLT_20250326_01,2025-03-26,pDQM005_301_318,"pDQM005,pDQM036","pDQM005:301,pDQM036:318",pDQM005(301)/pDQM036(318),"tdmSG,tdmStayGold","",IMG_TRT_012,phiC,"","","",,,"tdmSG,tdmStayGold",196,,,,2025-03-27,,20250327-plate1,20250327-plate1-slot1,U:\Data\20240911_Korra_Foundation\20250327_mem_skittles\fish1_24hpf,,,
cluster_linked,IMG_CLT_20250326_01,2025-03-26,pDQM005_301_318,"pDQM005,pDQM036","pDQM005:301,pDQM036:318",pDQM005(301)/pDQM036(318),"tdmSG,tdmStayGold","",IMG_TRT_012,phiC,"","","",,,"tdmSG,tdmStayGold",197,,,,2025-03-27,,20250327-plate1,20250327-plate1-slot2,U:\Data\20240911_Korra_Foundation\20250327_mem_skittles\fish2_24hpf,,,
cluster_linked,IMG_CLT_20250328_01,2025-03-28,pDQM005_308,pDQM005,pDQM005:308,pDQM005(308),"tdmSG,tdmStayGold","",IMG_TRT_013,mScarlet3-S2:H2B,"","","",,,"tdmSG,tdmStayGold",192,,,,2025-03-31,,20250331-plate1,20250331-plate1-slot1,,,,
cluster_linked,IMG_CLT_20250331_01,2025-03-31,pDQM005_301,pDQM005,pDQM005:301,pDQM005(301),"tdmSG,tdmStayGold","",IMG_TRT_013,mScarlet3-S2:H2B,"","","",,,"tdmSG,tdmStayGold",191,,,,2025-04-01,,20250401-plate1,20250401-plate1-slot1,U:\Data\20240911_Korra_Foundation\20250401_mem_histone\fish1_24hpf,,,
cluster_linked,IMG_CLT_20250403_01,2025-04-03,pDQM005_301_318,"pDQM005,pDQM036","pDQM005:301,pDQM036:318",pDQM005(301)/pDQM036(318),"tdmSG,tdmStayGold","",IMG_TRT_014,phiC; phiC-NLS,"","","",,,"tdmSG,tdmStayGold",188,,,,2025-04-07,,20250407-plate1,20250407-plate1-slot1,U:\Data\20240911_Korra_Foundation\20250401_mem_skittles\fish1_96hpf,,,
cluster_linked,IMG_CLT_20250403_01,2025-04-03,pDQM005_301_318,"pDQM005,pDQM036","pDQM005:301,pDQM036:318",pDQM005(301)/pDQM036(318),"tdmSG,tdmStayGold","",IMG_TRT_014,phiC; phiC-NLS,"","","",,,"tdmSG,tdmStayGold",189,,,,2025-04-04,,20250404-plate1,20250404-plate1-slot1,U:\Data\20240911_Korra_Foundation\20250401_mem_skittles\fish1_24hpf\roi1,,,
cluster_linked,IMG_CLT_20250409_01,2025-04-09,,,,,,,IMG_TRT_015,2xCox8A:mSG; 2xLynk:mChilada; LAMP1:mSG,MGCO-15,"","",mStayGold,LAMP1,mStayGold,184,,,,2025-04-11,,20250411-plate1,20250411-plate1-slot1,"U:\Data\20240911_Korra_Foundation\20250410_organelle\fish4-5,, mitochondria",,,
cluster_linked,IMG_CLT_20250409_01,2025-04-09,,,,,,,IMG_TRT_015,2xCox8A:mSG; 2xLynk:mChilada; LAMP1:mSG,MGCO-15,"","",mStayGold,LAMP1,mStayGold,185,,,,2025-04-10,,20250410-plate1,20250410-plate1-slot1,"U:\Data\20240911_Korra_Foundation\20250410_organelle\fish1-fish3, lysosome",,,
cluster_linked,IMG_CLT_20250411_01,2025-04-11,pDQM005_301,pDQM005,pDQM005:301,pDQM005(301),"tdmSG,tdmStayGold","",IMG_TRT_013,mScarlet3-S2:H2B,"","","",,,"tdmSG,tdmStayGold",183,,,,2025-04-14,,20250414-plate1,20250414-plate1-slot1,U:\Data\20240911_Korra_Foundation\20250414_mem_histone\fish1_72hpf,,,
cluster_linked,IMG_CLT_20250414_01,2025-04-14,pDQM005_301,pDQM005,pDQM005:301,pDQM005(301),"tdmSG,tdmStayGold","",IMG_TRT_013,mScarlet3-S2:H2B,"","","",,,"tdmSG,tdmStayGold",182,,,,2025-04-15,,20250415-plate1,20250415-plate1-slot1,,,,
cluster_linked,IMG_CLT_20250417_01,2025-04-17,pDQM005_301,pDQM005,pDQM005:301,pDQM005(301),"tdmSG,tdmStayGold","",IMG_TRT_013,mScarlet3-S2:H2B,"","","",,,"tdmSG,tdmStayGold",181,,,,2025-04-18,,20250418-plate1,20250418-plate1-slot1,U:\Data\20240911_Korra_Foundation\20250418_mem_histone\fish1_newLLStest,,,
cluster_linked,IMG_CLT_20250418_01,2025-04-18,pDQM005_301,pDQM005,pDQM005:301,pDQM005(301),"tdmSG,tdmStayGold","",IMG_TRT_013,mScarlet3-S2:H2B,"","","",,,"tdmSG,tdmStayGold",180,,,,2025-04-21,,20250421-plate1,20250421-plate1-slot1,U:\Data\20240911_Korra_Foundation\20250421_mem_histone\fish1_72hpf,,,
cluster_linked,IMG_CLT_20250421_01,2025-04-21,pDQM005_301,pDQM005,pDQM005:301,pDQM005(301),"tdmSG,tdmStayGold","",IMG_TRT_013,mScarlet3-S2:H2B,"","","",,,"tdmSG,tdmStayGold",177,,,,2025-04-23,,20250423-plate1,20250423-plate1-slot1,U:\Data\20240911_Korra_Foundation\20250421_mem_histone\fish4_48hpf,,,
cluster_linked,IMG_CLT_20250421_01,2025-04-21,pDQM005_301,pDQM005,pDQM005:301,pDQM005(301),"tdmSG,tdmStayGold","",IMG_TRT_013,mScarlet3-S2:H2B,"","","",,,"tdmSG,tdmStayGold",178,,,,2025-04-22,,20250422-plate1,20250422-plate1-slot1,U:\Data\20240911_Korra_Foundation\20250421_mem_histone\fish2_24hpf,,,
cluster_linked,IMG_CLT_20250421_01,2025-04-21,pDQM005_301,pDQM005,pDQM005:301,pDQM005(301),"tdmSG,tdmStayGold","",IMG_TRT_013,mScarlet3-S2:H2B,"","","",,,"tdmSG,tdmStayGold",179,,,,2025-04-22,,20250422-plate1,20250422-plate1-slot2,U:\Data\20240911_Korra_Foundation\20250421_mem_histone\fish3_24hpf,,,
cluster_linked,IMG_CLT_20250426_01,2025-04-26,pDQM005_301,pDQM005,pDQM005:301,pDQM005(301),"tdmSG,tdmStayGold","",IMG_TRT_013,mScarlet3-S2:H2B,"","","",,,"tdmSG,tdmStayGold",173,,,,2025-04-28,,20250428-plate1,20250428-plate1-slot1,X:\abcabc\Korra_Foundation\20250428_mem_histone\fish1_72hpf,,,
cluster_linked,IMG_CLT_20250428_01,2025-04-28,pDQM005_301,pDQM005,pDQM005:301,pDQM005(301),"tdmSG,tdmStayGold","",IMG_TRT_017,ef1a:mGold2s,"","","",,,"tdmSG,tdmStayGold",170,,,,2025-04-30,,20250430-plate1,20250430-plate1-slot1,X:\abcabc\Korra_Foundation\20250429_mem_cytosol\fish2_48hpf,,,
cluster_linked,IMG_CLT_20250428_01,2025-04-28,pDQM005_301,pDQM005,pDQM005:301,pDQM005(301),"tdmSG,tdmStayGold","",IMG_TRT_017,ef1a:mGold2s,"","","",,,"tdmSG,tdmStayGold",172,,,,2025-04-29,,20250429-plate1,20250429-plate1-slot1,X:\abcabc\Korra_Foundation\20250429_mem_cytosol\fish1_24hpf,,,
cluster_linked,IMG_CLT_20250504_01,2025-05-04,pDQM005_301,pDQM005,pDQM005:301,pDQM005(301),"tdmSG,tdmStayGold","",IMG_TRT_013,mScarlet3-S2:H2B,"","","",,,"tdmSG,tdmStayGold",168,,,,2025-05-05,,20250505-plate1,20250505-plate1-slot1,X:\abcabc\Korra_Foundation\20250505_fish_transplant\0505_fish1_14somite,,,
cluster_linked,IMG_CLT_20250505_01,2025-05-05,pDQM005_301,pDQM005,pDQM005:301,pDQM005(301),"tdmSG,tdmStayGold","",IMG_TRT_018,2xLynk:mScarlet3-S2; LAMP1:mSG; Vimentin:Halo,MGCO-15,"","",mStayGold,LAMP1,"tdmSG,tdmStayGold,mStayGold",166,,,,2025-05-06,,20250506-plate1,20250506-plate1-slot1,X:\abcabc\Korra_Foundation\20250505_fish_transplant\0506_fish1_memSG_lamp-SG_transmSC_14somite,,,
cluster_linked,IMG_CLT_20250505_01,2025-05-05,pDQM005_301,pDQM005,pDQM005:301,pDQM005(301),"tdmSG,tdmStayGold","",IMG_TRT_018,2xLynk:mScarlet3-S2; LAMP1:mSG; Vimentin:Halo,MGCO-15,"","",mStayGold,LAMP1,"tdmSG,tdmStayGold,mStayGold",167,,,,2025-05-06,,20250506-plate1,20250506-plate1-slot2,X:\abcabc\Korra_Foundation\20250505_fish_transplant\0506_fish2_memSG_vemHalo_transmSC,,,
cluster_linked,IMG_CLT_20250520_01,2025-05-20,pDQM034_309_318,"pDQM034,pDQM036","pDQM036:318,pDQM034:309",pDQM036(318)/pDQM034(309),"Electra2,mCitrine,mKate2,mKOK,mTFP1","",IMG_TRT_022,phiC-NLS,"","","",,,"Electra2,mCitrine,mKate2,mKOK,mTFP1",154,,,,2025-05-21,,20250521-plate1,20250521-plate1-slot1,X:\abcabc\Korra_Foundation\20250521_skittles_no-membrane,,,
cluster_linked,IMG_CLT_20250522_01,2025-05-22,pDQM005_302,pDQM005,pDQM005:302,pDQM005(302),"tdmSG,tdmStayGold","",IMG_TRT_013,mScarlet3-S2:H2B,"","","",,,"tdmSG,tdmStayGold",151,,,,2025-05-23,,20250523-plate1,20250523-plate1-slot1,X:\abcabc\Korra_Foundation\20250523_mem_histone\fish1-4,,,
cluster_linked,IMG_CLT_20250527_01,2025-05-27,pDQM005_302,pDQM005,pDQM005:302,pDQM005(302),"tdmSG,tdmStayGold","",IMG_TRT_013,mScarlet3-S2:H2B,"","","",,,"tdmSG,tdmStayGold",145,,,,2025-05-29,,20250529-plate1,20250529-plate1-slot1,X:\abcabc\Korra_Foundation\20250528_mem-histone\fish1,,,
cluster_linked,IMG_CLT_20250527_01,2025-05-27,pDQM005_302,pDQM005,pDQM005:302,pDQM005(302),"tdmSG,tdmStayGold","",IMG_TRT_013,mScarlet3-S2:H2B,"","","",,,"tdmSG,tdmStayGold",148,,,,2025-05-28,,20250528-plate1,20250528-plate1-slot1,X:\abcabc\Korra_Foundation\20250528_mem-histone\fish2,,,
cluster_linked,IMG_CLT_20250527_01,2025-05-27,pDQM005_302,pDQM005,pDQM005:302,pDQM005(302),"tdmSG,tdmStayGold","",IMG_TRT_013,mScarlet3-S2:H2B,"","","",,,"tdmSG,tdmStayGold",149,,,,2025-05-28,,20250528-plate1,20250528-plate1-slot2,X:\abcabc\Korra_Foundation\20250528_mem-histone\fish3,,,
cluster_linked,IMG_CLT_20250528_01,2025-05-28,pDQM034_310_316,"pDQM034,pDQM059","pDQM059:316,pDQM034:310",pDQM059(316)/pDQM034(310),"Electra2,gfp,GFP,mCitrine,mKate2,mKOK,mTFP1","",IMG_TRT_024,2xLynk:mSG; mChilada:H2B; phiC-NLS,"","","",,,"Electra2,gfp,GFP,mCitrine,mKate2,mKOK,mTFP1",146,,,,2025-05-29,,20250529-plate1,20250529-plate1-slot2,X:\abcabc\Korra_Foundation\20250529_skittlez,,,
cluster_linked,IMG_CLT_20250528_02,2025-05-28,pDQM005_302,pDQM005,pDQM005:302,pDQM005(302),"tdmSG,tdmStayGold","",IMG_TRT_013,mScarlet3-S2:H2B,"","","",,,"tdmSG,tdmStayGold",144,,,,2025-05-30,,20250530-plate1,20250530-plate1-slot1,X:\abcabc\Korra_Foundation\20250530_mem-histone\,,,
cluster_linked,IMG_CLT_20250530_01,2025-05-30,pDQM005_302,pDQM005,pDQM005:302,pDQM005(302),"tdmSG,tdmStayGold","",IMG_TRT_023,IMG_TRT_023,"","","",,,"tdmSG,tdmStayGold",143,,,,2025-06-02,,20250602-plate1,20250602-plate1-slot1,X:\abcabc\Korra_Foundation\20250602_mem,,,
cluster_linked,IMG_CLT_20250602_01,2025-06-02,pDQM034_317_321,"pDQM034,pDQM059","pDQM059:321,pDQM034:317",pDQM059(321)/pDQM034(317),"Electra2,gfp,GFP,mCitrine,mKate2,mKOK,mTFP1","",IMG_TRT_025,2xLynk:mSG; phiC-NLS,"","","",,,"Electra2,gfp,GFP,mCitrine,mKate2,mKOK,mTFP1",142,,,,2025-06-03,,20250603-plate1,20250603-plate1-slot1,X:\abcabc\Korra_Foundation\20250603_skittlez,,,
cluster_linked,IMG_CLT_20250604_01,2025-06-04,pDQM034_309_318,"pDQM034,pDQM036","pDQM036:318,pDQM034:309",pDQM036(318)/pDQM034(309),"Electra2,mCitrine,mKate2,mKOK,mTFP1","",IMG_TRT_025,2xLynk:mSG; phiC-NLS,"","","",,,"Electra2,mCitrine,mKate2,mKOK,mTFP1",141,,,,2025-06-05,,20250605-plate1,20250605-plate1-slot1,X:\abcabc\Korra_Foundation\20250605_skittlez,,,
cluster_linked,IMG_CLT_20250605_01,2025-06-05,pDQM034_310_316,"pDQM034,pDQM059","pDQM059:316,pDQM034:310",pDQM059(316)/pDQM034(310),"Electra2,gfp,GFP,mCitrine,mKate2,mKOK,mTFP1","",IMG_TRT_025,2xLynk:mSG; phiC-NLS,"","","",,,"Electra2,gfp,GFP,mCitrine,mKate2,mKOK,mTFP1",140,,,,2025-06-06,,20250606-plate1,20250606-plate1-slot1,X:\abcabc\Korra_Foundation\20250606_skittlez,,,
cluster_linked,IMG_CLT_20250606_01,2025-06-06,pDQM005_301,pDQM005,pDQM005:301,pDQM005(301),"tdmSG,tdmStayGold","",IMG_TRT_013,mScarlet3-S2:H2B,"","","",,,"tdmSG,tdmStayGold",139,,,,2025-06-09,,20250609-plate1,20250609-plate1-slot1,X:\abcabc\Korra_Foundation\20250609_mem-histone\fish11_72hpf_roi1,,,
cluster_linked,IMG_CLT_20250609_01,2025-06-09,pDQM005_301,pDQM005,pDQM005:301,pDQM005(301),"tdmSG,tdmStayGold","",IMG_TRT_013,mScarlet3-S2:H2B,"","","",,,"tdmSG,tdmStayGold",137,,,,2025-06-10,,20250610-plate1,20250610-plate1-slot1,X:\abcabc\Korra_Foundation\20250609_mem-histone\fish2_24hpf_roi1-2,,,
cluster_linked,IMG_CLT_20250609_01,2025-06-09,pDQM005_301,pDQM005,pDQM005:301,pDQM005(301),"tdmSG,tdmStayGold","",IMG_TRT_013,mScarlet3-S2:H2B,"","","",,,"tdmSG,tdmStayGold",138,,,,2025-06-10,,20250610-plate1,20250610-plate1-slot2,X:\abcabc\Korra_Foundation\20250609_mem-histone\fish3-6\,,,
cluster_linked,IMG_CLT_20250611_01,2025-06-11,pDQM034_309_318,"pDQM034,pDQM036","pDQM036:318,pDQM034:309",pDQM036(318)/pDQM034(309),"Electra2,mCitrine,mKate2,mKOK,mTFP1","",IMG_TRT_025,2xLynk:mSG; phiC-NLS,"","","",,,"Electra2,mCitrine,mKate2,mKOK,mTFP1",136,,,,2025-06-12,,20250612-plate1,20250612-plate1-slot1,X:\abcabc\Korra_Foundation\20250612_skittlez,,,
cluster_linked,IMG_CLT_20250612_01,2025-06-12,pDQM036_316_318,"pDQM036,pDQM059","pDQM059:316,pDQM036:318",pDQM059(316)/pDQM036(318),"gfp,GFP","",IMG_TRT_026,2xLynk:mSG; phiC-NLS,"","","",,,"gfp,GFP",135,,,,2025-06-13,,20250613-plate1,20250613-plate1-slot1,X:\abcabc\Korra_Foundation\20250613_skittlez,,,
cluster_linked,IMG_CLT_20250614_01,2025-06-14,pDQM005_301,pDQM005,pDQM005:301,pDQM005(301),"tdmSG,tdmStayGold","",IMG_TRT_013,mScarlet3-S2:H2B,"","","",,,"tdmSG,tdmStayGold",134,,,,2025-06-16,,20250616-plate1,20250616-plate1-slot1,X:\abcabc\Korra_Foundation\20250616_mem-histone\fish1,,,
cluster_linked,IMG_CLT_20250616_01,2025-06-16,pDQM005_301,pDQM005,pDQM005:301,pDQM005(301),"tdmSG,tdmStayGold","",IMG_TRT_013,mScarlet3-S2:H2B,"","","",,,"tdmSG,tdmStayGold",133,,,,2025-06-17,,20250617-plate1,20250617-plate1-slot1,X:\abcabc\Korra_Foundation\20250616_mem-histone\fish_24hpf,,,
cluster_linked,IMG_CLT_20250617_01,2025-06-17,pDQM034_309_310,pDQM034,"pDQM034:310,pDQM034:309",pDQM034(310)/pDQM034(309),"Electra2,mCitrine,mKate2,mKOK,mTFP1","",IMG_TRT_025,2xLynk:mSG; phiC-NLS,"","","",,,"Electra2,mCitrine,mKate2,mKOK,mTFP1",132,,,,2025-06-18,,20250618-plate1,20250618-plate1-slot1,X:\abcabc\Korra_Foundation\20250618_skittlez,,,
cluster_linked,IMG_CLT_20250618_01,2025-06-18,pDQM034_309_318,"pDQM034,pDQM036","pDQM036:318,pDQM034:309",pDQM036(318)/pDQM034(309),"Electra2,mCitrine,mKate2,mKOK,mTFP1","",IMG_TRT_025,2xLynk:mSG; phiC-NLS,"","","",,,"Electra2,mCitrine,mKate2,mKOK,mTFP1",131,,,,2025-06-19,,20250619-plate1,20250619-plate1-slot1,X:\abcabc\Korra_Foundation\20250619_skittlez,,,
cluster_linked,IMG_CLT_20250623_01,2025-06-23,pDQM059_314_320,"pDQM059,pDQM064","pDQM059:320,pDQM064:314",pDQM059(320)/pDQM064(314),"Electra2,gfp,GFP,mCitrine,mKate2,mKoK,mKOK,mTFP1","",IMG_TRT_025,2xLynk:mSG; phiC-NLS,"","","",,,"Electra2,gfp,GFP,mCitrine,mKate2,mKoK,mKOK,mTFP1",129,,,,2025-06-24,,20250624-plate1,20250624-plate1-slot2,X:\abcabc\Korra_Foundation\20250624_skittlez_Issac_x_Ken,,,
cluster_linked,IMG_CLT_20250623_02,2025-06-23,pDQM034_317_321,"pDQM034,pDQM059","pDQM059:321,pDQM034:317",pDQM059(321)/pDQM034(317),"Electra2,gfp,GFP,mCitrine,mKate2,mKOK,mTFP1","",IMG_TRT_025,2xLynk:mSG; phiC-NLS,"","","",,,"Electra2,gfp,GFP,mCitrine,mKate2,mKOK,mTFP1",130,,,,2025-06-24,,20250624-plate1,20250624-plate1-slot1,X:\abcabc\Korra_Foundation\20250624_skittlez_Chris_x_Liam,,,
cluster_linked,IMG_CLT_20250624_01,2025-06-24,pDQM034_309_310,pDQM034,"pDQM034:310,pDQM034:309",pDQM034(310)/pDQM034(309),"Electra2,mCitrine,mKate2,mKOK,mTFP1","",IMG_TRT_027,2xLynk:mSG; phiC-NLS,"","","",,,"Electra2,mCitrine,mKate2,mKOK,mTFP1",128,,,,2025-06-25,,20250625-plate1,20250625-plate1-slot1,X:\abcabc\Korra_Foundation\20250624_skittlez_Chris_x_Liam,,,
cluster_linked,IMG_CLT_20250624_02,2025-06-24,pDQM005_301,pDQM005,pDQM005:301,pDQM005(301),"tdmSG,tdmStayGold","",IMG_TRT_013,mScarlet3-S2:H2B,"","","",,,"tdmSG,tdmStayGold",126,,,,2025-06-26,,20250626-plate1,20250626-plate1-slot1,X:\abcabc\Korra_Foundation\20250626_mem-histone\fish1_48hpf_brain,,,
cluster_linked,IMG_CLT_20250624_02,2025-06-24,pDQM005_301,pDQM005,pDQM005:301,pDQM005(301),"tdmSG,tdmStayGold","",IMG_TRT_013,mScarlet3-S2:H2B,"","","",,,"tdmSG,tdmStayGold",127,,,,2025-06-26,,20250626-plate1,20250626-plate1-slot2,X:\abcabc\Korra_Foundation\20250626_mem-histone\fish3_48hpf_hindbrain-to-tail,,,
cluster_linked,IMG_CLT_20250626_01,2025-06-26,pDQM034_310_316,"pDQM034,pDQM059","pDQM059:316,pDQM034:310",pDQM059(316)/pDQM034(310),"Electra2,gfp,GFP,mCitrine,mKate2,mKOK,mTFP1","",IMG_TRT_025,2xLynk:mSG; phiC-NLS,"","","",,,"Electra2,gfp,GFP,mCitrine,mKate2,mKOK,mTFP1",125,,,,2025-06-27,,20250627-plate1,20250627-plate1-slot1,X:\abcabc\Korra_Foundation\20250627_skittlez and 20250625_skittlez,,,
cluster_linked,IMG_CLT_20250714_01,2025-07-14,pDQM005_301,pDQM005,pDQM005:301,pDQM005(301),"tdmSG,tdmStayGold","",IMG_TRT_028,ef1a-extended:2xCox8A:Halo; ef1a-extended:2xCox8A:mScarlet3S2,"MGCO-35,MGCO-36,MGCO-39,MGCO-40","","","halo,Halo,mScarlet3S2","2Xcox8A,sec61b","tdmSG,tdmStayGold,halo,Halo,mScarlet3S2",121,,,,2025-07-17,,20250717-plate1,20250717-plate1-slot1,X:\abcabc\Korra_Foundation\20250715_mem_organelle,,,
cluster_linked,IMG_CLT_20250714_01,2025-07-14,pDQM005_301,pDQM005,pDQM005:301,pDQM005(301),"tdmSG,tdmStayGold","",IMG_TRT_028,ef1a-extended:2xCox8A:Halo; ef1a-extended:2xCox8A:mScarlet3S2,"MGCO-35,MGCO-36,MGCO-39,MGCO-40","","","halo,Halo,mScarlet3S2","2Xcox8A,sec61b","tdmSG,tdmStayGold,halo,Halo,mScarlet3S2",122,,,,2025-07-16,,20250716-plate1,20250716-plate1-slot1,X:\abcabc\Korra_Foundation\20250715_mem_organelle,,,
cluster_linked,IMG_CLT_20250714_01,2025-07-14,pDQM005_301,pDQM005,pDQM005:301,pDQM005(301),"tdmSG,tdmStayGold","",IMG_TRT_028,ef1a-extended:2xCox8A:Halo; ef1a-extended:2xCox8A:mScarlet3S2,"MGCO-35,MGCO-36,MGCO-39,MGCO-40","","","halo,Halo,mScarlet3S2","2Xcox8A,sec61b","tdmSG,tdmStayGold,halo,Halo,mScarlet3S2",123,,,,2025-07-15,,20250715-plate1,20250715-plate1-slot2,X:\abcabc\Korra_Foundation\20250715_mem_organelle,,,
cluster_linked,IMG_CLT_20250714_01,2025-07-14,pDQM005_301,pDQM005,pDQM005:301,pDQM005(301),"tdmSG,tdmStayGold","",IMG_TRT_028,ef1a-extended:2xCox8A:Halo; ef1a-extended:2xCox8A:mScarlet3S2,"MGCO-35,MGCO-36,MGCO-39,MGCO-40","","","halo,Halo,mScarlet3S2","2Xcox8A,sec61b","tdmSG,tdmStayGold,halo,Halo,mScarlet3S2",124,,,,2025-07-15,,20250715-plate1,20250715-plate1-slot1,X:\abcabc\Korra_Foundation\20250715_mem_organelle,,,
cluster_linked,IMG_CLT_20250721_02,2025-07-21,pDQM082_315,pDQM082,pDQM082:315,pDQM082(315),tdmChilada,2xLynk,IMG_TRT_030,2xCox8A:mSG,"","","",,,tdmChilada,120,,,,2025-07-22,,20250722-plate1,20250722-plate1-slot2,X:\abcabc\Aang_Foundation\20250722_mrna_mito-mSG_mem-mChilada,,,
cluster_linked,IMG_CLT_20250723_01,2025-07-23,pDQM082_315,pDQM082,pDQM082:315,pDQM082(315),tdmChilada,2xLynk,IMG_TRT_031,mSG:sec61b,"","","",,,tdmChilada,117,,,,2025-07-24,,20250724-plate1,20250724-plate1-slot1,"X:\abcabc\Korra_Foundation\20250724_mem-mchilada_er-mSG, X:\abcabc\Aang_Foundation\20250723_er-mSG_mem-mChilada",,,
cluster_linked,IMG_CLT_20250726_01,2025-07-26,pDQM005_301,pDQM005,pDQM005:301,pDQM005(301),"tdmSG,tdmStayGold","",IMG_TRT_032,tdmChilada:PCNA,"","","",,,"tdmSG,tdmStayGold",116,,,,2025-07-28,,20250728-plate1,20250728-plate1-slot1,X:\abcabc\Korra_Foundation\20250728_mem-histone,,,
cluster_linked,IMG_CLT_20250731_01,2025-07-31,pDQM005_301,pDQM005,pDQM005:301,pDQM005(301),"tdmSG,tdmStayGold","",IMG_TRT_032,tdmChilada:PCNA,"","","",,,"tdmSG,tdmStayGold",115,,,,2025-08-01,,20250801-plate1,20250801-plate1-slot1,X:\abcabc\Korra_Foundation\20250801_mem-PCNA,,,
cluster_linked,IMG_CLT_20250801_01,2025-08-01,pDQM005_301,pDQM005,pDQM005:301,pDQM005(301),"tdmSG,tdmStayGold","",IMG_TRT_032,tdmChilada:PCNA,"","","",,,"tdmSG,tdmStayGold",114,,,,2025-08-04,,20250804-plate1,20250804-plate1-slot1,X:\abcabc\Korra_Foundation\20250801_mem-PCNA\fish3_72hpf_roi1,,,
cluster_linked,IMG_CLT_20250804_01,2025-08-04,Swinburne_Swinburne,Swinburne,Swinburne:Swinburne,Swinburne(Swinburne),,,IMG_TRT_033,2xCox8A:mSG; Lifeact:mSG,MGCO-23,"","",mStayGold,lifeact,mStayGold,111,,,,2025-08-06,,20250806-plate1,20250806-plate1-slot1,X:\abcabc\Aang_Foundation\20250805_lifeact_mem-halo,,,
cluster_linked,IMG_CLT_20250804_01,2025-08-04,Swinburne_Swinburne,Swinburne,Swinburne:Swinburne,Swinburne(Swinburne),,,IMG_TRT_033,2xCox8A:mSG; Lifeact:mSG,MGCO-23,"","",mStayGold,lifeact,mStayGold,113,,,,2025-08-05,,20250805-plate1,20250805-plate1-slot1,X:\abcabc\Aang_Foundation\20250805_mito_mem-halo,,,
cluster_linked,IMG_CLT_20250804_02,2025-08-04,pDQM005_301,pDQM005,pDQM005:301,pDQM005(301),"tdmSG,tdmStayGold","",IMG_TRT_023,IMG_TRT_023,"","","",,,"tdmSG,tdmStayGold,mStayGold",112,,,,2025-08-05,,20250805-plate1,20250805-plate1-slot2,X:\abcabc\Korra_Foundation\20250805_mem-histone,,,
cluster_linked,IMG_CLT_20250807_01,2025-08-07,pDQM082_315,pDQM082,pDQM082:315,pDQM082(315),tdmChilada,2xLynk,IMG_TRT_034,2xCox8A:mSG; LAMP1:mSG,MGCO-15,"","",mStayGold,LAMP1,"tdmChilada,mStayGold",107,,,,2025-08-08,,20250808-plate1,20250808-plate1-slot1,X:\abcabc\Aang_Foundation\20250808_mem_organelle,,,
cluster_linked,IMG_CLT_20250807_01,2025-08-07,pDQM082_315,pDQM082,pDQM082:315,pDQM082(315),tdmChilada,2xLynk,IMG_TRT_034,2xCox8A:mSG; LAMP1:mSG,MGCO-15,"","",mStayGold,LAMP1,"tdmChilada,mStayGold",108,,,,2025-08-08,,20250808-plate1,20250808-plate1-slot2,X:\abcabc\Aang_Foundation\20250808_mem_organelle,,,
cluster_linked,IMG_CLT_20250811_01,2025-08-11,pDQM005_301_324,"pDQM005,pDQM133","pDQM005:301,pDQM133:324",pDQM005(301)/pDQM133(324),"tdmScarlet3,tdmSG,tdmStayGold","",IMG_TRT_023,IMG_TRT_023,"","","",,,"tdmScarlet3,tdmSG,tdmStayGold",102,,,,2025-08-13,,20250813-plate1,20250813-plate1-slot1,,,,
cluster_linked,IMG_CLT_20250814_01,2025-08-14,pDQM136_325,pDQM136,pDQM136:325,pDQM136(325),tdmScarlet3,2xLynk,IMG_TRT_023,IMG_TRT_023,"","","",,,tdmScarlet3,96,,,,2025-08-15,,20250815-plate1,20250815-plate1-slot1,,,,
cluster_linked,IMG_CLT_20250815_01,2025-08-15,pDQM005_301,pDQM005,pDQM005:301,pDQM005(301),"tdmSG,tdmStayGold","",IMG_TRT_035,ef1a:linker:mKate2:linker-attB; ef1a:mCardinal (iCodon),"","","",,,"tdmSG,tdmStayGold",93,,,,2025-08-18,,20250818-plate1,20250818-plate1-slot1,,,,
cluster_linked,IMG_CLT_20250815_01,2025-08-15,pDQM005_301,pDQM005,pDQM005:301,pDQM005(301),"tdmSG,tdmStayGold","",IMG_TRT_035,ef1a:linker:mKate2:linker-attB; ef1a:mCardinal (iCodon),"","","",,,"tdmSG,tdmStayGold",94,,,,2025-08-18,,20250818-plate1,20250818-plate1-slot2,,,,
cluster_linked,IMG_CLT_20250818_01,2025-08-18,pDQM082_315,pDQM082,pDQM082:315,pDQM082(315),tdmChilada,2xLynk,IMG_TRT_036,2xCox8A:mSG; mSG:sec61b,"","","",,,tdmChilada,90,,,,2025-08-20,,20250820-plate1,20250820-plate1-slot1,X:\abcabc\Aang_Foundation\20250819_mem_mito,,,
cluster_linked,IMG_CLT_20250818_01,2025-08-18,pDQM082_315,pDQM082,pDQM082:315,pDQM082(315),tdmChilada,2xLynk,IMG_TRT_036,2xCox8A:mSG; mSG:sec61b,"","","",,,tdmChilada,91,,,,2025-08-19,,20250819-plate1,20250819-plate1-slot2,X:\abcabc\Aang_Foundation\20250819_mem_mito,,,
cluster_linked,IMG_CLT_20250818_01,2025-08-18,pDQM082_315,pDQM082,pDQM082:315,pDQM082(315),tdmChilada,2xLynk,IMG_TRT_036,2xCox8A:mSG; mSG:sec61b,"","","",,,tdmChilada,92,,,,2025-08-19,,20250819-plate1,20250819-plate1-slot1,X:\abcabc\Aang_Foundation\20250819_mem_ER,,,
cluster_linked,IMG_CLT_20250818_02,2025-08-18,pDQM005_301_324,"pDQM005,pDQM133","pDQM005:301,pDQM133:324",pDQM005(301)/pDQM133(324),"tdmScarlet3,tdmSG,tdmStayGold","",IMG_TRT_023,IMG_TRT_023,"","","",,,"tdmScarlet3,tdmSG,tdmStayGold,mStayGold,mYH,mYongHong",88,,,,2025-08-21,,20250821-plate1,20250821-plate1-slot2,,,,
cluster_linked,IMG_CLT_20250819_01,2025-08-19,,,,,,,IMG_TRT_037,ef1a:mCardinal (iCodon),"","","",,,"mStayGold,mYH,mYongHong",85,,,,2025-08-22,,20250822-plate1,20250822-plate1-slot2,X:\abcabc\Exploratory_fish\20250822_PDQM145,,,
cluster_linked,IMG_CLT_20250820_01,2025-08-20,pDQM082_315,pDQM082,pDQM082:315,pDQM082(315),tdmChilada,2xLynk,IMG_TRT_038,2xCox8A:mSG; mSG:MYH10,MGCO-25,"","","mStayGold,mYH,mYongHong","","tdmChilada,mStayGold,mYH,mYongHong",84,,,,2025-08-22,,20250822-plate1,20250822-plate1-slot1,X:\abcabc\Aang_Foundation\20250821_mem_mito,,,
cluster_linked,IMG_CLT_20250820_01,2025-08-20,pDQM082_315,pDQM082,pDQM082:315,pDQM082(315),tdmChilada,2xLynk,IMG_TRT_038,2xCox8A:mSG; mSG:MYH10,MGCO-25,"","","mStayGold,mYH,mYongHong","","tdmChilada,mStayGold,mYH,mYongHong",86,,,,2025-08-21,,20250821-plate1,20250821-plate1-slot1,X:\abcabc\Aang_Foundation\20250821_mem_mito,,,
cluster_linked,IMG_CLT_20250820_01,2025-08-20,pDQM082_315,pDQM082,pDQM082:315,pDQM082(315),tdmChilada,2xLynk,IMG_TRT_038,2xCox8A:mSG; mSG:MYH10,MGCO-25,"","","mStayGold,mYH,mYongHong","","tdmChilada,mStayGold,mYH,mYongHong",87,,,,2025-08-21,,20250821-plate1,20250821-plate1-slot3,,,,
cluster_linked,IMG_CLT_20250822_01,2025-08-22,,,,,,,IMG_TRT_039,ef1a-extended:2xCox8A:mStayGold; ef1a-extended:mStayGold:sec61b,"MGCO-27,MGCO-28","","",mStayGold,"2Xcox8A,sec61b",mStayGold,80,,,,2025-08-25,,20250825-plate1,20250825-plate1-slot1,X:\abcabc\Exploratory_fish\20250825_mgco28_mito-mSG,,,
cluster_linked,IMG_CLT_20250822_01,2025-08-22,,,,,,,IMG_TRT_039,ef1a-extended:2xCox8A:mStayGold; ef1a-extended:mStayGold:sec61b,"MGCO-27,MGCO-28","","",mStayGold,"2Xcox8A,sec61b",mStayGold,83,,,,2025-08-25,,20250825-plate1,20250825-plate1-slot2,X:\abcabc\Exploratory_fish\20250825_mgco29_er-msg,,,
cluster_linked,IMG_CLT_20250822_02,2025-08-22,"pDQM005, pDQM104_301, n/a","pDQM005, pDQM104","pDQM005, pDQM104:301, n/a","pDQM005, pDQM104(301, n/a)","mchilada,mChilada,tdmSG,tdmStayGold","",IMG_TRT_023,IMG_TRT_023,"","","",,,"mchilada,mChilada,tdmSG,tdmStayGold,mStayGold",82,,,,2025-08-25,,20250825-plate1,20250825-plate1-slot4,X:\abcabc\Exploratory_fish\20250825_pqdm094_mem-histone,,,
cluster_linked,IMG_CLT_20250822_03,2025-08-22,"pDQM005, pDQM104_301, n/a","pDQM005, pDQM104","pDQM005, pDQM104:301, n/a","pDQM005, pDQM104(301, n/a)","mchilada,mChilada,tdmSG,tdmStayGold","",IMG_TRT_023,IMG_TRT_023,"","","",,,"mchilada,mChilada,tdmSG,tdmStayGold,mStayGold",81,,,,2025-08-25,,20250825-plate1,20250825-plate1-slot3,X:\abcabc\Exploratory_fish\20250825_pqdm065_mem-histone,,,
cluster_linked,IMG_CLT_20250825_01,2025-08-25,pDQM082_315,pDQM082,pDQM082:315,pDQM082(315),tdmChilada,2xLynk,IMG_TRT_040,Lifeact:mSG,MGCO-23,"","",mStayGold,lifeact,"tdmChilada,mStayGold",75,,,,2025-08-27,2025-W35-3,20250827-plate1,20250827-plate1-slot1,X:\abcabc\Aang_Foundation\20250827_mem_actin,,,
cluster_linked,IMG_CLT_20250825_02,2025-08-25,pDQM082_315,pDQM082,pDQM082:315,pDQM082(315),tdmChilada,2xLynk,IMG_TRT_033,2xCox8A:mSG; Lifeact:mSG,MGCO-23,"","",mStayGold,lifeact,"tdmChilada,mStayGold",78,,,,2025-08-26,,20250826-plate1,20250826-plate1-slot3,,,,
cluster_linked,IMG_CLT_20250825_02,2025-08-25,pDQM082_315,pDQM082,pDQM082:315,pDQM082(315),tdmChilada,2xLynk,IMG_TRT_033,2xCox8A:mSG; Lifeact:mSG,MGCO-23,"","",mStayGold,lifeact,"tdmChilada,mStayGold",79,,,,2025-08-26,,20250826-plate1,20250826-plate1-slot1,X:\abcabc\Aang_Foundation\20250826_mem_actin,,,
cluster_linked,IMG_CLT_20250825_03,2025-08-25,pDQM136_325,pDQM136,pDQM136:325,pDQM136(325),tdmScarlet3,2xLynk,IMG_TRT_041,2xCox8A:mSG; mSG:alpha-tub,MGCO-19,"","",mStayGold,"","tdmScarlet3,mStayGold",76,,,,2025-08-26,,20250826-plate1,20250826-plate1-slot2,,,,
cluster_linked,IMG_CLT_20250825_03,2025-08-25,pDQM136_325,pDQM136,pDQM136:325,pDQM136(325),tdmScarlet3,2xLynk,IMG_TRT_041,2xCox8A:mSG; mSG:alpha-tub,MGCO-19,"","",mStayGold,"","tdmScarlet3,mStayGold",77,,,,2025-08-26,,20250826-plate1,20250826-plate1-slot4,,,,
cluster_linked,IMG_CLT_20250827_01,2025-08-27,pDQM082_315,pDQM082,pDQM082:315,pDQM082(315),tdmChilada,2xLynk,IMG_TRT_040,Lifeact:mSG,MGCO-23,"","",mStayGold,lifeact,"tdmChilada,mStayGold",74,,,,2025-08-28,2025-W35-6,20250828-plate1,20250828-plate1-slot1,X:\abcabc\Aang_Foundation\20250828_mem_actin,,,
cluster_linked,IMG_CLT_20250902_01,2025-09-02,pDQM082_315,pDQM082,pDQM082:315,pDQM082(315),tdmChilada,2xLynk,IMG_TRT_043,HC-9 Lifeact:mStayGold,HC-9,"","",mStayGold,lifeact,"tdmChilada,mStayGold",68,,,,2025-09-05,1,20250905-plate1,20250905-plate1-slot1,,,,
cluster_linked,IMG_CLT_20250902_01,2025-09-02,pDQM082_315,pDQM082,pDQM082:315,pDQM082(315),tdmChilada,2xLynk,IMG_TRT_043,HC-9 Lifeact:mStayGold,HC-9,"","",mStayGold,lifeact,"tdmChilada,mStayGold",69,,,,2025-09-05,2,20250905-plate1,20250905-plate1-slot2,X:\abcabc\Aang_Foundation\20250905_lifeact-mSG,,,
cluster_linked,IMG_CLT_20250902_01,2025-09-02,pDQM082_315,pDQM082,pDQM082:315,pDQM082(315),tdmChilada,2xLynk,IMG_TRT_043,HC-9 Lifeact:mStayGold,HC-9,"","",mStayGold,lifeact,"tdmChilada,mStayGold",71,,,,2025-09-03,2025-W36-1,20250903-plate1,20250903-plate1-slot1,X:\abcabc\Aang_Foundation\20250903_lifeact-mSG,,,
cluster_linked,IMG_CLT_20250902_02,2025-09-02,pDQM005_301,pDQM005,pDQM005:301,pDQM005(301),"tdmSG,tdmStayGold","",IMG_TRT_044,HC-2 2:NLS-mScarlet3,"","","",,,"tdmSG,tdmStayGold,mStayGold",72,,,,2025-09-03,2025-W36-2,20250903-plate1,20250903-plate1-slot2,,,,
cluster_linked,IMG_CLT_20250903_01,2025-09-03,pDQM136_325,pDQM136,pDQM136:325,pDQM136(325),tdmScarlet3,2xLynk,IMG_TRT_043,HC-9 Lifeact:mStayGold,HC-9,"","",mStayGold,lifeact,"tdmScarlet3,mStayGold",70,,,,2025-09-04,3,20250904-plate1,20250904-plate1-slot1,X:\abcabc\Aang_Foundation\20250904_lifeact-mSG,,,
cluster_linked,IMG_CLT_20250905_01,2025-09-05,pDQM082_315,pDQM082,pDQM082:315,pDQM082(315),tdmChilada,2xLynk,IMG_TRT_030,2xCox8A:mSG,"","","",,,tdmChilada,67,,,,2025-09-08,1,20250908-plate1,20250908-plate1-slot1,X:\abcabc\Aang_Foundation\20250908_mem-mito,,,
cluster_linked,IMG_CLT_20250909_01,2025-09-09,pDQM082_315,pDQM082,pDQM082:315,pDQM082(315),tdmChilada,2xLynk,IMG_TRT_030,2xCox8A:mSG,"","","",,,tdmChilada,62,,,,2025-09-12,2,20250912-plate1,20250912-plate1-slot1,X:\abcabc\Aang_Foundation\20250912_mem-mito,,,
cluster_linked,IMG_CLT_20250909_01,2025-09-09,pDQM082_315,pDQM082,pDQM082:315,pDQM082(315),tdmChilada,2xLynk,IMG_TRT_030,2xCox8A:mSG,"","","",,,tdmChilada,63,,,,2025-09-11,1,20250911-plate1,20250911-plate1-slot1,X:\abcabc\Aang_Foundation\20250911_mem-mito,,,
cluster_linked,IMG_CLT_20250909_01,2025-09-09,pDQM082_315,pDQM082,pDQM082:315,pDQM082(315),tdmChilada,2xLynk,IMG_TRT_030,2xCox8A:mSG,"","","",,,tdmChilada,64,,,,2025-09-10,1,20250910-plate1,20250910-plate1-slot1,X:\abcabc\Aang_Foundation\20250908_mem-mito,,,
cluster_linked,IMG_CLT_20250915_01,2025-09-15,pDQM082_315,pDQM082,pDQM082:315,pDQM082(315),tdmChilada,2xLynk,IMG_TRT_030,2xCox8A:mSG,"","","",,,tdmChilada,58,,,,2025-09-18,1,20250918-plate1,20250918-plate1-slot1,X:\abcabc\Aang_Foundation\20250918_mem-mito,,,
cluster_linked,IMG_CLT_20250915_01,2025-09-15,pDQM082_315,pDQM082,pDQM082:315,pDQM082(315),tdmChilada,2xLynk,IMG_TRT_030,2xCox8A:mSG,"","","",,,tdmChilada,59,,,,2025-09-16,top,20250916-plate1,20250916-plate1-slot2,X:\abcabc\Aang_Foundation\20250917_mem-mito,,,
cluster_linked,IMG_CLT_20250915_02,2025-09-15,pDQM136_325,pDQM136,pDQM136:325,pDQM136(325),tdmScarlet3,2xLynk,IMG_TRT_030,2xCox8A:mSG,"","","",,,tdmScarlet3,60,,,,2025-09-16,bottom,20250916-plate1,20250916-plate1-slot1,X:\abcabc\Aang_Foundation\20250917_mem-mito,,,
cluster_linked,IMG_CLT_20250917_01,2025-09-17,pDQM082_315,pDQM082,pDQM082:315,pDQM082(315),tdmChilada,2xLynk,IMG_TRT_030,2xCox8A:mSG,"","","",,,tdmChilada,57,,,,2025-09-19,1,20250919-plate1,20250919-plate1-slot1,X:\abcabc\Aang_Foundation\20250919_mem-mito,,,
cluster_linked,IMG_CLT_20250919_01,2025-09-19,pDQM136_325,pDQM136,pDQM136:325,pDQM136(325),tdmScarlet3,2xLynk,IMG_TRT_030,2xCox8A:mSG,"","","",,,tdmScarlet3,56,,,,2025-09-22,1,20250922-plate1,20250922-plate1-slot1,X:\abcabc\Aang_Foundation\20250922_mem-mito,,,
cluster_linked,IMG_CLT_20250924_01,2025-09-24,pDQM082_315,pDQM082,pDQM082:315,pDQM082(315),tdmChilada,2xLynk,IMG_TRT_030,2xCox8A:mSG,"","","",,,tdmChilada,53,,,,2025-09-26,1,20250926-plate1,20250926-plate1-slot1,X:\abcabc\Aang_Foundation\20250926_mem-mito,,,
cluster_linked,IMG_CLT_20250930_01,2025-09-30,pDQM005_301_324,"pDQM005,pDQM133","pDQM005:301,pDQM133:324",pDQM005(301)/pDQM133(324),"tdmScarlet3,tdmSG,tdmStayGold","",IMG_TRT_023,IMG_TRT_023,"","","",,,"tdmScarlet3,tdmSG,tdmStayGold,mStayGold",44,,,,2025-10-03,2.1,20251003-plate1,20251003-plate1-slot3,,,,
cluster_linked,IMG_CLT_20250930_01,2025-09-30,pDQM005_301_324,"pDQM005,pDQM133","pDQM005:301,pDQM133:324",pDQM005(301)/pDQM133(324),"tdmScarlet3,tdmSG,tdmStayGold","",IMG_TRT_023,IMG_TRT_023,"","","",,,"tdmScarlet3,tdmSG,tdmStayGold,mStayGold",45,,,,2025-10-03,2.2,20251003-plate1,20251003-plate1-slot4,,,,
cluster_linked,IMG_CLT_20250930_01,2025-09-30,pDQM005_301_324,"pDQM005,pDQM133","pDQM005:301,pDQM133:324",pDQM005(301)/pDQM133(324),"tdmScarlet3,tdmSG,tdmStayGold","",IMG_TRT_023,IMG_TRT_023,"","","",,,"tdmScarlet3,tdmSG,tdmStayGold",51,,,,2025-10-01,1,20251001-plate1,20251001-plate1-slot1,,,,
cluster_linked,IMG_CLT_20250930_01,2025-09-30,pDQM005_301_324,"pDQM005,pDQM133","pDQM005:301,pDQM133:324",pDQM005(301)/pDQM133(324),"tdmScarlet3,tdmSG,tdmStayGold","",IMG_TRT_023,IMG_TRT_023,"","","",,,"tdmScarlet3,tdmSG,tdmStayGold",52,,,,2025-10-01,2,20251001-plate1,20251001-plate1-slot2,X:\abcabc\Aang_Foundation\20251001_mem-histone,,,
cluster_linked,IMG_CLT_20251001_01,2025-10-01,pDQM136_325,pDQM136,pDQM136:325,pDQM136(325),tdmScarlet3,2xLynk,IMG_TRT_045,MGCO01,"","","",,,"tdmScarlet3,mStayGold",48,,,,2025-10-02,1,20251002-plate1,20251002-plate1-slot1,,,,
cluster_linked,IMG_CLT_20251001_02,2025-10-01,pDQM082_315,pDQM082,pDQM082:315,pDQM082(315),tdmChilada,2xLynk,IMG_TRT_046,MGCO01; MGCO28,MGCO-28,"","",mStayGold,2Xcox8A,"tdmChilada,mStayGold",46,,,,2025-10-03,1.1,20251003-plate1,20251003-plate1-slot1,,,,
cluster_linked,IMG_CLT_20251001_02,2025-10-01,pDQM082_315,pDQM082,pDQM082:315,pDQM082(315),tdmChilada,2xLynk,IMG_TRT_046,MGCO01; MGCO28,MGCO-28,"","",mStayGold,2Xcox8A,"tdmChilada,mStayGold",47,,,,2025-10-03,1.2,20251003-plate1,20251003-plate1-slot2,,,,
cluster_linked,IMG_CLT_20251001_02,2025-10-01,pDQM082_315,pDQM082,pDQM082:315,pDQM082(315),tdmChilada,2xLynk,IMG_TRT_046,MGCO01; MGCO28,MGCO-28,"","",mStayGold,2Xcox8A,"tdmChilada,mStayGold",49,,,,2025-10-02,2,20251002-plate1,20251002-plate1-slot2,,,,
cluster_linked,IMG_CLT_20251001_02,2025-10-01,pDQM082_315,pDQM082,pDQM082:315,pDQM082(315),tdmChilada,2xLynk,IMG_TRT_046,MGCO01; MGCO28,MGCO-28,"","",mStayGold,2Xcox8A,"tdmChilada,mStayGold",50,,,,2025-10-02,3,20251002-plate1,20251002-plate1-slot3,,,,
cluster_linked,IMG_CLT_20251005_01,2025-10-05,pDQM005_302_304,pDQM005,"pDQM005:302,pDQM005:304",pDQM005(302)/pDQM005(304),"tdmSG,tdmStayGold","",IMG_TRT_023,IMG_TRT_023,"","","",,,"tdmSG,tdmStayGold",41,,,,2025-10-07,1,20251007-plate1,20251007-plate1-slot1,,,,
cluster_linked,IMG_CLT_20251005_01,2025-10-05,pDQM005_302_304,pDQM005,"pDQM005:302,pDQM005:304",pDQM005(302)/pDQM005(304),"tdmSG,tdmStayGold","",IMG_TRT_023,IMG_TRT_023,"","","",,,"tdmSG,tdmStayGold",42,,,,2025-10-06,1,20251006-plate1,20251006-plate1-slot1,,,,
cluster_linked,IMG_CLT_20251005_01,2025-10-05,pDQM005_302_304,pDQM005,"pDQM005:302,pDQM005:304",pDQM005(302)/pDQM005(304),"tdmSG,tdmStayGold","",IMG_TRT_023,IMG_TRT_023,"","","",,,"tdmSG,tdmStayGold",43,,,,2025-10-06,2,20251006-plate1,20251006-plate1-slot2,,,,
cluster_linked,IMG_CLT_20251007_01,2025-10-07,pDQM136_325,pDQM136,pDQM136:325,pDQM136(325),tdmScarlet3,2xLynk,IMG_TRT_023,IMG_TRT_023,"","","",,,tdmScarlet3,40,,,,2025-10-08,3,20251008-plate1,20251008-plate1-slot3,,,,
cluster_linked,IMG_CLT_20251007_02,2025-10-07,pDQM034_310,pDQM034,pDQM034:310,pDQM034(310),"Electra2,mCitrine,mKate2,mKOK,mTFP1","",IMG_TRT_023,IMG_TRT_023,"","","",,,"Electra2,mCitrine,mKate2,mKOK,mTFP1",39,,,,2025-10-08,2,20251008-plate1,20251008-plate1-slot2,,,,
cluster_linked,IMG_CLT_20251007_03,2025-10-07,pDQM034_310_317,pDQM034,"pDQM034:310,pDQM034:317",pDQM034(310)/pDQM034(317),"Electra2,mCitrine,mKate2,mKOK,mTFP1","",IMG_TRT_023,IMG_TRT_023,"","","",,,"Electra2,mCitrine,mKate2,mKOK,mTFP1",38,,,,2025-10-08,1,20251008-plate1,20251008-plate1-slot1,,,,
cluster_linked,IMG_CLT_20251008_01,2025-10-08,pDQM082_315,pDQM082,pDQM082:315,pDQM082(315),tdmChilada,2xLynk,IMG_TRT_047,MGCO-28(ef1a-extended-2Xcox8A-linker-mStayGold-SV40-attb-tol2),"","","",,,tdmChilada,29,,,,2025-10-16,2,20251016-plate1,20251016-plate1-slot2,X:\abcabc\Aang_Foundation\20251016_mem-mito_v2,,,
cluster_linked,IMG_CLT_20251008_01,2025-10-08,pDQM082_315,pDQM082,pDQM082:315,pDQM082(315),tdmChilada,2xLynk,IMG_TRT_047,MGCO-28(ef1a-extended-2Xcox8A-linker-mStayGold-SV40-attb-tol2),"","","",,,tdmChilada,37,,,,2025-10-09,1,20251009-plate1,20251009-plate1-slot1,X:\abcabc\Aang_Foundation\20251010_mem-mito,,,
cluster_linked,IMG_CLT_20251009_01,2025-10-09,pDQM005_301_324,"pDQM005,pDQM133","pDQM005:301,pDQM133:324",pDQM005(301)/pDQM133(324),"tdmScarlet3,tdmSG,tdmStayGold","",IMG_TRT_023,IMG_TRT_023,"","","",,,"tdmScarlet3,tdmSG,tdmStayGold",33,,,,2025-10-13,1,20251013-plate1,20251013-plate1-slot1,X:\abcabc\Aang_Foundation\20251013_mem-histone,,,
cluster_linked,IMG_CLT_20251009_01,2025-10-09,pDQM005_301_324,"pDQM005,pDQM133","pDQM005:301,pDQM133:324",pDQM005(301)/pDQM133(324),"tdmScarlet3,tdmSG,tdmStayGold","",IMG_TRT_023,IMG_TRT_023,"","","",,,"tdmScarlet3,tdmSG,tdmStayGold",34,,,,2025-10-13,2,20251013-plate1,20251013-plate1-slot2,X:\abcabc\Korra_Foundation\20251013_mem-histone,,,
cluster_linked,IMG_CLT_20251009_01,2025-10-09,pDQM005_301_324,"pDQM005,pDQM133","pDQM005:301,pDQM133:324",pDQM005(301)/pDQM133(324),"tdmScarlet3,tdmSG,tdmStayGold","",IMG_TRT_023,IMG_TRT_023,"","","",,,"tdmScarlet3,tdmSG,tdmStayGold",35,,,,2025-10-10,1,20251010-plate1,20251010-plate1-slot1,,,,
cluster_linked,IMG_CLT_20251009_01,2025-10-09,pDQM005_301_324,"pDQM005,pDQM133","pDQM005:301,pDQM133:324",pDQM005(301)/pDQM133(324),"tdmScarlet3,tdmSG,tdmStayGold","",IMG_TRT_023,IMG_TRT_023,"","","",,,"tdmScarlet3,tdmSG,tdmStayGold",36,,,,2025-10-10,2,20251010-plate1,20251010-plate1-slot2,X:\abcabc\Korra_Foundation\20251010_mem-histone,,,
cluster_linked,IMG_CLT_20251013_01,2025-10-13,pDQM082_315,pDQM082,pDQM082:315,pDQM082(315),tdmChilada,2xLynk,IMG_TRT_023,IMG_TRT_023,"","","",,,tdmChilada,32,,,,2025-10-14,2,20251014-plate1,20251014-plate1-slot2,X:\abcabc\Aang_Foundation\20251016_mem-mito,,,
cluster_linked,IMG_CLT_20251013_02,2025-10-13,pDQM005_302_324,"pDQM005,pDQM133","pDQM005:302,pDQM133:324",pDQM005(302)/pDQM133(324),"tdmScarlet3,tdmSG,tdmStayGold","",IMG_TRT_023,IMG_TRT_023,"","","",,,"tdmScarlet3,tdmSG,tdmStayGold",28,,,,2025-10-16,1,20251016-plate1,20251016-plate1-slot1,X:\abcabc\Korra_Foundation\20251016_mem-histone,,,
cluster_linked,IMG_CLT_20251013_02,2025-10-13,pDQM005_302_324,"pDQM005,pDQM133","pDQM005:302,pDQM133:324",pDQM005(302)/pDQM133(324),"tdmScarlet3,tdmSG,tdmStayGold","",IMG_TRT_023,IMG_TRT_023,"","","",,,"tdmScarlet3,tdmSG,tdmStayGold",30,,,,2025-10-15,1,20251015-plate1,20251015-plate1-slot1,X:\abcabc\Korra_Foundation\20251015_mem-histone,,,
cluster_linked,IMG_CLT_20251013_02,2025-10-13,pDQM005_302_324,"pDQM005,pDQM133","pDQM005:302,pDQM133:324",pDQM005(302)/pDQM133(324),"tdmScarlet3,tdmSG,tdmStayGold","",IMG_TRT_023,IMG_TRT_023,"","","",,,"tdmScarlet3,tdmSG,tdmStayGold",31,,,,2025-10-14,1,20251014-plate1,20251014-plate1-slot1,X:\abcabc\Aang_Foundation\20251015_mem-histone,,,
cluster_linked,IMG_CLT_20251017_01,2025-10-17,pDQM005_301_324,"pDQM005,pDQM133","pDQM005:301,pDQM133:324",pDQM005(301)/pDQM133(324),"tdmScarlet3,tdmSG,tdmStayGold","",IMG_TRT_023,IMG_TRT_023,"","","",,,"tdmScarlet3,tdmSG,tdmStayGold",24,,,,2025-10-20,1,20251020-plate1,20251020-plate1-slot1,X:\abcabc\Aang_Foundation\20251020_mem-histone,,,
cluster_linked,IMG_CLT_20251017_01,2025-10-17,pDQM005_301_324,"pDQM005,pDQM133","pDQM005:301,pDQM133:324",pDQM005(301)/pDQM133(324),"tdmScarlet3,tdmSG,tdmStayGold","",IMG_TRT_023,IMG_TRT_023,"","","",,,"tdmScarlet3,tdmSG,tdmStayGold",25,,,,2025-10-20,2,20251020-plate1,20251020-plate1-slot2,X:\abcabc\Korra_Foundation\20251020_mem-histone,,,
cluster_linked,IMG_CLT_20251020_01,2025-10-20,pDQM136_325,pDQM136,pDQM136:325,pDQM136(325),tdmScarlet3,2xLynk,IMG_TRT_030,2xCox8A:mSG,"","","",,,tdmScarlet3,23,,,,2025-10-21,2,20251021-plate1,20251021-plate1-slot2,X:\abcabc\Aang_Foundation\20251021_mem-mito_v2,,,
cluster_linked,IMG_CLT_20251020_02,2025-10-20,pDQM082_315,pDQM082,pDQM082:315,pDQM082(315),tdmChilada,2xLynk,IMG_TRT_030,2xCox8A:mSG,"","","",,,tdmChilada,20,,,,2025-10-22,2,20251022-plate1,20251022-plate1-slot2,X:\abcabc\Aang_Foundation\20251022_mem-mito,,,
cluster_linked,IMG_CLT_20251020_02,2025-10-20,pDQM082_315,pDQM082,pDQM082:315,pDQM082(315),tdmChilada,2xLynk,IMG_TRT_030,2xCox8A:mSG,"","","",,,tdmChilada,22,,,,2025-10-21,1,20251021-plate1,20251021-plate1-slot1,X:\abcabc\Aang_Foundation\20251021_mem-mito,,,
cluster_linked,IMG_CLT_20251021_01,2025-10-21,MGCO-35_336,MGCO-35,MGCO-35:336,MGCO-35(336),mScarlet3S2,2Xcox8A,IMG_TRT_023,IMG_TRT_023,"","","",,,mScarlet3S2,21,,,,2025-10-22,3,20251022-plate1,20251022-plate1-slot3,X:\abcabc\Exploratory_fish\20251023_mScarlet3S2_2Xcox8A,,,
cluster_linked,IMG_CLT_20251021_02,2025-10-21,pDQM005_302_324,"pDQM005,pDQM133","pDQM005:302,pDQM133:324",pDQM005(302)/pDQM133(324),"tdmScarlet3,tdmSG,tdmStayGold","",IMG_TRT_023,IMG_TRT_023,"","","",,,"tdmScarlet3,tdmSG,tdmStayGold",13,,,,2025-10-27,1,20251027-plate1,20251027-plate1-slot1,X:\abcabc\Korra_Foundation\20251027_mem-histone,,,
cluster_linked,IMG_CLT_20251021_02,2025-10-21,pDQM005_302_324,"pDQM005,pDQM133","pDQM005:302,pDQM133:324",pDQM005(302)/pDQM133(324),"tdmScarlet3,tdmSG,tdmStayGold","",IMG_TRT_023,IMG_TRT_023,"","","",,,"tdmScarlet3,tdmSG,tdmStayGold",14,,,,2025-10-27,2,20251027-plate1,20251027-plate1-slot2,X:\abcabc\Aang_Foundation\20251027_mem-histone,,,
cluster_linked,IMG_CLT_20251021_02,2025-10-21,pDQM005_302_324,"pDQM005,pDQM133","pDQM005:302,pDQM133:324",pDQM005(302)/pDQM133(324),"tdmScarlet3,tdmSG,tdmStayGold","",IMG_TRT_023,IMG_TRT_023,"","","",,,"tdmScarlet3,tdmSG,tdmStayGold",17,,,,2025-10-24,3,20251024-plate1,20251024-plate1-slot3,X:\abcabc\Korra_Foundation\20251024_mem-histone,,,
cluster_linked,IMG_CLT_20251021_02,2025-10-21,pDQM005_302_324,"pDQM005,pDQM133","pDQM005:302,pDQM133:324",pDQM005(302)/pDQM133(324),"tdmScarlet3,tdmSG,tdmStayGold","",IMG_TRT_023,IMG_TRT_023,"","","",,,"tdmScarlet3,tdmSG,tdmStayGold",19,,,,2025-10-22,1,20251022-plate1,20251022-plate1-slot1,X:\abcabc\Korra_Foundation\20251022_mem-histone,,,
cluster_linked,IMG_CLT_20251022_02,2025-10-22,pDQM082_315,pDQM082,pDQM082:315,pDQM082(315),tdmChilada,2xLynk,IMG_TRT_030,2xCox8A:mSG,"","","",,,tdmChilada,18,,,,2025-10-23,1,20251023-plate1,20251023-plate1-slot1,X:\abcabc\Aang_Foundation\20251023_mem-mito,,,
cluster_linked,IMG_CLT_20251022_03,2025-10-22,pDQM136_325,pDQM136,pDQM136:325,pDQM136(325),tdmScarlet3,2xLynk,IMG_TRT_050,MGCO-51-lamellipodia-A2UCOE-attb_entire+PDQM148-mStayGold-C4-cortactin,"","","",,,tdmScarlet3,16,,,,2025-10-24,2,20251024-plate1,20251024-plate1-slot2,X:\abcabc\Exploratory_fish\20251025_lamellipodia_F-actin,,,
cluster_linked,IMG_CLT_20251027_01,2025-10-27,pDQM136_325,pDQM136,pDQM136:325,pDQM136(325),tdmScarlet3,2xLynk,IMG_TRT_051,MGCO-49_peroxisome-A2UCOE-ef1aextra-mStayGold-SKL; MGCO-52-peroxisome-A2UCOE-attb_entire+pDQM147-ABCDpmp70-mStayGold,"","","",,,tdmScarlet3,9,,,,2025-10-29,2,20251029-plate1,20251029-plate1-slot2,X:\abcabc\Aang_Foundation\20251029_peroxi,,,
cluster_linked,IMG_CLT_20251027_01,2025-10-27,pDQM136_325,pDQM136,pDQM136:325,pDQM136(325),tdmScarlet3,2xLynk,IMG_TRT_051,MGCO-49_peroxisome-A2UCOE-ef1aextra-mStayGold-SKL; MGCO-52-peroxisome-A2UCOE-attb_entire+pDQM147-ABCDpmp70-mStayGold,"","","",,,tdmScarlet3,10,,,,2025-10-28,1,20251028-plate1,20251028-plate1-slot1,X:\abcabc\Aang_Foundation\20251028_mem-mito,,,
cluster_linked,IMG_CLT_20251027_01,2025-10-27,pDQM136_325,pDQM136,pDQM136:325,pDQM136(325),tdmScarlet3,2xLynk,IMG_TRT_051,MGCO-49_peroxisome-A2UCOE-ef1aextra-mStayGold-SKL; MGCO-52-peroxisome-A2UCOE-attb_entire+pDQM147-ABCDpmp70-mStayGold,"","","",,,tdmScarlet3,11,,,,2025-10-28,2,20251028-plate1,20251028-plate1-slot2,X:\abcabc\Aang_Foundation\20251028_mem-peroxi,,,
cluster_linked,IMG_CLT_20251027_01,2025-10-27,pDQM136_325,pDQM136,pDQM136:325,pDQM136(325),tdmScarlet3,2xLynk,IMG_TRT_051,MGCO-49_peroxisome-A2UCOE-ef1aextra-mStayGold-SKL; MGCO-52-peroxisome-A2UCOE-attb_entire+pDQM147-ABCDpmp70-mStayGold,"","","",,,tdmScarlet3,12,,,,2025-10-28,3,20251028-plate1,20251028-plate1-slot3,X:\abcabc\Aang_Foundation\20251028_mem-peroxi2,,,
cluster_linked,IMG_CLT_20251028_01,2025-10-28,pDQM005_302_324,"pDQM005,pDQM133","pDQM005:302,pDQM133:324",pDQM005(302)/pDQM133(324),"tdmScarlet3,tdmSG,tdmStayGold","",IMG_TRT_030,2xCox8A:mSG,"","","",,,"tdmScarlet3,tdmSG,tdmStayGold",8,,,,2025-10-29,1,20251029-plate1,20251029-plate1-slot1,X:\abcabc\Korra_Foundation\20251029_mem-histone,,,
cluster_linked,IMG_CLT_20251104_01,2025-11-04,pDQM082_315,pDQM082,pDQM082:315,pDQM082(315),tdmChilada,2xLynk,IMG_TRT_030,2xCox8A:mSG,"","","",,,tdmChilada,5,,,,2025-11-06,1.1,20251106-plate1,20251106-plate1-slot1,X:\abcabc\Aang_Foundation\20251106_mem-mito,,,
cluster_linked,IMG_CLT_20251104_01,2025-11-04,pDQM082_315,pDQM082,pDQM082:315,pDQM082(315),tdmChilada,2xLynk,IMG_TRT_030,2xCox8A:mSG,"","","",,,tdmChilada,6,,,,2025-11-05,1,20251105-plate1,20251105-plate1-slot1,X:\abcabc\Aang_Foundation\20251105_mem-mito,,,
cluster_linked,IMG_CLT_20251104_01,2025-11-04,pDQM082_315,pDQM082,pDQM082:315,pDQM082(315),tdmChilada,2xLynk,IMG_TRT_030,2xCox8A:mSG,"","","",,,tdmChilada,7,,,,2025-11-05,1,20251105-plate1,20251105-plate1-slot2,X:\abcabc\Korra_Foundation\20251106_mem-mito,,,
cluster_linked,IMG_CLT_20251108_01,2025-11-08,pDQM136_325,pDQM136,pDQM136:325,pDQM136(325),tdmScarlet3,2xLynk,IMG_TRT_052,MGCO-01(ef1a-2Xcox8A-linker-mStayGold-SV40-attb-tol2),"","","",,,tdmScarlet3,3,,,,2025-11-11,1,20251111-plate1,20251111-plate1-slot1,X:\abcabc\Aang_Foundation\20251107_mem-mito,,,
cluster_linked,IMG_CLT_20251108_02,2025-11-08,pDQM005_301_324,"pDQM005,pDQM133","pDQM005:301,pDQM133:324",pDQM005(301)/pDQM133(324),"tdmScarlet3,tdmSG,tdmStayGold","",IMG_TRT_023,IMG_TRT_023,"","","",,,"tdmScarlet3,tdmSG,tdmStayGold",4,,,,2025-11-10,1,20251110-plate1,20251110-plate1-slot1,X:\abcabc\Korra_Foundation\20251110_mem-histone,,,
cluster_linked,IMG_CLT_20251110_01,2025-11-10,pDQM136_325,pDQM136,pDQM136:325,pDQM136(325),tdmScarlet3,2xLynk,IMG_TRT_053,MGCO-01(ef1a-2Xcox8A-linker-mStayGold-SV40-attb-tol2); MGCO-60-Factin-A2UCOE-attb_entire+PDQM148-mStayGold-C4-moesin,"","","",,,tdmScarlet3,1,,,,2025-11-12,1,20251112-plate1,20251112-plate1-slot1,X:\abcabc\Korra_Foundation\20251112_mem-mito,,,
cluster_linked,IMG_CLT_20251110_01,2025-11-10,pDQM136_325,pDQM136,pDQM136:325,pDQM136(325),tdmScarlet3,2xLynk,IMG_TRT_053,MGCO-01(ef1a-2Xcox8A-linker-mStayGold-SV40-attb-tol2); MGCO-60-Factin-A2UCOE-attb_entire+PDQM148-mStayGold-C4-moesin,"","","",,,tdmScarlet3,2,,,,2025-11-12,2,20251112-plate1,20251112-plate1-slot2,X:\abcabc\Exploratory_fish\20251112_mem-moesin,,,
mem_histone,IMG_CLT_20250131_01,2025-01-31,pDQM005_304,pDQM005,pDQM005:304,pDQM005(304),"tdmSG,tdmStayGold","",IMG_TRT_002,Skittles-lite (ef1a:mTFP1 / ef1a:mChilada / ef1a:miRFP670-2),"","","",,,"tdmSG,tdmStayGold",294,2025-01-31,casper/rnf,ef1a:2xLynk:tdmSG(J) (F1 of allele 304),,,,,,1,,
mem_histone,IMG_CLT_20250131_02,2025-01-31,pDQM005_301,pDQM005,pDQM005:301,pDQM005(301),"tdmSG,tdmStayGold","",IMG_TRT_002,Skittles-lite (ef1a:mTFP1 / ef1a:mChilada / ef1a:miRFP670-2),"","","",,,"tdmSG,tdmStayGold",293,2025-01-31,ef1a:2xLynk:tdmSG(J) (F2 of allele 301),casper/rnf,,,,,,1,,
mem_histone,IMG_CLT_20250203_01,2025-02-03,pDQM005_305,pDQM005,pDQM005:305,pDQM005(305),"tdmSG,tdmStayGold","",IMG_TRT_003,Skittles-lite (ef1a:mTFP1 / ef1a:mChilada / ef1a:miRFP670-2),"","","",,,"tdmSG,tdmStayGold",297,2025-02-03,casper/rnf,ef1a:2xLynk:tdmSG(J) (F1 of allele 305),,,,,,1,,
mem_histone,IMG_CLT_20250203_01,2025-02-03,pDQM005_305,pDQM005,pDQM005:305,pDQM005(305),"tdmSG,tdmStayGold","",IMG_TRT_003,Skittles-lite (ef1a:mTFP1 / ef1a:mChilada / ef1a:miRFP670-2),"","","",,,"tdmSG,tdmStayGold",298,2025-02-03,casper/rnf,ef1a:2xLynk:tdmSG(J) (F1 of allele 305),,,,,,1,,
mem_histone,IMG_CLT_20250203_01,2025-02-03,pDQM005_305,pDQM005,pDQM005:305,pDQM005(305),"tdmSG,tdmStayGold","",IMG_TRT_003,Skittles-lite (ef1a:mTFP1 / ef1a:mChilada / ef1a:miRFP670-2),"","","",,,"tdmSG,tdmStayGold",299,2025-02-03,casper/rnf,ef1a:2xLynk:tdmSG(J) (F1 of allele 305),,,,,,1,,
mem_histone,IMG_CLT_20250203_02,2025-02-03,pDQM005_301,pDQM005,pDQM005:301,pDQM005(301),"tdmSG,tdmStayGold","",IMG_TRT_004,mChilada:H2B (80 pg); mYH:H2B (80 pg),"","","",,,"tdmSG,tdmStayGold",281,2025-02-03,ef1a:2xLynk:tdmSG(J) (F2 of allele 301),casper/rnf,2025-02-06,,,,,1,U:\Data\20240911_Korra_Foundation\20250204_mem_histone\fish6_72hpf_mYH,U:\Data\20240911_Korra_Foundation\20250204_mem_histone\fish6_72hpf_mYH
mem_histone,IMG_CLT_20250203_02,2025-02-03,pDQM005_301,pDQM005,pDQM005:301,pDQM005(301),"tdmSG,tdmStayGold","",IMG_TRT_004,mChilada:H2B (80 pg); mYH:H2B (80 pg),"","","",,,"tdmSG,tdmStayGold",282,2025-02-03,ef1a:2xLynk:tdmSG(J) (F2 of allele 301),casper/rnf,2025-02-06,,,,,1,,
mem_histone,IMG_CLT_20250203_02,2025-02-03,pDQM005_301,pDQM005,pDQM005:301,pDQM005(301),"tdmSG,tdmStayGold","",IMG_TRT_004,mChilada:H2B (80 pg); mYH:H2B (80 pg),"","","",,,"tdmSG,tdmStayGold",285,2025-02-03,ef1a:2xLynk:tdmSG(J) (F2 of allele 301),casper/rnf,2025-02-05,,,,,1,U:\Data\20240911_Korra_Foundation\20250204_mem_histone\fish3_48hpf_mYH,U:\Data\20240911_Korra_Foundation\20250204_mem_histone\fish3_48hpf_mYH
mem_histone,IMG_CLT_20250203_02,2025-02-03,pDQM005_301,pDQM005,pDQM005:301,pDQM005(301),"tdmSG,tdmStayGold","",IMG_TRT_004,mChilada:H2B (80 pg); mYH:H2B (80 pg),"","","",,,"tdmSG,tdmStayGold",286,2025-02-03,ef1a:2xLynk:tdmSG(J) (F2 of allele 301),casper/rnf,2025-02-05,,,,,1,U:\Data\20240911_Korra_Foundation\20250204_mem_histone\fish4_48hpf_mYH,U:\Data\20240911_Korra_Foundation\20250204_mem_histone\fish4_48hpf_mYH
mem_histone,IMG_CLT_20250203_02,2025-02-03,pDQM005_301,pDQM005,pDQM005:301,pDQM005(301),"tdmSG,tdmStayGold","",IMG_TRT_004,mChilada:H2B (80 pg); mYH:H2B (80 pg),"","","",,,"tdmSG,tdmStayGold",287,2025-02-03,ef1a:2xLynk:tdmSG(J) (F2 of allele 301),casper/rnf,2025-02-05,,,,,1,U:\Data\20240911_Korra_Foundation\20250204_mem_histone\fish5_48hpf_mYH\roi1_mb,U:\Data\20240911_Korra_Foundation\20250204_mem_histone\fish5_48hpf_mYH\roi1_mb
mem_histone,IMG_CLT_20250203_02,2025-02-03,pDQM005_301,pDQM005,pDQM005:301,pDQM005(301),"tdmSG,tdmStayGold","",IMG_TRT_004,mChilada:H2B (80 pg); mYH:H2B (80 pg),"","","",,,"tdmSG,tdmStayGold",288,2025-02-03,ef1a:2xLynk:tdmSG(J) (F2 of allele 301),casper/rnf,2025-02-05,,,,,1,U:\Data\20240911_Korra_Foundation\20250204_mem_histone\fish5_48hpf_mYH\roi2_mb,U:\Data\20240911_Korra_Foundation\20250204_mem_histone\fish5_48hpf_mYH\roi2_mb
mem_histone,IMG_CLT_20250203_02,2025-02-03,pDQM005_301,pDQM005,pDQM005:301,pDQM005(301),"tdmSG,tdmStayGold","",IMG_TRT_004,mChilada:H2B (80 pg); mYH:H2B (80 pg),"","","",,,"tdmSG,tdmStayGold",289,2025-02-03,ef1a:2xLynk:tdmSG(J) (F2 of allele 301),casper/rnf,2025-02-04,,,,,1,U:\Data\20240911_Korra_Foundation\20250204_mem_histone\fish1_24hpf_mchilada,U:\Data\20240911_Korra_Foundation\20250204_mem_histone\fish1_24hpf_mchilada
mem_histone,IMG_CLT_20250203_02,2025-02-03,pDQM005_301,pDQM005,pDQM005:301,pDQM005(301),"tdmSG,tdmStayGold","",IMG_TRT_004,mChilada:H2B (80 pg); mYH:H2B (80 pg),"","","",,,"tdmSG,tdmStayGold",290,2025-02-03,ef1a:2xLynk:tdmSG(J) (F2 of allele 301),casper/rnf,2025-02-04,,,,,1,U:\Data\20240911_Korra_Foundation\20250204_mem_histone\fish2_24hpf_mYH,U:\Data\20240911_Korra_Foundation\20250204_mem_histone\fish2_24hpf_mYH
mem_histone,IMG_CLT_20250203_02,2025-02-03,pDQM005_301,pDQM005,pDQM005:301,pDQM005(301),"tdmSG,tdmStayGold","",IMG_TRT_004,mChilada:H2B (80 pg); mYH:H2B (80 pg),"","","",,,"tdmSG,tdmStayGold",295,2025-02-03,ef1a:2xLynk:tdmSG(J) (F2 of allele 301),casper/rnf,,,,,,1,,
mem_histone,IMG_CLT_20250203_02,2025-02-03,pDQM005_301,pDQM005,pDQM005:301,pDQM005(301),"tdmSG,tdmStayGold","",IMG_TRT_004,mChilada:H2B (80 pg); mYH:H2B (80 pg),"","","",,,"tdmSG,tdmStayGold",296,2025-02-03,ef1a:2xLynk:tdmSG(J) (F2 of allele 301),casper/rnf,,,,,,1,,
mem_histone,IMG_CLT_20250205_01,2025-02-05,pDQM005_301,pDQM005,pDQM005:301,pDQM005(301),"tdmSG,tdmStayGold","",IMG_TRT_005,mChilada:H2B (80 pg),"","","",,,"tdmSG,tdmStayGold",280,2025-02-05,casper/rnf,ef1a:2xLynk:tdmSG(J) (F1 of allele 301),2025-02-07,,,,,1,,
mem_histone,IMG_CLT_20250205_01,2025-02-05,pDQM005_301,pDQM005,pDQM005:301,pDQM005(301),"tdmSG,tdmStayGold","",IMG_TRT_005,mChilada:H2B (80 pg),"","","",,,"tdmSG,tdmStayGold",283,2025-02-05,casper/rnf,ef1a:2xLynk:tdmSG(J) (F1 of allele 301),2025-02-06,,,,,1,U:\Data\20240911_Korra_Foundation\20250206_mem_histone\fish1_24hpf_mChilada,U:\Data\20240911_Korra_Foundation\20250206_mem_histone\fish1_24hpf_mChilada
mem_histone,IMG_CLT_20250205_01,2025-02-05,pDQM005_301,pDQM005,pDQM005:301,pDQM005(301),"tdmSG,tdmStayGold","",IMG_TRT_005,mChilada:H2B (80 pg),"","","",,,"tdmSG,tdmStayGold",284,2025-02-05,casper/rnf,ef1a:2xLynk:tdmSG(J) (F1 of allele 301),2025-02-06,,,,,1,U:\Data\20240911_Korra_Foundation\20250206_mem_histone\fish2_24hpf_mChilada,U:\Data\20240911_Korra_Foundation\20250206_mem_histone\fish2_24hpf_mChilada
mem_histone,IMG_CLT_20250205_01,2025-02-05,pDQM005_301,pDQM005,pDQM005:301,pDQM005(301),"tdmSG,tdmStayGold","",IMG_TRT_005,mChilada:H2B (80 pg),"","","",,,"tdmSG,tdmStayGold",300,2025-02-05,casper/rnf,ef1a:2xLynk:tdmSG(J) (F1 of allele 301),,,,,,1,,
mem_histone,IMG_CLT_20250205_01,2025-02-05,pDQM005_301,pDQM005,pDQM005:301,pDQM005(301),"tdmSG,tdmStayGold","",IMG_TRT_005,mChilada:H2B (80 pg),"","","",,,"tdmSG,tdmStayGold",301,2025-02-05,casper/rnf,ef1a:2xLynk:tdmSG(J) (F1 of allele 301),,,,,,1,,
mem_histone,IMG_CLT_20250205_01,2025-02-05,pDQM005_301,pDQM005,pDQM005:301,pDQM005(301),"tdmSG,tdmStayGold","",IMG_TRT_005,mChilada:H2B (80 pg),"","","",,,"tdmSG,tdmStayGold",302,2025-02-05,casper/rnf,ef1a:2xLynk:tdmSG(J) (F1 of allele 301),,,,,,1,,
mem_histone,IMG_CLT_20250205_01,2025-02-05,pDQM005_301,pDQM005,pDQM005:301,pDQM005(301),"tdmSG,tdmStayGold","",IMG_TRT_005,mChilada:H2B (80 pg),"","","",,,"tdmSG,tdmStayGold",303,2025-02-05,casper/rnf,ef1a:2xLynk:tdmSG(J) (F1 of allele 301),,,,,,1,,
mem_histone,IMG_CLT_20250207_01,2025-02-07,pDQM005_308,pDQM005,pDQM005:308,pDQM005(308),"tdmSG,tdmStayGold","",IMG_TRT_006,mYH:H2B (80 and 120 pg),"","","",,,"tdmSG,tdmStayGold",276,2025-02-07,casper/rnf,ef1a:2xLynk:tdmSG(J) (F1 of allele 308),2025-02-10,,,,,1,,
mem_histone,IMG_CLT_20250207_01,2025-02-07,pDQM005_308,pDQM005,pDQM005:308,pDQM005(308),"tdmSG,tdmStayGold","",IMG_TRT_006,mYH:H2B (80 and 120 pg),"","","",,,"tdmSG,tdmStayGold",277,2025-02-07,casper/rnf,ef1a:2xLynk:tdmSG(J) (F1 of allele 308),2025-02-10,,,,,1,,
mem_histone,IMG_CLT_20250207_01,2025-02-07,pDQM005_308,pDQM005,pDQM005:308,pDQM005(308),"tdmSG,tdmStayGold","",IMG_TRT_006,mYH:H2B (80 and 120 pg),"","","",,,"tdmSG,tdmStayGold",278,2025-02-07,casper/rnf,ef1a:2xLynk:tdmSG(J) (F1 of allele 308),2025-02-10,,,,,1,,
mem_histone,IMG_CLT_20250207_01,2025-02-07,pDQM005_308,pDQM005,pDQM005:308,pDQM005(308),"tdmSG,tdmStayGold","",IMG_TRT_006,mYH:H2B (80 and 120 pg),"","","",,,"tdmSG,tdmStayGold",279,2025-02-07,casper/rnf,ef1a:2xLynk:tdmSG(J) (F1 of allele 308),2025-02-10,,,,,1,,
mem_histone,IMG_CLT_20250210_01,2025-02-10,pDQM005_301,pDQM005,pDQM005:301,pDQM005(301),"tdmSG,tdmStayGold","",IMG_TRT_007,mChilada:H2B (80 and 120 pg); mYH:H2B (80 and 120 pg),"","","",,,"tdmSG,tdmStayGold",264,2025-02-10,casper/rnf,ef1a:2xLynk:tdmSG(J) (F2 of allele 301),2025-02-13,,,,,1,U:\Data\20240911_Korra_Foundation\20250211_mem_histone\fish8_72hpf_mYH,U:\Data\20240911_Korra_Foundation\20250211_mem_histone\fish8_72hpf_mYH
mem_histone,IMG_CLT_20250210_01,2025-02-10,pDQM005_301,pDQM005,pDQM005:301,pDQM005(301),"tdmSG,tdmStayGold","",IMG_TRT_007,mChilada:H2B (80 and 120 pg); mYH:H2B (80 and 120 pg),"","","",,,"tdmSG,tdmStayGold",265,2025-02-10,casper/rnf,ef1a:2xLynk:tdmSG(J) (F2 of allele 301),2025-02-13,,,,,1,,
mem_histone,IMG_CLT_20250210_01,2025-02-10,pDQM005_301,pDQM005,pDQM005:301,pDQM005(301),"tdmSG,tdmStayGold","",IMG_TRT_007,mChilada:H2B (80 and 120 pg); mYH:H2B (80 and 120 pg),"","","",,,"tdmSG,tdmStayGold",268,2025-02-10,casper/rnf,ef1a:2xLynk:tdmSG(J) (F2 of allele 301),2025-02-12,,,,,1,U:\Data\20240911_Korra_Foundation\20250211_mem_histone\fish7_48hpf_mYH,U:\Data\20240911_Korra_Foundation\20250211_mem_histone\fish7_48hpf_mYH
mem_histone,IMG_CLT_20250210_01,2025-02-10,pDQM005_301,pDQM005,pDQM005:301,pDQM005(301),"tdmSG,tdmStayGold","",IMG_TRT_007,mChilada:H2B (80 and 120 pg); mYH:H2B (80 and 120 pg),"","","",,,"tdmSG,tdmStayGold",269,2025-02-10,casper/rnf,ef1a:2xLynk:tdmSG(J) (F2 of allele 301),2025-02-12,,,,,1,U:\Data\20240911_Korra_Foundation\20250211_mem_histone\fish5_48hpf_mYH,U:\Data\20240911_Korra_Foundation\20250211_mem_histone\fish5_48hpf_mYH
mem_histone,IMG_CLT_20250210_01,2025-02-10,pDQM005_301,pDQM005,pDQM005:301,pDQM005(301),"tdmSG,tdmStayGold","",IMG_TRT_007,mChilada:H2B (80 and 120 pg); mYH:H2B (80 and 120 pg),"","","",,,"tdmSG,tdmStayGold",270,2025-02-10,casper/rnf,ef1a:2xLynk:tdmSG(J) (F2 of allele 301),2025-02-12,,,,,1,,
mem_histone,IMG_CLT_20250210_01,2025-02-10,pDQM005_301,pDQM005,pDQM005:301,pDQM005(301),"tdmSG,tdmStayGold","",IMG_TRT_007,mChilada:H2B (80 and 120 pg); mYH:H2B (80 and 120 pg),"","","",,,"tdmSG,tdmStayGold",271,2025-02-10,casper/rnf,ef1a:2xLynk:tdmSG(J) (F2 of allele 301),2025-02-11,,,,,1,U:\Data\20240911_Korra_Foundation\20250211_mem_histone\fish2_24hpf_mYH,U:\Data\20240911_Korra_Foundation\20250211_mem_histone\fish2_24hpf_mYH
mem_histone,IMG_CLT_20250210_01,2025-02-10,pDQM005_301,pDQM005,pDQM005:301,pDQM005(301),"tdmSG,tdmStayGold","",IMG_TRT_007,mChilada:H2B (80 and 120 pg); mYH:H2B (80 and 120 pg),"","","",,,"tdmSG,tdmStayGold",272,2025-02-10,casper/rnf,ef1a:2xLynk:tdmSG(J) (F2 of allele 301),2025-02-11,,,,,1,,
mem_histone,IMG_CLT_20250210_01,2025-02-10,pDQM005_301,pDQM005,pDQM005:301,pDQM005(301),"tdmSG,tdmStayGold","",IMG_TRT_007,mChilada:H2B (80 and 120 pg); mYH:H2B (80 and 120 pg),"","","",,,"tdmSG,tdmStayGold",273,2025-02-10,casper/rnf,ef1a:2xLynk:tdmSG(J) (F2 of allele 301),2025-02-11,,,,,1,U:\Data\20240911_Korra_Foundation\20250211_mem_histone\fish6_48hpf_mchilada,U:\Data\20240911_Korra_Foundation\20250211_mem_histone\fish6_48hpf_mchilada
mem_histone,IMG_CLT_20250210_01,2025-02-10,pDQM005_301,pDQM005,pDQM005:301,pDQM005(301),"tdmSG,tdmStayGold","",IMG_TRT_007,mChilada:H2B (80 and 120 pg); mYH:H2B (80 and 120 pg),"","","",,,"tdmSG,tdmStayGold",274,2025-02-10,casper/rnf,ef1a:2xLynk:tdmSG(J) (F2 of allele 301),2025-02-11,,,,,1,U:\Data\20240911_Korra_Foundation\20250211_mem_histone\fish4_24hpf_mYH,U:\Data\20240911_Korra_Foundation\20250211_mem_histone\fish4_24hpf_mYH
mem_histone,IMG_CLT_20250210_01,2025-02-10,pDQM005_301,pDQM005,pDQM005:301,pDQM005(301),"tdmSG,tdmStayGold","",IMG_TRT_007,mChilada:H2B (80 and 120 pg); mYH:H2B (80 and 120 pg),"","","",,,"tdmSG,tdmStayGold",275,2025-02-10,casper/rnf,ef1a:2xLynk:tdmSG(J) (F2 of allele 301),2025-02-11,,,,,1,U:\Data\20240911_Korra_Foundation\20250211_mem_histone\fish3_24hpf_mchilada,U:\Data\20240911_Korra_Foundation\20250211_mem_histone\fish3_24hpf_mchilada
mem_histone,IMG_CLT_20250217_01,2025-02-17,Swinburne_301_Swinburne,"Swinburne,pDQM005","Swinburne:Swinburne,pDQM005:301",Swinburne(Swinburne)/pDQM005(301),"tdmSG,tdmStayGold","",IMG_TRT_008,JF635 3uM,"","","",,,"tdmSG,tdmStayGold",259,2025-02-17,ef1a:H2B:Halo,ef1a:2xLynk:tdmSG(J) (F1 of allele 301),2025-02-20,,,,,1,U:\Data\20240911_Korra_Foundation\20250218_mem_histone\fish3_72hpf_halo_jfx649,U:\Data\20240911_Korra_Foundation\20250218_mem_histone\fish3_72hpf_halo_jfx649
mem_histone,IMG_CLT_20250217_01,2025-02-17,Swinburne_301_Swinburne,"Swinburne,pDQM005","Swinburne:Swinburne,pDQM005:301",Swinburne(Swinburne)/pDQM005(301),"tdmSG,tdmStayGold","",IMG_TRT_008,JF635 3uM,"","","",,,"tdmSG,tdmStayGold",261,2025-02-17,ef1a:H2B:Halo,ef1a:2xLynk:tdmSG(J) (F1 of allele 301),2025-02-19,,,,,1,"U:\Data\20240911_Korra_Foundation\20250218_mem_histone\fish2_48hpf_halo_jfx649 (roi1,2,2-2)","U:\Data\20240911_Korra_Foundation\20250218_mem_histone\fish2_48hpf_halo_jfx649 (roi1,2,2-2)"
mem_histone,IMG_CLT_20250217_01,2025-02-17,Swinburne_301_Swinburne,"Swinburne,pDQM005","Swinburne:Swinburne,pDQM005:301",Swinburne(Swinburne)/pDQM005(301),"tdmSG,tdmStayGold","",IMG_TRT_008,JF635 3uM,"","","",,,"tdmSG,tdmStayGold",262,2025-02-17,ef1a:H2B:Halo,ef1a:2xLynk:tdmSG(J) (F1 of allele 301),2025-02-19,,,,,1,U:\Data\20240911_Korra_Foundation\20250218_mem_histone\fish2_48hpf_halo_jfx649 (roi 3-9),U:\Data\20240911_Korra_Foundation\20250218_mem_histone\fish2_48hpf_halo_jfx649 (roi 3-9)
mem_histone,IMG_CLT_20250217_01,2025-02-17,Swinburne_301_Swinburne,"Swinburne,pDQM005","Swinburne:Swinburne,pDQM005:301",Swinburne(Swinburne)/pDQM005(301),"tdmSG,tdmStayGold","",IMG_TRT_008,JF635 3uM,"","","",,,"tdmSG,tdmStayGold",263,2025-02-17,ef1a:H2B:Halo,ef1a:2xLynk:tdmSG(J) (F1 of allele 301),2025-02-18,,,,,1,U:\Data\20240911_Korra_Foundation\20250218_mem_histone\fish1_24hpf_halo_jfx649,U:\Data\20240911_Korra_Foundation\20250218_mem_histone\fish1_24hpf_halo_jfx649
mem_histone,IMG_CLT_20250224_01,2025-02-24,pDQM005_301,pDQM005,pDQM005:301,pDQM005(301),"tdmSG,tdmStayGold","",IMG_TRT_006,mYH:H2B (80 and 120 pg),"","","",,,"tdmSG,tdmStayGold",249,2025-02-24,casper/rnf,ef1a:2xLynk:tdmSG(J) (F2 of allele 301),2025-02-26,,,,,1,U:\Data\20240911_Korra_Foundation\20250225_mem_nuc\fish3_48hpf,U:\Data\20240911_Korra_Foundation\20250225_mem_nuc\fish3_48hpf
mem_histone,IMG_CLT_20250224_01,2025-02-24,pDQM005_301,pDQM005,pDQM005:301,pDQM005(301),"tdmSG,tdmStayGold","",IMG_TRT_006,mYH:H2B (80 and 120 pg),"","","",,,"tdmSG,tdmStayGold",250,2025-02-24,casper/rnf,ef1a:2xLynk:tdmSG(J) (F2 of allele 301),2025-02-26,,,,,1,U:\Data\20240911_Korra_Foundation\20250225_mem_nuc\fish4_48hpf,U:\Data\20240911_Korra_Foundation\20250225_mem_nuc\fish4_48hpf
mem_histone,IMG_CLT_20250224_01,2025-02-24,pDQM005_301,pDQM005,pDQM005:301,pDQM005(301),"tdmSG,tdmStayGold","",IMG_TRT_006,mYH:H2B (80 and 120 pg),"","","",,,"tdmSG,tdmStayGold",251,2025-02-24,casper/rnf,ef1a:2xLynk:tdmSG(J) (F2 of allele 301),2025-02-26,,,,,1,U:\Data\20240911_Korra_Foundation\20250225_mem_histone\fish5_6_48hpf (roi1-2),U:\Data\20240911_Korra_Foundation\20250225_mem_histone\fish5_6_48hpf (roi1-2)
mem_histone,IMG_CLT_20250224_01,2025-02-24,pDQM005_301,pDQM005,pDQM005:301,pDQM005(301),"tdmSG,tdmStayGold","",IMG_TRT_006,mYH:H2B (80 and 120 pg),"","","",,,"tdmSG,tdmStayGold",252,2025-02-24,casper/rnf,ef1a:2xLynk:tdmSG(J) (F2 of allele 301),2025-02-26,,,,,1,U:\Data\20240911_Korra_Foundation\20250225_mem_histone\fish5_6_48hpf (roi3-4),U:\Data\20240911_Korra_Foundation\20250225_mem_histone\fish5_6_48hpf (roi3-4)
mem_histone,IMG_CLT_20250224_01,2025-02-24,pDQM005_301,pDQM005,pDQM005:301,pDQM005(301),"tdmSG,tdmStayGold","",IMG_TRT_006,mYH:H2B (80 and 120 pg),"","","",,,"tdmSG,tdmStayGold",253,2025-02-24,casper/rnf,ef1a:2xLynk:tdmSG(J) (F2 of allele 301),2025-02-25,,,,,1,U:\Data\20240911_Korra_Foundation\20250225_mem_histone\fish1_24hpf,U:\Data\20240911_Korra_Foundation\20250225_mem_histone\fish1_24hpf
mem_histone,IMG_CLT_20250224_01,2025-02-24,pDQM005_301,pDQM005,pDQM005:301,pDQM005(301),"tdmSG,tdmStayGold","",IMG_TRT_006,mYH:H2B (80 and 120 pg),"","","",,,"tdmSG,tdmStayGold",254,2025-02-24,casper/rnf,ef1a:2xLynk:tdmSG(J) (F2 of allele 301),2025-02-25,,,,,1,,
mem_histone,IMG_CLT_20250224_01,2025-02-24,pDQM005_301,pDQM005,pDQM005:301,pDQM005(301),"tdmSG,tdmStayGold","",IMG_TRT_006,mYH:H2B (80 and 120 pg),"","","",,,"tdmSG,tdmStayGold",255,2025-02-24,casper/rnf,ef1a:2xLynk:tdmSG(J) (F2 of allele 301),2025-02-25,,,,,1,U:\Data\20240911_Korra_Foundation\20250225_mem_histone\fish2_24hpf,U:\Data\20240911_Korra_Foundation\20250225_mem_histone\fish2_24hpf
mem_histone,IMG_CLT_20250224_01,2025-02-24,pDQM005_301,pDQM005,pDQM005:301,pDQM005(301),"tdmSG,tdmStayGold","",IMG_TRT_006,mYH:H2B (80 and 120 pg),"","","",,,"tdmSG,tdmStayGold",256,2025-02-24,casper/rnf,ef1a:2xLynk:tdmSG(J) (F2 of allele 301),2025-02-25,,,,,1,,
mem_histone,IMG_CLT_20250226_01,2025-02-26,pDQM005_301,pDQM005,pDQM005:301,pDQM005(301),"tdmSG,tdmStayGold","",IMG_TRT_006,mYH:H2B (80 and 120 pg),"","","",,,"tdmSG,tdmStayGold",241,2025-02-26,casper/rnf,ef1a:2xLynk:tdmSG(J) (F1 of allele 301),2025-02-28,,,,,1,U:\Data\20240911_Korra_Foundation\20250225_mem_histone\fish13_48hpf,U:\Data\20240911_Korra_Foundation\20250225_mem_histone\fish13_48hpf
mem_histone,IMG_CLT_20250226_01,2025-02-26,pDQM005_301,pDQM005,pDQM005:301,pDQM005(301),"tdmSG,tdmStayGold","",IMG_TRT_006,mYH:H2B (80 and 120 pg),"","","",,,"tdmSG,tdmStayGold",242,2025-02-26,casper/rnf,ef1a:2xLynk:tdmSG(J) (F1 of allele 301),2025-02-28,,,,,1,U:\Data\20240911_Korra_Foundation\20250225_mem_histone\fish14_48hpf,U:\Data\20240911_Korra_Foundation\20250225_mem_histone\fish14_48hpf
mem_histone,IMG_CLT_20250226_01,2025-02-26,pDQM005_301,pDQM005,pDQM005:301,pDQM005(301),"tdmSG,tdmStayGold","",IMG_TRT_006,mYH:H2B (80 and 120 pg),"","","",,,"tdmSG,tdmStayGold",243,2025-02-26,casper/rnf,ef1a:2xLynk:tdmSG(J) (F1 of allele 301),2025-02-27,,,,,1,U:\Data\20240911_Korra_Foundation\20250225_mem_histone\fish8_24hpf,U:\Data\20240911_Korra_Foundation\20250225_mem_histone\fish8_24hpf
mem_histone,IMG_CLT_20250226_01,2025-02-26,pDQM005_301,pDQM005,pDQM005:301,pDQM005(301),"tdmSG,tdmStayGold","",IMG_TRT_006,mYH:H2B (80 and 120 pg),"","","",,,"tdmSG,tdmStayGold",244,2025-02-26,casper/rnf,ef1a:2xLynk:tdmSG(J) (F1 of allele 301),2025-02-27,,,,,1,U:\Data\20240911_Korra_Foundation\20250225_mem_histone\fish7_24hpf,U:\Data\20240911_Korra_Foundation\20250225_mem_histone\fish7_24hpf
mem_histone,IMG_CLT_20250226_01,2025-02-26,pDQM005_301,pDQM005,pDQM005:301,pDQM005(301),"tdmSG,tdmStayGold","",IMG_TRT_006,mYH:H2B (80 and 120 pg),"","","",,,"tdmSG,tdmStayGold",245,2025-02-26,casper/rnf,ef1a:2xLynk:tdmSG(J) (F1 of allele 301),2025-02-27,,,,,1,U:\Data\20240911_Korra_Foundation\20250225_mem_histone\fish9_24hpf,U:\Data\20240911_Korra_Foundation\20250225_mem_histone\fish9_24hpf
mem_histone,IMG_CLT_20250226_01,2025-02-26,pDQM005_301,pDQM005,pDQM005:301,pDQM005(301),"tdmSG,tdmStayGold","",IMG_TRT_006,mYH:H2B (80 and 120 pg),"","","",,,"tdmSG,tdmStayGold",246,2025-02-26,casper/rnf,ef1a:2xLynk:tdmSG(J) (F1 of allele 301),2025-02-27,,,,,1,U:\Data\20240911_Korra_Foundation\20250225_mem_histone\fish10_24hpf,U:\Data\20240911_Korra_Foundation\20250225_mem_histone\fish10_24hpf
mem_histone,IMG_CLT_20250226_01,2025-02-26,pDQM005_301,pDQM005,pDQM005:301,pDQM005(301),"tdmSG,tdmStayGold","",IMG_TRT_006,mYH:H2B (80 and 120 pg),"","","",,,"tdmSG,tdmStayGold",247,2025-02-26,casper/rnf,ef1a:2xLynk:tdmSG(J) (F1 of allele 301),2025-02-27,,,,,1,U:\Data\20240911_Korra_Foundation\20250225_mem_histone\fish11_24hpf,U:\Data\20240911_Korra_Foundation\20250225_mem_histone\fish11_24hpf
mem_histone,IMG_CLT_20250226_01,2025-02-26,pDQM005_301,pDQM005,pDQM005:301,pDQM005(301),"tdmSG,tdmStayGold","",IMG_TRT_006,mYH:H2B (80 and 120 pg),"","","",,,"tdmSG,tdmStayGold",248,2025-02-26,casper/rnf,ef1a:2xLynk:tdmSG(J) (F1 of allele 301),2025-02-27,,,,,1,U:\Data\20240911_Korra_Foundation\20250225_mem_histone\fish12_24hpf,U:\Data\20240911_Korra_Foundation\20250225_mem_histone\fish12_24hpf
mem_histone,IMG_CLT_20250228_01,2025-02-28,pDQM005_301,pDQM005,pDQM005:301,pDQM005(301),"tdmSG,tdmStayGold","",IMG_TRT_006,mYH:H2B (80 and 120 pg),"","","",,,"tdmSG,tdmStayGold",238,2025-02-28,casper/rnf,ef1a:2xLynk:tdmSG(J) (F2 of allele 301),2025-03-03,,,,,1,U:\Data\20240911_Korra_Foundation\20250303_mem_histone\fish1_72hpf,U:\Data\20240911_Korra_Foundation\20250303_mem_histone\fish1_72hpf
mem_histone,IMG_CLT_20250228_01,2025-02-28,pDQM005_301,pDQM005,pDQM005:301,pDQM005(301),"tdmSG,tdmStayGold","",IMG_TRT_006,mYH:H2B (80 and 120 pg),"","","",,,"tdmSG,tdmStayGold",239,2025-02-28,casper/rnf,ef1a:2xLynk:tdmSG(J) (F2 of allele 301),2025-03-03,,,,,1,U:\Data\20240911_Korra_Foundation\20250303_mem_histone\fish2_72hpf,U:\Data\20240911_Korra_Foundation\20250303_mem_histone\fish2_72hpf
mem_histone,IMG_CLT_20250228_01,2025-02-28,pDQM005_301,pDQM005,pDQM005:301,pDQM005(301),"tdmSG,tdmStayGold","",IMG_TRT_006,mYH:H2B (80 and 120 pg),"","","",,,"tdmSG,tdmStayGold",240,2025-02-28,casper/rnf,ef1a:2xLynk:tdmSG(J) (F2 of allele 301),2025-03-03,,,,,1,U:\Data\20240911_Korra_Foundation\20250303_mem_histone\fish3_72hpf,U:\Data\20240911_Korra_Foundation\20250303_mem_histone\fish3_72hpf
mem_histone,IMG_CLT_20250303_01,2025-03-03,pDQM005_301,pDQM005,pDQM005:301,pDQM005(301),"tdmSG,tdmStayGold","",IMG_TRT_009,mYH:H2B,"","","",,,"tdmSG,tdmStayGold",229,2025-03-03,ef1a:2xLynk:tdmSG(J) (F2 of allele 301),ef1a:2xLynk:tdmSG(J) (F2 of allele 301),2025-03-06,,,,,1,U:\Data\20240911_Korra_Foundation\20250303_mem_histone\fish9_48hpf,U:\Data\20240911_Korra_Foundation\20250303_mem_histone\fish9_48hpf
mem_histone,IMG_CLT_20250303_01,2025-03-03,pDQM005_301,pDQM005,pDQM005:301,pDQM005(301),"tdmSG,tdmStayGold","",IMG_TRT_009,mYH:H2B,"","","",,,"tdmSG,tdmStayGold",230,2025-03-03,ef1a:2xLynk:tdmSG(J) (F2 of allele 301),ef1a:2xLynk:tdmSG(J) (F2 of allele 301),2025-03-06,,,,,1,U:\Data\20240911_Korra_Foundation\20250303_mem_histone\fish10_48hpf,U:\Data\20240911_Korra_Foundation\20250303_mem_histone\fish10_48hpf
mem_histone,IMG_CLT_20250303_01,2025-03-03,pDQM005_301,pDQM005,pDQM005:301,pDQM005(301),"tdmSG,tdmStayGold","",IMG_TRT_009,mYH:H2B,"","","",,,"tdmSG,tdmStayGold",232,2025-03-03,ef1a:2xLynk:tdmSG(J) (F2 of allele 301),ef1a:2xLynk:tdmSG(J) (F2 of allele 301),2025-03-05,,,,,1,U:\Data\20240911_Korra_Foundation\20250303_mem_histone\fish6_48hpf,U:\Data\20240911_Korra_Foundation\20250303_mem_histone\fish6_48hpf
mem_histone,IMG_CLT_20250303_01,2025-03-03,pDQM005_301,pDQM005,pDQM005:301,pDQM005(301),"tdmSG,tdmStayGold","",IMG_TRT_009,mYH:H2B,"","","",,,"tdmSG,tdmStayGold",233,2025-03-03,ef1a:2xLynk:tdmSG(J) (F2 of allele 301),ef1a:2xLynk:tdmSG(J) (F2 of allele 301),2025-03-05,,,,,1,,
mem_histone,IMG_CLT_20250303_01,2025-03-03,pDQM005_301,pDQM005,pDQM005:301,pDQM005(301),"tdmSG,tdmStayGold","",IMG_TRT_009,mYH:H2B,"","","",,,"tdmSG,tdmStayGold",234,2025-03-03,ef1a:2xLynk:tdmSG(J) (F2 of allele 301),ef1a:2xLynk:tdmSG(J) (F2 of allele 301),2025-03-05,,,,,1,U:\Data\20240911_Korra_Foundation\20250303_mem_histone\fish7_48hpf,U:\Data\20240911_Korra_Foundation\20250303_mem_histone\fish7_48hpf
mem_histone,IMG_CLT_20250303_01,2025-03-03,pDQM005_301,pDQM005,pDQM005:301,pDQM005(301),"tdmSG,tdmStayGold","",IMG_TRT_009,mYH:H2B,"","","",,,"tdmSG,tdmStayGold",235,2025-03-03,ef1a:2xLynk:tdmSG(J) (F2 of allele 301),ef1a:2xLynk:tdmSG(J) (F2 of allele 301),2025-03-05,,,,,1,U:\Data\20240911_Korra_Foundation\20250303_mem_histone\fish8_48hpf,U:\Data\20240911_Korra_Foundation\20250303_mem_histone\fish8_48hpf
mem_histone,IMG_CLT_20250303_01,2025-03-03,pDQM005_301,pDQM005,pDQM005:301,pDQM005(301),"tdmSG,tdmStayGold","",IMG_TRT_009,mYH:H2B,"","","",,,"tdmSG,tdmStayGold",236,2025-03-03,ef1a:2xLynk:tdmSG(J) (F2 of allele 301),ef1a:2xLynk:tdmSG(J) (F2 of allele 301),2025-03-04,,,,,1,U:\Data\20240911_Korra_Foundation\20250303_mem_histone\fish4_24hpf,U:\Data\20240911_Korra_Foundation\20250303_mem_histone\fish4_24hpf
mem_histone,IMG_CLT_20250303_01,2025-03-03,pDQM005_301,pDQM005,pDQM005:301,pDQM005(301),"tdmSG,tdmStayGold","",IMG_TRT_009,mYH:H2B,"","","",,,"tdmSG,tdmStayGold",237,2025-03-03,ef1a:2xLynk:tdmSG(J) (F2 of allele 301),ef1a:2xLynk:tdmSG(J) (F2 of allele 301),2025-03-04,,,,,1,U:\Data\20240911_Korra_Foundation\20250303_mem_histone\fish5_24hpf,U:\Data\20240911_Korra_Foundation\20250303_mem_histone\fish5_24hpf
mem_histone,IMG_CLT_20250305_01,2025-03-05,pDQM034_310,pDQM034,pDQM034:310,pDQM034(310),"Electra2,mCitrine,mKate2,mKOK,mTFP1","",IMG_TRT_010,2xLynk:mSG; phiC,"","","",,,"Electra2,mCitrine,mKate2,mKOK,mTFP1",231,2025-03-05,casper/rnf,ef1a:<cryaa:mSc>mKate2/mCitrine/Electra2/mKOK/mTFP1 (F1 of allele 309),2025-03-06,,,,,1,U:\Data\20240911_Korra_Foundation\20250306_skittle_mem-mSG\fish1_24hpf,U:\Data\20240911_Korra_Foundation\20250306_skittle_mem-mSG\fish1_24hpf
mem_histone,IMG_CLT_20250310_01,2025-03-10,pDQM005_301,pDQM005,pDQM005:301,pDQM005(301),"tdmSG,tdmStayGold","",IMG_TRT_011,ef1a:mTFP1 and ef1a:mBeRFP,"","","",,,"tdmSG,tdmStayGold",220,2025-03-10,ef1a:2xLynk:tdmSG(J) (F2 of allele 301),ef1a:2xLynk:tdmSG(J) (F2 of allele 301),2025-03-12,,,,,1,U:\Data\20240911_Korra_Foundation\20250311_mem_histone\fish3_48hpf,U:\Data\20240911_Korra_Foundation\20250311_mem_histone\fish3_48hpf
mem_histone,IMG_CLT_20250310_01,2025-03-10,pDQM005_301,pDQM005,pDQM005:301,pDQM005(301),"tdmSG,tdmStayGold","",IMG_TRT_011,ef1a:mTFP1 and ef1a:mBeRFP,"","","",,,"tdmSG,tdmStayGold",221,2025-03-10,ef1a:2xLynk:tdmSG(J) (F2 of allele 301),ef1a:2xLynk:tdmSG(J) (F2 of allele 301),2025-03-12,,,,,1,,
mem_histone,IMG_CLT_20250310_01,2025-03-10,pDQM005_301,pDQM005,pDQM005:301,pDQM005(301),"tdmSG,tdmStayGold","",IMG_TRT_011,ef1a:mTFP1 and ef1a:mBeRFP,"","","",,,"tdmSG,tdmStayGold",222,2025-03-10,ef1a:2xLynk:tdmSG(J) (F2 of allele 301),ef1a:2xLynk:tdmSG(J) (F2 of allele 301),2025-03-12,,,,,1,,
mem_histone,IMG_CLT_20250310_01,2025-03-10,pDQM005_301,pDQM005,pDQM005:301,pDQM005(301),"tdmSG,tdmStayGold","",IMG_TRT_011,ef1a:mTFP1 and ef1a:mBeRFP,"","","",,,"tdmSG,tdmStayGold",223,2025-03-10,ef1a:2xLynk:tdmSG(J) (F2 of allele 301),ef1a:2xLynk:tdmSG(J) (F2 of allele 301),2025-03-12,,,,,1,U:\Data\20240911_Korra_Foundation\20250311_mem_histone\fish4_72hpf,U:\Data\20240911_Korra_Foundation\20250311_mem_histone\fish4_72hpf
mem_histone,IMG_CLT_20250310_01,2025-03-10,pDQM005_301,pDQM005,pDQM005:301,pDQM005(301),"tdmSG,tdmStayGold","",IMG_TRT_011,ef1a:mTFP1 and ef1a:mBeRFP,"","","",,,"tdmSG,tdmStayGold",224,2025-03-10,ef1a:2xLynk:tdmSG(J) (F2 of allele 301),ef1a:2xLynk:tdmSG(J) (F2 of allele 301),2025-03-12,,,,,1,U:\Data\20240911_Korra_Foundation\20250311_mem_histone\fish5_72hpf,U:\Data\20240911_Korra_Foundation\20250311_mem_histone\fish5_72hpf
mem_histone,IMG_CLT_20250310_01,2025-03-10,pDQM005_301,pDQM005,pDQM005:301,pDQM005(301),"tdmSG,tdmStayGold","",IMG_TRT_011,ef1a:mTFP1 and ef1a:mBeRFP,"","","",,,"tdmSG,tdmStayGold",225,2025-03-10,ef1a:2xLynk:tdmSG(J) (F2 of allele 301),ef1a:2xLynk:tdmSG(J) (F2 of allele 301),2025-03-11,,,,,1,U:\Data\20240911_Korra_Foundation\20250311_mem_histone\fish1_24hpf,U:\Data\20240911_Korra_Foundation\20250311_mem_histone\fish1_24hpf
mem_histone,IMG_CLT_20250310_01,2025-03-10,pDQM005_301,pDQM005,pDQM005:301,pDQM005(301),"tdmSG,tdmStayGold","",IMG_TRT_011,ef1a:mTFP1 and ef1a:mBeRFP,"","","",,,"tdmSG,tdmStayGold",226,2025-03-10,ef1a:2xLynk:tdmSG(J) (F2 of allele 301),ef1a:2xLynk:tdmSG(J) (F2 of allele 301),2025-03-11,,,,,1,U:\Data\20240911_Korra_Foundation\20250311_mem_histone\fish2_24hpf,U:\Data\20240911_Korra_Foundation\20250311_mem_histone\fish2_24hpf
mem_histone,IMG_CLT_20250310_01,2025-03-10,pDQM005_301,pDQM005,pDQM005:301,pDQM005(301),"tdmSG,tdmStayGold","",IMG_TRT_011,ef1a:mTFP1 and ef1a:mBeRFP,"","","",,,"tdmSG,tdmStayGold",227,2025-03-10,ef1a:2xLynk:tdmSG(J) (F2 of allele 301),ef1a:2xLynk:tdmSG(J) (F2 of allele 301),2025-03-10,,,,,1,U:\Data\20240911_Korra_Foundation\20250310_mem,U:\Data\20240911_Korra_Foundation\20250310_mem
mem_histone,IMG_CLT_20250312_01,2025-03-12,pDQM005_301_310,"pDQM005,pDQM034","pDQM005:301,pDQM034:310",pDQM005(301)/pDQM034(310),"Electra2,mCitrine,mKate2,mKOK,mTFP1,tdmSG,tdmStayGold","",IMG_TRT_012,phiC,"","","",,,"Electra2,mCitrine,mKate2,mKOK,mTFP1,tdmSG,tdmStayGold",214,2025-03-12,ef1a:2xLynk:tdmSG(J) (F2 of allele 301),ef1a:<cryaa:mSc>mKate2/mCitrine/Electra2/mKOK/mTFP1 (F1 of allele 309),2025-03-14,,,,,1,U:\Data\20240911_Korra_Foundation\20250313_mSG_skittles\fish3_24hpf,U:\Data\20240911_Korra_Foundation\20250313_mSG_skittles\fish3_24hpf
mem_histone,IMG_CLT_20250312_01,2025-03-12,pDQM005_301_310,"pDQM005,pDQM034","pDQM005:301,pDQM034:310",pDQM005(301)/pDQM034(310),"Electra2,mCitrine,mKate2,mKOK,mTFP1,tdmSG,tdmStayGold","",IMG_TRT_012,phiC,"","","",,,"Electra2,mCitrine,mKate2,mKOK,mTFP1,tdmSG,tdmStayGold",215,2025-03-12,ef1a:2xLynk:tdmSG(J) (F2 of allele 301),ef1a:<cryaa:mSc>mKate2/mCitrine/Electra2/mKOK/mTFP1 (F1 of allele 309),2025-03-14,,,,,1,U:\Data\20240911_Korra_Foundation\20250313_mSG_skittles\fish4_24hpf,U:\Data\20240911_Korra_Foundation\20250313_mSG_skittles\fish4_24hpf
mem_histone,IMG_CLT_20250312_01,2025-03-12,pDQM005_301_310,"pDQM005,pDQM034","pDQM005:301,pDQM034:310",pDQM005(301)/pDQM034(310),"Electra2,mCitrine,mKate2,mKOK,mTFP1,tdmSG,tdmStayGold","",IMG_TRT_012,phiC,"","","",,,"Electra2,mCitrine,mKate2,mKOK,mTFP1,tdmSG,tdmStayGold",218,2025-03-12,ef1a:2xLynk:tdmSG(J) (F2 of allele 301),ef1a:<cryaa:mSc>mKate2/mCitrine/Electra2/mKOK/mTFP1 (F1 of allele 309),2025-03-13,,,,,1,U:\Data\20240911_Korra_Foundation\20250313_mSG_skittles\fish1_24hpf,U:\Data\20240911_Korra_Foundation\20250313_mSG_skittles\fish1_24hpf
mem_histone,IMG_CLT_20250312_01,2025-03-12,pDQM005_301_310,"pDQM005,pDQM034","pDQM005:301,pDQM034:310",pDQM005(301)/pDQM034(310),"Electra2,mCitrine,mKate2,mKOK,mTFP1,tdmSG,tdmStayGold","",IMG_TRT_012,phiC,"","","",,,"Electra2,mCitrine,mKate2,mKOK,mTFP1,tdmSG,tdmStayGold",219,2025-03-12,ef1a:2xLynk:tdmSG(J) (F2 of allele 301),ef1a:<cryaa:mSc>mKate2/mCitrine/Electra2/mKOK/mTFP1 (F1 of allele 309),2025-03-13,,,,,1,U:\Data\20240911_Korra_Foundation\20250313_mSG_skittles\fish2_24hpf,U:\Data\20240911_Korra_Foundation\20250313_mSG_skittles\fish2_24hpf
mem_histone,IMG_CLT_20250313_01,2025-03-13,pDQM005_301,pDQM005,pDQM005:301,pDQM005(301),"tdmSG,tdmStayGold","",IMG_TRT_013,mScarlet3-S2:H2B,"","","",,,"tdmSG,tdmStayGold",216,2025-03-13,casper/rnf,ef1a:2xLynk:tdmSG(J) (F1 of allele 301),2025-03-14,,,,,1,U:\Data\20240911_Korra_Foundation\20250314_mem_histone\fish1_24hpf,U:\Data\20240911_Korra_Foundation\20250314_mem_histone\fish1_24hpf
mem_histone,IMG_CLT_20250313_01,2025-03-13,pDQM005_301,pDQM005,pDQM005:301,pDQM005(301),"tdmSG,tdmStayGold","",IMG_TRT_013,mScarlet3-S2:H2B,"","","",,,"tdmSG,tdmStayGold",217,2025-03-13,casper/rnf,ef1a:2xLynk:tdmSG(J) (F1 of allele 301),2025-03-14,,,,,1,U:\Data\20240911_Korra_Foundation\20250314_mem_histone\fish2_24hpf,U:\Data\20240911_Korra_Foundation\20250314_mem_histone\fish2_24hpf
mem_histone,IMG_CLT_20250314_01,2025-03-14,pDQM005_301,pDQM005,pDQM005:301,pDQM005(301),"tdmSG,tdmStayGold","",IMG_TRT_013,mScarlet3-S2:H2B,"","","",,,"tdmSG,tdmStayGold",209,2025-03-14,casper/rnf,ef1a:2xLynk:tdmSG(J) (F2 of allele 301),2025-03-18,,,,,1,U:\Data\20240911_Korra_Foundation\20250317_mem_histone\fish3_96hpf,U:\Data\20240911_Korra_Foundation\20250317_mem_histone\fish3_96hpf
mem_histone,IMG_CLT_20250314_01,2025-03-14,pDQM005_301,pDQM005,pDQM005:301,pDQM005(301),"tdmSG,tdmStayGold","",IMG_TRT_013,mScarlet3-S2:H2B,"","","",,,"tdmSG,tdmStayGold",212,2025-03-14,casper/rnf,ef1a:2xLynk:tdmSG(J) (F2 of allele 301),2025-03-17,,,,,1,U:\Data\20240911_Korra_Foundation\20250317_mem_histone\fish1_72hpf,U:\Data\20240911_Korra_Foundation\20250317_mem_histone\fish1_72hpf
mem_histone,IMG_CLT_20250314_01,2025-03-14,pDQM005_301,pDQM005,pDQM005:301,pDQM005(301),"tdmSG,tdmStayGold","",IMG_TRT_013,mScarlet3-S2:H2B,"","","",,,"tdmSG,tdmStayGold",213,2025-03-14,casper/rnf,ef1a:2xLynk:tdmSG(J) (F2 of allele 301),2025-03-17,,,,,1,U:\Data\20240911_Korra_Foundation\20250317_mem_histone\fish2_72hpf,U:\Data\20240911_Korra_Foundation\20250317_mem_histone\fish2_72hpf
mem_histone,IMG_CLT_20250317_01,2025-03-17,pDQM005_301,pDQM005,pDQM005:301,pDQM005(301),"tdmSG,tdmStayGold","",IMG_TRT_013,mScarlet3-S2:H2B,"","","",,,"tdmSG,tdmStayGold",202,2025-03-17,ef1a:2xLynk:tdmSG(J) (F2 of allele 301),casper/rnf,2025-03-21,,,,,1,,
mem_histone,IMG_CLT_20250317_01,2025-03-17,pDQM005_301,pDQM005,pDQM005:301,pDQM005(301),"tdmSG,tdmStayGold","",IMG_TRT_013,mScarlet3-S2:H2B,"","","",,,"tdmSG,tdmStayGold",203,2025-03-17,ef1a:2xLynk:tdmSG(J) (F2 of allele 301),casper/rnf,2025-03-21,,,,,1,,
mem_histone,IMG_CLT_20250317_01,2025-03-17,pDQM005_301,pDQM005,pDQM005:301,pDQM005(301),"tdmSG,tdmStayGold","",IMG_TRT_013,mScarlet3-S2:H2B,"","","",,,"tdmSG,tdmStayGold",205,2025-03-17,ef1a:2xLynk:tdmSG(J) (F2 of allele 301),casper/rnf,2025-03-20,,,,,1,U:\Data\20240911_Korra_Foundation\20250317_mem_histone\fish7_48hpf,U:\Data\20240911_Korra_Foundation\20250317_mem_histone\fish7_48hpf
mem_histone,IMG_CLT_20250317_01,2025-03-17,pDQM005_301,pDQM005,pDQM005:301,pDQM005(301),"tdmSG,tdmStayGold","",IMG_TRT_013,mScarlet3-S2:H2B,"","","",,,"tdmSG,tdmStayGold",206,2025-03-17,ef1a:2xLynk:tdmSG(J) (F2 of allele 301),casper/rnf,2025-03-20,,,,,1,U:\Data\20240911_Korra_Foundation\20250317_mem_histone\fish8_48hpf,U:\Data\20240911_Korra_Foundation\20250317_mem_histone\fish8_48hpf
mem_histone,IMG_CLT_20250317_01,2025-03-17,pDQM005_301,pDQM005,pDQM005:301,pDQM005(301),"tdmSG,tdmStayGold","",IMG_TRT_013,mScarlet3-S2:H2B,"","","",,,"tdmSG,tdmStayGold",207,2025-03-17,ef1a:2xLynk:tdmSG(J) (F2 of allele 301),casper/rnf,2025-03-19,,,,,1,U:\Data\20240911_Korra_Foundation\20250317_mem_histone\fish5_48hpf,U:\Data\20240911_Korra_Foundation\20250317_mem_histone\fish5_48hpf
mem_histone,IMG_CLT_20250317_01,2025-03-17,pDQM005_301,pDQM005,pDQM005:301,pDQM005(301),"tdmSG,tdmStayGold","",IMG_TRT_013,mScarlet3-S2:H2B,"","","",,,"tdmSG,tdmStayGold",208,2025-03-17,ef1a:2xLynk:tdmSG(J) (F2 of allele 301),casper/rnf,2025-03-19,,,,,1,U:\Data\20240911_Korra_Foundation\20250317_mem_histone\fish6_48hpf,U:\Data\20240911_Korra_Foundation\20250317_mem_histone\fish6_48hpf
mem_histone,IMG_CLT_20250317_01,2025-03-17,pDQM005_301,pDQM005,pDQM005:301,pDQM005(301),"tdmSG,tdmStayGold","",IMG_TRT_013,mScarlet3-S2:H2B,"","","",,,"tdmSG,tdmStayGold",210,2025-03-17,ef1a:2xLynk:tdmSG(J) (F2 of allele 301),casper/rnf,2025-03-18,,,,,1,U:\Data\20240911_Korra_Foundation\20250317_mem_histone\fish4_24hpf,U:\Data\20240911_Korra_Foundation\20250317_mem_histone\fish4_24hpf
mem_histone,IMG_CLT_20250317_01,2025-03-17,pDQM005_301,pDQM005,pDQM005:301,pDQM005(301),"tdmSG,tdmStayGold","",IMG_TRT_013,mScarlet3-S2:H2B,"","","",,,"tdmSG,tdmStayGold",211,2025-03-17,ef1a:2xLynk:tdmSG(J) (F2 of allele 301),casper/rnf,2025-03-18,,,,,1,,
mem_histone,IMG_CLT_20250321_01,2025-03-21,pDQM005_301,pDQM005,pDQM005:301,pDQM005(301),"tdmSG,tdmStayGold","",IMG_TRT_013,mScarlet3-S2:H2B,"","","",,,"tdmSG,tdmStayGold",200,2025-03-21,ef1a:2xLynk:tdmSG(J) (F2 of allele 301),ef1a:2xLynk:tdmSG(J) (F2 of allele 301),2025-03-24,,,,,1,U:\Data\20240911_Korra_Foundation\20250324_mem_histone\fish1_72hpf,U:\Data\20240911_Korra_Foundation\20250324_mem_histone\fish1_72hpf
mem_histone,IMG_CLT_20250321_01,2025-03-21,pDQM005_301,pDQM005,pDQM005:301,pDQM005(301),"tdmSG,tdmStayGold","",IMG_TRT_013,mScarlet3-S2:H2B,"","","",,,"tdmSG,tdmStayGold",201,2025-03-21,ef1a:2xLynk:tdmSG(J) (F2 of allele 301),ef1a:2xLynk:tdmSG(J) (F2 of allele 301),2025-03-24,,,,,1,U:\Data\20240911_Korra_Foundation\20250324_mem_histone\fish2_72hpf,U:\Data\20240911_Korra_Foundation\20250324_mem_histone\fish2_72hpf
mem_histone,IMG_CLT_20250324_01,2025-03-24,pDQM005_301,pDQM005,pDQM005:301,pDQM005(301),"tdmSG,tdmStayGold","",IMG_TRT_013,mScarlet3-S2:H2B,"","","",,,"tdmSG,tdmStayGold",198,2025-03-24,ef1a:2xLynk:tdmSG(J) (F2 of allele 301),ef1a:2xLynk:tdmSG(J) (F2 of allele 301),2025-03-26,,,,,1,U:\Data\20240911_Korra_Foundation\20250324_mem_histone\fish4_24hpf,U:\Data\20240911_Korra_Foundation\20250324_mem_histone\fish4_24hpf
mem_histone,IMG_CLT_20250324_01,2025-03-24,pDQM005_301,pDQM005,pDQM005:301,pDQM005(301),"tdmSG,tdmStayGold","",IMG_TRT_013,mScarlet3-S2:H2B,"","","",,,"tdmSG,tdmStayGold",199,2025-03-24,ef1a:2xLynk:tdmSG(J) (F2 of allele 301),ef1a:2xLynk:tdmSG(J) (F2 of allele 301),2025-03-25,,,,,1,U:\Data\20240911_Korra_Foundation\20250324_mem_histone\fish3_24hpf,U:\Data\20240911_Korra_Foundation\20250324_mem_histone\fish3_24hpf
mem_histone,IMG_CLT_20250326_01,2025-03-26,pDQM005_301_318,"pDQM005,pDQM036","pDQM005:301,pDQM036:318",pDQM005(301)/pDQM036(318),"tdmSG,tdmStayGold","",IMG_TRT_012,phiC,"","","",,,"tdmSG,tdmStayGold",193,2025-03-26,ef1a:2xLynk:tdmSG(J) (F2 of allele 301),ef1a:<exorh:GFP>mKate2/mCitrine/Electra2/mKOK/mTFP1 (F1 of allele 313),2025-03-28,,,,,1,U:\Data\20240911_Korra_Foundation\20250327_mem_skittles\fish3_48hpf,U:\Data\20240911_Korra_Foundation\20250327_mem_skittles\fish3_48hpf
mem_histone,IMG_CLT_20250326_01,2025-03-26,pDQM005_301_318,"pDQM005,pDQM036","pDQM005:301,pDQM036:318",pDQM005(301)/pDQM036(318),"tdmSG,tdmStayGold","",IMG_TRT_012,phiC,"","","",,,"tdmSG,tdmStayGold",194,2025-03-26,ef1a:2xLynk:tdmSG(J) (F2 of allele 301),ef1a:<exorh:GFP>mKate2/mCitrine/Electra2/mKOK/mTFP1 (F1 of allele 313),2025-03-28,,,,,1,U:\Data\20240911_Korra_Foundation\20250327_mem_skittles\fish4_48hpf,U:\Data\20240911_Korra_Foundation\20250327_mem_skittles\fish4_48hpf
mem_histone,IMG_CLT_20250326_01,2025-03-26,pDQM005_301_318,"pDQM005,pDQM036","pDQM005:301,pDQM036:318",pDQM005(301)/pDQM036(318),"tdmSG,tdmStayGold","",IMG_TRT_012,phiC,"","","",,,"tdmSG,tdmStayGold",195,2025-03-26,ef1a:2xLynk:tdmSG(J) (F2 of allele 301),ef1a:<exorh:GFP>mKate2/mCitrine/Electra2/mKOK/mTFP1 (F1 of allele 313),2025-03-27,,,,,1,U:\Data\20240911_Korra_Foundation\20250327_mem_skittles\fish5_48hpf,U:\Data\20240911_Korra_Foundation\20250327_mem_skittles\fish5_48hpf
mem_histone,IMG_CLT_20250326_01,2025-03-26,pDQM005_301_318,"pDQM005,pDQM036","pDQM005:301,pDQM036:318",pDQM005(301)/pDQM036(318),"tdmSG,tdmStayGold","",IMG_TRT_012,phiC,"","","",,,"tdmSG,tdmStayGold",196,2025-03-26,ef1a:2xLynk:tdmSG(J) (F2 of allele 301),ef1a:<exorh:GFP>mKate2/mCitrine/Electra2/mKOK/mTFP1 (F1 of allele 313),2025-03-27,,,,,1,U:\Data\20240911_Korra_Foundation\20250327_mem_skittles\fish1_24hpf,U:\Data\20240911_Korra_Foundation\20250327_mem_skittles\fish1_24hpf
mem_histone,IMG_CLT_20250326_01,2025-03-26,pDQM005_301_318,"pDQM005,pDQM036","pDQM005:301,pDQM036:318",pDQM005(301)/pDQM036(318),"tdmSG,tdmStayGold","",IMG_TRT_012,phiC,"","","",,,"tdmSG,tdmStayGold",197,2025-03-26,ef1a:2xLynk:tdmSG(J) (F2 of allele 301),ef1a:<exorh:GFP>mKate2/mCitrine/Electra2/mKOK/mTFP1 (F1 of allele 313),2025-03-27,,,,,1,U:\Data\20240911_Korra_Foundation\20250327_mem_skittles\fish2_24hpf,U:\Data\20240911_Korra_Foundation\20250327_mem_skittles\fish2_24hpf
mem_histone,IMG_CLT_20250328_01,2025-03-28,pDQM005_308,pDQM005,pDQM005:308,pDQM005(308),"tdmSG,tdmStayGold","",IMG_TRT_013,mScarlet3-S2:H2B,"","","",,,"tdmSG,tdmStayGold",192,2025-03-28,casper/rnf,ef1a:2xLynk:tdmSG(J) (F1 of allele 308),2025-03-31,,,,,1,,
mem_histone,IMG_CLT_20250331_01,2025-03-31,pDQM005_301,pDQM005,pDQM005:301,pDQM005(301),"tdmSG,tdmStayGold","",IMG_TRT_013,mScarlet3-S2:H2B,"","","",,,"tdmSG,tdmStayGold",191,2025-03-31,ef1a:2xLynk:tdmSG(J) (F2 of allele 301),ef1a:2xLynk:tdmSG(J) (F2 of allele 301),2025-04-01,,,,,1,U:\Data\20240911_Korra_Foundation\20250401_mem_histone\fish1_24hpf,U:\Data\20240911_Korra_Foundation\20250401_mem_histone\fish1_24hpf
mem_histone,IMG_CLT_20250403_01,2025-04-03,pDQM005_301_318,"pDQM005,pDQM036","pDQM005:301,pDQM036:318",pDQM005(301)/pDQM036(318),"tdmSG,tdmStayGold","",IMG_TRT_014,phiC; phiC-NLS,"","","",,,"tdmSG,tdmStayGold",188,2025-04-03,ef1a:2xLynk:tdmSG(J) (F2 of allele 301),ef1a:<exorh:GFP>mKate2/mCitrine/Electra2/mKOK/mTFP1 (F1 of allele 313),2025-04-07,,,,,1,U:\Data\20240911_Korra_Foundation\20250401_mem_skittles\fish1_96hpf,U:\Data\20240911_Korra_Foundation\20250401_mem_skittles\fish1_96hpf
mem_histone,IMG_CLT_20250403_01,2025-04-03,pDQM005_301_318,"pDQM005,pDQM036","pDQM005:301,pDQM036:318",pDQM005(301)/pDQM036(318),"tdmSG,tdmStayGold","",IMG_TRT_014,phiC; phiC-NLS,"","","",,,"tdmSG,tdmStayGold",189,2025-04-03,ef1a:2xLynk:tdmSG(J) (F2 of allele 301),ef1a:<exorh:GFP>mKate2/mCitrine/Electra2/mKOK/mTFP1 (F1 of allele 313),2025-04-04,,,,,1,U:\Data\20240911_Korra_Foundation\20250401_mem_skittles\fish1_24hpf\roi1,U:\Data\20240911_Korra_Foundation\20250401_mem_skittles\fish1_24hpf\roi1
mem_histone,IMG_CLT_20250409_01,2025-04-09,,,,,,,IMG_TRT_015,2xCox8A:mSG; 2xLynk:mChilada; LAMP1:mSG,MGCO-15,"","",mStayGold,LAMP1,mStayGold,184,2025-04-09,casper/rnf,casper/rnf,2025-04-11,,,,,1,"U:\Data\20240911_Korra_Foundation\20250410_organelle\fish4-5,, mitochondria","U:\Data\20240911_Korra_Foundation\20250410_organelle\fish4-5,, mitochondria"
mem_histone,IMG_CLT_20250409_01,2025-04-09,,,,,,,IMG_TRT_015,2xCox8A:mSG; 2xLynk:mChilada; LAMP1:mSG,MGCO-15,"","",mStayGold,LAMP1,mStayGold,185,2025-04-09,casper/rnf,casper/rnf,2025-04-10,,,,,1,"U:\Data\20240911_Korra_Foundation\20250410_organelle\fish1-fish3, lysosome","U:\Data\20240911_Korra_Foundation\20250410_organelle\fish1-fish3, lysosome"
mem_histone,IMG_CLT_20250411_01,2025-04-11,pDQM005_301,pDQM005,pDQM005:301,pDQM005(301),"tdmSG,tdmStayGold","",IMG_TRT_013,mScarlet3-S2:H2B,"","","",,,"tdmSG,tdmStayGold",183,2025-04-11,ef1a:2xLynk:tdmSG(J) (F2 of allele 301),ef1a:2xLynk:tdmSG(J) (F2 of allele 301),2025-04-14,,,,,1,U:\Data\20240911_Korra_Foundation\20250414_mem_histone\fish1_72hpf,U:\Data\20240911_Korra_Foundation\20250414_mem_histone\fish1_72hpf
mem_histone,IMG_CLT_20250414_01,2025-04-14,pDQM005_301,pDQM005,pDQM005:301,pDQM005(301),"tdmSG,tdmStayGold","",IMG_TRT_013,mScarlet3-S2:H2B,"","","",,,"tdmSG,tdmStayGold",182,2025-04-14,ef1a:2xLynk:tdmSG(J) (F2 of allele 301),ef1a:2xLynk:tdmSG(J) (F2 of allele 301),2025-04-15,,,,,1,,
mem_histone,IMG_CLT_20250417_01,2025-04-17,pDQM005_301,pDQM005,pDQM005:301,pDQM005(301),"tdmSG,tdmStayGold","",IMG_TRT_013,mScarlet3-S2:H2B,"","","",,,"tdmSG,tdmStayGold",181,2025-04-17,ef1a:2xLynk:tdmSG(J) (F2 of allele 301),ef1a:2xLynk:tdmSG(J) (F2 of allele 301),2025-04-18,,,,,1,U:\Data\20240911_Korra_Foundation\20250418_mem_histone\fish1_newLLStest,U:\Data\20240911_Korra_Foundation\20250418_mem_histone\fish1_newLLStest
mem_histone,IMG_CLT_20250418_01,2025-04-18,pDQM005_301,pDQM005,pDQM005:301,pDQM005(301),"tdmSG,tdmStayGold","",IMG_TRT_013,mScarlet3-S2:H2B,"","","",,,"tdmSG,tdmStayGold",180,2025-04-18,ef1a:2xLynk:tdmSG(J) (F2 of allele 301),ef1a:2xLynk:tdmSG(J) (F2 of allele 301),2025-04-21,,,,,1,U:\Data\20240911_Korra_Foundation\20250421_mem_histone\fish1_72hpf,U:\Data\20240911_Korra_Foundation\20250421_mem_histone\fish1_72hpf
mem_histone,IMG_CLT_20250421_01,2025-04-21,pDQM005_301,pDQM005,pDQM005:301,pDQM005(301),"tdmSG,tdmStayGold","",IMG_TRT_013,mScarlet3-S2:H2B,"","","",,,"tdmSG,tdmStayGold",177,2025-04-21,ef1a:2xLynk:tdmSG(J) (F2 of allele 301),ef1a:2xLynk:tdmSG(J) (F2 of allele 301),2025-04-23,,,,,1,U:\Data\20240911_Korra_Foundation\20250421_mem_histone\fish4_48hpf,U:\Data\20240911_Korra_Foundation\20250421_mem_histone\fish4_48hpf
mem_histone,IMG_CLT_20250421_01,2025-04-21,pDQM005_301,pDQM005,pDQM005:301,pDQM005(301),"tdmSG,tdmStayGold","",IMG_TRT_013,mScarlet3-S2:H2B,"","","",,,"tdmSG,tdmStayGold",178,2025-04-21,ef1a:2xLynk:tdmSG(J) (F2 of allele 301),ef1a:2xLynk:tdmSG(J) (F2 of allele 301),2025-04-22,,,,,1,U:\Data\20240911_Korra_Foundation\20250421_mem_histone\fish2_24hpf,U:\Data\20240911_Korra_Foundation\20250421_mem_histone\fish2_24hpf
mem_histone,IMG_CLT_20250421_01,2025-04-21,pDQM005_301,pDQM005,pDQM005:301,pDQM005(301),"tdmSG,tdmStayGold","",IMG_TRT_013,mScarlet3-S2:H2B,"","","",,,"tdmSG,tdmStayGold",179,2025-04-21,ef1a:2xLynk:tdmSG(J) (F2 of allele 301),ef1a:2xLynk:tdmSG(J) (F2 of allele 301),2025-04-22,,,,,1,U:\Data\20240911_Korra_Foundation\20250421_mem_histone\fish3_24hpf,U:\Data\20240911_Korra_Foundation\20250421_mem_histone\fish3_24hpf
mem_histone,IMG_CLT_20250426_01,2025-04-26,pDQM005_301,pDQM005,pDQM005:301,pDQM005(301),"tdmSG,tdmStayGold","",IMG_TRT_013,mScarlet3-S2:H2B,"","","",,,"tdmSG,tdmStayGold",173,2025-04-26,ef1a:2xLynk:tdmSG(J) (F2 of allele 301),ef1a:2xLynk:tdmSG(J) (F2 of allele 301),2025-04-28,,,,,1,X:\abcabc\Korra_Foundation\20250428_mem_histone\fish1_72hpf,X:\abcabc\Korra_Foundation\20250428_mem_histone\fish1_72hpf
mem_histone,IMG_CLT_20250428_01,2025-04-28,pDQM005_301,pDQM005,pDQM005:301,pDQM005(301),"tdmSG,tdmStayGold","",IMG_TRT_017,ef1a:mGold2s,"","","",,,"tdmSG,tdmStayGold",170,2025-04-28,ef1a:2xLynk:tdmSG(J) (F2 of allele 301),ef1a:2xLynk:tdmSG(J) (F2 of allele 301),2025-04-30,,,,,1,X:\abcabc\Korra_Foundation\20250429_mem_cytosol\fish2_48hpf,X:\abcabc\Korra_Foundation\20250429_mem_cytosol\fish2_48hpf
mem_histone,IMG_CLT_20250428_01,2025-04-28,pDQM005_301,pDQM005,pDQM005:301,pDQM005(301),"tdmSG,tdmStayGold","",IMG_TRT_017,ef1a:mGold2s,"","","",,,"tdmSG,tdmStayGold",172,2025-04-28,ef1a:2xLynk:tdmSG(J) (F2 of allele 301),ef1a:2xLynk:tdmSG(J) (F2 of allele 301),2025-04-29,,,,,1,X:\abcabc\Korra_Foundation\20250429_mem_cytosol\fish1_24hpf,X:\abcabc\Korra_Foundation\20250429_mem_cytosol\fish1_24hpf
mem_histone,IMG_CLT_20250504_01,2025-05-04,pDQM005_301,pDQM005,pDQM005:301,pDQM005(301),"tdmSG,tdmStayGold","",IMG_TRT_013,mScarlet3-S2:H2B,"","","",,,"tdmSG,tdmStayGold",168,2025-05-04,ef1a:2xLynk:tdmSG(J) (F2 of allele 301),ef1a:2xLynk:tdmSG(J) (F2 of allele 301),2025-05-05,,,,,1,X:\abcabc\Korra_Foundation\20250505_fish_transplant\0505_fish1_14somite,X:\abcabc\Korra_Foundation\20250505_fish_transplant\0505_fish1_14somite
mem_histone,IMG_CLT_20250505_01,2025-05-05,pDQM005_301,pDQM005,pDQM005:301,pDQM005(301),"tdmSG,tdmStayGold","",IMG_TRT_018,2xLynk:mScarlet3-S2; LAMP1:mSG; Vimentin:Halo,MGCO-15,"","",mStayGold,LAMP1,"tdmSG,tdmStayGold,mStayGold",166,2025-05-05,ef1a:2xLynk:tdmSG(J) (F2 of allele 301),ef1a:2xLynk:tdmSG(J) (F2 of allele 301),2025-05-06,,,,,1,X:\abcabc\Korra_Foundation\20250505_fish_transplant\0506_fish1_memSG_lamp-SG_transmSC_14somite,X:\abcabc\Korra_Foundation\20250505_fish_transplant\0506_fish1_memSG_lamp-SG_transmSC_14somite
mem_histone,IMG_CLT_20250505_01,2025-05-05,pDQM005_301,pDQM005,pDQM005:301,pDQM005(301),"tdmSG,tdmStayGold","",IMG_TRT_018,2xLynk:mScarlet3-S2; LAMP1:mSG; Vimentin:Halo,MGCO-15,"","",mStayGold,LAMP1,"tdmSG,tdmStayGold,mStayGold",167,2025-05-05,ef1a:2xLynk:tdmSG(J) (F2 of allele 301),ef1a:2xLynk:tdmSG(J) (F2 of allele 301),2025-05-06,,,,,1,X:\abcabc\Korra_Foundation\20250505_fish_transplant\0506_fish2_memSG_vemHalo_transmSC,X:\abcabc\Korra_Foundation\20250505_fish_transplant\0506_fish2_memSG_vemHalo_transmSC
mem_histone,IMG_CLT_20250520_01,2025-05-20,pDQM034_309_318,"pDQM034,pDQM036","pDQM036:318,pDQM034:309",pDQM036(318)/pDQM034(309),"Electra2,mCitrine,mKate2,mKOK,mTFP1","",IMG_TRT_022,phiC-NLS,"","","",,,"Electra2,mCitrine,mKate2,mKOK,mTFP1",154,2025-05-20,Dennis (F2 of allele 318),Abe (F2 of allele 309),2025-05-21,,,,,1,X:\abcabc\Korra_Foundation\20250521_skittles_no-membrane,X:\abcabc\Korra_Foundation\20250521_skittles_no-membrane
mem_histone,IMG_CLT_20250522_01,2025-05-22,pDQM005_302,pDQM005,pDQM005:302,pDQM005(302),"tdmSG,tdmStayGold","",IMG_TRT_013,mScarlet3-S2:H2B,"","","",,,"tdmSG,tdmStayGold",151,2025-05-22,ef1a:2xLynk:tdmSG(J) (F2 of allele 302),ef1a:2xLynk:tdmSG(J) (F2 of allele 302),2025-05-23,,,,,1,X:\abcabc\Korra_Foundation\20250523_mem_histone\fish1-4,X:\abcabc\Korra_Foundation\20250523_mem_histone\fish1-4
mem_histone,IMG_CLT_20250527_01,2025-05-27,pDQM005_302,pDQM005,pDQM005:302,pDQM005(302),"tdmSG,tdmStayGold","",IMG_TRT_013,mScarlet3-S2:H2B,"","","",,,"tdmSG,tdmStayGold",145,2025-05-27,ef1a:2xLynk:tdmSG(J) (F2 of allele 302),ef1a:2xLynk:tdmSG(J) (F2 of allele 302),2025-05-29,,,,,1,X:\abcabc\Korra_Foundation\20250528_mem-histone\fish1,X:\abcabc\Korra_Foundation\20250528_mem-histone\fish1
mem_histone,IMG_CLT_20250527_01,2025-05-27,pDQM005_302,pDQM005,pDQM005:302,pDQM005(302),"tdmSG,tdmStayGold","",IMG_TRT_013,mScarlet3-S2:H2B,"","","",,,"tdmSG,tdmStayGold",148,2025-05-27,ef1a:2xLynk:tdmSG(J) (F2 of allele 302),ef1a:2xLynk:tdmSG(J) (F2 of allele 302),2025-05-28,,,,,1,X:\abcabc\Korra_Foundation\20250528_mem-histone\fish2,X:\abcabc\Korra_Foundation\20250528_mem-histone\fish2
mem_histone,IMG_CLT_20250527_01,2025-05-27,pDQM005_302,pDQM005,pDQM005:302,pDQM005(302),"tdmSG,tdmStayGold","",IMG_TRT_013,mScarlet3-S2:H2B,"","","",,,"tdmSG,tdmStayGold",149,2025-05-27,ef1a:2xLynk:tdmSG(J) (F2 of allele 302),ef1a:2xLynk:tdmSG(J) (F2 of allele 302),2025-05-28,,,,,1,X:\abcabc\Korra_Foundation\20250528_mem-histone\fish3,X:\abcabc\Korra_Foundation\20250528_mem-histone\fish3
mem_histone,IMG_CLT_20250528_01,2025-05-28,pDQM034_310_316,"pDQM034,pDQM059","pDQM059:316,pDQM034:310",pDQM059(316)/pDQM034(310),"Electra2,gfp,GFP,mCitrine,mKate2,mKOK,mTFP1","",IMG_TRT_024,2xLynk:mSG; mChilada:H2B; phiC-NLS,"","","",,,"Electra2,gfp,GFP,mCitrine,mKate2,mKOK,mTFP1",146,2025-05-28,Jim (F2 of allele 316),Ben (F2 of allele 310),2025-05-29,,,,,1,X:\abcabc\Korra_Foundation\20250529_skittlez,X:\abcabc\Korra_Foundation\20250529_skittlez
mem_histone,IMG_CLT_20250528_02,2025-05-28,pDQM005_302,pDQM005,pDQM005:302,pDQM005(302),"tdmSG,tdmStayGold","",IMG_TRT_013,mScarlet3-S2:H2B,"","","",,,"tdmSG,tdmStayGold",144,2025-05-28,ef1a:2xLynk:tdmSG(J) (F2 of allele 302),ef1a:2xLynk:tdmSG(J) (F2 of allele 302),2025-05-30,,,,,1,X:\abcabc\Korra_Foundation\20250530_mem-histone\,X:\abcabc\Korra_Foundation\20250530_mem-histone\
mem_histone,IMG_CLT_20250530_01,2025-05-30,pDQM005_302,pDQM005,pDQM005:302,pDQM005(302),"tdmSG,tdmStayGold","",IMG_TRT_023,IMG_TRT_023,"","","",,,"tdmSG,tdmStayGold",143,2025-05-30,casper/rnf,ef1a:2xLynk:tdmSG(J) (F2 of allele 302),2025-06-02,,,,,1,X:\abcabc\Korra_Foundation\20250602_mem,X:\abcabc\Korra_Foundation\20250602_mem
mem_histone,IMG_CLT_20250602_01,2025-06-02,pDQM034_317_321,"pDQM034,pDQM059","pDQM059:321,pDQM034:317",pDQM059(321)/pDQM034(317),"Electra2,gfp,GFP,mCitrine,mKate2,mKOK,mTFP1","",IMG_TRT_025,2xLynk:mSG; phiC-NLS,"","","",,,"Electra2,gfp,GFP,mCitrine,mKate2,mKOK,mTFP1",142,2025-06-02,Liam (F2 of allele 321),Chris (F1 of allele 317),2025-06-03,,,,,1,X:\abcabc\Korra_Foundation\20250603_skittlez,X:\abcabc\Korra_Foundation\20250603_skittlez
mem_histone,IMG_CLT_20250604_01,2025-06-04,pDQM034_309_318,"pDQM034,pDQM036","pDQM036:318,pDQM034:309",pDQM036(318)/pDQM034(309),"Electra2,mCitrine,mKate2,mKOK,mTFP1","",IMG_TRT_025,2xLynk:mSG; phiC-NLS,"","","",,,"Electra2,mCitrine,mKate2,mKOK,mTFP1",141,2025-06-04,Dennis (F2 of allele 318),Abe (F2 of allele 309),2025-06-05,,,,,1,X:\abcabc\Korra_Foundation\20250605_skittlez,X:\abcabc\Korra_Foundation\20250605_skittlez
mem_histone,IMG_CLT_20250605_01,2025-06-05,pDQM034_310_316,"pDQM034,pDQM059","pDQM059:316,pDQM034:310",pDQM059(316)/pDQM034(310),"Electra2,gfp,GFP,mCitrine,mKate2,mKOK,mTFP1","",IMG_TRT_025,2xLynk:mSG; phiC-NLS,"","","",,,"Electra2,gfp,GFP,mCitrine,mKate2,mKOK,mTFP1",140,2025-06-05,Jim (F2 of allele 316),Ben (F2 of allele 310),2025-06-06,,,,,1,X:\abcabc\Korra_Foundation\20250606_skittlez,X:\abcabc\Korra_Foundation\20250606_skittlez
mem_histone,IMG_CLT_20250606_01,2025-06-06,pDQM005_301,pDQM005,pDQM005:301,pDQM005(301),"tdmSG,tdmStayGold","",IMG_TRT_013,mScarlet3-S2:H2B,"","","",,,"tdmSG,tdmStayGold",139,2025-06-06,ef1a:2xLynk:tdmSG(J) (F2 of allele 301),ef1a:2xLynk:tdmSG(J) (F2 of allele 301),2025-06-09,,,,,1,X:\abcabc\Korra_Foundation\20250609_mem-histone\fish11_72hpf_roi1,X:\abcabc\Korra_Foundation\20250609_mem-histone\fish11_72hpf_roi1
mem_histone,IMG_CLT_20250609_01,2025-06-09,pDQM005_301,pDQM005,pDQM005:301,pDQM005(301),"tdmSG,tdmStayGold","",IMG_TRT_013,mScarlet3-S2:H2B,"","","",,,"tdmSG,tdmStayGold",137,2025-06-09,ef1a:2xLynk:tdmSG(J) (F2 of allele 301),ef1a:2xLynk:tdmSG(J) (F2 of allele 301),2025-06-10,,,,,1,X:\abcabc\Korra_Foundation\20250609_mem-histone\fish2_24hpf_roi1-2,X:\abcabc\Korra_Foundation\20250609_mem-histone\fish2_24hpf_roi1-2
mem_histone,IMG_CLT_20250609_01,2025-06-09,pDQM005_301,pDQM005,pDQM005:301,pDQM005(301),"tdmSG,tdmStayGold","",IMG_TRT_013,mScarlet3-S2:H2B,"","","",,,"tdmSG,tdmStayGold",138,2025-06-09,ef1a:2xLynk:tdmSG(J) (F2 of allele 301),ef1a:2xLynk:tdmSG(J) (F2 of allele 301),2025-06-10,,,,,1,X:\abcabc\Korra_Foundation\20250609_mem-histone\fish3-6\,X:\abcabc\Korra_Foundation\20250609_mem-histone\fish3-6\
mem_histone,IMG_CLT_20250611_01,2025-06-11,pDQM034_309_318,"pDQM034,pDQM036","pDQM036:318,pDQM034:309",pDQM036(318)/pDQM034(309),"Electra2,mCitrine,mKate2,mKOK,mTFP1","",IMG_TRT_025,2xLynk:mSG; phiC-NLS,"","","",,,"Electra2,mCitrine,mKate2,mKOK,mTFP1",136,2025-06-11,Dennis (F2 of allele 318),Abe (F2 of allele 309),2025-06-12,,,,,1,X:\abcabc\Korra_Foundation\20250612_skittlez,X:\abcabc\Korra_Foundation\20250612_skittlez
mem_histone,IMG_CLT_20250612_01,2025-06-12,pDQM036_316_318,"pDQM036,pDQM059","pDQM059:316,pDQM036:318",pDQM059(316)/pDQM036(318),"gfp,GFP","",IMG_TRT_026,2xLynk:mSG; phiC-NLS,"","","",,,"gfp,GFP",135,2025-06-12,Jim (F2 of allele 316),Dennis (F2 of allele 318),2025-06-13,,,,,1,X:\abcabc\Korra_Foundation\20250613_skittlez,X:\abcabc\Korra_Foundation\20250613_skittlez
mem_histone,IMG_CLT_20250614_01,2025-06-14,pDQM005_301,pDQM005,pDQM005:301,pDQM005(301),"tdmSG,tdmStayGold","",IMG_TRT_013,mScarlet3-S2:H2B,"","","",,,"tdmSG,tdmStayGold",134,2025-06-14,ef1a:2xLynk:tdmSG(J) (F2 of allele 301),ef1a:2xLynk:tdmSG(J) (F2 of allele 301),2025-06-16,,,,,1,X:\abcabc\Korra_Foundation\20250616_mem-histone\fish1,X:\abcabc\Korra_Foundation\20250616_mem-histone\fish1
mem_histone,IMG_CLT_20250616_01,2025-06-16,pDQM005_301,pDQM005,pDQM005:301,pDQM005(301),"tdmSG,tdmStayGold","",IMG_TRT_013,mScarlet3-S2:H2B,"","","",,,"tdmSG,tdmStayGold",133,2025-06-16,ef1a:2xLynk:tdmSG(J) (F2 of allele 301),ef1a:2xLynk:tdmSG(J) (F2 of allele 301),2025-06-17,,,,,1,X:\abcabc\Korra_Foundation\20250616_mem-histone\fish_24hpf,X:\abcabc\Korra_Foundation\20250616_mem-histone\fish_24hpf
mem_histone,IMG_CLT_20250617_01,2025-06-17,pDQM034_309_310,pDQM034,"pDQM034:310,pDQM034:309",pDQM034(310)/pDQM034(309),"Electra2,mCitrine,mKate2,mKOK,mTFP1","",IMG_TRT_025,2xLynk:mSG; phiC-NLS,"","","",,,"Electra2,mCitrine,mKate2,mKOK,mTFP1",132,2025-06-17,Ben (F2 of allele 310),Abe (F2 of allele 309),2025-06-18,,,,,1,X:\abcabc\Korra_Foundation\20250618_skittlez,X:\abcabc\Korra_Foundation\20250618_skittlez
mem_histone,IMG_CLT_20250618_01,2025-06-18,pDQM034_309_318,"pDQM034,pDQM036","pDQM036:318,pDQM034:309",pDQM036(318)/pDQM034(309),"Electra2,mCitrine,mKate2,mKOK,mTFP1","",IMG_TRT_025,2xLynk:mSG; phiC-NLS,"","","",,,"Electra2,mCitrine,mKate2,mKOK,mTFP1",131,2025-06-18,Dennis (F2 of allele 318),Abe (F2 of allele 309),2025-06-19,,,,,1,X:\abcabc\Korra_Foundation\20250619_skittlez,X:\abcabc\Korra_Foundation\20250619_skittlez
mem_histone,IMG_CLT_20250623_01,2025-06-23,pDQM059_314_320,"pDQM059,pDQM064","pDQM059:320,pDQM064:314",pDQM059(320)/pDQM064(314),"Electra2,gfp,GFP,mCitrine,mKate2,mKoK,mKOK,mTFP1","",IMG_TRT_025,2xLynk:mSG; phiC-NLS,"","","",,,"Electra2,gfp,GFP,mCitrine,mKate2,mKoK,mKOK,mTFP1",129,2025-06-23,Ken (F2 of allele 320),Isaac (F2 of allele 314),2025-06-24,,,,,1,X:\abcabc\Korra_Foundation\20250624_skittlez_Issac_x_Ken,X:\abcabc\Korra_Foundation\20250624_skittlez_Issac_x_Ken
mem_histone,IMG_CLT_20250623_02,2025-06-23,pDQM034_317_321,"pDQM034,pDQM059","pDQM059:321,pDQM034:317",pDQM059(321)/pDQM034(317),"Electra2,gfp,GFP,mCitrine,mKate2,mKOK,mTFP1","",IMG_TRT_025,2xLynk:mSG; phiC-NLS,"","","",,,"Electra2,gfp,GFP,mCitrine,mKate2,mKOK,mTFP1",130,2025-06-23,Liam (F2 of allele 321),Chris (F1 of allele 317),2025-06-24,,,,,1,X:\abcabc\Korra_Foundation\20250624_skittlez_Chris_x_Liam,X:\abcabc\Korra_Foundation\20250624_skittlez_Chris_x_Liam
mem_histone,IMG_CLT_20250624_01,2025-06-24,pDQM034_309_310,pDQM034,"pDQM034:310,pDQM034:309",pDQM034(310)/pDQM034(309),"Electra2,mCitrine,mKate2,mKOK,mTFP1","",IMG_TRT_027,2xLynk:mSG; phiC-NLS,"","","",,,"Electra2,mCitrine,mKate2,mKOK,mTFP1",128,2025-06-24,Ben (F2 of allele 310),Abe (F2 of allele 309),2025-06-25,,,,,1,X:\abcabc\Korra_Foundation\20250624_skittlez_Chris_x_Liam,X:\abcabc\Korra_Foundation\20250624_skittlez_Chris_x_Liam
mem_histone,IMG_CLT_20250624_02,2025-06-24,pDQM005_301,pDQM005,pDQM005:301,pDQM005(301),"tdmSG,tdmStayGold","",IMG_TRT_013,mScarlet3-S2:H2B,"","","",,,"tdmSG,tdmStayGold",126,2025-06-24,ef1a:2xLynk:tdmSG(J) (F2 of allele 301),ef1a:2xLynk:tdmSG(J) (F2 of allele 301),2025-06-26,,,,,1,X:\abcabc\Korra_Foundation\20250626_mem-histone\fish1_48hpf_brain,X:\abcabc\Korra_Foundation\20250626_mem-histone\fish1_48hpf_brain
mem_histone,IMG_CLT_20250624_02,2025-06-24,pDQM005_301,pDQM005,pDQM005:301,pDQM005(301),"tdmSG,tdmStayGold","",IMG_TRT_013,mScarlet3-S2:H2B,"","","",,,"tdmSG,tdmStayGold",127,2025-06-24,ef1a:2xLynk:tdmSG(J) (F2 of allele 301),ef1a:2xLynk:tdmSG(J) (F2 of allele 301),2025-06-26,,,,,1,X:\abcabc\Korra_Foundation\20250626_mem-histone\fish3_48hpf_hindbrain-to-tail,X:\abcabc\Korra_Foundation\20250626_mem-histone\fish3_48hpf_hindbrain-to-tail
mem_histone,IMG_CLT_20250626_01,2025-06-26,pDQM034_310_316,"pDQM034,pDQM059","pDQM059:316,pDQM034:310",pDQM059(316)/pDQM034(310),"Electra2,gfp,GFP,mCitrine,mKate2,mKOK,mTFP1","",IMG_TRT_025,2xLynk:mSG; phiC-NLS,"","","",,,"Electra2,gfp,GFP,mCitrine,mKate2,mKOK,mTFP1",125,2025-06-26,Jim (F2 of allele 316),Ben (F2 of allele 310),2025-06-27,,,,,1,X:\abcabc\Korra_Foundation\20250627_skittlez and 20250625_skittlez,X:\abcabc\Korra_Foundation\20250627_skittlez and 20250625_skittlez
mem_histone,IMG_CLT_20250714_01,2025-07-14,pDQM005_301,pDQM005,pDQM005:301,pDQM005(301),"tdmSG,tdmStayGold","",IMG_TRT_028,ef1a-extended:2xCox8A:Halo; ef1a-extended:2xCox8A:mScarlet3S2,"MGCO-35,MGCO-36,MGCO-39,MGCO-40","","","halo,Halo,mScarlet3S2","2Xcox8A,sec61b","tdmSG,tdmStayGold,halo,Halo,mScarlet3S2",121,2025-07-14,ef1a:2xLynk:tdmSG(J) (F2 of allele 301),ef1a:2xLynk:tdmSG(J) (F2 of allele 301),2025-07-17,,,,,1,X:\abcabc\Korra_Foundation\20250715_mem_organelle,X:\abcabc\Korra_Foundation\20250715_mem_organelle
mem_histone,IMG_CLT_20250714_01,2025-07-14,pDQM005_301,pDQM005,pDQM005:301,pDQM005(301),"tdmSG,tdmStayGold","",IMG_TRT_028,ef1a-extended:2xCox8A:Halo; ef1a-extended:2xCox8A:mScarlet3S2,"MGCO-35,MGCO-36,MGCO-39,MGCO-40","","","halo,Halo,mScarlet3S2","2Xcox8A,sec61b","tdmSG,tdmStayGold,halo,Halo,mScarlet3S2",122,2025-07-14,ef1a:2xLynk:tdmSG(J) (F2 of allele 301),ef1a:2xLynk:tdmSG(J) (F2 of allele 301),2025-07-16,,,,,1,X:\abcabc\Korra_Foundation\20250715_mem_organelle,X:\abcabc\Korra_Foundation\20250715_mem_organelle
mem_histone,IMG_CLT_20250714_01,2025-07-14,pDQM005_301,pDQM005,pDQM005:301,pDQM005(301),"tdmSG,tdmStayGold","",IMG_TRT_028,ef1a-extended:2xCox8A:Halo; ef1a-extended:2xCox8A:mScarlet3S2,"MGCO-35,MGCO-36,MGCO-39,MGCO-40","","","halo,Halo,mScarlet3S2","2Xcox8A,sec61b","tdmSG,tdmStayGold,halo,Halo,mScarlet3S2",123,2025-07-14,ef1a:2xLynk:tdmSG(J) (F2 of allele 301),ef1a:2xLynk:tdmSG(J) (F2 of allele 301),2025-07-15,,,,,1,X:\abcabc\Korra_Foundation\20250715_mem_organelle,X:\abcabc\Korra_Foundation\20250715_mem_organelle
mem_histone,IMG_CLT_20250714_01,2025-07-14,pDQM005_301,pDQM005,pDQM005:301,pDQM005(301),"tdmSG,tdmStayGold","",IMG_TRT_028,ef1a-extended:2xCox8A:Halo; ef1a-extended:2xCox8A:mScarlet3S2,"MGCO-35,MGCO-36,MGCO-39,MGCO-40","","","halo,Halo,mScarlet3S2","2Xcox8A,sec61b","tdmSG,tdmStayGold,halo,Halo,mScarlet3S2",124,2025-07-14,ef1a:2xLynk:tdmSG(J) (F2 of allele 301),ef1a:2xLynk:tdmSG(J) (F2 of allele 301),2025-07-15,,,,,1,X:\abcabc\Korra_Foundation\20250715_mem_organelle,X:\abcabc\Korra_Foundation\20250715_mem_organelle
mem_histone,IMG_CLT_20250721_02,2025-07-21,pDQM082_315,pDQM082,pDQM082:315,pDQM082(315),tdmChilada,2xLynk,IMG_TRT_030,2xCox8A:mSG,"","","",,,tdmChilada,120,2025-07-21,membrane mChilada,membrane mChilada,2025-07-22,,,,,1,X:\abcabc\Aang_Foundation\20250722_mrna_mito-mSG_mem-mChilada,X:\abcabc\Aang_Foundation\20250722_mrna_mito-mSG_mem-mChilada
mem_histone,IMG_CLT_20250723_01,2025-07-23,pDQM082_315,pDQM082,pDQM082:315,pDQM082(315),tdmChilada,2xLynk,IMG_TRT_031,mSG:sec61b,"","","",,,tdmChilada,117,2025-07-23,membrane mChilada,membrane mChilada,2025-07-24,,,,,1,"X:\abcabc\Korra_Foundation\20250724_mem-mchilada_er-mSG, X:\abcabc\Aang_Foundation\20250723_er-mSG_mem-mChilada","X:\abcabc\Korra_Foundation\20250724_mem-mchilada_er-mSG, X:\abcabc\Aang_Foundation\20250723_er-mSG_mem-mChilada"
mem_histone,IMG_CLT_20250726_01,2025-07-26,pDQM005_301,pDQM005,pDQM005:301,pDQM005(301),"tdmSG,tdmStayGold","",IMG_TRT_032,tdmChilada:PCNA,"","","",,,"tdmSG,tdmStayGold",116,2025-07-26,ef1a:2xLynk:tdmSG(J) (F2 of allele 301),ef1a:2xLynk:tdmSG(J) (F2 of allele 301),2025-07-28,,,,,1,X:\abcabc\Korra_Foundation\20250728_mem-histone,X:\abcabc\Korra_Foundation\20250728_mem-histone
mem_histone,IMG_CLT_20250731_01,2025-07-31,pDQM005_301,pDQM005,pDQM005:301,pDQM005(301),"tdmSG,tdmStayGold","",IMG_TRT_032,tdmChilada:PCNA,"","","",,,"tdmSG,tdmStayGold",115,2025-07-31,ef1a:2xLynk:tdmSG(J) (F2 of allele 301),ef1a:2xLynk:tdmSG(J) (F2 of allele 301),2025-08-01,,,,,1,X:\abcabc\Korra_Foundation\20250801_mem-PCNA,X:\abcabc\Korra_Foundation\20250801_mem-PCNA
mem_histone,IMG_CLT_20250801_01,2025-08-01,pDQM005_301,pDQM005,pDQM005:301,pDQM005(301),"tdmSG,tdmStayGold","",IMG_TRT_032,tdmChilada:PCNA,"","","",,,"tdmSG,tdmStayGold",114,2025-08-01,ef1a:2xLynk:tdmSG(J) (F2 of allele 301),ef1a:2xLynk:tdmSG(J) (F2 of allele 301),2025-08-04,,,,,1,X:\abcabc\Korra_Foundation\20250801_mem-PCNA\fish3_72hpf_roi1,X:\abcabc\Korra_Foundation\20250801_mem-PCNA\fish3_72hpf_roi1
mem_histone,IMG_CLT_20250804_01,2025-08-04,Swinburne_Swinburne,Swinburne,Swinburne:Swinburne,Swinburne(Swinburne),,,IMG_TRT_033,2xCox8A:mSG; Lifeact:mSG,MGCO-23,"","",mStayGold,lifeact,mStayGold,111,2025-08-04,membrane Halo,membrane Halo,2025-08-06,,,,,1,X:\abcabc\Aang_Foundation\20250805_lifeact_mem-halo,X:\abcabc\Aang_Foundation\20250805_lifeact_mem-halo
mem_histone,IMG_CLT_20250804_01,2025-08-04,Swinburne_Swinburne,Swinburne,Swinburne:Swinburne,Swinburne(Swinburne),,,IMG_TRT_033,2xCox8A:mSG; Lifeact:mSG,MGCO-23,"","",mStayGold,lifeact,mStayGold,113,2025-08-04,membrane Halo,membrane Halo,2025-08-05,,,,,1,X:\abcabc\Aang_Foundation\20250805_mito_mem-halo,X:\abcabc\Aang_Foundation\20250805_mito_mem-halo
mem_histone,IMG_CLT_20250804_02,2025-08-04,pDQM005_301,pDQM005,pDQM005:301,pDQM005(301),"tdmSG,tdmStayGold","",IMG_TRT_023,IMG_TRT_023,"","","",,,"tdmSG,tdmStayGold",112,2025-08-04,,ef1a:2xLynk:tdmSG(J) (F2 of allele 301),2025-08-05,,,,,1,X:\abcabc\Korra_Foundation\20250805_mem-histone,X:\abcabc\Korra_Foundation\20250805_mem-histone
mem_histone,IMG_CLT_20250807_01,2025-08-07,pDQM082_315,pDQM082,pDQM082:315,pDQM082(315),tdmChilada,2xLynk,IMG_TRT_034,2xCox8A:mSG; LAMP1:mSG,MGCO-15,"","",mStayGold,LAMP1,"tdmChilada,mStayGold",107,2025-08-07,membrane mChilada,membrane mChilada,2025-08-08,,,,,1,X:\abcabc\Aang_Foundation\20250808_mem_organelle,X:\abcabc\Aang_Foundation\20250808_mem_organelle
mem_histone,IMG_CLT_20250807_01,2025-08-07,pDQM082_315,pDQM082,pDQM082:315,pDQM082(315),tdmChilada,2xLynk,IMG_TRT_034,2xCox8A:mSG; LAMP1:mSG,MGCO-15,"","",mStayGold,LAMP1,"tdmChilada,mStayGold",108,2025-08-07,membrane mChilada,membrane mChilada,2025-08-08,,,,,1,X:\abcabc\Aang_Foundation\20250808_mem_organelle,X:\abcabc\Aang_Foundation\20250808_mem_organelle
mem_histone,IMG_CLT_20250811_01,2025-08-11,pDQM005_301_324,"pDQM005,pDQM133","pDQM005:301,pDQM133:324",pDQM005(301)/pDQM133(324),"tdmScarlet3,tdmSG,tdmStayGold","",IMG_TRT_023,IMG_TRT_023,"","","",,,"tdmScarlet3,tdmSG,tdmStayGold",102,2025-08-11,tandem mem:mStayGold,tdmScarlet3S2:H2B-tol2 (F1 of allele 324),2025-08-13,,,,,1,,
mem_histone,IMG_CLT_20250814_01,2025-08-14,pDQM136_325,pDQM136,pDQM136:325,pDQM136(325),tdmScarlet3,2xLynk,IMG_TRT_023,IMG_TRT_023,"","","",,,tdmScarlet3,96,2025-08-14,casper/rnf,tdmScarlet3S2 (F2 of allele 325),2025-08-15,,,,,1,,
mem_histone,IMG_CLT_20250815_01,2025-08-15,pDQM005_301,pDQM005,pDQM005:301,pDQM005(301),"tdmSG,tdmStayGold","",IMG_TRT_035,ef1a:linker:mKate2:linker-attB; ef1a:mCardinal (iCodon),"","","",,,"tdmSG,tdmStayGold",93,2025-08-15,tandem mem:mStayGold,tandem mem:mStayGold,2025-08-18,,,,,1,,
mem_histone,IMG_CLT_20250815_01,2025-08-15,pDQM005_301,pDQM005,pDQM005:301,pDQM005(301),"tdmSG,tdmStayGold","",IMG_TRT_035,ef1a:linker:mKate2:linker-attB; ef1a:mCardinal (iCodon),"","","",,,"tdmSG,tdmStayGold",94,2025-08-15,tandem mem:mStayGold,tandem mem:mStayGold,2025-08-18,,,,,1,,
mem_histone,IMG_CLT_20250818_01,2025-08-18,pDQM082_315,pDQM082,pDQM082:315,pDQM082(315),tdmChilada,2xLynk,IMG_TRT_036,2xCox8A:mSG; mSG:sec61b,"","","",,,tdmChilada,90,2025-08-18,casper/rnf,mem:tdmChilada,2025-08-20,,,,,1,X:\abcabc\Aang_Foundation\20250819_mem_mito,X:\abcabc\Aang_Foundation\20250819_mem_mito
mem_histone,IMG_CLT_20250818_01,2025-08-18,pDQM082_315,pDQM082,pDQM082:315,pDQM082(315),tdmChilada,2xLynk,IMG_TRT_036,2xCox8A:mSG; mSG:sec61b,"","","",,,tdmChilada,91,2025-08-18,casper/rnf,mem:tdmChilada,2025-08-19,,,,,1,X:\abcabc\Aang_Foundation\20250819_mem_mito,X:\abcabc\Aang_Foundation\20250819_mem_mito
mem_histone,IMG_CLT_20250818_01,2025-08-18,pDQM082_315,pDQM082,pDQM082:315,pDQM082(315),tdmChilada,2xLynk,IMG_TRT_036,2xCox8A:mSG; mSG:sec61b,"","","",,,tdmChilada,92,2025-08-18,casper/rnf,mem:tdmChilada,2025-08-19,,,,,1,X:\abcabc\Aang_Foundation\20250819_mem_ER,X:\abcabc\Aang_Foundation\20250819_mem_ER
mem_histone,IMG_CLT_20250818_02,2025-08-18,pDQM005_301_324,"pDQM005,pDQM133","pDQM005:301,pDQM133:324",pDQM005(301)/pDQM133(324),"tdmScarlet3,tdmSG,tdmStayGold","",IMG_TRT_023,IMG_TRT_023,"","","",,,"tdmScarlet3,tdmSG,tdmStayGold",88,2025-08-18,tandem mem:mStayGold,tdmScarlet3S2:H2B-tol2 (F1 of allele 324),2025-08-21,,,,,1,,
mem_histone,IMG_CLT_20250820_01,2025-08-20,pDQM082_315,pDQM082,pDQM082:315,pDQM082(315),tdmChilada,2xLynk,IMG_TRT_038,2xCox8A:mSG; mSG:MYH10,MGCO-25,"","","mStayGold,mYH,mYongHong","","tdmChilada,mStayGold,mYH,mYongHong",84,2025-08-20,casper/rnf,mem:tdmChilada,2025-08-22,,,,,1,X:\abcabc\Aang_Foundation\20250821_mem_mito,X:\abcabc\Aang_Foundation\20250821_mem_mito
mem_histone,IMG_CLT_20250820_01,2025-08-20,pDQM082_315,pDQM082,pDQM082:315,pDQM082(315),tdmChilada,2xLynk,IMG_TRT_038,2xCox8A:mSG; mSG:MYH10,MGCO-25,"","","mStayGold,mYH,mYongHong","","tdmChilada,mStayGold,mYH,mYongHong",86,2025-08-20,casper/rnf,mem:tdmChilada,2025-08-21,,,,,1,X:\abcabc\Aang_Foundation\20250821_mem_mito,X:\abcabc\Aang_Foundation\20250821_mem_mito
mem_histone,IMG_CLT_20250820_01,2025-08-20,pDQM082_315,pDQM082,pDQM082:315,pDQM082(315),tdmChilada,2xLynk,IMG_TRT_038,2xCox8A:mSG; mSG:MYH10,MGCO-25,"","","mStayGold,mYH,mYongHong","","tdmChilada,mStayGold,mYH,mYongHong",87,2025-08-20,casper/rnf,mem:tdmChilada,2025-08-21,,,,,1,,
mem_histone,IMG_CLT_20250822_01,2025-08-22,,,,,,,IMG_TRT_039,ef1a-extended:2xCox8A:mStayGold; ef1a-extended:mStayGold:sec61b,"MGCO-27,MGCO-28","","",mStayGold,"2Xcox8A,sec61b",mStayGold,80,2025-08-22,casper/rnf,casper/rnf,2025-08-25,,,,,1,X:\abcabc\Exploratory_fish\20250825_mgco28_mito-mSG,X:\abcabc\Exploratory_fish\20250825_mgco28_mito-mSG
mem_histone,IMG_CLT_20250822_01,2025-08-22,,,,,,,IMG_TRT_039,ef1a-extended:2xCox8A:mStayGold; ef1a-extended:mStayGold:sec61b,"MGCO-27,MGCO-28","","",mStayGold,"2Xcox8A,sec61b",mStayGold,83,2025-08-22,casper/rnf,casper/rnf,2025-08-25,,,,,1,X:\abcabc\Exploratory_fish\20250825_mgco29_er-msg,X:\abcabc\Exploratory_fish\20250825_mgco29_er-msg
mem_histone,IMG_CLT_20250822_02,2025-08-22,"pDQM005, pDQM104_301, n/a","pDQM005, pDQM104","pDQM005, pDQM104:301, n/a","pDQM005, pDQM104(301, n/a)","mchilada,mChilada,tdmSG,tdmStayGold","",IMG_TRT_023,IMG_TRT_023,"","","",,,"mchilada,mChilada,tdmSG,tdmStayGold",82,2025-08-22,casper/rnf,tandem mem:mStayGold; tdmChilada(MAGPV):Histone,2025-08-25,,,,,1,X:\abcabc\Exploratory_fish\20250825_pqdm094_mem-histone,X:\abcabc\Exploratory_fish\20250825_pqdm094_mem-histone
mem_histone,IMG_CLT_20250822_03,2025-08-22,"pDQM005, pDQM104_301, n/a","pDQM005, pDQM104","pDQM005, pDQM104:301, n/a","pDQM005, pDQM104(301, n/a)","mchilada,mChilada,tdmSG,tdmStayGold","",IMG_TRT_023,IMG_TRT_023,"","","",,,"mchilada,mChilada,tdmSG,tdmStayGold",81,2025-08-22,casper/rnf,tandem mem:mStayGold; tdmChilada:Histone,2025-08-25,,,,,1,X:\abcabc\Exploratory_fish\20250825_pqdm065_mem-histone,X:\abcabc\Exploratory_fish\20250825_pqdm065_mem-histone
mem_histone,IMG_CLT_20250825_01,2025-08-25,pDQM082_315,pDQM082,pDQM082:315,pDQM082(315),tdmChilada,2xLynk,IMG_TRT_040,Lifeact:mSG,MGCO-23,"","",mStayGold,lifeact,"tdmChilada,mStayGold",75,2025-08-25,casper/rnf,ef1a:2xLynk:tdmChilada (F1 of allele 315),2025-08-27,2025-W35-3,,,,1,X:\abcabc\Aang_Foundation\20250827_mem_actin,X:\abcabc\Aang_Foundation\20250827_mem_actin
mem_histone,IMG_CLT_20250825_02,2025-08-25,pDQM082_315,pDQM082,pDQM082:315,pDQM082(315),tdmChilada,2xLynk,IMG_TRT_033,2xCox8A:mSG; Lifeact:mSG,MGCO-23,"","",mStayGold,lifeact,"tdmChilada,mStayGold",78,2025-08-25,casper/rnf,mem:tdmChilada,2025-08-26,,,,,1,,
mem_histone,IMG_CLT_20250825_02,2025-08-25,pDQM082_315,pDQM082,pDQM082:315,pDQM082(315),tdmChilada,2xLynk,IMG_TRT_033,2xCox8A:mSG; Lifeact:mSG,MGCO-23,"","",mStayGold,lifeact,"tdmChilada,mStayGold",79,2025-08-25,casper/rnf,mem:tdmChilada,2025-08-26,,,,,1,X:\abcabc\Aang_Foundation\20250826_mem_actin,X:\abcabc\Aang_Foundation\20250826_mem_actin
mem_histone,IMG_CLT_20250825_03,2025-08-25,pDQM136_325,pDQM136,pDQM136:325,pDQM136(325),tdmScarlet3,2xLynk,IMG_TRT_041,2xCox8A:mSG; mSG:alpha-tub,MGCO-19,"","",mStayGold,"","tdmScarlet3,mStayGold",76,2025-08-25,casper/rnf,tdmScarlet3S2 (F2 of allele 325),2025-08-26,,,,,1,,
mem_histone,IMG_CLT_20250825_03,2025-08-25,pDQM136_325,pDQM136,pDQM136:325,pDQM136(325),tdmScarlet3,2xLynk,IMG_TRT_041,2xCox8A:mSG; mSG:alpha-tub,MGCO-19,"","",mStayGold,"","tdmScarlet3,mStayGold",77,2025-08-25,casper/rnf,tdmScarlet3S2 (F2 of allele 325),2025-08-26,,,,,1,,
mem_histone,IMG_CLT_20250827_01,2025-08-27,pDQM082_315,pDQM082,pDQM082:315,pDQM082(315),tdmChilada,2xLynk,IMG_TRT_040,Lifeact:mSG,MGCO-23,"","",mStayGold,lifeact,"tdmChilada,mStayGold",74,2025-08-27,casper/rnf,ef1a:2xLynk:tdmChilada (F1 of allele 315),2025-08-28,2025-W35-6,,,,1,X:\abcabc\Aang_Foundation\20250828_mem_actin,X:\abcabc\Aang_Foundation\20250828_mem_actin
mem_histone,IMG_CLT_20250902_01,2025-09-02,pDQM082_315,pDQM082,pDQM082:315,pDQM082(315),tdmChilada,2xLynk,IMG_TRT_043,HC-9 Lifeact:mStayGold,HC-9,"","",mStayGold,lifeact,"tdmChilada,mStayGold",68,2025-09-02,casper/rnf,mem:tdmChilada,2025-09-05,1,,,,1,,
mem_histone,IMG_CLT_20250902_01,2025-09-02,pDQM082_315,pDQM082,pDQM082:315,pDQM082(315),tdmChilada,2xLynk,IMG_TRT_043,HC-9 Lifeact:mStayGold,HC-9,"","",mStayGold,lifeact,"tdmChilada,mStayGold",69,2025-09-02,casper/rnf,mem:tdmChilada,2025-09-05,2,,,,1,X:\abcabc\Aang_Foundation\20250905_lifeact-mSG,X:\abcabc\Aang_Foundation\20250905_lifeact-mSG
mem_histone,IMG_CLT_20250902_01,2025-09-02,pDQM082_315,pDQM082,pDQM082:315,pDQM082(315),tdmChilada,2xLynk,IMG_TRT_043,HC-9 Lifeact:mStayGold,HC-9,"","",mStayGold,lifeact,"tdmChilada,mStayGold",71,2025-09-02,casper/rnf,mem:tdmChilada,2025-09-03,2025-W36-1,,,,1,X:\abcabc\Aang_Foundation\20250903_lifeact-mSG,X:\abcabc\Aang_Foundation\20250903_lifeact-mSG
mem_histone,IMG_CLT_20250902_02,2025-09-02,pDQM005_301,pDQM005,pDQM005:301,pDQM005(301),"tdmSG,tdmStayGold","",IMG_TRT_044,HC-2 2:NLS-mScarlet3,"","","",,,"tdmSG,tdmStayGold",72,2025-09-02,casper/rnf,tandem mem:mStayGold,2025-09-03,2025-W36-2,,,,1,,
mem_histone,IMG_CLT_20250903_01,2025-09-03,pDQM136_325,pDQM136,pDQM136:325,pDQM136(325),tdmScarlet3,2xLynk,IMG_TRT_043,HC-9 Lifeact:mStayGold,HC-9,"","",mStayGold,lifeact,"tdmScarlet3,mStayGold",70,2025-09-03,casper/rnf,ef1a-extended:2xLynk:tdmScarlet3-S2-tol2 (F1 of allele 325),2025-09-04,3,,,,1,X:\abcabc\Aang_Foundation\20250904_lifeact-mSG,X:\abcabc\Aang_Foundation\20250904_lifeact-mSG
mem_histone,IMG_CLT_20250905_01,2025-09-05,pDQM082_315,pDQM082,pDQM082:315,pDQM082(315),tdmChilada,2xLynk,IMG_TRT_030,2xCox8A:mSG,"","","",,,tdmChilada,67,2025-09-05,ef1a:2xLynk:tdm:mChilada,ef1a:2xLynk:tdm:mChilada,2025-09-08,1,,,,1,X:\abcabc\Aang_Foundation\20250908_mem-mito,X:\abcabc\Aang_Foundation\20250908_mem-mito
mem_histone,IMG_CLT_20250909_01,2025-09-09,pDQM082_315,pDQM082,pDQM082:315,pDQM082(315),tdmChilada,2xLynk,IMG_TRT_030,2xCox8A:mSG,"","","",,,tdmChilada,62,2025-09-09,ef1a:2xLynk:tdmChilada (F1 of allele 315),ef1a:2xLynk:tdmChilada (F1 of allele 315),2025-09-12,2,,,,1,X:\abcabc\Aang_Foundation\20250912_mem-mito,X:\abcabc\Aang_Foundation\20250912_mem-mito
mem_histone,IMG_CLT_20250909_01,2025-09-09,pDQM082_315,pDQM082,pDQM082:315,pDQM082(315),tdmChilada,2xLynk,IMG_TRT_030,2xCox8A:mSG,"","","",,,tdmChilada,63,2025-09-09,ef1a:2xLynk:tdmChilada (F1 of allele 315),ef1a:2xLynk:tdmChilada (F1 of allele 315),2025-09-11,1,,,,1,X:\abcabc\Aang_Foundation\20250911_mem-mito,X:\abcabc\Aang_Foundation\20250911_mem-mito
mem_histone,IMG_CLT_20250909_01,2025-09-09,pDQM082_315,pDQM082,pDQM082:315,pDQM082(315),tdmChilada,2xLynk,IMG_TRT_030,2xCox8A:mSG,"","","",,,tdmChilada,64,2025-09-09,ef1a:2xLynk:tdmChilada (F1 of allele 315),ef1a:2xLynk:tdmChilada (F1 of allele 315),2025-09-10,1,,,,1,X:\abcabc\Aang_Foundation\20250908_mem-mito,X:\abcabc\Aang_Foundation\20250908_mem-mito
mem_histone,IMG_CLT_20250915_01,2025-09-15,pDQM082_315,pDQM082,pDQM082:315,pDQM082(315),tdmChilada,2xLynk,IMG_TRT_030,2xCox8A:mSG,"","","",,,tdmChilada,58,2025-09-15,ef1a:2xLynk:tdmChilada (F1 of allele 315),ef1a:2xLynk:tdmChilada (F1 of allele 315),2025-09-18,1,,,,1,X:\abcabc\Aang_Foundation\20250918_mem-mito,X:\abcabc\Aang_Foundation\20250918_mem-mito
mem_histone,IMG_CLT_20250915_01,2025-09-15,pDQM082_315,pDQM082,pDQM082:315,pDQM082(315),tdmChilada,2xLynk,IMG_TRT_030,2xCox8A:mSG,"","","",,,tdmChilada,59,2025-09-15,ef1a:2xLynk:tdmChilada (F1 of allele 315),ef1a:2xLynk:tdmChilada (F1 of allele 315),2025-09-16,top,,,,1,X:\abcabc\Aang_Foundation\20250917_mem-mito,X:\abcabc\Aang_Foundation\20250917_mem-mito
mem_histone,IMG_CLT_20250915_02,2025-09-15,pDQM136_325,pDQM136,pDQM136:325,pDQM136(325),tdmScarlet3,2xLynk,IMG_TRT_030,2xCox8A:mSG,"","","",,,tdmScarlet3,60,2025-09-15,tdmScarlet3S2 (F1 of allele 325),tdmScarlet3S2 (F1 of allele 325),2025-09-16,bottom,,,,1,X:\abcabc\Aang_Foundation\20250917_mem-mito,X:\abcabc\Aang_Foundation\20250917_mem-mito
mem_histone,IMG_CLT_20250917_01,2025-09-17,pDQM082_315,pDQM082,pDQM082:315,pDQM082(315),tdmChilada,2xLynk,IMG_TRT_030,2xCox8A:mSG,"","","",,,tdmChilada,57,2025-09-17,ef1a:2xLynk:tdmChilada (F1 of allele 315),ef1a:2xLynk:tdmChilada (F1 of allele 315),2025-09-19,1,,,,1,X:\abcabc\Aang_Foundation\20250919_mem-mito,X:\abcabc\Aang_Foundation\20250919_mem-mito
mem_histone,IMG_CLT_20250919_01,2025-09-19,pDQM136_325,pDQM136,pDQM136:325,pDQM136(325),tdmScarlet3,2xLynk,IMG_TRT_030,2xCox8A:mSG,"","","",,,tdmScarlet3,56,2025-09-19,casper/rnf,tdmScarlet3S2 (F1 of allele 325),2025-09-22,1,,,,1,X:\abcabc\Aang_Foundation\20250922_mem-mito,X:\abcabc\Aang_Foundation\20250922_mem-mito
mem_histone,IMG_CLT_20250924_01,2025-09-24,pDQM082_315,pDQM082,pDQM082:315,pDQM082(315),tdmChilada,2xLynk,IMG_TRT_030,2xCox8A:mSG,"","","",,,tdmChilada,53,2025-09-24,casper/rnf,ef1a:2xLynk:tdmChilada (F1 of allele 315),2025-09-26,1,,,,1,X:\abcabc\Aang_Foundation\20250926_mem-mito,X:\abcabc\Aang_Foundation\20250926_mem-mito
mem_histone,IMG_CLT_20250930_01,2025-09-30,pDQM005_301_324,"pDQM005,pDQM133","pDQM005:301,pDQM133:324",pDQM005(301)/pDQM133(324),"tdmScarlet3,tdmSG,tdmStayGold","",IMG_TRT_023,IMG_TRT_023,"","","",,,"tdmScarlet3,tdmSG,tdmStayGold",44,2025-09-30,ef1a:2xLynk:tdmSG(J) (F1 of allele 301),tdmScarlet3S2:H2B-tol2 (F1 of allele 324),2025-10-03,2.1,,,,1,,
mem_histone,IMG_CLT_20250930_01,2025-09-30,pDQM005_301_324,"pDQM005,pDQM133","pDQM005:301,pDQM133:324",pDQM005(301)/pDQM133(324),"tdmScarlet3,tdmSG,tdmStayGold","",IMG_TRT_023,IMG_TRT_023,"","","",,,"tdmScarlet3,tdmSG,tdmStayGold",45,2025-09-30,ef1a:2xLynk:tdmSG(J) (F1 of allele 301),tdmScarlet3S2:H2B-tol2 (F1 of allele 324),2025-10-03,2.2,,,,1,,
mem_histone,IMG_CLT_20250930_01,2025-09-30,pDQM005_301_324,"pDQM005,pDQM133","pDQM005:301,pDQM133:324",pDQM005(301)/pDQM133(324),"tdmScarlet3,tdmSG,tdmStayGold","",IMG_TRT_023,IMG_TRT_023,"","","",,,"tdmScarlet3,tdmSG,tdmStayGold",51,2025-09-30,ef1a:2xLynk:tdmSG(J) (F1 of allele 301),tdmScarlet3S2:H2B-tol2 (F1 of allele 324),2025-10-01,1,,,,1,,
mem_histone,IMG_CLT_20250930_01,2025-09-30,pDQM005_301_324,"pDQM005,pDQM133","pDQM005:301,pDQM133:324",pDQM005(301)/pDQM133(324),"tdmScarlet3,tdmSG,tdmStayGold","",IMG_TRT_023,IMG_TRT_023,"","","",,,"tdmScarlet3,tdmSG,tdmStayGold",52,2025-09-30,ef1a:2xLynk:tdmSG(J) (F1 of allele 301),tdmScarlet3S2:H2B-tol2 (F1 of allele 324),2025-10-01,2,,,,1,X:\abcabc\Aang_Foundation\20251001_mem-histone,X:\abcabc\Aang_Foundation\20251001_mem-histone
mem_histone,IMG_CLT_20251001_01,2025-10-01,pDQM136_325,pDQM136,pDQM136:325,pDQM136(325),tdmScarlet3,2xLynk,IMG_TRT_045,MGCO01,"","","",,,tdmScarlet3,48,2025-10-01,casper/rnf,tdmScarlet3S2 (F1 of allele 325),2025-10-02,1,,,,1,,
mem_histone,IMG_CLT_20251001_02,2025-10-01,pDQM082_315,pDQM082,pDQM082:315,pDQM082(315),tdmChilada,2xLynk,IMG_TRT_046,MGCO01; MGCO28,MGCO-28,"","",mStayGold,2Xcox8A,"tdmChilada,mStayGold",46,2025-10-01,ef1a:2xLynk:tdmChilada (F1 of allele 315),casper/rnf,2025-10-03,1.1,,,,1,,
mem_histone,IMG_CLT_20251001_02,2025-10-01,pDQM082_315,pDQM082,pDQM082:315,pDQM082(315),tdmChilada,2xLynk,IMG_TRT_046,MGCO01; MGCO28,MGCO-28,"","",mStayGold,2Xcox8A,"tdmChilada,mStayGold",47,2025-10-01,ef1a:2xLynk:tdmChilada (F1 of allele 315),casper/rnf,2025-10-03,1.2,,,,1,,
mem_histone,IMG_CLT_20251001_02,2025-10-01,pDQM082_315,pDQM082,pDQM082:315,pDQM082(315),tdmChilada,2xLynk,IMG_TRT_046,MGCO01; MGCO28,MGCO-28,"","",mStayGold,2Xcox8A,"tdmChilada,mStayGold",49,2025-10-01,ef1a:2xLynk:tdmChilada (F1 of allele 315),casper/rnf,2025-10-02,2,,,,1,,
mem_histone,IMG_CLT_20251001_02,2025-10-01,pDQM082_315,pDQM082,pDQM082:315,pDQM082(315),tdmChilada,2xLynk,IMG_TRT_046,MGCO01; MGCO28,MGCO-28,"","",mStayGold,2Xcox8A,"tdmChilada,mStayGold",50,2025-10-01,ef1a:2xLynk:tdmChilada (F1 of allele 315),casper/rnf,2025-10-02,3,,,,1,,
mem_histone,IMG_CLT_20251005_01,2025-10-05,pDQM005_302_304,pDQM005,"pDQM005:302,pDQM005:304",pDQM005(302)/pDQM005(304),"tdmSG,tdmStayGold","",IMG_TRT_023,IMG_TRT_023,"","","",,,"tdmSG,tdmStayGold",41,2025-10-05,ef1a:2xLynk:tdmSG(J) (F1 of allele 302),ef1a:2xLynk:tdmSG(J) (F1 of allele 304),2025-10-07,1,,,,1,,
mem_histone,IMG_CLT_20251005_01,2025-10-05,pDQM005_302_304,pDQM005,"pDQM005:302,pDQM005:304",pDQM005(302)/pDQM005(304),"tdmSG,tdmStayGold","",IMG_TRT_023,IMG_TRT_023,"","","",,,"tdmSG,tdmStayGold",42,2025-10-05,ef1a:2xLynk:tdmSG(J) (F1 of allele 302),ef1a:2xLynk:tdmSG(J) (F1 of allele 304),2025-10-06,1,,,,1,,
mem_histone,IMG_CLT_20251005_01,2025-10-05,pDQM005_302_304,pDQM005,"pDQM005:302,pDQM005:304",pDQM005(302)/pDQM005(304),"tdmSG,tdmStayGold","",IMG_TRT_023,IMG_TRT_023,"","","",,,"tdmSG,tdmStayGold",43,2025-10-05,ef1a:2xLynk:tdmSG(J) (F1 of allele 302),ef1a:2xLynk:tdmSG(J) (F1 of allele 304),2025-10-06,2,,,,1,,
mem_histone,IMG_CLT_20251007_01,2025-10-07,pDQM136_325,pDQM136,pDQM136:325,pDQM136(325),tdmScarlet3,2xLynk,IMG_TRT_023,IMG_TRT_023,"","","",,,tdmScarlet3,40,2025-10-07,casper/rnf,tdmScarlet3S2 (F1 of allele 325),2025-10-08,3,,,,1,,
mem_histone,IMG_CLT_20251007_02,2025-10-07,pDQM034_310,pDQM034,pDQM034:310,pDQM034(310),"Electra2,mCitrine,mKate2,mKOK,mTFP1","",IMG_TRT_023,IMG_TRT_023,"","","",,,"Electra2,mCitrine,mKate2,mKOK,mTFP1",39,2025-10-07,ef1a:<cryaa:mSc>mKate2/mCitrine/Electra2/mKOK/mTFP1 (F1 of allele 309),ef1a:<cryaa:mSc>mKate2/mCitrine/Electra2/mKOK/mTFP1 (F1 of allele 309),2025-10-08,2,,,,1,,
mem_histone,IMG_CLT_20251007_03,2025-10-07,pDQM034_310_317,pDQM034,"pDQM034:310,pDQM034:317",pDQM034(310)/pDQM034(317),"Electra2,mCitrine,mKate2,mKOK,mTFP1","",IMG_TRT_023,IMG_TRT_023,"","","",,,"Electra2,mCitrine,mKate2,mKOK,mTFP1",38,2025-10-07,ef1a:<cryaa:mSc>mKate2/mCitrine/Electra2/mKOK/mTFP1 (F1 of allele 310),ef1a:<cryaa:mSc>mKate2/mCitrine/Electra2/mKOK/mTFP1 (F1 of allele 317),2025-10-08,1,,,,1,,
mem_histone,IMG_CLT_20251008_01,2025-10-08,pDQM082_315,pDQM082,pDQM082:315,pDQM082(315),tdmChilada,2xLynk,IMG_TRT_047,MGCO-28(ef1a-extended-2Xcox8A-linker-mStayGold-SV40-attb-tol2),"","","",,,tdmChilada,29,2025-10-08,ef1a:2xLynk:tdmChilada (F1 of allele 315),casper/rnf,2025-10-16,2,,,,1,X:\abcabc\Aang_Foundation\20251016_mem-mito_v2,X:\abcabc\Aang_Foundation\20251016_mem-mito_v2
mem_histone,IMG_CLT_20251008_01,2025-10-08,pDQM082_315,pDQM082,pDQM082:315,pDQM082(315),tdmChilada,2xLynk,IMG_TRT_047,MGCO-28(ef1a-extended-2Xcox8A-linker-mStayGold-SV40-attb-tol2),"","","",,,tdmChilada,37,2025-10-08,ef1a:2xLynk:tdmChilada (F1 of allele 315),casper/rnf,2025-10-09,1,,,,1,X:\abcabc\Aang_Foundation\20251010_mem-mito,X:\abcabc\Aang_Foundation\20251010_mem-mito
mem_histone,IMG_CLT_20251009_01,2025-10-09,pDQM005_301_324,"pDQM005,pDQM133","pDQM005:301,pDQM133:324",pDQM005(301)/pDQM133(324),"tdmScarlet3,tdmSG,tdmStayGold","",IMG_TRT_023,IMG_TRT_023,"","","",,,"tdmScarlet3,tdmSG,tdmStayGold",33,2025-10-09,ef1a:2xLynk:tdmSG(J) (F1 of allele 301),tdmScarlet3S2:H2B-tol2 (F1 of allele 324),2025-10-13,1,,,,1,X:\abcabc\Aang_Foundation\20251013_mem-histone,X:\abcabc\Aang_Foundation\20251013_mem-histone
mem_histone,IMG_CLT_20251009_01,2025-10-09,pDQM005_301_324,"pDQM005,pDQM133","pDQM005:301,pDQM133:324",pDQM005(301)/pDQM133(324),"tdmScarlet3,tdmSG,tdmStayGold","",IMG_TRT_023,IMG_TRT_023,"","","",,,"tdmScarlet3,tdmSG,tdmStayGold",34,2025-10-09,ef1a:2xLynk:tdmSG(J) (F1 of allele 301),tdmScarlet3S2:H2B-tol2 (F1 of allele 324),2025-10-13,2,,,,1,X:\abcabc\Korra_Foundation\20251013_mem-histone,X:\abcabc\Korra_Foundation\20251013_mem-histone
mem_histone,IMG_CLT_20251009_01,2025-10-09,pDQM005_301_324,"pDQM005,pDQM133","pDQM005:301,pDQM133:324",pDQM005(301)/pDQM133(324),"tdmScarlet3,tdmSG,tdmStayGold","",IMG_TRT_023,IMG_TRT_023,"","","",,,"tdmScarlet3,tdmSG,tdmStayGold",35,2025-10-09,ef1a:2xLynk:tdmSG(J) (F1 of allele 301),tdmScarlet3S2:H2B-tol2 (F1 of allele 324),2025-10-10,1,,,,1,,
mem_histone,IMG_CLT_20251009_01,2025-10-09,pDQM005_301_324,"pDQM005,pDQM133","pDQM005:301,pDQM133:324",pDQM005(301)/pDQM133(324),"tdmScarlet3,tdmSG,tdmStayGold","",IMG_TRT_023,IMG_TRT_023,"","","",,,"tdmScarlet3,tdmSG,tdmStayGold",36,2025-10-09,ef1a:2xLynk:tdmSG(J) (F1 of allele 301),tdmScarlet3S2:H2B-tol2 (F1 of allele 324),2025-10-10,2,,,,1,X:\abcabc\Korra_Foundation\20251010_mem-histone,X:\abcabc\Korra_Foundation\20251010_mem-histone
mem_histone,IMG_CLT_20251013_01,2025-10-13,pDQM082_315,pDQM082,pDQM082:315,pDQM082(315),tdmChilada,2xLynk,IMG_TRT_023,IMG_TRT_023,"","","",,,tdmChilada,32,2025-10-13,ef1a:2xLynk:tdmChilada (F1 of allele 315),casper/rnf,2025-10-14,2,,,,1,X:\abcabc\Aang_Foundation\20251016_mem-mito,X:\abcabc\Aang_Foundation\20251016_mem-mito
mem_histone,IMG_CLT_20251013_02,2025-10-13,pDQM005_302_324,"pDQM005,pDQM133","pDQM005:302,pDQM133:324",pDQM005(302)/pDQM133(324),"tdmScarlet3,tdmSG,tdmStayGold","",IMG_TRT_023,IMG_TRT_023,"","","",,,"tdmScarlet3,tdmSG,tdmStayGold",28,2025-10-13,ef1a:2xLynk:tdmSG(J) (F1 of allele 302),tdmScarlet3S2:H2B-tol2 (F1 of allele 324),2025-10-16,1,,,,1,X:\abcabc\Korra_Foundation\20251016_mem-histone,X:\abcabc\Korra_Foundation\20251016_mem-histone
mem_histone,IMG_CLT_20251013_02,2025-10-13,pDQM005_302_324,"pDQM005,pDQM133","pDQM005:302,pDQM133:324",pDQM005(302)/pDQM133(324),"tdmScarlet3,tdmSG,tdmStayGold","",IMG_TRT_023,IMG_TRT_023,"","","",,,"tdmScarlet3,tdmSG,tdmStayGold",30,2025-10-13,ef1a:2xLynk:tdmSG(J) (F1 of allele 302),tdmScarlet3S2:H2B-tol2 (F1 of allele 324),2025-10-15,1,,,,1,X:\abcabc\Korra_Foundation\20251015_mem-histone,X:\abcabc\Korra_Foundation\20251015_mem-histone
mem_histone,IMG_CLT_20251013_02,2025-10-13,pDQM005_302_324,"pDQM005,pDQM133","pDQM005:302,pDQM133:324",pDQM005(302)/pDQM133(324),"tdmScarlet3,tdmSG,tdmStayGold","",IMG_TRT_023,IMG_TRT_023,"","","",,,"tdmScarlet3,tdmSG,tdmStayGold",31,2025-10-13,ef1a:2xLynk:tdmSG(J) (F1 of allele 302),tdmScarlet3S2:H2B-tol2 (F1 of allele 324),2025-10-14,1,,,,1,X:\abcabc\Aang_Foundation\20251015_mem-histone,X:\abcabc\Aang_Foundation\20251015_mem-histone
mem_histone,IMG_CLT_20251017_01,2025-10-17,pDQM005_301_324,"pDQM005,pDQM133","pDQM005:301,pDQM133:324",pDQM005(301)/pDQM133(324),"tdmScarlet3,tdmSG,tdmStayGold","",IMG_TRT_023,IMG_TRT_023,"","","",,,"tdmScarlet3,tdmSG,tdmStayGold",24,2025-10-17,ef1a:2xLynk:tdmSG(J) (F1 of allele 301),tdmScarlet3S2:H2B-tol2 (F1 of allele 324),2025-10-20,1,,,,1,X:\abcabc\Aang_Foundation\20251020_mem-histone,X:\abcabc\Aang_Foundation\20251020_mem-histone
mem_histone,IMG_CLT_20251017_01,2025-10-17,pDQM005_301_324,"pDQM005,pDQM133","pDQM005:301,pDQM133:324",pDQM005(301)/pDQM133(324),"tdmScarlet3,tdmSG,tdmStayGold","",IMG_TRT_023,IMG_TRT_023,"","","",,,"tdmScarlet3,tdmSG,tdmStayGold",25,2025-10-17,ef1a:2xLynk:tdmSG(J) (F1 of allele 301),tdmScarlet3S2:H2B-tol2 (F1 of allele 324),2025-10-20,2,,,,1,X:\abcabc\Korra_Foundation\20251020_mem-histone,X:\abcabc\Korra_Foundation\20251020_mem-histone
mem_histone,IMG_CLT_20251020_01,2025-10-20,pDQM136_325,pDQM136,pDQM136:325,pDQM136(325),tdmScarlet3,2xLynk,IMG_TRT_030,2xCox8A:mSG,"","","",,,tdmScarlet3,23,2025-10-20,casper/rnf,tdmScarlet3S2 (F1 of allele 325),2025-10-21,2,,,,1,X:\abcabc\Aang_Foundation\20251021_mem-mito_v2,X:\abcabc\Aang_Foundation\20251021_mem-mito_v2
mem_histone,IMG_CLT_20251020_02,2025-10-20,pDQM082_315,pDQM082,pDQM082:315,pDQM082(315),tdmChilada,2xLynk,IMG_TRT_030,2xCox8A:mSG,"","","",,,tdmChilada,20,2025-10-20,ef1a:2xLynk:tdmChilada (F1 of allele 315),casper/rnf,2025-10-22,2,,,,1,X:\abcabc\Aang_Foundation\20251022_mem-mito,X:\abcabc\Aang_Foundation\20251022_mem-mito
mem_histone,IMG_CLT_20251020_02,2025-10-20,pDQM082_315,pDQM082,pDQM082:315,pDQM082(315),tdmChilada,2xLynk,IMG_TRT_030,2xCox8A:mSG,"","","",,,tdmChilada,22,2025-10-20,ef1a:2xLynk:tdmChilada (F1 of allele 315),casper/rnf,2025-10-21,1,,,,1,X:\abcabc\Aang_Foundation\20251021_mem-mito,X:\abcabc\Aang_Foundation\20251021_mem-mito
mem_histone,IMG_CLT_20251021_01,2025-10-21,MGCO-35_336,MGCO-35,MGCO-35:336,MGCO-35(336),mScarlet3S2,2Xcox8A,IMG_TRT_023,IMG_TRT_023,"","","",,,mScarlet3S2,21,2025-10-21,MGCO35 (F1 of allele 336),casper/rnf,2025-10-22,3,,,,1,X:\abcabc\Exploratory_fish\20251023_mScarlet3S2_2Xcox8A,X:\abcabc\Exploratory_fish\20251023_mScarlet3S2_2Xcox8A
mem_histone,IMG_CLT_20251021_02,2025-10-21,pDQM005_302_324,"pDQM005,pDQM133","pDQM005:302,pDQM133:324",pDQM005(302)/pDQM133(324),"tdmScarlet3,tdmSG,tdmStayGold","",IMG_TRT_023,IMG_TRT_023,"","","",,,"tdmScarlet3,tdmSG,tdmStayGold",13,2025-10-21,ef1a:2xLynk:tdmSG(J) (F1 of allele 302),tdmScarlet3S2:H2B-tol2 (F1 of allele 324),2025-10-27,1,,,,1,X:\abcabc\Korra_Foundation\20251027_mem-histone,X:\abcabc\Korra_Foundation\20251027_mem-histone
mem_histone,IMG_CLT_20251021_02,2025-10-21,pDQM005_302_324,"pDQM005,pDQM133","pDQM005:302,pDQM133:324",pDQM005(302)/pDQM133(324),"tdmScarlet3,tdmSG,tdmStayGold","",IMG_TRT_023,IMG_TRT_023,"","","",,,"tdmScarlet3,tdmSG,tdmStayGold",14,2025-10-21,ef1a:2xLynk:tdmSG(J) (F1 of allele 302),tdmScarlet3S2:H2B-tol2 (F1 of allele 324),2025-10-27,2,,,,1,X:\abcabc\Aang_Foundation\20251027_mem-histone,X:\abcabc\Aang_Foundation\20251027_mem-histone
mem_histone,IMG_CLT_20251021_02,2025-10-21,pDQM005_302_324,"pDQM005,pDQM133","pDQM005:302,pDQM133:324",pDQM005(302)/pDQM133(324),"tdmScarlet3,tdmSG,tdmStayGold","",IMG_TRT_023,IMG_TRT_023,"","","",,,"tdmScarlet3,tdmSG,tdmStayGold",17,2025-10-21,ef1a:2xLynk:tdmSG(J) (F1 of allele 302),tdmScarlet3S2:H2B-tol2 (F1 of allele 324),2025-10-24,3,,,,1,X:\abcabc\Korra_Foundation\20251024_mem-histone,X:\abcabc\Korra_Foundation\20251024_mem-histone
mem_histone,IMG_CLT_20251021_02,2025-10-21,pDQM005_302_324,"pDQM005,pDQM133","pDQM005:302,pDQM133:324",pDQM005(302)/pDQM133(324),"tdmScarlet3,tdmSG,tdmStayGold","",IMG_TRT_023,IMG_TRT_023,"","","",,,"tdmScarlet3,tdmSG,tdmStayGold",19,2025-10-21,ef1a:2xLynk:tdmSG(J) (F1 of allele 302),tdmScarlet3S2:H2B-tol2 (F1 of allele 324),2025-10-22,1,,,,1,X:\abcabc\Korra_Foundation\20251022_mem-histone,X:\abcabc\Korra_Foundation\20251022_mem-histone
mem_histone,IMG_CLT_20251022_02,2025-10-22,pDQM082_315,pDQM082,pDQM082:315,pDQM082(315),tdmChilada,2xLynk,IMG_TRT_030,2xCox8A:mSG,"","","",,,tdmChilada,18,2025-10-22,casper/rnf,ef1a:2xLynk:tdmChilada (F1 of allele 315),2025-10-23,1,,,,1,X:\abcabc\Aang_Foundation\20251023_mem-mito,X:\abcabc\Aang_Foundation\20251023_mem-mito
mem_histone,IMG_CLT_20251022_03,2025-10-22,pDQM136_325,pDQM136,pDQM136:325,pDQM136(325),tdmScarlet3,2xLynk,IMG_TRT_050,MGCO-51-lamellipodia-A2UCOE-attb_entire+PDQM148-mStayGold-C4-cortactin,"","","",,,tdmScarlet3,16,2025-10-22,casper/rnf,tdmScarlet3S2 (F1 of allele 325),2025-10-24,2,,,,1,X:\abcabc\Exploratory_fish\20251025_lamellipodia_F-actin,X:\abcabc\Exploratory_fish\20251025_lamellipodia_F-actin
mem_histone,IMG_CLT_20251027_01,2025-10-27,pDQM136_325,pDQM136,pDQM136:325,pDQM136(325),tdmScarlet3,2xLynk,IMG_TRT_051,MGCO-49_peroxisome-A2UCOE-ef1aextra-mStayGold-SKL; MGCO-52-peroxisome-A2UCOE-attb_entire+pDQM147-ABCDpmp70-mStayGold,"","","",,,tdmScarlet3,9,2025-10-27,casper/rnf,memrane tdmScarlet3S2 (F1 of allele 325),2025-10-29,2,,,,1,X:\abcabc\Aang_Foundation\20251029_peroxi,X:\abcabc\Aang_Foundation\20251029_peroxi
mem_histone,IMG_CLT_20251027_01,2025-10-27,pDQM136_325,pDQM136,pDQM136:325,pDQM136(325),tdmScarlet3,2xLynk,IMG_TRT_051,MGCO-49_peroxisome-A2UCOE-ef1aextra-mStayGold-SKL; MGCO-52-peroxisome-A2UCOE-attb_entire+pDQM147-ABCDpmp70-mStayGold,"","","",,,tdmScarlet3,10,2025-10-27,casper/rnf,memrane tdmScarlet3S2 (F1 of allele 325),2025-10-28,1,,,,1,X:\abcabc\Aang_Foundation\20251028_mem-mito,X:\abcabc\Aang_Foundation\20251028_mem-mito
mem_histone,IMG_CLT_20251027_01,2025-10-27,pDQM136_325,pDQM136,pDQM136:325,pDQM136(325),tdmScarlet3,2xLynk,IMG_TRT_051,MGCO-49_peroxisome-A2UCOE-ef1aextra-mStayGold-SKL; MGCO-52-peroxisome-A2UCOE-attb_entire+pDQM147-ABCDpmp70-mStayGold,"","","",,,tdmScarlet3,11,2025-10-27,casper/rnf,memrane tdmScarlet3S2 (F1 of allele 325),2025-10-28,2,,,,1,X:\abcabc\Aang_Foundation\20251028_mem-peroxi,X:\abcabc\Aang_Foundation\20251028_mem-peroxi
mem_histone,IMG_CLT_20251027_01,2025-10-27,pDQM136_325,pDQM136,pDQM136:325,pDQM136(325),tdmScarlet3,2xLynk,IMG_TRT_051,MGCO-49_peroxisome-A2UCOE-ef1aextra-mStayGold-SKL; MGCO-52-peroxisome-A2UCOE-attb_entire+pDQM147-ABCDpmp70-mStayGold,"","","",,,tdmScarlet3,12,2025-10-27,casper/rnf,memrane tdmScarlet3S2 (F1 of allele 325),2025-10-28,3,,,,1,X:\abcabc\Aang_Foundation\20251028_mem-peroxi2,X:\abcabc\Aang_Foundation\20251028_mem-peroxi2
mem_histone,IMG_CLT_20251028_01,2025-10-28,pDQM005_302_324,"pDQM005,pDQM133","pDQM005:302,pDQM133:324",pDQM005(302)/pDQM133(324),"tdmScarlet3,tdmSG,tdmStayGold","",IMG_TRT_030,2xCox8A:mSG,"","","",,,"tdmScarlet3,tdmSG,tdmStayGold",8,2025-10-28,ef1a:2xLynk:tdmSG(J) (F1 of allele 302),tdmScarlet3S2:H2B-tol2 (F1 of allele 324),2025-10-29,1,,,,1,X:\abcabc\Korra_Foundation\20251029_mem-histone,X:\abcabc\Korra_Foundation\20251029_mem-histone
mem_histone,IMG_CLT_20251104_01,2025-11-04,pDQM082_315,pDQM082,pDQM082:315,pDQM082(315),tdmChilada,2xLynk,IMG_TRT_030,2xCox8A:mSG,"","","",,,tdmChilada,5,2025-11-04,casper,ef1a:2xLynk:tdmChilada (F1 of allele 315),2025-11-06,1.1,,,,1,X:\abcabc\Aang_Foundation\20251106_mem-mito,X:\abcabc\Aang_Foundation\20251106_mem-mito
mem_histone,IMG_CLT_20251104_01,2025-11-04,pDQM082_315,pDQM082,pDQM082:315,pDQM082(315),tdmChilada,2xLynk,IMG_TRT_030,2xCox8A:mSG,"","","",,,tdmChilada,6,2025-11-04,casper,ef1a:2xLynk:tdmChilada (F1 of allele 315),2025-11-05,1,,,,1,X:\abcabc\Aang_Foundation\20251105_mem-mito,X:\abcabc\Aang_Foundation\20251105_mem-mito
mem_histone,IMG_CLT_20251104_01,2025-11-04,pDQM082_315,pDQM082,pDQM082:315,pDQM082(315),tdmChilada,2xLynk,IMG_TRT_030,2xCox8A:mSG,"","","",,,tdmChilada,7,2025-11-04,casper,ef1a:2xLynk:tdmChilada (F1 of allele 315),2025-11-05,1,,,,1,X:\abcabc\Korra_Foundation\20251106_mem-mito,X:\abcabc\Korra_Foundation\20251106_mem-mito
mem_histone,IMG_CLT_20251108_01,2025-11-08,pDQM136_325,pDQM136,pDQM136:325,pDQM136(325),tdmScarlet3,2xLynk,IMG_TRT_052,MGCO-01(ef1a-2Xcox8A-linker-mStayGold-SV40-attb-tol2),"","","",,,tdmScarlet3,3,2025-11-08,casper,memrane tdmScarlet3S2 (F1 of allele 325),2025-11-11,1,,,,1,X:\abcabc\Aang_Foundation\20251107_mem-mito,X:\abcabc\Aang_Foundation\20251107_mem-mito
mem_histone,IMG_CLT_20251108_02,2025-11-08,pDQM005_301_324,"pDQM005,pDQM133","pDQM005:301,pDQM133:324",pDQM005(301)/pDQM133(324),"tdmScarlet3,tdmSG,tdmStayGold","",IMG_TRT_023,IMG_TRT_023,"","","",,,"tdmScarlet3,tdmSG,tdmStayGold",4,2025-11-08,ef1a:2xLynk:tdmSG(J) (F1 of allele 301),tdmScarlet3S2:H2B-tol2 (F1 of allele 324),2025-11-10,1,,,,1,X:\abcabc\Korra_Foundation\20251110_mem-histone,X:\abcabc\Korra_Foundation\20251110_mem-histone
mem_histone,IMG_CLT_20251110_01,2025-11-10,pDQM136_325,pDQM136,pDQM136:325,pDQM136(325),tdmScarlet3,2xLynk,IMG_TRT_053,MGCO-01(ef1a-2Xcox8A-linker-mStayGold-SV40-attb-tol2); MGCO-60-Factin-A2UCOE-attb_entire+PDQM148-mStayGold-C4-moesin,"","","",,,tdmScarlet3,1,2025-11-10,casper,memrane tdmScarlet3S2 (F1 of allele 325),2025-11-12,1,,,,1,X:\abcabc\Korra_Foundation\20251112_mem-mito,X:\abcabc\Korra_Foundation\20251112_mem-mito
mem_histone,IMG_CLT_20251110_01,2025-11-10,pDQM136_325,pDQM136,pDQM136:325,pDQM136(325),tdmScarlet3,2xLynk,IMG_TRT_053,MGCO-01(ef1a-2Xcox8A-linker-mStayGold-SV40-attb-tol2); MGCO-60-Factin-A2UCOE-attb_entire+PDQM148-mStayGold-C4-moesin,"","","",,,tdmScarlet3,2,2025-11-10,casper,memrane tdmScarlet3S2 (F1 of allele 325),2025-11-12,2,,,,1,X:\abcabc\Exploratory_fish\20251112_mem-moesin,X:\abcabc\Exploratory_fish\20251112_mem-moesin
