Data location,Date born,Date imaged,Date screened/Initial feedback,End of imaging time,Imaged Locations,Mounting Orientation,Start of imaging time,Time mounted,Time placed in scope,Unique Targets,Unique Targets with blanks,ZF female genotype,ZF male genotype,additional mRNAs injected,additional plasmids injected,additonal dye and chemicals,additonal proteins injected,dataset,date_experiment,date_mount,fish,genotype_allele_codes,genotype_base_codes,mount_id,parent_female,parent_male,roi_dir,roi_name,roi_rel,roi_tiffs,treatment_plasmid_base_codes,treatment_rna_base_codes,genotype_marker_fusion_labels,genotype_marker_localizations,genotype_marker_fluor_loc_labels,genotype_marker_fusion_loc_labels,treatment_marker_fusion_labels,treatment_marker_localizations,treatment_marker_fluor_loc_labels,treatment_marker_fusion_loc_labels,all_unique_organelles,all_fluor_organelles
X:\abcabc\Korra_Foundation\20251112_mem-mito,2025-11-10,2025-11-12,,,"skin, spinal_cord, hindbrain, brain, muscle, blood vessel, tail",DH,,10:00:00,,,,casper,memrane tdmScarlet3S2 (F1 of allele 325),,MGCO-01(ef1a-2Xcox8A-linker-mStayGold-SV40-attb-tol2),,,korra,20250428_mem_histone,2025-11-12,fish1_72hpf,pDQM136:325,pDQM136,1,casper,memrane tdmScarlet3S2 (F1 of allele 325),/clusterfs/vast/abcabc/Korra_Foundation/20250428_mem_histone/fish1_72hpf/roi1_tail,roi1_tail,roi1_tail,3206,MGCO-01,,tdmScarlet3::2xLynk(N),membrane,tdmScarlet3(membrane),tdmScarlet3::2xLynk(N)(membrane),mStayGold::2Xcox8A(N),mitochondria,mStayGold(mitochondria),mStayGold::2Xcox8A(N)(mitochondria),"histone,membrane,mitochondria","tdmScarlet3(membrane),mStayGold(mitochondria)"
X:\abcabc\Exploratory_fish\20251112_mem-moesin,2025-11-10,2025-11-12,,,,DH,,10:00:00,,,,casper,memrane tdmScarlet3S2 (F1 of allele 325),,MGCO-60-Factin-A2UCOE-attb_entire+PDQM148-mStayGold-C4-moesin,,,korra,20250428_mem_histone,2025-11-12,fish1_72hpf,pDQM136:325,pDQM136,2,casper,memrane tdmScarlet3S2 (F1 of allele 325),/clusterfs/vast/abcabc/Korra_Foundation/20250428_mem_histone/fish1_72hpf/roi2_hindbrain_spine,roi2_hindbrain_spine,roi2_hindbrain_spine,9760,MGCO-60,,tdmScarlet3::2xLynk(N),membrane,tdmScarlet3(membrane),tdmScarlet3::2xLynk(N)(membrane),,Factin,,,"Factin,histone,membrane",tdmScarlet3(membrane)
X:\abcabc\Aang_Foundation\20251107_mem-mito,2025-11-08,2025-11-11,,,"skin, spinal_cord, hindbrain, brain, muscle",DH,,13:00:00,,,,casper,memrane tdmScarlet3S2 (F1 of allele 325),,MGCO-01(ef1a-2Xcox8A-linker-mStayGold-SV40-attb-tol2),,,korra,20250429_mem_cytosol,2025-11-11,fish1_24hpf,pDQM136:325,pDQM136,1,casper,memrane tdmScarlet3S2 (F1 of allele 325),/clusterfs/vast/abcabc/Korra_Foundation/20250429_mem_cytosol/fish1_24hpf/roi1,roi1,roi1,6873,MGCO-01,,tdmScarlet3::2xLynk(N),membrane,tdmScarlet3(membrane),tdmScarlet3::2xLynk(N)(membrane),mStayGold::2Xcox8A(N),mitochondria,mStayGold(mitochondria),mStayGold::2Xcox8A(N)(mitochondria),"membrane,mitochondria","tdmScarlet3(membrane),mStayGold(mitochondria)"
X:\abcabc\Korra_Foundation\20251110_mem-histone,2025-11-08,2025-11-10,,,"skin, spinal_cord, hindbrain, brain, muscle, blood vessel, tail",DH,,11:00:00,,,,ef1a:2xLynk:tdmSG(J) (F1 of allele 301),tdmScarlet3S2:H2B-tol2 (F1 of allele 324),,,,,korra,20250429_mem_cytosol,2025-11-10,fish1_24hpf,pDQM005:301,pDQM005,1,ef1a:2xLynk:tdmSG(J) (F1 of allele 301),tdmScarlet3S2:H2B-tol2 (F1 of allele 324),/clusterfs/vast/abcabc/Korra_Foundation/20250429_mem_cytosol/fish1_24hpf/roi1_test,roi1_test,roi1_test,46,,,tdmSG::2xLynk(N),membrane,tdmSG(membrane),tdmSG::2xLynk(N)(membrane),,,,,"histone,membrane",tdmSG(membrane)
X:\abcabc\Aang_Foundation\20251106_mem-mito,2025-11-04,2025-11-06,,,"skin, spinal_cord, hindbrain, brain, muscle",DH,,11:00:00,,,,casper,ef1a:2xLynk:tdmChilada (F1 of allele 315),2xCox8A:mSG,,,,korra,20250429_mem_cytosol,2025-11-06,fish2_48hpf,pDQM082:315,pDQM082,1.1,casper,ef1a:2xLynk:tdmChilada (F1 of allele 315),/clusterfs/vast/abcabc/Korra_Foundation/20250429_mem_cytosol/fish2_48hpf/roi1,roi1,roi1,3180,,MGCO-01,tdmChilada::2xLynk(N),membrane,tdmChilada(membrane),tdmChilada::2xLynk(N)(membrane),mStayGold::2Xcox8A(N),mitochondria,mStayGold(mitochondria),mStayGold::2Xcox8A(N)(mitochondria),"membrane,mitochondria","tdmChilada(membrane),mStayGold(mitochondria)"
X:\abcabc\Aang_Foundation\20251105_mem-mito,2025-11-04,2025-11-05,purposefully mixed orientations,,"skin, spinal_cord, hindbrain, brain, muscle",DH,,11:00:00,,,,casper,ef1a:2xLynk:tdmChilada (F1 of allele 315),2xCox8A:mSG,,,,korra,20250429_mem_cytosol,2025-11-05,fish3_mem-halo_24hpf,pDQM082:315,pDQM082,1,casper,ef1a:2xLynk:tdmChilada (F1 of allele 315),/clusterfs/vast/abcabc/Korra_Foundation/20250429_mem_cytosol/fish3_mem-halo_24hpf/roi1,roi1,roi1,18,,MGCO-01,tdmChilada::2xLynk(N),membrane,tdmChilada(membrane),tdmChilada::2xLynk(N)(membrane),mStayGold::2Xcox8A(N),mitochondria,mStayGold(mitochondria),mStayGold::2Xcox8A(N)(mitochondria),"membrane,mitochondria","tdmChilada(membrane),mStayGold(mitochondria)"
X:\abcabc\Korra_Foundation\20251106_mem-mito,2025-11-04,2025-11-05,purposefully mixed orientations,,"skin, spinal_cord, hindbrain, brain, muscle",DH,,11:00:00,,,,casper,ef1a:2xLynk:tdmChilada (F1 of allele 315),2xCox8A:mSG,,,,korra,20250429_mem_cytosol,2025-11-05,fish3_mem-halo_24hpf,pDQM082:315,pDQM082,1,casper,ef1a:2xLynk:tdmChilada (F1 of allele 315),/clusterfs/vast/abcabc/Korra_Foundation/20250429_mem_cytosol/fish3_mem-halo_24hpf/roi2,roi2,roi2,5120,,MGCO-01,tdmChilada::2xLynk(N),membrane,tdmChilada(membrane),tdmChilada::2xLynk(N)(membrane),mStayGold::2Xcox8A(N),mitochondria,mStayGold(mitochondria),mStayGold::2Xcox8A(N)(mitochondria),"membrane,mitochondria","tdmChilada(membrane),mStayGold(mitochondria)"
X:\abcabc\Korra_Foundation\20251029_mem-histone,2025-10-28,2025-10-29,,,,DH,,10:00:00,,,,ef1a:2xLynk:tdmSG(J) (F1 of allele 302),tdmScarlet3S2:H2B-tol2 (F1 of allele 324),2xCox8A:mSG,,,,korra,20250429_mem_cytosol,2025-10-29,fish4_mem-halo_48hpf,pDQM005:302,pDQM005,1,ef1a:2xLynk:tdmSG(J) (F1 of allele 302),tdmScarlet3S2:H2B-tol2 (F1 of allele 324),/clusterfs/vast/abcabc/Korra_Foundation/20250429_mem_cytosol/fish4_mem-halo_48hpf/roi1,roi1,roi1,3328,,MGCO-01,tdmSG::2xLynk(N),membrane,tdmSG(membrane),tdmSG::2xLynk(N)(membrane),mStayGold::2Xcox8A(N),mitochondria,mStayGold(mitochondria),mStayGold::2Xcox8A(N)(mitochondria),"histone,membrane,mitochondria","tdmSG(membrane),mStayGold(mitochondria)"
X:\abcabc\Aang_Foundation\20251029_peroxi,2025-10-27,2025-10-30,,,,DH,,10:00:00,,,,casper/rnf,memrane tdmScarlet3S2 (F1 of allele 325),,MGCO-49_peroxisome-A2UCOE-ef1aextra-mStayGold-SKL,,,korra,20250429_mem_cytosol,2025-10-29,fish4_mem-halo_48hpf,pDQM136:325,pDQM136,2,casper/rnf,memrane tdmScarlet3S2 (F1 of allele 325),/clusterfs/vast/abcabc/Korra_Foundation/20250429_mem_cytosol/fish4_mem-halo_48hpf/roi2,roi2,roi2,4608,MGCO-49,,tdmScarlet3::2xLynk(N),membrane,tdmScarlet3(membrane),tdmScarlet3::2xLynk(N)(membrane),,Peroxisome,,,"Peroxisome,membrane,peroxisome",tdmScarlet3(membrane)
X:\abcabc\Aang_Foundation\20251028_mem-mito,2025-10-27,2025-10-28,,,,LHR,,11:00:00,,,,casper/rnf,memrane tdmScarlet3S2 (F1 of allele 325),2xCox8A:mSG,,,,korra,20250429_mem_cytosol,2025-10-28,fish4_mem-halo_48hpf,pDQM136:325,pDQM136,1,casper/rnf,memrane tdmScarlet3S2 (F1 of allele 325),/clusterfs/vast/abcabc/Korra_Foundation/20250429_mem_cytosol/fish4_mem-halo_48hpf/roi3,roi3,roi3,6056,,MGCO-01,tdmScarlet3::2xLynk(N),membrane,tdmScarlet3(membrane),tdmScarlet3::2xLynk(N)(membrane),mStayGold::2Xcox8A(N),mitochondria,mStayGold(mitochondria),mStayGold::2Xcox8A(N)(mitochondria),"membrane,mitochondria","tdmScarlet3(membrane),mStayGold(mitochondria)"
X:\abcabc\Aang_Foundation\20251028_mem-peroxi,2025-10-27,2025-10-28,,,,LHR,,11:00:00,,,,casper/rnf,memrane tdmScarlet3S2 (F1 of allele 325),,MGCO-49_peroxisome-A2UCOE-ef1aextra-mStayGold-SKL,,,korra,20250513_skittles,2025-10-28,fish1,pDQM136:325,pDQM136,2,casper/rnf,memrane tdmScarlet3S2 (F1 of allele 325),/clusterfs/vast/abcabc/Korra_Foundation/20250513_skittles/fish1/roi1,roi1,roi1,42,MGCO-49,,tdmScarlet3::2xLynk(N),membrane,tdmScarlet3(membrane),tdmScarlet3::2xLynk(N)(membrane),,Peroxisome,,,"Peroxisome,membrane,peroxisome",tdmScarlet3(membrane)
X:\abcabc\Aang_Foundation\20251028_mem-peroxi2,2025-10-27,2025-10-29,,,,LHR,,11:00:00,,,,casper/rnf,memrane tdmScarlet3S2 (F1 of allele 325),,MGCO-52-peroxisome-A2UCOE-attb_entire+pDQM147-ABCDpmp70-mStayGold,,,korra,20250513_skittles,2025-10-28,fish1,pDQM136:325,pDQM136,3,casper/rnf,memrane tdmScarlet3S2 (F1 of allele 325),/clusterfs/vast/abcabc/Korra_Foundation/20250513_skittles/fish1/roi2,roi2,roi2,38,MGCO-52,,tdmScarlet3::2xLynk(N),membrane,tdmScarlet3(membrane),tdmScarlet3::2xLynk(N)(membrane),,Peroxisome,,,"Peroxisome,membrane,peroxisome",tdmScarlet3(membrane)
X:\abcabc\Korra_Foundation\20251027_mem-histone,2025-10-21,2025-10-27,,,,DH,,12:00:00,,,,ef1a:2xLynk:tdmSG(J) (F1 of allele 302),tdmScarlet3S2:H2B-tol2 (F1 of allele 324),,,,,korra,20250513_skittles,2025-10-27,fish1,pDQM005:302,pDQM005,1,ef1a:2xLynk:tdmSG(J) (F1 of allele 302),tdmScarlet3S2:H2B-tol2 (F1 of allele 324),/clusterfs/vast/abcabc/Korra_Foundation/20250513_skittles/fish1/roi2_2,roi2_2,roi2_2,18,,,tdmSG::2xLynk(N),membrane,tdmSG(membrane),tdmSG::2xLynk(N)(membrane),,,,,"histone,membrane",tdmSG(membrane)
X:\abcabc\Aang_Foundation\20251027_mem-histone,2025-10-21,2025-10-27,,,,DH,,12:00:00,,,,ef1a:2xLynk:tdmSG(J) (F1 of allele 302),tdmScarlet3S2:H2B-tol2 (F1 of allele 324),,,,,korra,20250513_skittles,2025-10-27,fish10,pDQM005:302,pDQM005,2,ef1a:2xLynk:tdmSG(J) (F1 of allele 302),tdmScarlet3S2:H2B-tol2 (F1 of allele 324),/clusterfs/vast/abcabc/Korra_Foundation/20250513_skittles/fish10/roi1,roi1,roi1,240,,,tdmSG::2xLynk(N),membrane,tdmSG(membrane),tdmSG::2xLynk(N)(membrane),,,,,"histone,membrane",tdmSG(membrane)
X:\abcabc\Exploratory_fish\20251025_er,2025-10-22,2025-10-26,,,,DH,,10:00:00,,,,casper/rnf,casper/rnf,,MGCO-53-ER-A2UCOE-attb_entire+pDQM147-calnexin-mStayGold,,,korra,20250513_skittles,2025-10-24,fish11,,,1,casper/rnf,casper/rnf,/clusterfs/vast/abcabc/Korra_Foundation/20250513_skittles/fish11/roi1,roi1,roi1,240,MGCO-53,,,,,,,ER,,,ER,
X:\abcabc\Exploratory_fish\20251025_lamellipodia_F-actin,2025-10-22,2025-10-25,,,,DH,,10:00:00,,,"membrane, lamellipodia, actin",casper/rnf,tdmScarlet3S2 (F1 of allele 325),,MGCO-51-lamellipodia-A2UCOE-attb_entire+PDQM148-mStayGold-C4-cortactin,,,korra,20250513_skittles,2025-10-24,fish11,pDQM136:325,pDQM136,2,casper/rnf,tdmScarlet3S2 (F1 of allele 325),/clusterfs/vast/abcabc/Korra_Foundation/20250513_skittles/fish11/roi1_test,roi1_test,roi1_test,4,MGCO-51,,tdmScarlet3::2xLynk(N),membrane,tdmScarlet3(membrane),tdmScarlet3::2xLynk(N)(membrane),,Lamellipodia,,,"Lamellipodia,membrane",tdmScarlet3(membrane)
X:\abcabc\Korra_Foundation\20251024_mem-histone,2025-10-21,2025-10-24,,,,DH,,10:00:00,,,"membrane, nuclei",ef1a:2xLynk:tdmSG(J) (F1 of allele 302),tdmScarlet3S2:H2B-tol2 (F1 of allele 324),,,,,korra,20250513_skittles,2025-10-24,fish12,pDQM005:302,pDQM005,3,ef1a:2xLynk:tdmSG(J) (F1 of allele 302),tdmScarlet3S2:H2B-tol2 (F1 of allele 324),/clusterfs/vast/abcabc/Korra_Foundation/20250513_skittles/fish12/roi1,roi1,roi1,18,,,tdmSG::2xLynk(N),membrane,tdmSG(membrane),tdmSG::2xLynk(N)(membrane),,,,,"histone,membrane",tdmSG(membrane)
X:\abcabc\Aang_Foundation\20251023_mem-mito,2025-10-22,2025-10-24,,,,DH,,10:00:00,,,"membrane, mitochondria",casper/rnf,ef1a:2xLynk:tdmChilada (F1 of allele 315),2xCox8A:mSG,,,,korra,20250513_skittles,2025-10-23,fish12,pDQM082:315,pDQM082,1,casper/rnf,ef1a:2xLynk:tdmChilada (F1 of allele 315),/clusterfs/vast/abcabc/Korra_Foundation/20250513_skittles/fish12/roi2,roi2,roi2,18,,MGCO-01,tdmChilada::2xLynk(N),membrane,tdmChilada(membrane),tdmChilada::2xLynk(N)(membrane),mStayGold::2Xcox8A(N),mitochondria,mStayGold(mitochondria),mStayGold::2Xcox8A(N)(mitochondria),"membrane,mitochondria","tdmChilada(membrane),mStayGold(mitochondria)"
X:\abcabc\Korra_Foundation\20251022_mem-histone,2025-10-21,2025-10-22,,,,DH,,10:00:00,,,"membrane, nuclei",ef1a:2xLynk:tdmSG(J) (F1 of allele 302),tdmScarlet3S2:H2B-tol2 (F1 of allele 324),,,,,korra,20250513_skittles,2025-10-22,fish12,pDQM005:302,pDQM005,1,ef1a:2xLynk:tdmSG(J) (F1 of allele 302),tdmScarlet3S2:H2B-tol2 (F1 of allele 324),/clusterfs/vast/abcabc/Korra_Foundation/20250513_skittles/fish12/roi3,roi3,roi3,18,,,tdmSG::2xLynk(N),membrane,tdmSG(membrane),tdmSG::2xLynk(N)(membrane),,,,,"histone,membrane",tdmSG(membrane)
X:\abcabc\Aang_Foundation\20251022_mem-mito,2025-10-20,2025-10-23,,,,DH,,10:00:00,,,"membrane, mitochondria",ef1a:2xLynk:tdmChilada (F1 of allele 315),casper/rnf,2xCox8A:mSG,,,,korra,20250513_skittles,2025-10-22,fish13,pDQM082:315,pDQM082,2,ef1a:2xLynk:tdmChilada (F1 of allele 315),casper/rnf,/clusterfs/vast/abcabc/Korra_Foundation/20250513_skittles/fish13/roi1,roi1,roi1,18,,MGCO-01,tdmChilada::2xLynk(N),membrane,tdmChilada(membrane),tdmChilada::2xLynk(N)(membrane),mStayGold::2Xcox8A(N),mitochondria,mStayGold(mitochondria),mStayGold::2Xcox8A(N)(mitochondria),"membrane,mitochondria","tdmChilada(membrane),mStayGold(mitochondria)"
X:\abcabc\Exploratory_fish\20251023_mScarlet3S2_2Xcox8A,2025-10-21,2025-10-23,,,,DH,,10:00:00,,,,MGCO35 (F1 of allele 336),casper/rnf,,,,,korra,20250513_skittles,2025-10-22,fish13,MGCO-35:336,MGCO-35,3,MGCO35 (F1 of allele 336),casper/rnf,/clusterfs/vast/abcabc/Korra_Foundation/20250513_skittles/fish13/roi2,roi2,roi2,18,,,mScarlet3S2::2Xcox8A(N),mitochondria,mScarlet3S2(mitochondria),mScarlet3S2::2Xcox8A(N)(mitochondria),,,,,mitochondria,mScarlet3S2(mitochondria)
X:\abcabc\Aang_Foundation\20251021_mem-mito,2025-10-20,2025-10-21,,,,DH,,10:00:00,,,"membrane, mitochondria",ef1a:2xLynk:tdmChilada (F1 of allele 315),casper/rnf,2xCox8A:mSG,,,,korra,20250513_skittles,2025-10-21,fish13,pDQM082:315,pDQM082,1,ef1a:2xLynk:tdmChilada (F1 of allele 315),casper/rnf,/clusterfs/vast/abcabc/Korra_Foundation/20250513_skittles/fish13/roi3,roi3,roi3,18,,MGCO-01,tdmChilada::2xLynk(N),membrane,tdmChilada(membrane),tdmChilada::2xLynk(N)(membrane),mStayGold::2Xcox8A(N),mitochondria,mStayGold(mitochondria),mStayGold::2Xcox8A(N)(mitochondria),"membrane,mitochondria","tdmChilada(membrane),mStayGold(mitochondria)"
X:\abcabc\Aang_Foundation\20251021_mem-mito_v2,2025-10-20,2025-10-22,,,,DH,,10:00:00,,,"membrane, mitochondria",casper/rnf,tdmScarlet3S2 (F1 of allele 325),2xCox8A:mSG,,,,korra,20250513_skittles,2025-10-21,fish13,pDQM136:325,pDQM136,2,casper/rnf,tdmScarlet3S2 (F1 of allele 325),/clusterfs/vast/abcabc/Korra_Foundation/20250513_skittles/fish13/roi4,roi4,roi4,18,,MGCO-01,tdmScarlet3::2xLynk(N),membrane,tdmScarlet3(membrane),tdmScarlet3::2xLynk(N)(membrane),mStayGold::2Xcox8A(N),mitochondria,mStayGold(mitochondria),mStayGold::2Xcox8A(N)(mitochondria),"membrane,mitochondria","tdmScarlet3(membrane),mStayGold(mitochondria)"
X:\abcabc\Aang_Foundation\20251020_mem-histone,2025-10-17,2025-10-20,,,"muscle, hindbrain, skin, blood vessel",DH,,10:00:00,,,"membrane, nuclei",ef1a:2xLynk:tdmSG(J) (F1 of allele 301),tdmScarlet3S2:H2B-tol2 (F1 of allele 324),,,,,korra,20250513_skittles,2025-10-20,fish14,pDQM005:301,pDQM005,1,ef1a:2xLynk:tdmSG(J) (F1 of allele 301),tdmScarlet3S2:H2B-tol2 (F1 of allele 324),/clusterfs/vast/abcabc/Korra_Foundation/20250513_skittles/fish14/roi1_brain,roi1_brain,roi1_brain,36,,,tdmSG::2xLynk(N),membrane,tdmSG(membrane),tdmSG::2xLynk(N)(membrane),,,,,"histone,membrane",tdmSG(membrane)
X:\abcabc\Korra_Foundation\20251020_mem-histone,2025-10-17,2025-10-20,,,"skin, hindbrain, muscle, blood vessel",DH,,10:00:00,,,"membrane, nuclei",ef1a:2xLynk:tdmSG(J) (F1 of allele 301),tdmScarlet3S2:H2B-tol2 (F1 of allele 324),,,,,korra,20250513_skittles,2025-10-20,fish14,pDQM005:301,pDQM005,2,ef1a:2xLynk:tdmSG(J) (F1 of allele 301),tdmScarlet3S2:H2B-tol2 (F1 of allele 324),/clusterfs/vast/abcabc/Korra_Foundation/20250513_skittles/fish14/roi2_tailbud,roi2_tailbud,roi2_tailbud,18,,,tdmSG::2xLynk(N),membrane,tdmSG(membrane),tdmSG::2xLynk(N)(membrane),,,,,"histone,membrane",tdmSG(membrane)
X:\abcabc\Korra_Foundation\20251017_microtubules,2025-10-16,2025-10-17,,,,DH,,10:00:00,,,,casper/rnf,casper/rnf,,MGCO50(microtubule-A2UCOE-attb_entire+pDQM147-EB3-mStayGold),,,korra,20250513_skittles,2025-10-17,fish15,,,1,casper/rnf,casper/rnf,/clusterfs/vast/abcabc/Korra_Foundation/20250513_skittles/fish15/roi1,roi1,roi1,18,MGCO-50,,,,,,,Microtubule EBP,,,Microtubule EBP,
X:\abcabc\Aang_Foundation\20251017_nuclear_envelope,2025-10-16,2025-10-17,,,,DH,,10:00:00,,,,casper/rnf,casper/rnf,,MGCO54(nuclearenvelope-A2UCOE-attb_entire+pDQM147-LEMD2-mStayGold),,,korra,20250513_skittles,2025-10-17,fish15,,,2,casper/rnf,casper/rnf,/clusterfs/vast/abcabc/Korra_Foundation/20250513_skittles/fish15/roi2,roi2,roi2,18,MGCO-54,,,,,,,Nuclear Envelope,,,Nuclear Envelope,
X:\abcabc\Korra_Foundation\20251016_mem-histone,2025-10-13,2025-10-16,,,"skin, muscle, tail, blood vessel",DH,,10:00:00,,,"membrane, nuclei",ef1a:2xLynk:tdmSG(J) (F1 of allele 302),tdmScarlet3S2:H2B-tol2 (F1 of allele 324),,,,,korra,20250513_skittles,2025-10-16,fish15,pDQM005:302,pDQM005,1,ef1a:2xLynk:tdmSG(J) (F1 of allele 302),tdmScarlet3S2:H2B-tol2 (F1 of allele 324),/clusterfs/vast/abcabc/Korra_Foundation/20250513_skittles/fish15/roi3,roi3,roi3,18,,,tdmSG::2xLynk(N),membrane,tdmSG(membrane),tdmSG::2xLynk(N)(membrane),,,,,"histone,membrane",tdmSG(membrane)
X:\abcabc\Aang_Foundation\20251016_mem-mito_v2,2025-10-08,2025-10-16,,,blood vessel,DH,,11:00:00,,,"membrane, mitochondria",ef1a:2xLynk:tdmChilada (F1 of allele 315),casper/rnf,,MGCO-28(ef1a-extended-2Xcox8A-linker-mStayGold-SV40-attb-tol2),,,korra,20250513_skittles,2025-10-16,fish15,pDQM082:315,pDQM082,2,ef1a:2xLynk:tdmChilada (F1 of allele 315),casper/rnf,/clusterfs/vast/abcabc/Korra_Foundation/20250513_skittles/fish15/roi4,roi4,roi4,18,MGCO-28,,tdmChilada::2xLynk(N),membrane,tdmChilada(membrane),tdmChilada::2xLynk(N)(membrane),mStayGold::2Xcox8A(N),mitochondria,mStayGold(mitochondria),mStayGold::2Xcox8A(N)(mitochondria),"membrane,mitochondria","tdmChilada(membrane),mStayGold(mitochondria)"
X:\abcabc\Korra_Foundation\20251015_mem-histone,2025-10-13,2025-10-15,,,,DH,,10:00:00,,,"membrane, nuclei",ef1a:2xLynk:tdmSG(J) (F1 of allele 302),tdmScarlet3S2:H2B-tol2 (F1 of allele 324),,,,,korra,20250513_skittles,2025-10-15,fish16,pDQM005:302,pDQM005,1,ef1a:2xLynk:tdmSG(J) (F1 of allele 302),tdmScarlet3S2:H2B-tol2 (F1 of allele 324),/clusterfs/vast/abcabc/Korra_Foundation/20250513_skittles/fish16/roi1_brain,roi1_brain,roi1_brain,18,,,tdmSG::2xLynk(N),membrane,tdmSG(membrane),tdmSG::2xLynk(N)(membrane),,,,,"histone,membrane",tdmSG(membrane)
X:\abcabc\Aang_Foundation\20251015_mem-histone,2025-10-13,2025-10-15,,,,DH,,10:00:00,,,"membrane, nuclei",ef1a:2xLynk:tdmSG(J) (F1 of allele 302),tdmScarlet3S2:H2B-tol2 (F1 of allele 324),,,,,korra,20250513_skittles,2025-10-14,fish2,pDQM005:302,pDQM005,1,ef1a:2xLynk:tdmSG(J) (F1 of allele 302),tdmScarlet3S2:H2B-tol2 (F1 of allele 324),/clusterfs/vast/abcabc/Korra_Foundation/20250513_skittles/fish2/roi1,roi1,roi1,17,,,tdmSG::2xLynk(N),membrane,tdmSG(membrane),tdmSG::2xLynk(N)(membrane),,,,,"histone,membrane",tdmSG(membrane)
X:\abcabc\Aang_Foundation\20251016_mem-mito,2025-10-13,2025-10-16,,,"skin, muscle",DH,,10:00:00,,,"membrane, mitochondria",ef1a:2xLynk:tdmChilada (F1 of allele 315),casper/rnf,,,,,korra,20250513_skittles,2025-10-14,fish2,pDQM082:315,pDQM082,2,ef1a:2xLynk:tdmChilada (F1 of allele 315),casper/rnf,/clusterfs/vast/abcabc/Korra_Foundation/20250513_skittles/fish2/roi2,roi2,roi2,10,,,tdmChilada::2xLynk(N),membrane,tdmChilada(membrane),tdmChilada::2xLynk(N)(membrane),,,,,"membrane,mitochondria",tdmChilada(membrane)
X:\abcabc\Aang_Foundation\20251013_mem-histone,2025-10-09,2025-10-13,,,,DH,,09:00:00,,,"membrane, nuclei",ef1a:2xLynk:tdmSG(J) (F1 of allele 301),tdmScarlet3S2:H2B-tol2 (F1 of allele 324),,,,,korra,20250513_skittles,2025-10-13,fish3,pDQM005:301,pDQM005,1,ef1a:2xLynk:tdmSG(J) (F1 of allele 301),tdmScarlet3S2:H2B-tol2 (F1 of allele 324),/clusterfs/vast/abcabc/Korra_Foundation/20250513_skittles/fish3/roi1,roi1,roi1,72,,,tdmSG::2xLynk(N),membrane,tdmSG(membrane),tdmSG::2xLynk(N)(membrane),,,,,"histone,membrane",tdmSG(membrane)
X:\abcabc\Korra_Foundation\20251013_mem-histone,2025-10-09,2025-10-13,,,,DH,,09:00:00,,,"membrane, nuclei",ef1a:2xLynk:tdmSG(J) (F1 of allele 301),tdmScarlet3S2:H2B-tol2 (F1 of allele 324),,,,,korra,20250513_skittles,2025-10-13,fish3,pDQM005:301,pDQM005,2,ef1a:2xLynk:tdmSG(J) (F1 of allele 301),tdmScarlet3S2:H2B-tol2 (F1 of allele 324),/clusterfs/vast/abcabc/Korra_Foundation/20250513_skittles/fish3/roi2,roi2,roi2,36,,,tdmSG::2xLynk(N),membrane,tdmSG(membrane),tdmSG::2xLynk(N)(membrane),,,,,"histone,membrane",tdmSG(membrane)
,2025-10-09,,,,,DH,,11:00:00,,,,ef1a:2xLynk:tdmSG(J) (F1 of allele 301),tdmScarlet3S2:H2B-tol2 (F1 of allele 324),,,,,korra,20250513_skittles,2025-10-10,fish3,pDQM005:301,pDQM005,1,ef1a:2xLynk:tdmSG(J) (F1 of allele 301),tdmScarlet3S2:H2B-tol2 (F1 of allele 324),/clusterfs/vast/abcabc/Korra_Foundation/20250513_skittles/fish3/roi3,roi3,roi3,36,,,tdmSG::2xLynk(N),membrane,tdmSG(membrane),tdmSG::2xLynk(N)(membrane),,,,,membrane,tdmSG(membrane)
X:\abcabc\Korra_Foundation\20251010_mem-histone,2025-10-09,2025-10-10,,,,DH,,11:00:00,,,"membrane, nuclei",ef1a:2xLynk:tdmSG(J) (F1 of allele 301),tdmScarlet3S2:H2B-tol2 (F1 of allele 324),,,,,korra,20250513_skittles,2025-10-10,fish3,pDQM005:301,pDQM005,2,ef1a:2xLynk:tdmSG(J) (F1 of allele 301),tdmScarlet3S2:H2B-tol2 (F1 of allele 324),/clusterfs/vast/abcabc/Korra_Foundation/20250513_skittles/fish3/roi4,roi4,roi4,36,,,tdmSG::2xLynk(N),membrane,tdmSG(membrane),tdmSG::2xLynk(N)(membrane),,,,,"histone,membrane",tdmSG(membrane)
X:\abcabc\Aang_Foundation\20251010_mem-mito,2025-10-08,2025-10-10,,,,DH,,11:00:00,,,"membrane, mitochondria",ef1a:2xLynk:tdmChilada (F1 of allele 315),casper/rnf,,MGCO-28(ef1a-extended-2Xcox8A-linker-mStayGold-SV40-attb-tol2),,,korra,20250513_skittles,2025-10-09,fish4,pDQM082:315,pDQM082,1,ef1a:2xLynk:tdmChilada (F1 of allele 315),casper/rnf,/clusterfs/vast/abcabc/Korra_Foundation/20250513_skittles/fish4/roi1,roi1,roi1,38,MGCO-28,,tdmChilada::2xLynk(N),membrane,tdmChilada(membrane),tdmChilada::2xLynk(N)(membrane),mStayGold::2Xcox8A(N),mitochondria,mStayGold(mitochondria),mStayGold::2Xcox8A(N)(mitochondria),"membrane,mitochondria","tdmChilada(membrane),mStayGold(mitochondria)"
,2025-10-07,,,,,DH,,11:00:00,,,,ef1a:<cryaa:mSc>mKate2/mCitrine/Electra2/mKOK/mTFP1 (F1 of allele 310),ef1a:<cryaa:mSc>mKate2/mCitrine/Electra2/mKOK/mTFP1 (F1 of allele 317),,,,,korra,20250513_skittles,2025-10-08,fish4,pDQM034:310,pDQM034,1,ef1a:<cryaa:mSc>mKate2/mCitrine/Electra2/mKOK/mTFP1 (F1 of allele 310),ef1a:<cryaa:mSc>mKate2/mCitrine/Electra2/mKOK/mTFP1 (F1 of allele 317),/clusterfs/vast/abcabc/Korra_Foundation/20250513_skittles/fish4/roi2,roi2,roi2,72,,,"Electra2,mCitrine,mKOK,mKate2,mTFP1",,"Electra2,mCitrine,mKOK,mKate2,mTFP1","Electra2,mCitrine,mKOK,mKate2,mTFP1",,,,,,"Electra2,mCitrine,mKOK,mKate2,mTFP1"
,2025-10-07,,,,,DH,,11:00:00,,,,ef1a:<cryaa:mSc>mKate2/mCitrine/Electra2/mKOK/mTFP1 (F1 of allele 309),ef1a:<cryaa:mSc>mKate2/mCitrine/Electra2/mKOK/mTFP1 (F1 of allele 309),,,,,korra,20250513_skittles,2025-10-08,fish4,pDQM034:310,pDQM034,2,ef1a:<cryaa:mSc>mKate2/mCitrine/Electra2/mKOK/mTFP1 (F1 of allele 309),ef1a:<cryaa:mSc>mKate2/mCitrine/Electra2/mKOK/mTFP1 (F1 of allele 309),/clusterfs/vast/abcabc/Korra_Foundation/20250513_skittles/fish4/roi3,roi3,roi3,36,,,"Electra2,mCitrine,mKOK,mKate2,mTFP1",,"Electra2,mCitrine,mKOK,mKate2,mTFP1","Electra2,mCitrine,mKOK,mKate2,mTFP1",,,,,,"Electra2,mCitrine,mKOK,mKate2,mTFP1"
,2025-10-07,,,,,DH,,11:00:00,,,,casper/rnf,tdmScarlet3S2 (F1 of allele 325),,,,,korra,20250513_skittles,2025-10-08,fish5,pDQM136:325,pDQM136,3,casper/rnf,tdmScarlet3S2 (F1 of allele 325),/clusterfs/vast/abcabc/Korra_Foundation/20250513_skittles/fish5/roi1,roi1,roi1,186,,,tdmScarlet3::2xLynk(N),membrane,tdmScarlet3(membrane),tdmScarlet3::2xLynk(N)(membrane),,,,,membrane,tdmScarlet3(membrane)
,2025-10-05,,,,,DH,,09:00:00,,,,ef1a:2xLynk:tdmSG(J) (F1 of allele 302),ef1a:2xLynk:tdmSG(J) (F1 of allele 304),,,,,korra,20250513_skittles,2025-10-07,fish5,pDQM005:302,pDQM005,1,ef1a:2xLynk:tdmSG(J) (F1 of allele 302),ef1a:2xLynk:tdmSG(J) (F1 of allele 304),/clusterfs/vast/abcabc/Korra_Foundation/20250513_skittles/fish5/roi2,roi2,roi2,36,,,tdmSG::2xLynk(N),membrane,tdmSG(membrane),tdmSG::2xLynk(N)(membrane),,,,,membrane,tdmSG(membrane)
,2025-10-05,,,,,DH,,09:00:00,,,,ef1a:2xLynk:tdmSG(J) (F1 of allele 302),ef1a:2xLynk:tdmSG(J) (F1 of allele 304),,,,,korra,20250513_skittles,2025-10-06,fish5,pDQM005:302,pDQM005,1,ef1a:2xLynk:tdmSG(J) (F1 of allele 302),ef1a:2xLynk:tdmSG(J) (F1 of allele 304),/clusterfs/vast/abcabc/Korra_Foundation/20250513_skittles/fish5/roi3,roi3,roi3,36,,,tdmSG::2xLynk(N),membrane,tdmSG(membrane),tdmSG::2xLynk(N)(membrane),,,,,membrane,tdmSG(membrane)
,2025-10-05,,,,,DH,,09:00:00,,,,ef1a:2xLynk:tdmSG(J) (F1 of allele 302),ef1a:2xLynk:tdmSG(J) (F1 of allele 304),,,,,korra,20250513_skittles,2025-10-06,fish5,pDQM005:302,pDQM005,2,ef1a:2xLynk:tdmSG(J) (F1 of allele 302),ef1a:2xLynk:tdmSG(J) (F1 of allele 304),/clusterfs/vast/abcabc/Korra_Foundation/20250513_skittles/fish5/roi4,roi4,roi4,36,,,tdmSG::2xLynk(N),membrane,tdmSG(membrane),tdmSG::2xLynk(N)(membrane),,,,,membrane,tdmSG(membrane)
,2025-09-30,,,,,DH,,17:00:00,,,,ef1a:2xLynk:tdmSG(J) (F1 of allele 301),tdmScarlet3S2:H2B-tol2 (F1 of allele 324),,,,,korra,20250513_skittles,2025-10-03,fish5,pDQM005:301,pDQM005,2.1,ef1a:2xLynk:tdmSG(J) (F1 of allele 301),tdmScarlet3S2:H2B-tol2 (F1 of allele 324),/clusterfs/vast/abcabc/Korra_Foundation/20250513_skittles/fish5/roi5,roi5,roi5,36,,,tdmSG::2xLynk(N),membrane,tdmSG(membrane),tdmSG::2xLynk(N)(membrane),,,,,membrane,tdmSG(membrane)
,2025-09-30,,,,,DH,,17:00:00,,,,ef1a:2xLynk:tdmSG(J) (F1 of allele 301),tdmScarlet3S2:H2B-tol2 (F1 of allele 324),,,,,korra,20250513_skittles,2025-10-03,fish5,pDQM005:301,pDQM005,2.2,ef1a:2xLynk:tdmSG(J) (F1 of allele 301),tdmScarlet3S2:H2B-tol2 (F1 of allele 324),/clusterfs/vast/abcabc/Korra_Foundation/20250513_skittles/fish5/roi6,roi6,roi6,36,,,tdmSG::2xLynk(N),membrane,tdmSG(membrane),tdmSG::2xLynk(N)(membrane),,,,,membrane,tdmSG(membrane)
,2025-10-01,,,,,DH,,10:00:00,,,,ef1a:2xLynk:tdmChilada (F1 of allele 315),casper/rnf,MGCO28,,,,korra,20250513_skittles,2025-10-03,fish5,pDQM082:315,pDQM082,1.1,ef1a:2xLynk:tdmChilada (F1 of allele 315),casper/rnf,/clusterfs/vast/abcabc/Korra_Foundation/20250513_skittles/fish5/roi7,roi7,roi7,36,,MGCO-28,tdmChilada::2xLynk(N),membrane,tdmChilada(membrane),tdmChilada::2xLynk(N)(membrane),mStayGold::2Xcox8A(N),mitochondria,mStayGold(mitochondria),mStayGold::2Xcox8A(N)(mitochondria),"membrane,mitochondria","tdmChilada(membrane),mStayGold(mitochondria)"
,2025-10-01,,,,,DH,,10:00:00,,,,ef1a:2xLynk:tdmChilada (F1 of allele 315),casper/rnf,MGCO28,,,,korra,20250513_skittles,2025-10-03,fish6,pDQM082:315,pDQM082,1.2,ef1a:2xLynk:tdmChilada (F1 of allele 315),casper/rnf,/clusterfs/vast/abcabc/Korra_Foundation/20250513_skittles/fish6/roi1,roi1,roi1,36,,MGCO-28,tdmChilada::2xLynk(N),membrane,tdmChilada(membrane),tdmChilada::2xLynk(N)(membrane),mStayGold::2Xcox8A(N),mitochondria,mStayGold(mitochondria),mStayGold::2Xcox8A(N)(mitochondria),"membrane,mitochondria","tdmChilada(membrane),mStayGold(mitochondria)"
,2025-10-01,,,,,DH,,12:00:00,,,,casper/rnf,tdmScarlet3S2 (F1 of allele 325),MGCO01,,,,korra,20250513_skittles,2025-10-02,fish6,pDQM136:325,pDQM136,1,casper/rnf,tdmScarlet3S2 (F1 of allele 325),/clusterfs/vast/abcabc/Korra_Foundation/20250513_skittles/fish6/roi2,roi2,roi2,36,,MGCO-01,tdmScarlet3::2xLynk(N),membrane,tdmScarlet3(membrane),tdmScarlet3::2xLynk(N)(membrane),mStayGold::2Xcox8A(N),mitochondria,mStayGold(mitochondria),mStayGold::2Xcox8A(N)(mitochondria),"membrane,mitochondria","tdmScarlet3(membrane),mStayGold(mitochondria)"
,2025-10-01,,,,,DH,,12:00:00,,,,ef1a:2xLynk:tdmChilada (F1 of allele 315),casper/rnf,MGCO01,,,,korra,20250513_skittles,2025-10-02,fish6,pDQM082:315,pDQM082,2,ef1a:2xLynk:tdmChilada (F1 of allele 315),casper/rnf,/clusterfs/vast/abcabc/Korra_Foundation/20250513_skittles/fish6/roi3,roi3,roi3,36,,MGCO-01,tdmChilada::2xLynk(N),membrane,tdmChilada(membrane),tdmChilada::2xLynk(N)(membrane),mStayGold::2Xcox8A(N),mitochondria,mStayGold(mitochondria),mStayGold::2Xcox8A(N)(mitochondria),"membrane,mitochondria","tdmChilada(membrane),mStayGold(mitochondria)"
,2025-10-01,,,,,DH,,12:00:00,,,,ef1a:2xLynk:tdmChilada (F1 of allele 315),casper/rnf,MGCO28,,,,korra,20250513_skittles,2025-10-02,fish6,pDQM082:315,pDQM082,3,ef1a:2xLynk:tdmChilada (F1 of allele 315),casper/rnf,/clusterfs/vast/abcabc/Korra_Foundation/20250513_skittles/fish6/roi4,roi4,roi4,36,,MGCO-28,tdmChilada::2xLynk(N),membrane,tdmChilada(membrane),tdmChilada::2xLynk(N)(membrane),mStayGold::2Xcox8A(N),mitochondria,mStayGold(mitochondria),mStayGold::2Xcox8A(N)(mitochondria),"membrane,mitochondria","tdmChilada(membrane),mStayGold(mitochondria)"
,2025-09-30,,,,,DH,,11:00:00,,,,ef1a:2xLynk:tdmSG(J) (F1 of allele 301),tdmScarlet3S2:H2B-tol2 (F1 of allele 324),,,,,korra,20250513_skittles,2025-10-01,fish7,pDQM005:301,pDQM005,1,ef1a:2xLynk:tdmSG(J) (F1 of allele 301),tdmScarlet3S2:H2B-tol2 (F1 of allele 324),/clusterfs/vast/abcabc/Korra_Foundation/20250513_skittles/fish7/roi1_ear_brain,roi1_ear_brain,roi1_ear_brain,72,,,tdmSG::2xLynk(N),membrane,tdmSG(membrane),tdmSG::2xLynk(N)(membrane),,,,,membrane,tdmSG(membrane)
X:\abcabc\Aang_Foundation\20251001_mem-histone,2025-09-30,2025-10-01,,,"skin, spinal_cord, muscle",DH,,11:00:00,,,,ef1a:2xLynk:tdmSG(J) (F1 of allele 301),tdmScarlet3S2:H2B-tol2 (F1 of allele 324),,,,,korra,20250513_skittles,2025-10-01,fish7,pDQM005:301,pDQM005,2,ef1a:2xLynk:tdmSG(J) (F1 of allele 301),tdmScarlet3S2:H2B-tol2 (F1 of allele 324),/clusterfs/vast/abcabc/Korra_Foundation/20250513_skittles/fish7/roi2_brain,roi2_brain,roi2_brain,36,,,tdmSG::2xLynk(N),membrane,tdmSG(membrane),tdmSG::2xLynk(N)(membrane),,,,,"histone,membrane",tdmSG(membrane)
X:\abcabc\Aang_Foundation\20250926_mem-mito,2025-09-24,2025-09-26,,,"skin, spinal_cord, hindbrain, brain, muscle",DH,,09:00:00,,,,casper/rnf,ef1a:2xLynk:tdmChilada (F1 of allele 315),2xCox8A:mSG,,,,korra,20250513_skittles,2025-09-26,fish8,pDQM082:315,pDQM082,1,casper/rnf,ef1a:2xLynk:tdmChilada (F1 of allele 315),/clusterfs/vast/abcabc/Korra_Foundation/20250513_skittles/fish8/roi1,roi1,roi1,48,,MGCO-01,tdmChilada::2xLynk(N),membrane,tdmChilada(membrane),tdmChilada::2xLynk(N)(membrane),mStayGold::2Xcox8A(N),mitochondria,mStayGold(mitochondria),mStayGold::2Xcox8A(N)(mitochondria),"membrane,mitochondria","tdmChilada(membrane),mStayGold(mitochondria)"
X:\abcabc\Aang_Foundation\20250925_mem-mito,2025-09-23,2025-09-25,,,"skin, spinal_cord, hindbrain, brain, muscle",DH,,09:00:00,,,,casper/rnf,from Swinburne lab - tank ID 344 (F1 of allele 45385),2xCox8A:mSG,,,,korra,20250513_skittles,2025-09-25,fish9,Swinburne:Swinburne,Swinburne,2,casper/rnf,from Swinburne lab - tank ID 344 (F1 of allele 45385),/clusterfs/vast/abcabc/Korra_Foundation/20250513_skittles/fish9/roi1,roi1,roi1,180,,MGCO-01,,,,,mStayGold::2Xcox8A(N),mitochondria,mStayGold(mitochondria),mStayGold::2Xcox8A(N)(mitochondria),"membrane,mitochondria",mStayGold(mitochondria)
X:\abcabc\Aang_Foundation\20250924_mem-mito,2025-09-23,2025-09-24,,,"skin, spinal_cord, hindbrain, brain, muscle",DH,,10:00:00,,,,casper/rnf,from Swinburne lab - tank ID 344 (F1 of allele 45385),2xCox8A:mSG,,,,korra,20250520_mem_histone,2025-09-24,fish2,Swinburne:Swinburne,Swinburne,1,casper/rnf,from Swinburne lab - tank ID 344 (F1 of allele 45385),/clusterfs/vast/abcabc/Korra_Foundation/20250520_mem_histone/fish2/roi1,roi1,roi1,2048,,MGCO-01,,,,,mStayGold::2Xcox8A(N),mitochondria,mStayGold(mitochondria),mStayGold::2Xcox8A(N)(mitochondria),"histone,membrane,mitochondria",mStayGold(mitochondria)
X:\abcabc\Aang_Foundation\20250922_mem-mito,2025-09-19,2025-09-22,,,"skin, spinal_cord, hindbrain, brain, muscle",DH,,09:00:00,,,,casper/rnf,tdmScarlet3S2 (F1 of allele 325),2xCox8A:mSG,,,,korra,20250520_mem_histone,2025-09-22,fish4,pDQM136:325,pDQM136,1,casper/rnf,tdmScarlet3S2 (F1 of allele 325),/clusterfs/vast/abcabc/Korra_Foundation/20250520_mem_histone/fish4/roi1_tailbud,roi1_tailbud,roi1_tailbud,266,,MGCO-01,tdmScarlet3::2xLynk(N),membrane,tdmScarlet3(membrane),tdmScarlet3::2xLynk(N)(membrane),mStayGold::2Xcox8A(N),mitochondria,mStayGold(mitochondria),mStayGold::2Xcox8A(N)(mitochondria),"histone,membrane,mitochondria","tdmScarlet3(membrane),mStayGold(mitochondria)"
X:\abcabc\Aang_Foundation\20250919_mem-mito,2025-09-17,2025-09-19,,,"skin, spinal_cord, hindbrain, brain, muscle",DH,,09:00:00,,,,ef1a:2xLynk:tdmChilada (F1 of allele 315),ef1a:2xLynk:tdmChilada (F1 of allele 315),2xCox8A:mSG,,,,korra,20250520_mem_histone,2025-09-19,fish4,pDQM082:315,pDQM082,1,ef1a:2xLynk:tdmChilada (F1 of allele 315),ef1a:2xLynk:tdmChilada (F1 of allele 315),/clusterfs/vast/abcabc/Korra_Foundation/20250520_mem_histone/fish4/roi1_tailbud_2,roi1_tailbud_2,roi1_tailbud_2,1026,,MGCO-01,tdmChilada::2xLynk(N),membrane,tdmChilada(membrane),tdmChilada::2xLynk(N)(membrane),mStayGold::2Xcox8A(N),mitochondria,mStayGold(mitochondria),mStayGold::2Xcox8A(N)(mitochondria),"histone,membrane,mitochondria","tdmChilada(membrane),mStayGold(mitochondria)"
X:\abcabc\Aang_Foundation\20250918_mem-mito,2025-09-15,2025-09-18,,,"skin, spinal_cord, hindbrain, brain, muscle, tail",DH,,09:00:00,,,,ef1a:2xLynk:tdmChilada (F1 of allele 315),ef1a:2xLynk:tdmChilada (F1 of allele 315),2xCox8A:mSG,,,,korra,20250520_mem_histone,2025-09-18,fish5,pDQM082:315,pDQM082,1,ef1a:2xLynk:tdmChilada (F1 of allele 315),ef1a:2xLynk:tdmChilada (F1 of allele 315),/clusterfs/vast/abcabc/Korra_Foundation/20250520_mem_histone/fish5/roi1_tailbud,roi1_tailbud,roi1_tailbud,3040,,MGCO-01,tdmChilada::2xLynk(N),membrane,tdmChilada(membrane),tdmChilada::2xLynk(N)(membrane),mStayGold::2Xcox8A(N),mitochondria,mStayGold(mitochondria),mStayGold::2Xcox8A(N)(mitochondria),"histone,membrane,mitochondria","tdmChilada(membrane),mStayGold(mitochondria)"
X:\abcabc\Aang_Foundation\20250917_mem-mito,2025-09-15,2025-09-17,,,"skin, spinal_cord, hindbrain, brain, muscle, tail",DH,,14:00:00,,,,ef1a:2xLynk:tdmChilada (F1 of allele 315),ef1a:2xLynk:tdmChilada (F1 of allele 315),2xCox8A:mSG,,,,korra,20250521_skittles_no-membrane,2025-09-16,fish2,pDQM082:315,pDQM082,top,ef1a:2xLynk:tdmChilada (F1 of allele 315),ef1a:2xLynk:tdmChilada (F1 of allele 315),/clusterfs/vast/abcabc/Korra_Foundation/20250521_skittles_no-membrane/fish2/roi1,roi1,roi1,60,,MGCO-01,tdmChilada::2xLynk(N),membrane,tdmChilada(membrane),tdmChilada::2xLynk(N)(membrane),mStayGold::2Xcox8A(N),mitochondria,mStayGold(mitochondria),mStayGold::2Xcox8A(N)(mitochondria),"membrane,mitochondria","tdmChilada(membrane),mStayGold(mitochondria)"
X:\abcabc\Aang_Foundation\20250917_mem-mito,2025-09-15,2025-09-17,,,"skin, spinal_cord, hindbrain, brain, muscle, tail",DH,,14:00:00,,,,tdmScarlet3S2 (F1 of allele 325),tdmScarlet3S2 (F1 of allele 325),2xCox8A:mSG,,,,korra,20250521_skittles_no-membrane,2025-09-16,fish2,pDQM136:325,pDQM136,bottom,tdmScarlet3S2 (F1 of allele 325),tdmScarlet3S2 (F1 of allele 325),/clusterfs/vast/abcabc/Korra_Foundation/20250521_skittles_no-membrane/fish2/roi2,roi2,roi2,20,,MGCO-01,tdmScarlet3::2xLynk(N),membrane,tdmScarlet3(membrane),tdmScarlet3::2xLynk(N)(membrane),mStayGold::2Xcox8A(N),mitochondria,mStayGold(mitochondria),mStayGold::2Xcox8A(N)(mitochondria),"membrane,mitochondria","tdmScarlet3(membrane),mStayGold(mitochondria)"
X:\abcabc\Aang_Foundation\20250915_mem-mito,2025-09-12,2025-09-15,,,"skin, spinal_cord, hindbrain, brain, muscle, tail",DH,,10:00:00,,,,,ef1a:2xLynk:tdm:Halo,2xCox8A:mSG,,,,korra,20250521_skittles_no-membrane,2025-09-15,fish3,Swinburne:Swinburne,Swinburne,1,,ef1a:2xLynk:tdm:Halo,/clusterfs/vast/abcabc/Korra_Foundation/20250521_skittles_no-membrane/fish3/roi1,roi1,roi1,25,,MGCO-01,,,,,mStayGold::2Xcox8A(N),mitochondria,mStayGold(mitochondria),mStayGold::2Xcox8A(N)(mitochondria),"membrane,mitochondria",mStayGold(mitochondria)
X:\abcabc\Aang_Foundation\20250912_mem-mito,2025-09-09,2025-09-12,,,"skin, spinal_cord, hindbrain, brain, muscle, tail",DH,,09:30:00,,,,ef1a:2xLynk:tdmChilada (F1 of allele 315),ef1a:2xLynk:tdmChilada (F1 of allele 315),2xCox8A:mSG,,,,korra,20250521_skittles_no-membrane,2025-09-12,fish4,pDQM082:315,pDQM082,2,ef1a:2xLynk:tdmChilada (F1 of allele 315),ef1a:2xLynk:tdmChilada (F1 of allele 315),/clusterfs/vast/abcabc/Korra_Foundation/20250521_skittles_no-membrane/fish4/roi1,roi1,roi1,30,,MGCO-01,tdmChilada::2xLynk(N),membrane,tdmChilada(membrane),tdmChilada::2xLynk(N)(membrane),mStayGold::2Xcox8A(N),mitochondria,mStayGold(mitochondria),mStayGold::2Xcox8A(N)(mitochondria),"membrane,mitochondria","tdmChilada(membrane),mStayGold(mitochondria)"
X:\abcabc\Aang_Foundation\20250911_mem-mito,2025-09-09,2025-09-11,,,"skin, spinal_cord, hindbrain, brain, muscle",DH,,11:00:00,,,,ef1a:2xLynk:tdmChilada (F1 of allele 315),ef1a:2xLynk:tdmChilada (F1 of allele 315),2xCox8A:mSG,,,,korra,20250521_skittles_no-membrane,2025-09-11,fish4,pDQM082:315,pDQM082,1,ef1a:2xLynk:tdmChilada (F1 of allele 315),ef1a:2xLynk:tdmChilada (F1 of allele 315),/clusterfs/vast/abcabc/Korra_Foundation/20250521_skittles_no-membrane/fish4/roi2,roi2,roi2,30,,MGCO-01,tdmChilada::2xLynk(N),membrane,tdmChilada(membrane),tdmChilada::2xLynk(N)(membrane),mStayGold::2Xcox8A(N),mitochondria,mStayGold(mitochondria),mStayGold::2Xcox8A(N)(mitochondria),"membrane,mitochondria","tdmChilada(membrane),mStayGold(mitochondria)"
X:\abcabc\Aang_Foundation\20250908_mem-mito,2025-09-09,2025-09-10,,,"skin, spinal_cord, hindbrain, brain, muscle",DH,,11:00:00,,,"csp,male #1 founder (good percentage ++, multiple alleles),560,Mitochondria",ef1a:2xLynk:tdmChilada (F1 of allele 315),ef1a:2xLynk:tdmChilada (F1 of allele 315),2xCox8A:mSG,,,,korra,20250522_skittlez,2025-09-10,fish1,pDQM082:315,pDQM082,1,ef1a:2xLynk:tdmChilada (F1 of allele 315),ef1a:2xLynk:tdmChilada (F1 of allele 315),/clusterfs/vast/abcabc/Korra_Foundation/20250522_skittlez/fish1/roi1,roi1,roi1,72,,MGCO-01,tdmChilada::2xLynk(N),membrane,tdmChilada(membrane),tdmChilada::2xLynk(N)(membrane),mStayGold::2Xcox8A(N),mitochondria,mStayGold(mitochondria),mStayGold::2Xcox8A(N)(mitochondria),"membrane,mitochondria","tdmChilada(membrane),mStayGold(mitochondria)"
,2025-09-08,,,,,DH,,11:00:00,,,,,,,,,,korra,20250522_skittlez,2025-09-09,fish1,,,1,,,/clusterfs/vast/abcabc/Korra_Foundation/20250522_skittlez/fish1/roi2,roi2,roi2,72,,,,,,,,,,,,
,2025-09-08,,,,,DH,,11:00:00,,,,,,,,,,korra,20250522_skittlez,2025-09-09,fish2,,,2,,,/clusterfs/vast/abcabc/Korra_Foundation/20250522_skittlez/fish2/roi1,roi1,roi1,72,,,,,,,,,,,,
X:\abcabc\Aang_Foundation\20250908_mem-mito,2025-09-05,2025-09-08,,,"skin, spinal_cord, hindbrain, brain, muscle, neuromast",DH,,11:00:00,,,Mitochondria,ef1a:2xLynk:tdm:mChilada,ef1a:2xLynk:tdm:mChilada,2xCox8A:mSG,,,,korra,20250522_skittlez,2025-09-08,fish2,pDQM082:315,pDQM082,1,ef1a:2xLynk:tdm:mChilada,ef1a:2xLynk:tdm:mChilada,/clusterfs/vast/abcabc/Korra_Foundation/20250522_skittlez/fish2/roi2,roi2,roi2,72,,MGCO-01,tdmChilada::2xLynk(N),membrane,tdmChilada(membrane),tdmChilada::2xLynk(N)(membrane),mStayGold::2Xcox8A(N),mitochondria,mStayGold(mitochondria),mStayGold::2Xcox8A(N)(mitochondria),"membrane,mitochondria","tdmChilada(membrane),mStayGold(mitochondria)"
,2025-09-02,,low SNR,,,DH,,11:00:00,,,,casper/rnf,mem:tdmChilada,HC-9 Lifeact:mStayGold,,,,korra,20250522_skittlez,2025-09-05,fish3,pDQM082:315,pDQM082,1,casper/rnf,mem:tdmChilada,/clusterfs/vast/abcabc/Korra_Foundation/20250522_skittlez/fish3/roi1,roi1,roi1,72,,HC-9,tdmChilada::2xLynk(N),membrane,tdmChilada(membrane),tdmChilada::2xLynk(N)(membrane),mStayGold::lifeact(N),actin,mStayGold(actin),mStayGold::lifeact(N)(actin),"actin,membrane","tdmChilada(membrane),mStayGold(actin)"
X:\abcabc\Aang_Foundation\20250905_lifeact-mSG,2025-09-02,2025-09-05,,,"skin, spinal_cord, hindbrain, brain, muscle",DH,,11:00:00,,,,casper/rnf,mem:tdmChilada,HC-9 Lifeact:mStayGold,,,,korra,20250522_skittlez,2025-09-05,fish3,pDQM082:315,pDQM082,2,casper/rnf,mem:tdmChilada,/clusterfs/vast/abcabc/Korra_Foundation/20250522_skittlez/fish3/roi2,roi2,roi2,72,,HC-9,tdmChilada::2xLynk(N),membrane,tdmChilada(membrane),tdmChilada::2xLynk(N)(membrane),mStayGold::lifeact(N),actin,mStayGold(actin),mStayGold::lifeact(N)(actin),"actin,membrane","tdmChilada(membrane),mStayGold(actin)"
X:\abcabc\Aang_Foundation\20250904_lifeact-mSG,2025-09-03,2025-09-04,,,"skin, spinal_cord, hindbrain, brain, muscle",DH,,11:00:00,,,,casper/rnf,ef1a-extended:2xLynk:tdmScarlet3-S2-tol2 (F1 of allele 325),HC-9 Lifeact:mStayGold,,,,korra,20250522_skittlez,2025-09-04,fish3,pDQM136:325,pDQM136,3,casper/rnf,ef1a-extended:2xLynk:tdmScarlet3-S2-tol2 (F1 of allele 325),/clusterfs/vast/abcabc/Korra_Foundation/20250522_skittlez/fish3/roi3,roi3,roi3,72,,HC-9,tdmScarlet3::2xLynk(N),membrane,tdmScarlet3(membrane),tdmScarlet3::2xLynk(N)(membrane),mStayGold::lifeact(N),actin,mStayGold(actin),mStayGold::lifeact(N)(actin),"actin,membrane","tdmScarlet3(membrane),mStayGold(actin)"
X:\abcabc\Aang_Foundation\20250903_lifeact-mSG,2025-09-02,,,,,DH,,09:00:00,,,,casper/rnf,mem:tdmChilada,HC-9 Lifeact:mStayGold,,,,korra,20250522_skittlez,2025-09-03,fish4,pDQM082:315,pDQM082,2025-W36-1,casper/rnf,mem:tdmChilada,/clusterfs/vast/abcabc/Korra_Foundation/20250522_skittlez/fish4/roi1,roi1,roi1,36,,HC-9,tdmChilada::2xLynk(N),membrane,tdmChilada(membrane),tdmChilada::2xLynk(N)(membrane),mStayGold::lifeact(N),actin,mStayGold(actin),mStayGold::lifeact(N)(actin),"actin,membrane","tdmChilada(membrane),mStayGold(actin)"
,2025-09-02,,,,,DH,,09:00:00,,,"casper/pIGLET 14a,1 tank started,488",casper/rnf,tandem mem:mStayGold,HC-2 2:NLS-mScarlet3,,,,korra,20250522_skittlez,2025-09-03,fish4,pDQM005:301,pDQM005,2025-W36-2,casper/rnf,tandem mem:mStayGold,/clusterfs/vast/abcabc/Korra_Foundation/20250522_skittlez/fish4/roi2,roi2,roi2,36,,HC-2,tdmSG::2xLynk(N),membrane,tdmSG(membrane),tdmSG::2xLynk(N)(membrane),,,,,membrane,tdmSG(membrane)
X:\abcabc\Janelia_Fish\20250903_lifeact-mSG,2025-08-26,2025-08-29,good,,,DH,,09:00:00,,,,csp/pIGLET 14a,csp/pIGLET 14a,,MGCO34(lifeact-mStayGold),,,korra,20250522_skittlez,2025-08-29,fish5,,pIGLET 14a,2025-W35-7,csp/pIGLET 14a,csp/pIGLET 14a,/clusterfs/vast/abcabc/Korra_Foundation/20250522_skittlez/fish5/roi1,roi1,roi1,90,MGCO-34,,,,,,mStayGold::lifeact(N),actin,mStayGold(actin),mStayGold::lifeact(N)(actin),actin,mStayGold(actin)
X:\abcabc\Aang_Foundation\20250828_mem_actin,2025-08-27,2025-08-28,,,"skin, spinal_cord, hindbrain, brain, muscle",DH,,09:00:00,,,"Actin,csp,male #1 founder (good percentage ++, multiple alleles),560",casper/rnf,ef1a:2xLynk:tdmChilada (F1 of allele 315),Lifeact:mSG,,,,korra,20250522_skittlez,2025-08-28,fish6,pDQM082:315,pDQM082,2025-W35-6,casper/rnf,ef1a:2xLynk:tdmChilada (F1 of allele 315),/clusterfs/vast/abcabc/Korra_Foundation/20250522_skittlez/fish6/roi1,roi1,roi1,90,,MGCO-23,tdmChilada::2xLynk(N),membrane,tdmChilada(membrane),tdmChilada::2xLynk(N)(membrane),mStayGold::lifeact(N),actin,mStayGold(actin),mStayGold::lifeact(N)(actin),"actin,membrane","tdmChilada(membrane),mStayGold(actin)"
X:\abcabc\Aang_Foundation\20250827_mem_actin,2025-08-25,2025-08-27,,,"skin, spinal_cord, hindbrain, brain, muscle",DH,,09:00:00,,"Actin,csp,male #1 founder (good percentage ++, multiple alleles),560","Actin,csp,male #1 founder (good percentage ++, multiple alleles),560",casper/rnf,ef1a:2xLynk:tdmChilada (F1 of allele 315),Lifeact:mSG,,,,korra,20250522_skittlez,2025-08-27,fish6,pDQM082:315,pDQM082,2025-W35-3,casper/rnf,ef1a:2xLynk:tdmChilada (F1 of allele 315),/clusterfs/vast/abcabc/Korra_Foundation/20250522_skittlez/fish6/roi2,roi2,roi2,90,,MGCO-23,tdmChilada::2xLynk(N),membrane,tdmChilada(membrane),tdmChilada::2xLynk(N)(membrane),mStayGold::lifeact(N),actin,mStayGold(actin),mStayGold::lifeact(N)(actin),"actin,membrane","tdmChilada(membrane),mStayGold(actin)"
,2025-08-25,2025-08-26,no green signal,,,,,,,Mitochondria,Mitochondria,casper/rnf,tdmScarlet3S2 (F2 of allele 325),2xCox8A:mSG,,,,korra,20250522_skittlez,2025-08-26,fish7,pDQM136:325,pDQM136,,casper/rnf,tdmScarlet3S2 (F2 of allele 325),/clusterfs/vast/abcabc/Korra_Foundation/20250522_skittlez/fish7/roi1,roi1,roi1,90,,MGCO-01,tdmScarlet3::2xLynk(N),membrane,tdmScarlet3(membrane),tdmScarlet3::2xLynk(N)(membrane),mStayGold::2Xcox8A(N),mitochondria,mStayGold(mitochondria),mStayGold::2Xcox8A(N)(mitochondria),"membrane,mitochondria","tdmScarlet3(membrane),mStayGold(mitochondria)"
,2025-08-25,2025-08-26,no green signal,,,,,,,Microtubules,Microtubules,casper/rnf,tdmScarlet3S2 (F2 of allele 325),mSG:alpha-tub,,,,korra,20250522_skittlez,2025-08-26,fish7,pDQM136:325,pDQM136,,casper/rnf,tdmScarlet3S2 (F2 of allele 325),/clusterfs/vast/abcabc/Korra_Foundation/20250522_skittlez/fish7/roi2,roi2,roi2,90,,MGCO-19,tdmScarlet3::2xLynk(N),membrane,tdmScarlet3(membrane),tdmScarlet3::2xLynk(N)(membrane),mStayGold,,mStayGold,mStayGold,membrane,"tdmScarlet3(membrane),mStayGold"
,2025-08-25,2025-08-26,no green signal,,,,,,,Mitochondria,Mitochondria,casper/rnf,mem:tdmChilada,2xCox8A:mSG,,,,korra,20250522_skittlez,2025-08-26,fish7,pDQM082:315,pDQM082,,casper/rnf,mem:tdmChilada,/clusterfs/vast/abcabc/Korra_Foundation/20250522_skittlez/fish7/roi3,roi3,roi3,90,,MGCO-01,tdmChilada::2xLynk(N),membrane,tdmChilada(membrane),tdmChilada::2xLynk(N)(membrane),mStayGold::2Xcox8A(N),mitochondria,mStayGold(mitochondria),mStayGold::2Xcox8A(N)(mitochondria),"membrane,mitochondria","tdmChilada(membrane),mStayGold(mitochondria)"
X:\abcabc\Aang_Foundation\20250826_mem_actin,2025-08-25,2025-08-26,,,"skin, spinal_cord, hindbrain, brain, muscle",DH,,,,Actin,Actin,casper/rnf,mem:tdmChilada,Lifeact:mSG,,,,korra,20250522_skittlez,2025-08-26,fish8,pDQM082:315,pDQM082,,casper/rnf,mem:tdmChilada,/clusterfs/vast/abcabc/Korra_Foundation/20250522_skittlez/fish8/roi1,roi1,roi1,90,,MGCO-23,tdmChilada::2xLynk(N),membrane,tdmChilada(membrane),tdmChilada::2xLynk(N)(membrane),mStayGold::lifeact(N),actin,mStayGold(actin),mStayGold::lifeact(N)(actin),"actin,membrane","tdmChilada(membrane),mStayGold(actin)"
X:\abcabc\Exploratory_fish\20250825_mgco28_mito-mSG,2025-08-22,2025-08-25,,,,,,,,Mitochondria,Mitochondria,casper/rnf,casper/rnf,,ef1a-extended:2xCox8A:mStayGold,,,korra,20250522_skittlez,2025-08-25,fish8,,,,casper/rnf,casper/rnf,/clusterfs/vast/abcabc/Korra_Foundation/20250522_skittlez/fish8/roi2,roi2,roi2,90,MGCO-28,,,,,,mStayGold::2Xcox8A(N),mitochondria,mStayGold(mitochondria),mStayGold::2Xcox8A(N)(mitochondria),mitochondria,mStayGold(mitochondria)
X:\abcabc\Exploratory_fish\20250825_pqdm065_mem-histone,2025-08-22,2025-08-25,,,,,,,,"csp,1 tank started,488,560","csp,1 tank started,488,560",casper/rnf,tandem mem:mStayGold; tdmChilada:Histone,,,,,korra,20250522_skittlez,2025-08-25,fish8,"pDQM005, pDQM104:301, n/a","pDQM005, pDQM104",,casper/rnf,tandem mem:mStayGold; tdmChilada:Histone,/clusterfs/vast/abcabc/Korra_Foundation/20250522_skittlez/fish8/roi3,roi3,roi3,90,,,"mchilada,tdmSG::2xLynk(N)",membrane,"mchilada,tdmSG(membrane)","mchilada,tdmSG::2xLynk(N)(membrane)",,,,,"histone,membrane","mchilada,tdmSG(membrane)"
X:\abcabc\Exploratory_fish\20250825_pqdm094_mem-histone,2025-08-22,2025-08-25,,,,,,,,"csp,488,560","csp,488,560",casper/rnf,tandem mem:mStayGold; tdmChilada(MAGPV):Histone,,,,,korra,20250522_skittlez,2025-08-25,fish9,"pDQM005, pDQM104:301, n/a","pDQM005, pDQM104",,casper/rnf,tandem mem:mStayGold; tdmChilada(MAGPV):Histone,/clusterfs/vast/abcabc/Korra_Foundation/20250522_skittlez/fish9/roi1,roi1,roi1,120,,,"mchilada,tdmSG::2xLynk(N)",membrane,"mchilada,tdmSG(membrane)","mchilada,tdmSG::2xLynk(N)(membrane)",,,,,"histone,membrane","mchilada,tdmSG(membrane)"
X:\abcabc\Exploratory_fish\20250825_mgco29_er-msg,2025-08-22,2025-08-25,,,,,,,,ER,ER,casper/rnf,casper/rnf,,ef1a-extended:mStayGold:sec61b,,,korra,20250523_mem_histone,2025-08-25,fish1,,,,casper/rnf,casper/rnf,/clusterfs/vast/abcabc/Korra_Foundation/20250523_mem_histone/fish1/roi1,roi1,roi1,4000,MGCO-27,,,,,,mStayGold::sec61b(N),ER,mStayGold(ER),mStayGold::sec61b(N)(ER),"ER,histone,membrane",mStayGold(ER)
X:\abcabc\Aang_Foundation\20250821_mem_mito,2025-08-20,2025-08-22,,2025-08-23 00:00:00,"skin, spinal_cord, hindbrain, muscle, blood vessel",,,,,Mitochondria,Mitochondria,casper/rnf,mem:tdmChilada,2xCox8A:mSG,,,,korra,20250523_mem_histone,2025-08-22,fish2,pDQM082:315,pDQM082,,casper/rnf,mem:tdmChilada,/clusterfs/vast/abcabc/Korra_Foundation/20250523_mem_histone/fish2/roi1,roi1,roi1,8600,,MGCO-01,tdmChilada::2xLynk(N),membrane,tdmChilada(membrane),tdmChilada::2xLynk(N)(membrane),mStayGold::2Xcox8A(N),mitochondria,mStayGold(mitochondria),mStayGold::2Xcox8A(N)(mitochondria),"histone,membrane,mitochondria","tdmChilada(membrane),mStayGold(mitochondria)"
X:\abcabc\Exploratory_fish\20250822_PDQM145,2025-08-19,2025-08-22,,,,,,,,,,casper/rnf,casper/rnf,,ef1a:mCardinal (iCodon),,,korra,20250523_mem_histone,2025-08-22,fish3,,,,casper/rnf,casper/rnf,/clusterfs/vast/abcabc/Korra_Foundation/20250523_mem_histone/fish3/roi1,roi1,roi1,4000,pDQM145,,,,,,mCardinal,,mCardinal,mCardinal,"histone,membrane",mCardinal
X:\abcabc\Aang_Foundation\20250821_mem_mito,2025-08-20,2025-08-21,,2025-08-22 00:00:00,"skin, spinal_cord, hindbrain, brain",,,,,Mitochondria,Mitochondria,casper/rnf,mem:tdmChilada,2xCox8A:mSG,,,,korra,20250523_mem_histone,2025-08-21,fish4,pDQM082:315,pDQM082,,casper/rnf,mem:tdmChilada,/clusterfs/vast/abcabc/Korra_Foundation/20250523_mem_histone/fish4/roi1,roi1,roi1,4000,,MGCO-01,tdmChilada::2xLynk(N),membrane,tdmChilada(membrane),tdmChilada::2xLynk(N)(membrane),mStayGold::2Xcox8A(N),mitochondria,mStayGold(mitochondria),mStayGold::2Xcox8A(N)(mitochondria),"histone,membrane,mitochondria","tdmChilada(membrane),mStayGold(mitochondria)"
,2025-08-20,2025-08-21,no green signal,,,,,,,Myosin,Myosin,casper/rnf,mem:tdmChilada,mSG:MYH10,,,,korra,20250523_mem_histone,2025-08-21,fish5,pDQM082:315,pDQM082,,casper/rnf,mem:tdmChilada,/clusterfs/vast/abcabc/Korra_Foundation/20250523_mem_histone/fish5/roi1,roi1,roi1,7900,,MGCO-25,tdmChilada::2xLynk(N),membrane,tdmChilada(membrane),tdmChilada::2xLynk(N)(membrane),"mStayGold,mYH",,"mStayGold,mYH","mStayGold,mYH","histone,membrane","tdmChilada(membrane),mStayGold,mYH"
,2025-08-18,,,,,,,,,"casper/pIGLET 14a,1 tank started,488,csp,male #1,560","casper/pIGLET 14a,1 tank started,488,csp,male #1,560",tandem mem:mStayGold,tdmScarlet3S2:H2B-tol2 (F1 of allele 324),,,,,korra,20250528_mem-histone,2025-08-21,fish1,pDQM005:301,pDQM005,,tandem mem:mStayGold,tdmScarlet3S2:H2B-tol2 (F1 of allele 324),/clusterfs/vast/abcabc/Korra_Foundation/20250528_mem-histone/fish1/roi1_spine,roi1_spine,roi1_spine,3192,,,tdmSG::2xLynk(N),membrane,tdmSG(membrane),tdmSG::2xLynk(N)(membrane),,,,,"histone,membrane",tdmSG(membrane)
X:\abcabc\Janelia_Fish\20250821_tubulin-mSG,,2025-08-21,,,,,,,,,,csp/pIGLET 14a,csp/pIGLET 14a,,ef1a-extended:alphatubulin:mStayGold,,,korra,20250528_mem-histone,2025-08-21,fish2,,pIGLET 14a,,csp/pIGLET 14a,csp/pIGLET 14a,/clusterfs/vast/abcabc/Korra_Foundation/20250528_mem-histone/fish2/roi1_brain,roi1_brain,roi1_brain,1300,MGCO-32,,,,,,mStayGold,Microtubules,mStayGold,mStayGold,"Microtubules,histone,membrane",mStayGold
X:\abcabc\Aang_Foundation\20250819_mem_mito,2025-08-18,2025-08-20,,,"skin, muscle, spinal_cord, hindbrain, tail",DH,,,,Mitochondria,Mitochondria,casper/rnf,mem:tdmChilada,2xCox8A:mSG,,,,korra,20250528_mem-histone,2025-08-20,fish3,pDQM082:315,pDQM082,,casper/rnf,mem:tdmChilada,/clusterfs/vast/abcabc/Korra_Foundation/20250528_mem-histone/fish3/roi2_spine,roi2_spine,roi2_spine,5642,,MGCO-01,tdmChilada::2xLynk(N),membrane,tdmChilada(membrane),tdmChilada::2xLynk(N)(membrane),mStayGold::2Xcox8A(N),mitochondria,mStayGold(mitochondria),mStayGold::2Xcox8A(N)(mitochondria),"histone,membrane,mitochondria","tdmChilada(membrane),mStayGold(mitochondria)"
X:\abcabc\Aang_Foundation\20250819_mem_mito,2025-08-18,2025-08-19,,,,DH,,,,Mitochondria,Mitochondria,casper/rnf,mem:tdmChilada,2xCox8A:mSG,,,,korra,20250528_skittlez,2025-08-19,fish1,pDQM082:315,pDQM082,,casper/rnf,mem:tdmChilada,/clusterfs/vast/abcabc/Korra_Foundation/20250528_skittlez/fish1/roi1,roi1,roi1,24,,MGCO-01,tdmChilada::2xLynk(N),membrane,tdmChilada(membrane),tdmChilada::2xLynk(N)(membrane),mStayGold::2Xcox8A(N),mitochondria,mStayGold(mitochondria),mStayGold::2Xcox8A(N)(mitochondria),"membrane,mitochondria","tdmChilada(membrane),mStayGold(mitochondria)"
X:\abcabc\Aang_Foundation\20250819_mem_ER,2025-08-18,2025-08-19,,,"skin, muscle, spinal_cord, hindbrain",DH,,,,ER,ER,casper/rnf,mem:tdmChilada,mSG:sec61b,,,,korra,20250528_skittlez,2025-08-19,fish1,pDQM082:315,pDQM082,,casper/rnf,mem:tdmChilada,/clusterfs/vast/abcabc/Korra_Foundation/20250528_skittlez/fish1/roi2,roi2,roi2,24,,MGCO-04,tdmChilada::2xLynk(N),membrane,tdmChilada(membrane),tdmChilada::2xLynk(N)(membrane),mStayGold::sec61b(N),ER,mStayGold(ER),mStayGold::sec61b(N)(ER),"ER,membrane","tdmChilada(membrane),mStayGold(ER)"
,2025-08-15,,,,,DH,,,,"casper/pIGLET 14a,1 tank started,488","casper/pIGLET 14a,1 tank started,488",tandem mem:mStayGold,tandem mem:mStayGold,,ef1a:mCardinal (iCodon),,,korra,20250529_skittlez,2025-08-18,fish10_roi1,pDQM005:301,pDQM005,,tandem mem:mStayGold,tandem mem:mStayGold,/clusterfs/vast/abcabc/Korra_Foundation/20250529_skittlez/fish10_roi1,fish10_roi1,fish10_roi1,96,pDQM145,,tdmSG::2xLynk(N),membrane,tdmSG(membrane),tdmSG::2xLynk(N)(membrane),mCardinal,,mCardinal,mCardinal,membrane,"tdmSG(membrane),mCardinal"
,2025-08-15,,,,,DH,,,,"casper/pIGLET 14a,1 tank started,488,cytosol","casper/pIGLET 14a,1 tank started,488,cytosol",tandem mem:mStayGold,tandem mem:mStayGold,,ef1a:linker:mKate2:linker-attB,,,korra,20250529_skittlez,2025-08-18,fish11_roi1_eye,pDQM005:301,pDQM005,,tandem mem:mStayGold,tandem mem:mStayGold,/clusterfs/vast/abcabc/Korra_Foundation/20250529_skittlez/fish11_roi1_eye,fish11_roi1_eye,fish11_roi1_eye,18,pDQM085,,tdmSG::2xLynk(N),membrane,tdmSG(membrane),tdmSG::2xLynk(N)(membrane),mKate2,,mKate2,mKate2,membrane,"tdmSG(membrane),mKate2"
,,,,,,,,,,,,csp/pIGLET 14a,csp/pIGLET 14a,,ef1a-extended:LAMP1:mStayGold,,,korra,20250529_skittlez,2025-08-15,fish11_roi1_eye_2,,pIGLET 14a,,csp/pIGLET 14a,csp/pIGLET 14a,/clusterfs/vast/abcabc/Korra_Foundation/20250529_skittlez/fish11_roi1_eye_2,fish11_roi1_eye_2,fish11_roi1_eye_2,96,MGCO-31,,,,,,mStayGold::LAMP1(N),lysosome,mStayGold(lysosome),mStayGold::LAMP1(N)(lysosome),lysosome,mStayGold(lysosome)
,2025-08-14,,,,,,,,,,,casper/rnf,tdmScarlet3S2 (F2 of allele 325),,,,,korra,20250529_skittlez,2025-08-15,fish12_roi1,pDQM136:325,pDQM136,,casper/rnf,tdmScarlet3S2 (F2 of allele 325),/clusterfs/vast/abcabc/Korra_Foundation/20250529_skittlez/fish12_roi1,fish12_roi1,fish12_roi1,96,,,tdmScarlet3::2xLynk(N),membrane,tdmScarlet3(membrane),tdmScarlet3::2xLynk(N)(membrane),,,,,membrane,tdmScarlet3(membrane)
,,,,,,,,,,,,casper/rnf,casper/rnf,,ef1a-extended:mScarlet3S2:sec61b,,,korra,20250529_skittlez,2025-08-14,fish13_roi1,,,,casper/rnf,casper/rnf,/clusterfs/vast/abcabc/Korra_Foundation/20250529_skittlez/fish13_roi1,fish13_roi1,fish13_roi1,96,MGCO-36,,,,,,mScarlet3S2::sec61b(N),ER,mScarlet3S2(ER),mScarlet3S2::sec61b(N)(ER),ER,mScarlet3S2(ER)
,,,,,,,,,,,,casper/rnf,casper/rnf,,ef1a-extended:2xCox8A:mScarlet3S2,,,korra,20250529_skittlez,2025-08-14,fish14_roi1,,,,casper/rnf,casper/rnf,/clusterfs/vast/abcabc/Korra_Foundation/20250529_skittlez/fish14_roi1,fish14_roi1,fish14_roi1,96,MGCO-35,,,,,,mScarlet3S2::2Xcox8A(N),mitochondria,mScarlet3S2(mitochondria),mScarlet3S2::2Xcox8A(N)(mitochondria),mitochondria,mScarlet3S2(mitochondria)
,,,,,,,,,,,,ef1a:2xLynk:tdm:mHalo,ef1a:2xLynk:tdm:mHalo,TGN:mSG,,JF635,,korra,20250529_skittlez,2025-08-14,fish14_roi2,Swinburne:Swinburne,Swinburne,,ef1a:2xLynk:tdm:mHalo,ef1a:2xLynk:tdm:mHalo,/clusterfs/vast/abcabc/Korra_Foundation/20250529_skittlez/fish14_roi2,fish14_roi2,fish14_roi2,96,,MGCO-10,,,,,mStayGold,,mStayGold,mStayGold,,mStayGold
,,,,,,,,,,,,ef1a:2xLynk:tdm:mHalo,ef1a:2xLynk:tdm:mHalo,LAMP1:mSG,,JF635,,korra,20250529_skittlez,2025-08-14,fish14_roi3,Swinburne:Swinburne,Swinburne,,ef1a:2xLynk:tdm:mHalo,ef1a:2xLynk:tdm:mHalo,/clusterfs/vast/abcabc/Korra_Foundation/20250529_skittlez/fish14_roi3,fish14_roi3,fish14_roi3,96,,MGCO-15,,,,,mStayGold::LAMP1(N),lysosome,mStayGold(lysosome),mStayGold::LAMP1(N)(lysosome),lysosome,mStayGold(lysosome)
,,,,,,,,,,,,ef1a:2xLynk:tdm:mHalo,ef1a:2xLynk:tdm:mHalo,mSG:alpha-tub,,JF635,,korra,20250529_skittlez,2025-08-14,fish15_roi1,Swinburne:Swinburne,Swinburne,,ef1a:2xLynk:tdm:mHalo,ef1a:2xLynk:tdm:mHalo,/clusterfs/vast/abcabc/Korra_Foundation/20250529_skittlez/fish15_roi1,fish15_roi1,fish15_roi1,144,,MGCO-19,,,,,mStayGold,,mStayGold,mStayGold,,mStayGold
,2025-08-11,,,,,,,,,"casper/pIGLET 14a,1 tank started,488,csp,male #1,560","casper/pIGLET 14a,1 tank started,488,csp,male #1,560",tandem mem:mStayGold,tdmScarlet3S2:H2B-tol2 (F1 of allele 324),,,,,korra,20250529_skittlez,2025-08-13,fish1_roi1,pDQM005:301,pDQM005,,tandem mem:mStayGold,tdmScarlet3S2:H2B-tol2 (F1 of allele 324),/clusterfs/vast/abcabc/Korra_Foundation/20250529_skittlez/fish1_roi1,fish1_roi1,fish1_roi1,96,,,tdmSG::2xLynk(N),membrane,tdmSG(membrane),tdmSG::2xLynk(N)(membrane),,,,,membrane,tdmSG(membrane)
9,,,,,,,,,,"casper/pIGLET 14a,1 tank started,488,Mitochondria","casper/pIGLET 14a,1 tank started,488,Mitochondria",tandem mem:mStayGold,tandem mem:mStayGold,2xCox8A:mScarlet3S2,,,,korra,20250529_skittlez,2025-08-12,fish1_roi2,pDQM005:301,pDQM005,,tandem mem:mStayGold,tandem mem:mStayGold,/clusterfs/vast/abcabc/Korra_Foundation/20250529_skittlez/fish1_roi2,fish1_roi2,fish1_roi2,96,,MGCO-35,tdmSG::2xLynk(N),membrane,tdmSG(membrane),tdmSG::2xLynk(N)(membrane),mScarlet3S2::2Xcox8A(N),mitochondria,mScarlet3S2(mitochondria),mScarlet3S2::2Xcox8A(N)(mitochondria),"membrane,mitochondria","tdmSG(membrane),mScarlet3S2(mitochondria)"
,,,,,,,,,,,,tandem mem:mStayGold,tandem mem:mStayGold,mScarlet3S2:sec61b,,,,korra,20250529_skittlez,2025-08-12,fish1_roi3,pDQM005:301,pDQM005,,tandem mem:mStayGold,tandem mem:mStayGold,/clusterfs/vast/abcabc/Korra_Foundation/20250529_skittlez/fish1_roi3,fish1_roi3,fish1_roi3,48,,MGCO-36,tdmSG::2xLynk(N),membrane,tdmSG(membrane),tdmSG::2xLynk(N)(membrane),mScarlet3S2::sec61b(N),ER,mScarlet3S2(ER),mScarlet3S2::sec61b(N)(ER),"ER,membrane","tdmSG(membrane),mScarlet3S2(ER)"
,,,,,,,,,,"casper/pIGLET 14a,1 tank started,488","casper/pIGLET 14a,1 tank started,488",tandem mem:mStayGold,tandem mem:mStayGold,,ef1a:E2Crimson (iCodon),,,korra,20250529_skittlez,2025-08-11,fish2_roi1,pDQM005:301,pDQM005,,tandem mem:mStayGold,tandem mem:mStayGold,/clusterfs/vast/abcabc/Korra_Foundation/20250529_skittlez/fish2_roi1,fish2_roi1,fish2_roi1,90,pDQM144,,tdmSG::2xLynk(N),membrane,tdmSG(membrane),tdmSG::2xLynk(N)(membrane),E2Crimson,,E2Crimson,E2Crimson,membrane,"tdmSG(membrane),E2Crimson"
,,,,,,,,,,,,tandem mem:mStayGold,tandem mem:mStayGold,,ef1a:mCardinal (iCodon),,,korra,20250529_skittlez,2025-08-11,fish2_roi2,pDQM005:301,pDQM005,,tandem mem:mStayGold,tandem mem:mStayGold,/clusterfs/vast/abcabc/Korra_Foundation/20250529_skittlez/fish2_roi2,fish2_roi2,fish2_roi2,90,pDQM145,,tdmSG::2xLynk(N),membrane,tdmSG(membrane),tdmSG::2xLynk(N)(membrane),mCardinal,,mCardinal,mCardinal,membrane,"tdmSG(membrane),mCardinal"
X:\abcabc\Aang_Foundation\20250808_mem_organelle,2025-08-07,2025-08-08,,,"skin, muscle, spinal_cord, hindbrain",DT,,,,Mitochondria,Mitochondria,membrane mChilada,membrane mChilada,2xCox8A:mSG,,,,korra,20250529_skittlez,2025-08-08,fish4_roi1,pDQM082:315,pDQM082,,membrane mChilada,membrane mChilada,/clusterfs/vast/abcabc/Korra_Foundation/20250529_skittlez/fish4_roi1,fish4_roi1,fish4_roi1,90,,MGCO-01,tdmChilada::2xLynk(N),membrane,tdmChilada(membrane),tdmChilada::2xLynk(N)(membrane),mStayGold::2Xcox8A(N),mitochondria,mStayGold(mitochondria),mStayGold::2Xcox8A(N)(mitochondria),"membrane,mitochondria","tdmChilada(membrane),mStayGold(mitochondria)"
X:\abcabc\Aang_Foundation\20250808_mem_organelle,2025-08-07,2025-08-08,,,"skin, muscle, spinal_cord, hindbrain",DT,,,,Lysosomes,Lysosomes,membrane mChilada,membrane mChilada,LAMP1:mSG,,,,korra,20250529_skittlez,2025-08-08,fish5_roi1,pDQM082:315,pDQM082,,membrane mChilada,membrane mChilada,/clusterfs/vast/abcabc/Korra_Foundation/20250529_skittlez/fish5_roi1,fish5_roi1,fish5_roi1,120,,MGCO-15,tdmChilada::2xLynk(N),membrane,tdmChilada(membrane),tdmChilada::2xLynk(N)(membrane),mStayGold::LAMP1(N),lysosome,mStayGold(lysosome),mStayGold::LAMP1(N)(lysosome),"lysosome,membrane","tdmChilada(membrane),mStayGold(lysosome)"
,,,,,,,,,,,,heatshock PhiC,heatshock PhiC,,ef1a-extended:TNG46:mStayGold,,,korra,20250529_skittlez,2025-08-07,fish5_roi2,,pDQM112,,heatshock PhiC,heatshock PhiC,/clusterfs/vast/abcabc/Korra_Foundation/20250529_skittlez/fish5_roi2,fish5_roi2,fish5_roi2,120,MGCO-30,,mScarlet,,mScarlet,mScarlet,mStayGold,Golgi,mStayGold,mStayGold,Golgi,"mScarlet,mStayGold"
,,,,,,,,,,,,heatshock PhiC,heatshock PhiC,,ef1a-extended:mScarlet3S2:sec61b,,,korra,20250529_skittlez,2025-08-07,fish6_roi1,,pDQM112,,heatshock PhiC,heatshock PhiC,/clusterfs/vast/abcabc/Korra_Foundation/20250529_skittlez/fish6_roi1,fish6_roi1,fish6_roi1,120,MGCO-36,,mScarlet,,mScarlet,mScarlet,mScarlet3S2::sec61b(N),ER,mScarlet3S2(ER),mScarlet3S2::sec61b(N)(ER),ER,"mScarlet,mScarlet3S2(ER)"
X:\abcabc\Aang_Foundation\20250805_lifeact_mem-halo,2025-08-04,2025-08-06,,,"skin, muscle, spinal_cord",,,,,Actin,Actin,membrane Halo,membrane Halo,Lifeact:mSG,,,,korra,20250529_skittlez,2025-08-06,fish7_roi1,Swinburne:Swinburne,Swinburne,,membrane Halo,membrane Halo,/clusterfs/vast/abcabc/Korra_Foundation/20250529_skittlez/fish7_roi1,fish7_roi1,fish7_roi1,72,,MGCO-23,,,,,mStayGold::lifeact(N),actin,mStayGold(actin),mStayGold::lifeact(N)(actin),"actin,membrane",mStayGold(actin)
X:\abcabc\Korra_Foundation\20250805_mem-histone,2025-08-04,2025-08-05,,,"skin, muscle, spinal_cord, hindbrain",DT,,,,,,,ef1a:2xLynk:tdmSG(J) (F2 of allele 301),,,,,korra,20250529_skittlez,2025-08-05,fish8_roi1,pDQM005:301,pDQM005,,,ef1a:2xLynk:tdmSG(J) (F2 of allele 301),/clusterfs/vast/abcabc/Korra_Foundation/20250529_skittlez/fish8_roi1,fish8_roi1,fish8_roi1,96,,,tdmSG::2xLynk(N),membrane,tdmSG(membrane),tdmSG::2xLynk(N)(membrane),,,,,"histone,membrane",tdmSG(membrane)
X:\abcabc\Aang_Foundation\20250805_mito_mem-halo,2025-08-04,2025-08-05,,,"skin, muscle, spinal_cord",,,,,Mitochondria,Mitochondria,membrane Halo,membrane Halo,2xCox8A:mSG,,,,korra,20250529_skittlez,2025-08-05,fish9_roi1,Swinburne:Swinburne,Swinburne,,membrane Halo,membrane Halo,/clusterfs/vast/abcabc/Korra_Foundation/20250529_skittlez/fish9_roi1,fish9_roi1,fish9_roi1,96,,MGCO-01,,,,,mStayGold::2Xcox8A(N),mitochondria,mStayGold(mitochondria),mStayGold::2Xcox8A(N)(mitochondria),"membrane,mitochondria",mStayGold(mitochondria)
X:\abcabc\Korra_Foundation\20250801_mem-PCNA\fish3_72hpf_roi1,2025-08-01,2025-08-04,,,"skin, muscle, spinal_cord, notochord, neuromast",LHDT,,,,nuclei,nuclei,ef1a:2xLynk:tdmSG(J) (F2 of allele 301),ef1a:2xLynk:tdmSG(J) (F2 of allele 301),tdmChilada:PCNA,,,,korra,20250529_skittlez,2025-08-04,fish9_roi2,pDQM005:301,pDQM005,,ef1a:2xLynk:tdmSG(J) (F2 of allele 301),ef1a:2xLynk:tdmSG(J) (F2 of allele 301),/clusterfs/vast/abcabc/Korra_Foundation/20250529_skittlez/fish9_roi2,fish9_roi2,fish9_roi2,96,,pDQM037,tdmSG::2xLynk(N),membrane,tdmSG(membrane),tdmSG::2xLynk(N)(membrane),"tdmChilada::pcna(C),tdmSG::dhb(N)",nucleus,"tdmChilada(nucleus),tdmSG","tdmChilada::pcna(C)(nucleus),tdmSG::dhb(N)","membrane,nucleus","tdmSG(membrane),tdmChilada(nucleus),tdmSG"
X:\abcabc\Korra_Foundation\20250801_mem-PCNA,2025-07-31,2025-08-01,,,"skin, muscle, spinal_cord, hindbrain",DT,,,,nuclei,nuclei,ef1a:2xLynk:tdmSG(J) (F2 of allele 301),ef1a:2xLynk:tdmSG(J) (F2 of allele 301),tdmChilada:PCNA,,,,korra,20250530_mem-histone,2025-08-01,fish1_roi1,pDQM005:301,pDQM005,,ef1a:2xLynk:tdmSG(J) (F2 of allele 301),ef1a:2xLynk:tdmSG(J) (F2 of allele 301),/clusterfs/vast/abcabc/Korra_Foundation/20250530_mem-histone/fish1_roi1,fish1_roi1,fish1_roi1,2636,,pDQM037,tdmSG::2xLynk(N),membrane,tdmSG(membrane),tdmSG::2xLynk(N)(membrane),"tdmChilada::pcna(C),tdmSG::dhb(N)",nucleus,"tdmChilada(nucleus),tdmSG","tdmChilada::pcna(C)(nucleus),tdmSG::dhb(N)","histone,membrane,nucleus","tdmSG(membrane),tdmChilada(nucleus),tdmSG"
X:\abcabc\Korra_Foundation\20250728_mem-histone,2025-07-26,2025-07-28,,,"skin, muscle, spinal_cord, notochord, neuromast, hindbrain",,,,,nuclei,nuclei,ef1a:2xLynk:tdmSG(J) (F2 of allele 301),ef1a:2xLynk:tdmSG(J) (F2 of allele 301),tdmChilada:PCNA,,,,korra,20250530_mem-histone,2025-07-28,fish1_roi1-2,pDQM005:301,pDQM005,,ef1a:2xLynk:tdmSG(J) (F2 of allele 301),ef1a:2xLynk:tdmSG(J) (F2 of allele 301),/clusterfs/vast/abcabc/Korra_Foundation/20250530_mem-histone/fish1_roi1-2,fish1_roi1-2,fish1_roi1-2,12200,,pDQM037,tdmSG::2xLynk(N),membrane,tdmSG(membrane),tdmSG::2xLynk(N)(membrane),"tdmChilada::pcna(C),tdmSG::dhb(N)",nucleus,"tdmChilada(nucleus),tdmSG","tdmChilada::pcna(C)(nucleus),tdmSG::dhb(N)","histone,membrane,nucleus","tdmSG(membrane),tdmChilada(nucleus),tdmSG"
"X:\abcabc\Korra_Foundation\20250724_mem-mchilada_er-mSG, X:\abcabc\Aang_Foundation\20250723_er-mSG_mem-mChilada",2025-07-23,2025-07-24,,,"skin, muscle, spinal_cord, neuromast, hindbrain",,,,,ER,ER,membrane mChilada,membrane mChilada,mSG:sec61b,,,,korra,20250530_mem-histone,2025-07-24,fish2_roi1,pDQM082:315,pDQM082,,membrane mChilada,membrane mChilada,/clusterfs/vast/abcabc/Korra_Foundation/20250530_mem-histone/fish2_roi1,fish2_roi1,fish2_roi1,4350,,MGCO-04,tdmChilada::2xLynk(N),membrane,tdmChilada(membrane),tdmChilada::2xLynk(N)(membrane),mStayGold::sec61b(N),ER,mStayGold(ER),mStayGold::sec61b(N)(ER),"ER,histone,membrane","tdmChilada(membrane),mStayGold(ER)"
X:\abcabc\Korra_Foundation\20250723_mem-halo_ER-mSG\fish3_48hpf,2025-07-21,2025-07-23,,,"skin, muscle, spinal_cord",,,,,ER,ER,membrane Halo,membrane Halo,mSG:sec61b,,JF 635,,korra,20250602_mem,2025-07-23,fish2_roi1,Swinburne:Swinburne,Swinburne,,membrane Halo,membrane Halo,/clusterfs/vast/abcabc/Korra_Foundation/20250602_mem/fish2_roi1,fish2_roi1,fish2_roi1,15812,,MGCO-04,,,,,mStayGold::sec61b(N),ER,mStayGold(ER),mStayGold::sec61b(N)(ER),"ER,membrane",mStayGold(ER)
X:\abcabc\Aang_Foundation\20250722_mem-halo_er-mSG,2025-07-21,2025-07-22,,,"skin, muscle, spinal_cord",,,,,,,membrane Halo,membrane Halo,mSG:sec61b,,JF 635,,korra,20250603_skittlez,2025-07-22,fish10_roi1,Swinburne:Swinburne,Swinburne,,membrane Halo,membrane Halo,/clusterfs/vast/abcabc/Korra_Foundation/20250603_skittlez/fish10_roi1,fish10_roi1,fish10_roi1,144,,MGCO-04,,,,,mStayGold::sec61b(N),ER,mStayGold(ER),mStayGold::sec61b(N)(ER),"ER,membrane",mStayGold(ER)
X:\abcabc\Aang_Foundation\20250722_mrna_mito-mSG_mem-mChilada,2025-07-21,2025-07-22,,,"skin, muscle, spinal_cord",,,,,,,membrane mChilada,membrane mChilada,2xCox8A:mSG,,,,korra,20250603_skittlez,2025-07-22,fish11_roi1,pDQM082:315,pDQM082,,membrane mChilada,membrane mChilada,/clusterfs/vast/abcabc/Korra_Foundation/20250603_skittlez/fish11_roi1,fish11_roi1,fish11_roi1,96,,MGCO-01,tdmChilada::2xLynk(N),membrane,tdmChilada(membrane),tdmChilada::2xLynk(N)(membrane),mStayGold::2Xcox8A(N),mitochondria,mStayGold(mitochondria),mStayGold::2Xcox8A(N)(mitochondria),"membrane,mitochondria","tdmChilada(membrane),mStayGold(mitochondria)"
X:\abcabc\Korra_Foundation\20250715_mem_organelle,2025-07-14,2025-07-17,,,"skin, muscle, spinal_cord, notochord, neuromast",,,,,Mitochondria,Mitochondria,ef1a:2xLynk:tdmSG(J) (F2 of allele 301),ef1a:2xLynk:tdmSG(J) (F2 of allele 301),ef1a-extended:Halo:sec61b,ef1a-extended:2xCox8A:mScarlet3S2,JF 635,,korra,20250603_skittlez,2025-07-17,fish12_roi1,pDQM005:301,pDQM005,,ef1a:2xLynk:tdmSG(J) (F2 of allele 301),ef1a:2xLynk:tdmSG(J) (F2 of allele 301),/clusterfs/vast/abcabc/Korra_Foundation/20250603_skittlez/fish12_roi1,fish12_roi1,fish12_roi1,192,MGCO-35,MGCO-40,tdmSG::2xLynk(N),membrane,tdmSG(membrane),tdmSG::2xLynk(N)(membrane),"Halo::sec61b(N),mScarlet3S2::2Xcox8A(N)","ER,mitochondria","Halo(ER),mScarlet3S2(mitochondria)","Halo::sec61b(N)(ER),mScarlet3S2::2Xcox8A(N)(mitochondria)","ER,membrane,mitochondria","tdmSG(membrane),Halo(ER),mScarlet3S2(mitochondria)"
X:\abcabc\Korra_Foundation\20250715_mem_organelle,2025-07-14,2025-07-16,,,"brain, skin, muscle, hindbrain, spinal_cord",,,,,Mitochondria,Mitochondria,ef1a:2xLynk:tdmSG(J) (F2 of allele 301),ef1a:2xLynk:tdmSG(J) (F2 of allele 301),ef1a-extended:Halo:sec61b,ef1a-extended:2xCox8A:mScarlet3S2,JF 635,,korra,20250603_skittlez,2025-07-16,fish13_roi1,pDQM005:301,pDQM005,,ef1a:2xLynk:tdmSG(J) (F2 of allele 301),ef1a:2xLynk:tdmSG(J) (F2 of allele 301),/clusterfs/vast/abcabc/Korra_Foundation/20250603_skittlez/fish13_roi1,fish13_roi1,fish13_roi1,96,MGCO-35,MGCO-40,tdmSG::2xLynk(N),membrane,tdmSG(membrane),tdmSG::2xLynk(N)(membrane),"Halo::sec61b(N),mScarlet3S2::2Xcox8A(N)","ER,mitochondria","Halo(ER),mScarlet3S2(mitochondria)","Halo::sec61b(N)(ER),mScarlet3S2::2Xcox8A(N)(mitochondria)","ER,membrane,mitochondria","tdmSG(membrane),Halo(ER),mScarlet3S2(mitochondria)"
X:\abcabc\Korra_Foundation\20250715_mem_organelle,2025-07-14,2025-07-15,,,"brain, skin, muscle, hindbrain, spinal_cord",,,,,Mitochondria,Mitochondria,ef1a:2xLynk:tdmSG(J) (F2 of allele 301),ef1a:2xLynk:tdmSG(J) (F2 of allele 301),ef1a-extended:Halo:sec61b,ef1a-extended:2xCox8A:mScarlet3S2,JF 635,,korra,20250603_skittlez,2025-07-15,fish14_roi1,pDQM005:301,pDQM005,,ef1a:2xLynk:tdmSG(J) (F2 of allele 301),ef1a:2xLynk:tdmSG(J) (F2 of allele 301),/clusterfs/vast/abcabc/Korra_Foundation/20250603_skittlez/fish14_roi1,fish14_roi1,fish14_roi1,240,MGCO-35,MGCO-40,tdmSG::2xLynk(N),membrane,tdmSG(membrane),tdmSG::2xLynk(N)(membrane),"Halo::sec61b(N),mScarlet3S2::2Xcox8A(N)","ER,mitochondria","Halo(ER),mScarlet3S2(mitochondria)","Halo::sec61b(N)(ER),mScarlet3S2::2Xcox8A(N)(mitochondria)","ER,membrane,mitochondria","tdmSG(membrane),Halo(ER),mScarlet3S2(mitochondria)"
X:\abcabc\Korra_Foundation\20250715_mem_organelle,2025-07-14,2025-07-15,,,"brain, skin, muscle, hindbrain, spinal_cord",,,,,Mitochondria,Mitochondria,ef1a:2xLynk:tdmSG(J) (F2 of allele 301),ef1a:2xLynk:tdmSG(J) (F2 of allele 301),ef1a-extended:mScarlet3S2:sec61b,ef1a-extended:2xCox8A:Halo,JF 635,,korra,20250603_skittlez,2025-07-15,fish15_roi1,pDQM005:301,pDQM005,,ef1a:2xLynk:tdmSG(J) (F2 of allele 301),ef1a:2xLynk:tdmSG(J) (F2 of allele 301),/clusterfs/vast/abcabc/Korra_Foundation/20250603_skittlez/fish15_roi1,fish15_roi1,fish15_roi1,168,MGCO-39,MGCO-36,tdmSG::2xLynk(N),membrane,tdmSG(membrane),tdmSG::2xLynk(N)(membrane),"Halo::2Xcox8A(N),mScarlet3S2::sec61b(N)","ER,mitochondria","Halo(mitochondria),mScarlet3S2(ER)","Halo::2Xcox8A(N)(mitochondria),mScarlet3S2::sec61b(N)(ER)","ER,membrane,mitochondria","tdmSG(membrane),Halo(mitochondria),mScarlet3S2(ER)"
X:\abcabc\Korra_Foundation\20250627_skittlez and 20250625_skittlez,2025-06-26,2025-06-27,,,"brain, skin, muscle, hindbrain, spinal_cord",,,,skittlez x 10,membrane,",membrane",Jim (F2 of allele 316),Ben (F2 of allele 310),"phiC-NLS, 2xLynk:mSG",,,,korra,20250603_skittlez,2025-06-27,fish16_roi1,pDQM059:316,pDQM059,,Jim (F2 of allele 316),Ben (F2 of allele 310),/clusterfs/vast/abcabc/Korra_Foundation/20250603_skittlez/fish16_roi1,fish16_roi1,fish16_roi1,120,,nan,gfp,,gfp,gfp,,,,,,gfp
X:\abcabc\Korra_Foundation\20250626_mem-histone\fish1_48hpf_brain,2025-06-24,2025-06-26,,,"brain, skin, muscle, hindbrain",VHUHE,,,,nuclei,nuclei,ef1a:2xLynk:tdmSG(J) (F2 of allele 301),ef1a:2xLynk:tdmSG(J) (F2 of allele 301),mScarlet3-S2:H2B,,,,korra,20250603_skittlez,2025-06-26,fish1_roi1_1,pDQM005:301,pDQM005,,ef1a:2xLynk:tdmSG(J) (F2 of allele 301),ef1a:2xLynk:tdmSG(J) (F2 of allele 301),/clusterfs/vast/abcabc/Korra_Foundation/20250603_skittlez/fish1_roi1_1,fish1_roi1_1,fish1_roi1_1,72,,pDQM117,tdmSG::2xLynk(N),membrane,tdmSG(membrane),tdmSG::2xLynk(N)(membrane),mScarlet3S2::H2B(N),histone,mScarlet3S2(histone),mScarlet3S2::H2B(N)(histone),"histone,membrane","tdmSG(membrane),mScarlet3S2(histone)"
X:\abcabc\Korra_Foundation\20250626_mem-histone\fish3_48hpf_hindbrain-to-tail,2025-06-24,2025-06-26,,,"hindbrain, spinal_cord, skin, muscle, tail, blood vessel",DT,,,,nuclei,nuclei,ef1a:2xLynk:tdmSG(J) (F2 of allele 301),ef1a:2xLynk:tdmSG(J) (F2 of allele 301),mScarlet3-S2:H2B,,,,korra,20250603_skittlez,2025-06-26,fish2_roi1,pDQM005:301,pDQM005,,ef1a:2xLynk:tdmSG(J) (F2 of allele 301),ef1a:2xLynk:tdmSG(J) (F2 of allele 301),/clusterfs/vast/abcabc/Korra_Foundation/20250603_skittlez/fish2_roi1,fish2_roi1,fish2_roi1,6,,pDQM117,tdmSG::2xLynk(N),membrane,tdmSG(membrane),tdmSG::2xLynk(N)(membrane),mScarlet3S2::H2B(N),histone,mScarlet3S2(histone),mScarlet3S2::H2B(N)(histone),"histone,membrane","tdmSG(membrane),mScarlet3S2(histone)"
X:\abcabc\Korra_Foundation\20250624_skittlez_Chris_x_Liam,2025-06-24,2025-06-25,,,"hindbrain, brain, spinal_cord, skin, muscle",,,,skittlez x 10,membrane,",membrane",Ben (F2 of allele 310),Abe (F2 of allele 309),"phiC-NLS, 2xLynk:mSG",,,"this cross is high in 514, which causes difficulty for mSG channel",korra,20250603_skittlez,2025-06-25,fish2_roi1_1,pDQM034:310,pDQM034,,Ben (F2 of allele 310),Abe (F2 of allele 309),/clusterfs/vast/abcabc/Korra_Foundation/20250603_skittlez/fish2_roi1_1,fish2_roi1_1,fish2_roi1_1,72,,nan,"Electra2,mCitrine,mKOK,mKate2,mTFP1",,"Electra2,mCitrine,mKOK,mKate2,mTFP1","Electra2,mCitrine,mKOK,mKate2,mTFP1",,,,,,"Electra2,mCitrine,mKOK,mKate2,mTFP1"
X:\abcabc\Korra_Foundation\20250624_skittlez_Issac_x_Ken,2025-06-23,2025-06-24,,,"hindbrain, brain, spinal_cord, skin",,,,skittlez x 4,membrane,",membrane",Ken (F2 of allele 320),Isaac (F2 of allele 314),"phiC-NLS, 2xLynk:mSG",,,,korra,20250603_skittlez,2025-06-24,fish3_roi1,pDQM059:320,pDQM059,,Ken (F2 of allele 320),Isaac (F2 of allele 314),/clusterfs/vast/abcabc/Korra_Foundation/20250603_skittlez/fish3_roi1,fish3_roi1,fish3_roi1,90,,nan,gfp,,gfp,gfp,,,,,,gfp
X:\abcabc\Korra_Foundation\20250624_skittlez_Chris_x_Liam,2025-06-23,2025-06-24,,,"hindbrain, brain, spinal_cord, skin, muscle, eye",,,,skittlez x 10,membrane,",membrane",Liam (F2 of allele 321),Chris (F1 of allele 317),"phiC-NLS, 2xLynk:mSG",,,,korra,20250603_skittlez,2025-06-24,fish4_roi1,pDQM059:321,pDQM059,,Liam (F2 of allele 321),Chris (F1 of allele 317),/clusterfs/vast/abcabc/Korra_Foundation/20250603_skittlez/fish4_roi1,fish4_roi1,fish4_roi1,126,,nan,gfp,,gfp,gfp,,,,,,gfp
X:\abcabc\Korra_Foundation\20250619_skittlez,2025-06-18,2025-06-19,,,"spinal_cord, skin, muscle, hindbrain, brain, tail, ear, eye",,,,skittlez x 5,membrane,",membrane",Dennis (F2 of allele 318),Abe (F2 of allele 309),"phiC-NLS, 2xLynk:mSG",,,,korra,20250603_skittlez,2025-06-19,fish6_roi1,pDQM036:318,pDQM036,,Dennis (F2 of allele 318),Abe (F2 of allele 309),/clusterfs/vast/abcabc/Korra_Foundation/20250603_skittlez/fish6_roi1,fish6_roi1,fish6_roi1,174,,nan,,,,,,,,,,
X:\abcabc\Korra_Foundation\20250618_skittlez,2025-06-17,2025-06-18,,,"spinal_cord, skin, muscle, hindbrain, brain, tail, ear, eye",,,,skittlez x 11 (23 ROI),membrane,",membrane",Ben (F2 of allele 310),Abe (F2 of allele 309),"phiC-NLS, 2xLynk:mSG",,,,korra,20250603_skittlez,2025-06-18,fish7_roi1,pDQM034:310,pDQM034,,Ben (F2 of allele 310),Abe (F2 of allele 309),/clusterfs/vast/abcabc/Korra_Foundation/20250603_skittlez/fish7_roi1,fish7_roi1,fish7_roi1,108,,nan,"Electra2,mCitrine,mKOK,mKate2,mTFP1",,"Electra2,mCitrine,mKOK,mKate2,mTFP1","Electra2,mCitrine,mKOK,mKate2,mTFP1",,,,,,"Electra2,mCitrine,mKOK,mKate2,mTFP1"
X:\abcabc\Korra_Foundation\20250616_mem-histone\fish_24hpf,2025-06-16,2025-06-17,,,"ear, muscle, skin, brain, hindbrain",VTUHD,,,,nuclei,nuclei,ef1a:2xLynk:tdmSG(J) (F2 of allele 301),ef1a:2xLynk:tdmSG(J) (F2 of allele 301),mScarlet3-S2:H2B,,,,korra,20250603_skittlez,2025-06-17,fish8_roi1,pDQM005:301,pDQM005,,ef1a:2xLynk:tdmSG(J) (F2 of allele 301),ef1a:2xLynk:tdmSG(J) (F2 of allele 301),/clusterfs/vast/abcabc/Korra_Foundation/20250603_skittlez/fish8_roi1,fish8_roi1,fish8_roi1,72,,pDQM117,tdmSG::2xLynk(N),membrane,tdmSG(membrane),tdmSG::2xLynk(N)(membrane),mScarlet3S2::H2B(N),histone,mScarlet3S2(histone),mScarlet3S2::H2B(N)(histone),"histone,membrane","tdmSG(membrane),mScarlet3S2(histone)"
X:\abcabc\Korra_Foundation\20250616_mem-histone\fish1,2025-06-14,2025-06-16,,,"ear, muscle, skin, blood vessel",DT,,,,nuclei,nuclei,ef1a:2xLynk:tdmSG(J) (F2 of allele 301),ef1a:2xLynk:tdmSG(J) (F2 of allele 301),mScarlet3-S2:H2B,,,,korra,20250603_skittlez,2025-06-16,fish9_roi1,pDQM005:301,pDQM005,,ef1a:2xLynk:tdmSG(J) (F2 of allele 301),ef1a:2xLynk:tdmSG(J) (F2 of allele 301),/clusterfs/vast/abcabc/Korra_Foundation/20250603_skittlez/fish9_roi1,fish9_roi1,fish9_roi1,138,,pDQM117,tdmSG::2xLynk(N),membrane,tdmSG(membrane),tdmSG::2xLynk(N)(membrane),mScarlet3S2::H2B(N),histone,mScarlet3S2(histone),mScarlet3S2::H2B(N)(histone),"histone,membrane","tdmSG(membrane),mScarlet3S2(histone)"
X:\abcabc\Korra_Foundation\20250613_skittlez,2025-06-12,2025-06-13,,,"spinal_cord, skin, muscle, hindbrain, brain, tail, ear, eye",,,,skittlez x 15,membrane,",membrane",Jim (F2 of allele 316),Dennis (F2 of allele 318),"phiC-NLS, 2xLynk:mSG",,,this cross is very good,korra,20250603_skittlez,2025-06-13,fish9_roi2,pDQM059:316,pDQM059,,Jim (F2 of allele 316),Dennis (F2 of allele 318),/clusterfs/vast/abcabc/Korra_Foundation/20250603_skittlez/fish9_roi2,fish9_roi2,fish9_roi2,48,,nan,gfp,,gfp,gfp,,,,,,gfp
X:\abcabc\Korra_Foundation\20250612_skittlez,2025-06-11,2025-06-12,,,"spinal_cord, skin, muscle, hindbrain, brain, tail, ear",,,,skittlez x 10,membrane,",membrane",Dennis (F2 of allele 318),Abe (F2 of allele 309),"phiC-NLS, 2xLynk:mSG",,,,korra,20250603_skittlez,2025-06-12,fish9_roi3,pDQM036:318,pDQM036,,Dennis (F2 of allele 318),Abe (F2 of allele 309),/clusterfs/vast/abcabc/Korra_Foundation/20250603_skittlez/fish9_roi3,fish9_roi3,fish9_roi3,48,,nan,,,,,,,,,,
X:\abcabc\Korra_Foundation\20250609_mem-histone\fish2_24hpf_roi1-2,2025-06-09,2025-06-10,,,"brain, eye, tail",VT,,,,nuclei,nuclei,ef1a:2xLynk:tdmSG(J) (F2 of allele 301),ef1a:2xLynk:tdmSG(J) (F2 of allele 301),mScarlet3-S2:H2B,,,,korra,20250605_skittlez,2025-06-10,fish10_roi1,pDQM005:301,pDQM005,,ef1a:2xLynk:tdmSG(J) (F2 of allele 301),ef1a:2xLynk:tdmSG(J) (F2 of allele 301),/clusterfs/vast/abcabc/Korra_Foundation/20250605_skittlez/fish10_roi1,fish10_roi1,fish10_roi1,72,,pDQM117,tdmSG::2xLynk(N),membrane,tdmSG(membrane),tdmSG::2xLynk(N)(membrane),mScarlet3S2::H2B(N),histone,mScarlet3S2(histone),mScarlet3S2::H2B(N)(histone),"histone,membrane","tdmSG(membrane),mScarlet3S2(histone)"
X:\abcabc\Korra_Foundation\20250609_mem-histone\fish3-6\,2025-06-09,2025-06-10,,,"spinal_cord, skin, muscle, hindbrain, brain, notochord",DT,,,,nuclei,nuclei,ef1a:2xLynk:tdmSG(J) (F2 of allele 301),ef1a:2xLynk:tdmSG(J) (F2 of allele 301),mScarlet3-S2:H2B,,,,korra,20250605_skittlez,2025-06-10,fish10_roi2,pDQM005:301,pDQM005,,ef1a:2xLynk:tdmSG(J) (F2 of allele 301),ef1a:2xLynk:tdmSG(J) (F2 of allele 301),/clusterfs/vast/abcabc/Korra_Foundation/20250605_skittlez/fish10_roi2,fish10_roi2,fish10_roi2,72,,pDQM117,tdmSG::2xLynk(N),membrane,tdmSG(membrane),tdmSG::2xLynk(N)(membrane),mScarlet3S2::H2B(N),histone,mScarlet3S2(histone),mScarlet3S2::H2B(N)(histone),"histone,membrane","tdmSG(membrane),mScarlet3S2(histone)"
X:\abcabc\Korra_Foundation\20250609_mem-histone\fish11_72hpf_roi1,2025-06-06,2025-06-09,,,"spinal_cord, skin, muscle, hindbrain, tail, neuromast, blood vessel",DH,,,,nuclei,nuclei,ef1a:2xLynk:tdmSG(J) (F2 of allele 301),ef1a:2xLynk:tdmSG(J) (F2 of allele 301),mScarlet3-S2:H2B,,,,korra,20250605_skittlez,2025-06-09,fish11_roi1,pDQM005:301,pDQM005,,ef1a:2xLynk:tdmSG(J) (F2 of allele 301),ef1a:2xLynk:tdmSG(J) (F2 of allele 301),/clusterfs/vast/abcabc/Korra_Foundation/20250605_skittlez/fish11_roi1,fish11_roi1,fish11_roi1,96,,pDQM117,tdmSG::2xLynk(N),membrane,tdmSG(membrane),tdmSG::2xLynk(N)(membrane),mScarlet3S2::H2B(N),histone,mScarlet3S2(histone),mScarlet3S2::H2B(N)(histone),"histone,membrane","tdmSG(membrane),mScarlet3S2(histone)"
X:\abcabc\Korra_Foundation\20250606_skittlez,2025-06-05,2025-06-06,,,"spinal_cord, skin, muscle, hindbrain, brain, eye, tail",,,,skittlez x 15,membrane,",membrane",Jim (F2 of allele 316),Ben (F2 of allele 310),"phiC-NLS, 2xLynk:mSG",,,,korra,20250605_skittlez,2025-06-06,fish11_roi2,pDQM059:316,pDQM059,,Jim (F2 of allele 316),Ben (F2 of allele 310),/clusterfs/vast/abcabc/Korra_Foundation/20250605_skittlez/fish11_roi2,fish11_roi2,fish11_roi2,120,,nan,gfp,,gfp,gfp,,,,,,gfp
X:\abcabc\Korra_Foundation\20250605_skittlez,2025-06-04,2025-06-05,,,"spinal_cord, skin, muscle, hindbrain, brain, eye, tail",,,,skittlez x 14,membrane,",membrane",Dennis (F2 of allele 318),Abe (F2 of allele 309),"phiC-NLS, 2xLynk:mSG",,,,korra,20250605_skittlez,2025-06-05,fish12_roi1,pDQM036:318,pDQM036,,Dennis (F2 of allele 318),Abe (F2 of allele 309),/clusterfs/vast/abcabc/Korra_Foundation/20250605_skittlez/fish12_roi1,fish12_roi1,fish12_roi1,96,,nan,,,,,,,,,,
X:\abcabc\Korra_Foundation\20250603_skittlez,2025-06-02,2025-06-03,,,"spinal_cord, skin, muscle, hindbrain, brain, tail",,,,skittlez x 17,membrane,",membrane",Liam (F2 of allele 321),Chris (F1 of allele 317),"phiC-NLS, 2xLynk:mSG",,,,korra,20250605_skittlez,2025-06-03,fish13_roi1,pDQM059:321,pDQM059,,Liam (F2 of allele 321),Chris (F1 of allele 317),/clusterfs/vast/abcabc/Korra_Foundation/20250605_skittlez/fish13_roi1,fish13_roi1,fish13_roi1,96,,nan,gfp,,gfp,gfp,,,,,,gfp
X:\abcabc\Korra_Foundation\20250602_mem,2025-05-30,2025-06-02,,,"spinal_cord, skin, muscle, neuromast, notochord, blood vessel",LHDT,,,,,,casper/rnf,ef1a:2xLynk:tdmSG(J) (F2 of allele 302),,,,,korra,20250605_skittlez,2025-06-02,fish13_roi2,pDQM005:302,pDQM005,,casper/rnf,ef1a:2xLynk:tdmSG(J) (F2 of allele 302),/clusterfs/vast/abcabc/Korra_Foundation/20250605_skittlez/fish13_roi2,fish13_roi2,fish13_roi2,96,,,tdmSG::2xLynk(N),membrane,tdmSG(membrane),tdmSG::2xLynk(N)(membrane),,,,,membrane,tdmSG(membrane)
X:\abcabc\Korra_Foundation\20250530_mem-histone\,2025-05-28,2025-05-30,,8:45 AM (day+2),"spinal_cord, skin, muscle, hindbrain, tail, neuromast",DT,11:45:00,,11:00:00,nuclei,nuclei,ef1a:2xLynk:tdmSG(J) (F2 of allele 302),ef1a:2xLynk:tdmSG(J) (F2 of allele 302),mScarlet3-S2:H2B,,,,korra,20250605_skittlez,2025-05-30,fish14_roi1,pDQM005:302,pDQM005,,ef1a:2xLynk:tdmSG(J) (F2 of allele 302),ef1a:2xLynk:tdmSG(J) (F2 of allele 302),/clusterfs/vast/abcabc/Korra_Foundation/20250605_skittlez/fish14_roi1,fish14_roi1,fish14_roi1,96,,pDQM117,tdmSG::2xLynk(N),membrane,tdmSG(membrane),tdmSG::2xLynk(N)(membrane),mScarlet3S2::H2B(N),histone,mScarlet3S2(histone),mScarlet3S2::H2B(N)(histone),"histone,membrane","tdmSG(membrane),mScarlet3S2(histone)"
X:\abcabc\Korra_Foundation\20250528_mem-histone\fish1,2025-05-27,2025-05-29,,12:40:00,"spinal_cord, skin, muscle, hindbrain",DT,07:15:00,,17:00:00,nuclei,nuclei,ef1a:2xLynk:tdmSG(J) (F2 of allele 302),ef1a:2xLynk:tdmSG(J) (F2 of allele 302),mScarlet3-S2:H2B,,,,korra,20250605_skittlez,2025-05-29,fish1_roi1,pDQM005:302,pDQM005,,ef1a:2xLynk:tdmSG(J) (F2 of allele 302),ef1a:2xLynk:tdmSG(J) (F2 of allele 302),/clusterfs/vast/abcabc/Korra_Foundation/20250605_skittlez/fish1_roi1,fish1_roi1,fish1_roi1,90,,pDQM117,tdmSG::2xLynk(N),membrane,tdmSG(membrane),tdmSG::2xLynk(N)(membrane),mScarlet3S2::H2B(N),histone,mScarlet3S2(histone),mScarlet3S2::H2B(N)(histone),"histone,membrane","tdmSG(membrane),mScarlet3S2(histone)"
X:\abcabc\Korra_Foundation\20250529_skittlez,2025-05-28,2025-05-29,2025-05-29 00:00:00,,"spinal_cord, skin, muscle, hindbrain, notochord, brain, tail, eye",,,,skittlez x 15,,,Jim (F2 of allele 316),Ben (F2 of allele 310),"phiC-NLS, 2xLynk:mSG, mChilada:H2B",,,,korra,20250605_skittlez,2025-05-29,fish2_roi1,pDQM059:316,pDQM059,,Jim (F2 of allele 316),Ben (F2 of allele 310),/clusterfs/vast/abcabc/Korra_Foundation/20250605_skittlez/fish2_roi1,fish2_roi1,fish2_roi1,72,,nan,gfp,,gfp,gfp,,,,,,gfp
X:\abcabc\Korra_Foundation\20250528_skittlez\fish1,2025-05-27,2025-05-28,2025-05-28 00:00:00,,skittles test,DT,,,,,,,,,,,,korra,20250605_skittlez,2025-05-28,fish2_roi12,,,,,,/clusterfs/vast/abcabc/Korra_Foundation/20250605_skittlez/fish2_roi12,fish2_roi12,fish2_roi12,72,,,,,,,,,,,,
X:\abcabc\Korra_Foundation\20250528_mem-histone\fish2,2025-05-27,2025-05-28,,20:45:00,"skin, brain",VHUHE,17:30:00,,17:00:00,nuclei,nuclei,ef1a:2xLynk:tdmSG(J) (F2 of allele 302),ef1a:2xLynk:tdmSG(J) (F2 of allele 302),mScarlet3-S2:H2B,,,,korra,20250605_skittlez,2025-05-28,fish3_roi12,pDQM005:302,pDQM005,,ef1a:2xLynk:tdmSG(J) (F2 of allele 302),ef1a:2xLynk:tdmSG(J) (F2 of allele 302),/clusterfs/vast/abcabc/Korra_Foundation/20250605_skittlez/fish3_roi12,fish3_roi12,fish3_roi12,72,,pDQM117,tdmSG::2xLynk(N),membrane,tdmSG(membrane),tdmSG::2xLynk(N)(membrane),mScarlet3S2::H2B(N),histone,mScarlet3S2(histone),mScarlet3S2::H2B(N)(histone),"histone,membrane","tdmSG(membrane),mScarlet3S2(histone)"
X:\abcabc\Korra_Foundation\20250528_mem-histone\fish3,2025-05-27,2025-05-28,,,"spinal_cord, skin, muscle, hindbrain",DT,20:55:00,,17:00:00,nuclei,nuclei,ef1a:2xLynk:tdmSG(J) (F2 of allele 302),ef1a:2xLynk:tdmSG(J) (F2 of allele 302),mScarlet3-S2:H2B,,,,korra,20250605_skittlez,2025-05-28,fish3_roi2,pDQM005:302,pDQM005,,ef1a:2xLynk:tdmSG(J) (F2 of allele 302),ef1a:2xLynk:tdmSG(J) (F2 of allele 302),/clusterfs/vast/abcabc/Korra_Foundation/20250605_skittlez/fish3_roi2,fish3_roi2,fish3_roi2,72,,pDQM117,tdmSG::2xLynk(N),membrane,tdmSG(membrane),tdmSG::2xLynk(N)(membrane),mScarlet3S2::H2B(N),histone,mScarlet3S2(histone),mScarlet3S2::H2B(N)(histone),"histone,membrane","tdmSG(membrane),mScarlet3S2(histone)"
X:\abcabc\Korra_Foundation\20250523_mem_histone\fish5,,2025-05-23,,over the weekend,"skin, hindbrain, ear, brain, notochord",VHUHE,,,,nuclei,nuclei,ef1a:2xLynk:tdmSG(J) (F2 of allele 302),ef1a:2xLynk:tdmSG(J) (F2 of allele 302),mScarlet3-S2:H2B,,,,korra,20250605_skittlez,2025-05-23,fish4_roi1,pDQM005:302,pDQM005,,ef1a:2xLynk:tdmSG(J) (F2 of allele 302),ef1a:2xLynk:tdmSG(J) (F2 of allele 302),/clusterfs/vast/abcabc/Korra_Foundation/20250605_skittlez/fish4_roi1,fish4_roi1,fish4_roi1,72,,pDQM117,tdmSG::2xLynk(N),membrane,tdmSG(membrane),tdmSG::2xLynk(N)(membrane),mScarlet3S2::H2B(N),histone,mScarlet3S2(histone),mScarlet3S2::H2B(N)(histone),"histone,membrane","tdmSG(membrane),mScarlet3S2(histone)"
X:\abcabc\Korra_Foundation\20250523_mem_histone\fish1-4,2025-05-22,2025-05-23,2025-05-23 00:00:00,over the weekend,"spinal_cord, skin, muscle, hindbrain, notochord, brain, tail",DT,,,fish x 4,nuclei,nuclei,ef1a:2xLynk:tdmSG(J) (F2 of allele 302),ef1a:2xLynk:tdmSG(J) (F2 of allele 302),mScarlet3-S2:H2B,,,,korra,20250605_skittlez,2025-05-23,fish5_roi1,pDQM005:302,pDQM005,,ef1a:2xLynk:tdmSG(J) (F2 of allele 302),ef1a:2xLynk:tdmSG(J) (F2 of allele 302),/clusterfs/vast/abcabc/Korra_Foundation/20250605_skittlez/fish5_roi1,fish5_roi1,fish5_roi1,54,,pDQM117,tdmSG::2xLynk(N),membrane,tdmSG(membrane),tdmSG::2xLynk(N)(membrane),mScarlet3S2::H2B(N),histone,mScarlet3S2(histone),mScarlet3S2::H2B(N)(histone),"histone,membrane","tdmSG(membrane),mScarlet3S2(histone)"
X:\abcabc\Korra_Foundation\20250522_skittlez,2025-05-21,2025-05-22,2025-05-22 00:00:00,,"spinal_cord, skin, muscle, tail, hindbrain, ear, brain, notochord",,,,skittlez x 9,,,,,,,,,korra,20250605_skittlez,2025-05-22,fish5_roi2,,,,,,/clusterfs/vast/abcabc/Korra_Foundation/20250605_skittlez/fish5_roi2,fish5_roi2,fish5_roi2,54,,,,,,,,,,,,
X:\abcabc\Korra_Foundation\20250520_mem_histone\fish2,,2025-05-21,,,"skin, muscle, spinal_cord, notochord",DT,,,,nuclei,nuclei,ef1a:2xLynk:tdmSG(J) (F2 of allele 301),ef1a:2xLynk:tdmSG(J) (F2 of allele 301),mScarlet3-S2:H2B,,,,korra,20250605_skittlez,2025-05-21,fish6_roi1,pDQM005:301,pDQM005,,ef1a:2xLynk:tdmSG(J) (F2 of allele 301),ef1a:2xLynk:tdmSG(J) (F2 of allele 301),/clusterfs/vast/abcabc/Korra_Foundation/20250605_skittlez/fish6_roi1,fish6_roi1,fish6_roi1,72,,pDQM117,tdmSG::2xLynk(N),membrane,tdmSG(membrane),tdmSG::2xLynk(N)(membrane),mScarlet3S2::H2B(N),histone,mScarlet3S2(histone),mScarlet3S2::H2B(N)(histone),"histone,membrane","tdmSG(membrane),mScarlet3S2(histone)"
X:\abcabc\Korra_Foundation\20250521_skittles_no-membrane,2025-05-20,2025-05-21,2025-05-21 00:00:00,,skittles test,,,,,,,Dennis (F2 of allele 318),Abe (F2 of allele 309),phiC-NLS,,,,korra,20250605_skittlez,2025-05-21,fish7_roi1,pDQM036:318,pDQM036,,Dennis (F2 of allele 318),Abe (F2 of allele 309),/clusterfs/vast/abcabc/Korra_Foundation/20250605_skittlez/fish7_roi1,fish7_roi1,fish7_roi1,72,,nan,,,,,,,,,,
X:\abcabc\Korra_Foundation\20250520_mem_histone\fish4,,2025-05-20,,,"skin, muscle, tail",LHUT,,,,nuclei,nuclei,ef1a:2xLynk:tdmSG(J) (F2 of allele 301),ef1a:2xLynk:tdmSG(J) (F2 of allele 301),mScarlet3-S2:H2B,,,,korra,20250605_skittlez,2025-05-20,fish8_roi1,pDQM005:301,pDQM005,,ef1a:2xLynk:tdmSG(J) (F2 of allele 301),ef1a:2xLynk:tdmSG(J) (F2 of allele 301),/clusterfs/vast/abcabc/Korra_Foundation/20250605_skittlez/fish8_roi1,fish8_roi1,fish8_roi1,54,,pDQM117,tdmSG::2xLynk(N),membrane,tdmSG(membrane),tdmSG::2xLynk(N)(membrane),mScarlet3S2::H2B(N),histone,mScarlet3S2(histone),mScarlet3S2::H2B(N)(histone),"histone,membrane","tdmSG(membrane),mScarlet3S2(histone)"
X:\abcabc\Korra_Foundation\20250520_mem_histone\fish5,,2025-05-20,,,"skin, muscle, tail",LHUT,,,,nuclei,nuclei,ef1a:2xLynk:tdmSG(J) (F2 of allele 301),ef1a:2xLynk:tdmSG(J) (F2 of allele 301),mScarlet3-S2:H2B,,,,korra,20250605_skittlez,2025-05-20,fish9_roi1,pDQM005:301,pDQM005,,ef1a:2xLynk:tdmSG(J) (F2 of allele 301),ef1a:2xLynk:tdmSG(J) (F2 of allele 301),/clusterfs/vast/abcabc/Korra_Foundation/20250605_skittlez/fish9_roi1,fish9_roi1,fish9_roi1,72,,pDQM117,tdmSG::2xLynk(N),membrane,tdmSG(membrane),tdmSG::2xLynk(N)(membrane),mScarlet3S2::H2B(N),histone,mScarlet3S2(histone),mScarlet3S2::H2B(N)(histone),"histone,membrane","tdmSG(membrane),mScarlet3S2(histone)"
X:\abcabc\Korra_Foundation\20250520_mem_histone\fish2,,2025-05-20,,,"skin, muscle, tail, hindbrain, spinal_cord",DT,,,,nuclei,nuclei,ef1a:2xLynk:tdmSG(J) (F2 of allele 301),ef1a:2xLynk:tdmSG(J) (F2 of allele 301),mScarlet3-S2:H2B,,,,korra,20250605_skittlez,2025-05-20,fish9_roi2,pDQM005:301,pDQM005,,ef1a:2xLynk:tdmSG(J) (F2 of allele 301),ef1a:2xLynk:tdmSG(J) (F2 of allele 301),/clusterfs/vast/abcabc/Korra_Foundation/20250605_skittlez/fish9_roi2,fish9_roi2,fish9_roi2,72,,pDQM117,tdmSG::2xLynk(N),membrane,tdmSG(membrane),tdmSG::2xLynk(N)(membrane),mScarlet3S2::H2B(N),histone,mScarlet3S2(histone),mScarlet3S2::H2B(N)(histone),"histone,membrane","tdmSG(membrane),mScarlet3S2(histone)"
X:\abcabc\Korra_Foundation\20250513_skittles (fish12-16),2025-05-14,2025-05-15,2025-05-15 00:00:00,,"spinal_cord, skin, muscle, tail, hindbrain, ear",,11:00:00,,,,,,,phiC-NLS,,,,korra,20250606_skittlez,2025-05-15,fish10_roi1,,,,,,/clusterfs/vast/abcabc/Korra_Foundation/20250606_skittlez/fish10_roi1,fish10_roi1,fish10_roi1,72,,nan,,,,,,,,,,
"X:\abcabc\Korra_Foundation\20250513_skittles (fish4,5)",2025-05-13,2025-05-14,2025-05-14 00:00:00,2:30:00 AM (day+1),"spinal_cord, skin, muscle, tail",,11:00:00,,,,,,,phiC-NLS,,,,korra,20250606_skittlez,2025-05-14,fish11_roi1,,,,,,/clusterfs/vast/abcabc/Korra_Foundation/20250606_skittlez/fish11_roi1,fish11_roi1,fish11_roi1,72,,nan,,,,,,,,,,
X:\abcabc\Korra_Foundation\20250513_skittles(fish1-3),2025-05-12,2025-05-13,2025-05-13 00:00:00,20:00:00,"spinal_cord, skin, muscle, tail",,11:00:00,,,,,,,phiC-NLS,,,,korra,20250606_skittlez,2025-05-13,fish11_roi2,,,,,,/clusterfs/vast/abcabc/Korra_Foundation/20250606_skittlez/fish11_roi2,fish11_roi2,fish11_roi2,72,,nan,,,,,,,,,,
X:\abcabc\Korra_Foundation\20250505_fish_transplant\0509_fish1_transmSG_lifeactHalo,2025-05-08,2025-05-09,2025-05-09 00:00:00,,"spinal_cord, skin, muscle, tail",,,,,"Actin,membrane","Actin,membrane",casper/rnf,casper/rnf,"2xLynk:mChilada, 2xLynk:mSG, Lifeact:Halo",,,,korra,20250606_skittlez,2025-05-09,fish12_roi1,,,,casper/rnf,casper/rnf,/clusterfs/vast/abcabc/Korra_Foundation/20250606_skittlez/fish12_roi1,fish12_roi1,fish12_roi1,72,,,,,,,,,,,,
,2025-05-08,2025-05-09,2025-05-09 00:00:00,,"spinal_cord, skin, muscle, tail",,,,,"Actin,membrane","Actin,membrane",casper/rnf,casper/rnf,"2xLynk:mChilada, 2xLynk:mSG, Lifeact:Halo",,,,korra,20250606_skittlez,2025-05-09,fish12_roi2,,,,casper/rnf,casper/rnf,/clusterfs/vast/abcabc/Korra_Foundation/20250606_skittlez/fish12_roi2,fish12_roi2,fish12_roi2,72,,,,,,,,,,,,
X:\abcabc\Korra_Foundation\20250505_fish_transplant\0508_fish1_mem-mchilada_transmSG,2025-05-07,2025-05-08,2025-05-08 00:00:00,,"spinal_cord, skin, muscle, tail",,,,,membrane,membrane,casper/rnf,casper/rnf,"2xLynk:mChilada, 2xLynk:mSG",,,,korra,20250606_skittlez,2025-05-08,fish13_roi1,,,,casper/rnf,casper/rnf,/clusterfs/vast/abcabc/Korra_Foundation/20250606_skittlez/fish13_roi1,fish13_roi1,fish13_roi1,72,,,,,,,,,,,membrane,
X:\abcabc\Korra_Foundation\20250505_fish_transplant\0508_fish2_mem-mchilada_transmSG,2025-05-07,2025-05-08,2025-05-08 00:00:00,,"spinal_cord, skin, muscle, tail",,,,,membrane,membrane,casper/rnf,casper/rnf,"2xLynk:mChilada, 2xLynk:mSG",,,,korra,20250606_skittlez,2025-05-08,fish13_roi2,,,,casper/rnf,casper/rnf,/clusterfs/vast/abcabc/Korra_Foundation/20250606_skittlez/fish13_roi2,fish13_roi2,fish13_roi2,72,,,,,,,,,,,membrane,
X:\abcabc\Korra_Foundation\20250505_fish_transplant\0507_fish1_mchilada_mitoHalo_transmSG,2025-05-06,2025-05-07,2025-05-07 00:00:00,,"spinal_cord, skin, muscle, tail",,,,,"Actin,membrane","Actin,membrane",casper/rnf,casper/rnf,"Lifeact:Halo, 2xLynk:mSG",,,,korra,20250606_skittlez,2025-05-07,fish14_roi1,,,,casper/rnf,casper/rnf,/clusterfs/vast/abcabc/Korra_Foundation/20250606_skittlez/fish14_roi1,fish14_roi1,fish14_roi1,72,,,,,,,,,,,mitochondria,
X:\abcabc\Korra_Foundation\20250505_fish_transplant\0506_fish1_memSG_lamp-SG_transmSC_14somite,2025-05-05,2025-05-06,2025-05-06 00:00:00,17:00:00,"spinal_cord, skin, muscle, tail",,12:00:00,,23:45:00,"Lysosomes,membrane","Lysosomes,membrane",ef1a:2xLynk:tdmSG(J) (F2 of allele 301),ef1a:2xLynk:tdmSG(J) (F2 of allele 301),"LAMP1:mSG, 2xLynk:mScarlet3-S2",,,,korra,20250606_skittlez,2025-05-06,fish14_roi2,pDQM005:301,pDQM005,,ef1a:2xLynk:tdmSG(J) (F2 of allele 301),ef1a:2xLynk:tdmSG(J) (F2 of allele 301),/clusterfs/vast/abcabc/Korra_Foundation/20250606_skittlez/fish14_roi2,fish14_roi2,fish14_roi2,72,,MGCO-15,tdmSG::2xLynk(N),membrane,tdmSG(membrane),tdmSG::2xLynk(N)(membrane),mStayGold::LAMP1(N),lysosome,mStayGold(lysosome),mStayGold::LAMP1(N)(lysosome),"lysosome,membrane","tdmSG(membrane),mStayGold(lysosome)"
X:\abcabc\Korra_Foundation\20250505_fish_transplant\0506_fish2_memSG_vemHalo_transmSC,2025-05-05,2025-05-06,2025-05-06 00:00:00,9:50 AM (day+1),"spinal_cord, skin, muscle, tail",,17:15:00,,17:00:00,"Intermediate Filaments,membrane","Intermediate Filaments,membrane",ef1a:2xLynk:tdmSG(J) (F2 of allele 301),ef1a:2xLynk:tdmSG(J) (F2 of allele 301),"Vimentin:Halo, 2xLynk:mScarlet3-S2",,,,korra,20250606_skittlez,2025-05-06,fish14_roi3,pDQM005:301,pDQM005,,ef1a:2xLynk:tdmSG(J) (F2 of allele 301),ef1a:2xLynk:tdmSG(J) (F2 of allele 301),/clusterfs/vast/abcabc/Korra_Foundation/20250606_skittlez/fish14_roi3,fish14_roi3,fish14_roi3,72,,MGCO-22,tdmSG::2xLynk(N),membrane,tdmSG(membrane),tdmSG::2xLynk(N)(membrane),Halo,,Halo,Halo,membrane,"tdmSG(membrane),Halo"
X:\abcabc\Korra_Foundation\20250505_fish_transplant\0505_fish1_14somite,2025-05-04,2025-05-05,2025-05-05 00:00:00,5 AM (day+1),"spinal_cord, skin, muscle, tail",,15:30:00,,15:00:00,nuclei,nuclei,ef1a:2xLynk:tdmSG(J) (F2 of allele 301),ef1a:2xLynk:tdmSG(J) (F2 of allele 301),mScarlet3-S2:H2B,,,,korra,20250606_skittlez,2025-05-05,fish15_roi1,pDQM005:301,pDQM005,,ef1a:2xLynk:tdmSG(J) (F2 of allele 301),ef1a:2xLynk:tdmSG(J) (F2 of allele 301),/clusterfs/vast/abcabc/Korra_Foundation/20250606_skittlez/fish15_roi1,fish15_roi1,fish15_roi1,72,,pDQM117,tdmSG::2xLynk(N),membrane,tdmSG(membrane),tdmSG::2xLynk(N)(membrane),mScarlet3S2::H2B(N),histone,mScarlet3S2(histone),mScarlet3S2::H2B(N)(histone),"histone,membrane","tdmSG(membrane),mScarlet3S2(histone)"
X:\abcabc\Korra_Foundation\20250429_mem_cytosol\fish4_mem-halo_48hpf,2025-04-29,2025-05-01,2025-04-30 00:00:00,,"hindbrain, spinal_cord, skin, muscle, notochord, blood vessel",DT,,,,cytosol,cytosol,membrane Halo,membrane Halo,,ef1a:mGold2s,,,korra,20250606_skittlez,2025-05-01,fish15_roi2,Swinburne:Swinburne,Swinburne,,membrane Halo,membrane Halo,/clusterfs/vast/abcabc/Korra_Foundation/20250606_skittlez/fish15_roi2,fish15_roi2,fish15_roi2,72,pDQM140,,,,,,mGold2s,,mGold2s,mGold2s,membrane,mGold2s
X:\abcabc\Korra_Foundation\20250429_mem_cytosol\fish2_48hpf,2025-04-28,2025-04-30,2025-04-29 00:00:00,17:00:00,"hindbrain, spinal_cord, skin, muscle",DH,12:00:00,,23:30:00,cytosol,cytosol,ef1a:2xLynk:tdmSG(J) (F2 of allele 301),ef1a:2xLynk:tdmSG(J) (F2 of allele 301),,ef1a:mGold2s,,,korra,20250606_skittlez,2025-04-30,fish15_roi3,pDQM005:301,pDQM005,,ef1a:2xLynk:tdmSG(J) (F2 of allele 301),ef1a:2xLynk:tdmSG(J) (F2 of allele 301),/clusterfs/vast/abcabc/Korra_Foundation/20250606_skittlez/fish15_roi3,fish15_roi3,fish15_roi3,72,pDQM140,,tdmSG::2xLynk(N),membrane,tdmSG(membrane),tdmSG::2xLynk(N)(membrane),mGold2s,,mGold2s,mGold2s,membrane,"tdmSG(membrane),mGold2s"
X:\abcabc\Korra_Foundation\20250429_mem_cytosol\fish3_mem-halo_24hpf,2025-04-29,2025-04-30,2025-04-30 00:00:00,,"spinal_cord, skin, muscle, notochord, hindbrain",DH,18:30:00,,17:30:00,cytosol,cytosol,membrane Halo,membrane Halo,,ef1a:mGold2s,,,korra,20250606_skittlez,2025-04-30,fish1_roi1,Swinburne:Swinburne,Swinburne,,membrane Halo,membrane Halo,/clusterfs/vast/abcabc/Korra_Foundation/20250606_skittlez/fish1_roi1,fish1_roi1,fish1_roi1,48,pDQM140,,,,,,mGold2s,,mGold2s,mGold2s,membrane,mGold2s
X:\abcabc\Korra_Foundation\20250429_mem_cytosol\fish1_24hpf,2025-04-28,2025-04-29,2025-04-29 00:00:00,10:20 AM (day+1),brain,VHUHD,13:00:00,,12:45:00,cytosol,cytosol,ef1a:2xLynk:tdmSG(J) (F2 of allele 301),ef1a:2xLynk:tdmSG(J) (F2 of allele 301),,ef1a:mGold2s,,,korra,20250606_skittlez,2025-04-29,fish2_roi1,pDQM005:301,pDQM005,,ef1a:2xLynk:tdmSG(J) (F2 of allele 301),ef1a:2xLynk:tdmSG(J) (F2 of allele 301),/clusterfs/vast/abcabc/Korra_Foundation/20250606_skittlez/fish2_roi1,fish2_roi1,fish2_roi1,48,pDQM140,,tdmSG::2xLynk(N),membrane,tdmSG(membrane),tdmSG::2xLynk(N)(membrane),mGold2s,,mGold2s,mGold2s,membrane,"tdmSG(membrane),mGold2s"
X:\abcabc\Korra_Foundation\20250428_mem_histone\fish1_72hpf,2025-04-26,2025-04-28,2025-04-27 00:00:00,,"spinal_cord, skin, muscle, tail, notochord, hindbrain, blood vessel",DT,14:30:00,,12:30:00,nuclei,nuclei,ef1a:2xLynk:tdmSG(J) (F2 of allele 301),ef1a:2xLynk:tdmSG(J) (F2 of allele 301),mScarlet3-S2:H2B,,,,korra,20250606_skittlez,2025-04-28,fish3_roi1,pDQM005:301,pDQM005,,ef1a:2xLynk:tdmSG(J) (F2 of allele 301),ef1a:2xLynk:tdmSG(J) (F2 of allele 301),/clusterfs/vast/abcabc/Korra_Foundation/20250606_skittlez/fish3_roi1,fish3_roi1,fish3_roi1,48,,pDQM117,tdmSG::2xLynk(N),membrane,tdmSG(membrane),tdmSG::2xLynk(N)(membrane),mScarlet3S2::H2B(N),histone,mScarlet3S2(histone),mScarlet3S2::H2B(N)(histone),"histone,membrane","tdmSG(membrane),mScarlet3S2(histone)"
U:\Data\20240911_Korra_Foundation\20250424_mGold2_cytosolic,2025-04-22,2025-04-24,2025-04-21 00:00:00,,,DT,mGold2 cytosolic test (140),,,cytosol,cytosol,casper/rnf,casper/rnf,,ef1a:mGold2s,,,korra,20250606_skittlez,2025-04-24,fish4_roi1,,,,casper/rnf,casper/rnf,/clusterfs/vast/abcabc/Korra_Foundation/20250606_skittlez/fish4_roi1,fish4_roi1,fish4_roi1,48,pDQM140,,,,,,mGold2s,,mGold2s,mGold2s,,mGold2s
U:\Data\20240911_Korra_Foundation\20250424_mGold2_cytosolic,2025-04-22,2025-04-24,2025-04-21 00:00:00,,,DT,mGold2 cytosolic test (141),,00:00:00,cytosol,cytosol,casper/rnf,casper/rnf,,ef1a:mGold2t,,,korra,20250606_skittlez,2025-04-24,fish6_roi1,,,,casper/rnf,casper/rnf,/clusterfs/vast/abcabc/Korra_Foundation/20250606_skittlez/fish6_roi1,fish6_roi1,fish6_roi1,48,pDQM141,,,,,,mGold2t,,mGold2t,mGold2t,,mGold2t
U:\Data\20240911_Korra_Foundation\20250424_mGold2_cytosolic\141_largeFOV,2025-04-22,2025-04-24,2025-04-21 00:00:00,,"hindbrain, spinal_cord, skin, muscle, notochord, tail",DT,17:20:00,,17:00:00,cytosol,cytosol,casper/rnf,casper/rnf,,ef1a:mGold2t,,,korra,20250606_skittlez,2025-04-24,fish7_roi1,,,,casper/rnf,casper/rnf,/clusterfs/vast/abcabc/Korra_Foundation/20250606_skittlez/fish7_roi1,fish7_roi1,fish7_roi1,48,pDQM141,,,,,,mGold2t,,mGold2t,mGold2t,,mGold2t
U:\Data\20240911_Korra_Foundation\20250421_mem_histone\fish4_48hpf,2025-04-21,2025-04-23,,,"spinal_cord, skin, muscle, notochord, tail",DT,00:15:00,,00:00:00,nuclei,nuclei,ef1a:2xLynk:tdmSG(J) (F2 of allele 301),ef1a:2xLynk:tdmSG(J) (F2 of allele 301),mScarlet3-S2:H2B,,,,korra,20250606_skittlez,2025-04-23,fish7_roi2,pDQM005:301,pDQM005,,ef1a:2xLynk:tdmSG(J) (F2 of allele 301),ef1a:2xLynk:tdmSG(J) (F2 of allele 301),/clusterfs/vast/abcabc/Korra_Foundation/20250606_skittlez/fish7_roi2,fish7_roi2,fish7_roi2,48,,pDQM117,tdmSG::2xLynk(N),membrane,tdmSG(membrane),tdmSG::2xLynk(N)(membrane),mScarlet3S2::H2B(N),histone,mScarlet3S2(histone),mScarlet3S2::H2B(N)(histone),"histone,membrane","tdmSG(membrane),mScarlet3S2(histone)"
U:\Data\20240911_Korra_Foundation\20250421_mem_histone\fish2_24hpf,2025-04-21,2025-04-22,,21:45:00,"hindbrain, spinal_cord, skin, muscle, notochord",DT,13:15:00,,13:00:00,nuclei,nuclei,ef1a:2xLynk:tdmSG(J) (F2 of allele 301),ef1a:2xLynk:tdmSG(J) (F2 of allele 301),mScarlet3-S2:H2B,,,,korra,20250606_skittlez,2025-04-22,fish8_roi1,pDQM005:301,pDQM005,,ef1a:2xLynk:tdmSG(J) (F2 of allele 301),ef1a:2xLynk:tdmSG(J) (F2 of allele 301),/clusterfs/vast/abcabc/Korra_Foundation/20250606_skittlez/fish8_roi1,fish8_roi1,fish8_roi1,48,,pDQM117,tdmSG::2xLynk(N),membrane,tdmSG(membrane),tdmSG::2xLynk(N)(membrane),mScarlet3S2::H2B(N),histone,mScarlet3S2(histone),mScarlet3S2::H2B(N)(histone),"histone,membrane","tdmSG(membrane),mScarlet3S2(histone)"
U:\Data\20240911_Korra_Foundation\20250421_mem_histone\fish3_24hpf,2025-04-21,2025-04-22,,11:30:00 AM (day+1),"hindbrain, spinal_cord, skin, muscle, notochord, tail",DT,22:00:00,,13:00:00,nuclei,nuclei,ef1a:2xLynk:tdmSG(J) (F2 of allele 301),ef1a:2xLynk:tdmSG(J) (F2 of allele 301),mScarlet3-S2:H2B,,,,korra,20250606_skittlez,2025-04-22,fish9_roi1,pDQM005:301,pDQM005,,ef1a:2xLynk:tdmSG(J) (F2 of allele 301),ef1a:2xLynk:tdmSG(J) (F2 of allele 301),/clusterfs/vast/abcabc/Korra_Foundation/20250606_skittlez/fish9_roi1,fish9_roi1,fish9_roi1,72,,pDQM117,tdmSG::2xLynk(N),membrane,tdmSG(membrane),tdmSG::2xLynk(N)(membrane),mScarlet3S2::H2B(N),histone,mScarlet3S2(histone),mScarlet3S2::H2B(N)(histone),"histone,membrane","tdmSG(membrane),mScarlet3S2(histone)"
U:\Data\20240911_Korra_Foundation\20250421_mem_histone\fish1_72hpf,2025-04-18,2025-04-21,2025-04-19 00:00:00,9:40 AM (day+1),"skin, muscle, tail, blood vessel, notochord",DH,16:00:00,,,nuclei,nuclei,ef1a:2xLynk:tdmSG(J) (F2 of allele 301),ef1a:2xLynk:tdmSG(J) (F2 of allele 301),mScarlet3-S2:H2B,,,,korra,20250606_skittlez,2025-04-21,fish9_roi2,pDQM005:301,pDQM005,,ef1a:2xLynk:tdmSG(J) (F2 of allele 301),ef1a:2xLynk:tdmSG(J) (F2 of allele 301),/clusterfs/vast/abcabc/Korra_Foundation/20250606_skittlez/fish9_roi2,fish9_roi2,fish9_roi2,72,,pDQM117,tdmSG::2xLynk(N),membrane,tdmSG(membrane),tdmSG::2xLynk(N)(membrane),mScarlet3S2::H2B(N),histone,mScarlet3S2(histone),mScarlet3S2::H2B(N)(histone),"histone,membrane","tdmSG(membrane),mScarlet3S2(histone)"
U:\Data\20240911_Korra_Foundation\20250418_mem_histone\fish1_newLLStest,2025-04-17,2025-04-18,,,,DT,,2025-04-18 00:00:00,13:00:00,nuclei,nuclei,ef1a:2xLynk:tdmSG(J) (F2 of allele 301),ef1a:2xLynk:tdmSG(J) (F2 of allele 301),mScarlet3-S2:H2B,,,,korra,20250609_mem-histone,2025-04-18,fish11_72hpf_roi1,pDQM005:301,pDQM005,,ef1a:2xLynk:tdmSG(J) (F2 of allele 301),ef1a:2xLynk:tdmSG(J) (F2 of allele 301),/clusterfs/vast/abcabc/Korra_Foundation/20250609_mem-histone/fish11_72hpf_roi1,fish11_72hpf_roi1,fish11_72hpf_roi1,8168,,pDQM117,tdmSG::2xLynk(N),membrane,tdmSG(membrane),tdmSG::2xLynk(N)(membrane),mScarlet3S2::H2B(N),histone,mScarlet3S2(histone),mScarlet3S2::H2B(N)(histone),"histone,membrane","tdmSG(membrane),mScarlet3S2(histone)"
,2025-04-14,2025-04-15,,,"hindbrain, brain, spinal_cord, skin",VHUHD,14:00:00,,13:00:00,nuclei,nuclei,ef1a:2xLynk:tdmSG(J) (F2 of allele 301),ef1a:2xLynk:tdmSG(J) (F2 of allele 301),mScarlet3-S2:H2B,,,,korra,20250609_mem-histone,2025-04-15,fish2_24hpf_roi1,pDQM005:301,pDQM005,,ef1a:2xLynk:tdmSG(J) (F2 of allele 301),ef1a:2xLynk:tdmSG(J) (F2 of allele 301),/clusterfs/vast/abcabc/Korra_Foundation/20250609_mem-histone/fish2_24hpf_roi1,fish2_24hpf_roi1,fish2_24hpf_roi1,2880,,pDQM117,tdmSG::2xLynk(N),membrane,tdmSG(membrane),tdmSG::2xLynk(N)(membrane),mScarlet3S2::H2B(N),histone,mScarlet3S2(histone),mScarlet3S2::H2B(N)(histone),"histone,membrane","tdmSG(membrane),mScarlet3S2(histone)"
U:\Data\20240911_Korra_Foundation\20250414_mem_histone\fish1_72hpf,2025-04-11,2025-04-14,,10:15:00,"skin, muscle, tail, blood vessel, notochord",DT,12:30:00,2025-04-14 00:00:00,12:00:00,nuclei,nuclei,ef1a:2xLynk:tdmSG(J) (F2 of allele 301),ef1a:2xLynk:tdmSG(J) (F2 of allele 301),mScarlet3-S2:H2B,,,,korra,20250609_mem-histone,2025-04-14,fish2_24hpf_roi2,pDQM005:301,pDQM005,,ef1a:2xLynk:tdmSG(J) (F2 of allele 301),ef1a:2xLynk:tdmSG(J) (F2 of allele 301),/clusterfs/vast/abcabc/Korra_Foundation/20250609_mem-histone/fish2_24hpf_roi2,fish2_24hpf_roi2,fish2_24hpf_roi2,3520,,pDQM117,tdmSG::2xLynk(N),membrane,tdmSG(membrane),tdmSG::2xLynk(N)(membrane),mScarlet3S2::H2B(N),histone,mScarlet3S2(histone),mScarlet3S2::H2B(N)(histone),"histone,membrane","tdmSG(membrane),mScarlet3S2(histone)"
"U:\Data\20240911_Korra_Foundation\20250410_organelle\fish4-5,, mitochondria",2025-04-09,2025-04-11,,00:10:00,"hindbrain, brain, skin, spinal_cord, muscle",DT,12:45:00,2025-04-11 00:00:00,12:00:00,"membrane,Mitochondria","membrane,Mitochondria",casper/rnf,casper/rnf,"2xCox8A:mSG, 2xLynk:mChilada",,,,korra,20250609_mem-histone,2025-04-11,fish3_24hpf_roi1,,,,casper/rnf,casper/rnf,/clusterfs/vast/abcabc/Korra_Foundation/20250609_mem-histone/fish3_24hpf_roi1,fish3_24hpf_roi1,fish3_24hpf_roi1,4000,,MGCO-01,,,,,mStayGold::2Xcox8A(N),mitochondria,mStayGold(mitochondria),mStayGold::2Xcox8A(N)(mitochondria),"histone,membrane,mitochondria",mStayGold(mitochondria)
"U:\Data\20240911_Korra_Foundation\20250410_organelle\fish1-fish3, lysosome",2025-04-09,2025-04-10,,17:00:00,"hindbrain, brain, skin, spinal_cord, muscle",DH,14:00:00,2025-04-10 00:00:00,13:00:00,"Lysosomes,membrane","Lysosomes,membrane",casper/rnf,casper/rnf,"LAMP1:mSG, 2xLynk:mChilada",,,,korra,20250609_mem-histone,2025-04-10,fish4_24hpf_roi1,,,,casper/rnf,casper/rnf,/clusterfs/vast/abcabc/Korra_Foundation/20250609_mem-histone/fish4_24hpf_roi1,fish4_24hpf_roi1,fish4_24hpf_roi1,2560,,MGCO-15,,,,,mStayGold::LAMP1(N),lysosome,mStayGold(lysosome),mStayGold::LAMP1(N)(lysosome),"histone,lysosome,membrane",mStayGold(lysosome)
,,2025-04-08,,18:30:00,"skin, spinal_cord, muscle",DH,14:30:00,,14:00:00,"csp,male C - ~10% frequency exorH:GFP (+) embryos,405,445,Lysosomes,membrane","csp,male C - ~10% frequency exorH:GFP (+) embryos,405,445,Lysosomes,membrane",casper/rnf,casper/rnf,"LAMP1:mSG, 2xLynk:mChilada",,,,korra,20250609_mem-histone,2025-04-08,fish5_24hpf_roi1,,,,casper/rnf,casper/rnf,/clusterfs/vast/abcabc/Korra_Foundation/20250609_mem-histone/fish5_24hpf_roi1,fish5_24hpf_roi1,fish5_24hpf_roi1,2560,,MGCO-15,,,,,mStayGold::LAMP1(N),lysosome,mStayGold(lysosome),mStayGold::LAMP1(N)(lysosome),"histone,lysosome,membrane",mStayGold(lysosome)
,,2025-04-08,,18:30:00,"skin, spinal_cord, muscle",DT,14:30:00,,14:00:00,"Lysosomes,membrane","Lysosomes,membrane",casper/rnf,casper/rnf,"LAMP1:mSG, 2xLynk:mChilada",,,,korra,20250609_mem-histone,2025-04-08,fish5_48hpf_roi2,,,,casper/rnf,casper/rnf,/clusterfs/vast/abcabc/Korra_Foundation/20250609_mem-histone/fish5_48hpf_roi2,fish5_48hpf_roi2,fish5_48hpf_roi2,2560,,MGCO-15,,,,,mStayGold::LAMP1(N),lysosome,mStayGold(lysosome),mStayGold::LAMP1(N)(lysosome),"histone,lysosome,membrane",mStayGold(lysosome)
U:\Data\20240911_Korra_Foundation\20250401_mem_skittles\fish1_96hpf,2025-04-03,2025-04-07,2025-04-04 00:00:00,18:30:00,"skin, spinal_cord, muscle, notochord",VHUHD,13:00:00,,12:00:00,"csp,male C - ~10% frequency exorH:GFP (+) embryos,405,445",",csp,male C - ~10% frequency exorH:GFP (+) embryos,405,445",ef1a:2xLynk:tdmSG(J) (F2 of allele 301),ef1a:<exorh:GFP>mKate2/mCitrine/Electra2/mKOK/mTFP1 (F1 of allele 313),"phiC-NLS, phiC",,,,korra,20250609_mem-histone,2025-04-07,fish6_48hpf_roi1,pDQM005:301,pDQM005,,ef1a:2xLynk:tdmSG(J) (F2 of allele 301),ef1a:<exorh:GFP>mKate2/mCitrine/Electra2/mKOK/mTFP1 (F1 of allele 313),/clusterfs/vast/abcabc/Korra_Foundation/20250609_mem-histone/fish6_48hpf_roi1,fish6_48hpf_roi1,fish6_48hpf_roi1,2080,,nan,tdmSG::2xLynk(N),membrane,tdmSG(membrane),tdmSG::2xLynk(N)(membrane),,,,,"histone,membrane",tdmSG(membrane)
U:\Data\20240911_Korra_Foundation\20250401_mem_skittles\fish1_24hpf\roi1,2025-04-03,2025-04-04,2025-04-04 00:00:00,23:30:00,"skin, spinal_cord, muscle",DH,00:15:00,,00:00:00,"csp,male C - ~10% frequency exorH:GFP (+) embryos,405,445",",csp,male C - ~10% frequency exorH:GFP (+) embryos,405,445",ef1a:2xLynk:tdmSG(J) (F2 of allele 301),ef1a:<exorh:GFP>mKate2/mCitrine/Electra2/mKOK/mTFP1 (F1 of allele 313),phiC-NLS,,,,korra,20250609_mem-histone,2025-04-04,fish6_48hpf_roi2,pDQM005:301,pDQM005,,ef1a:2xLynk:tdmSG(J) (F2 of allele 301),ef1a:<exorh:GFP>mKate2/mCitrine/Electra2/mKOK/mTFP1 (F1 of allele 313),/clusterfs/vast/abcabc/Korra_Foundation/20250609_mem-histone/fish6_48hpf_roi2,fish6_48hpf_roi2,fish6_48hpf_roi2,1600,,nan,tdmSG::2xLynk(N),membrane,tdmSG(membrane),tdmSG::2xLynk(N)(membrane),,,,,"histone,membrane",tdmSG(membrane)
U:\Data\20240911_Korra_Foundation\20250401_mem_histone\fish2_72hpf,,2025-04-03,,11:30 AM (day+1),"skin, spinal_cord, muscle, notochord, blood vessel",LHDH,11:20:00,10:30:00,11:00:00,nuclei,nuclei,ef1a:2xLynk:tdmSG(J) (F2 of allele 301),ef1a:2xLynk:tdmSG(J) (F2 of allele 301),mScarlet3-S2:H2B,,,,korra,20250612_skittlez,2025-04-03,fish1_roi1,pDQM005:301,pDQM005,,ef1a:2xLynk:tdmSG(J) (F2 of allele 301),ef1a:2xLynk:tdmSG(J) (F2 of allele 301),/clusterfs/vast/abcabc/Korra_Foundation/20250612_skittlez/fish1_roi1,fish1_roi1,fish1_roi1,300,,pDQM117,tdmSG::2xLynk(N),membrane,tdmSG(membrane),tdmSG::2xLynk(N)(membrane),mScarlet3S2::H2B(N),histone,mScarlet3S2(histone),mScarlet3S2::H2B(N)(histone),"histone,membrane","tdmSG(membrane),mScarlet3S2(histone)"
U:\Data\20240911_Korra_Foundation\20250401_mem_histone\fish1_24hpf,2025-03-31,2025-04-01,2025-04-01 00:00:00,6 PM (day+1),"hindbrain, brain, skin, spinal_cord, muscle, tail",DT,12:00:00,2025-04-01 11:30:00,11:50:00,nuclei,nuclei,ef1a:2xLynk:tdmSG(J) (F2 of allele 301),ef1a:2xLynk:tdmSG(J) (F2 of allele 301),mScarlet3-S2:H2B,,,,korra,20250612_skittlez,2025-04-01,fish2_roi1,pDQM005:301,pDQM005,,ef1a:2xLynk:tdmSG(J) (F2 of allele 301),ef1a:2xLynk:tdmSG(J) (F2 of allele 301),/clusterfs/vast/abcabc/Korra_Foundation/20250612_skittlez/fish2_roi1,fish2_roi1,fish2_roi1,120,,pDQM117,tdmSG::2xLynk(N),membrane,tdmSG(membrane),tdmSG::2xLynk(N)(membrane),mScarlet3S2::H2B(N),histone,mScarlet3S2(histone),mScarlet3S2::H2B(N)(histone),"histone,membrane","tdmSG(membrane),mScarlet3S2(histone)"
,2025-03-28,2025-03-31,2025-03-30 00:00:00,,,LHDH,,2025-03-31 10:30:00,all fish extremely dim and mosaic,"csp,male #19 - bright, low frequency transmission (<10%),488,nuclei","csp,male #19 - bright, low frequency transmission (<10%),488,nuclei",casper/rnf,ef1a:2xLynk:tdmSG(J) (F1 of allele 308),mScarlet3-S2:H2B,,,,korra,20250612_skittlez,2025-03-31,fish3_roi1,pDQM005:308,pDQM005,,casper/rnf,ef1a:2xLynk:tdmSG(J) (F1 of allele 308),/clusterfs/vast/abcabc/Korra_Foundation/20250612_skittlez/fish3_roi1,fish3_roi1,fish3_roi1,150,,pDQM117,tdmSG::2xLynk(N),membrane,tdmSG(membrane),tdmSG::2xLynk(N)(membrane),mScarlet3S2::H2B(N),histone,mScarlet3S2(histone),mScarlet3S2::H2B(N)(histone),"histone,membrane","tdmSG(membrane),mScarlet3S2(histone)"
U:\Data\20240911_Korra_Foundation\20250327_mem_skittles\fish3_48hpf,2025-03-26,2025-03-28,2025-03-27 00:00:00,14:35:00,brain,VHUHD,11:00:00,2025-03-27 15:26:00,10:30:00,"csp,male C - ~10% frequency exorH:GFP (+) embryos,405,445",",csp,male C - ~10% frequency exorH:GFP (+) embryos,405,445",ef1a:2xLynk:tdmSG(J) (F2 of allele 301),ef1a:<exorh:GFP>mKate2/mCitrine/Electra2/mKOK/mTFP1 (F1 of allele 313),phiC,,,,korra,20250612_skittlez,2025-03-28,fish4_roi1,pDQM005:301,pDQM005,,ef1a:2xLynk:tdmSG(J) (F2 of allele 301),ef1a:<exorh:GFP>mKate2/mCitrine/Electra2/mKOK/mTFP1 (F1 of allele 313),/clusterfs/vast/abcabc/Korra_Foundation/20250612_skittlez/fish4_roi1,fish4_roi1,fish4_roi1,270,,nan,tdmSG::2xLynk(N),membrane,tdmSG(membrane),tdmSG::2xLynk(N)(membrane),,,,,membrane,tdmSG(membrane)
U:\Data\20240911_Korra_Foundation\20250327_mem_skittles\fish4_48hpf,2025-03-26,2025-03-28,2025-03-27 00:00:00,18:45:00,brain,VHUHD,15:00:00,2025-03-27 15:26:00,10:30:00,"csp,male C - ~10% frequency exorH:GFP (+) embryos,405,445",",csp,male C - ~10% frequency exorH:GFP (+) embryos,405,445",ef1a:2xLynk:tdmSG(J) (F2 of allele 301),ef1a:<exorh:GFP>mKate2/mCitrine/Electra2/mKOK/mTFP1 (F1 of allele 313),phiC,,,,korra,20250612_skittlez,2025-03-28,fish5_roi1,pDQM005:301,pDQM005,,ef1a:2xLynk:tdmSG(J) (F2 of allele 301),ef1a:<exorh:GFP>mKate2/mCitrine/Electra2/mKOK/mTFP1 (F1 of allele 313),/clusterfs/vast/abcabc/Korra_Foundation/20250612_skittlez/fish5_roi1,fish5_roi1,fish5_roi1,120,,nan,tdmSG::2xLynk(N),membrane,tdmSG(membrane),tdmSG::2xLynk(N)(membrane),,,,,membrane,tdmSG(membrane)
U:\Data\20240911_Korra_Foundation\20250327_mem_skittles\fish5_48hpf,2025-03-26,2025-03-28,2025-03-27 00:00:00,12:30:00,"skin, spinal_cord, muscle",DT,19:15:00,2025-03-27 11:50:00,19:00:00,"csp,male C - ~10% frequency exorH:GFP (+) embryos,405,445",",csp,male C - ~10% frequency exorH:GFP (+) embryos,405,445",ef1a:2xLynk:tdmSG(J) (F2 of allele 301),ef1a:<exorh:GFP>mKate2/mCitrine/Electra2/mKOK/mTFP1 (F1 of allele 313),phiC,,,,korra,20250612_skittlez,2025-03-27,fish5_roi2,pDQM005:301,pDQM005,,ef1a:2xLynk:tdmSG(J) (F2 of allele 301),ef1a:<exorh:GFP>mKate2/mCitrine/Electra2/mKOK/mTFP1 (F1 of allele 313),/clusterfs/vast/abcabc/Korra_Foundation/20250612_skittlez/fish5_roi2,fish5_roi2,fish5_roi2,120,,nan,tdmSG::2xLynk(N),membrane,tdmSG(membrane),tdmSG::2xLynk(N)(membrane),,,,,membrane,tdmSG(membrane)
U:\Data\20240911_Korra_Foundation\20250327_mem_skittles\fish1_24hpf,2025-03-26,2025-03-27,2025-03-27 00:00:00,18:20:00,"eye, brain",LHDH,15:45:00,2025-03-27 15:15:00,15:30:00,"csp,male C - ~10% frequency exorH:GFP (+) embryos,405,445",",csp,male C - ~10% frequency exorH:GFP (+) embryos,405,445",ef1a:2xLynk:tdmSG(J) (F2 of allele 301),ef1a:<exorh:GFP>mKate2/mCitrine/Electra2/mKOK/mTFP1 (F1 of allele 313),phiC,,,,korra,20250612_skittlez,2025-03-27,fish5_roi3,pDQM005:301,pDQM005,,ef1a:2xLynk:tdmSG(J) (F2 of allele 301),ef1a:<exorh:GFP>mKate2/mCitrine/Electra2/mKOK/mTFP1 (F1 of allele 313),/clusterfs/vast/abcabc/Korra_Foundation/20250612_skittlez/fish5_roi3,fish5_roi3,fish5_roi3,120,,nan,tdmSG::2xLynk(N),membrane,tdmSG(membrane),tdmSG::2xLynk(N)(membrane),,,,,membrane,tdmSG(membrane)
U:\Data\20240911_Korra_Foundation\20250327_mem_skittles\fish2_24hpf,2025-03-26,2025-03-27,2025-03-27 00:00:00,1:30 AM (day+1),"eye, brain",LHDH,18:30:00,2025-03-27 15:15:00,15:30:00,"csp,male C - ~10% frequency exorH:GFP (+) embryos,405,445",",csp,male C - ~10% frequency exorH:GFP (+) embryos,405,445",ef1a:2xLynk:tdmSG(J) (F2 of allele 301),ef1a:<exorh:GFP>mKate2/mCitrine/Electra2/mKOK/mTFP1 (F1 of allele 313),phiC,,,,korra,20250612_skittlez,2025-03-27,fish6_roi1,pDQM005:301,pDQM005,,ef1a:2xLynk:tdmSG(J) (F2 of allele 301),ef1a:<exorh:GFP>mKate2/mCitrine/Electra2/mKOK/mTFP1 (F1 of allele 313),/clusterfs/vast/abcabc/Korra_Foundation/20250612_skittlez/fish6_roi1,fish6_roi1,fish6_roi1,120,,nan,tdmSG::2xLynk(N),membrane,tdmSG(membrane),tdmSG::2xLynk(N)(membrane),,,,,membrane,tdmSG(membrane)
U:\Data\20240911_Korra_Foundation\20250324_mem_histone\fish4_24hpf,2025-03-24,2025-03-26,2025-03-25 00:00:00,5:40 AM (day+1),"skin, spinal_cord, muscle",DT,10:15:00,2025-03-25 12:55:00,14:00:00,nuclei,nuclei,ef1a:2xLynk:tdmSG(J) (F2 of allele 301),ef1a:2xLynk:tdmSG(J) (F2 of allele 301),mScarlet3-S2:H2B,,,,korra,20250612_skittlez,2025-03-26,fish7_roi1,pDQM005:301,pDQM005,,ef1a:2xLynk:tdmSG(J) (F2 of allele 301),ef1a:2xLynk:tdmSG(J) (F2 of allele 301),/clusterfs/vast/abcabc/Korra_Foundation/20250612_skittlez/fish7_roi1,fish7_roi1,fish7_roi1,90,,pDQM117,tdmSG::2xLynk(N),membrane,tdmSG(membrane),tdmSG::2xLynk(N)(membrane),mScarlet3S2::H2B(N),histone,mScarlet3S2(histone),mScarlet3S2::H2B(N)(histone),"histone,membrane","tdmSG(membrane),mScarlet3S2(histone)"
U:\Data\20240911_Korra_Foundation\20250324_mem_histone\fish3_24hpf,2025-03-24,2025-03-25,2025-03-25 00:00:00,10:15 AM (day+1),"hindbrain, brain, skin, spinal_cord, muscle",DT,14:40:00,2025-03-25 12:55:00,14:00:00,nuclei,nuclei,ef1a:2xLynk:tdmSG(J) (F2 of allele 301),ef1a:2xLynk:tdmSG(J) (F2 of allele 301),mScarlet3-S2:H2B,,,,korra,20250612_skittlez,2025-03-25,fish8_roi1,pDQM005:301,pDQM005,,ef1a:2xLynk:tdmSG(J) (F2 of allele 301),ef1a:2xLynk:tdmSG(J) (F2 of allele 301),/clusterfs/vast/abcabc/Korra_Foundation/20250612_skittlez/fish8_roi1,fish8_roi1,fish8_roi1,180,,pDQM117,tdmSG::2xLynk(N),membrane,tdmSG(membrane),tdmSG::2xLynk(N)(membrane),mScarlet3S2::H2B(N),histone,mScarlet3S2(histone),mScarlet3S2::H2B(N)(histone),"histone,membrane","tdmSG(membrane),mScarlet3S2(histone)"
U:\Data\20240911_Korra_Foundation\20250324_mem_histone\fish1_72hpf,2025-03-21,2025-03-24,2025-03-24 00:00:00,9:40 AM (day+1),"spinal_cord, skin, muscle, hindbrain",DH,17:45:00,2025-03-24 23:30:00,11:40:00,nuclei,nuclei,ef1a:2xLynk:tdmSG(J) (F2 of allele 301),ef1a:2xLynk:tdmSG(J) (F2 of allele 301),mScarlet3-S2:H2B,,,,korra,20250613_skittlez,2025-03-24,fish10_roi1,pDQM005:301,pDQM005,,ef1a:2xLynk:tdmSG(J) (F2 of allele 301),ef1a:2xLynk:tdmSG(J) (F2 of allele 301),/clusterfs/vast/abcabc/Korra_Foundation/20250613_skittlez/fish10_roi1,fish10_roi1,fish10_roi1,120,,pDQM117,tdmSG::2xLynk(N),membrane,tdmSG(membrane),tdmSG::2xLynk(N)(membrane),mScarlet3S2::H2B(N),histone,mScarlet3S2(histone),mScarlet3S2::H2B(N)(histone),"histone,membrane","tdmSG(membrane),mScarlet3S2(histone)"
U:\Data\20240911_Korra_Foundation\20250324_mem_histone\fish2_72hpf,2025-03-21,2025-03-24,2025-03-24 00:00:00,9:40 AM (day+1),"skin, muscle, neuromast",LHUH,11:50:00,2025-03-24 23:30:00,11:40:00,nuclei,nuclei,ef1a:2xLynk:tdmSG(J) (F2 of allele 301),ef1a:2xLynk:tdmSG(J) (F2 of allele 301),mScarlet3-S2:H2B,,,,korra,20250613_skittlez,2025-03-24,fish11_roi1,pDQM005:301,pDQM005,,ef1a:2xLynk:tdmSG(J) (F2 of allele 301),ef1a:2xLynk:tdmSG(J) (F2 of allele 301),/clusterfs/vast/abcabc/Korra_Foundation/20250613_skittlez/fish11_roi1,fish11_roi1,fish11_roi1,180,,pDQM117,tdmSG::2xLynk(N),membrane,tdmSG(membrane),tdmSG::2xLynk(N)(membrane),mScarlet3S2::H2B(N),histone,mScarlet3S2(histone),mScarlet3S2::H2B(N)(histone),"histone,membrane","tdmSG(membrane),mScarlet3S2(histone)"
,2025-03-17,2025-03-21,2025-03-19 00:00:00,50 counts over bk at max power,,DH,membrane dim,2025-03-20 10:35:00,15:45:00,nuclei,nuclei,ef1a:2xLynk:tdmSG(J) (F2 of allele 301),casper/rnf,mScarlet3-S2:H2B,,,,korra,20250613_skittlez,2025-03-21,fish12_roi1,pDQM005:301,pDQM005,,ef1a:2xLynk:tdmSG(J) (F2 of allele 301),casper/rnf,/clusterfs/vast/abcabc/Korra_Foundation/20250613_skittlez/fish12_roi1,fish12_roi1,fish12_roi1,150,,pDQM117,tdmSG::2xLynk(N),membrane,tdmSG(membrane),tdmSG::2xLynk(N)(membrane),mScarlet3S2::H2B(N),histone,mScarlet3S2(histone),mScarlet3S2::H2B(N)(histone),"histone,membrane","tdmSG(membrane),mScarlet3S2(histone)"
,2025-03-17,2025-03-21,2025-03-19 00:00:00,50 counts over bk at max power,,DH,membrane dim,2025-03-20 10:35:00,15:45:00,nuclei,nuclei,ef1a:2xLynk:tdmSG(J) (F2 of allele 301),casper/rnf,mScarlet3-S2:H2B,,,,korra,20250613_skittlez,2025-03-21,fish1_roi1,pDQM005:301,pDQM005,,ef1a:2xLynk:tdmSG(J) (F2 of allele 301),casper/rnf,/clusterfs/vast/abcabc/Korra_Foundation/20250613_skittlez/fish1_roi1,fish1_roi1,fish1_roi1,144,,pDQM117,tdmSG::2xLynk(N),membrane,tdmSG(membrane),tdmSG::2xLynk(N)(membrane),mScarlet3S2::H2B(N),histone,mScarlet3S2(histone),mScarlet3S2::H2B(N)(histone),"histone,membrane","tdmSG(membrane),mScarlet3S2(histone)"
U:\Data\20240911_Korra_Foundation\20250321_skittle\,2025-03-19,2025-03-21,2025-03-20 00:00:00,18:00:00,skittles test (6 fish tested),DT,10:30:00,2025-03-20 12:35:00,10:20:00,"csp,male C - ~10% frequency exorH:GFP (+) embryos,405,445",",csp,male C - ~10% frequency exorH:GFP (+) embryos,405,445",casper/rnf,ef1a:<exorh:GFP>mKate2/mCitrine/Electra2/mKOK/mTFP1 (F1 of allele 313),phiC,,,,korra,20250613_skittlez,2025-03-21,fish2_roi1,pDQM036:318,pDQM036,,casper/rnf,ef1a:<exorh:GFP>mKate2/mCitrine/Electra2/mKOK/mTFP1 (F1 of allele 313),/clusterfs/vast/abcabc/Korra_Foundation/20250613_skittlez/fish2_roi1,fish2_roi1,fish2_roi1,108,,nan,,,,,,,,,,
U:\Data\20240911_Korra_Foundation\20250317_mem_histone\fish7_48hpf,2025-03-17,2025-03-20,2025-03-18 00:00:00,16:50:00,"spinal_cord, skin, muscle, tail",DT,10:40:00,2025-03-19 14:15:00,10:30:00,nuclei,nuclei,ef1a:2xLynk:tdmSG(J) (F2 of allele 301),casper/rnf,mScarlet3-S2:H2B,,,,korra,20250613_skittlez,2025-03-20,fish3_roi1,pDQM005:301,pDQM005,,ef1a:2xLynk:tdmSG(J) (F2 of allele 301),casper/rnf,/clusterfs/vast/abcabc/Korra_Foundation/20250613_skittlez/fish3_roi1,fish3_roi1,fish3_roi1,72,,pDQM117,tdmSG::2xLynk(N),membrane,tdmSG(membrane),tdmSG::2xLynk(N)(membrane),mScarlet3S2::H2B(N),histone,mScarlet3S2(histone),mScarlet3S2::H2B(N)(histone),"histone,membrane","tdmSG(membrane),mScarlet3S2(histone)"
U:\Data\20240911_Korra_Foundation\20250317_mem_histone\fish8_48hpf,2025-03-17,2025-03-20,2025-03-18 00:00:00,3:50 AM (day+1),"spinal_cord, skin, muscle, tail",DT,10:40:00,2025-03-19 14:15:00,10:30:00,nuclei,nuclei,ef1a:2xLynk:tdmSG(J) (F2 of allele 301),casper/rnf,mScarlet3-S2:H2B,,,,korra,20250613_skittlez,2025-03-20,fish4_roi1,pDQM005:301,pDQM005,,ef1a:2xLynk:tdmSG(J) (F2 of allele 301),casper/rnf,/clusterfs/vast/abcabc/Korra_Foundation/20250613_skittlez/fish4_roi1,fish4_roi1,fish4_roi1,72,,pDQM117,tdmSG::2xLynk(N),membrane,tdmSG(membrane),tdmSG::2xLynk(N)(membrane),mScarlet3S2::H2B(N),histone,mScarlet3S2(histone),mScarlet3S2::H2B(N)(histone),"histone,membrane","tdmSG(membrane),mScarlet3S2(histone)"
U:\Data\20240911_Korra_Foundation\20250317_mem_histone\fish5_48hpf,2025-03-17,2025-03-19,2025-03-18 00:00:00,17:45:00,"spinal_cord, skin, muscle, tail",DH,10:30:00,2025-03-18 15:25:00,10:00:00,nuclei,nuclei,ef1a:2xLynk:tdmSG(J) (F2 of allele 301),casper/rnf,mScarlet3-S2:H2B,,,,korra,20250613_skittlez,2025-03-19,fish5_roi1,pDQM005:301,pDQM005,,ef1a:2xLynk:tdmSG(J) (F2 of allele 301),casper/rnf,/clusterfs/vast/abcabc/Korra_Foundation/20250613_skittlez/fish5_roi1,fish5_roi1,fish5_roi1,90,,pDQM117,tdmSG::2xLynk(N),membrane,tdmSG(membrane),tdmSG::2xLynk(N)(membrane),mScarlet3S2::H2B(N),histone,mScarlet3S2(histone),mScarlet3S2::H2B(N)(histone),"histone,membrane","tdmSG(membrane),mScarlet3S2(histone)"
U:\Data\20240911_Korra_Foundation\20250317_mem_histone\fish6_48hpf,2025-03-17,2025-03-19,2025-03-18 00:00:00,10:10:00,"spinal_cord, skin, muscle, tail",DH,18:00:00,2025-03-18 15:25:00,10:00:00,nuclei,nuclei,ef1a:2xLynk:tdmSG(J) (F2 of allele 301),casper/rnf,mScarlet3-S2:H2B,,,,korra,20250613_skittlez,2025-03-19,fish6_roi1,pDQM005:301,pDQM005,,ef1a:2xLynk:tdmSG(J) (F2 of allele 301),casper/rnf,/clusterfs/vast/abcabc/Korra_Foundation/20250613_skittlez/fish6_roi1,fish6_roi1,fish6_roi1,60,,pDQM117,tdmSG::2xLynk(N),membrane,tdmSG(membrane),tdmSG::2xLynk(N)(membrane),mScarlet3S2::H2B(N),histone,mScarlet3S2(histone),mScarlet3S2::H2B(N)(histone),"histone,membrane","tdmSG(membrane),mScarlet3S2(histone)"
U:\Data\20240911_Korra_Foundation\20250317_mem_histone\fish3_96hpf,2025-03-14,2025-03-18,2025-03-16 00:00:00,13:30:00,"skin, muscle",LHDH,10:00:00,2025-03-17 17:15:00,09:40:00,nuclei,nuclei,casper/rnf,ef1a:2xLynk:tdmSG(J) (F2 of allele 301),mScarlet3-S2:H2B,,,,korra,20250613_skittlez,2025-03-18,fish7_roi,pDQM005:301,pDQM005,,casper/rnf,ef1a:2xLynk:tdmSG(J) (F2 of allele 301),/clusterfs/vast/abcabc/Korra_Foundation/20250613_skittlez/fish7_roi,fish7_roi,fish7_roi,108,,pDQM117,tdmSG::2xLynk(N),membrane,tdmSG(membrane),tdmSG::2xLynk(N)(membrane),mScarlet3S2::H2B(N),histone,mScarlet3S2(histone),mScarlet3S2::H2B(N)(histone),"histone,membrane","tdmSG(membrane),mScarlet3S2(histone)"
U:\Data\20240911_Korra_Foundation\20250317_mem_histone\fish4_24hpf,2025-03-17,2025-03-18,2025-03-18 00:00:00,19:00:00,"eye, brain",LHUH,14:00:00,2025-03-18 12:30:00,13:40:00,nuclei,nuclei,ef1a:2xLynk:tdmSG(J) (F2 of allele 301),casper/rnf,mScarlet3-S2:H2B,,,,korra,20250613_skittlez,2025-03-18,fish8_roi1,pDQM005:301,pDQM005,,ef1a:2xLynk:tdmSG(J) (F2 of allele 301),casper/rnf,/clusterfs/vast/abcabc/Korra_Foundation/20250613_skittlez/fish8_roi1,fish8_roi1,fish8_roi1,90,,pDQM117,tdmSG::2xLynk(N),membrane,tdmSG(membrane),tdmSG::2xLynk(N)(membrane),mScarlet3S2::H2B(N),histone,mScarlet3S2(histone),mScarlet3S2::H2B(N)(histone),"histone,membrane","tdmSG(membrane),mScarlet3S2(histone)"
,2025-03-17,2025-03-18,2025-03-18 00:00:00,,,LHUH,fish not healthy,2025-03-18 12:30:00,13:40:00,nuclei,nuclei,ef1a:2xLynk:tdmSG(J) (F2 of allele 301),casper/rnf,mScarlet3-S2:H2B,,,,korra,20250613_skittlez,2025-03-18,fish9_roi1,pDQM005:301,pDQM005,,ef1a:2xLynk:tdmSG(J) (F2 of allele 301),casper/rnf,/clusterfs/vast/abcabc/Korra_Foundation/20250613_skittlez/fish9_roi1,fish9_roi1,fish9_roi1,240,,pDQM117,tdmSG::2xLynk(N),membrane,tdmSG(membrane),tdmSG::2xLynk(N)(membrane),mScarlet3S2::H2B(N),histone,mScarlet3S2(histone),mScarlet3S2::H2B(N)(histone),"histone,membrane","tdmSG(membrane),mScarlet3S2(histone)"
U:\Data\20240911_Korra_Foundation\20250317_mem_histone\fish1_72hpf,2025-03-14,2025-03-17,2025-03-16 00:00:00,6:20 AM (day+1),"skin, muscle",LHDH,12:45:00,2025-03-17 12:15:00,12:30:00,nuclei,nuclei,casper/rnf,ef1a:2xLynk:tdmSG(J) (F2 of allele 301),mScarlet3-S2:H2B,,,,korra,20250616_mem-histone,2025-03-17,fish1_24hpf_roi1_brain,pDQM005:301,pDQM005,,casper/rnf,ef1a:2xLynk:tdmSG(J) (F2 of allele 301),/clusterfs/vast/abcabc/Korra_Foundation/20250616_mem-histone/fish1_24hpf_roi1_brain,fish1_24hpf_roi1_brain,fish1_24hpf_roi1_brain,1812,,pDQM117,tdmSG::2xLynk(N),membrane,tdmSG(membrane),tdmSG::2xLynk(N)(membrane),mScarlet3S2::H2B(N),histone,mScarlet3S2(histone),mScarlet3S2::H2B(N)(histone),"histone,membrane","tdmSG(membrane),mScarlet3S2(histone)"
U:\Data\20240911_Korra_Foundation\20250317_mem_histone\fish2_72hpf,2025-03-14,2025-03-17,2025-03-16 00:00:00,6:20 AM (day+1),"skin, muscle",LHDH,12:45:00,2025-03-17 12:15:00,12:30:00,nuclei,nuclei,casper/rnf,ef1a:2xLynk:tdmSG(J) (F2 of allele 301),mScarlet3-S2:H2B,,,,korra,20250616_mem-histone,2025-03-17,fish1_72hpf_roi1-ear,pDQM005:301,pDQM005,,casper/rnf,ef1a:2xLynk:tdmSG(J) (F2 of allele 301),/clusterfs/vast/abcabc/Korra_Foundation/20250616_mem-histone/fish1_72hpf_roi1-ear,fish1_72hpf_roi1-ear,fish1_72hpf_roi1-ear,1144,,pDQM117,tdmSG::2xLynk(N),membrane,tdmSG(membrane),tdmSG::2xLynk(N)(membrane),mScarlet3S2::H2B(N),histone,mScarlet3S2(histone),mScarlet3S2::H2B(N)(histone),"histone,membrane","tdmSG(membrane),mScarlet3S2(histone)"
U:\Data\20240911_Korra_Foundation\20250313_mSG_skittles\fish3_24hpf,2025-03-12,2025-03-14,2025-03-13 00:00:00,12:00:00,"spinal_cord, skin, muscle",DH,10:30:00,2025-03-13 15:26:00,10:00:00,"csp,male #5 25%+ positive rate - currently best founder (but 2 alleles, one dim one bright(er)?,405,445",",csp,male #5 25%+ positive rate - currently best founder (but 2 alleles, one dim one bright(er)?,405,445",ef1a:2xLynk:tdmSG(J) (F2 of allele 301),ef1a:<cryaa:mSc>mKate2/mCitrine/Electra2/mKOK/mTFP1 (F1 of allele 309),phiC,,,,korra,20250616_mem-histone,2025-03-14,fish1_72hpf_roi2_muscle,pDQM005:301,pDQM005,,ef1a:2xLynk:tdmSG(J) (F2 of allele 301),ef1a:<cryaa:mSc>mKate2/mCitrine/Electra2/mKOK/mTFP1 (F1 of allele 309),/clusterfs/vast/abcabc/Korra_Foundation/20250616_mem-histone/fish1_72hpf_roi2_muscle,fish1_72hpf_roi2_muscle,fish1_72hpf_roi2_muscle,8600,,nan,tdmSG::2xLynk(N),membrane,tdmSG(membrane),tdmSG::2xLynk(N)(membrane),,,,,"histone,membrane",tdmSG(membrane)
U:\Data\20240911_Korra_Foundation\20250313_mSG_skittles\fish4_24hpf,2025-03-12,2025-03-14,2025-03-13 00:00:00,15:50:00,"spinal_cord, skin, muscle",DH,12:10:00,2025-03-13 15:26:00,10:00:00,"csp,male #5 25%+ positive rate - currently best founder (but 2 alleles, one dim one bright(er)?,405,445",",csp,male #5 25%+ positive rate - currently best founder (but 2 alleles, one dim one bright(er)?,405,445",ef1a:2xLynk:tdmSG(J) (F2 of allele 301),ef1a:<cryaa:mSc>mKate2/mCitrine/Electra2/mKOK/mTFP1 (F1 of allele 309),phiC,,,,korra,20250616_mem-histone,2025-03-14,fish2_24hpf_roi1_brain,pDQM005:301,pDQM005,,ef1a:2xLynk:tdmSG(J) (F2 of allele 301),ef1a:<cryaa:mSc>mKate2/mCitrine/Electra2/mKOK/mTFP1 (F1 of allele 309),/clusterfs/vast/abcabc/Korra_Foundation/20250616_mem-histone/fish2_24hpf_roi1_brain,fish2_24hpf_roi1_brain,fish2_24hpf_roi1_brain,3248,,nan,tdmSG::2xLynk(N),membrane,tdmSG(membrane),tdmSG::2xLynk(N)(membrane),,,,,"histone,membrane",tdmSG(membrane)
U:\Data\20240911_Korra_Foundation\20250314_mem_histone\fish1_24hpf,2025-03-13,2025-03-14,2025-03-14 00:00:00,18:00:00,"eye, brain",LHUT,16:10:00,2025-03-14 11:12:00,16:00:00,"csp,male #8 - best founder (40-50% transmission, multiple alleles, bright!!!),488,nuclei","csp,male #8 - best founder (40-50% transmission, multiple alleles, bright!!!),488,nuclei",casper/rnf,ef1a:2xLynk:tdmSG(J) (F1 of allele 301),mScarlet3-S2:H2B,,,,korra,20250616_mem-histone,2025-03-14,fish3_24hpf_roi1_brain,pDQM005:301,pDQM005,,casper/rnf,ef1a:2xLynk:tdmSG(J) (F1 of allele 301),/clusterfs/vast/abcabc/Korra_Foundation/20250616_mem-histone/fish3_24hpf_roi1_brain,fish3_24hpf_roi1_brain,fish3_24hpf_roi1_brain,3584,,pDQM117,tdmSG::2xLynk(N),membrane,tdmSG(membrane),tdmSG::2xLynk(N)(membrane),mScarlet3S2::H2B(N),histone,mScarlet3S2(histone),mScarlet3S2::H2B(N)(histone),"histone,membrane","tdmSG(membrane),mScarlet3S2(histone)"
U:\Data\20240911_Korra_Foundation\20250314_mem_histone\fish2_24hpf,2025-03-13,2025-03-14,2025-03-14 00:00:00,5:20 AM (day+1),"eye, brain",LHUT,18:10:00,2025-03-14 11:12:00,16:00:00,"csp,male #8 - best founder (40-50% transmission, multiple alleles, bright!!!),488,nuclei","csp,male #8 - best founder (40-50% transmission, multiple alleles, bright!!!),488,nuclei",casper/rnf,ef1a:2xLynk:tdmSG(J) (F1 of allele 301),mScarlet3-S2:H2B,,,,korra,20250616_mem-histone,2025-03-14,fish4_24hpf_roi1_brain,pDQM005:301,pDQM005,,casper/rnf,ef1a:2xLynk:tdmSG(J) (F1 of allele 301),/clusterfs/vast/abcabc/Korra_Foundation/20250616_mem-histone/fish4_24hpf_roi1_brain,fish4_24hpf_roi1_brain,fish4_24hpf_roi1_brain,1664,,pDQM117,tdmSG::2xLynk(N),membrane,tdmSG(membrane),tdmSG::2xLynk(N)(membrane),mScarlet3S2::H2B(N),histone,mScarlet3S2(histone),mScarlet3S2::H2B(N)(histone),"histone,membrane","tdmSG(membrane),mScarlet3S2(histone)"
U:\Data\20240911_Korra_Foundation\20250313_mSG_skittles\fish1_24hpf,2025-03-12,2025-03-13,2025-03-13 00:00:00,17:50:00,brain,VHUHE,16:00:00,2025-03-13 12:38:00,15:45:00,"csp,male #5 25%+ positive rate - currently best founder (but 2 alleles, one dim one bright(er)?,405,445",",csp,male #5 25%+ positive rate - currently best founder (but 2 alleles, one dim one bright(er)?,405,445",ef1a:2xLynk:tdmSG(J) (F2 of allele 301),ef1a:<cryaa:mSc>mKate2/mCitrine/Electra2/mKOK/mTFP1 (F1 of allele 309),phiC,,,,korra,20250618_skittlez,2025-03-13,fish10_roi1,pDQM005:301,pDQM005,,ef1a:2xLynk:tdmSG(J) (F2 of allele 301),ef1a:<cryaa:mSc>mKate2/mCitrine/Electra2/mKOK/mTFP1 (F1 of allele 309),/clusterfs/vast/abcabc/Korra_Foundation/20250618_skittlez/fish10_roi1,fish10_roi1,fish10_roi1,72,,nan,tdmSG::2xLynk(N),membrane,tdmSG(membrane),tdmSG::2xLynk(N)(membrane),,,,,membrane,tdmSG(membrane)
U:\Data\20240911_Korra_Foundation\20250313_mSG_skittles\fish2_24hpf,2025-03-12,2025-03-13,2025-03-13 00:00:00,19:00:00,brain,VTUHE,18:00:00,2025-03-13 12:38:00,15:45:00,"csp,male #5 25%+ positive rate - currently best founder (but 2 alleles, one dim one bright(er)?,405,445",",csp,male #5 25%+ positive rate - currently best founder (but 2 alleles, one dim one bright(er)?,405,445",ef1a:2xLynk:tdmSG(J) (F2 of allele 301),ef1a:<cryaa:mSc>mKate2/mCitrine/Electra2/mKOK/mTFP1 (F1 of allele 309),phiC,,,,korra,20250618_skittlez,2025-03-13,fish10_roi2,pDQM005:301,pDQM005,,ef1a:2xLynk:tdmSG(J) (F2 of allele 301),ef1a:<cryaa:mSc>mKate2/mCitrine/Electra2/mKOK/mTFP1 (F1 of allele 309),/clusterfs/vast/abcabc/Korra_Foundation/20250618_skittlez/fish10_roi2,fish10_roi2,fish10_roi2,72,,nan,tdmSG::2xLynk(N),membrane,tdmSG(membrane),tdmSG::2xLynk(N)(membrane),,,,,membrane,tdmSG(membrane)
U:\Data\20240911_Korra_Foundation\20250311_mem_histone\fish3_48hpf,2025-03-10,2025-03-12,2025-03-11 00:00:00,16:30:00,"spinal_cord, skin, muscle, tail",DT,09:30:00,2025-03-11 13:25:00,09:15:00,nuclei,nuclei,ef1a:2xLynk:tdmSG(J) (F2 of allele 301),ef1a:2xLynk:tdmSG(J) (F2 of allele 301),mScarlet3-S2:H2B,,,,korra,20250618_skittlez,2025-03-12,fish10_roi3,pDQM005:301,pDQM005,,ef1a:2xLynk:tdmSG(J) (F2 of allele 301),ef1a:2xLynk:tdmSG(J) (F2 of allele 301),/clusterfs/vast/abcabc/Korra_Foundation/20250618_skittlez/fish10_roi3,fish10_roi3,fish10_roi3,72,,pDQM117,tdmSG::2xLynk(N),membrane,tdmSG(membrane),tdmSG::2xLynk(N)(membrane),mScarlet3S2::H2B(N),histone,mScarlet3S2(histone),mScarlet3S2::H2B(N)(histone),"histone,membrane","tdmSG(membrane),mScarlet3S2(histone)"
,2025-03-10,2025-03-12,2025-03-12 00:00:00,mBeRFP test,,DH,,2025-03-12 11:00:00,16:45:00,cytosol,cytosol,ef1a:2xLynk:tdmSG(J) (F2 of allele 301),ef1a:2xLynk:tdmSG(J) (F2 of allele 301),,ef1a:mTFP1 and ef1a:mBeRFP,,,korra,20250618_skittlez,2025-03-12,fish10_roi4,pDQM005:301,pDQM005,,ef1a:2xLynk:tdmSG(J) (F2 of allele 301),ef1a:2xLynk:tdmSG(J) (F2 of allele 301),/clusterfs/vast/abcabc/Korra_Foundation/20250618_skittlez/fish10_roi4,fish10_roi4,fish10_roi4,72,"pDQM087,pDQM120",,tdmSG::2xLynk(N),membrane,tdmSG(membrane),tdmSG::2xLynk(N)(membrane),"mBeRFP,mTFP1",,"mBeRFP,mTFP1","mBeRFP,mTFP1",membrane,"tdmSG(membrane),mBeRFP,mTFP1"
,2025-03-10,2025-03-12,2025-03-12 00:00:00,mBeRFP test,,DH,,2025-03-12 11:00:00,16:45:00,cytosol,cytosol,ef1a:2xLynk:tdmSG(J) (F2 of allele 301),ef1a:2xLynk:tdmSG(J) (F2 of allele 301),,ef1a:mTFP1 and ef1a:mBeRFP,,,korra,20250618_skittlez,2025-03-12,fish11_roi1,pDQM005:301,pDQM005,,ef1a:2xLynk:tdmSG(J) (F2 of allele 301),ef1a:2xLynk:tdmSG(J) (F2 of allele 301),/clusterfs/vast/abcabc/Korra_Foundation/20250618_skittlez/fish11_roi1,fish11_roi1,fish11_roi1,90,"pDQM087,pDQM120",,tdmSG::2xLynk(N),membrane,tdmSG(membrane),tdmSG::2xLynk(N)(membrane),"mBeRFP,mTFP1",,"mBeRFP,mTFP1","mBeRFP,mTFP1",membrane,"tdmSG(membrane),mBeRFP,mTFP1"
U:\Data\20240911_Korra_Foundation\20250311_mem_histone\fish4_72hpf,2025-03-10,2025-03-12,2025-03-12 00:00:00,12:41:00,"spinal_cord, muscle, skin",DH,18:15:00,2025-03-12 13:10:00,18:00:00,nuclei,nuclei,ef1a:2xLynk:tdmSG(J) (F2 of allele 301),ef1a:2xLynk:tdmSG(J) (F2 of allele 301),mScarlet3-S2:H2B,,,,korra,20250618_skittlez,2025-03-12,fish1_roi1,pDQM005:301,pDQM005,,ef1a:2xLynk:tdmSG(J) (F2 of allele 301),ef1a:2xLynk:tdmSG(J) (F2 of allele 301),/clusterfs/vast/abcabc/Korra_Foundation/20250618_skittlez/fish1_roi1,fish1_roi1,fish1_roi1,24,,pDQM117,tdmSG::2xLynk(N),membrane,tdmSG(membrane),tdmSG::2xLynk(N)(membrane),mScarlet3S2::H2B(N),histone,mScarlet3S2(histone),mScarlet3S2::H2B(N)(histone),"histone,membrane","tdmSG(membrane),mScarlet3S2(histone)"
U:\Data\20240911_Korra_Foundation\20250311_mem_histone\fish5_72hpf,2025-03-10,2025-03-12,2025-03-12 00:00:00,15:35:00,"spinal_cord, skin, muscle",DH,13:00:00,2025-03-12 13:10:00,18:00:00,nuclei,nuclei,ef1a:2xLynk:tdmSG(J) (F2 of allele 301),ef1a:2xLynk:tdmSG(J) (F2 of allele 301),mScarlet3-S2:H2B,,,,korra,20250618_skittlez,2025-03-12,fish1_roi1_2,pDQM005:301,pDQM005,,ef1a:2xLynk:tdmSG(J) (F2 of allele 301),ef1a:2xLynk:tdmSG(J) (F2 of allele 301),/clusterfs/vast/abcabc/Korra_Foundation/20250618_skittlez/fish1_roi1_2,fish1_roi1_2,fish1_roi1_2,96,,pDQM117,tdmSG::2xLynk(N),membrane,tdmSG(membrane),tdmSG::2xLynk(N)(membrane),mScarlet3S2::H2B(N),histone,mScarlet3S2(histone),mScarlet3S2::H2B(N)(histone),"histone,membrane","tdmSG(membrane),mScarlet3S2(histone)"
U:\Data\20240911_Korra_Foundation\20250311_mem_histone\fish1_24hpf,2025-03-10,2025-03-11,2025-03-11 00:00:00,6:10 AM (day+1),"spinal_cord, skin, muscle",DH,11:20:00,2025-03-11 10:50:00,11:00:00,nuclei,nuclei,ef1a:2xLynk:tdmSG(J) (F2 of allele 301),ef1a:2xLynk:tdmSG(J) (F2 of allele 301),mScarlet3-S2:H2B,,,,korra,20250618_skittlez,2025-03-11,fish2_roi1,pDQM005:301,pDQM005,,ef1a:2xLynk:tdmSG(J) (F2 of allele 301),ef1a:2xLynk:tdmSG(J) (F2 of allele 301),/clusterfs/vast/abcabc/Korra_Foundation/20250618_skittlez/fish2_roi1,fish2_roi1,fish2_roi1,120,,pDQM117,tdmSG::2xLynk(N),membrane,tdmSG(membrane),tdmSG::2xLynk(N)(membrane),mScarlet3S2::H2B(N),histone,mScarlet3S2(histone),mScarlet3S2::H2B(N)(histone),"histone,membrane","tdmSG(membrane),mScarlet3S2(histone)"
U:\Data\20240911_Korra_Foundation\20250311_mem_histone\fish2_24hpf,2025-03-10,2025-03-11,2025-03-11 00:00:00,6:10 AM (day+1),"spinal_cord, skin, muscle",DH,11:20:00,2025-03-11 10:50:00,11:00:00,nuclei,nuclei,ef1a:2xLynk:tdmSG(J) (F2 of allele 301),ef1a:2xLynk:tdmSG(J) (F2 of allele 301),mScarlet3-S2:H2B,,,,korra,20250618_skittlez,2025-03-11,fish3_roi1,pDQM005:301,pDQM005,,ef1a:2xLynk:tdmSG(J) (F2 of allele 301),ef1a:2xLynk:tdmSG(J) (F2 of allele 301),/clusterfs/vast/abcabc/Korra_Foundation/20250618_skittlez/fish3_roi1,fish3_roi1,fish3_roi1,72,,pDQM117,tdmSG::2xLynk(N),membrane,tdmSG(membrane),tdmSG::2xLynk(N)(membrane),mScarlet3S2::H2B(N),histone,mScarlet3S2(histone),mScarlet3S2::H2B(N)(histone),"histone,membrane","tdmSG(membrane),mScarlet3S2(histone)"
U:\Data\20240911_Korra_Foundation\20250310_mem,2025-03-10,2025-03-10,2025-03-10 00:00:00,10 AM (day+1),,,13:10:00,2025-03-10 13:00:00,13:00:00,,,ef1a:2xLynk:tdmSG(J) (F2 of allele 301),ef1a:2xLynk:tdmSG(J) (F2 of allele 301),,,,,korra,20250618_skittlez,2025-03-10,fish4_roi1,pDQM005:301,pDQM005,,ef1a:2xLynk:tdmSG(J) (F2 of allele 301),ef1a:2xLynk:tdmSG(J) (F2 of allele 301),/clusterfs/vast/abcabc/Korra_Foundation/20250618_skittlez/fish4_roi1,fish4_roi1,fish4_roi1,72,,,tdmSG::2xLynk(N),membrane,tdmSG(membrane),tdmSG::2xLynk(N)(membrane),,,,,membrane,tdmSG(membrane)
U:\Data\20240911_Korra_Foundation\20250307_mem_histone\fish1_24hpf,,2025-03-07,,6:30 AM (day+1),"hindbrain, brain, skin, spinal_cord, muscle",DT,17:40:00,2025-03-07 00:00:00,17:20:00,nuclei,nuclei,ef1a:2xLynk:tdmSG(J) (F2 of allele 301),casper/rnf,mScarlet3-S2:H2B,,,,korra,20250618_skittlez,2025-03-07,fish5_roi1,pDQM005:301,pDQM005,,ef1a:2xLynk:tdmSG(J) (F2 of allele 301),casper/rnf,/clusterfs/vast/abcabc/Korra_Foundation/20250618_skittlez/fish5_roi1,fish5_roi1,fish5_roi1,72,,pDQM117,tdmSG::2xLynk(N),membrane,tdmSG(membrane),tdmSG::2xLynk(N)(membrane),mScarlet3S2::H2B(N),histone,mScarlet3S2(histone),mScarlet3S2::H2B(N)(histone),"histone,membrane","tdmSG(membrane),mScarlet3S2(histone)"
U:\Data\20240911_Korra_Foundation\20250303_mem_histone\fish9_48hpf,2025-03-03,2025-03-06,2025-03-04 00:00:00,14:10:00,"neuromast, skin, muscle",LHUT,11:10:00,2025-03-06 00:00:00,11:00:00,nuclei,nuclei,ef1a:2xLynk:tdmSG(J) (F2 of allele 301),ef1a:2xLynk:tdmSG(J) (F2 of allele 301),mYH:H2B,,,,korra,20250618_skittlez,2025-03-06,fish6_roi1,pDQM005:301,pDQM005,,ef1a:2xLynk:tdmSG(J) (F2 of allele 301),ef1a:2xLynk:tdmSG(J) (F2 of allele 301),/clusterfs/vast/abcabc/Korra_Foundation/20250618_skittlez/fish6_roi1,fish6_roi1,fish6_roi1,54,,pDQM105,tdmSG::2xLynk(N),membrane,tdmSG(membrane),tdmSG::2xLynk(N)(membrane),mYH::h2b(N),,mYH,mYH::h2b(N),"histone,membrane","tdmSG(membrane),mYH"
U:\Data\20240911_Korra_Foundation\20250303_mem_histone\fish10_48hpf,2025-03-03,2025-03-06,2025-03-04 00:00:00,15:20:00,brain,,14:20:00,2025-03-06 00:00:00,11:00:00,nuclei,nuclei,ef1a:2xLynk:tdmSG(J) (F2 of allele 301),ef1a:2xLynk:tdmSG(J) (F2 of allele 301),mYH:H2B,,,,korra,20250618_skittlez,2025-03-06,fish6_roi2,pDQM005:301,pDQM005,,ef1a:2xLynk:tdmSG(J) (F2 of allele 301),ef1a:2xLynk:tdmSG(J) (F2 of allele 301),/clusterfs/vast/abcabc/Korra_Foundation/20250618_skittlez/fish6_roi2,fish6_roi2,fish6_roi2,72,,pDQM105,tdmSG::2xLynk(N),membrane,tdmSG(membrane),tdmSG::2xLynk(N)(membrane),mYH::h2b(N),,mYH,mYH::h2b(N),"histone,membrane","tdmSG(membrane),mYH"
U:\Data\20240911_Korra_Foundation\20250306_skittle_mem-mSG\fish1_24hpf,2025-03-05,2025-03-06,2025-03-06 00:00:00,5:10 PM (day+1),"spinal_cord, muscle",,18:15:00,2025-03-06 00:00:00,17:45:00,"csp,male #5 25%+ positive rate - currently best founder (but 2 alleles, one dim one bright(er)?,405,445,membrane",",csp,male #5 25%+ positive rate - currently best founder (but 2 alleles, one dim one bright(er)?,405,445,membrane",casper/rnf,ef1a:<cryaa:mSc>mKate2/mCitrine/Electra2/mKOK/mTFP1 (F1 of allele 309),"phiC, 2xLynk:mSG",,,,korra,20250618_skittlez,2025-03-06,fish7_roi1,pDQM034:310,pDQM034,,casper/rnf,ef1a:<cryaa:mSc>mKate2/mCitrine/Electra2/mKOK/mTFP1 (F1 of allele 309),/clusterfs/vast/abcabc/Korra_Foundation/20250618_skittlez/fish7_roi1,fish7_roi1,fish7_roi1,72,,nan,"Electra2,mCitrine,mKOK,mKate2,mTFP1",,"Electra2,mCitrine,mKOK,mKate2,mTFP1","Electra2,mCitrine,mKOK,mKate2,mTFP1",,,,,membrane,"Electra2,mCitrine,mKOK,mKate2,mTFP1"
U:\Data\20240911_Korra_Foundation\20250303_mem_histone\fish6_48hpf,2025-03-03,2025-03-05,2025-03-04 00:00:00,17:50:00,"hindbrain, brain, skin, spinal_cord, muscle",DT,10:40:00,2025-03-05 00:00:00,10:30:00,nuclei,nuclei,ef1a:2xLynk:tdmSG(J) (F2 of allele 301),ef1a:2xLynk:tdmSG(J) (F2 of allele 301),mYH:H2B,,,,korra,20250618_skittlez,2025-03-05,fish7_roi2,pDQM005:301,pDQM005,,ef1a:2xLynk:tdmSG(J) (F2 of allele 301),ef1a:2xLynk:tdmSG(J) (F2 of allele 301),/clusterfs/vast/abcabc/Korra_Foundation/20250618_skittlez/fish7_roi2,fish7_roi2,fish7_roi2,72,,pDQM105,tdmSG::2xLynk(N),membrane,tdmSG(membrane),tdmSG::2xLynk(N)(membrane),mYH::h2b(N),,mYH,mYH::h2b(N),"histone,membrane","tdmSG(membrane),mYH"
,2025-03-03,2025-03-05,2025-03-04 00:00:00,,,LHUT,no histone signals in muscle cells,2025-03-05 00:00:00,10:30:00,nuclei,nuclei,ef1a:2xLynk:tdmSG(J) (F2 of allele 301),ef1a:2xLynk:tdmSG(J) (F2 of allele 301),mYH:H2B,,,,korra,20250618_skittlez,2025-03-05,fish7_roi3,pDQM005:301,pDQM005,,ef1a:2xLynk:tdmSG(J) (F2 of allele 301),ef1a:2xLynk:tdmSG(J) (F2 of allele 301),/clusterfs/vast/abcabc/Korra_Foundation/20250618_skittlez/fish7_roi3,fish7_roi3,fish7_roi3,48,,pDQM105,tdmSG::2xLynk(N),membrane,tdmSG(membrane),tdmSG::2xLynk(N)(membrane),mYH::h2b(N),,mYH,mYH::h2b(N),membrane,"tdmSG(membrane),mYH"
U:\Data\20240911_Korra_Foundation\20250303_mem_histone\fish7_48hpf,2025-03-03,2025-03-05,2025-03-04 00:00:00,10:30 AM (day+1),"neuromast, skin, muscle, spinal_cord",LHDH,18:10:00,2025-03-05 00:00:00,18:00:00,nuclei,nuclei,ef1a:2xLynk:tdmSG(J) (F2 of allele 301),ef1a:2xLynk:tdmSG(J) (F2 of allele 301),mYH:H2B,,,,korra,20250618_skittlez,2025-03-05,fish7_roi4,pDQM005:301,pDQM005,,ef1a:2xLynk:tdmSG(J) (F2 of allele 301),ef1a:2xLynk:tdmSG(J) (F2 of allele 301),/clusterfs/vast/abcabc/Korra_Foundation/20250618_skittlez/fish7_roi4,fish7_roi4,fish7_roi4,48,,pDQM105,tdmSG::2xLynk(N),membrane,tdmSG(membrane),tdmSG::2xLynk(N)(membrane),mYH::h2b(N),,mYH,mYH::h2b(N),"histone,membrane","tdmSG(membrane),mYH"
U:\Data\20240911_Korra_Foundation\20250303_mem_histone\fish8_48hpf,2025-03-03,2025-03-05,2025-03-04 00:00:00,10:30 AM (day+1),"spinal_cord, neuromast, skin, muscle",LHDH,18:10:00,2025-03-05 00:00:00,18:00:00,nuclei,nuclei,ef1a:2xLynk:tdmSG(J) (F2 of allele 301),ef1a:2xLynk:tdmSG(J) (F2 of allele 301),mYH:H2B,,,,korra,20250618_skittlez,2025-03-05,fish8_roi1,pDQM005:301,pDQM005,,ef1a:2xLynk:tdmSG(J) (F2 of allele 301),ef1a:2xLynk:tdmSG(J) (F2 of allele 301),/clusterfs/vast/abcabc/Korra_Foundation/20250618_skittlez/fish8_roi1,fish8_roi1,fish8_roi1,48,,pDQM105,tdmSG::2xLynk(N),membrane,tdmSG(membrane),tdmSG::2xLynk(N)(membrane),mYH::h2b(N),,mYH,mYH::h2b(N),"histone,membrane","tdmSG(membrane),mYH"
U:\Data\20240911_Korra_Foundation\20250303_mem_histone\fish4_24hpf,2025-03-03,2025-03-04,2025-03-04 00:00:00,15:30:00,"hindbrain, brain",DT,14:00:00,2025-03-04 00:00:00,13:40:00,nuclei,nuclei,ef1a:2xLynk:tdmSG(J) (F2 of allele 301),ef1a:2xLynk:tdmSG(J) (F2 of allele 301),mYH:H2B,,,,korra,20250618_skittlez,2025-03-04,fish8_roi2,pDQM005:301,pDQM005,,ef1a:2xLynk:tdmSG(J) (F2 of allele 301),ef1a:2xLynk:tdmSG(J) (F2 of allele 301),/clusterfs/vast/abcabc/Korra_Foundation/20250618_skittlez/fish8_roi2,fish8_roi2,fish8_roi2,48,,pDQM105,tdmSG::2xLynk(N),membrane,tdmSG(membrane),tdmSG::2xLynk(N)(membrane),mYH::h2b(N),,mYH,mYH::h2b(N),"histone,membrane","tdmSG(membrane),mYH"
U:\Data\20240911_Korra_Foundation\20250303_mem_histone\fish5_24hpf,2025-03-03,2025-03-04,2025-03-04 00:00:00,6:00:00 AM (day+1),"tail, spinal_cord, muscle",DT,15:45:00,2025-03-04 00:00:00,15:35:00,nuclei,nuclei,ef1a:2xLynk:tdmSG(J) (F2 of allele 301),ef1a:2xLynk:tdmSG(J) (F2 of allele 301),mYH:H2B,,,,korra,20250618_skittlez,2025-03-04,fish8_roi3,pDQM005:301,pDQM005,,ef1a:2xLynk:tdmSG(J) (F2 of allele 301),ef1a:2xLynk:tdmSG(J) (F2 of allele 301),/clusterfs/vast/abcabc/Korra_Foundation/20250618_skittlez/fish8_roi3,fish8_roi3,fish8_roi3,48,,pDQM105,tdmSG::2xLynk(N),membrane,tdmSG(membrane),tdmSG::2xLynk(N)(membrane),mYH::h2b(N),,mYH,mYH::h2b(N),"histone,membrane","tdmSG(membrane),mYH"
U:\Data\20240911_Korra_Foundation\20250303_mem_histone\fish1_72hpf,2025-02-28,2025-03-03,2025-03-02 00:00:00,17:40:00,"ear, neuromast, muscle, skin",lateral,11:00:00,2025-03-03 00:00:00,10:30:00,nuclei,nuclei,casper/rnf,ef1a:2xLynk:tdmSG(J) (F2 of allele 301),mYH:H2B (80 and 120 pg),,,,korra,20250618_skittlez,2025-03-03,fish8_roi4,pDQM005:301,pDQM005,,casper/rnf,ef1a:2xLynk:tdmSG(J) (F2 of allele 301),/clusterfs/vast/abcabc/Korra_Foundation/20250618_skittlez/fish8_roi4,fish8_roi4,fish8_roi4,48,,pDQM105,tdmSG::2xLynk(N),membrane,tdmSG(membrane),tdmSG::2xLynk(N)(membrane),mYH::h2b(N),,mYH,mYH::h2b(N),"histone,membrane","tdmSG(membrane),mYH"
U:\Data\20240911_Korra_Foundation\20250303_mem_histone\fish2_72hpf,2025-02-28,2025-03-03,2025-03-02 00:00:00,1:30 PM (day+1),"ear, muscle",lateral,18:00:00,2025-03-03 00:00:00,17:50:00,nuclei,nuclei,casper/rnf,ef1a:2xLynk:tdmSG(J) (F2 of allele 301),mYH:H2B (80 and 120 pg),,,,korra,20250618_skittlez,2025-03-03,fish9_roi1,pDQM005:301,pDQM005,,casper/rnf,ef1a:2xLynk:tdmSG(J) (F2 of allele 301),/clusterfs/vast/abcabc/Korra_Foundation/20250618_skittlez/fish9_roi1,fish9_roi1,fish9_roi1,48,,pDQM105,tdmSG::2xLynk(N),membrane,tdmSG(membrane),tdmSG::2xLynk(N)(membrane),mYH::h2b(N),,mYH,mYH::h2b(N),"histone,membrane","tdmSG(membrane),mYH"
U:\Data\20240911_Korra_Foundation\20250303_mem_histone\fish3_72hpf,2025-02-28,2025-03-03,2025-03-02 00:00:00,1:30 PM (day+1),muscle,lateral,18:00:00,2025-03-03 00:00:00,17:50:00,nuclei,nuclei,casper/rnf,ef1a:2xLynk:tdmSG(J) (F2 of allele 301),mYH:H2B (80 and 120 pg),,,,korra,20250618_skittlez,2025-03-03,fish9_roi2,pDQM005:301,pDQM005,,casper/rnf,ef1a:2xLynk:tdmSG(J) (F2 of allele 301),/clusterfs/vast/abcabc/Korra_Foundation/20250618_skittlez/fish9_roi2,fish9_roi2,fish9_roi2,48,,pDQM105,tdmSG::2xLynk(N),membrane,tdmSG(membrane),tdmSG::2xLynk(N)(membrane),mYH::h2b(N),,mYH,mYH::h2b(N),"histone,membrane","tdmSG(membrane),mYH"
U:\Data\20240911_Korra_Foundation\20250225_mem_histone\fish13_48hpf,2025-02-26,2025-02-28,2025-02-28 00:00:00,16:00:00,"hindbrain, spinal cord, muscle",DH,12:00:00,2025-02-28 23:35:00,23:45:00,"csp,male #8 - best founder (40-50% transmission, multiple alleles, bright!!!),488,nuclei","csp,male #8 - best founder (40-50% transmission, multiple alleles, bright!!!),488,nuclei",casper/rnf,ef1a:2xLynk:tdmSG(J) (F1 of allele 301),mYH:H2B (80 and 120 pg),,,,korra,20250619_skittlez,2025-02-28,fish1_roi1,pDQM005:301,pDQM005,,casper/rnf,ef1a:2xLynk:tdmSG(J) (F1 of allele 301),/clusterfs/vast/abcabc/Korra_Foundation/20250619_skittlez/fish1_roi1,fish1_roi1,fish1_roi1,72,,pDQM105,tdmSG::2xLynk(N),membrane,tdmSG(membrane),tdmSG::2xLynk(N)(membrane),mYH::h2b(N),,mYH,mYH::h2b(N),"histone,membrane","tdmSG(membrane),mYH"
U:\Data\20240911_Korra_Foundation\20250225_mem_histone\fish14_48hpf,2025-02-26,2025-02-28,2025-02-28 00:00:00,19:30:00,"hindbrain, spinal cord, muscle",DH,16:30:00,2025-02-28 23:35:00,23:45:00,"csp,male #8 - best founder (40-50% transmission, multiple alleles, bright!!!),488,nuclei","csp,male #8 - best founder (40-50% transmission, multiple alleles, bright!!!),488,nuclei",casper/rnf,ef1a:2xLynk:tdmSG(J) (F1 of allele 301),mYH:H2B (80 and 120 pg),,,,korra,20250619_skittlez,2025-02-28,fish1_roi2,pDQM005:301,pDQM005,,casper/rnf,ef1a:2xLynk:tdmSG(J) (F1 of allele 301),/clusterfs/vast/abcabc/Korra_Foundation/20250619_skittlez/fish1_roi2,fish1_roi2,fish1_roi2,72,,pDQM105,tdmSG::2xLynk(N),membrane,tdmSG(membrane),tdmSG::2xLynk(N)(membrane),mYH::h2b(N),,mYH,mYH::h2b(N),"histone,membrane","tdmSG(membrane),mYH"
U:\Data\20240911_Korra_Foundation\20250225_mem_histone\fish8_24hpf,2025-02-26,2025-02-27,2025-02-27 00:00:00,15:10:00,brain,vertical head up,13:40:00,2025-02-27 10:20:00,11:00:00,"csp,male #8 - best founder (40-50% transmission, multiple alleles, bright!!!),488,nuclei","csp,male #8 - best founder (40-50% transmission, multiple alleles, bright!!!),488,nuclei",casper/rnf,ef1a:2xLynk:tdmSG(J) (F1 of allele 301),mYH:H2B (80 and 120 pg),,,,korra,20250619_skittlez,2025-02-27,fish2_roi1,pDQM005:301,pDQM005,,casper/rnf,ef1a:2xLynk:tdmSG(J) (F1 of allele 301),/clusterfs/vast/abcabc/Korra_Foundation/20250619_skittlez/fish2_roi1,fish2_roi1,fish2_roi1,72,,pDQM105,tdmSG::2xLynk(N),membrane,tdmSG(membrane),tdmSG::2xLynk(N)(membrane),mYH::h2b(N),,mYH,mYH::h2b(N),"histone,membrane","tdmSG(membrane),mYH"
U:\Data\20240911_Korra_Foundation\20250225_mem_histone\fish7_24hpf,2025-02-26,2025-02-27,2025-02-27 00:00:00,13:30:00,brain,vertical head up,11:10:00,2025-02-27 10:20:00,11:00:00,"csp,male #8 - best founder (40-50% transmission, multiple alleles, bright!!!),488,nuclei","csp,male #8 - best founder (40-50% transmission, multiple alleles, bright!!!),488,nuclei",casper/rnf,ef1a:2xLynk:tdmSG(J) (F1 of allele 301),mYH:H2B (80 and 120 pg),,,,korra,20250619_skittlez,2025-02-27,fish3_roi1,pDQM005:301,pDQM005,,casper/rnf,ef1a:2xLynk:tdmSG(J) (F1 of allele 301),/clusterfs/vast/abcabc/Korra_Foundation/20250619_skittlez/fish3_roi1,fish3_roi1,fish3_roi1,72,,pDQM105,tdmSG::2xLynk(N),membrane,tdmSG(membrane),tdmSG::2xLynk(N)(membrane),mYH::h2b(N),,mYH,mYH::h2b(N),"histone,membrane","tdmSG(membrane),mYH"
U:\Data\20240911_Korra_Foundation\20250225_mem_histone\fish9_24hpf,2025-02-26,2025-02-27,2025-02-27 00:00:00,16:30:00,"eye, brain",lateral,15:40:00,2025-02-27 12:05:00,15:30:00,"csp,male #8 - best founder (40-50% transmission, multiple alleles, bright!!!),488,nuclei","csp,male #8 - best founder (40-50% transmission, multiple alleles, bright!!!),488,nuclei",casper/rnf,ef1a:2xLynk:tdmSG(J) (F1 of allele 301),mYH:H2B (80 and 120 pg),,,,korra,20250619_skittlez,2025-02-27,fish3_roi2,pDQM005:301,pDQM005,,casper/rnf,ef1a:2xLynk:tdmSG(J) (F1 of allele 301),/clusterfs/vast/abcabc/Korra_Foundation/20250619_skittlez/fish3_roi2,fish3_roi2,fish3_roi2,72,,pDQM105,tdmSG::2xLynk(N),membrane,tdmSG(membrane),tdmSG::2xLynk(N)(membrane),mYH::h2b(N),,mYH,mYH::h2b(N),"histone,membrane","tdmSG(membrane),mYH"
U:\Data\20240911_Korra_Foundation\20250225_mem_histone\fish10_24hpf,2025-02-26,2025-02-27,2025-02-27 00:00:00,17:30:00,"eye, brain",lateral,16:40:00,2025-02-27 12:05:00,15:30:00,"csp,male #8 - best founder (40-50% transmission, multiple alleles, bright!!!),488,nuclei","csp,male #8 - best founder (40-50% transmission, multiple alleles, bright!!!),488,nuclei",casper/rnf,ef1a:2xLynk:tdmSG(J) (F1 of allele 301),mYH:H2B (80 and 120 pg),,,,korra,20250619_skittlez,2025-02-27,fish4_roi1,pDQM005:301,pDQM005,,casper/rnf,ef1a:2xLynk:tdmSG(J) (F1 of allele 301),/clusterfs/vast/abcabc/Korra_Foundation/20250619_skittlez/fish4_roi1,fish4_roi1,fish4_roi1,108,,pDQM105,tdmSG::2xLynk(N),membrane,tdmSG(membrane),tdmSG::2xLynk(N)(membrane),mYH::h2b(N),,mYH,mYH::h2b(N),"histone,membrane","tdmSG(membrane),mYH"
U:\Data\20240911_Korra_Foundation\20250225_mem_histone\fish11_24hpf,2025-02-26,2025-02-27,2025-02-27 00:00:00,7 AM (day+1),"hindbrain, spinal cord, muscle",dorsal,18:00:00,2025-02-27 13:30:00,17:40:00,"csp,male #8 - best founder (40-50% transmission, multiple alleles, bright!!!),488,nuclei","csp,male #8 - best founder (40-50% transmission, multiple alleles, bright!!!),488,nuclei",casper/rnf,ef1a:2xLynk:tdmSG(J) (F1 of allele 301),mYH:H2B (80 and 120 pg),,,,korra,20250619_skittlez,2025-02-27,fish5_roi1,pDQM005:301,pDQM005,,casper/rnf,ef1a:2xLynk:tdmSG(J) (F1 of allele 301),/clusterfs/vast/abcabc/Korra_Foundation/20250619_skittlez/fish5_roi1,fish5_roi1,fish5_roi1,72,,pDQM105,tdmSG::2xLynk(N),membrane,tdmSG(membrane),tdmSG::2xLynk(N)(membrane),mYH::h2b(N),,mYH,mYH::h2b(N),"histone,membrane","tdmSG(membrane),mYH"
U:\Data\20240911_Korra_Foundation\20250225_mem_histone\fish12_24hpf,2025-02-26,2025-02-27,2025-02-27 00:00:00,7 AM (day+1),"hindbrain, spinal cord, muscle",dorsal,18:00:00,2025-02-27 13:30:00,17:40:00,"csp,male #8 - best founder (40-50% transmission, multiple alleles, bright!!!),488,nuclei","csp,male #8 - best founder (40-50% transmission, multiple alleles, bright!!!),488,nuclei",casper/rnf,ef1a:2xLynk:tdmSG(J) (F1 of allele 301),mYH:H2B (80 and 120 pg),,,,korra,20250619_skittlez,2025-02-27,fish5_roi2,pDQM005:301,pDQM005,,casper/rnf,ef1a:2xLynk:tdmSG(J) (F1 of allele 301),/clusterfs/vast/abcabc/Korra_Foundation/20250619_skittlez/fish5_roi2,fish5_roi2,fish5_roi2,72,,pDQM105,tdmSG::2xLynk(N),membrane,tdmSG(membrane),tdmSG::2xLynk(N)(membrane),mYH::h2b(N),,mYH,mYH::h2b(N),"histone,membrane","tdmSG(membrane),mYH"
U:\Data\20240911_Korra_Foundation\20250225_mem_nuc\fish3_48hpf,2025-02-24,2025-02-26,2025-02-26 00:00:00,15:00:00,brain,vertical head up,12:10:00,2025-02-26 11:15:00,11:45:00,nuclei,nuclei,casper/rnf,ef1a:2xLynk:tdmSG(J) (F2 of allele 301),mYH:H2B (80 and 120 pg),,,,korra,20250620_mitomSG,2025-02-26,fish1_roi1,pDQM005:301,pDQM005,,casper/rnf,ef1a:2xLynk:tdmSG(J) (F2 of allele 301),/clusterfs/vast/abcabc/Korra_Foundation/20250620_mitomSG/fish1_roi1,fish1_roi1,fish1_roi1,705,,pDQM105,tdmSG::2xLynk(N),membrane,tdmSG(membrane),tdmSG::2xLynk(N)(membrane),mYH::h2b(N),,mYH,mYH::h2b(N),"membrane,mitochondria","tdmSG(membrane),mYH"
U:\Data\20240911_Korra_Foundation\20250225_mem_nuc\fish4_48hpf,2025-02-24,2025-02-26,2025-02-26 00:00:00,16:30:00,brain,vertical head up,15:30:00,2025-02-26 11:15:00,11:45:00,nuclei,nuclei,casper/rnf,ef1a:2xLynk:tdmSG(J) (F2 of allele 301),mYH:H2B (80 and 120 pg),,,,korra,20250624_skittlez_Chris_x_Liam,2025-02-26,fish2_roi1,pDQM005:301,pDQM005,,casper/rnf,ef1a:2xLynk:tdmSG(J) (F2 of allele 301),/clusterfs/vast/abcabc/Korra_Foundation/20250624_skittlez_Chris_x_Liam/fish2_roi1,fish2_roi1,fish2_roi1,72,,pDQM105,tdmSG::2xLynk(N),membrane,tdmSG(membrane),tdmSG::2xLynk(N)(membrane),mYH::h2b(N),,mYH,mYH::h2b(N),membrane,"tdmSG(membrane),mYH"
U:\Data\20240911_Korra_Foundation\20250225_mem_histone\fish5_6_48hpf (roi1-2),2025-02-24,2025-02-26,2025-02-26 00:00:00,10:50:00 AM (day+1),"hindbrain, spinal cord, muscle",dorsal,17:00:00,2025-02-26 14:55:00,16:40:00,nuclei,nuclei,casper/rnf,ef1a:2xLynk:tdmSG(J) (F2 of allele 301),mYH:H2B (80 and 120 pg),,,,korra,20250624_skittlez_Chris_x_Liam,2025-02-26,fish3_roi1,pDQM005:301,pDQM005,,casper/rnf,ef1a:2xLynk:tdmSG(J) (F2 of allele 301),/clusterfs/vast/abcabc/Korra_Foundation/20250624_skittlez_Chris_x_Liam/fish3_roi1,fish3_roi1,fish3_roi1,72,,pDQM105,tdmSG::2xLynk(N),membrane,tdmSG(membrane),tdmSG::2xLynk(N)(membrane),mYH::h2b(N),,mYH,mYH::h2b(N),"histone,membrane","tdmSG(membrane),mYH"
U:\Data\20240911_Korra_Foundation\20250225_mem_histone\fish5_6_48hpf (roi3-4),2025-02-24,2025-02-26,2025-02-26 00:00:00,10:50:00 AM (day+1),"spinal cord, muscle",dorsal,17:00:00,2025-02-26 14:55:00,16:40:00,nuclei,nuclei,casper/rnf,ef1a:2xLynk:tdmSG(J) (F2 of allele 301),mYH:H2B (80 and 120 pg),,,,korra,20250624_skittlez_Chris_x_Liam,2025-02-26,fish3_roi2,pDQM005:301,pDQM005,,casper/rnf,ef1a:2xLynk:tdmSG(J) (F2 of allele 301),/clusterfs/vast/abcabc/Korra_Foundation/20250624_skittlez_Chris_x_Liam/fish3_roi2,fish3_roi2,fish3_roi2,72,,pDQM105,tdmSG::2xLynk(N),membrane,tdmSG(membrane),tdmSG::2xLynk(N)(membrane),mYH::h2b(N),,mYH,mYH::h2b(N),"histone,membrane","tdmSG(membrane),mYH"
U:\Data\20240911_Korra_Foundation\20250225_mem_histone\fish1_24hpf,2025-02-24,2025-02-25,2025-02-25 00:00:00,16:30:00,"hindbrain, spinal cord, muscle",vertical head up,12:30:00,2025-02-25 12:10:00,12:20:00,nuclei,nuclei,casper/rnf,ef1a:2xLynk:tdmSG(J) (F2 of allele 301),mYH:H2B (80 and 120 pg),,,,korra,20250624_skittlez_Chris_x_Liam,2025-02-25,fish3_roi3,pDQM005:301,pDQM005,,casper/rnf,ef1a:2xLynk:tdmSG(J) (F2 of allele 301),/clusterfs/vast/abcabc/Korra_Foundation/20250624_skittlez_Chris_x_Liam/fish3_roi3,fish3_roi3,fish3_roi3,72,,pDQM105,tdmSG::2xLynk(N),membrane,tdmSG(membrane),tdmSG::2xLynk(N)(membrane),mYH::h2b(N),,mYH,mYH::h2b(N),"histone,membrane","tdmSG(membrane),mYH"
,2025-02-24,2025-02-25,2025-02-25 00:00:00,,,vertical head up,fish not accessible,2025-02-25 12:10:00,12:20:00,nuclei,nuclei,casper/rnf,ef1a:2xLynk:tdmSG(J) (F2 of allele 301),mYH:H2B (80 and 120 pg),,,,korra,20250624_skittlez_Chris_x_Liam,2025-02-25,fish4_roi1,pDQM005:301,pDQM005,,casper/rnf,ef1a:2xLynk:tdmSG(J) (F2 of allele 301),/clusterfs/vast/abcabc/Korra_Foundation/20250624_skittlez_Chris_x_Liam/fish4_roi1,fish4_roi1,fish4_roi1,72,,pDQM105,tdmSG::2xLynk(N),membrane,tdmSG(membrane),tdmSG::2xLynk(N)(membrane),mYH::h2b(N),,mYH,mYH::h2b(N),membrane,"tdmSG(membrane),mYH"
U:\Data\20240911_Korra_Foundation\20250225_mem_histone\fish2_24hpf,2025-02-24,2025-02-25,2025-02-25 00:00:00,11:15 AM (day+1),"spinal cord, muscle",dorsal,17:15:00,2025-02-25 15:40:00,16:40:00,nuclei,nuclei,casper/rnf,ef1a:2xLynk:tdmSG(J) (F2 of allele 301),mYH:H2B (80 and 120 pg),,,,korra,20250624_skittlez_Chris_x_Liam,2025-02-25,fish4_roi2,pDQM005:301,pDQM005,,casper/rnf,ef1a:2xLynk:tdmSG(J) (F2 of allele 301),/clusterfs/vast/abcabc/Korra_Foundation/20250624_skittlez_Chris_x_Liam/fish4_roi2,fish4_roi2,fish4_roi2,72,,pDQM105,tdmSG::2xLynk(N),membrane,tdmSG(membrane),tdmSG::2xLynk(N)(membrane),mYH::h2b(N),,mYH,mYH::h2b(N),"histone,membrane","tdmSG(membrane),mYH"
,2025-02-24,2025-02-25,2025-02-25 00:00:00,,,dorsal,fish not accessible,2025-02-25 15:40:00,16:40:00,nuclei,nuclei,casper/rnf,ef1a:2xLynk:tdmSG(J) (F2 of allele 301),mYH:H2B (80 and 120 pg),,,,korra,20250624_skittlez_Chris_x_Liam,2025-02-25,fish4_roi3,pDQM005:301,pDQM005,,casper/rnf,ef1a:2xLynk:tdmSG(J) (F2 of allele 301),/clusterfs/vast/abcabc/Korra_Foundation/20250624_skittlez_Chris_x_Liam/fish4_roi3,fish4_roi3,fish4_roi3,72,,pDQM105,tdmSG::2xLynk(N),membrane,tdmSG(membrane),tdmSG::2xLynk(N)(membrane),mYH::h2b(N),,mYH,mYH::h2b(N),membrane,"tdmSG(membrane),mYH"
U:\Data\20240911_Korra_Foundation\20250220_tg_mem_skittles\fish2_phic_48hpf,,2025-02-21,,14:40:00,skittles test,LHUT,11:00:00,,10:30:00,"csp,male #5 25%+ positive rate - currently best founder (but 2 alleles, one dim one bright(er)?,405,445",",csp,male #5 25%+ positive rate - currently best founder (but 2 alleles, one dim one bright(er)?,405,445",ef1a:2xLynk:tdmSG(J) (F2 of allele 301),ef1a:<cryaa:mSc>mKate2/mCitrine/Electra2/mKOK/mTFP1 (F1 of allele 309),phiC mRNA (120 pg),,,,korra,20250624_skittlez_Chris_x_Liam,2025-02-21,fish4_roi4,pDQM005:301,pDQM005,,ef1a:2xLynk:tdmSG(J) (F2 of allele 301),ef1a:<cryaa:mSc>mKate2/mCitrine/Electra2/mKOK/mTFP1 (F1 of allele 309),/clusterfs/vast/abcabc/Korra_Foundation/20250624_skittlez_Chris_x_Liam/fish4_roi4,fish4_roi4,fish4_roi4,72,,nan,tdmSG::2xLynk(N),membrane,tdmSG(membrane),tdmSG::2xLynk(N)(membrane),,,,,membrane,tdmSG(membrane)
U:\Data\20240911_Korra_Foundation\20250220_tg_mem_skittles\fish3_phic-nls_48hpf,,2025-02-21,,17:40:00,skittles test,LHUT,14:50:00,,10:30:00,"csp,male #5 25%+ positive rate - currently best founder (but 2 alleles, one dim one bright(er)?,405,445",",csp,male #5 25%+ positive rate - currently best founder (but 2 alleles, one dim one bright(er)?,405,445",ef1a:2xLynk:tdmSG(J) (F2 of allele 301),ef1a:<cryaa:mSc>mKate2/mCitrine/Electra2/mKOK/mTFP1 (F1 of allele 309),phiC-NLS mRNA (120 pg),,,,korra,20250624_skittlez_Chris_x_Liam,2025-02-21,fish5_roi1,pDQM005:301,pDQM005,,ef1a:2xLynk:tdmSG(J) (F2 of allele 301),ef1a:<cryaa:mSc>mKate2/mCitrine/Electra2/mKOK/mTFP1 (F1 of allele 309),/clusterfs/vast/abcabc/Korra_Foundation/20250624_skittlez_Chris_x_Liam/fish5_roi1,fish5_roi1,fish5_roi1,2,,nan,tdmSG::2xLynk(N),membrane,tdmSG(membrane),tdmSG::2xLynk(N)(membrane),,,,,membrane,tdmSG(membrane)
U:\Data\20240911_Korra_Foundation\20250218_mem_histone\fish3_72hpf_halo_jfx649,2025-02-17,2025-02-20,2025-02-19 00:00:00,15:10:00,"muscle, spinal cord, blood vessle",dorsal,10:30:00,15:00:00,10:00:00,"csp,male #8 - best founder (40-50% transmission, multiple alleles, bright!!!),488","csp,male #8 - best founder (40-50% transmission, multiple alleles, bright!!!),488",ef1a:H2B:Halo,ef1a:2xLynk:tdmSG(J) (F1 of allele 301),JF635 3uM,,,,korra,20250624_skittlez_Chris_x_Liam,2025-02-20,fish5_roi1-1,Swinburne:Swinburne,Swinburne,,ef1a:H2B:Halo,ef1a:2xLynk:tdmSG(J) (F1 of allele 301),/clusterfs/vast/abcabc/Korra_Foundation/20250624_skittlez_Chris_x_Liam/fish5_roi1-1,fish5_roi1-1,fish5_roi1-1,48,,nan,,,,,,,,,"histone,membrane",
U:\Data\20240911_Korra_Foundation\20250220_tg_mem_skittles\fish1_phic_24hpf,,2025-02-20,,18:00:00,skittles test,,15:30:00,,15:20:00,"csp,male #5 25%+ positive rate - currently best founder (but 2 alleles, one dim one bright(er)?,405,445",",csp,male #5 25%+ positive rate - currently best founder (but 2 alleles, one dim one bright(er)?,405,445",ef1a:2xLynk:tdmSG(J) (F2 of allele 301),ef1a:<cryaa:mSc>mKate2/mCitrine/Electra2/mKOK/mTFP1 (F1 of allele 309),phiC mRNA (120 pg),,,,korra,20250624_skittlez_Chris_x_Liam,2025-02-20,fish6_roi1,pDQM005:301,pDQM005,,ef1a:2xLynk:tdmSG(J) (F2 of allele 301),ef1a:<cryaa:mSc>mKate2/mCitrine/Electra2/mKOK/mTFP1 (F1 of allele 309),/clusterfs/vast/abcabc/Korra_Foundation/20250624_skittlez_Chris_x_Liam/fish6_roi1,fish6_roi1,fish6_roi1,48,,nan,tdmSG::2xLynk(N),membrane,tdmSG(membrane),tdmSG::2xLynk(N)(membrane),,,,,membrane,tdmSG(membrane)
"U:\Data\20240911_Korra_Foundation\20250218_mem_histone\fish2_48hpf_halo_jfx649 (roi1,2,2-2)",2025-02-17,2025-02-19,2025-02-18 00:00:00,8 AM (day+1),"brain, ear",dorsal,13:50:00,17:00:00,13:40:00,"csp,male #8 - best founder (40-50% transmission, multiple alleles, bright!!!),488","csp,male #8 - best founder (40-50% transmission, multiple alleles, bright!!!),488",ef1a:H2B:Halo,ef1a:2xLynk:tdmSG(J) (F1 of allele 301),JF635 3uM,,,,korra,20250624_skittlez_Chris_x_Liam,2025-02-19,fish6_roi2,Swinburne:Swinburne,Swinburne,,ef1a:H2B:Halo,ef1a:2xLynk:tdmSG(J) (F1 of allele 301),/clusterfs/vast/abcabc/Korra_Foundation/20250624_skittlez_Chris_x_Liam/fish6_roi2,fish6_roi2,fish6_roi2,48,,nan,,,,,,,,,"histone,membrane",
U:\Data\20240911_Korra_Foundation\20250218_mem_histone\fish2_48hpf_halo_jfx649 (roi 3-9),2025-02-17,2025-02-19,2025-02-18 00:00:00,8 AM (day+1),"brain, spinal cord, muscle",dorsal,13:50:00,17:00:00,13:40:00,"csp,male #8 - best founder (40-50% transmission, multiple alleles, bright!!!),488","csp,male #8 - best founder (40-50% transmission, multiple alleles, bright!!!),488",ef1a:H2B:Halo,ef1a:2xLynk:tdmSG(J) (F1 of allele 301),JF635 3uM,,,,korra,20250624_skittlez_Chris_x_Liam,2025-02-19,fish6_roi3,Swinburne:Swinburne,Swinburne,,ef1a:H2B:Halo,ef1a:2xLynk:tdmSG(J) (F1 of allele 301),/clusterfs/vast/abcabc/Korra_Foundation/20250624_skittlez_Chris_x_Liam/fish6_roi3,fish6_roi3,fish6_roi3,48,,nan,,,,,,,,,"histone,membrane",
U:\Data\20240911_Korra_Foundation\20250218_mem_histone\fish1_24hpf_halo_jfx649,2025-02-17,2025-02-18,2025-02-18 00:00:00,1:40 pm (day+1),"brain, spinal cord, muscle",dorsal,17:10:00,17:00:00,17:00:00,"csp,male #8 - best founder (40-50% transmission, multiple alleles, bright!!!),488","csp,male #8 - best founder (40-50% transmission, multiple alleles, bright!!!),488",ef1a:H2B:Halo,ef1a:2xLynk:tdmSG(J) (F1 of allele 301),JF635 3uM,,,,korra,20250624_skittlez_Chris_x_Liam,2025-02-18,fish7_roi1,Swinburne:Swinburne,Swinburne,,ef1a:H2B:Halo,ef1a:2xLynk:tdmSG(J) (F1 of allele 301),/clusterfs/vast/abcabc/Korra_Foundation/20250624_skittlez_Chris_x_Liam/fish7_roi1,fish7_roi1,fish7_roi1,48,,nan,,,,,,,,,"histone,membrane",
U:\Data\20240911_Korra_Foundation\20250211_mem_histone\fish8_72hpf_mYH,2025-02-10,2025-02-13,2025-02-12 00:00:00,17:00:00,muscle+ neuromast+skin,LHUT,10:45:00,2025-02-12 16:20:00,10:20:00,nuclei,nuclei,casper/rnf,ef1a:2xLynk:tdmSG(J) (F2 of allele 301),mYH:H2B (80 and 120 pg),,,,korra,20250624_skittlez_Chris_x_Liam,2025-02-13,fish7_roi2,pDQM005:301,pDQM005,,casper/rnf,ef1a:2xLynk:tdmSG(J) (F2 of allele 301),/clusterfs/vast/abcabc/Korra_Foundation/20250624_skittlez_Chris_x_Liam/fish7_roi2,fish7_roi2,fish7_roi2,48,,pDQM105,tdmSG::2xLynk(N),membrane,tdmSG(membrane),tdmSG::2xLynk(N)(membrane),mYH::h2b(N),,mYH,mYH::h2b(N),"histone,membrane","tdmSG(membrane),mYH"
,2025-02-10,2025-02-13,2025-02-12 00:00:00,,,LHUT,,2025-02-12 16:20:00,10:20:00,nuclei,nuclei,casper/rnf,ef1a:2xLynk:tdmSG(J) (F2 of allele 301),mYH:H2B (80 and 120 pg),,,,korra,20250624_skittlez_Chris_x_Liam,2025-02-13,fish7_roi3,pDQM005:301,pDQM005,,casper/rnf,ef1a:2xLynk:tdmSG(J) (F2 of allele 301),/clusterfs/vast/abcabc/Korra_Foundation/20250624_skittlez_Chris_x_Liam/fish7_roi3,fish7_roi3,fish7_roi3,48,,pDQM105,tdmSG::2xLynk(N),membrane,tdmSG(membrane),tdmSG::2xLynk(N)(membrane),mYH::h2b(N),,mYH,mYH::h2b(N),membrane,"tdmSG(membrane),mYH"
U:\Data\20240911_Korra_Foundation\20250211_mem_histone\fish9_10_24hpf_mYH,,2025-02-13,,5:30:00 PM (day+1),hindbrain,dorsal,17:10:00,2025-02-13 16:30:00,17:00:00,nuclei,nuclei,,,mYH:H2B (80 and 120 pg),,,,korra,20250624_skittlez_Chris_x_Liam,2025-02-13,fish7_roi4,,,,,,/clusterfs/vast/abcabc/Korra_Foundation/20250624_skittlez_Chris_x_Liam/fish7_roi4,fish7_roi4,fish7_roi4,48,,pDQM105,,,,,mYH::h2b(N),,mYH,mYH::h2b(N),"histone,membrane",mYH
U:\Data\20240911_Korra_Foundation\20250211_mem_histone\fish9_10_24hpf_mYH,,2025-02-13,,5:30:00 PM (day+1）,"hindbrain, spinal cord, muscle",dorsal,17:10:00,2025-02-13 16:30:00,17:00:00,nuclei,nuclei,,,mYH:H2B (80 and 120 pg),,,,korra,20250624_skittlez_Issac_x_Ken,2025-02-13,fish1_roi1,,,,,,/clusterfs/vast/abcabc/Korra_Foundation/20250624_skittlez_Issac_x_Ken/fish1_roi1,fish1_roi1,fish1_roi1,54,,pDQM105,,,,,mYH::h2b(N),,mYH,mYH::h2b(N),"histone,membrane",mYH
U:\Data\20240911_Korra_Foundation\20250211_mem_histone\fish7_48hpf_mYH,2025-02-10,2025-02-12,2025-02-11 00:00:00,10:10 AM (day+1),muscle,dorsal,17:00:00,11:15:00,10:50:00,nuclei,nuclei,casper/rnf,ef1a:2xLynk:tdmSG(J) (F2 of allele 301),mYH:H2B (80 and 120 pg),,,,korra,20250624_skittlez_Issac_x_Ken,2025-02-12,fish2_roi1,pDQM005:301,pDQM005,,casper/rnf,ef1a:2xLynk:tdmSG(J) (F2 of allele 301),/clusterfs/vast/abcabc/Korra_Foundation/20250624_skittlez_Issac_x_Ken/fish2_roi1,fish2_roi1,fish2_roi1,72,,pDQM105,tdmSG::2xLynk(N),membrane,tdmSG(membrane),tdmSG::2xLynk(N)(membrane),mYH::h2b(N),,mYH,mYH::h2b(N),"histone,membrane","tdmSG(membrane),mYH"
U:\Data\20240911_Korra_Foundation\20250211_mem_histone\fish5_48hpf_mYH,2025-02-10,2025-02-12,2025-02-11 00:00:00,10:45:00,tail (other regions bad quality due to nonideal fish orientation),LHUT,10:00:00,2025-02-11 16:15:00,09:00:00,nuclei,nuclei,casper/rnf,ef1a:2xLynk:tdmSG(J) (F2 of allele 301),mYH:H2B (80 and 120 pg),,,,korra,20250624_skittlez_Issac_x_Ken,2025-02-12,fish2_roi2,pDQM005:301,pDQM005,,casper/rnf,ef1a:2xLynk:tdmSG(J) (F2 of allele 301),/clusterfs/vast/abcabc/Korra_Foundation/20250624_skittlez_Issac_x_Ken/fish2_roi2,fish2_roi2,fish2_roi2,72,,pDQM105,tdmSG::2xLynk(N),membrane,tdmSG(membrane),tdmSG::2xLynk(N)(membrane),mYH::h2b(N),,mYH,mYH::h2b(N),"histone,membrane","tdmSG(membrane),mYH"
,2025-02-10,2025-02-12,2025-02-11 00:00:00,,,LHUT,can not locate the fish,2025-02-11 16:15:00,09:00:00,nuclei,nuclei,casper/rnf,ef1a:2xLynk:tdmSG(J) (F2 of allele 301),mChilada:H2B (80 and 120 pg),,,,korra,20250624_skittlez_Issac_x_Ken,2025-02-12,fish3_roi1,pDQM005:301,pDQM005,,casper/rnf,ef1a:2xLynk:tdmSG(J) (F2 of allele 301),/clusterfs/vast/abcabc/Korra_Foundation/20250624_skittlez_Issac_x_Ken/fish3_roi1,fish3_roi1,fish3_roi1,60,,pDQM104,tdmSG::2xLynk(N),membrane,tdmSG(membrane),tdmSG::2xLynk(N)(membrane),mchilada,,mchilada,mchilada,membrane,"tdmSG(membrane),mchilada"
U:\Data\20240911_Korra_Foundation\20250211_mem_histone\fish2_24hpf_mYH,2025-02-10,2025-02-11,2025-02-11 00:00:00,15:40:00,spinal cord + muscle + skin,dorsal,10:45:00,10:15:00,10:30:00,nuclei,nuclei,casper/rnf,ef1a:2xLynk:tdmSG(J) (F2 of allele 301),mYH:H2B (80 and 120 pg),,,,korra,20250624_skittlez_Issac_x_Ken,2025-02-11,fish4_roi1,pDQM005:301,pDQM005,,casper/rnf,ef1a:2xLynk:tdmSG(J) (F2 of allele 301),/clusterfs/vast/abcabc/Korra_Foundation/20250624_skittlez_Issac_x_Ken/fish4_roi1,fish4_roi1,fish4_roi1,72,,pDQM105,tdmSG::2xLynk(N),membrane,tdmSG(membrane),tdmSG::2xLynk(N)(membrane),mYH::h2b(N),,mYH,mYH::h2b(N),"histone,membrane","tdmSG(membrane),mYH"
,2025-02-10,,2025-02-11 00:00:00,,,dorsal,,10:15:00,,nuclei,nuclei,casper/rnf,ef1a:2xLynk:tdmSG(J) (F2 of allele 301),mChilada:H2B (80 and 120 pg),,,,korra,20250625_skittlez,2025-02-11,fish1_roi1,pDQM005:301,pDQM005,,casper/rnf,ef1a:2xLynk:tdmSG(J) (F2 of allele 301),/clusterfs/vast/abcabc/Korra_Foundation/20250625_skittlez/fish1_roi1,fish1_roi1,fish1_roi1,72,,pDQM104,tdmSG::2xLynk(N),membrane,tdmSG(membrane),tdmSG::2xLynk(N)(membrane),mchilada,,mchilada,mchilada,membrane,"tdmSG(membrane),mchilada"
U:\Data\20240911_Korra_Foundation\20250211_mem_histone\fish6_48hpf_mchilada,2025-02-10,2025-02-12,2025-02-11 00:00:00,16:40:00,spinal cord + muscle + skin,dorsal,11:00:00,11:15:00,10:50:00,nuclei,nuclei,casper/rnf,ef1a:2xLynk:tdmSG(J) (F2 of allele 301),mChilada:H2B (80 and 120 pg),,,,korra,20250625_skittlez,2025-02-11,fish1_roi2,pDQM005:301,pDQM005,,casper/rnf,ef1a:2xLynk:tdmSG(J) (F2 of allele 301),/clusterfs/vast/abcabc/Korra_Foundation/20250625_skittlez/fish1_roi2,fish1_roi2,fish1_roi2,72,,pDQM104,tdmSG::2xLynk(N),membrane,tdmSG(membrane),tdmSG::2xLynk(N)(membrane),mchilada,,mchilada,mchilada,"histone,membrane","tdmSG(membrane),mchilada"
U:\Data\20240911_Korra_Foundation\20250211_mem_histone\fish4_24hpf_mYH,2025-02-10,2025-02-11,2025-02-11 00:00:00,9 AM (day+1),spinal cord + muscle + skin,dorsal,18:10:00,11:50:00,15:55:00,nuclei,nuclei,casper/rnf,ef1a:2xLynk:tdmSG(J) (F2 of allele 301),mYH:H2B (80 and 120 pg),,,,korra,20250625_skittlez,2025-02-11,fish3_roi1,pDQM005:301,pDQM005,,casper/rnf,ef1a:2xLynk:tdmSG(J) (F2 of allele 301),/clusterfs/vast/abcabc/Korra_Foundation/20250625_skittlez/fish3_roi1,fish3_roi1,fish3_roi1,90,,pDQM105,tdmSG::2xLynk(N),membrane,tdmSG(membrane),tdmSG::2xLynk(N)(membrane),mYH::h2b(N),,mYH,mYH::h2b(N),"histone,membrane","tdmSG(membrane),mYH"
U:\Data\20240911_Korra_Foundation\20250211_mem_histone\fish3_24hpf_mchilada,2025-02-10,2025-02-11,2025-02-11 00:00:00,18:00:00,spinal cord + muscle + skin,dorsal,16:00:00,11:50:00,15:55:00,nuclei,nuclei,casper/rnf,ef1a:2xLynk:tdmSG(J) (F2 of allele 301),mChilada:H2B (80 and 120 pg),,,,korra,20250625_skittlez,2025-02-11,fish4_roi1,pDQM005:301,pDQM005,,casper/rnf,ef1a:2xLynk:tdmSG(J) (F2 of allele 301),/clusterfs/vast/abcabc/Korra_Foundation/20250625_skittlez/fish4_roi1,fish4_roi1,fish4_roi1,72,,pDQM104,tdmSG::2xLynk(N),membrane,tdmSG(membrane),tdmSG::2xLynk(N)(membrane),mchilada,,mchilada,mchilada,"histone,membrane","tdmSG(membrane),mchilada"
,2025-02-07,2025-02-10,2025-02-10 00:00:00,,,dorsal,fish extremely dim (~120 over background with full power and 60 ms exposure),10:50:00,18:30:00,"csp,male #19 - bright, low frequency transmission (<10%),488,nuclei","csp,male #19 - bright, low frequency transmission (<10%),488,nuclei",casper/rnf,ef1a:2xLynk:tdmSG(J) (F1 of allele 308),mYH:H2B (80 and 120 pg),,,,korra,20250625_skittlez,2025-02-10,fish5_roi1,pDQM005:308,pDQM005,,casper/rnf,ef1a:2xLynk:tdmSG(J) (F1 of allele 308),/clusterfs/vast/abcabc/Korra_Foundation/20250625_skittlez/fish5_roi1,fish5_roi1,fish5_roi1,72,,pDQM105,tdmSG::2xLynk(N),membrane,tdmSG(membrane),tdmSG::2xLynk(N)(membrane),mYH::h2b(N),,mYH,mYH::h2b(N),membrane,"tdmSG(membrane),mYH"
,2025-02-07,2025-02-10,2025-02-10 00:00:00,,,dorsal,fish extremely dim,10:50:00,18:30:00,"csp,male #19 - bright, low frequency transmission (<10%),488,nuclei","csp,male #19 - bright, low frequency transmission (<10%),488,nuclei",casper/rnf,ef1a:2xLynk:tdmSG(J) (F1 of allele 308),mYH:H2B (80 and 120 pg),,,,korra,20250625_skittlez,2025-02-10,fish5_roi2,pDQM005:308,pDQM005,,casper/rnf,ef1a:2xLynk:tdmSG(J) (F1 of allele 308),/clusterfs/vast/abcabc/Korra_Foundation/20250625_skittlez/fish5_roi2,fish5_roi2,fish5_roi2,72,,pDQM105,tdmSG::2xLynk(N),membrane,tdmSG(membrane),tdmSG::2xLynk(N)(membrane),mYH::h2b(N),,mYH,mYH::h2b(N),membrane,"tdmSG(membrane),mYH"
,2025-02-07,2025-02-10,2025-02-10 00:00:00,,,dorsal,fish extremely dim (~60 over background with full power and 60 ms exposure),00:10:00,18:20:00,"csp,male #19 - bright, low frequency transmission (<10%),488,nuclei","csp,male #19 - bright, low frequency transmission (<10%),488,nuclei",casper/rnf,ef1a:2xLynk:tdmSG(J) (F1 of allele 308),mYH:H2B (80 and 120 pg),,,,korra,20250625_skittlez,2025-02-10,fish7_roi1,pDQM005:308,pDQM005,,casper/rnf,ef1a:2xLynk:tdmSG(J) (F1 of allele 308),/clusterfs/vast/abcabc/Korra_Foundation/20250625_skittlez/fish7_roi1,fish7_roi1,fish7_roi1,90,,pDQM105,tdmSG::2xLynk(N),membrane,tdmSG(membrane),tdmSG::2xLynk(N)(membrane),mYH::h2b(N),,mYH,mYH::h2b(N),membrane,"tdmSG(membrane),mYH"
,2025-02-07,2025-02-10,2025-02-10 00:00:00,,,dorsal,fish extremely dim,00:10:00,18:20:00,"csp,male #19 - bright, low frequency transmission (<10%),488,nuclei","csp,male #19 - bright, low frequency transmission (<10%),488,nuclei",casper/rnf,ef1a:2xLynk:tdmSG(J) (F1 of allele 308),mYH:H2B (80 and 120 pg),,,,korra,20250625_skittlez,2025-02-10,fish8_roi1,pDQM005:308,pDQM005,,casper/rnf,ef1a:2xLynk:tdmSG(J) (F1 of allele 308),/clusterfs/vast/abcabc/Korra_Foundation/20250625_skittlez/fish8_roi1,fish8_roi1,fish8_roi1,72,,pDQM105,tdmSG::2xLynk(N),membrane,tdmSG(membrane),tdmSG::2xLynk(N)(membrane),mYH::h2b(N),,mYH,mYH::h2b(N),membrane,"tdmSG(membrane),mYH"
,2025-02-05,2025-02-07,2025-02-06 00:00:00,6:00:00 PM (2/10),continuous AO test,dorsal,10:30:00,12:08:00,10:30:00,"csp,male #8 - best founder (40-50% transmission, multiple alleles, bright!!!),488,nuclei","csp,male #8 - best founder (40-50% transmission, multiple alleles, bright!!!),488,nuclei",casper/rnf,ef1a:2xLynk:tdmSG(J) (F1 of allele 301),mChilada:H2B (80 pg),,,,korra,20250625_skittlez,2025-02-07,fish8_roi2,pDQM005:301,pDQM005,,casper/rnf,ef1a:2xLynk:tdmSG(J) (F1 of allele 301),/clusterfs/vast/abcabc/Korra_Foundation/20250625_skittlez/fish8_roi2,fish8_roi2,fish8_roi2,72,,pDQM104,tdmSG::2xLynk(N),membrane,tdmSG(membrane),tdmSG::2xLynk(N)(membrane),mchilada,,mchilada,mchilada,membrane,"tdmSG(membrane),mchilada"
U:\Data\20240911_Korra_Foundation\20250204_mem_histone\fish6_72hpf_mYH,2025-02-03,2025-02-06,2025-02-04 00:00:00,13:45:00,spinal cord + muscle + skin,dorsal,10:15:00,18:35:00,10:00:00,nuclei,nuclei,ef1a:2xLynk:tdmSG(J) (F2 of allele 301),casper/rnf,mYH:H2B (80 pg),,,,korra,20250625_skittlez,2025-02-06,fish9_roi1,pDQM005:301,pDQM005,,ef1a:2xLynk:tdmSG(J) (F2 of allele 301),casper/rnf,/clusterfs/vast/abcabc/Korra_Foundation/20250625_skittlez/fish9_roi1,fish9_roi1,fish9_roi1,90,,pDQM105,tdmSG::2xLynk(N),membrane,tdmSG(membrane),tdmSG::2xLynk(N)(membrane),mYH::h2b(N),,mYH,mYH::h2b(N),"histone,membrane","tdmSG(membrane),mYH"
,2025-02-03,2025-02-06,2025-02-04 00:00:00,,,dorsal,,18:35:00,10:00:00,nuclei,nuclei,ef1a:2xLynk:tdmSG(J) (F2 of allele 301),casper/rnf,mYH:H2B (80 pg),,,,korra,20250627_skittlez,2025-02-06,fish10_roi1,pDQM005:301,pDQM005,,ef1a:2xLynk:tdmSG(J) (F2 of allele 301),casper/rnf,/clusterfs/vast/abcabc/Korra_Foundation/20250627_skittlez/fish10_roi1,fish10_roi1,fish10_roi1,108,,pDQM105,tdmSG::2xLynk(N),membrane,tdmSG(membrane),tdmSG::2xLynk(N)(membrane),mYH::h2b(N),,mYH,mYH::h2b(N),membrane,"tdmSG(membrane),mYH"
U:\Data\20240911_Korra_Foundation\20250206_mem_histone\fish1_24hpf_mChilada,2025-02-05,2025-02-06,2025-02-06 00:00:00,17:35:00,spinal cord + muscle + skin,dorsal,14:05:00,11:26:00,13:55:00,"csp,male #8 - best founder (40-50% transmission, multiple alleles, bright!!!),488,nuclei","csp,male #8 - best founder (40-50% transmission, multiple alleles, bright!!!),488,nuclei",casper/rnf,ef1a:2xLynk:tdmSG(J) (F1 of allele 301),mChilada:H2B (80 pg),,,,korra,20250627_skittlez,2025-02-06,fish1_roi1,pDQM005:301,pDQM005,,casper/rnf,ef1a:2xLynk:tdmSG(J) (F1 of allele 301),/clusterfs/vast/abcabc/Korra_Foundation/20250627_skittlez/fish1_roi1,fish1_roi1,fish1_roi1,72,,pDQM104,tdmSG::2xLynk(N),membrane,tdmSG(membrane),tdmSG::2xLynk(N)(membrane),mchilada,,mchilada,mchilada,"histone,membrane","tdmSG(membrane),mchilada"
U:\Data\20240911_Korra_Foundation\20250206_mem_histone\fish2_24hpf_mChilada,2025-02-05,2025-02-06,2025-02-06 00:00:00,10:15AM (day+1),spinal cord + muscle + skin,dorsal,17:40:00,11:26:00,13:55:00,"csp,male #8 - best founder (40-50% transmission, multiple alleles, bright!!!),488,nuclei","csp,male #8 - best founder (40-50% transmission, multiple alleles, bright!!!),488,nuclei",casper/rnf,ef1a:2xLynk:tdmSG(J) (F1 of allele 301),mChilada:H2B (80 pg),,,,korra,20250627_skittlez,2025-02-06,fish1_roi2,pDQM005:301,pDQM005,,casper/rnf,ef1a:2xLynk:tdmSG(J) (F1 of allele 301),/clusterfs/vast/abcabc/Korra_Foundation/20250627_skittlez/fish1_roi2,fish1_roi2,fish1_roi2,72,,pDQM104,tdmSG::2xLynk(N),membrane,tdmSG(membrane),tdmSG::2xLynk(N)(membrane),mchilada,,mchilada,mchilada,"histone,membrane","tdmSG(membrane),mchilada"
U:\Data\20240911_Korra_Foundation\20250204_mem_histone\fish3_48hpf_mYH,2025-02-03,2025-02-05,2025-02-04 00:00:00,14:40:00,spinal cord + muscle + skin,dorsal,10:00:00,15:45:00,09:50:00,nuclei,nuclei,ef1a:2xLynk:tdmSG(J) (F2 of allele 301),casper/rnf,mYH:H2B (80 pg),,,,korra,20250627_skittlez,2025-02-05,fish1_roi3,pDQM005:301,pDQM005,,ef1a:2xLynk:tdmSG(J) (F2 of allele 301),casper/rnf,/clusterfs/vast/abcabc/Korra_Foundation/20250627_skittlez/fish1_roi3,fish1_roi3,fish1_roi3,72,,pDQM105,tdmSG::2xLynk(N),membrane,tdmSG(membrane),tdmSG::2xLynk(N)(membrane),mYH::h2b(N),,mYH,mYH::h2b(N),"histone,membrane","tdmSG(membrane),mYH"
U:\Data\20240911_Korra_Foundation\20250204_mem_histone\fish4_48hpf_mYH,2025-02-03,2025-02-05,2025-02-04 00:00:00,17:20:00,spinal cord + muscle + skin,dorsal,15:00:00,15:45:00,09:50:00,nuclei,nuclei,ef1a:2xLynk:tdmSG(J) (F2 of allele 301),casper/rnf,mYH:H2B (80 pg),,,,korra,20250627_skittlez,2025-02-05,fish2_roi1,pDQM005:301,pDQM005,,ef1a:2xLynk:tdmSG(J) (F2 of allele 301),casper/rnf,/clusterfs/vast/abcabc/Korra_Foundation/20250627_skittlez/fish2_roi1,fish2_roi1,fish2_roi1,72,,pDQM105,tdmSG::2xLynk(N),membrane,tdmSG(membrane),tdmSG::2xLynk(N)(membrane),mYH::h2b(N),,mYH,mYH::h2b(N),"histone,membrane","tdmSG(membrane),mYH"
U:\Data\20240911_Korra_Foundation\20250204_mem_histone\fish5_48hpf_mYH\roi1_mb,2025-02-03,2025-02-05,2025-02-05 00:00:00,overnight,brain,vertical head up,18:00:00,11:42:00,17:30:00,nuclei,nuclei,ef1a:2xLynk:tdmSG(J) (F2 of allele 301),casper/rnf,mYH:H2B (80 pg),,,,korra,20250627_skittlez,2025-02-05,fish3_roi1,pDQM005:301,pDQM005,,ef1a:2xLynk:tdmSG(J) (F2 of allele 301),casper/rnf,/clusterfs/vast/abcabc/Korra_Foundation/20250627_skittlez/fish3_roi1,fish3_roi1,fish3_roi1,90,,pDQM105,tdmSG::2xLynk(N),membrane,tdmSG(membrane),tdmSG::2xLynk(N)(membrane),mYH::h2b(N),,mYH,mYH::h2b(N),"histone,membrane","tdmSG(membrane),mYH"
U:\Data\20240911_Korra_Foundation\20250204_mem_histone\fish5_48hpf_mYH\roi2_mb,2025-02-03,2025-02-05,2025-02-05 00:00:00,overnight,brain,vertical head up,18:00:00,11:42:00,17:30:00,nuclei,nuclei,ef1a:2xLynk:tdmSG(J) (F2 of allele 301),casper/rnf,mYH:H2B (80 pg),,,,korra,20250627_skittlez,2025-02-05,fish4_roi1,pDQM005:301,pDQM005,,ef1a:2xLynk:tdmSG(J) (F2 of allele 301),casper/rnf,/clusterfs/vast/abcabc/Korra_Foundation/20250627_skittlez/fish4_roi1,fish4_roi1,fish4_roi1,72,,pDQM105,tdmSG::2xLynk(N),membrane,tdmSG(membrane),tdmSG::2xLynk(N)(membrane),mYH::h2b(N),,mYH,mYH::h2b(N),"histone,membrane","tdmSG(membrane),mYH"
U:\Data\20240911_Korra_Foundation\20250204_mem_histone\fish1_24hpf_mchilada,2025-02-03,2025-02-04,2025-02-04 00:00:00,16:30:00,brain,vertical head up,12:00:00,11:53:00,11:53:00,nuclei,nuclei,ef1a:2xLynk:tdmSG(J) (F2 of allele 301),casper/rnf,mChilada:H2B (80 pg),,,,korra,20250627_skittlez,2025-02-04,fish4_roi2,pDQM005:301,pDQM005,,ef1a:2xLynk:tdmSG(J) (F2 of allele 301),casper/rnf,/clusterfs/vast/abcabc/Korra_Foundation/20250627_skittlez/fish4_roi2,fish4_roi2,fish4_roi2,72,,pDQM104,tdmSG::2xLynk(N),membrane,tdmSG(membrane),tdmSG::2xLynk(N)(membrane),mchilada,,mchilada,mchilada,"histone,membrane","tdmSG(membrane),mchilada"
U:\Data\20240911_Korra_Foundation\20250204_mem_histone\fish2_24hpf_mYH,2025-02-03,2025-02-04,2025-02-04 00:00:00,16:30:00,brain,vertical head up,12:00:00,11:53:00,11:53:00,nuclei,nuclei,ef1a:2xLynk:tdmSG(J) (F2 of allele 301),casper/rnf,mYH:H2B (80 pg),,,,korra,20250627_skittlez,2025-02-04,fish5_roi1,pDQM005:301,pDQM005,,ef1a:2xLynk:tdmSG(J) (F2 of allele 301),casper/rnf,/clusterfs/vast/abcabc/Korra_Foundation/20250627_skittlez/fish5_roi1,fish5_roi1,fish5_roi1,90,,pDQM105,tdmSG::2xLynk(N),membrane,tdmSG(membrane),tdmSG::2xLynk(N)(membrane),mYH::h2b(N),,mYH,mYH::h2b(N),"histone,membrane","tdmSG(membrane),mYH"
U:\Data\20240911_Korra_Foundation\20250131_mem_histone\fish2_24hpf_mChilada,2025-01-30,2025-01-31,2025-01-31 00:00:00,18:00:00,spinal cord + muscle,dorsal,16:30:00,,,nuclei,nuclei,casper/rnf,casper/rnf,2xLynk:mSG; mChilada:H2B,,,,korra,20250627_skittlez,2025-01-31,fish7_roi1,,,,casper/rnf,casper/rnf,/clusterfs/vast/abcabc/Korra_Foundation/20250627_skittlez/fish7_roi1,fish7_roi1,fish7_roi1,90,,,,,,,,,,,"histone,membrane",
U:\Data\20240911_Korra_Foundation\20250131_mem_histone\fish1_24hpf_mYH,2025-01-30,2025-01-31,2025-01-31 00:00:00,16:30:00,spinal cord + muscle,dorsal,15:00:00,,,nuclei,nuclei,casper/rnf,casper/rnf,2xLynk:mSG; mYH:H2B,,,,korra,20250627_skittlez,2025-01-31,fish8_roi1,,,,casper/rnf,casper/rnf,/clusterfs/vast/abcabc/Korra_Foundation/20250627_skittlez/fish8_roi1,fish8_roi1,fish8_roi1,90,,pDQM105,,,,,mYH::h2b(N),,mYH,mYH::h2b(N),"histone,membrane",mYH
,2025-01-31,,"2/1/25, 2/2/25/, 2/3/25",,,,,,,,,ef1a:2xLynk:tdmSG(J) (F2 of allele 301),casper/rnf,tol2 mRNA (40 pg),Skittles-lite (ef1a:mTFP1 / ef1a:mChilada / ef1a:miRFP670-2),,,korra,20250627_skittlez,,fish9_roi1,pDQM005:301,pDQM005,,ef1a:2xLynk:tdmSG(J) (F2 of allele 301),casper/rnf,/clusterfs/vast/abcabc/Korra_Foundation/20250627_skittlez/fish9_roi1,fish9_roi1,fish9_roi1,108,"pDQM087,pDQM089,pDQM106",nan,tdmSG::2xLynk(N),membrane,tdmSG(membrane),tdmSG::2xLynk(N)(membrane),"mChilada,mTFP1,miRFP670",,"mChilada,mTFP1,miRFP670","mChilada,mTFP1,miRFP670",membrane,"tdmSG(membrane),mChilada,mTFP1,miRFP670"
,2025-01-31,,"2/1/25, 2/2/25/, 2/3/25",,,,,,,"csp,male #23 - bright, low frequency transmission (<10%),488","csp,male #23 - bright, low frequency transmission (<10%),488",casper/rnf,ef1a:2xLynk:tdmSG(J) (F1 of allele 304),tol2 mRNA (40 pg),Skittles-lite (ef1a:mTFP1 / ef1a:mChilada / ef1a:miRFP670-2),,,korra,20250715_mem_organelle,,fish1_mem_sg_mito_msc3,pDQM005:304,pDQM005,,casper/rnf,ef1a:2xLynk:tdmSG(J) (F1 of allele 304),/clusterfs/vast/abcabc/Korra_Foundation/20250715_mem_organelle/fish1_mem_sg_mito_msc3/roi1,roi1,roi1,384,"pDQM087,pDQM089,pDQM106",nan,tdmSG::2xLynk(N),membrane,tdmSG(membrane),tdmSG::2xLynk(N)(membrane),"mChilada,mTFP1,miRFP670",,"mChilada,mTFP1,miRFP670","mChilada,mTFP1,miRFP670","membrane,mitochondria","tdmSG(membrane),mChilada,mTFP1,miRFP670"
,2025-02-03,,2025-02-04 00:00:00,,,lateral,Orientation not good for imaging,10:50:00,10:50:00,nuclei,nuclei,ef1a:2xLynk:tdmSG(J) (F2 of allele 301),casper/rnf,mChilada:H2B (80 pg),,,,korra,20250715_mem_organelle,,fish1_mem_sg_mito_msc3,pDQM005:301,pDQM005,,ef1a:2xLynk:tdmSG(J) (F2 of allele 301),casper/rnf,/clusterfs/vast/abcabc/Korra_Foundation/20250715_mem_organelle/fish1_mem_sg_mito_msc3/roi2,roi2,roi2,640,,pDQM104,tdmSG::2xLynk(N),membrane,tdmSG(membrane),tdmSG::2xLynk(N)(membrane),mchilada,,mchilada,mchilada,"membrane,mitochondria","tdmSG(membrane),mchilada"
,2025-02-03,,2025-02-04 00:00:00,,,lateral,Orientation not good for imaging,10:50:00,10:50:00,nuclei,nuclei,ef1a:2xLynk:tdmSG(J) (F2 of allele 301),casper/rnf,mYH:H2B (80 pg),,,,korra,20250715_mem_organelle,,fish2_24hpf_mem_mito_msc3_er_halo,pDQM005:301,pDQM005,,ef1a:2xLynk:tdmSG(J) (F2 of allele 301),casper/rnf,/clusterfs/vast/abcabc/Korra_Foundation/20250715_mem_organelle/fish2_24hpf_mem_mito_msc3_er_halo/roi1_eye,roi1_eye,roi1_eye,1922,,pDQM105,tdmSG::2xLynk(N),membrane,tdmSG(membrane),tdmSG::2xLynk(N)(membrane),mYH::h2b(N),,mYH,mYH::h2b(N),"ER,membrane,mitochondria","tdmSG(membrane),mYH"
,2025-02-03,,,,,,,,,"csp,male #26 - bright, low frequency transmission (<10%),488,nuclei","csp,male #26 - bright, low frequency transmission (<10%),488,nuclei",casper/rnf,ef1a:2xLynk:tdmSG(J) (F1 of allele 305),mChilada:H2B (80 pg),,,,korra,20250715_mem_organelle,,fish3_24hpf_mem_mito_msc3_er_halo,pDQM005:305,pDQM005,,casper/rnf,ef1a:2xLynk:tdmSG(J) (F1 of allele 305),/clusterfs/vast/abcabc/Korra_Foundation/20250715_mem_organelle/fish3_24hpf_mem_mito_msc3_er_halo/roi1,roi1,roi1,960,,pDQM104,tdmSG::2xLynk(N),membrane,tdmSG(membrane),tdmSG::2xLynk(N)(membrane),mchilada,,mchilada,mchilada,"ER,membrane,mitochondria","tdmSG(membrane),mchilada"
,2025-02-03,,,,,,,,,"csp,male #26 - bright, low frequency transmission (<10%),488,nuclei","csp,male #26 - bright, low frequency transmission (<10%),488,nuclei",casper/rnf,ef1a:2xLynk:tdmSG(J) (F1 of allele 305),mYH:H2B (80 pg),,,,korra,20250715_mem_organelle,,fish3_24hpf_mem_mito_msc3_er_halo,pDQM005:305,pDQM005,,casper/rnf,ef1a:2xLynk:tdmSG(J) (F1 of allele 305),/clusterfs/vast/abcabc/Korra_Foundation/20250715_mem_organelle/fish3_24hpf_mem_mito_msc3_er_halo/roi2,roi2,roi2,960,,pDQM105,tdmSG::2xLynk(N),membrane,tdmSG(membrane),tdmSG::2xLynk(N)(membrane),mYH::h2b(N),,mYH,mYH::h2b(N),"ER,membrane,mitochondria","tdmSG(membrane),mYH"
,2025-02-03,,,,,,,,,"csp,male #26 - bright, low frequency transmission (<10%),488","csp,male #26 - bright, low frequency transmission (<10%),488",casper/rnf,ef1a:2xLynk:tdmSG(J) (F1 of allele 305),tol2 mRNA (40 pg),Skittles-lite (ef1a:mTFP1 / ef1a:mChilada / ef1a:miRFP670-2),,,korra,20250715_mem_organelle,,fish4_24hpf_mem_mito_msc3_er_halo,pDQM005:305,pDQM005,,casper/rnf,ef1a:2xLynk:tdmSG(J) (F1 of allele 305),/clusterfs/vast/abcabc/Korra_Foundation/20250715_mem_organelle/fish4_24hpf_mem_mito_msc3_er_halo/roi1,roi1,roi1,960,"pDQM087,pDQM089,pDQM106",nan,tdmSG::2xLynk(N),membrane,tdmSG(membrane),tdmSG::2xLynk(N)(membrane),"mChilada,mTFP1,miRFP670",,"mChilada,mTFP1,miRFP670","mChilada,mTFP1,miRFP670","ER,membrane,mitochondria","tdmSG(membrane),mChilada,mTFP1,miRFP670"
,2025-02-05,,2025-02-06 00:00:00,,,vertical head up,,12:08:00,,"csp,male #8 - best founder (40-50% transmission, multiple alleles, bright!!!),488,nuclei","csp,male #8 - best founder (40-50% transmission, multiple alleles, bright!!!),488,nuclei",casper/rnf,ef1a:2xLynk:tdmSG(J) (F1 of allele 301),mChilada:H2B (80 pg),,,,korra,20250715_mem_organelle,,fish4_24hpf_mem_mito_msc3_er_halo,pDQM005:301,pDQM005,,casper/rnf,ef1a:2xLynk:tdmSG(J) (F1 of allele 301),/clusterfs/vast/abcabc/Korra_Foundation/20250715_mem_organelle/fish4_24hpf_mem_mito_msc3_er_halo/roi2,roi2,roi2,960,,pDQM104,tdmSG::2xLynk(N),membrane,tdmSG(membrane),tdmSG::2xLynk(N)(membrane),mchilada,,mchilada,mchilada,"ER,membrane,mitochondria","tdmSG(membrane),mchilada"
,2025-02-05,,2025-02-06 00:00:00,,,LHUT,,18:32:00,,"csp,male #8 - best founder (40-50% transmission, multiple alleles, bright!!!),488,nuclei","csp,male #8 - best founder (40-50% transmission, multiple alleles, bright!!!),488,nuclei",casper/rnf,ef1a:2xLynk:tdmSG(J) (F1 of allele 301),mChilada:H2B (80 pg),,,,korra,20250715_mem_organelle,,fish4_24hpf_mem_mito_msc3_er_halo,pDQM005:301,pDQM005,,casper/rnf,ef1a:2xLynk:tdmSG(J) (F1 of allele 301),/clusterfs/vast/abcabc/Korra_Foundation/20250715_mem_organelle/fish4_24hpf_mem_mito_msc3_er_halo/roi3,roi3,roi3,960,,pDQM104,tdmSG::2xLynk(N),membrane,tdmSG(membrane),tdmSG::2xLynk(N)(membrane),mchilada,,mchilada,mchilada,"ER,membrane,mitochondria","tdmSG(membrane),mchilada"
,2025-02-05,,2025-02-06 00:00:00,,,LHUT,,18:32:00,,"csp,male #8 - best founder (40-50% transmission, multiple alleles, bright!!!),488,nuclei","csp,male #8 - best founder (40-50% transmission, multiple alleles, bright!!!),488,nuclei",casper/rnf,ef1a:2xLynk:tdmSG(J) (F1 of allele 301),mChilada:H2B (80 pg),,,,korra,20250715_mem_organelle,,fish5_48hpf_mem_mito_halo_er_msc2,pDQM005:301,pDQM005,,casper/rnf,ef1a:2xLynk:tdmSG(J) (F1 of allele 301),/clusterfs/vast/abcabc/Korra_Foundation/20250715_mem_organelle/fish5_48hpf_mem_mito_halo_er_msc2/roi1,roi1,roi1,1329,,pDQM104,tdmSG::2xLynk(N),membrane,tdmSG(membrane),tdmSG::2xLynk(N)(membrane),mchilada,,mchilada,mchilada,"ER,membrane,mitochondria","tdmSG(membrane),mchilada"
,2025-02-05,,2025-02-07 00:00:00,,,dorsal,,12:01:00,,"csp,male #8 - best founder (40-50% transmission, multiple alleles, bright!!!),488,nuclei","csp,male #8 - best founder (40-50% transmission, multiple alleles, bright!!!),488,nuclei",casper/rnf,ef1a:2xLynk:tdmSG(J) (F1 of allele 301),mChilada:H2B (80 pg),,,,korra,20250715_mem_organelle,,fish5_48hpf_mem_mito_halo_er_msc2,pDQM005:301,pDQM005,,casper/rnf,ef1a:2xLynk:tdmSG(J) (F1 of allele 301),/clusterfs/vast/abcabc/Korra_Foundation/20250715_mem_organelle/fish5_48hpf_mem_mito_halo_er_msc2/roi2,roi2,roi2,1300,,pDQM104,tdmSG::2xLynk(N),membrane,tdmSG(membrane),tdmSG::2xLynk(N)(membrane),mchilada,,mchilada,mchilada,"ER,membrane,mitochondria","tdmSG(membrane),mchilada"
,,,,,,vertical head up,,2025-02-13 14:40:00,,,,,,,,,,korra,20250715_mem_organelle,,fish5_48hpf_mem_mito_halo_er_msc2,,,,,,/clusterfs/vast/abcabc/Korra_Foundation/20250715_mem_organelle/fish5_48hpf_mem_mito_halo_er_msc2/roi3,roi3,roi3,1300,,,,,,,,,,,"ER,membrane,mitochondria",
,,,,,,vertical head up,,2025-02-13 14:40:00,,,,,,,,,,korra,20250715_mem_organelle,,fish5_48hpf_mem_mito_halo_er_msc2,,,,,,/clusterfs/vast/abcabc/Korra_Foundation/20250715_mem_organelle/fish5_48hpf_mem_mito_halo_er_msc2/roi4,roi4,roi4,1300,,,,,,,,,,,"ER,membrane,mitochondria",
,,,,,,,,,,"csp,male #5 25%+ positive rate - currently best founder (but 2 alleles, one dim one bright(er)?,405,445",",csp,male #5 25%+ positive rate - currently best founder (but 2 alleles, one dim one bright(er)?,405,445",ef1a:2xLynk:tdmSG(J) (F2 of allele 301),ef1a:<cryaa:mSc>mKate2/mCitrine/Electra2/mKOK/mTFP1 (F1 of allele 309),phiC-NLS mRNA (120 pg),,,,korra,20250715_mem_organelle,,fish6_48hpf_mem_mito_halo_er_msc2,pDQM005:301,pDQM005,,ef1a:2xLynk:tdmSG(J) (F2 of allele 301),ef1a:<cryaa:mSc>mKate2/mCitrine/Electra2/mKOK/mTFP1 (F1 of allele 309),/clusterfs/vast/abcabc/Korra_Foundation/20250715_mem_organelle/fish6_48hpf_mem_mito_halo_er_msc2/roi1,roi1,roi1,1300,,nan,tdmSG::2xLynk(N),membrane,tdmSG(membrane),tdmSG::2xLynk(N)(membrane),,,,,"ER,membrane,mitochondria",tdmSG(membrane)
,,,,,,,,,,,,,,,,,,korra,20250715_mem_organelle,,fish6_48hpf_mem_mito_halo_er_msc2,,,,,,/clusterfs/vast/abcabc/Korra_Foundation/20250715_mem_organelle/fish6_48hpf_mem_mito_halo_er_msc2/roi2,roi2,roi2,1300,,,,,,,,,,,"ER,membrane,mitochondria",
,,,,,,,,,,,,,,,,,,korra,20250715_mem_organelle,,fish6_48hpf_mem_mito_halo_er_msc2,,,,,,/clusterfs/vast/abcabc/Korra_Foundation/20250715_mem_organelle/fish6_48hpf_mem_mito_halo_er_msc2/roi3,roi3,roi3,1300,,,,,,,,,,,"ER,membrane,mitochondria",
,,,,,,,,,,,,,,,,,,korra,20250715_mem_organelle,,fish6_48hpf_mem_mito_halo_er_msc2,,,,,,/clusterfs/vast/abcabc/Korra_Foundation/20250715_mem_organelle/fish6_48hpf_mem_mito_halo_er_msc2/roi4,roi4,roi4,1300,,,,,,,,,,,"ER,membrane,mitochondria",
,,,,,,,,,,,,,,,,,,korra,20250715_mem_organelle,,fish6_48hpf_mem_mito_halo_er_msc2,,,,,,/clusterfs/vast/abcabc/Korra_Foundation/20250715_mem_organelle/fish6_48hpf_mem_mito_halo_er_msc2/roi5,roi5,roi5,1300,,,,,,,,,,,"ER,membrane,mitochondria",
,,,,,,,,,,,,,,,,,,korra,20250715_mem_organelle,,fish7_48hpf_mem_mito_halo_er_msc2,,,,,,/clusterfs/vast/abcabc/Korra_Foundation/20250715_mem_organelle/fish7_48hpf_mem_mito_halo_er_msc2/roi1,roi1,roi1,1300,,,,,,,,,,,"ER,membrane,mitochondria",
,,,,,,,,,,,,,,,,,,korra,20250715_mem_organelle,,fish8_72hpf_mem_mito_msc3_er_halo,,,,,,/clusterfs/vast/abcabc/Korra_Foundation/20250715_mem_organelle/fish8_72hpf_mem_mito_msc3_er_halo/roi1,roi1,roi1,1300,,,,,,,,,,,"ER,membrane,mitochondria",
,,,,,,,,,,,,,,,,,,korra,20250715_mem_organelle,,fish8_72hpf_mem_mito_msc3_er_halo,,,,,,/clusterfs/vast/abcabc/Korra_Foundation/20250715_mem_organelle/fish8_72hpf_mem_mito_msc3_er_halo/roi2,roi2,roi2,1300,,,,,,,,,,,"ER,membrane,mitochondria",
,,,,,,,,,,,,,,,,,,korra,20250715_mem_organelle,,fish8_72hpf_mem_mito_msc3_er_halo,,,,,,/clusterfs/vast/abcabc/Korra_Foundation/20250715_mem_organelle/fish8_72hpf_mem_mito_msc3_er_halo/roi3,roi3,roi3,1300,,,,,,,,,,,"ER,membrane,mitochondria",
,,,,,,,,,,,,,,,,,,korra,20250723_mem-halo_ER-mSG,,fish3_48hpf,,,,,,/clusterfs/vast/abcabc/Korra_Foundation/20250723_mem-halo_ER-mSG/fish3_48hpf/roi1_mb,roi1_mb,roi1_mb,65,,,,,,,,,,,"ER,membrane",
,,,,,,,,,,,,,,,,,,korra,20250723_mem-halo_ER-mSG,,fish3_48hpf,,,,,,/clusterfs/vast/abcabc/Korra_Foundation/20250723_mem-halo_ER-mSG/fish3_48hpf/roi2,roi2,roi2,81,,,,,,,,,,,"ER,membrane",
,,,,,,,,,,,,,,,,,,korra,20250723_mem-halo_ER-mSG,,fish3_48hpf,,,,,,/clusterfs/vast/abcabc/Korra_Foundation/20250723_mem-halo_ER-mSG/fish3_48hpf/roi3,roi3,roi3,227,,,,,,,,,,,"ER,membrane",
,,,,,,,,,,,,,,,,,,korra,20250723_mem-halo_ER-mSG,,fish3_48hpf,,,,,,/clusterfs/vast/abcabc/Korra_Foundation/20250723_mem-halo_ER-mSG/fish3_48hpf/roi4,roi4,roi4,243,,,,,,,,,,,"ER,membrane",
,,,,,,,,,,,,,,,,,,korra,20250723_mem-halo_ER-mSG,,fish3_48hpf,,,,,,/clusterfs/vast/abcabc/Korra_Foundation/20250723_mem-halo_ER-mSG/fish3_48hpf/roi5,roi5,roi5,243,,,,,,,,,,,"ER,membrane",
,,,,,,,,,,,,,,,,,,korra,20250723_mem-halo_ER-mSG,,fish3_48hpf,,,,,,/clusterfs/vast/abcabc/Korra_Foundation/20250723_mem-halo_ER-mSG/fish3_48hpf/roi6,roi6,roi6,243,,,,,,,,,,,"ER,membrane",
,,,,,,,,,,,,,,,,,,korra,20250724_mem-mchilada_er-mSG,,fish1_24hpf,,,,,,/clusterfs/vast/abcabc/Korra_Foundation/20250724_mem-mchilada_er-mSG/fish1_24hpf/roi1,roi1,roi1,97,,,,,,,,,,,"ER,membrane",
,,,,,,,,,,,,,,,,,,korra,20250724_mem-mchilada_er-mSG,,fish1_24hpf,,,,,,/clusterfs/vast/abcabc/Korra_Foundation/20250724_mem-mchilada_er-mSG/fish1_24hpf/roi1_2,roi1_2,roi1_2,579,,,,,,,,,,,"ER,membrane",
,,,,,,,,,,,,,,,,,,korra,20250724_mem-mchilada_er-mSG,,fish1_24hpf,,,,,,/clusterfs/vast/abcabc/Korra_Foundation/20250724_mem-mchilada_er-mSG/fish1_24hpf/roi1_3,roi1_3,roi1_3,579,,,,,,,,,,,"ER,membrane",
,,,,,,,,,,,,,,,,,,korra,20250724_mem-mchilada_er-mSG,,fish1_24hpf,,,,,,/clusterfs/vast/abcabc/Korra_Foundation/20250724_mem-mchilada_er-mSG/fish1_24hpf/roi2,roi2,roi2,963,,,,,,,,,,,"ER,membrane",
,,,,,,,,,,,,,,,,,,korra,20250728_mem-histone,,fish1_roi1,,,,,,/clusterfs/vast/abcabc/Korra_Foundation/20250728_mem-histone/fish1_roi1,fish1_roi1,fish1_roi1,2160,,,,,,,,,,,"histone,membrane",
,,,,,,,,,,,,,,,,,,korra,20250728_mem-histone,,fish1_roi2,,,,,,/clusterfs/vast/abcabc/Korra_Foundation/20250728_mem-histone/fish1_roi2,fish1_roi2,fish1_roi2,2400,,,,,,,,,,,"histone,membrane",
,,,,,,,,,,,,,,,,,,korra,20250801_mem-PCNA,,fish1_roi1,,,,,,/clusterfs/vast/abcabc/Korra_Foundation/20250801_mem-PCNA/fish1_roi1,fish1_roi1,fish1_roi1,1344,,,,,,,,,,,membrane,
,,,,,,,,,,,,,,,,,,korra,20250801_mem-PCNA,,fish2_roi1,,,,,,/clusterfs/vast/abcabc/Korra_Foundation/20250801_mem-PCNA/fish2_roi1,fish2_roi1,fish2_roi1,1104,,,,,,,,,,,membrane,
,,,,,,,,,,,,,,,,,,korra,20250801_mem-PCNA,,fish3_72hpf_roi1,,,,,,/clusterfs/vast/abcabc/Korra_Foundation/20250801_mem-PCNA/fish3_72hpf_roi1,fish3_72hpf_roi1,fish3_72hpf_roi1,6226,,,,,,,,,,,membrane,
,,,,,,,,,,,,,,,,,,korra,20250801_mem-histone,,fish1_roi1,,,,,,/clusterfs/vast/abcabc/Korra_Foundation/20250801_mem-histone/fish1_roi1,fish1_roi1,fish1_roi1,300,,,,,,,,,,,"histone,membrane",
,,,,,,,,,,,,,,,,,,korra,20251007_mem-histone,,fish1_48hpf_roi1,,,,,,/clusterfs/vast/abcabc/Korra_Foundation/20251007_mem-histone/fish1_48hpf_roi1,fish1_48hpf_roi1,fish1_48hpf_roi1,82,,,,,,,,,,,"histone,membrane",
,,,,,,,,,,,,,,,,,,korra,20251007_mem-histone,,fish1_48hpf_roi1_test,,,,,,/clusterfs/vast/abcabc/Korra_Foundation/20251007_mem-histone/fish1_48hpf_roi1_test,fish1_48hpf_roi1_test,fish1_48hpf_roi1_test,12,,,,,,,,,,,"histone,membrane",
,,,,,,,,,,,,,,,,,,korra,20251007_mem-histone,,fish1_48hpf_roi1test,,,,,,/clusterfs/vast/abcabc/Korra_Foundation/20251007_mem-histone/fish1_48hpf_roi1test,fish1_48hpf_roi1test,fish1_48hpf_roi1test,18,,,,,,,,,,,"histone,membrane",
,,,,,,,,,,,,,,,,,,korra,20251007_mem-histone,,fish3_48hpf_roi1,,,,,,/clusterfs/vast/abcabc/Korra_Foundation/20251007_mem-histone/fish3_48hpf_roi1,fish3_48hpf_roi1,fish3_48hpf_roi1,2880,,,,,,,,,,,"histone,membrane",
,,,,,,,,,,,,,,,,,,korra,20251007_mem-histone,,fish3_48hpf_roi1_test,,,,,,/clusterfs/vast/abcabc/Korra_Foundation/20251007_mem-histone/fish3_48hpf_roi1_test,fish3_48hpf_roi1_test,fish3_48hpf_roi1_test,16,,,,,,,,,,,"histone,membrane",
,,,,,,,,,,,,,,,,,,korra,20251007_mem-histone,,fish3_48hpf_roi2,,,,,,/clusterfs/vast/abcabc/Korra_Foundation/20251007_mem-histone/fish3_48hpf_roi2,fish3_48hpf_roi2,fish3_48hpf_roi2,2304,,,,,,,,,,,"histone,membrane",
,,,,,,,,,,,,,,,,,,korra,20251007_mem-histone,,fish3_48hpf_roi2_test,,,,,,/clusterfs/vast/abcabc/Korra_Foundation/20251007_mem-histone/fish3_48hpf_roi2_test,fish3_48hpf_roi2_test,fish3_48hpf_roi2_test,52,,,,,,,,,,,"histone,membrane",
,,,,,,,,,,,,,,,,,,korra,20251009_skittlez,,fish1_roi1,,,,,,/clusterfs/vast/abcabc/Korra_Foundation/20251009_skittlez/fish1_roi1,fish1_roi1,fish1_roi1,22,,,,,,,,,,,,
,,,,,,,,,,,,,,,,,,korra,20251010_mem-histone,,fish1_24hpf_roi1,,,,,,/clusterfs/vast/abcabc/Korra_Foundation/20251010_mem-histone/fish1_24hpf_roi1,fish1_24hpf_roi1,fish1_24hpf_roi1,9216,,,,,,,,,,,"histone,membrane",
,,,,,,,,,,,,,,,,,,korra,20251013_mem-histone,,fish1_96hpf_roi0_test,,,,,,/clusterfs/vast/abcabc/Korra_Foundation/20251013_mem-histone/fish1_96hpf_roi0_test,fish1_96hpf_roi0_test,fish1_96hpf_roi0_test,2986,,,,,,,,,,,"histone,membrane",
,,,,,,,,,,,,,,,,,,korra,20251013_mem-histone,,fish1_96hpf_roi1,,,,,,/clusterfs/vast/abcabc/Korra_Foundation/20251013_mem-histone/fish1_96hpf_roi1,fish1_96hpf_roi1,fish1_96hpf_roi1,2880,,,,,,,,,,,"histone,membrane",
,,,,,,,,,,,,,,,,,,korra,20251013_mem-histone,,fish1_96hpf_roi2,,,,,,/clusterfs/vast/abcabc/Korra_Foundation/20251013_mem-histone/fish1_96hpf_roi2,fish1_96hpf_roi2,fish1_96hpf_roi2,2880,,,,,,,,,,,"histone,membrane",
,,,,,,,,,,,,,,,,,,korra,20251013_mem-histone,,fish1_96hpf_roi3,,,,,,/clusterfs/vast/abcabc/Korra_Foundation/20251013_mem-histone/fish1_96hpf_roi3,fish1_96hpf_roi3,fish1_96hpf_roi3,2880,,,,,,,,,,,"histone,membrane",
,,,,,,,,,,,,,,,,,,korra,20251013_mem-histone,,fish2_96hpf_roi1,,,,,,/clusterfs/vast/abcabc/Korra_Foundation/20251013_mem-histone/fish2_96hpf_roi1,fish2_96hpf_roi1,fish2_96hpf_roi1,2880,,,,,,,,,,,"histone,membrane",
,,,,,,,,,,,,,,,,,,korra,20251013_mem-histone,,fish2_96hpf_roi2,,,,,,/clusterfs/vast/abcabc/Korra_Foundation/20251013_mem-histone/fish2_96hpf_roi2,fish2_96hpf_roi2,fish2_96hpf_roi2,2880,,,,,,,,,,,"histone,membrane",
,,,,,,,,,,,,,,,,,,korra,20251013_mem-histone,,fish3_96hpf_roi1,,,,,,/clusterfs/vast/abcabc/Korra_Foundation/20251013_mem-histone/fish3_96hpf_roi1,fish3_96hpf_roi1,fish3_96hpf_roi1,2880,,,,,,,,,,,"histone,membrane",
,,,,,,,,,,,,,,,,,,korra,20251013_mem-histone,,fish3_96hpf_roi2,,,,,,/clusterfs/vast/abcabc/Korra_Foundation/20251013_mem-histone/fish3_96hpf_roi2,fish3_96hpf_roi2,fish3_96hpf_roi2,2880,,,,,,,,,,,"histone,membrane",
,,,,,,,,,,,,,,,,,,korra,20251013_mem-histone,,fish3_96hpf_roi3,,,,,,/clusterfs/vast/abcabc/Korra_Foundation/20251013_mem-histone/fish3_96hpf_roi3,fish3_96hpf_roi3,fish3_96hpf_roi3,2880,,,,,,,,,,,"histone,membrane",
,,,,,,,,,,,,,,,,,,korra,20251015_mem-histone,,fish1_48hpf_roi1,,,,,,/clusterfs/vast/abcabc/Korra_Foundation/20251015_mem-histone/fish1_48hpf_roi1,fish1_48hpf_roi1,fish1_48hpf_roi1,2880,,,,,,,,,,,"histone,membrane",
,,,,,,,,,,,,,,,,,,korra,20251015_mem-histone,,fish2_48hpf_roi1,,,,,,/clusterfs/vast/abcabc/Korra_Foundation/20251015_mem-histone/fish2_48hpf_roi1,fish2_48hpf_roi1,fish2_48hpf_roi1,2880,,,,,,,,,,,"histone,membrane",
,,,,,,,,,,,,,,,,,,korra,20251015_mem-histone,,fish3_48hpf_roi1,,,,,,/clusterfs/vast/abcabc/Korra_Foundation/20251015_mem-histone/fish3_48hpf_roi1,fish3_48hpf_roi1,fish3_48hpf_roi1,2880,,,,,,,,,,,"histone,membrane",
,,,,,,,,,,,,,,,,,,korra,20251015_mem-histone,,fish3_48hpf_roi2,,,,,,/clusterfs/vast/abcabc/Korra_Foundation/20251015_mem-histone/fish3_48hpf_roi2,fish3_48hpf_roi2,fish3_48hpf_roi2,2880,,,,,,,,,,,"histone,membrane",
,,,,,,,,,,,,,,,,,,korra,20251015_mem-histone,,fish4_48hpf_roi1,,,,,,/clusterfs/vast/abcabc/Korra_Foundation/20251015_mem-histone/fish4_48hpf_roi1,fish4_48hpf_roi1,fish4_48hpf_roi1,2880,,,,,,,,,,,"histone,membrane",
,,,,,,,,,,,,,,,,,,korra,20251016_mem-histone,,fish1_72hpf_roi1,,,,,,/clusterfs/vast/abcabc/Korra_Foundation/20251016_mem-histone/fish1_72hpf_roi1,fish1_72hpf_roi1,fish1_72hpf_roi1,2880,,,,,,,,,,,"histone,membrane",
,,,,,,,,,,,,,,,,,,korra,20251016_mem-histone,,fish2_72hpf_roi1,,,,,,/clusterfs/vast/abcabc/Korra_Foundation/20251016_mem-histone/fish2_72hpf_roi1,fish2_72hpf_roi1,fish2_72hpf_roi1,2880,,,,,,,,,,,"histone,membrane",
,,,,,,,,,,,,,,,,,,korra,20251016_mem-histone,,fish2_72hpf_roi2,,,,,,/clusterfs/vast/abcabc/Korra_Foundation/20251016_mem-histone/fish2_72hpf_roi2,fish2_72hpf_roi2,fish2_72hpf_roi2,2880,,,,,,,,,,,"histone,membrane",
,,,,,,,,,,,,,,,,,,korra,20251016_mem-histone,,fish2_72hpf_roi3,,,,,,/clusterfs/vast/abcabc/Korra_Foundation/20251016_mem-histone/fish2_72hpf_roi3,fish2_72hpf_roi3,fish2_72hpf_roi3,2880,,,,,,,,,,,"histone,membrane",
,,,,,,,,,,,,,,,,,,korra,20251016_mem-histone,,fish3_72hpf_roi1,,,,,,/clusterfs/vast/abcabc/Korra_Foundation/20251016_mem-histone/fish3_72hpf_roi1,fish3_72hpf_roi1,fish3_72hpf_roi1,2880,,,,,,,,,,,"histone,membrane",
,,,,,,,,,,,,,,,,,,korra,20251016_mem-histone,,fish3_72hpf_roi2,,,,,,/clusterfs/vast/abcabc/Korra_Foundation/20251016_mem-histone/fish3_72hpf_roi2,fish3_72hpf_roi2,fish3_72hpf_roi2,2880,,,,,,,,,,,"histone,membrane",
,,,,,,,,,,,,,,,,,,korra,20251017_microtubules,,fish2_24hpf_roi1_test,,,,,,/clusterfs/vast/abcabc/Korra_Foundation/20251017_microtubules/fish2_24hpf_roi1_test,fish2_24hpf_roi1_test,fish2_24hpf_roi1_test,2880,,,,,,,,,,,,
,,,,,,,,,,,,,,,,,,korra,20251020_mem-histone,,fish1_72hpf_roi1,,,,,,/clusterfs/vast/abcabc/Korra_Foundation/20251020_mem-histone/fish1_72hpf_roi1,fish1_72hpf_roi1,fish1_72hpf_roi1,2880,,,,,,,,,,,"histone,membrane",
,,,,,,,,,,,,,,,,,,korra,20251020_mem-histone,,fish1_72hpf_roi2,,,,,,/clusterfs/vast/abcabc/Korra_Foundation/20251020_mem-histone/fish1_72hpf_roi2,fish1_72hpf_roi2,fish1_72hpf_roi2,2880,,,,,,,,,,,"histone,membrane",
,,,,,,,,,,,,,,,,,,korra,20251020_mem-histone,,fish1_72hpf_roi3,,,,,,/clusterfs/vast/abcabc/Korra_Foundation/20251020_mem-histone/fish1_72hpf_roi3,fish1_72hpf_roi3,fish1_72hpf_roi3,2880,,,,,,,,,,,"histone,membrane",
,,,,,,,,,,,,,,,,,,korra,20251020_mem-histone,,fish1_72hpf_roi4,,,,,,/clusterfs/vast/abcabc/Korra_Foundation/20251020_mem-histone/fish1_72hpf_roi4,fish1_72hpf_roi4,fish1_72hpf_roi4,2880,,,,,,,,,,,"histone,membrane",
,,,,,,,,,,,,,,,,,,korra,20251020_mem-histone,,fish1_72hpf_roi5,,,,,,/clusterfs/vast/abcabc/Korra_Foundation/20251020_mem-histone/fish1_72hpf_roi5,fish1_72hpf_roi5,fish1_72hpf_roi5,2880,,,,,,,,,,,"histone,membrane",
,,,,,,,,,,,,,,,,,,korra,20251020_mem-histone,,fish2_72hpf_roi1,,,,,,/clusterfs/vast/abcabc/Korra_Foundation/20251020_mem-histone/fish2_72hpf_roi1,fish2_72hpf_roi1,fish2_72hpf_roi1,2880,,,,,,,,,,,"histone,membrane",
,,,,,,,,,,,,,,,,,,korra,20251020_mem-histone,,fish2_72hpf_roi2,,,,,,/clusterfs/vast/abcabc/Korra_Foundation/20251020_mem-histone/fish2_72hpf_roi2,fish2_72hpf_roi2,fish2_72hpf_roi2,2880,,,,,,,,,,,"histone,membrane",
,,,,,,,,,,,,,,,,,,korra,20251020_mem-histone,,fish2_72hpf_roi3,,,,,,/clusterfs/vast/abcabc/Korra_Foundation/20251020_mem-histone/fish2_72hpf_roi3,fish2_72hpf_roi3,fish2_72hpf_roi3,104,,,,,,,,,,,"histone,membrane",
,,,,,,,,,,,,,,,,,,korra,20251022_mem-histone,,fish1_24hpf_roi2,,,,,,/clusterfs/vast/abcabc/Korra_Foundation/20251022_mem-histone/fish1_24hpf_roi2,fish1_24hpf_roi2,fish1_24hpf_roi2,2880,,,,,,,,,,,"histone,membrane",
,,,,,,,,,,,,,,,,,,korra,20251022_mem-histone,,fish1_24hpf_roi3,,,,,,/clusterfs/vast/abcabc/Korra_Foundation/20251022_mem-histone/fish1_24hpf_roi3,fish1_24hpf_roi3,fish1_24hpf_roi3,2880,,,,,,,,,,,"histone,membrane",
,,,,,,,,,,,,,,,,,,korra,20251022_mem-histone,,fish2_24hpf_roi1,,,,,,/clusterfs/vast/abcabc/Korra_Foundation/20251022_mem-histone/fish2_24hpf_roi1,fish2_24hpf_roi1,fish2_24hpf_roi1,2880,,,,,,,,,,,"histone,membrane",
,,,,,,,,,,,,,,,,,,korra,20251022_mem-histone,,fish2_24hpf_roi2,,,,,,/clusterfs/vast/abcabc/Korra_Foundation/20251022_mem-histone/fish2_24hpf_roi2,fish2_24hpf_roi2,fish2_24hpf_roi2,2880,,,,,,,,,,,"histone,membrane",
,,,,,,,,,,,,,,,,,,korra,20251022_mem-histone,,fish2_24hpf_roi3,,,,,,/clusterfs/vast/abcabc/Korra_Foundation/20251022_mem-histone/fish2_24hpf_roi3,fish2_24hpf_roi3,fish2_24hpf_roi3,2880,,,,,,,,,,,"histone,membrane",
,,,,,,,,,,,,,,,,,,korra,20251022_mem-histone,,fish3_24hpf_roi1,,,,,,/clusterfs/vast/abcabc/Korra_Foundation/20251022_mem-histone/fish3_24hpf_roi1,fish3_24hpf_roi1,fish3_24hpf_roi1,2880,,,,,,,,,,,"histone,membrane",
,,,,,,,,,,,,,,,,,,korra,20251022_mem-histone,,fish3_24hpf_roi2,,,,,,/clusterfs/vast/abcabc/Korra_Foundation/20251022_mem-histone/fish3_24hpf_roi2,fish3_24hpf_roi2,fish3_24hpf_roi2,2880,,,,,,,,,,,"histone,membrane",
,,,,,,,,,,,,,,,,,,korra,20251022_mem-histone,,fish4_24hpf_roi1,,,,,,/clusterfs/vast/abcabc/Korra_Foundation/20251022_mem-histone/fish4_24hpf_roi1,fish4_24hpf_roi1,fish4_24hpf_roi1,2880,,,,,,,,,,,"histone,membrane",
,,,,,,,,,,,,,,,,,,korra,20251022_mem-histone,,fish4_24hpf_roi2,,,,,,/clusterfs/vast/abcabc/Korra_Foundation/20251022_mem-histone/fish4_24hpf_roi2,fish4_24hpf_roi2,fish4_24hpf_roi2,2880,,,,,,,,,,,"histone,membrane",
,,,,,,,,,,,,,,,,,,korra,20251022_mem-histone,,fish4_24hpf_roi3,,,,,,/clusterfs/vast/abcabc/Korra_Foundation/20251022_mem-histone/fish4_24hpf_roi3,fish4_24hpf_roi3,fish4_24hpf_roi3,2880,,,,,,,,,,,"histone,membrane",
,,,,,,,,,,,,,,,,,,korra,20251024_mem-histone,,fish2_72hpf_roi1,,,,,,/clusterfs/vast/abcabc/Korra_Foundation/20251024_mem-histone/fish2_72hpf_roi1,fish2_72hpf_roi1,fish2_72hpf_roi1,2880,,,,,,,,,,,"histone,membrane",
,,,,,,,,,,,,,,,,,,korra,20251024_mem-histone,,fish2_72hpf_roi2,,,,,,/clusterfs/vast/abcabc/Korra_Foundation/20251024_mem-histone/fish2_72hpf_roi2,fish2_72hpf_roi2,fish2_72hpf_roi2,2880,,,,,,,,,,,"histone,membrane",
,,,,,,,,,,,,,,,,,,korra,20251024_mem-histone,,fish2_72hpf_roi3,,,,,,/clusterfs/vast/abcabc/Korra_Foundation/20251024_mem-histone/fish2_72hpf_roi3,fish2_72hpf_roi3,fish2_72hpf_roi3,2880,,,,,,,,,,,"histone,membrane",
,,,,,,,,,,,,,,,,,,korra,20251024_mem-histone,,fish3_72hpf_roi1,,,,,,/clusterfs/vast/abcabc/Korra_Foundation/20251024_mem-histone/fish3_72hpf_roi1,fish3_72hpf_roi1,fish3_72hpf_roi1,2880,,,,,,,,,,,"histone,membrane",
,,,,,,,,,,,,,,,,,,korra,20251024_mem-histone,,fish3_72hpf_roi2,,,,,,/clusterfs/vast/abcabc/Korra_Foundation/20251024_mem-histone/fish3_72hpf_roi2,fish3_72hpf_roi2,fish3_72hpf_roi2,2880,,,,,,,,,,,"histone,membrane",
,,,,,,,,,,,,,,,,,,korra,20251024_mem-histone,,fish3_72hpf_roi3,,,,,,/clusterfs/vast/abcabc/Korra_Foundation/20251024_mem-histone/fish3_72hpf_roi3,fish3_72hpf_roi3,fish3_72hpf_roi3,2880,,,,,,,,,,,"histone,membrane",
,,,,,,,,,,,,,,,,,,korra,20251024_mem-histone,,fish3_72hpf_roi4,,,,,,/clusterfs/vast/abcabc/Korra_Foundation/20251024_mem-histone/fish3_72hpf_roi4,fish3_72hpf_roi4,fish3_72hpf_roi4,2880,,,,,,,,,,,"histone,membrane",
,,,,,,,,,,,,,,,,,,korra,20251024_mem-histone,,fish3_72hpf_roi5,,,,,,/clusterfs/vast/abcabc/Korra_Foundation/20251024_mem-histone/fish3_72hpf_roi5,fish3_72hpf_roi5,fish3_72hpf_roi5,2880,,,,,,,,,,,"histone,membrane",
,,,,,,,,,,,,,,,,,,korra,20251027_mem-histone,,fish3_72hpf_roi1,,,,,,/clusterfs/vast/abcabc/Korra_Foundation/20251027_mem-histone/fish3_72hpf_roi1,fish3_72hpf_roi1,fish3_72hpf_roi1,2880,,,,,,,,,,,"histone,membrane",
,,,,,,,,,,,,,,,,,,korra,20251027_mem-histone,,fish3_72hpf_roi2,,,,,,/clusterfs/vast/abcabc/Korra_Foundation/20251027_mem-histone/fish3_72hpf_roi2,fish3_72hpf_roi2,fish3_72hpf_roi2,2880,,,,,,,,,,,"histone,membrane",
,,,,,,,,,,,,,,,,,,korra,20251027_mem-histone,,fish3_72hpf_roi3,,,,,,/clusterfs/vast/abcabc/Korra_Foundation/20251027_mem-histone/fish3_72hpf_roi3,fish3_72hpf_roi3,fish3_72hpf_roi3,2880,,,,,,,,,,,"histone,membrane",
,,,,,,,,,,,,,,,,,,korra,20251027_mem-histone,,fish3_72hpf_roi4,,,,,,/clusterfs/vast/abcabc/Korra_Foundation/20251027_mem-histone/fish3_72hpf_roi4,fish3_72hpf_roi4,fish3_72hpf_roi4,2880,,,,,,,,,,,"histone,membrane",
,,,,,,,,,,,,,,,,,,korra,20251029_mem-histone,,fish2_24hpf_roi1,,,,,,/clusterfs/vast/abcabc/Korra_Foundation/20251029_mem-histone/fish2_24hpf_roi1,fish2_24hpf_roi1,fish2_24hpf_roi1,2880,,,,,,,,,,,"histone,membrane",
,,,,,,,,,,,,,,,,,,korra,20251029_mem-histone,,fish3_24hpf_roi1,,,,,,/clusterfs/vast/abcabc/Korra_Foundation/20251029_mem-histone/fish3_24hpf_roi1,fish3_24hpf_roi1,fish3_24hpf_roi1,2880,,,,,,,,,,,"histone,membrane",
,,,,,,,,,,,,,,,,,,korra,20251029_mem-histone,,fish5_24hpf_roi1,,,,,,/clusterfs/vast/abcabc/Korra_Foundation/20251029_mem-histone/fish5_24hpf_roi1,fish5_24hpf_roi1,fish5_24hpf_roi1,2880,,,,,,,,,,,"histone,membrane",
,,,,,,,,,,,,,,,,,,korra,20251029_mem-histone,,fish5_24hpf_roi2,,,,,,/clusterfs/vast/abcabc/Korra_Foundation/20251029_mem-histone/fish5_24hpf_roi2,fish5_24hpf_roi2,fish5_24hpf_roi2,2880,,,,,,,,,,,"histone,membrane",
,,,,,,,,,,,,,,,,,,korra,20251106_mem-mito,,fish1_48hpf_roi1,,,,,,/clusterfs/vast/abcabc/Korra_Foundation/20251106_mem-mito/fish1_48hpf_roi1,fish1_48hpf_roi1,fish1_48hpf_roi1,768,,,,,,,,,,,"membrane,mitochondria",
,,,,,,,,,,,,,,,,,,korra,20251106_mem-mito,,fish1_48hpf_roi2,,,,,,/clusterfs/vast/abcabc/Korra_Foundation/20251106_mem-mito/fish1_48hpf_roi2,fish1_48hpf_roi2,fish1_48hpf_roi2,768,,,,,,,,,,,"membrane,mitochondria",
,,,,,,,,,,,,,,,,,,korra,20251106_mem-mito,,fish1_48hpf_roi3,,,,,,/clusterfs/vast/abcabc/Korra_Foundation/20251106_mem-mito/fish1_48hpf_roi3,fish1_48hpf_roi3,fish1_48hpf_roi3,768,,,,,,,,,,,"membrane,mitochondria",
,,,,,,,,,,,,,,,,,,korra,20251106_mem-mito,,fish1_48hpf_roi4,,,,,,/clusterfs/vast/abcabc/Korra_Foundation/20251106_mem-mito/fish1_48hpf_roi4,fish1_48hpf_roi4,fish1_48hpf_roi4,768,,,,,,,,,,,"membrane,mitochondria",
,,,,,,,,,,,,,,,,,,korra,20251106_mem-mito,,fish1_48hpf_roi5,,,,,,/clusterfs/vast/abcabc/Korra_Foundation/20251106_mem-mito/fish1_48hpf_roi5,fish1_48hpf_roi5,fish1_48hpf_roi5,768,,,,,,,,,,,"membrane,mitochondria",
,,,,,,,,,,,,,,,,,,korra,20251106_mem-mito,,fish2_48hpf_roi1,,,,,,/clusterfs/vast/abcabc/Korra_Foundation/20251106_mem-mito/fish2_48hpf_roi1,fish2_48hpf_roi1,fish2_48hpf_roi1,1024,,,,,,,,,,,"membrane,mitochondria",
,,,,,,,,,,,,,,,,,,korra,20251106_mem-mito,,fish2_48hpf_roi2,,,,,,/clusterfs/vast/abcabc/Korra_Foundation/20251106_mem-mito/fish2_48hpf_roi2,fish2_48hpf_roi2,fish2_48hpf_roi2,1024,,,,,,,,,,,"membrane,mitochondria",
,,,,,,,,,,,,,,,,,,korra,20251106_mem-mito,,fish2_48hpf_roi3,,,,,,/clusterfs/vast/abcabc/Korra_Foundation/20251106_mem-mito/fish2_48hpf_roi3,fish2_48hpf_roi3,fish2_48hpf_roi3,1024,,,,,,,,,,,"membrane,mitochondria",
,,,,,,,,,,,,,,,,,,korra,20251106_mem-mito,,fish2_48hpf_roi4,,,,,,/clusterfs/vast/abcabc/Korra_Foundation/20251106_mem-mito/fish2_48hpf_roi4,fish2_48hpf_roi4,fish2_48hpf_roi4,1024,,,,,,,,,,,"membrane,mitochondria",
,,,,,,,,,,,,,,,,,,korra,20251106_mem-mito,,fish2_48hpf_roi5,,,,,,/clusterfs/vast/abcabc/Korra_Foundation/20251106_mem-mito/fish2_48hpf_roi5,fish2_48hpf_roi5,fish2_48hpf_roi5,1024,,,,,,,,,,,"membrane,mitochondria",
,,,,,,,,,,,,,,,,,,korra,20251110_mem-histone,,fish1_48hpf_roi1,,,,,,/clusterfs/vast/abcabc/Korra_Foundation/20251110_mem-histone/fish1_48hpf_roi1,fish1_48hpf_roi1,fish1_48hpf_roi1,12,,,,,,,,,,,"histone,membrane",
,,,,,,,,,,,,,,,,,,korra,20251110_mem-histone,,fish1_48hpf_roi2,,,,,,/clusterfs/vast/abcabc/Korra_Foundation/20251110_mem-histone/fish1_48hpf_roi2,fish1_48hpf_roi2,fish1_48hpf_roi2,1920,,,,,,,,,,,"histone,membrane",
,,,,,,,,,,,,,,,,,,korra,20251110_mem-histone,,fish2_48hpf_roi1,,,,,,/clusterfs/vast/abcabc/Korra_Foundation/20251110_mem-histone/fish2_48hpf_roi1,fish2_48hpf_roi1,fish2_48hpf_roi1,12,,,,,,,,,,,"histone,membrane",
,,,,,,,,,,,,,,,,,,korra,20251110_mem-histone,,fish2_48hpf_roi1-2,,,,,,/clusterfs/vast/abcabc/Korra_Foundation/20251110_mem-histone/fish2_48hpf_roi1-2,fish2_48hpf_roi1-2,fish2_48hpf_roi1-2,3840,,,,,,,,,,,"histone,membrane",
,,,,,,,,,,,,,,,,,,korra,20251110_mem-histone,,fish3_48hpf_roi1,,,,,,/clusterfs/vast/abcabc/Korra_Foundation/20251110_mem-histone/fish3_48hpf_roi1,fish3_48hpf_roi1,fish3_48hpf_roi1,9360,,,,,,,,,,,"histone,membrane",
,,,,,,,,,,,,,,,,,,korra,20251110_mem-histone,,fish4_48hpf_roi1,,,,,,/clusterfs/vast/abcabc/Korra_Foundation/20251110_mem-histone/fish4_48hpf_roi1,fish4_48hpf_roi1,fish4_48hpf_roi1,144,,,,,,,,,,,"histone,membrane",
,,,,,,,,,,,,,,,,,,korra,20251112_mem-mito,,fish2_48hpf_roi1,,,,,,/clusterfs/vast/abcabc/Korra_Foundation/20251112_mem-mito/fish2_48hpf_roi1,fish2_48hpf_roi1,fish2_48hpf_roi1,1280,,,,,,,,,,,"membrane,mitochondria",
,,,,,,,,,,,,,,,,,,korra,20251112_mem-mito,,fish2_48hpf_roi2,,,,,,/clusterfs/vast/abcabc/Korra_Foundation/20251112_mem-mito/fish2_48hpf_roi2,fish2_48hpf_roi2,fish2_48hpf_roi2,1280,,,,,,,,,,,"membrane,mitochondria",
,,,,,,,,,,,,,,,,,,korra,20251112_mem-mito,,fish2_48hpf_roi3,,,,,,/clusterfs/vast/abcabc/Korra_Foundation/20251112_mem-mito/fish2_48hpf_roi3,fish2_48hpf_roi3,fish2_48hpf_roi3,1280,,,,,,,,,,,"membrane,mitochondria",
,,,,,,,,,,,,,,,,,,korra,20251112_mem-mito,,fish3_48hpf_roi1,,,,,,/clusterfs/vast/abcabc/Korra_Foundation/20251112_mem-mito/fish3_48hpf_roi1,fish3_48hpf_roi1,fish3_48hpf_roi1,1280,,,,,,,,,,,"membrane,mitochondria",
,,,,,,,,,,,,,,,,,,korra,20251112_mem-mito,,fish3_48hpf_roi2,,,,,,/clusterfs/vast/abcabc/Korra_Foundation/20251112_mem-mito/fish3_48hpf_roi2,fish3_48hpf_roi2,fish3_48hpf_roi2,1280,,,,,,,,,,,"membrane,mitochondria",
,,,,,,,,,,,,,,,,,,korra,20251112_mem-mito,,fish3_48hpf_roi3,,,,,,/clusterfs/vast/abcabc/Korra_Foundation/20251112_mem-mito/fish3_48hpf_roi3,fish3_48hpf_roi3,fish3_48hpf_roi3,1280,,,,,,,,,,,"membrane,mitochondria",
,,,,,,,,,,,,,,,,,,korra,20251112_mem-mito,,fish3_48hpf_roi4,,,,,,/clusterfs/vast/abcabc/Korra_Foundation/20251112_mem-mito/fish3_48hpf_roi4,fish3_48hpf_roi4,fish3_48hpf_roi4,1280,,,,,,,,,,,"membrane,mitochondria",
,,,,,,,,,,,,,,,,,,korra,20251112_mem-mito,,fish4_48hpf_roi1,,,,,,/clusterfs/vast/abcabc/Korra_Foundation/20251112_mem-mito/fish4_48hpf_roi1,fish4_48hpf_roi1,fish4_48hpf_roi1,1280,,,,,,,,,,,"membrane,mitochondria",
,,,,,,,,,,,,,,,,,,korra,20251112_mem-mito,,fish4_48hpf_roi2,,,,,,/clusterfs/vast/abcabc/Korra_Foundation/20251112_mem-mito/fish4_48hpf_roi2,fish4_48hpf_roi2,fish4_48hpf_roi2,852,,,,,,,,,,,"membrane,mitochondria",
,,,,,,,,,,,,,,,,,,korra,analysis_test,,fish1_roi1,,,,,,/clusterfs/vast/abcabc/Korra_Foundation/analysis_test/fish1_roi1,fish1_roi1,fish1_roi1,96,,,,,,,,,,,,
,,,,,,,,,,,,,,,,,,aang,20250721_72hpf_mrna_mSG_organelle_LLS-SIM,,er_roi1,,,,,,/clusterfs/vast/abcabc/Aang_Foundation/20250721_72hpf_mrna_mSG_organelle_LLS-SIM/er_roi1,er_roi1,er_roi1,74,,,,,,,,,,,ER,
,,,,,,,,,,,,,,,,,,aang,20250721_72hpf_mrna_mSG_organelle_LLS-SIM,,er_roi2,,,,,,/clusterfs/vast/abcabc/Aang_Foundation/20250721_72hpf_mrna_mSG_organelle_LLS-SIM/er_roi2,er_roi2,er_roi2,74,,,,,,,,,,,ER,
,,,,,,,,,,,,,,,,,,aang,20250721_72hpf_mrna_mSG_organelle_LLS-SIM,,er_roi3,,,,,,/clusterfs/vast/abcabc/Aang_Foundation/20250721_72hpf_mrna_mSG_organelle_LLS-SIM/er_roi3,er_roi3,er_roi3,80,,,,,,,,,,,ER,
,,,,,,,,,,,,,,,,,,aang,20250721_72hpf_mrna_mSG_organelle_LLS-SIM,,mito_roi1,,,,,,/clusterfs/vast/abcabc/Aang_Foundation/20250721_72hpf_mrna_mSG_organelle_LLS-SIM/mito_roi1,mito_roi1,mito_roi1,50,,,,,,,,,,,mitochondria,
,,,,,,,,,,,,,,,,,,aang,20250721_72hpf_mrna_mSG_organelle_LLS-SIM,,mito_roi2,,,,,,/clusterfs/vast/abcabc/Aang_Foundation/20250721_72hpf_mrna_mSG_organelle_LLS-SIM/mito_roi2,mito_roi2,mito_roi2,80,,,,,,,,,,,mitochondria,
,,,,,,,,,,,,,,,,,,aang,20250722_mem-halo_er-mSG,,fish1_24hpf_roi1,,,,,,/clusterfs/vast/abcabc/Aang_Foundation/20250722_mem-halo_er-mSG/fish1_24hpf_roi1,fish1_24hpf_roi1,fish1_24hpf_roi1,33,,,,,,,,,,,"ER,membrane",
,,,,,,,,,,,,,,,,,,aang,20250722_mem-halo_er-mSG,,fish1_24hpf_roi2,,,,,,/clusterfs/vast/abcabc/Aang_Foundation/20250722_mem-halo_er-mSG/fish1_24hpf_roi2,fish1_24hpf_roi2,fish1_24hpf_roi2,109,,,,,,,,,,,"ER,membrane",
,,,,,,,,,,,,,,,,,,aang,20250722_mem-halo_er-mSG,,fish1_24hpf_roi3,,,,,,/clusterfs/vast/abcabc/Aang_Foundation/20250722_mem-halo_er-mSG/fish1_24hpf_roi3,fish1_24hpf_roi3,fish1_24hpf_roi3,37,,,,,,,,,,,"ER,membrane",
,,,,,,,,,,,,,,,,,,aang,20250722_mem-halo_er-mSG,,fish1_24hpf_roi4,,,,,,/clusterfs/vast/abcabc/Aang_Foundation/20250722_mem-halo_er-mSG/fish1_24hpf_roi4,fish1_24hpf_roi4,fish1_24hpf_roi4,140,,,,,,,,,,,"ER,membrane",
,,,,,,,,,,,,,,,,,,aang,20250722_mem-halo_er-mSG,,fish1_24hpf_roi5,,,,,,/clusterfs/vast/abcabc/Aang_Foundation/20250722_mem-halo_er-mSG/fish1_24hpf_roi5,fish1_24hpf_roi5,fish1_24hpf_roi5,37,,,,,,,,,,,"ER,membrane",
,,,,,,,,,,,,,,,,,,aang,20250722_mem-halo_er-mSG,,fish2_24hpf_roi1,,,,,,/clusterfs/vast/abcabc/Aang_Foundation/20250722_mem-halo_er-mSG/fish2_24hpf_roi1,fish2_24hpf_roi1,fish2_24hpf_roi1,109,,,,,,,,,,,"ER,membrane",
,,,,,,,,,,,,,,,,,,aang,20250722_mem-halo_er-mSG,,fish2_24hpf_roi2,,,,,,/clusterfs/vast/abcabc/Aang_Foundation/20250722_mem-halo_er-mSG/fish2_24hpf_roi2,fish2_24hpf_roi2,fish2_24hpf_roi2,105,,,,,,,,,,,"ER,membrane",
,,,,,,,,,,,,,,,,,,aang,20250722_mem-halo_er-mSG,,fish2_24hpf_roi3,,,,,,/clusterfs/vast/abcabc/Aang_Foundation/20250722_mem-halo_er-mSG/fish2_24hpf_roi3,fish2_24hpf_roi3,fish2_24hpf_roi3,105,,,,,,,,,,,"ER,membrane",
,,,,,,,,,,,,,,,,,,aang,20250722_mem-halo_er-mSG,,fish2_24hpf_roi4,,,,,,/clusterfs/vast/abcabc/Aang_Foundation/20250722_mem-halo_er-mSG/fish2_24hpf_roi4,fish2_24hpf_roi4,fish2_24hpf_roi4,35,,,,,,,,,,,"ER,membrane",
,,,,,,,,,,,,,,,,,,aang,20250722_mrna_mito-mSG_mem-mChilada,,fish1_roi1,,,,,,/clusterfs/vast/abcabc/Aang_Foundation/20250722_mrna_mito-mSG_mem-mChilada/fish1_roi1,fish1_roi1,fish1_roi1,40,,,,,,,,,,,"membrane,mitochondria",
,,,,,,,,,,,,,,,,,,aang,20250722_mrna_mito-mSG_mem-mChilada,,fish1_roi2,,,,,,/clusterfs/vast/abcabc/Aang_Foundation/20250722_mrna_mito-mSG_mem-mChilada/fish1_roi2,fish1_roi2,fish1_roi2,65,,,,,,,,,,,"membrane,mitochondria",
,,,,,,,,,,,,,,,,,,aang,20250722_mrna_mito-mSG_mem-mChilada,,fish1_roi3,,,,,,/clusterfs/vast/abcabc/Aang_Foundation/20250722_mrna_mito-mSG_mem-mChilada/fish1_roi3,fish1_roi3,fish1_roi3,61,,,,,,,,,,,"membrane,mitochondria",
,,,,,,,,,,,,,,,,,,aang,20250722_mrna_mito-mSG_mem-mChilada,,fish2_48hpf_roi1,,,,,,/clusterfs/vast/abcabc/Aang_Foundation/20250722_mrna_mito-mSG_mem-mChilada/fish2_48hpf_roi1,fish2_48hpf_roi1,fish2_48hpf_roi1,56,,,,,,,,,,,"membrane,mitochondria",
,,,,,,,,,,,,,,,,,,aang,20250722_mrna_mito-mSG_mem-mChilada,,fish2_48hpf_roi2,,,,,,/clusterfs/vast/abcabc/Aang_Foundation/20250722_mrna_mito-mSG_mem-mChilada/fish2_48hpf_roi2,fish2_48hpf_roi2,fish2_48hpf_roi2,70,,,,,,,,,,,"membrane,mitochondria",
,,,,,,,,,,,,,,,,,,aang,20250722_mrna_mito-mSG_mem-mChilada,,fish2_48hpf_roi3,,,,,,/clusterfs/vast/abcabc/Aang_Foundation/20250722_mrna_mito-mSG_mem-mChilada/fish2_48hpf_roi3,fish2_48hpf_roi3,fish2_48hpf_roi3,93,,,,,,,,,,,"membrane,mitochondria",
,,,,,,,,,,,,,,,,,,aang,20250722_mrna_mito-mSG_mem-mChilada,,fish2_48hpf_roi4,,,,,,/clusterfs/vast/abcabc/Aang_Foundation/20250722_mrna_mito-mSG_mem-mChilada/fish2_48hpf_roi4,fish2_48hpf_roi4,fish2_48hpf_roi4,70,,,,,,,,,,,"membrane,mitochondria",
,,,,,,,,,,,,,,,,,,aang,20250722_mrna_mito-mSG_mem-mChilada,,fish2_48hpf_roi5,,,,,,/clusterfs/vast/abcabc/Aang_Foundation/20250722_mrna_mito-mSG_mem-mChilada/fish2_48hpf_roi5,fish2_48hpf_roi5,fish2_48hpf_roi5,72,,,,,,,,,,,"membrane,mitochondria",
,,,,,,,,,,,,,,,,,,aang,20250722_mrna_mito-mSG_mem-mChilada,,fish3_48hpf_roi1,,,,,,/clusterfs/vast/abcabc/Aang_Foundation/20250722_mrna_mito-mSG_mem-mChilada/fish3_48hpf_roi1,fish3_48hpf_roi1,fish3_48hpf_roi1,70,,,,,,,,,,,"membrane,mitochondria",
,,,,,,,,,,,,,,,,,,aang,20250722_mrna_mito-mSG_mem-mChilada,,fish3_48hpf_roi2,,,,,,/clusterfs/vast/abcabc/Aang_Foundation/20250722_mrna_mito-mSG_mem-mChilada/fish3_48hpf_roi2,fish3_48hpf_roi2,fish3_48hpf_roi2,70,,,,,,,,,,,"membrane,mitochondria",
,,,,,,,,,,,,,,,,,,aang,20250722_mrna_mito-mSG_mem-mChilada,,fish3_48hpf_roi3,,,,,,/clusterfs/vast/abcabc/Aang_Foundation/20250722_mrna_mito-mSG_mem-mChilada/fish3_48hpf_roi3,fish3_48hpf_roi3,fish3_48hpf_roi3,70,,,,,,,,,,,"membrane,mitochondria",
,,,,,,,,,,,,,,,,,,aang,20250722_mrna_mito-mSG_mem-mChilada,,fish3_48hpf_roi4,,,,,,/clusterfs/vast/abcabc/Aang_Foundation/20250722_mrna_mito-mSG_mem-mChilada/fish3_48hpf_roi4,fish3_48hpf_roi4,fish3_48hpf_roi4,70,,,,,,,,,,,"membrane,mitochondria",
,,,,,,,,,,,,,,,,,,aang,20250723_er-mSG_mem-mChilada,,fish1_24hpf_roi1,,,,,,/clusterfs/vast/abcabc/Aang_Foundation/20250723_er-mSG_mem-mChilada/fish1_24hpf_roi1,fish1_24hpf_roi1,fish1_24hpf_roi1,390,,,,,,,,,,,"ER,membrane",
,,,,,,,,,,,,,,,,,,aang,20250805_lifeact_mem-halo,,fish1_48hpf_roi1,,,,,,/clusterfs/vast/abcabc/Aang_Foundation/20250805_lifeact_mem-halo/fish1_48hpf_roi1,fish1_48hpf_roi1,fish1_48hpf_roi1,390,,,,,,,,,,,membrane,
,,,,,,,,,,,,,,,,,,aang,20250805_lifeact_mem-halo,,fish1_48hpf_roi2,,,,,,/clusterfs/vast/abcabc/Aang_Foundation/20250805_lifeact_mem-halo/fish1_48hpf_roi2,fish1_48hpf_roi2,fish1_48hpf_roi2,390,,,,,,,,,,,membrane,
,,,,,,,,,,,,,,,,,,aang,20250805_lifeact_mem-halo,,fish1_48hpf_roi3,,,,,,/clusterfs/vast/abcabc/Aang_Foundation/20250805_lifeact_mem-halo/fish1_48hpf_roi3,fish1_48hpf_roi3,fish1_48hpf_roi3,390,,,,,,,,,,,membrane,
,,,,,,,,,,,,,,,,,,aang,20250805_lifeact_mem-halo,,fish1_48hpf_roi4,,,,,,/clusterfs/vast/abcabc/Aang_Foundation/20250805_lifeact_mem-halo/fish1_48hpf_roi4,fish1_48hpf_roi4,fish1_48hpf_roi4,390,,,,,,,,,,,membrane,
,,,,,,,,,,,,,,,,,,aang,20250805_lifeact_mem-halo,,fish1_48hpf_roi5,,,,,,/clusterfs/vast/abcabc/Aang_Foundation/20250805_lifeact_mem-halo/fish1_48hpf_roi5,fish1_48hpf_roi5,fish1_48hpf_roi5,390,,,,,,,,,,,membrane,
,,,,,,,,,,,,,,,,,,aang,20250805_mito_mem-halo,,fish1_24hpf_roi1,,,,,,/clusterfs/vast/abcabc/Aang_Foundation/20250805_mito_mem-halo/fish1_24hpf_roi1,fish1_24hpf_roi1,fish1_24hpf_roi1,390,,,,,,,,,,,"membrane,mitochondria",
,,,,,,,,,,,,,,,,,,aang,20250805_mito_mem-halo,,fish1_24hpf_roi2,,,,,,/clusterfs/vast/abcabc/Aang_Foundation/20250805_mito_mem-halo/fish1_24hpf_roi2,fish1_24hpf_roi2,fish1_24hpf_roi2,390,,,,,,,,,,,"membrane,mitochondria",
,,,,,,,,,,,,,,,,,,aang,20250805_mito_mem-halo,,fish2_24hpf_roi1,,,,,,/clusterfs/vast/abcabc/Aang_Foundation/20250805_mito_mem-halo/fish2_24hpf_roi1,fish2_24hpf_roi1,fish2_24hpf_roi1,390,,,,,,,,,,,"membrane,mitochondria",
,,,,,,,,,,,,,,,,,,aang,20250805_mito_mem-halo,,fish2_24hpf_roi2,,,,,,/clusterfs/vast/abcabc/Aang_Foundation/20250805_mito_mem-halo/fish2_24hpf_roi2,fish2_24hpf_roi2,fish2_24hpf_roi2,390,,,,,,,,,,,"membrane,mitochondria",
,,,,,,,,,,,,,,,,,,aang,20250805_mito_mem-halo,,fish2_24hpf_roi3,,,,,,/clusterfs/vast/abcabc/Aang_Foundation/20250805_mito_mem-halo/fish2_24hpf_roi3,fish2_24hpf_roi3,fish2_24hpf_roi3,390,,,,,,,,,,,"membrane,mitochondria",
,,,,,,,,,,,,,,,,,,aang,20250805_mito_mem-halo,,fish3_24hpf_roi1,,,,,,/clusterfs/vast/abcabc/Aang_Foundation/20250805_mito_mem-halo/fish3_24hpf_roi1,fish3_24hpf_roi1,fish3_24hpf_roi1,390,,,,,,,,,,,"membrane,mitochondria",
,,,,,,,,,,,,,,,,,,aang,20250805_mito_mem-halo,,fish3_24hpf_roi2,,,,,,/clusterfs/vast/abcabc/Aang_Foundation/20250805_mito_mem-halo/fish3_24hpf_roi2,fish3_24hpf_roi2,fish3_24hpf_roi2,780,,,,,,,,,,,"membrane,mitochondria",
,,,,,,,,,,,,,,,,,,aang,20250808_mem_organelle,,fish1_24hpf_mem-mchilada_lyso-mSG,,,,,,/clusterfs/vast/abcabc/Aang_Foundation/20250808_mem_organelle/fish1_24hpf_mem-mchilada_lyso-mSG/roi1,roi1,roi1,108,,,,,,,,,,,membrane,
,,,,,,,,,,,,,,,,,,aang,20250808_mem_organelle,,fish1_24hpf_mem-mchilada_lyso-mSG,,,,,,/clusterfs/vast/abcabc/Aang_Foundation/20250808_mem_organelle/fish1_24hpf_mem-mchilada_lyso-mSG/roi1_1,roi1_1,roi1_1,300,,,,,,,,,,,membrane,
,,,,,,,,,,,,,,,,,,aang,20250808_mem_organelle,,fish1_24hpf_mem-mchilada_lyso-mSG,,,,,,/clusterfs/vast/abcabc/Aang_Foundation/20250808_mem_organelle/fish1_24hpf_mem-mchilada_lyso-mSG/roi1_test,roi1_test,roi1_test,6,,,,,,,,,,,membrane,
,,,,,,,,,,,,,,,,,,aang,20250808_mem_organelle,,fish1_24hpf_mem-mchilada_lyso-mSG,,,,,,/clusterfs/vast/abcabc/Aang_Foundation/20250808_mem_organelle/fish1_24hpf_mem-mchilada_lyso-mSG/roi2,roi2,roi2,300,,,,,,,,,,,membrane,
,,,,,,,,,,,,,,,,,,aang,20250808_mem_organelle,,fish1_24hpf_mem-mchilada_lyso-mSG,,,,,,/clusterfs/vast/abcabc/Aang_Foundation/20250808_mem_organelle/fish1_24hpf_mem-mchilada_lyso-mSG/roi3,roi3,roi3,300,,,,,,,,,,,membrane,
,,,,,,,,,,,,,,,,,,aang,20250808_mem_organelle,,fish2_24hpf_mem-mchilada_lyso-mSG,,,,,,/clusterfs/vast/abcabc/Aang_Foundation/20250808_mem_organelle/fish2_24hpf_mem-mchilada_lyso-mSG/roi1,roi1,roi1,300,,,,,,,,,,,membrane,
,,,,,,,,,,,,,,,,,,aang,20250808_mem_organelle,,fish2_24hpf_mem-mchilada_lyso-mSG,,,,,,/clusterfs/vast/abcabc/Aang_Foundation/20250808_mem_organelle/fish2_24hpf_mem-mchilada_lyso-mSG/roi2,roi2,roi2,300,,,,,,,,,,,membrane,
,,,,,,,,,,,,,,,,,,aang,20250808_mem_organelle,,fish2_24hpf_mem-mchilada_lyso-mSG,,,,,,/clusterfs/vast/abcabc/Aang_Foundation/20250808_mem_organelle/fish2_24hpf_mem-mchilada_lyso-mSG/roi3,roi3,roi3,300,,,,,,,,,,,membrane,
,,,,,,,,,,,,,,,,,,aang,20250808_mem_organelle,,fish3_24hpf_mem-mchilada_mito-mSG,,,,,,/clusterfs/vast/abcabc/Aang_Foundation/20250808_mem_organelle/fish3_24hpf_mem-mchilada_mito-mSG/roi1,roi1,roi1,300,,,,,,,,,,,"membrane,mitochondria",
,,,,,,,,,,,,,,,,,,aang,20250808_mem_organelle,,fish3_24hpf_mem-mchilada_mito-mSG,,,,,,/clusterfs/vast/abcabc/Aang_Foundation/20250808_mem_organelle/fish3_24hpf_mem-mchilada_mito-mSG/roi2,roi2,roi2,300,,,,,,,,,,,"membrane,mitochondria",
,,,,,,,,,,,,,,,,,,aang,20250808_mem_organelle,,fish3_24hpf_mem-mchilada_mito-mSG,,,,,,/clusterfs/vast/abcabc/Aang_Foundation/20250808_mem_organelle/fish3_24hpf_mem-mchilada_mito-mSG/roi3,roi3,roi3,300,,,,,,,,,,,"membrane,mitochondria",
,,,,,,,,,,,,,,,,,,aang,20250808_mem_organelle,,fish3_24hpf_mem-mchilada_mito-mSG,,,,,,/clusterfs/vast/abcabc/Aang_Foundation/20250808_mem_organelle/fish3_24hpf_mem-mchilada_mito-mSG/roi4,roi4,roi4,300,,,,,,,,,,,"membrane,mitochondria",
,,,,,,,,,,,,,,,,,,aang,20250808_mem_organelle,,fish4_24hpf_mem-mchilada_mito-mSG,,,,,,/clusterfs/vast/abcabc/Aang_Foundation/20250808_mem_organelle/fish4_24hpf_mem-mchilada_mito-mSG/roi1,roi1,roi1,300,,,,,,,,,,,"membrane,mitochondria",
,,,,,,,,,,,,,,,,,,aang,20250808_mem_organelle,,fish4_24hpf_mem-mchilada_mito-mSG,,,,,,/clusterfs/vast/abcabc/Aang_Foundation/20250808_mem_organelle/fish4_24hpf_mem-mchilada_mito-mSG/roi2,roi2,roi2,300,,,,,,,,,,,"membrane,mitochondria",
,,,,,,,,,,,,,,,,,,aang,20250808_mem_organelle,,fish4_24hpf_mem-mchilada_mito-mSG,,,,,,/clusterfs/vast/abcabc/Aang_Foundation/20250808_mem_organelle/fish4_24hpf_mem-mchilada_mito-mSG/roi3,roi3,roi3,300,,,,,,,,,,,"membrane,mitochondria",
,,,,,,,,,,,,,,,,,,aang,20250808_mem_organelle,,fish4_24hpf_mem-mchilada_mito-mSG,,,,,,/clusterfs/vast/abcabc/Aang_Foundation/20250808_mem_organelle/fish4_24hpf_mem-mchilada_mito-mSG/roi4,roi4,roi4,300,,,,,,,,,,,"membrane,mitochondria",
,,,,,,,,,,,,,,,,,,aang,20250808_mem_organelle,,fish4_24hpf_mem-mchilada_mito-mSG,,,,,,/clusterfs/vast/abcabc/Aang_Foundation/20250808_mem_organelle/fish4_24hpf_mem-mchilada_mito-mSG/roi5,roi5,roi5,300,,,,,,,,,,,"membrane,mitochondria",
,,,,,,,,,,,,,,,,,,aang,20250808_mem_organelle,,fish4_24hpf_mem-mchilada_mito-mSG,,,,,,/clusterfs/vast/abcabc/Aang_Foundation/20250808_mem_organelle/fish4_24hpf_mem-mchilada_mito-mSG/roi6,roi6,roi6,300,,,,,,,,,,,"membrane,mitochondria",
,,,,,,,,,,,,,,,,,,aang,20250808_mem_organelle,,fish4_24hpf_mem-mchilada_mito-mSG,,,,,,/clusterfs/vast/abcabc/Aang_Foundation/20250808_mem_organelle/fish4_24hpf_mem-mchilada_mito-mSG/roi7,roi7,roi7,300,,,,,,,,,,,"membrane,mitochondria",
,,,,,,,,,,,,,,,,,,aang,20250808_mem_organelle,,fish4_24hpf_mem-mchilada_mito-mSG,,,,,,/clusterfs/vast/abcabc/Aang_Foundation/20250808_mem_organelle/fish4_24hpf_mem-mchilada_mito-mSG/roi8,roi8,roi8,300,,,,,,,,,,,"membrane,mitochondria",
,,,,,,,,,,,,,,,,,,aang,20250808_mem_organelle,,fish4_24hpf_mem-mchilada_mito-mSG,,,,,,/clusterfs/vast/abcabc/Aang_Foundation/20250808_mem_organelle/fish4_24hpf_mem-mchilada_mito-mSG/roi9,roi9,roi9,300,,,,,,,,,,,"membrane,mitochondria",
,,,,,,,,,,,,,,,,,,aang,20250819_mem_ER,,fish1_24hpf_roi2,,,,,,/clusterfs/vast/abcabc/Aang_Foundation/20250819_mem_ER/fish1_24hpf_roi2,fish1_24hpf_roi2,fish1_24hpf_roi2,400,,,,,,,,,,,"ER,membrane",
,,,,,,,,,,,,,,,,,,aang,20250819_mem_ER,,fish1_24hpf_roi3,,,,,,/clusterfs/vast/abcabc/Aang_Foundation/20250819_mem_ER/fish1_24hpf_roi3,fish1_24hpf_roi3,fish1_24hpf_roi3,409,,,,,,,,,,,"ER,membrane",
,,,,,,,,,,,,,,,,,,aang,20250819_mem_ER,,fish1_24hpf_roi4,,,,,,/clusterfs/vast/abcabc/Aang_Foundation/20250819_mem_ER/fish1_24hpf_roi4,fish1_24hpf_roi4,fish1_24hpf_roi4,306,,,,,,,,,,,"ER,membrane",
,,,,,,,,,,,,,,,,,,aang,20250819_mem_ER,,fish1_24hpf_roi5,,,,,,/clusterfs/vast/abcabc/Aang_Foundation/20250819_mem_ER/fish1_24hpf_roi5,fish1_24hpf_roi5,fish1_24hpf_roi5,306,,,,,,,,,,,"ER,membrane",
,,,,,,,,,,,,,,,,,,aang,20250819_mem_ER,,fish2_24hpf_roi1,,,,,,/clusterfs/vast/abcabc/Aang_Foundation/20250819_mem_ER/fish2_24hpf_roi1,fish2_24hpf_roi1,fish2_24hpf_roi1,408,,,,,,,,,,,"ER,membrane",
,,,,,,,,,,,,,,,,,,aang,20250819_mem_ER,,fish2_24hpf_roi2,,,,,,/clusterfs/vast/abcabc/Aang_Foundation/20250819_mem_ER/fish2_24hpf_roi2,fish2_24hpf_roi2,fish2_24hpf_roi2,408,,,,,,,,,,,"ER,membrane",
,,,,,,,,,,,,,,,,,,aang,20250819_mem_ER,,fish2_24hpf_roi3,,,,,,/clusterfs/vast/abcabc/Aang_Foundation/20250819_mem_ER/fish2_24hpf_roi3,fish2_24hpf_roi3,fish2_24hpf_roi3,408,,,,,,,,,,,"ER,membrane",
,,,,,,,,,,,,,,,,,,aang,20250819_mem_ER,,roi1_newscripttest,,,,,,/clusterfs/vast/abcabc/Aang_Foundation/20250819_mem_ER/roi1_newscripttest,roi1_newscripttest,roi1_newscripttest,24,,,,,,,,,,,"ER,membrane",
,,,,,,,,,,,,,,,,,,aang,20250819_mem_mito,,fish1_24hpf_roi1,,,,,,/clusterfs/vast/abcabc/Aang_Foundation/20250819_mem_mito/fish1_24hpf_roi1,fish1_24hpf_roi1,fish1_24hpf_roi1,600,,,,,,,,,,,"membrane,mitochondria",
,,,,,,,,,,,,,,,,,,aang,20250819_mem_mito,,fish1_24hpf_roi2,,,,,,/clusterfs/vast/abcabc/Aang_Foundation/20250819_mem_mito/fish1_24hpf_roi2,fish1_24hpf_roi2,fish1_24hpf_roi2,600,,,,,,,,,,,"membrane,mitochondria",
,,,,,,,,,,,,,,,,,,aang,20250819_mem_mito,,fish1_24hpf_roi3,,,,,,/clusterfs/vast/abcabc/Aang_Foundation/20250819_mem_mito/fish1_24hpf_roi3,fish1_24hpf_roi3,fish1_24hpf_roi3,600,,,,,,,,,,,"membrane,mitochondria",
,,,,,,,,,,,,,,,,,,aang,20250819_mem_mito,,fish1_24hpf_roi4,,,,,,/clusterfs/vast/abcabc/Aang_Foundation/20250819_mem_mito/fish1_24hpf_roi4,fish1_24hpf_roi4,fish1_24hpf_roi4,600,,,,,,,,,,,"membrane,mitochondria",
,,,,,,,,,,,,,,,,,,aang,20250819_mem_mito,,fish1_24hpf_roi5,,,,,,/clusterfs/vast/abcabc/Aang_Foundation/20250819_mem_mito/fish1_24hpf_roi5,fish1_24hpf_roi5,fish1_24hpf_roi5,600,,,,,,,,,,,"membrane,mitochondria",
,,,,,,,,,,,,,,,,,,aang,20250819_mem_mito,,fish1_24hpf_roi6,,,,,,/clusterfs/vast/abcabc/Aang_Foundation/20250819_mem_mito/fish1_24hpf_roi6,fish1_24hpf_roi6,fish1_24hpf_roi6,600,,,,,,,,,,,"membrane,mitochondria",
,,,,,,,,,,,,,,,,,,aang,20250819_mem_mito,,fish1_24hpf_roi7,,,,,,/clusterfs/vast/abcabc/Aang_Foundation/20250819_mem_mito/fish1_24hpf_roi7,fish1_24hpf_roi7,fish1_24hpf_roi7,600,,,,,,,,,,,"membrane,mitochondria",
,,,,,,,,,,,,,,,,,,aang,20250819_mem_mito,,fish1_24hpf_roi8,,,,,,/clusterfs/vast/abcabc/Aang_Foundation/20250819_mem_mito/fish1_24hpf_roi8,fish1_24hpf_roi8,fish1_24hpf_roi8,600,,,,,,,,,,,"membrane,mitochondria",
,,,,,,,,,,,,,,,,,,aang,20250819_mem_mito,,fish2_24hpf_roi1,,,,,,/clusterfs/vast/abcabc/Aang_Foundation/20250819_mem_mito/fish2_24hpf_roi1,fish2_24hpf_roi1,fish2_24hpf_roi1,600,,,,,,,,,,,"membrane,mitochondria",
,,,,,,,,,,,,,,,,,,aang,20250819_mem_mito,,fish2_24hpf_roi2,,,,,,/clusterfs/vast/abcabc/Aang_Foundation/20250819_mem_mito/fish2_24hpf_roi2,fish2_24hpf_roi2,fish2_24hpf_roi2,600,,,,,,,,,,,"membrane,mitochondria",
,,,,,,,,,,,,,,,,,,aang,20250819_mem_mito,,fish3_24hpf_roi1,,,,,,/clusterfs/vast/abcabc/Aang_Foundation/20250819_mem_mito/fish3_24hpf_roi1,fish3_24hpf_roi1,fish3_24hpf_roi1,600,,,,,,,,,,,"membrane,mitochondria",
,,,,,,,,,,,,,,,,,,aang,20250819_mem_mito,,fish4_48hpf_roi1,,,,,,/clusterfs/vast/abcabc/Aang_Foundation/20250819_mem_mito/fish4_48hpf_roi1,fish4_48hpf_roi1,fish4_48hpf_roi1,600,,,,,,,,,,,"membrane,mitochondria",
,,,,,,,,,,,,,,,,,,aang,20250819_mem_mito,,fish4_48hpf_roi3,,,,,,/clusterfs/vast/abcabc/Aang_Foundation/20250819_mem_mito/fish4_48hpf_roi3,fish4_48hpf_roi3,fish4_48hpf_roi3,600,,,,,,,,,,,"membrane,mitochondria",
,,,,,,,,,,,,,,,,,,aang,20250819_mem_mito,,fish4_48hpf_roi4,,,,,,/clusterfs/vast/abcabc/Aang_Foundation/20250819_mem_mito/fish4_48hpf_roi4,fish4_48hpf_roi4,fish4_48hpf_roi4,600,,,,,,,,,,,"membrane,mitochondria",
,,,,,,,,,,,,,,,,,,aang,20250819_mem_mito,,fish4_48hpf_roi5,,,,,,/clusterfs/vast/abcabc/Aang_Foundation/20250819_mem_mito/fish4_48hpf_roi5,fish4_48hpf_roi5,fish4_48hpf_roi5,600,,,,,,,,,,,"membrane,mitochondria",
,,,,,,,,,,,,,,,,,,aang,20250819_mem_mito,,fish4_48hpf_roi6,,,,,,/clusterfs/vast/abcabc/Aang_Foundation/20250819_mem_mito/fish4_48hpf_roi6,fish4_48hpf_roi6,fish4_48hpf_roi6,600,,,,,,,,,,,"membrane,mitochondria",
,,,,,,,,,,,,,,,,,,aang,20250819_mem_mito,,fish4_48hpf_roi7,,,,,,/clusterfs/vast/abcabc/Aang_Foundation/20250819_mem_mito/fish4_48hpf_roi7,fish4_48hpf_roi7,fish4_48hpf_roi7,600,,,,,,,,,,,"membrane,mitochondria",
,,,,,,,,,,,,,,,,,,aang,20250819_mem_mito,,fish4_48hpf_roi8,,,,,,/clusterfs/vast/abcabc/Aang_Foundation/20250819_mem_mito/fish4_48hpf_roi8,fish4_48hpf_roi8,fish4_48hpf_roi8,600,,,,,,,,,,,"membrane,mitochondria",
,,,,,,,,,,,,,,,,,,aang,20250819_mem_mito,,fish5_48hpf_roi11,,,,,,/clusterfs/vast/abcabc/Aang_Foundation/20250819_mem_mito/fish5_48hpf_roi11,fish5_48hpf_roi11,fish5_48hpf_roi11,900,,,,,,,,,,,"membrane,mitochondria",
,,,,,,,,,,,,,,,,,,aang,20250819_mem_mito,,fish5_48hpf_roi12,,,,,,/clusterfs/vast/abcabc/Aang_Foundation/20250819_mem_mito/fish5_48hpf_roi12,fish5_48hpf_roi12,fish5_48hpf_roi12,900,,,,,,,,,,,"membrane,mitochondria",
,,,,,,,,,,,,,,,,,,aang,20250819_mem_mito,,fish6_48hpf_roi1,,,,,,/clusterfs/vast/abcabc/Aang_Foundation/20250819_mem_mito/fish6_48hpf_roi1,fish6_48hpf_roi1,fish6_48hpf_roi1,900,,,,,,,,,,,"membrane,mitochondria",
,,,,,,,,,,,,,,,,,,aang,20250819_mem_mito,,fish6_48hpf_roi2,,,,,,/clusterfs/vast/abcabc/Aang_Foundation/20250819_mem_mito/fish6_48hpf_roi2,fish6_48hpf_roi2,fish6_48hpf_roi2,900,,,,,,,,,,,"membrane,mitochondria",
,,,,,,,,,,,,,,,,,,aang,20250819_mem_mito,,fish6_48hpf_roi3,,,,,,/clusterfs/vast/abcabc/Aang_Foundation/20250819_mem_mito/fish6_48hpf_roi3,fish6_48hpf_roi3,fish6_48hpf_roi3,900,,,,,,,,,,,"membrane,mitochondria",
,,,,,,,,,,,,,,,,,,aang,20250819_mem_mito,,fish6_48hpf_roi4,,,,,,/clusterfs/vast/abcabc/Aang_Foundation/20250819_mem_mito/fish6_48hpf_roi4,fish6_48hpf_roi4,fish6_48hpf_roi4,900,,,,,,,,,,,"membrane,mitochondria",
,,,,,,,,,,,,,,,,,,aang,20250819_mem_mito,,fish6_48hpf_roi5,,,,,,/clusterfs/vast/abcabc/Aang_Foundation/20250819_mem_mito/fish6_48hpf_roi5,fish6_48hpf_roi5,fish6_48hpf_roi5,900,,,,,,,,,,,"membrane,mitochondria",
,,,,,,,,,,,,,,,,,,aang,20250821_mem_mito,,fish1_24hpf_roi1,,,,,,/clusterfs/vast/abcabc/Aang_Foundation/20250821_mem_mito/fish1_24hpf_roi1,fish1_24hpf_roi1,fish1_24hpf_roi1,1500,,,,,,,,,,,"membrane,mitochondria",
,,,,,,,,,,,,,,,,,,aang,20250821_mem_mito,,fish1_24hpf_roi2,,,,,,/clusterfs/vast/abcabc/Aang_Foundation/20250821_mem_mito/fish1_24hpf_roi2,fish1_24hpf_roi2,fish1_24hpf_roi2,1500,,,,,,,,,,,"membrane,mitochondria",
,,,,,,,,,,,,,,,,,,aang,20250821_mem_mito,,fish2_24hpf_roi1,,,,,,/clusterfs/vast/abcabc/Aang_Foundation/20250821_mem_mito/fish2_24hpf_roi1,fish2_24hpf_roi1,fish2_24hpf_roi1,900,,,,,,,,,,,"membrane,mitochondria",
,,,,,,,,,,,,,,,,,,aang,20250821_mem_mito,,fish2_24hpf_roi2,,,,,,/clusterfs/vast/abcabc/Aang_Foundation/20250821_mem_mito/fish2_24hpf_roi2,fish2_24hpf_roi2,fish2_24hpf_roi2,900,,,,,,,,,,,"membrane,mitochondria",
,,,,,,,,,,,,,,,,,,aang,20250821_mem_mito,,fish3_24hpf_roi1,,,,,,/clusterfs/vast/abcabc/Aang_Foundation/20250821_mem_mito/fish3_24hpf_roi1,fish3_24hpf_roi1,fish3_24hpf_roi1,1500,,,,,,,,,,,"membrane,mitochondria",
,,,,,,,,,,,,,,,,,,aang,20250821_mem_mito,,fish3_24hpf_roi2,,,,,,/clusterfs/vast/abcabc/Aang_Foundation/20250821_mem_mito/fish3_24hpf_roi2,fish3_24hpf_roi2,fish3_24hpf_roi2,1500,,,,,,,,,,,"membrane,mitochondria",
,,,,,,,,,,,,,,,,,,aang,20250821_mem_mito,,fish4_24hpf_roi1,,,,,,/clusterfs/vast/abcabc/Aang_Foundation/20250821_mem_mito/fish4_24hpf_roi1,fish4_24hpf_roi1,fish4_24hpf_roi1,1500,,,,,,,,,,,"membrane,mitochondria",
,,,,,,,,,,,,,,,,,,aang,20250821_mem_mito,,fish4_24hpf_roi2,,,,,,/clusterfs/vast/abcabc/Aang_Foundation/20250821_mem_mito/fish4_24hpf_roi2,fish4_24hpf_roi2,fish4_24hpf_roi2,1500,,,,,,,,,,,"membrane,mitochondria",
,,,,,,,,,,,,,,,,,,aang,20250821_mem_mito,,fish6_24hpf_roi1,,,,,,/clusterfs/vast/abcabc/Aang_Foundation/20250821_mem_mito/fish6_24hpf_roi1,fish6_24hpf_roi1,fish6_24hpf_roi1,1500,,,,,,,,,,,"membrane,mitochondria",
,,,,,,,,,,,,,,,,,,aang,20250821_mem_mito,,fish6_24hpf_roi2,,,,,,/clusterfs/vast/abcabc/Aang_Foundation/20250821_mem_mito/fish6_24hpf_roi2,fish6_24hpf_roi2,fish6_24hpf_roi2,1471,,,,,,,,,,,"membrane,mitochondria",
,,,,,,,,,,,,,,,,,,aang,20250821_mem_mito,,fish7_48hpf_roi1,,,,,,/clusterfs/vast/abcabc/Aang_Foundation/20250821_mem_mito/fish7_48hpf_roi1,fish7_48hpf_roi1,fish7_48hpf_roi1,1500,,,,,,,,,,,"membrane,mitochondria",
,,,,,,,,,,,,,,,,,,aang,20250821_mem_mito,,fish7_48hpf_roi2,,,,,,/clusterfs/vast/abcabc/Aang_Foundation/20250821_mem_mito/fish7_48hpf_roi2,fish7_48hpf_roi2,fish7_48hpf_roi2,1500,,,,,,,,,,,"membrane,mitochondria",
,,,,,,,,,,,,,,,,,,aang,20250821_mem_mito,,fish8_48hpf_roi1,,,,,,/clusterfs/vast/abcabc/Aang_Foundation/20250821_mem_mito/fish8_48hpf_roi1,fish8_48hpf_roi1,fish8_48hpf_roi1,1500,,,,,,,,,,,"membrane,mitochondria",
,,,,,,,,,,,,,,,,,,aang,20250821_mem_mito,,fish8_48hpf_roi2,,,,,,/clusterfs/vast/abcabc/Aang_Foundation/20250821_mem_mito/fish8_48hpf_roi2,fish8_48hpf_roi2,fish8_48hpf_roi2,1500,,,,,,,,,,,"membrane,mitochondria",
,,,,,,,,,,,,,,,,,,aang,20250821_mem_mito,,fish8_48hpf_roi3,,,,,,/clusterfs/vast/abcabc/Aang_Foundation/20250821_mem_mito/fish8_48hpf_roi3,fish8_48hpf_roi3,fish8_48hpf_roi3,1500,,,,,,,,,,,"membrane,mitochondria",
,,,,,,,,,,,,,,,,,,aang,20250826_mem_actin,,fish1_24hpf_roi1,,,,,,/clusterfs/vast/abcabc/Aang_Foundation/20250826_mem_actin/fish1_24hpf_roi1,fish1_24hpf_roi1,fish1_24hpf_roi1,1850,,,,,,,,,,,membrane,
,,,,,,,,,,,,,,,,,,aang,20250826_mem_actin,,fish1_24hpf_roi2,,,,,,/clusterfs/vast/abcabc/Aang_Foundation/20250826_mem_actin/fish1_24hpf_roi2,fish1_24hpf_roi2,fish1_24hpf_roi2,1200,,,,,,,,,,,membrane,
,,,,,,,,,,,,,,,,,,aang,20250826_mem_actin,,fish2_24hpf_roi1,,,,,,/clusterfs/vast/abcabc/Aang_Foundation/20250826_mem_actin/fish2_24hpf_roi1,fish2_24hpf_roi1,fish2_24hpf_roi1,816,,,,,,,,,,,membrane,
,,,,,,,,,,,,,,,,,,aang,20250826_mem_actin,,fish3_24hpf_roi1,,,,,,/clusterfs/vast/abcabc/Aang_Foundation/20250826_mem_actin/fish3_24hpf_roi1,fish3_24hpf_roi1,fish3_24hpf_roi1,816,,,,,,,,,,,membrane,
,,,,,,,,,,,,,,,,,,aang,20250826_mem_actin,,fish3_24hpf_roi2,,,,,,/clusterfs/vast/abcabc/Aang_Foundation/20250826_mem_actin/fish3_24hpf_roi2,fish3_24hpf_roi2,fish3_24hpf_roi2,818,,,,,,,,,,,membrane,
,,,,,,,,,,,,,,,,,,aang,20250826_mem_actin,,fish5_24hpf_roi1,,,,,,/clusterfs/vast/abcabc/Aang_Foundation/20250826_mem_actin/fish5_24hpf_roi1,fish5_24hpf_roi1,fish5_24hpf_roi1,816,,,,,,,,,,,membrane,
,,,,,,,,,,,,,,,,,,aang,20250826_mem_actin,,fish5_24hpf_roi2,,,,,,/clusterfs/vast/abcabc/Aang_Foundation/20250826_mem_actin/fish5_24hpf_roi2,fish5_24hpf_roi2,fish5_24hpf_roi2,816,,,,,,,,,,,membrane,
,,,,,,,,,,,,,,,,,,aang,20250826_mem_actin,,fish6_24hpf_roi1,,,,,,/clusterfs/vast/abcabc/Aang_Foundation/20250826_mem_actin/fish6_24hpf_roi1,fish6_24hpf_roi1,fish6_24hpf_roi1,816,,,,,,,,,,,membrane,
,,,,,,,,,,,,,,,,,,aang,20250827_mem_actin,,fish3_48hpf_roi1,,,,,,/clusterfs/vast/abcabc/Aang_Foundation/20250827_mem_actin/fish3_48hpf_roi1,fish3_48hpf_roi1,fish3_48hpf_roi1,408,,,,,,,,,,,membrane,
,,,,,,,,,,,,,,,,,,aang,20250827_mem_actin,,fish3_48hpf_roi2,,,,,,/clusterfs/vast/abcabc/Aang_Foundation/20250827_mem_actin/fish3_48hpf_roi2,fish3_48hpf_roi2,fish3_48hpf_roi2,408,,,,,,,,,,,membrane,
,,,,,,,,,,,,,,,,,,aang,20250827_mem_actin,,fish5_48hpf_roi1,,,,,,/clusterfs/vast/abcabc/Aang_Foundation/20250827_mem_actin/fish5_48hpf_roi1,fish5_48hpf_roi1,fish5_48hpf_roi1,136,,,,,,,,,,,membrane,
,,,,,,,,,,,,,,,,,,aang,20250827_mem_actin,,fish5_48hpf_roi2,,,,,,/clusterfs/vast/abcabc/Aang_Foundation/20250827_mem_actin/fish5_48hpf_roi2,fish5_48hpf_roi2,fish5_48hpf_roi2,136,,,,,,,,,,,membrane,
,,,,,,,,,,,,,,,,,,aang,20250827_mem_actin,,fish5_48hpf_roi3,,,,,,/clusterfs/vast/abcabc/Aang_Foundation/20250827_mem_actin/fish5_48hpf_roi3,fish5_48hpf_roi3,fish5_48hpf_roi3,136,,,,,,,,,,,membrane,
,,,,,,,,,,,,,,,,,,aang,20250828_mem_actin,,fish1_24hpf_roi1,,,,,,/clusterfs/vast/abcabc/Aang_Foundation/20250828_mem_actin/fish1_24hpf_roi1,fish1_24hpf_roi1,fish1_24hpf_roi1,50,,,,,,,,,,,membrane,
,,,,,,,,,,,,,,,,,,aang,20250828_mem_actin,,fish1_24hpf_roi1-2,,,,,,/clusterfs/vast/abcabc/Aang_Foundation/20250828_mem_actin/fish1_24hpf_roi1-2,fish1_24hpf_roi1-2,fish1_24hpf_roi1-2,1476,,,,,,,,,,,membrane,
,,,,,,,,,,,,,,,,,,aang,20250828_mem_actin,,fish1_24hpf_roi2,,,,,,/clusterfs/vast/abcabc/Aang_Foundation/20250828_mem_actin/fish1_24hpf_roi2,fish1_24hpf_roi2,fish1_24hpf_roi2,656,,,,,,,,,,,membrane,
,,,,,,,,,,,,,,,,,,aang,20250828_mem_actin,,fish1_24hpf_roi3,,,,,,/clusterfs/vast/abcabc/Aang_Foundation/20250828_mem_actin/fish1_24hpf_roi3,fish1_24hpf_roi3,fish1_24hpf_roi3,656,,,,,,,,,,,membrane,
,,,,,,,,,,,,,,,,,,aang,20250828_mem_actin,,fish2_24hpf_roi1,,,,,,/clusterfs/vast/abcabc/Aang_Foundation/20250828_mem_actin/fish2_24hpf_roi1,fish2_24hpf_roi1,fish2_24hpf_roi1,1925,,,,,,,,,,,membrane,
,,,,,,,,,,,,,,,,,,aang,20250828_mem_actin,,fish2_24hpf_roi2,,,,,,/clusterfs/vast/abcabc/Aang_Foundation/20250828_mem_actin/fish2_24hpf_roi2,fish2_24hpf_roi2,fish2_24hpf_roi2,1726,,,,,,,,,,,membrane,
,,,,,,,,,,,,,,,,,,aang,20250828_mem_actin,,fish2_24hpf_roi2-2,,,,,,/clusterfs/vast/abcabc/Aang_Foundation/20250828_mem_actin/fish2_24hpf_roi2-2,fish2_24hpf_roi2-2,fish2_24hpf_roi2-2,1968,,,,,,,,,,,membrane,
,,,,,,,,,,,,,,,,,,aang,20250828_mem_actin,,fish4_24hpf_roi1,,,,,,/clusterfs/vast/abcabc/Aang_Foundation/20250828_mem_actin/fish4_24hpf_roi1,fish4_24hpf_roi1,fish4_24hpf_roi1,1968,,,,,,,,,,,membrane,
,,,,,,,,,,,,,,,,,,aang,20250828_mem_actin,,fish4_24hpf_roi2,,,,,,/clusterfs/vast/abcabc/Aang_Foundation/20250828_mem_actin/fish4_24hpf_roi2,fish4_24hpf_roi2,fish4_24hpf_roi2,1968,,,,,,,,,,,membrane,
,,,,,,,,,,,,,,,,,,aang,20250828_mem_actin,,fish5_24hpf_roi1,,,,,,/clusterfs/vast/abcabc/Aang_Foundation/20250828_mem_actin/fish5_24hpf_roi1,fish5_24hpf_roi1,fish5_24hpf_roi1,656,,,,,,,,,,,membrane,
,,,,,,,,,,,,,,,,,,aang,20250828_mem_actin,,fish5_24hpf_roi2,,,,,,/clusterfs/vast/abcabc/Aang_Foundation/20250828_mem_actin/fish5_24hpf_roi2,fish5_24hpf_roi2,fish5_24hpf_roi2,656,,,,,,,,,,,membrane,
,,,,,,,,,,,,,,,,,,aang,20250828_mem_actin,,fish5_24hpf_roi3,,,,,,/clusterfs/vast/abcabc/Aang_Foundation/20250828_mem_actin/fish5_24hpf_roi3,fish5_24hpf_roi3,fish5_24hpf_roi3,656,,,,,,,,,,,membrane,
,,,,,,,,,,,,,,,,,,aang,20250828_mem_actin,,fish6_24hpf_roi1,,,,,,/clusterfs/vast/abcabc/Aang_Foundation/20250828_mem_actin/fish6_24hpf_roi1,fish6_24hpf_roi1,fish6_24hpf_roi1,1968,,,,,,,,,,,membrane,
,,,,,,,,,,,,,,,,,,aang,20250828_mem_actin,,fish6_24hpf_roi2,,,,,,/clusterfs/vast/abcabc/Aang_Foundation/20250828_mem_actin/fish6_24hpf_roi2,fish6_24hpf_roi2,fish6_24hpf_roi2,1968,,,,,,,,,,,membrane,
,,,,,,,,,,,,,,,,,,aang,20250903_lifeact-mSG,,fish1_24hpf_roi1,,,,,,/clusterfs/vast/abcabc/Aang_Foundation/20250903_lifeact-mSG/fish1_24hpf_roi1,fish1_24hpf_roi1,fish1_24hpf_roi1,400,,,,,,,,,,,,
,,,,,,,,,,,,,,,,,,aang,20250903_lifeact-mSG,,fish1_24hpf_roi2,,,,,,/clusterfs/vast/abcabc/Aang_Foundation/20250903_lifeact-mSG/fish1_24hpf_roi2,fish1_24hpf_roi2,fish1_24hpf_roi2,656,,,,,,,,,,,,
,,,,,,,,,,,,,,,,,,aang,20250903_lifeact-mSG,,fish1_24hpf_roi3,,,,,,/clusterfs/vast/abcabc/Aang_Foundation/20250903_lifeact-mSG/fish1_24hpf_roi3,fish1_24hpf_roi3,fish1_24hpf_roi3,82,,,,,,,,,,,,
,,,,,,,,,,,,,,,,,,aang,20250903_lifeact-mSG,,fish1_24hpf_roi3_2,,,,,,/clusterfs/vast/abcabc/Aang_Foundation/20250903_lifeact-mSG/fish1_24hpf_roi3_2,fish1_24hpf_roi3_2,fish1_24hpf_roi3_2,1312,,,,,,,,,,,,
,,,,,,,,,,,,,,,,,,aang,20250903_lifeact-mSG,,fish2_24hpf_roi1,,,,,,/clusterfs/vast/abcabc/Aang_Foundation/20250903_lifeact-mSG/fish2_24hpf_roi1,fish2_24hpf_roi1,fish2_24hpf_roi1,656,,,,,,,,,,,,
,,,,,,,,,,,,,,,,,,aang,20250903_lifeact-mSG,,fish2_24hpf_roi2,,,,,,/clusterfs/vast/abcabc/Aang_Foundation/20250903_lifeact-mSG/fish2_24hpf_roi2,fish2_24hpf_roi2,fish2_24hpf_roi2,656,,,,,,,,,,,,
,,,,,,,,,,,,,,,,,,aang,20250904_lifeact-mSG,,fish1_24hpf_roi1,,,,,,/clusterfs/vast/abcabc/Aang_Foundation/20250904_lifeact-mSG/fish1_24hpf_roi1,fish1_24hpf_roi1,fish1_24hpf_roi1,656,,,,,,,,,,,,
,,,,,,,,,,,,,,,,,,aang,20250904_lifeact-mSG,,fish1_24hpf_roi2,,,,,,/clusterfs/vast/abcabc/Aang_Foundation/20250904_lifeact-mSG/fish1_24hpf_roi2,fish1_24hpf_roi2,fish1_24hpf_roi2,25,,,,,,,,,,,,
,,,,,,,,,,,,,,,,,,aang,20250904_lifeact-mSG,,fish1_24hpf_roi3,,,,,,/clusterfs/vast/abcabc/Aang_Foundation/20250904_lifeact-mSG/fish1_24hpf_roi3,fish1_24hpf_roi3,fish1_24hpf_roi3,656,,,,,,,,,,,,
,,,,,,,,,,,,,,,,,,aang,20250904_lifeact-mSG,,fish1_24hpf_roi4,,,,,,/clusterfs/vast/abcabc/Aang_Foundation/20250904_lifeact-mSG/fish1_24hpf_roi4,fish1_24hpf_roi4,fish1_24hpf_roi4,656,,,,,,,,,,,,
,,,,,,,,,,,,,,,,,,aang,20250904_lifeact-mSG,,fish1_24hpf_roi5,,,,,,/clusterfs/vast/abcabc/Aang_Foundation/20250904_lifeact-mSG/fish1_24hpf_roi5,fish1_24hpf_roi5,fish1_24hpf_roi5,656,,,,,,,,,,,,
,,,,,,,,,,,,,,,,,,aang,20250905_lifeact-mSG,,fish2_72hpf_roi1,,,,,,/clusterfs/vast/abcabc/Aang_Foundation/20250905_lifeact-mSG/fish2_72hpf_roi1,fish2_72hpf_roi1,fish2_72hpf_roi1,656,,,,,,,,,,,,
,,,,,,,,,,,,,,,,,,aang,20250905_lifeact-mSG,,fish2_72hpf_roi2,,,,,,/clusterfs/vast/abcabc/Aang_Foundation/20250905_lifeact-mSG/fish2_72hpf_roi2,fish2_72hpf_roi2,fish2_72hpf_roi2,257,,,,,,,,,,,,
,,,,,,,,,,,,,,,,,,aang,20250905_lifeact-mSG,,fish2_72hpf_roi3,,,,,,/clusterfs/vast/abcabc/Aang_Foundation/20250905_lifeact-mSG/fish2_72hpf_roi3,fish2_72hpf_roi3,fish2_72hpf_roi3,816,,,,,,,,,,,,
,,,,,,,,,,,,,,,,,,aang,20250905_lifeact-mSG,,fish2_72hpf_roi4,,,,,,/clusterfs/vast/abcabc/Aang_Foundation/20250905_lifeact-mSG/fish2_72hpf_roi4,fish2_72hpf_roi4,fish2_72hpf_roi4,816,,,,,,,,,,,,
,,,,,,,,,,,,,,,,,,aang,20250908_mem-mito,,fish1_24hpf_roi1,,,,,,/clusterfs/vast/abcabc/Aang_Foundation/20250908_mem-mito/fish1_24hpf_roi1,fish1_24hpf_roi1,fish1_24hpf_roi1,332,,,,,,,,,,,"membrane,mitochondria",
,,,,,,,,,,,,,,,,,,aang,20250908_mem-mito,,fish1_24hpf_roi2,,,,,,/clusterfs/vast/abcabc/Aang_Foundation/20250908_mem-mito/fish1_24hpf_roi2,fish1_24hpf_roi2,fish1_24hpf_roi2,1188,,,,,,,,,,,"membrane,mitochondria",
,,,,,,,,,,,,,,,,,,aang,20250908_mem-mito,,fish1_24hpf_roi3,,,,,,/clusterfs/vast/abcabc/Aang_Foundation/20250908_mem-mito/fish1_24hpf_roi3,fish1_24hpf_roi3,fish1_24hpf_roi3,450,,,,,,,,,,,"membrane,mitochondria",
,,,,,,,,,,,,,,,,,,aang,20250908_mem-mito,,fish1_24hpf_roi4,,,,,,/clusterfs/vast/abcabc/Aang_Foundation/20250908_mem-mito/fish1_24hpf_roi4,fish1_24hpf_roi4,fish1_24hpf_roi4,450,,,,,,,,,,,"membrane,mitochondria",
,,,,,,,,,,,,,,,,,,aang,20250908_mem-mito,,fish2_24hpf_roi1,,,,,,/clusterfs/vast/abcabc/Aang_Foundation/20250908_mem-mito/fish2_24hpf_roi1,fish2_24hpf_roi1,fish2_24hpf_roi1,450,,,,,,,,,,,"membrane,mitochondria",
,,,,,,,,,,,,,,,,,,aang,20250908_mem-mito,,fish2_24hpf_roi2,,,,,,/clusterfs/vast/abcabc/Aang_Foundation/20250908_mem-mito/fish2_24hpf_roi2,fish2_24hpf_roi2,fish2_24hpf_roi2,300,,,,,,,,,,,"membrane,mitochondria",
,,,,,,,,,,,,,,,,,,aang,20250908_mem-mito,,fish2_24hpf_roi3,,,,,,/clusterfs/vast/abcabc/Aang_Foundation/20250908_mem-mito/fish2_24hpf_roi3,fish2_24hpf_roi3,fish2_24hpf_roi3,4,,,,,,,,,,,"membrane,mitochondria",
,,,,,,,,,,,,,,,,,,aang,20250908_mem-mito,,fish2_72hpf_roi1,,,,,,/clusterfs/vast/abcabc/Aang_Foundation/20250908_mem-mito/fish2_72hpf_roi1,fish2_72hpf_roi1,fish2_72hpf_roi1,2000,,,,,,,,,,,"membrane,mitochondria",
,,,,,,,,,,,,,,,,,,aang,20250908_mem-mito,,fish2_72hpf_roi2,,,,,,/clusterfs/vast/abcabc/Aang_Foundation/20250908_mem-mito/fish2_72hpf_roi2,fish2_72hpf_roi2,fish2_72hpf_roi2,1200,,,,,,,,,,,"membrane,mitochondria",
,,,,,,,,,,,,,,,,,,aang,20250908_mem-mito,,fish2_72hpf_roi3,,,,,,/clusterfs/vast/abcabc/Aang_Foundation/20250908_mem-mito/fish2_72hpf_roi3,fish2_72hpf_roi3,fish2_72hpf_roi3,1200,,,,,,,,,,,"membrane,mitochondria",
,,,,,,,,,,,,,,,,,,aang,20250908_mem-mito,,fish2_72hpf_roi4,,,,,,/clusterfs/vast/abcabc/Aang_Foundation/20250908_mem-mito/fish2_72hpf_roi4,fish2_72hpf_roi4,fish2_72hpf_roi4,1200,,,,,,,,,,,"membrane,mitochondria",
,,,,,,,,,,,,,,,,,,aang,20250908_mem-mito,,fish2_72hpf_roi5,,,,,,/clusterfs/vast/abcabc/Aang_Foundation/20250908_mem-mito/fish2_72hpf_roi5,fish2_72hpf_roi5,fish2_72hpf_roi5,1200,,,,,,,,,,,"membrane,mitochondria",
,,,,,,,,,,,,,,,,,,aang,20250908_mem-mito,,fish4_24hpf_roi1,,,,,,/clusterfs/vast/abcabc/Aang_Foundation/20250908_mem-mito/fish4_24hpf_roi1,fish4_24hpf_roi1,fish4_24hpf_roi1,300,,,,,,,,,,,"membrane,mitochondria",
,,,,,,,,,,,,,,,,,,aang,20250908_mem-mito,,fish4_24hpf_roi2,,,,,,/clusterfs/vast/abcabc/Aang_Foundation/20250908_mem-mito/fish4_24hpf_roi2,fish4_24hpf_roi2,fish4_24hpf_roi2,300,,,,,,,,,,,"membrane,mitochondria",
,,,,,,,,,,,,,,,,,,aang,20250908_mem-mito,,fish4_24hpf_roi3,,,,,,/clusterfs/vast/abcabc/Aang_Foundation/20250908_mem-mito/fish4_24hpf_roi3,fish4_24hpf_roi3,fish4_24hpf_roi3,300,,,,,,,,,,,"membrane,mitochondria",
,,,,,,,,,,,,,,,,,,aang,20250908_mem-mito,,fish5_24hpf_roi1,,,,,,/clusterfs/vast/abcabc/Aang_Foundation/20250908_mem-mito/fish5_24hpf_roi1,fish5_24hpf_roi1,fish5_24hpf_roi1,300,,,,,,,,,,,"membrane,mitochondria",
,,,,,,,,,,,,,,,,,,aang,20250908_mem-mito,,fish5_24hpf_roi2,,,,,,/clusterfs/vast/abcabc/Aang_Foundation/20250908_mem-mito/fish5_24hpf_roi2,fish5_24hpf_roi2,fish5_24hpf_roi2,300,,,,,,,,,,,"membrane,mitochondria",
,,,,,,,,,,,,,,,,,,aang,20250908_mem-mito,,fish5_24hpf_roi3,,,,,,/clusterfs/vast/abcabc/Aang_Foundation/20250908_mem-mito/fish5_24hpf_roi3,fish5_24hpf_roi3,fish5_24hpf_roi3,300,,,,,,,,,,,"membrane,mitochondria",
,,,,,,,,,,,,,,,,,,aang,20250908_mem-mito,,fish5_24hpf_roi4,,,,,,/clusterfs/vast/abcabc/Aang_Foundation/20250908_mem-mito/fish5_24hpf_roi4,fish5_24hpf_roi4,fish5_24hpf_roi4,300,,,,,,,,,,,"membrane,mitochondria",
,,,,,,,,,,,,,,,,,,aang,20250908_mem-mito,,fish6_24hpf_roi1,,,,,,/clusterfs/vast/abcabc/Aang_Foundation/20250908_mem-mito/fish6_24hpf_roi1,fish6_24hpf_roi1,fish6_24hpf_roi1,300,,,,,,,,,,,"membrane,mitochondria",
,,,,,,,,,,,,,,,,,,aang,20250908_mem-mito,,fish6_24hpf_roi2,,,,,,/clusterfs/vast/abcabc/Aang_Foundation/20250908_mem-mito/fish6_24hpf_roi2,fish6_24hpf_roi2,fish6_24hpf_roi2,300,,,,,,,,,,,"membrane,mitochondria",
,,,,,,,,,,,,,,,,,,aang,20250908_mem-mito,,fish6_24hpf_roi3,,,,,,/clusterfs/vast/abcabc/Aang_Foundation/20250908_mem-mito/fish6_24hpf_roi3,fish6_24hpf_roi3,fish6_24hpf_roi3,300,,,,,,,,,,,"membrane,mitochondria",
,,,,,,,,,,,,,,,,,,aang,20250911_mem-mito,,fish1_48hpf_roi1,,,,,,/clusterfs/vast/abcabc/Aang_Foundation/20250911_mem-mito/fish1_48hpf_roi1,fish1_48hpf_roi1,fish1_48hpf_roi1,400,,,,,,,,,,,"membrane,mitochondria",
,,,,,,,,,,,,,,,,,,aang,20250911_mem-mito,,fish1_48hpf_roi2,,,,,,/clusterfs/vast/abcabc/Aang_Foundation/20250911_mem-mito/fish1_48hpf_roi2,fish1_48hpf_roi2,fish1_48hpf_roi2,400,,,,,,,,,,,"membrane,mitochondria",
,,,,,,,,,,,,,,,,,,aang,20250911_mem-mito,,fish1_48hpf_roi3,,,,,,/clusterfs/vast/abcabc/Aang_Foundation/20250911_mem-mito/fish1_48hpf_roi3,fish1_48hpf_roi3,fish1_48hpf_roi3,400,,,,,,,,,,,"membrane,mitochondria",
,,,,,,,,,,,,,,,,,,aang,20250911_mem-mito,,fish1_48hpf_roi4,,,,,,/clusterfs/vast/abcabc/Aang_Foundation/20250911_mem-mito/fish1_48hpf_roi4,fish1_48hpf_roi4,fish1_48hpf_roi4,400,,,,,,,,,,,"membrane,mitochondria",
,,,,,,,,,,,,,,,,,,aang,20250911_mem-mito,,fish1_48hpf_roi5,,,,,,/clusterfs/vast/abcabc/Aang_Foundation/20250911_mem-mito/fish1_48hpf_roi5,fish1_48hpf_roi5,fish1_48hpf_roi5,400,,,,,,,,,,,"membrane,mitochondria",
,,,,,,,,,,,,,,,,,,aang,20250911_mem-mito,,fish2_48hpf_roi1,,,,,,/clusterfs/vast/abcabc/Aang_Foundation/20250911_mem-mito/fish2_48hpf_roi1,fish2_48hpf_roi1,fish2_48hpf_roi1,400,,,,,,,,,,,"membrane,mitochondria",
,,,,,,,,,,,,,,,,,,aang,20250911_mem-mito,,fish2_48hpf_roi2,,,,,,/clusterfs/vast/abcabc/Aang_Foundation/20250911_mem-mito/fish2_48hpf_roi2,fish2_48hpf_roi2,fish2_48hpf_roi2,400,,,,,,,,,,,"membrane,mitochondria",
,,,,,,,,,,,,,,,,,,aang,20250911_mem-mito,,fish2_48hpf_roi3,,,,,,/clusterfs/vast/abcabc/Aang_Foundation/20250911_mem-mito/fish2_48hpf_roi3,fish2_48hpf_roi3,fish2_48hpf_roi3,400,,,,,,,,,,,"membrane,mitochondria",
,,,,,,,,,,,,,,,,,,aang,20250912_mem-mito,,fish1_72hpf_roi1,,,,,,/clusterfs/vast/abcabc/Aang_Foundation/20250912_mem-mito/fish1_72hpf_roi1,fish1_72hpf_roi1,fish1_72hpf_roi1,400,,,,,,,,,,,"membrane,mitochondria",
,,,,,,,,,,,,,,,,,,aang,20250912_mem-mito,,fish1_72hpf_roi2,,,,,,/clusterfs/vast/abcabc/Aang_Foundation/20250912_mem-mito/fish1_72hpf_roi2,fish1_72hpf_roi2,fish1_72hpf_roi2,200,,,,,,,,,,,"membrane,mitochondria",
,,,,,,,,,,,,,,,,,,aang,20250912_mem-mito,,fish1_72hpf_roi3,,,,,,/clusterfs/vast/abcabc/Aang_Foundation/20250912_mem-mito/fish1_72hpf_roi3,fish1_72hpf_roi3,fish1_72hpf_roi3,350,,,,,,,,,,,"membrane,mitochondria",
,,,,,,,,,,,,,,,,,,aang,20250912_mem-mito,,fish1_72hpf_roi4,,,,,,/clusterfs/vast/abcabc/Aang_Foundation/20250912_mem-mito/fish1_72hpf_roi4,fish1_72hpf_roi4,fish1_72hpf_roi4,350,,,,,,,,,,,"membrane,mitochondria",
,,,,,,,,,,,,,,,,,,aang,20250912_mem-mito,,fish2_72hpf_roi1,,,,,,/clusterfs/vast/abcabc/Aang_Foundation/20250912_mem-mito/fish2_72hpf_roi1,fish2_72hpf_roi1,fish2_72hpf_roi1,350,,,,,,,,,,,"membrane,mitochondria",
,,,,,,,,,,,,,,,,,,aang,20250912_mem-mito,,fish2_72hpf_roi2,,,,,,/clusterfs/vast/abcabc/Aang_Foundation/20250912_mem-mito/fish2_72hpf_roi2,fish2_72hpf_roi2,fish2_72hpf_roi2,200,,,,,,,,,,,"membrane,mitochondria",
,,,,,,,,,,,,,,,,,,aang,20250912_mem-mito,,fish2_72hpf_roi3,,,,,,/clusterfs/vast/abcabc/Aang_Foundation/20250912_mem-mito/fish2_72hpf_roi3,fish2_72hpf_roi3,fish2_72hpf_roi3,400,,,,,,,,,,,"membrane,mitochondria",
,,,,,,,,,,,,,,,,,,aang,20250912_mem-mito,,fish2_72hpf_roi4,,,,,,/clusterfs/vast/abcabc/Aang_Foundation/20250912_mem-mito/fish2_72hpf_roi4,fish2_72hpf_roi4,fish2_72hpf_roi4,350,,,,,,,,,,,"membrane,mitochondria",
,,,,,,,,,,,,,,,,,,aang,20250912_mem-mito,,fish3_72hpf_roi1,,,,,,/clusterfs/vast/abcabc/Aang_Foundation/20250912_mem-mito/fish3_72hpf_roi1,fish3_72hpf_roi1,fish3_72hpf_roi1,400,,,,,,,,,,,"membrane,mitochondria",
,,,,,,,,,,,,,,,,,,aang,20250912_mem-mito,,fish3_72hpf_roi10,,,,,,/clusterfs/vast/abcabc/Aang_Foundation/20250912_mem-mito/fish3_72hpf_roi10,fish3_72hpf_roi10,fish3_72hpf_roi10,300,,,,,,,,,,,"membrane,mitochondria",
,,,,,,,,,,,,,,,,,,aang,20250912_mem-mito,,fish3_72hpf_roi11,,,,,,/clusterfs/vast/abcabc/Aang_Foundation/20250912_mem-mito/fish3_72hpf_roi11,fish3_72hpf_roi11,fish3_72hpf_roi11,400,,,,,,,,,,,"membrane,mitochondria",
,,,,,,,,,,,,,,,,,,aang,20250912_mem-mito,,fish3_72hpf_roi12,,,,,,/clusterfs/vast/abcabc/Aang_Foundation/20250912_mem-mito/fish3_72hpf_roi12,fish3_72hpf_roi12,fish3_72hpf_roi12,400,,,,,,,,,,,"membrane,mitochondria",
,,,,,,,,,,,,,,,,,,aang,20250912_mem-mito,,fish3_72hpf_roi2,,,,,,/clusterfs/vast/abcabc/Aang_Foundation/20250912_mem-mito/fish3_72hpf_roi2,fish3_72hpf_roi2,fish3_72hpf_roi2,350,,,,,,,,,,,"membrane,mitochondria",
,,,,,,,,,,,,,,,,,,aang,20250912_mem-mito,,fish3_72hpf_roi3,,,,,,/clusterfs/vast/abcabc/Aang_Foundation/20250912_mem-mito/fish3_72hpf_roi3,fish3_72hpf_roi3,fish3_72hpf_roi3,400,,,,,,,,,,,"membrane,mitochondria",
,,,,,,,,,,,,,,,,,,aang,20250912_mem-mito,,fish3_72hpf_roi4,,,,,,/clusterfs/vast/abcabc/Aang_Foundation/20250912_mem-mito/fish3_72hpf_roi4,fish3_72hpf_roi4,fish3_72hpf_roi4,400,,,,,,,,,,,"membrane,mitochondria",
,,,,,,,,,,,,,,,,,,aang,20250912_mem-mito,,fish3_72hpf_roi5,,,,,,/clusterfs/vast/abcabc/Aang_Foundation/20250912_mem-mito/fish3_72hpf_roi5,fish3_72hpf_roi5,fish3_72hpf_roi5,400,,,,,,,,,,,"membrane,mitochondria",
,,,,,,,,,,,,,,,,,,aang,20250912_mem-mito,,fish3_72hpf_roi6,,,,,,/clusterfs/vast/abcabc/Aang_Foundation/20250912_mem-mito/fish3_72hpf_roi6,fish3_72hpf_roi6,fish3_72hpf_roi6,400,,,,,,,,,,,"membrane,mitochondria",
,,,,,,,,,,,,,,,,,,aang,20250912_mem-mito,,fish3_72hpf_roi7,,,,,,/clusterfs/vast/abcabc/Aang_Foundation/20250912_mem-mito/fish3_72hpf_roi7,fish3_72hpf_roi7,fish3_72hpf_roi7,400,,,,,,,,,,,"membrane,mitochondria",
,,,,,,,,,,,,,,,,,,aang,20250912_mem-mito,,fish3_72hpf_roi8,,,,,,/clusterfs/vast/abcabc/Aang_Foundation/20250912_mem-mito/fish3_72hpf_roi8,fish3_72hpf_roi8,fish3_72hpf_roi8,400,,,,,,,,,,,"membrane,mitochondria",
,,,,,,,,,,,,,,,,,,aang,20250912_mem-mito,,fish3_72hpf_roi9,,,,,,/clusterfs/vast/abcabc/Aang_Foundation/20250912_mem-mito/fish3_72hpf_roi9,fish3_72hpf_roi9,fish3_72hpf_roi9,350,,,,,,,,,,,"membrane,mitochondria",
,,,,,,,,,,,,,,,,,,aang,20250912_mem-mito,,fish4_72hpf_roi1,,,,,,/clusterfs/vast/abcabc/Aang_Foundation/20250912_mem-mito/fish4_72hpf_roi1,fish4_72hpf_roi1,fish4_72hpf_roi1,400,,,,,,,,,,,"membrane,mitochondria",
,,,,,,,,,,,,,,,,,,aang,20250912_mem-mito,,fish4_72hpf_roi2,,,,,,/clusterfs/vast/abcabc/Aang_Foundation/20250912_mem-mito/fish4_72hpf_roi2,fish4_72hpf_roi2,fish4_72hpf_roi2,300,,,,,,,,,,,"membrane,mitochondria",
,,,,,,,,,,,,,,,,,,aang,20250912_mem-mito,,fish4_72hpf_roi3,,,,,,/clusterfs/vast/abcabc/Aang_Foundation/20250912_mem-mito/fish4_72hpf_roi3,fish4_72hpf_roi3,fish4_72hpf_roi3,200,,,,,,,,,,,"membrane,mitochondria",
,,,,,,,,,,,,,,,,,,aang,20250912_mem-mito,,fish4_72hpf_roi4,,,,,,/clusterfs/vast/abcabc/Aang_Foundation/20250912_mem-mito/fish4_72hpf_roi4,fish4_72hpf_roi4,fish4_72hpf_roi4,200,,,,,,,,,,,"membrane,mitochondria",
,,,,,,,,,,,,,,,,,,aang,20250912_mem-mito,,fish4_72hpf_roi5,,,,,,/clusterfs/vast/abcabc/Aang_Foundation/20250912_mem-mito/fish4_72hpf_roi5,fish4_72hpf_roi5,fish4_72hpf_roi5,300,,,,,,,,,,,"membrane,mitochondria",
,,,,,,,,,,,,,,,,,,aang,20250912_mem-mito,,fish4_72hpf_roi6,,,,,,/clusterfs/vast/abcabc/Aang_Foundation/20250912_mem-mito/fish4_72hpf_roi6,fish4_72hpf_roi6,fish4_72hpf_roi6,350,,,,,,,,,,,"membrane,mitochondria",
,,,,,,,,,,,,,,,,,,aang,20250915_mem-mito,,fish1_72hpf_roi1,,,,,,/clusterfs/vast/abcabc/Aang_Foundation/20250915_mem-mito/fish1_72hpf_roi1,fish1_72hpf_roi1,fish1_72hpf_roi1,250,,,,,,,,,,,"membrane,mitochondria",
,,,,,,,,,,,,,,,,,,aang,20250915_mem-mito,,fish1_72hpf_roi2,,,,,,/clusterfs/vast/abcabc/Aang_Foundation/20250915_mem-mito/fish1_72hpf_roi2,fish1_72hpf_roi2,fish1_72hpf_roi2,250,,,,,,,,,,,"membrane,mitochondria",
,,,,,,,,,,,,,,,,,,aang,20250915_mem-mito,,fish1_72hpf_roi3,,,,,,/clusterfs/vast/abcabc/Aang_Foundation/20250915_mem-mito/fish1_72hpf_roi3,fish1_72hpf_roi3,fish1_72hpf_roi3,200,,,,,,,,,,,"membrane,mitochondria",
,,,,,,,,,,,,,,,,,,aang,20250915_mem-mito,,fish1_72hpf_roi4,,,,,,/clusterfs/vast/abcabc/Aang_Foundation/20250915_mem-mito/fish1_72hpf_roi4,fish1_72hpf_roi4,fish1_72hpf_roi4,350,,,,,,,,,,,"membrane,mitochondria",
,,,,,,,,,,,,,,,,,,aang,20250915_mem-mito,,fish1_72hpf_roi5,,,,,,/clusterfs/vast/abcabc/Aang_Foundation/20250915_mem-mito/fish1_72hpf_roi5,fish1_72hpf_roi5,fish1_72hpf_roi5,200,,,,,,,,,,,"membrane,mitochondria",
,,,,,,,,,,,,,,,,,,aang,20250915_mem-mito,,fish2_72hpf_roi1,,,,,,/clusterfs/vast/abcabc/Aang_Foundation/20250915_mem-mito/fish2_72hpf_roi1,fish2_72hpf_roi1,fish2_72hpf_roi1,350,,,,,,,,,,,"membrane,mitochondria",
,,,,,,,,,,,,,,,,,,aang,20250915_mem-mito,,fish2_72hpf_roi2,,,,,,/clusterfs/vast/abcabc/Aang_Foundation/20250915_mem-mito/fish2_72hpf_roi2,fish2_72hpf_roi2,fish2_72hpf_roi2,250,,,,,,,,,,,"membrane,mitochondria",
,,,,,,,,,,,,,,,,,,aang,20250915_mem-mito,,fish2_72hpf_roi3,,,,,,/clusterfs/vast/abcabc/Aang_Foundation/20250915_mem-mito/fish2_72hpf_roi3,fish2_72hpf_roi3,fish2_72hpf_roi3,200,,,,,,,,,,,"membrane,mitochondria",
,,,,,,,,,,,,,,,,,,aang,20250915_mem-mito,,fish3_72hpf_roi1,,,,,,/clusterfs/vast/abcabc/Aang_Foundation/20250915_mem-mito/fish3_72hpf_roi1,fish3_72hpf_roi1,fish3_72hpf_roi1,250,,,,,,,,,,,"membrane,mitochondria",
,,,,,,,,,,,,,,,,,,aang,20250915_mem-mito,,fish3_72hpf_roi2,,,,,,/clusterfs/vast/abcabc/Aang_Foundation/20250915_mem-mito/fish3_72hpf_roi2,fish3_72hpf_roi2,fish3_72hpf_roi2,400,,,,,,,,,,,"membrane,mitochondria",
,,,,,,,,,,,,,,,,,,aang,20250915_mem-mito,,fish3_72hpf_roi3,,,,,,/clusterfs/vast/abcabc/Aang_Foundation/20250915_mem-mito/fish3_72hpf_roi3,fish3_72hpf_roi3,fish3_72hpf_roi3,300,,,,,,,,,,,"membrane,mitochondria",
,,,,,,,,,,,,,,,,,,aang,20250915_mem-mito,,fish3_72hpf_roi4,,,,,,/clusterfs/vast/abcabc/Aang_Foundation/20250915_mem-mito/fish3_72hpf_roi4,fish3_72hpf_roi4,fish3_72hpf_roi4,400,,,,,,,,,,,"membrane,mitochondria",
,,,,,,,,,,,,,,,,,,aang,20250915_mem-mito,,fish3_72hpf_roi5,,,,,,/clusterfs/vast/abcabc/Aang_Foundation/20250915_mem-mito/fish3_72hpf_roi5,fish3_72hpf_roi5,fish3_72hpf_roi5,250,,,,,,,,,,,"membrane,mitochondria",
,,,,,,,,,,,,,,,,,,aang,20250915_mem-mito,,fish3_72hpf_roi6,,,,,,/clusterfs/vast/abcabc/Aang_Foundation/20250915_mem-mito/fish3_72hpf_roi6,fish3_72hpf_roi6,fish3_72hpf_roi6,400,,,,,,,,,,,"membrane,mitochondria",
,,,,,,,,,,,,,,,,,,aang,20250915_mem-mito,,fish3_72hpf_roi7,,,,,,/clusterfs/vast/abcabc/Aang_Foundation/20250915_mem-mito/fish3_72hpf_roi7,fish3_72hpf_roi7,fish3_72hpf_roi7,200,,,,,,,,,,,"membrane,mitochondria",
,,,,,,,,,,,,,,,,,,aang,20250915_mem-mito,,fish5_72hpf_roi1,,,,,,/clusterfs/vast/abcabc/Aang_Foundation/20250915_mem-mito/fish5_72hpf_roi1,fish5_72hpf_roi1,fish5_72hpf_roi1,200,,,,,,,,,,,"membrane,mitochondria",
,,,,,,,,,,,,,,,,,,aang,20250915_mem-mito,,fish5_72hpf_roi2,,,,,,/clusterfs/vast/abcabc/Aang_Foundation/20250915_mem-mito/fish5_72hpf_roi2,fish5_72hpf_roi2,fish5_72hpf_roi2,300,,,,,,,,,,,"membrane,mitochondria",
,,,,,,,,,,,,,,,,,,aang,20250915_mem-mito,,fish5_72hpf_roi3,,,,,,/clusterfs/vast/abcabc/Aang_Foundation/20250915_mem-mito/fish5_72hpf_roi3,fish5_72hpf_roi3,fish5_72hpf_roi3,350,,,,,,,,,,,"membrane,mitochondria",
,,,,,,,,,,,,,,,,,,aang,20250917_mem-mito,,fish1_48hpf_roi1,,,,,,/clusterfs/vast/abcabc/Aang_Foundation/20250917_mem-mito/fish1_48hpf_roi1,fish1_48hpf_roi1,fish1_48hpf_roi1,300,,,,,,,,,,,"membrane,mitochondria",
,,,,,,,,,,,,,,,,,,aang,20250917_mem-mito,,fish1_48hpf_roi2,,,,,,/clusterfs/vast/abcabc/Aang_Foundation/20250917_mem-mito/fish1_48hpf_roi2,fish1_48hpf_roi2,fish1_48hpf_roi2,200,,,,,,,,,,,"membrane,mitochondria",
,,,,,,,,,,,,,,,,,,aang,20250917_mem-mito,,fish2_48hpf_roi1,,,,,,/clusterfs/vast/abcabc/Aang_Foundation/20250917_mem-mito/fish2_48hpf_roi1,fish2_48hpf_roi1,fish2_48hpf_roi1,300,,,,,,,,,,,"membrane,mitochondria",
,,,,,,,,,,,,,,,,,,aang,20250917_mem-mito,,fish2_48hpf_roi2,,,,,,/clusterfs/vast/abcabc/Aang_Foundation/20250917_mem-mito/fish2_48hpf_roi2,fish2_48hpf_roi2,fish2_48hpf_roi2,250,,,,,,,,,,,"membrane,mitochondria",
,,,,,,,,,,,,,,,,,,aang,20250917_mem-mito,,fish3_48hpf_roi1,,,,,,/clusterfs/vast/abcabc/Aang_Foundation/20250917_mem-mito/fish3_48hpf_roi1,fish3_48hpf_roi1,fish3_48hpf_roi1,400,,,,,,,,,,,"membrane,mitochondria",
,,,,,,,,,,,,,,,,,,aang,20250917_mem-mito,,fish3_48hpf_roi2,,,,,,/clusterfs/vast/abcabc/Aang_Foundation/20250917_mem-mito/fish3_48hpf_roi2,fish3_48hpf_roi2,fish3_48hpf_roi2,400,,,,,,,,,,,"membrane,mitochondria",
,,,,,,,,,,,,,,,,,,aang,20250917_mem-mito,,fish3_48hpf_roi3,,,,,,/clusterfs/vast/abcabc/Aang_Foundation/20250917_mem-mito/fish3_48hpf_roi3,fish3_48hpf_roi3,fish3_48hpf_roi3,350,,,,,,,,,,,"membrane,mitochondria",
,,,,,,,,,,,,,,,,,,aang,20250917_mem-mito,,fish3_48hpf_roi4,,,,,,/clusterfs/vast/abcabc/Aang_Foundation/20250917_mem-mito/fish3_48hpf_roi4,fish3_48hpf_roi4,fish3_48hpf_roi4,300,,,,,,,,,,,"membrane,mitochondria",
,,,,,,,,,,,,,,,,,,aang,20250917_mem-mito,,fish4_48hpf_roi1,,,,,,/clusterfs/vast/abcabc/Aang_Foundation/20250917_mem-mito/fish4_48hpf_roi1,fish4_48hpf_roi1,fish4_48hpf_roi1,250,,,,,,,,,,,"membrane,mitochondria",
,,,,,,,,,,,,,,,,,,aang,20250917_mem-mito,,fish4_48hpf_roi2,,,,,,/clusterfs/vast/abcabc/Aang_Foundation/20250917_mem-mito/fish4_48hpf_roi2,fish4_48hpf_roi2,fish4_48hpf_roi2,250,,,,,,,,,,,"membrane,mitochondria",
,,,,,,,,,,,,,,,,,,aang,20250917_mem-mito,,fish4_48hpf_roi3,,,,,,/clusterfs/vast/abcabc/Aang_Foundation/20250917_mem-mito/fish4_48hpf_roi3,fish4_48hpf_roi3,fish4_48hpf_roi3,300,,,,,,,,,,,"membrane,mitochondria",
,,,,,,,,,,,,,,,,,,aang,20250917_mem-mito,,fish4_48hpf_roi4,,,,,,/clusterfs/vast/abcabc/Aang_Foundation/20250917_mem-mito/fish4_48hpf_roi4,fish4_48hpf_roi4,fish4_48hpf_roi4,200,,,,,,,,,,,"membrane,mitochondria",
,,,,,,,,,,,,,,,,,,aang,20250917_mem-mito,,fish4_48hpf_roi5,,,,,,/clusterfs/vast/abcabc/Aang_Foundation/20250917_mem-mito/fish4_48hpf_roi5,fish4_48hpf_roi5,fish4_48hpf_roi5,400,,,,,,,,,,,"membrane,mitochondria",
,,,,,,,,,,,,,,,,,,aang,20250917_mem-mito,,fish4_48hpf_roi6,,,,,,/clusterfs/vast/abcabc/Aang_Foundation/20250917_mem-mito/fish4_48hpf_roi6,fish4_48hpf_roi6,fish4_48hpf_roi6,400,,,,,,,,,,,"membrane,mitochondria",
,,,,,,,,,,,,,,,,,,aang,20250917_mem-mito,,fish5_48hpf_roi1,,,,,,/clusterfs/vast/abcabc/Aang_Foundation/20250917_mem-mito/fish5_48hpf_roi1,fish5_48hpf_roi1,fish5_48hpf_roi1,300,,,,,,,,,,,"membrane,mitochondria",
,,,,,,,,,,,,,,,,,,aang,20250917_mem-mito,,fish5_48hpf_roi2,,,,,,/clusterfs/vast/abcabc/Aang_Foundation/20250917_mem-mito/fish5_48hpf_roi2,fish5_48hpf_roi2,fish5_48hpf_roi2,150,,,,,,,,,,,"membrane,mitochondria",
,,,,,,,,,,,,,,,,,,aang,20250917_mem-mito,,fish5_48hpf_roi3,,,,,,/clusterfs/vast/abcabc/Aang_Foundation/20250917_mem-mito/fish5_48hpf_roi3,fish5_48hpf_roi3,fish5_48hpf_roi3,150,,,,,,,,,,,"membrane,mitochondria",
,,,,,,,,,,,,,,,,,,aang,20250917_mem-mito,,fish5_48hpf_roi4,,,,,,/clusterfs/vast/abcabc/Aang_Foundation/20250917_mem-mito/fish5_48hpf_roi4,fish5_48hpf_roi4,fish5_48hpf_roi4,400,,,,,,,,,,,"membrane,mitochondria",
,,,,,,,,,,,,,,,,,,aang,20250917_mem-mito,,fish5_48hpf_roi5,,,,,,/clusterfs/vast/abcabc/Aang_Foundation/20250917_mem-mito/fish5_48hpf_roi5,fish5_48hpf_roi5,fish5_48hpf_roi5,200,,,,,,,,,,,"membrane,mitochondria",
,,,,,,,,,,,,,,,,,,aang,20250917_mem-mito,,fish6_48hpf_roi1,,,,,,/clusterfs/vast/abcabc/Aang_Foundation/20250917_mem-mito/fish6_48hpf_roi1,fish6_48hpf_roi1,fish6_48hpf_roi1,400,,,,,,,,,,,"membrane,mitochondria",
,,,,,,,,,,,,,,,,,,aang,20250917_mem-mito,,fish6_48hpf_roi2,,,,,,/clusterfs/vast/abcabc/Aang_Foundation/20250917_mem-mito/fish6_48hpf_roi2,fish6_48hpf_roi2,fish6_48hpf_roi2,350,,,,,,,,,,,"membrane,mitochondria",
,,,,,,,,,,,,,,,,,,aang,20250918_mem-mito,,fish1_72hpf_roi1,,,,,,/clusterfs/vast/abcabc/Aang_Foundation/20250918_mem-mito/fish1_72hpf_roi1,fish1_72hpf_roi1,fish1_72hpf_roi1,400,,,,,,,,,,,"membrane,mitochondria",
,,,,,,,,,,,,,,,,,,aang,20250918_mem-mito,,fish1_72hpf_roi2,,,,,,/clusterfs/vast/abcabc/Aang_Foundation/20250918_mem-mito/fish1_72hpf_roi2,fish1_72hpf_roi2,fish1_72hpf_roi2,350,,,,,,,,,,,"membrane,mitochondria",
,,,,,,,,,,,,,,,,,,aang,20250918_mem-mito,,fish1_72hpf_roi3,,,,,,/clusterfs/vast/abcabc/Aang_Foundation/20250918_mem-mito/fish1_72hpf_roi3,fish1_72hpf_roi3,fish1_72hpf_roi3,350,,,,,,,,,,,"membrane,mitochondria",
,,,,,,,,,,,,,,,,,,aang,20250918_mem-mito,,fish1_72hpf_roi4,,,,,,/clusterfs/vast/abcabc/Aang_Foundation/20250918_mem-mito/fish1_72hpf_roi4,fish1_72hpf_roi4,fish1_72hpf_roi4,250,,,,,,,,,,,"membrane,mitochondria",
,,,,,,,,,,,,,,,,,,aang,20250918_mem-mito,,fish1_72hpf_roi5,,,,,,/clusterfs/vast/abcabc/Aang_Foundation/20250918_mem-mito/fish1_72hpf_roi5,fish1_72hpf_roi5,fish1_72hpf_roi5,200,,,,,,,,,,,"membrane,mitochondria",
,,,,,,,,,,,,,,,,,,aang,20250918_mem-mito,,fish1_72hpf_roi6,,,,,,/clusterfs/vast/abcabc/Aang_Foundation/20250918_mem-mito/fish1_72hpf_roi6,fish1_72hpf_roi6,fish1_72hpf_roi6,400,,,,,,,,,,,"membrane,mitochondria",
,,,,,,,,,,,,,,,,,,aang,20250918_mem-mito,,fish2_72hpf_roi1,,,,,,/clusterfs/vast/abcabc/Aang_Foundation/20250918_mem-mito/fish2_72hpf_roi1,fish2_72hpf_roi1,fish2_72hpf_roi1,350,,,,,,,,,,,"membrane,mitochondria",
,,,,,,,,,,,,,,,,,,aang,20250918_mem-mito,,fish2_72hpf_roi2,,,,,,/clusterfs/vast/abcabc/Aang_Foundation/20250918_mem-mito/fish2_72hpf_roi2,fish2_72hpf_roi2,fish2_72hpf_roi2,350,,,,,,,,,,,"membrane,mitochondria",
,,,,,,,,,,,,,,,,,,aang,20250918_mem-mito,,fish2_72hpf_roi3,,,,,,/clusterfs/vast/abcabc/Aang_Foundation/20250918_mem-mito/fish2_72hpf_roi3,fish2_72hpf_roi3,fish2_72hpf_roi3,250,,,,,,,,,,,"membrane,mitochondria",
,,,,,,,,,,,,,,,,,,aang,20250918_mem-mito,,fish2_72hpf_roi4,,,,,,/clusterfs/vast/abcabc/Aang_Foundation/20250918_mem-mito/fish2_72hpf_roi4,fish2_72hpf_roi4,fish2_72hpf_roi4,300,,,,,,,,,,,"membrane,mitochondria",
,,,,,,,,,,,,,,,,,,aang,20250918_mem-mito,,fish3_72hpf_roi1,,,,,,/clusterfs/vast/abcabc/Aang_Foundation/20250918_mem-mito/fish3_72hpf_roi1,fish3_72hpf_roi1,fish3_72hpf_roi1,400,,,,,,,,,,,"membrane,mitochondria",
,,,,,,,,,,,,,,,,,,aang,20250918_mem-mito,,fish3_72hpf_roi10,,,,,,/clusterfs/vast/abcabc/Aang_Foundation/20250918_mem-mito/fish3_72hpf_roi10,fish3_72hpf_roi10,fish3_72hpf_roi10,400,,,,,,,,,,,"membrane,mitochondria",
,,,,,,,,,,,,,,,,,,aang,20250918_mem-mito,,fish3_72hpf_roi11,,,,,,/clusterfs/vast/abcabc/Aang_Foundation/20250918_mem-mito/fish3_72hpf_roi11,fish3_72hpf_roi11,fish3_72hpf_roi11,400,,,,,,,,,,,"membrane,mitochondria",
,,,,,,,,,,,,,,,,,,aang,20250918_mem-mito,,fish3_72hpf_roi2,,,,,,/clusterfs/vast/abcabc/Aang_Foundation/20250918_mem-mito/fish3_72hpf_roi2,fish3_72hpf_roi2,fish3_72hpf_roi2,200,,,,,,,,,,,"membrane,mitochondria",
,,,,,,,,,,,,,,,,,,aang,20250918_mem-mito,,fish3_72hpf_roi3,,,,,,/clusterfs/vast/abcabc/Aang_Foundation/20250918_mem-mito/fish3_72hpf_roi3,fish3_72hpf_roi3,fish3_72hpf_roi3,300,,,,,,,,,,,"membrane,mitochondria",
,,,,,,,,,,,,,,,,,,aang,20250918_mem-mito,,fish3_72hpf_roi4,,,,,,/clusterfs/vast/abcabc/Aang_Foundation/20250918_mem-mito/fish3_72hpf_roi4,fish3_72hpf_roi4,fish3_72hpf_roi4,200,,,,,,,,,,,"membrane,mitochondria",
,,,,,,,,,,,,,,,,,,aang,20250918_mem-mito,,fish3_72hpf_roi5,,,,,,/clusterfs/vast/abcabc/Aang_Foundation/20250918_mem-mito/fish3_72hpf_roi5,fish3_72hpf_roi5,fish3_72hpf_roi5,400,,,,,,,,,,,"membrane,mitochondria",
,,,,,,,,,,,,,,,,,,aang,20250918_mem-mito,,fish3_72hpf_roi6,,,,,,/clusterfs/vast/abcabc/Aang_Foundation/20250918_mem-mito/fish3_72hpf_roi6,fish3_72hpf_roi6,fish3_72hpf_roi6,250,,,,,,,,,,,"membrane,mitochondria",
,,,,,,,,,,,,,,,,,,aang,20250918_mem-mito,,fish3_72hpf_roi7,,,,,,/clusterfs/vast/abcabc/Aang_Foundation/20250918_mem-mito/fish3_72hpf_roi7,fish3_72hpf_roi7,fish3_72hpf_roi7,400,,,,,,,,,,,"membrane,mitochondria",
,,,,,,,,,,,,,,,,,,aang,20250918_mem-mito,,fish3_72hpf_roi8,,,,,,/clusterfs/vast/abcabc/Aang_Foundation/20250918_mem-mito/fish3_72hpf_roi8,fish3_72hpf_roi8,fish3_72hpf_roi8,350,,,,,,,,,,,"membrane,mitochondria",
,,,,,,,,,,,,,,,,,,aang,20250918_mem-mito,,fish3_72hpf_roi9,,,,,,/clusterfs/vast/abcabc/Aang_Foundation/20250918_mem-mito/fish3_72hpf_roi9,fish3_72hpf_roi9,fish3_72hpf_roi9,400,,,,,,,,,,,"membrane,mitochondria",
,,,,,,,,,,,,,,,,,,aang,20250918_mem-mito,,fish5_72hpf_roi1,,,,,,/clusterfs/vast/abcabc/Aang_Foundation/20250918_mem-mito/fish5_72hpf_roi1,fish5_72hpf_roi1,fish5_72hpf_roi1,400,,,,,,,,,,,"membrane,mitochondria",
,,,,,,,,,,,,,,,,,,aang,20250918_mem-mito,,fish5_72hpf_roi2,,,,,,/clusterfs/vast/abcabc/Aang_Foundation/20250918_mem-mito/fish5_72hpf_roi2,fish5_72hpf_roi2,fish5_72hpf_roi2,300,,,,,,,,,,,"membrane,mitochondria",
,,,,,,,,,,,,,,,,,,aang,20250918_mem-mito,,fish5_72hpf_roi3,,,,,,/clusterfs/vast/abcabc/Aang_Foundation/20250918_mem-mito/fish5_72hpf_roi3,fish5_72hpf_roi3,fish5_72hpf_roi3,250,,,,,,,,,,,"membrane,mitochondria",
,,,,,,,,,,,,,,,,,,aang,20250918_mem-mito,,fish5_72hpf_roi4,,,,,,/clusterfs/vast/abcabc/Aang_Foundation/20250918_mem-mito/fish5_72hpf_roi4,fish5_72hpf_roi4,fish5_72hpf_roi4,200,,,,,,,,,,,"membrane,mitochondria",
,,,,,,,,,,,,,,,,,,aang,20250918_mem-mito,,fish6_72hpf_roi1,,,,,,/clusterfs/vast/abcabc/Aang_Foundation/20250918_mem-mito/fish6_72hpf_roi1,fish6_72hpf_roi1,fish6_72hpf_roi1,400,,,,,,,,,,,"membrane,mitochondria",
,,,,,,,,,,,,,,,,,,aang,20250919_mem-mito,,fish1_24hpf_roi1,,,,,,/clusterfs/vast/abcabc/Aang_Foundation/20250919_mem-mito/fish1_24hpf_roi1,fish1_24hpf_roi1,fish1_24hpf_roi1,626,,,,,,,,,,,"membrane,mitochondria",
,,,,,,,,,,,,,,,,,,aang,20250919_mem-mito,,fish1_24hpf_roi2,,,,,,/clusterfs/vast/abcabc/Aang_Foundation/20250919_mem-mito/fish1_24hpf_roi2,fish1_24hpf_roi2,fish1_24hpf_roi2,528,,,,,,,,,,,"membrane,mitochondria",
,,,,,,,,,,,,,,,,,,aang,20250919_mem-mito,,fish1_24hpf_roi3,,,,,,/clusterfs/vast/abcabc/Aang_Foundation/20250919_mem-mito/fish1_24hpf_roi3,fish1_24hpf_roi3,fish1_24hpf_roi3,462,,,,,,,,,,,"membrane,mitochondria",
,,,,,,,,,,,,,,,,,,aang,20250919_mem-mito,,fish2_24hpf_roi1,,,,,,/clusterfs/vast/abcabc/Aang_Foundation/20250919_mem-mito/fish2_24hpf_roi1,fish2_24hpf_roi1,fish2_24hpf_roi1,528,,,,,,,,,,,"membrane,mitochondria",
,,,,,,,,,,,,,,,,,,aang,20250919_mem-mito,,fish2_24hpf_roi2,,,,,,/clusterfs/vast/abcabc/Aang_Foundation/20250919_mem-mito/fish2_24hpf_roi2,fish2_24hpf_roi2,fish2_24hpf_roi2,462,,,,,,,,,,,"membrane,mitochondria",
,,,,,,,,,,,,,,,,,,aang,20250919_mem-mito,,fish2_24hpf_roi3,,,,,,/clusterfs/vast/abcabc/Aang_Foundation/20250919_mem-mito/fish2_24hpf_roi3,fish2_24hpf_roi3,fish2_24hpf_roi3,528,,,,,,,,,,,"membrane,mitochondria",
,,,,,,,,,,,,,,,,,,aang,20250919_mem-mito,,fish4_24hpf_roi1,,,,,,/clusterfs/vast/abcabc/Aang_Foundation/20250919_mem-mito/fish4_24hpf_roi1,fish4_24hpf_roi1,fish4_24hpf_roi1,528,,,,,,,,,,,"membrane,mitochondria",
,,,,,,,,,,,,,,,,,,aang,20250919_mem-mito,,fish4_24hpf_roi2,,,,,,/clusterfs/vast/abcabc/Aang_Foundation/20250919_mem-mito/fish4_24hpf_roi2,fish4_24hpf_roi2,fish4_24hpf_roi2,462,,,,,,,,,,,"membrane,mitochondria",
,,,,,,,,,,,,,,,,,,aang,20250919_mem-mito,,fish4_24hpf_roi3,,,,,,/clusterfs/vast/abcabc/Aang_Foundation/20250919_mem-mito/fish4_24hpf_roi3,fish4_24hpf_roi3,fish4_24hpf_roi3,330,,,,,,,,,,,"membrane,mitochondria",
,,,,,,,,,,,,,,,,,,aang,20250919_mem-mito,,fish5_24hpf_roi1,,,,,,/clusterfs/vast/abcabc/Aang_Foundation/20250919_mem-mito/fish5_24hpf_roi1,fish5_24hpf_roi1,fish5_24hpf_roi1,462,,,,,,,,,,,"membrane,mitochondria",
,,,,,,,,,,,,,,,,,,aang,20250919_mem-mito,,fish5_24hpf_roi2,,,,,,/clusterfs/vast/abcabc/Aang_Foundation/20250919_mem-mito/fish5_24hpf_roi2,fish5_24hpf_roi2,fish5_24hpf_roi2,528,,,,,,,,,,,"membrane,mitochondria",
,,,,,,,,,,,,,,,,,,aang,20250919_mem-mito,,fish5_24hpf_roi3,,,,,,/clusterfs/vast/abcabc/Aang_Foundation/20250919_mem-mito/fish5_24hpf_roi3,fish5_24hpf_roi3,fish5_24hpf_roi3,330,,,,,,,,,,,"membrane,mitochondria",
,,,,,,,,,,,,,,,,,,aang,20250919_mem-mito,,fish5_24hpf_roi4,,,,,,/clusterfs/vast/abcabc/Aang_Foundation/20250919_mem-mito/fish5_24hpf_roi4,fish5_24hpf_roi4,fish5_24hpf_roi4,330,,,,,,,,,,,"membrane,mitochondria",
,,,,,,,,,,,,,,,,,,aang,20250919_mem-mito,,fish7_24hpf_roi1,,,,,,/clusterfs/vast/abcabc/Aang_Foundation/20250919_mem-mito/fish7_24hpf_roi1,fish7_24hpf_roi1,fish7_24hpf_roi1,528,,,,,,,,,,,"membrane,mitochondria",
,,,,,,,,,,,,,,,,,,aang,20250919_mem-mito,,fish7_24hpf_roi2,,,,,,/clusterfs/vast/abcabc/Aang_Foundation/20250919_mem-mito/fish7_24hpf_roi2,fish7_24hpf_roi2,fish7_24hpf_roi2,462,,,,,,,,,,,"membrane,mitochondria",
,,,,,,,,,,,,,,,,,,aang,20250919_mem-mito,,fish7_24hpf_roi3,,,,,,/clusterfs/vast/abcabc/Aang_Foundation/20250919_mem-mito/fish7_24hpf_roi3,fish7_24hpf_roi3,fish7_24hpf_roi3,528,,,,,,,,,,,"membrane,mitochondria",
,,,,,,,,,,,,,,,,,,aang,20250919_mem-mito,,fish7_24hpf_roi4,,,,,,/clusterfs/vast/abcabc/Aang_Foundation/20250919_mem-mito/fish7_24hpf_roi4,fish7_24hpf_roi4,fish7_24hpf_roi4,330,,,,,,,,,,,"membrane,mitochondria",
,,,,,,,,,,,,,,,,,,aang,20250919_mem-mito,,fish7_24hpf_roi5,,,,,,/clusterfs/vast/abcabc/Aang_Foundation/20250919_mem-mito/fish7_24hpf_roi5,fish7_24hpf_roi5,fish7_24hpf_roi5,264,,,,,,,,,,,"membrane,mitochondria",
,,,,,,,,,,,,,,,,,,aang,20250919_mem-mito,,fish8_24hpf_roi1,,,,,,/clusterfs/vast/abcabc/Aang_Foundation/20250919_mem-mito/fish8_24hpf_roi1,fish8_24hpf_roi1,fish8_24hpf_roi1,462,,,,,,,,,,,"membrane,mitochondria",
,,,,,,,,,,,,,,,,,,aang,20250919_mem-mito,,fish8_24hpf_roi2,,,,,,/clusterfs/vast/abcabc/Aang_Foundation/20250919_mem-mito/fish8_24hpf_roi2,fish8_24hpf_roi2,fish8_24hpf_roi2,462,,,,,,,,,,,"membrane,mitochondria",
,,,,,,,,,,,,,,,,,,aang,20250919_mem-mito,,fish8_24hpf_roi3,,,,,,/clusterfs/vast/abcabc/Aang_Foundation/20250919_mem-mito/fish8_24hpf_roi3,fish8_24hpf_roi3,fish8_24hpf_roi3,330,,,,,,,,,,,"membrane,mitochondria",
,,,,,,,,,,,,,,,,,,aang,20250919_mem-mito,,fish8_24hpf_roi4,,,,,,/clusterfs/vast/abcabc/Aang_Foundation/20250919_mem-mito/fish8_24hpf_roi4,fish8_24hpf_roi4,fish8_24hpf_roi4,330,,,,,,,,,,,"membrane,mitochondria",
,,,,,,,,,,,,,,,,,,aang,20250919_mem-mito,,fish8_24hpf_roi5,,,,,,/clusterfs/vast/abcabc/Aang_Foundation/20250919_mem-mito/fish8_24hpf_roi5,fish8_24hpf_roi5,fish8_24hpf_roi5,396,,,,,,,,,,,"membrane,mitochondria",
,,,,,,,,,,,,,,,,,,aang,20250922_mem-mito,,fish1_72hpf_roi1,,,,,,/clusterfs/vast/abcabc/Aang_Foundation/20250922_mem-mito/fish1_72hpf_roi1,fish1_72hpf_roi1,fish1_72hpf_roi1,400,,,,,,,,,,,"membrane,mitochondria",
,,,,,,,,,,,,,,,,,,aang,20250922_mem-mito,,fish1_72hpf_roi2,,,,,,/clusterfs/vast/abcabc/Aang_Foundation/20250922_mem-mito/fish1_72hpf_roi2,fish1_72hpf_roi2,fish1_72hpf_roi2,400,,,,,,,,,,,"membrane,mitochondria",
,,,,,,,,,,,,,,,,,,aang,20250922_mem-mito,,fish1_72hpf_roi3,,,,,,/clusterfs/vast/abcabc/Aang_Foundation/20250922_mem-mito/fish1_72hpf_roi3,fish1_72hpf_roi3,fish1_72hpf_roi3,400,,,,,,,,,,,"membrane,mitochondria",
,,,,,,,,,,,,,,,,,,aang,20250922_mem-mito,,fish1_72hpf_roi4,,,,,,/clusterfs/vast/abcabc/Aang_Foundation/20250922_mem-mito/fish1_72hpf_roi4,fish1_72hpf_roi4,fish1_72hpf_roi4,400,,,,,,,,,,,"membrane,mitochondria",
,,,,,,,,,,,,,,,,,,aang,20250922_mem-mito,,fish1_72hpf_roi5,,,,,,/clusterfs/vast/abcabc/Aang_Foundation/20250922_mem-mito/fish1_72hpf_roi5,fish1_72hpf_roi5,fish1_72hpf_roi5,100,,,,,,,,,,,"membrane,mitochondria",
,,,,,,,,,,,,,,,,,,aang,20250922_mem-mito,,fish1_72hpf_roi6,,,,,,/clusterfs/vast/abcabc/Aang_Foundation/20250922_mem-mito/fish1_72hpf_roi6,fish1_72hpf_roi6,fish1_72hpf_roi6,400,,,,,,,,,,,"membrane,mitochondria",
,,,,,,,,,,,,,,,,,,aang,20250922_mem-mito,,fish1_72hpf_roi7,,,,,,/clusterfs/vast/abcabc/Aang_Foundation/20250922_mem-mito/fish1_72hpf_roi7,fish1_72hpf_roi7,fish1_72hpf_roi7,400,,,,,,,,,,,"membrane,mitochondria",
,,,,,,,,,,,,,,,,,,aang,20250922_mem-mito,,fish1_72hpf_roi8,,,,,,/clusterfs/vast/abcabc/Aang_Foundation/20250922_mem-mito/fish1_72hpf_roi8,fish1_72hpf_roi8,fish1_72hpf_roi8,400,,,,,,,,,,,"membrane,mitochondria",
,,,,,,,,,,,,,,,,,,aang,20250922_mem-mito,,fish2_72hpf_roi1,,,,,,/clusterfs/vast/abcabc/Aang_Foundation/20250922_mem-mito/fish2_72hpf_roi1,fish2_72hpf_roi1,fish2_72hpf_roi1,400,,,,,,,,,,,"membrane,mitochondria",
,,,,,,,,,,,,,,,,,,aang,20250922_mem-mito,,fish2_72hpf_roi2,,,,,,/clusterfs/vast/abcabc/Aang_Foundation/20250922_mem-mito/fish2_72hpf_roi2,fish2_72hpf_roi2,fish2_72hpf_roi2,400,,,,,,,,,,,"membrane,mitochondria",
,,,,,,,,,,,,,,,,,,aang,20250922_mem-mito,,fish2_72hpf_roi3,,,,,,/clusterfs/vast/abcabc/Aang_Foundation/20250922_mem-mito/fish2_72hpf_roi3,fish2_72hpf_roi3,fish2_72hpf_roi3,400,,,,,,,,,,,"membrane,mitochondria",
,,,,,,,,,,,,,,,,,,aang,20250922_mem-mito,,fish2_72hpf_roi4,,,,,,/clusterfs/vast/abcabc/Aang_Foundation/20250922_mem-mito/fish2_72hpf_roi4,fish2_72hpf_roi4,fish2_72hpf_roi4,400,,,,,,,,,,,"membrane,mitochondria",
,,,,,,,,,,,,,,,,,,aang,20250922_mem-mito,,fish4_72hpf_roi1,,,,,,/clusterfs/vast/abcabc/Aang_Foundation/20250922_mem-mito/fish4_72hpf_roi1,fish4_72hpf_roi1,fish4_72hpf_roi1,400,,,,,,,,,,,"membrane,mitochondria",
,,,,,,,,,,,,,,,,,,aang,20250922_mem-mito,,fish5_72hpf_roi1,,,,,,/clusterfs/vast/abcabc/Aang_Foundation/20250922_mem-mito/fish5_72hpf_roi1,fish5_72hpf_roi1,fish5_72hpf_roi1,400,,,,,,,,,,,"membrane,mitochondria",
,,,,,,,,,,,,,,,,,,aang,20250922_mem-mito,,fish5_72hpf_roi2,,,,,,/clusterfs/vast/abcabc/Aang_Foundation/20250922_mem-mito/fish5_72hpf_roi2,fish5_72hpf_roi2,fish5_72hpf_roi2,400,,,,,,,,,,,"membrane,mitochondria",
,,,,,,,,,,,,,,,,,,aang,20250922_mem-mito,,fish5_72hpf_roi3,,,,,,/clusterfs/vast/abcabc/Aang_Foundation/20250922_mem-mito/fish5_72hpf_roi3,fish5_72hpf_roi3,fish5_72hpf_roi3,400,,,,,,,,,,,"membrane,mitochondria",
,,,,,,,,,,,,,,,,,,aang,20250922_mem-mito,,fish5_72hpf_roi4,,,,,,/clusterfs/vast/abcabc/Aang_Foundation/20250922_mem-mito/fish5_72hpf_roi4,fish5_72hpf_roi4,fish5_72hpf_roi4,400,,,,,,,,,,,"membrane,mitochondria",
,,,,,,,,,,,,,,,,,,aang,20250924_mem-mito,,fish1_24hpf_roi1,,,,,,/clusterfs/vast/abcabc/Aang_Foundation/20250924_mem-mito/fish1_24hpf_roi1,fish1_24hpf_roi1,fish1_24hpf_roi1,528,,,,,,,,,,,"membrane,mitochondria",
,,,,,,,,,,,,,,,,,,aang,20250924_mem-mito,,fish1_24hpf_roi2,,,,,,/clusterfs/vast/abcabc/Aang_Foundation/20250924_mem-mito/fish1_24hpf_roi2,fish1_24hpf_roi2,fish1_24hpf_roi2,528,,,,,,,,,,,"membrane,mitochondria",
,,,,,,,,,,,,,,,,,,aang,20250924_mem-mito,,fish1_24hpf_roi3,,,,,,/clusterfs/vast/abcabc/Aang_Foundation/20250924_mem-mito/fish1_24hpf_roi3,fish1_24hpf_roi3,fish1_24hpf_roi3,528,,,,,,,,,,,"membrane,mitochondria",
,,,,,,,,,,,,,,,,,,aang,20250924_mem-mito,,fish1_24hpf_roi4,,,,,,/clusterfs/vast/abcabc/Aang_Foundation/20250924_mem-mito/fish1_24hpf_roi4,fish1_24hpf_roi4,fish1_24hpf_roi4,400,,,,,,,,,,,"membrane,mitochondria",
,,,,,,,,,,,,,,,,,,aang,20250924_mem-mito,,fish1_24hpf_roi5,,,,,,/clusterfs/vast/abcabc/Aang_Foundation/20250924_mem-mito/fish1_24hpf_roi5,fish1_24hpf_roi5,fish1_24hpf_roi5,1,,,,,,,,,,,"membrane,mitochondria",
,,,,,,,,,,,,,,,,,,aang,20250924_mem-mito,,fish1_24hpf_roi6,,,,,,/clusterfs/vast/abcabc/Aang_Foundation/20250924_mem-mito/fish1_24hpf_roi6,fish1_24hpf_roi6,fish1_24hpf_roi6,12,,,,,,,,,,,"membrane,mitochondria",
,,,,,,,,,,,,,,,,,,aang,20250924_mem-mito,,fish2_24hpf_roi1,,,,,,/clusterfs/vast/abcabc/Aang_Foundation/20250924_mem-mito/fish2_24hpf_roi1,fish2_24hpf_roi1,fish2_24hpf_roi1,400,,,,,,,,,,,"membrane,mitochondria",
,,,,,,,,,,,,,,,,,,aang,20250924_mem-mito,,fish2_24hpf_roi2,,,,,,/clusterfs/vast/abcabc/Aang_Foundation/20250924_mem-mito/fish2_24hpf_roi2,fish2_24hpf_roi2,fish2_24hpf_roi2,400,,,,,,,,,,,"membrane,mitochondria",
,,,,,,,,,,,,,,,,,,aang,20250924_mem-mito,,fish3_24hpf_roi1,,,,,,/clusterfs/vast/abcabc/Aang_Foundation/20250924_mem-mito/fish3_24hpf_roi1,fish3_24hpf_roi1,fish3_24hpf_roi1,800,,,,,,,,,,,"membrane,mitochondria",
,,,,,,,,,,,,,,,,,,aang,20250924_mem-mito,,fish3_24hpf_roi1_test,,,,,,/clusterfs/vast/abcabc/Aang_Foundation/20250924_mem-mito/fish3_24hpf_roi1_test,fish3_24hpf_roi1_test,fish3_24hpf_roi1_test,4,,,,,,,,,,,"membrane,mitochondria",
,,,,,,,,,,,,,,,,,,aang,20250924_mem-mito,,fish3_24hpf_roi3,,,,,,/clusterfs/vast/abcabc/Aang_Foundation/20250924_mem-mito/fish3_24hpf_roi3,fish3_24hpf_roi3,fish3_24hpf_roi3,400,,,,,,,,,,,"membrane,mitochondria",
,,,,,,,,,,,,,,,,,,aang,20250924_mem-mito,,fish3_24hpf_roi4,,,,,,/clusterfs/vast/abcabc/Aang_Foundation/20250924_mem-mito/fish3_24hpf_roi4,fish3_24hpf_roi4,fish3_24hpf_roi4,400,,,,,,,,,,,"membrane,mitochondria",
,,,,,,,,,,,,,,,,,,aang,20250924_mem-mito,,fish3_24hpf_roi5,,,,,,/clusterfs/vast/abcabc/Aang_Foundation/20250924_mem-mito/fish3_24hpf_roi5,fish3_24hpf_roi5,fish3_24hpf_roi5,400,,,,,,,,,,,"membrane,mitochondria",
,,,,,,,,,,,,,,,,,,aang,20250924_mem-mito,,fish3_24hpf_roi6,,,,,,/clusterfs/vast/abcabc/Aang_Foundation/20250924_mem-mito/fish3_24hpf_roi6,fish3_24hpf_roi6,fish3_24hpf_roi6,400,,,,,,,,,,,"membrane,mitochondria",
,,,,,,,,,,,,,,,,,,aang,20250924_mem-mito,,fish3_24hpf_roi7,,,,,,/clusterfs/vast/abcabc/Aang_Foundation/20250924_mem-mito/fish3_24hpf_roi7,fish3_24hpf_roi7,fish3_24hpf_roi7,400,,,,,,,,,,,"membrane,mitochondria",
,,,,,,,,,,,,,,,,,,aang,20250924_mem-mito,,fish4_24hpf_roi1,,,,,,/clusterfs/vast/abcabc/Aang_Foundation/20250924_mem-mito/fish4_24hpf_roi1,fish4_24hpf_roi1,fish4_24hpf_roi1,400,,,,,,,,,,,"membrane,mitochondria",
,,,,,,,,,,,,,,,,,,aang,20250924_mem-mito,,fish4_24hpf_roi2,,,,,,/clusterfs/vast/abcabc/Aang_Foundation/20250924_mem-mito/fish4_24hpf_roi2,fish4_24hpf_roi2,fish4_24hpf_roi2,400,,,,,,,,,,,"membrane,mitochondria",
,,,,,,,,,,,,,,,,,,aang,20250924_mem-mito,,fish4_24hpf_roi3,,,,,,/clusterfs/vast/abcabc/Aang_Foundation/20250924_mem-mito/fish4_24hpf_roi3,fish4_24hpf_roi3,fish4_24hpf_roi3,458,,,,,,,,,,,"membrane,mitochondria",
,,,,,,,,,,,,,,,,,,aang,20250925_mem-mito,,fish1_48hpf_roi1,,,,,,/clusterfs/vast/abcabc/Aang_Foundation/20250925_mem-mito/fish1_48hpf_roi1,fish1_48hpf_roi1,fish1_48hpf_roi1,600,,,,,,,,,,,"membrane,mitochondria",
,,,,,,,,,,,,,,,,,,aang,20250925_mem-mito,,fish1_48hpf_roi2,,,,,,/clusterfs/vast/abcabc/Aang_Foundation/20250925_mem-mito/fish1_48hpf_roi2,fish1_48hpf_roi2,fish1_48hpf_roi2,600,,,,,,,,,,,"membrane,mitochondria",
,,,,,,,,,,,,,,,,,,aang,20250925_mem-mito,,fish1_48hpf_roi3,,,,,,/clusterfs/vast/abcabc/Aang_Foundation/20250925_mem-mito/fish1_48hpf_roi3,fish1_48hpf_roi3,fish1_48hpf_roi3,600,,,,,,,,,,,"membrane,mitochondria",
,,,,,,,,,,,,,,,,,,aang,20250925_mem-mito,,fish3_48hpf_roi1,,,,,,/clusterfs/vast/abcabc/Aang_Foundation/20250925_mem-mito/fish3_48hpf_roi1,fish3_48hpf_roi1,fish3_48hpf_roi1,600,,,,,,,,,,,"membrane,mitochondria",
,,,,,,,,,,,,,,,,,,aang,20250925_mem-mito,,fish3_48hpf_roi2,,,,,,/clusterfs/vast/abcabc/Aang_Foundation/20250925_mem-mito/fish3_48hpf_roi2,fish3_48hpf_roi2,fish3_48hpf_roi2,600,,,,,,,,,,,"membrane,mitochondria",
,,,,,,,,,,,,,,,,,,aang,20250925_mem-mito,,fish3_48hpf_roi3,,,,,,/clusterfs/vast/abcabc/Aang_Foundation/20250925_mem-mito/fish3_48hpf_roi3,fish3_48hpf_roi3,fish3_48hpf_roi3,600,,,,,,,,,,,"membrane,mitochondria",
,,,,,,,,,,,,,,,,,,aang,20250925_mem-mito,,fish3_48hpf_roi4,,,,,,/clusterfs/vast/abcabc/Aang_Foundation/20250925_mem-mito/fish3_48hpf_roi4,fish3_48hpf_roi4,fish3_48hpf_roi4,600,,,,,,,,,,,"membrane,mitochondria",
,,,,,,,,,,,,,,,,,,aang,20250926_mem-mito,,fish1_48hpf_roi1,,,,,,/clusterfs/vast/abcabc/Aang_Foundation/20250926_mem-mito/fish1_48hpf_roi1,fish1_48hpf_roi1,fish1_48hpf_roi1,335,,,,,,,,,,,"membrane,mitochondria",
,,,,,,,,,,,,,,,,,,aang,20250926_mem-mito,,fish1_48hpf_roi2,,,,,,/clusterfs/vast/abcabc/Aang_Foundation/20250926_mem-mito/fish1_48hpf_roi2,fish1_48hpf_roi2,fish1_48hpf_roi2,600,,,,,,,,,,,"membrane,mitochondria",
,,,,,,,,,,,,,,,,,,aang,20250926_mem-mito,,fish1_48hpf_roi3,,,,,,/clusterfs/vast/abcabc/Aang_Foundation/20250926_mem-mito/fish1_48hpf_roi3,fish1_48hpf_roi3,fish1_48hpf_roi3,600,,,,,,,,,,,"membrane,mitochondria",
,,,,,,,,,,,,,,,,,,aang,20250926_mem-mito,,fish1_48hpf_roi4,,,,,,/clusterfs/vast/abcabc/Aang_Foundation/20250926_mem-mito/fish1_48hpf_roi4,fish1_48hpf_roi4,fish1_48hpf_roi4,600,,,,,,,,,,,"membrane,mitochondria",
,,,,,,,,,,,,,,,,,,aang,20250926_mem-mito,,fish2_48hpf_roi1,,,,,,/clusterfs/vast/abcabc/Aang_Foundation/20250926_mem-mito/fish2_48hpf_roi1,fish2_48hpf_roi1,fish2_48hpf_roi1,600,,,,,,,,,,,"membrane,mitochondria",
,,,,,,,,,,,,,,,,,,aang,20250926_mem-mito,,fish2_48hpf_roi2,,,,,,/clusterfs/vast/abcabc/Aang_Foundation/20250926_mem-mito/fish2_48hpf_roi2,fish2_48hpf_roi2,fish2_48hpf_roi2,600,,,,,,,,,,,"membrane,mitochondria",
,,,,,,,,,,,,,,,,,,aang,20250926_mem-mito,,fish2_48hpf_roi3,,,,,,/clusterfs/vast/abcabc/Aang_Foundation/20250926_mem-mito/fish2_48hpf_roi3,fish2_48hpf_roi3,fish2_48hpf_roi3,600,,,,,,,,,,,"membrane,mitochondria",
,,,,,,,,,,,,,,,,,,aang,20250926_mem-mito,,fish2_48hpf_roi4,,,,,,/clusterfs/vast/abcabc/Aang_Foundation/20250926_mem-mito/fish2_48hpf_roi4,fish2_48hpf_roi4,fish2_48hpf_roi4,407,,,,,,,,,,,"membrane,mitochondria",
,,,,,,,,,,,,,,,,,,aang,20250926_mem-mito,,fish3_48hpf_roi1,,,,,,/clusterfs/vast/abcabc/Aang_Foundation/20250926_mem-mito/fish3_48hpf_roi1,fish3_48hpf_roi1,fish3_48hpf_roi1,600,,,,,,,,,,,"membrane,mitochondria",
,,,,,,,,,,,,,,,,,,aang,20250926_mem-mito,,fish3_48hpf_roi2,,,,,,/clusterfs/vast/abcabc/Aang_Foundation/20250926_mem-mito/fish3_48hpf_roi2,fish3_48hpf_roi2,fish3_48hpf_roi2,600,,,,,,,,,,,"membrane,mitochondria",
,,,,,,,,,,,,,,,,,,aang,20250926_mem-mito,,fish3_48hpf_roi3,,,,,,/clusterfs/vast/abcabc/Aang_Foundation/20250926_mem-mito/fish3_48hpf_roi3,fish3_48hpf_roi3,fish3_48hpf_roi3,600,,,,,,,,,,,"membrane,mitochondria",
,,,,,,,,,,,,,,,,,,aang,20250926_mem-mito,,fish3_48hpf_roi4,,,,,,/clusterfs/vast/abcabc/Aang_Foundation/20250926_mem-mito/fish3_48hpf_roi4,fish3_48hpf_roi4,fish3_48hpf_roi4,600,,,,,,,,,,,"membrane,mitochondria",
,,,,,,,,,,,,,,,,,,aang,20250926_mem-mito,,fish_48hpf_roi1,,,,,,/clusterfs/vast/abcabc/Aang_Foundation/20250926_mem-mito/fish_48hpf_roi1,fish_48hpf_roi1,fish_48hpf_roi1,600,,,,,,,,,,,"membrane,mitochondria",
,,,,,,,,,,,,,,,,,,aang,20250926_mem-mito,,fish_48hpf_roi2,,,,,,/clusterfs/vast/abcabc/Aang_Foundation/20250926_mem-mito/fish_48hpf_roi2,fish_48hpf_roi2,fish_48hpf_roi2,600,,,,,,,,,,,"membrane,mitochondria",
,,,,,,,,,,,,,,,,,,aang,20250926_mem-mito,,fish_48hpf_roi3,,,,,,/clusterfs/vast/abcabc/Aang_Foundation/20250926_mem-mito/fish_48hpf_roi3,fish_48hpf_roi3,fish_48hpf_roi3,600,,,,,,,,,,,"membrane,mitochondria",
,,,,,,,,,,,,,,,,,,aang,20250926_mem-mito,,fish_48hpf_roi4,,,,,,/clusterfs/vast/abcabc/Aang_Foundation/20250926_mem-mito/fish_48hpf_roi4,fish_48hpf_roi4,fish_48hpf_roi4,600,,,,,,,,,,,"membrane,mitochondria",
,,,,,,,,,,,,,,,,,,aang,20251001_mem-histone,,fish1_24hpf_roi1,,,,,,/clusterfs/vast/abcabc/Aang_Foundation/20251001_mem-histone/fish1_24hpf_roi1,fish1_24hpf_roi1,fish1_24hpf_roi1,2340,,,,,,,,,,,"histone,membrane",
,,,,,,,,,,,,,,,,,,aang,20251001_mem-histone,,fish1_24hpf_roi2,,,,,,/clusterfs/vast/abcabc/Aang_Foundation/20251001_mem-histone/fish1_24hpf_roi2,fish1_24hpf_roi2,fish1_24hpf_roi2,1920,,,,,,,,,,,"histone,membrane",
,,,,,,,,,,,,,,,,,,aang,20251001_mem-histone,,fish2_24hpf_roi1,,,,,,/clusterfs/vast/abcabc/Aang_Foundation/20251001_mem-histone/fish2_24hpf_roi1,fish2_24hpf_roi1,fish2_24hpf_roi1,1920,,,,,,,,,,,"histone,membrane",
,,,,,,,,,,,,,,,,,,aang,20251001_mem-histone,,fish2_24hpf_roi2,,,,,,/clusterfs/vast/abcabc/Aang_Foundation/20251001_mem-histone/fish2_24hpf_roi2,fish2_24hpf_roi2,fish2_24hpf_roi2,1920,,,,,,,,,,,"histone,membrane",
,,,,,,,,,,,,,,,,,,aang,20251001_mem-histone,,fish2_24hpf_roi3,,,,,,/clusterfs/vast/abcabc/Aang_Foundation/20251001_mem-histone/fish2_24hpf_roi3,fish2_24hpf_roi3,fish2_24hpf_roi3,1920,,,,,,,,,,,"histone,membrane",
,,,,,,,,,,,,,,,,,,aang,20251001_mem-histone,,fish4_24hpf_roi1,,,,,,/clusterfs/vast/abcabc/Aang_Foundation/20251001_mem-histone/fish4_24hpf_roi1,fish4_24hpf_roi1,fish4_24hpf_roi1,1920,,,,,,,,,,,"histone,membrane",
,,,,,,,,,,,,,,,,,,aang,20251001_mem-histone,,fish4_24hpf_roi2,,,,,,/clusterfs/vast/abcabc/Aang_Foundation/20251001_mem-histone/fish4_24hpf_roi2,fish4_24hpf_roi2,fish4_24hpf_roi2,1920,,,,,,,,,,,"histone,membrane",
,,,,,,,,,,,,,,,,,,aang,20251001_mem-histone,,fish5_24hpf_roi1,,,,,,/clusterfs/vast/abcabc/Aang_Foundation/20251001_mem-histone/fish5_24hpf_roi1,fish5_24hpf_roi1,fish5_24hpf_roi1,1920,,,,,,,,,,,"histone,membrane",
,,,,,,,,,,,,,,,,,,aang,20251001_mem-histone,,fish5_24hpf_roi2,,,,,,/clusterfs/vast/abcabc/Aang_Foundation/20251001_mem-histone/fish5_24hpf_roi2,fish5_24hpf_roi2,fish5_24hpf_roi2,1920,,,,,,,,,,,"histone,membrane",
,,,,,,,,,,,,,,,,,,aang,20251001_mem-histone,,fish5_24hpf_roi3,,,,,,/clusterfs/vast/abcabc/Aang_Foundation/20251001_mem-histone/fish5_24hpf_roi3,fish5_24hpf_roi3,fish5_24hpf_roi3,1920,,,,,,,,,,,"histone,membrane",
,,,,,,,,,,,,,,,,,,aang,20251001_mem-histone,,fish5_24hpf_roi4,,,,,,/clusterfs/vast/abcabc/Aang_Foundation/20251001_mem-histone/fish5_24hpf_roi4,fish5_24hpf_roi4,fish5_24hpf_roi4,1920,,,,,,,,,,,"histone,membrane",
,,,,,,,,,,,,,,,,,,aang,20251002_mem_mito,,fish10_24hpf_roi1,,,,,,/clusterfs/vast/abcabc/Aang_Foundation/20251002_mem_mito/fish10_24hpf_roi1,fish10_24hpf_roi1,fish10_24hpf_roi1,272,,,,,,,,,,,"membrane,mitochondria",
,,,,,,,,,,,,,,,,,,aang,20251002_mem_mito,,fish10_24hpf_roi2,,,,,,/clusterfs/vast/abcabc/Aang_Foundation/20251002_mem_mito/fish10_24hpf_roi2,fish10_24hpf_roi2,fish10_24hpf_roi2,272,,,,,,,,,,,"membrane,mitochondria",
,,,,,,,,,,,,,,,,,,aang,20251002_mem_mito,,fish11_24hpf_roi1,,,,,,/clusterfs/vast/abcabc/Aang_Foundation/20251002_mem_mito/fish11_24hpf_roi1,fish11_24hpf_roi1,fish11_24hpf_roi1,400,,,,,,,,,,,"membrane,mitochondria",
,,,,,,,,,,,,,,,,,,aang,20251002_mem_mito,,fish11_24hpf_roi2,,,,,,/clusterfs/vast/abcabc/Aang_Foundation/20251002_mem_mito/fish11_24hpf_roi2,fish11_24hpf_roi2,fish11_24hpf_roi2,400,,,,,,,,,,,"membrane,mitochondria",
,,,,,,,,,,,,,,,,,,aang,20251002_mem_mito,,fish11_24hpf_roi3,,,,,,/clusterfs/vast/abcabc/Aang_Foundation/20251002_mem_mito/fish11_24hpf_roi3,fish11_24hpf_roi3,fish11_24hpf_roi3,400,,,,,,,,,,,"membrane,mitochondria",
,,,,,,,,,,,,,,,,,,aang,20251002_mem_mito,,fish12_24hpf_roi1,,,,,,/clusterfs/vast/abcabc/Aang_Foundation/20251002_mem_mito/fish12_24hpf_roi1,fish12_24hpf_roi1,fish12_24hpf_roi1,400,,,,,,,,,,,"membrane,mitochondria",
,,,,,,,,,,,,,,,,,,aang,20251002_mem_mito,,fish12_24hpf_roi2,,,,,,/clusterfs/vast/abcabc/Aang_Foundation/20251002_mem_mito/fish12_24hpf_roi2,fish12_24hpf_roi2,fish12_24hpf_roi2,400,,,,,,,,,,,"membrane,mitochondria",
,,,,,,,,,,,,,,,,,,aang,20251002_mem_mito,,fish12_24hpf_roi3,,,,,,/clusterfs/vast/abcabc/Aang_Foundation/20251002_mem_mito/fish12_24hpf_roi3,fish12_24hpf_roi3,fish12_24hpf_roi3,400,,,,,,,,,,,"membrane,mitochondria",
,,,,,,,,,,,,,,,,,,aang,20251002_mem_mito,,fish12_24hpf_roi4,,,,,,/clusterfs/vast/abcabc/Aang_Foundation/20251002_mem_mito/fish12_24hpf_roi4,fish12_24hpf_roi4,fish12_24hpf_roi4,400,,,,,,,,,,,"membrane,mitochondria",
,,,,,,,,,,,,,,,,,,aang,20251002_mem_mito,,fish1_24hpf_roi1,,,,,,/clusterfs/vast/abcabc/Aang_Foundation/20251002_mem_mito/fish1_24hpf_roi1,fish1_24hpf_roi1,fish1_24hpf_roi1,333,,,,,,,,,,,"membrane,mitochondria",
,,,,,,,,,,,,,,,,,,aang,20251002_mem_mito,,fish3_24hpf_roi1,,,,,,/clusterfs/vast/abcabc/Aang_Foundation/20251002_mem_mito/fish3_24hpf_roi1,fish3_24hpf_roi1,fish3_24hpf_roi1,277,,,,,,,,,,,"membrane,mitochondria",
,,,,,,,,,,,,,,,,,,aang,20251002_mem_mito,,fish3_24hpf_roi2,,,,,,/clusterfs/vast/abcabc/Aang_Foundation/20251002_mem_mito/fish3_24hpf_roi2,fish3_24hpf_roi2,fish3_24hpf_roi2,144,,,,,,,,,,,"membrane,mitochondria",
,,,,,,,,,,,,,,,,,,aang,20251002_mem_mito,,fish5_24hpf_roi1,,,,,,/clusterfs/vast/abcabc/Aang_Foundation/20251002_mem_mito/fish5_24hpf_roi1,fish5_24hpf_roi1,fish5_24hpf_roi1,144,,,,,,,,,,,"membrane,mitochondria",
,,,,,,,,,,,,,,,,,,aang,20251002_mem_mito,,fish5_24hpf_roi2,,,,,,/clusterfs/vast/abcabc/Aang_Foundation/20251002_mem_mito/fish5_24hpf_roi2,fish5_24hpf_roi2,fish5_24hpf_roi2,144,,,,,,,,,,,"membrane,mitochondria",
,,,,,,,,,,,,,,,,,,aang,20251002_mem_mito,,fish5_24hpf_roi3,,,,,,/clusterfs/vast/abcabc/Aang_Foundation/20251002_mem_mito/fish5_24hpf_roi3,fish5_24hpf_roi3,fish5_24hpf_roi3,144,,,,,,,,,,,"membrane,mitochondria",
,,,,,,,,,,,,,,,,,,aang,20251002_mem_mito,,fish6_24hpf_roi1,,,,,,/clusterfs/vast/abcabc/Aang_Foundation/20251002_mem_mito/fish6_24hpf_roi1,fish6_24hpf_roi1,fish6_24hpf_roi1,408,,,,,,,,,,,"membrane,mitochondria",
,,,,,,,,,,,,,,,,,,aang,20251002_mem_mito,,fish6_24hpf_roi2,,,,,,/clusterfs/vast/abcabc/Aang_Foundation/20251002_mem_mito/fish6_24hpf_roi2,fish6_24hpf_roi2,fish6_24hpf_roi2,408,,,,,,,,,,,"membrane,mitochondria",
,,,,,,,,,,,,,,,,,,aang,20251002_mem_mito,,fish6_24hpf_roi3,,,,,,/clusterfs/vast/abcabc/Aang_Foundation/20251002_mem_mito/fish6_24hpf_roi3,fish6_24hpf_roi3,fish6_24hpf_roi3,238,,,,,,,,,,,"membrane,mitochondria",
,,,,,,,,,,,,,,,,,,aang,20251002_mem_mito,,fish7_24hpf_roi1,,,,,,/clusterfs/vast/abcabc/Aang_Foundation/20251002_mem_mito/fish7_24hpf_roi1,fish7_24hpf_roi1,fish7_24hpf_roi1,272,,,,,,,,,,,"membrane,mitochondria",
,,,,,,,,,,,,,,,,,,aang,20251002_mem_mito,,fish7_24hpf_roi2,,,,,,/clusterfs/vast/abcabc/Aang_Foundation/20251002_mem_mito/fish7_24hpf_roi2,fish7_24hpf_roi2,fish7_24hpf_roi2,272,,,,,,,,,,,"membrane,mitochondria",
,,,,,,,,,,,,,,,,,,aang,20251002_mem_mito,,fish8_24hpf_roi1,,,,,,/clusterfs/vast/abcabc/Aang_Foundation/20251002_mem_mito/fish8_24hpf_roi1,fish8_24hpf_roi1,fish8_24hpf_roi1,272,,,,,,,,,,,"membrane,mitochondria",
,,,,,,,,,,,,,,,,,,aang,20251002_mem_mito,,fish8_24hpf_roi2,,,,,,/clusterfs/vast/abcabc/Aang_Foundation/20251002_mem_mito/fish8_24hpf_roi2,fish8_24hpf_roi2,fish8_24hpf_roi2,272,,,,,,,,,,,"membrane,mitochondria",
,,,,,,,,,,,,,,,,,,aang,20251002_mem_mito,,fish9_24hpf_roi1,,,,,,/clusterfs/vast/abcabc/Aang_Foundation/20251002_mem_mito/fish9_24hpf_roi1,fish9_24hpf_roi1,fish9_24hpf_roi1,408,,,,,,,,,,,"membrane,mitochondria",
,,,,,,,,,,,,,,,,,,aang,20251002_mem_mito,,fish9_24hpf_roi2,,,,,,/clusterfs/vast/abcabc/Aang_Foundation/20251002_mem_mito/fish9_24hpf_roi2,fish9_24hpf_roi2,fish9_24hpf_roi2,408,,,,,,,,,,,"membrane,mitochondria",
,,,,,,,,,,,,,,,,,,aang,20251003_mem_tester,,fish1_48hpf_xscan_roi1_brain,,,,,,/clusterfs/vast/abcabc/Aang_Foundation/20251003_mem_tester/fish1_48hpf_xscan_roi1_brain,fish1_48hpf_xscan_roi1_brain,fish1_48hpf_xscan_roi1_brain,31,,,,,,,,,,,membrane,
,,,,,,,,,,,,,,,,,,aang,20251003_mem_tester,,fish1_48hpf_xscan_roi2_spine_muscle,,,,,,/clusterfs/vast/abcabc/Aang_Foundation/20251003_mem_tester/fish1_48hpf_xscan_roi2_spine_muscle,fish1_48hpf_xscan_roi2_spine_muscle,fish1_48hpf_xscan_roi2_spine_muscle,20,,,,,,,,,,,membrane,
,,,,,,,,,,,,,,,,,,aang,20251003_mem_tester,,fish1_48hpf_xscan_roi3_spine_muscle_tail,,,,,,/clusterfs/vast/abcabc/Aang_Foundation/20251003_mem_tester/fish1_48hpf_xscan_roi3_spine_muscle_tail,fish1_48hpf_xscan_roi3_spine_muscle_tail,fish1_48hpf_xscan_roi3_spine_muscle_tail,20,,,,,,,,,,,membrane,
,,,,,,,,,,,,,,,,,,aang,20251003_mem_tester,,fish1_48hpf_xscan_roi4_spine_muscle_tail,,,,,,/clusterfs/vast/abcabc/Aang_Foundation/20251003_mem_tester/fish1_48hpf_xscan_roi4_spine_muscle_tail,fish1_48hpf_xscan_roi4_spine_muscle_tail,fish1_48hpf_xscan_roi4_spine_muscle_tail,20,,,,,,,,,,,membrane,
,,,,,,,,,,,,,,,,,,aang,20251003_mem_tester,,fish1_48hpf_xscan_roi5_spine_muscle_tail,,,,,,/clusterfs/vast/abcabc/Aang_Foundation/20251003_mem_tester/fish1_48hpf_xscan_roi5_spine_muscle_tail,fish1_48hpf_xscan_roi5_spine_muscle_tail,fish1_48hpf_xscan_roi5_spine_muscle_tail,20,,,,,,,,,,,membrane,
,,,,,,,,,,,,,,,,,,aang,20251003_mem_tester,,fish1_48hpf_xscan_roi6_spine_muscle_tail,,,,,,/clusterfs/vast/abcabc/Aang_Foundation/20251003_mem_tester/fish1_48hpf_xscan_roi6_spine_muscle_tail,fish1_48hpf_xscan_roi6_spine_muscle_tail,fish1_48hpf_xscan_roi6_spine_muscle_tail,20,,,,,,,,,,,membrane,
,,,,,,,,,,,,,,,,,,aang,20251003_mem_tester,,fish1_48hpf_xscan_roi7_spine_muscle_tail,,,,,,/clusterfs/vast/abcabc/Aang_Foundation/20251003_mem_tester/fish1_48hpf_xscan_roi7_spine_muscle_tail,fish1_48hpf_xscan_roi7_spine_muscle_tail,fish1_48hpf_xscan_roi7_spine_muscle_tail,20,,,,,,,,,,,membrane,
,,,,,,,,,,,,,,,,,,aang,20251006_mem_histone,,fish1_24hpf_roi1,,,,,,/clusterfs/vast/abcabc/Aang_Foundation/20251006_mem_histone/fish1_24hpf_roi1,fish1_24hpf_roi1,fish1_24hpf_roi1,1280,,,,,,,,,,,"histone,membrane",
,,,,,,,,,,,,,,,,,,aang,20251006_mem_histone,,fish1_24hpf_roi2,,,,,,/clusterfs/vast/abcabc/Aang_Foundation/20251006_mem_histone/fish1_24hpf_roi2,fish1_24hpf_roi2,fish1_24hpf_roi2,1280,,,,,,,,,,,"histone,membrane",
,,,,,,,,,,,,,,,,,,aang,20251006_mem_histone,,fish1_24hpf_roi3,,,,,,/clusterfs/vast/abcabc/Aang_Foundation/20251006_mem_histone/fish1_24hpf_roi3,fish1_24hpf_roi3,fish1_24hpf_roi3,1280,,,,,,,,,,,"histone,membrane",
,,,,,,,,,,,,,,,,,,aang,20251006_mem_histone,,fish1_24hpf_roi4,,,,,,/clusterfs/vast/abcabc/Aang_Foundation/20251006_mem_histone/fish1_24hpf_roi4,fish1_24hpf_roi4,fish1_24hpf_roi4,1280,,,,,,,,,,,"histone,membrane",
,,,,,,,,,,,,,,,,,,aang,20251006_mem_histone,,fish3_24hpf_roi1,,,,,,/clusterfs/vast/abcabc/Aang_Foundation/20251006_mem_histone/fish3_24hpf_roi1,fish3_24hpf_roi1,fish3_24hpf_roi1,1024,,,,,,,,,,,"histone,membrane",
,,,,,,,,,,,,,,,,,,aang,20251006_mem_histone,,fish3_24hpf_roi2,,,,,,/clusterfs/vast/abcabc/Aang_Foundation/20251006_mem_histone/fish3_24hpf_roi2,fish3_24hpf_roi2,fish3_24hpf_roi2,1024,,,,,,,,,,,"histone,membrane",
,,,,,,,,,,,,,,,,,,aang,20251006_mem_histone,,fish4_24hpf_roi1,,,,,,/clusterfs/vast/abcabc/Aang_Foundation/20251006_mem_histone/fish4_24hpf_roi1,fish4_24hpf_roi1,fish4_24hpf_roi1,1024,,,,,,,,,,,"histone,membrane",
,,,,,,,,,,,,,,,,,,aang,20251006_mem_histone,,fish4_24hpf_roi2,,,,,,/clusterfs/vast/abcabc/Aang_Foundation/20251006_mem_histone/fish4_24hpf_roi2,fish4_24hpf_roi2,fish4_24hpf_roi2,1024,,,,,,,,,,,"histone,membrane",
,,,,,,,,,,,,,,,,,,aang,20251006_mem_histone,,fish4_24hpf_roi3,,,,,,/clusterfs/vast/abcabc/Aang_Foundation/20251006_mem_histone/fish4_24hpf_roi3,fish4_24hpf_roi3,fish4_24hpf_roi3,1024,,,,,,,,,,,"histone,membrane",
,,,,,,,,,,,,,,,,,,aang,20251006_mem_histone,,fish6_24hpf_roi1,,,,,,/clusterfs/vast/abcabc/Aang_Foundation/20251006_mem_histone/fish6_24hpf_roi1,fish6_24hpf_roi1,fish6_24hpf_roi1,1024,,,,,,,,,,,"histone,membrane",
,,,,,,,,,,,,,,,,,,aang,20251006_mem_histone,,fish6_24hpf_roi2,,,,,,/clusterfs/vast/abcabc/Aang_Foundation/20251006_mem_histone/fish6_24hpf_roi2,fish6_24hpf_roi2,fish6_24hpf_roi2,1024,,,,,,,,,,,"histone,membrane",
,,,,,,,,,,,,,,,,,,aang,20251007_mem_histone,,fish2_48hpf_roi1,,,,,,/clusterfs/vast/abcabc/Aang_Foundation/20251007_mem_histone/fish2_48hpf_roi1,fish2_48hpf_roi1,fish2_48hpf_roi1,1024,,,,,,,,,,,"histone,membrane",
,,,,,,,,,,,,,,,,,,aang,20251007_mem_histone,,fish2_48hpf_roi2,,,,,,/clusterfs/vast/abcabc/Aang_Foundation/20251007_mem_histone/fish2_48hpf_roi2,fish2_48hpf_roi2,fish2_48hpf_roi2,46,,,,,,,,,,,"histone,membrane",
,,,,,,,,,,,,,,,,,,aang,20251007_mem_histone,,fish2_48hpf_roi2_test,,,,,,/clusterfs/vast/abcabc/Aang_Foundation/20251007_mem_histone/fish2_48hpf_roi2_test,fish2_48hpf_roi2_test,fish2_48hpf_roi2_test,70,,,,,,,,,,,"histone,membrane",
,,,,,,,,,,,,,,,,,,aang,20251007_mem_histone,,fish2_48hpf_roi3,,,,,,/clusterfs/vast/abcabc/Aang_Foundation/20251007_mem_histone/fish2_48hpf_roi3,fish2_48hpf_roi3,fish2_48hpf_roi3,1024,,,,,,,,,,,"histone,membrane",
,,,,,,,,,,,,,,,,,,aang,20251007_mem_histone,,fish2_48hpf_roi4,,,,,,/clusterfs/vast/abcabc/Aang_Foundation/20251007_mem_histone/fish2_48hpf_roi4,fish2_48hpf_roi4,fish2_48hpf_roi4,1024,,,,,,,,,,,"histone,membrane",
,,,,,,,,,,,,,,,,,,aang,20251007_mem_histone,,fish2_48hpf_roi5,,,,,,/clusterfs/vast/abcabc/Aang_Foundation/20251007_mem_histone/fish2_48hpf_roi5,fish2_48hpf_roi5,fish2_48hpf_roi5,1024,,,,,,,,,,,"histone,membrane",
,,,,,,,,,,,,,,,,,,aang,20251007_mem_histone,,fish3_48hpf_roi1,,,,,,/clusterfs/vast/abcabc/Aang_Foundation/20251007_mem_histone/fish3_48hpf_roi1,fish3_48hpf_roi1,fish3_48hpf_roi1,1024,,,,,,,,,,,"histone,membrane",
,,,,,,,,,,,,,,,,,,aang,20251009_mem-mito,,fish3_48hpf_roi1,,,,,,/clusterfs/vast/abcabc/Aang_Foundation/20251009_mem-mito/fish3_48hpf_roi1,fish3_48hpf_roi1,fish3_48hpf_roi1,271,,,,,,,,,,,"membrane,mitochondria",
,,,,,,,,,,,,,,,,,,aang,20251009_mem-mito,,fish3_48hpf_roi2,,,,,,/clusterfs/vast/abcabc/Aang_Foundation/20251009_mem-mito/fish3_48hpf_roi2,fish3_48hpf_roi2,fish3_48hpf_roi2,408,,,,,,,,,,,"membrane,mitochondria",
,,,,,,,,,,,,,,,,,,aang,20251009_mem-mito,,fish3_48hpf_roi3,,,,,,/clusterfs/vast/abcabc/Aang_Foundation/20251009_mem-mito/fish3_48hpf_roi3,fish3_48hpf_roi3,fish3_48hpf_roi3,408,,,,,,,,,,,"membrane,mitochondria",
,,,,,,,,,,,,,,,,,,aang,20251009_mem-mito,,fish3_48hpf_roi4,,,,,,/clusterfs/vast/abcabc/Aang_Foundation/20251009_mem-mito/fish3_48hpf_roi4,fish3_48hpf_roi4,fish3_48hpf_roi4,408,,,,,,,,,,,"membrane,mitochondria",
,,,,,,,,,,,,,,,,,,aang,20251010_mem-mito,,fish1_24hpf_roi1,,,,,,/clusterfs/vast/abcabc/Aang_Foundation/20251010_mem-mito/fish1_24hpf_roi1,fish1_24hpf_roi1,fish1_24hpf_roi1,1024,,,,,,,,,,,"membrane,mitochondria",
,,,,,,,,,,,,,,,,,,aang,20251010_mem-mito,,fish1_24hpf_roi2,,,,,,/clusterfs/vast/abcabc/Aang_Foundation/20251010_mem-mito/fish1_24hpf_roi2,fish1_24hpf_roi2,fish1_24hpf_roi2,1024,,,,,,,,,,,"membrane,mitochondria",
,,,,,,,,,,,,,,,,,,aang,20251010_mem-mito,,fish2_24hpf_roi1,,,,,,/clusterfs/vast/abcabc/Aang_Foundation/20251010_mem-mito/fish2_24hpf_roi1,fish2_24hpf_roi1,fish2_24hpf_roi1,4608,,,,,,,,,,,"membrane,mitochondria",
,,,,,,,,,,,,,,,,,,aang,20251010_mem-mito,,fish2_24hpf_roi2,,,,,,/clusterfs/vast/abcabc/Aang_Foundation/20251010_mem-mito/fish2_24hpf_roi2,fish2_24hpf_roi2,fish2_24hpf_roi2,4608,,,,,,,,,,,"membrane,mitochondria",
,,,,,,,,,,,,,,,,,,aang,20251010_mem-mito,,fish3_24hpf_roi1,,,,,,/clusterfs/vast/abcabc/Aang_Foundation/20251010_mem-mito/fish3_24hpf_roi1,fish3_24hpf_roi1,fish3_24hpf_roi1,4608,,,,,,,,,,,"membrane,mitochondria",
,,,,,,,,,,,,,,,,,,aang,20251010_mem-mito,,fish3_24hpf_roi2,,,,,,/clusterfs/vast/abcabc/Aang_Foundation/20251010_mem-mito/fish3_24hpf_roi2,fish3_24hpf_roi2,fish3_24hpf_roi2,4608,,,,,,,,,,,"membrane,mitochondria",
,,,,,,,,,,,,,,,,,,aang,20251010_mem-mito,,fish4_24hpf_roi1,,,,,,/clusterfs/vast/abcabc/Aang_Foundation/20251010_mem-mito/fish4_24hpf_roi1,fish4_24hpf_roi1,fish4_24hpf_roi1,4608,,,,,,,,,,,"membrane,mitochondria",
,,,,,,,,,,,,,,,,,,aang,20251010_mem-mito,,fish4_24hpf_roi2,,,,,,/clusterfs/vast/abcabc/Aang_Foundation/20251010_mem-mito/fish4_24hpf_roi2,fish4_24hpf_roi2,fish4_24hpf_roi2,4608,,,,,,,,,,,"membrane,mitochondria",
,,,,,,,,,,,,,,,,,,aang,20251010_mem-mito,,fish5_24hpf_roi1,,,,,,/clusterfs/vast/abcabc/Aang_Foundation/20251010_mem-mito/fish5_24hpf_roi1,fish5_24hpf_roi1,fish5_24hpf_roi1,4608,,,,,,,,,,,"membrane,mitochondria",
,,,,,,,,,,,,,,,,,,aang,20251010_mem-mito,,fish5_24hpf_roi2,,,,,,/clusterfs/vast/abcabc/Aang_Foundation/20251010_mem-mito/fish5_24hpf_roi2,fish5_24hpf_roi2,fish5_24hpf_roi2,4608,,,,,,,,,,,"membrane,mitochondria",
,,,,,,,,,,,,,,,,,,aang,20251010_mem-mito,,fish6_24hpf_roi1,,,,,,/clusterfs/vast/abcabc/Aang_Foundation/20251010_mem-mito/fish6_24hpf_roi1,fish6_24hpf_roi1,fish6_24hpf_roi1,4608,,,,,,,,,,,"membrane,mitochondria",
,,,,,,,,,,,,,,,,,,aang,20251010_mem-mito,,fish6_24hpf_roi2,,,,,,/clusterfs/vast/abcabc/Aang_Foundation/20251010_mem-mito/fish6_24hpf_roi2,fish6_24hpf_roi2,fish6_24hpf_roi2,4608,,,,,,,,,,,"membrane,mitochondria",
,,,,,,,,,,,,,,,,,,aang,20251013_mem-histone,,fish1_96hpf_roi1,,,,,,/clusterfs/vast/abcabc/Aang_Foundation/20251013_mem-histone/fish1_96hpf_roi1,fish1_96hpf_roi1,fish1_96hpf_roi1,4608,,,,,,,,,,,"histone,membrane",
,,,,,,,,,,,,,,,,,,aang,20251013_mem-histone,,fish1_96hpf_roi3,,,,,,/clusterfs/vast/abcabc/Aang_Foundation/20251013_mem-histone/fish1_96hpf_roi3,fish1_96hpf_roi3,fish1_96hpf_roi3,4608,,,,,,,,,,,"histone,membrane",
,,,,,,,,,,,,,,,,,,aang,20251013_mem-histone,,fish3_96hpf_roi1,,,,,,/clusterfs/vast/abcabc/Aang_Foundation/20251013_mem-histone/fish3_96hpf_roi1,fish3_96hpf_roi1,fish3_96hpf_roi1,4608,,,,,,,,,,,"histone,membrane",
,,,,,,,,,,,,,,,,,,aang,20251013_mem-histone,,fish3_96hpf_roi2,,,,,,/clusterfs/vast/abcabc/Aang_Foundation/20251013_mem-histone/fish3_96hpf_roi2,fish3_96hpf_roi2,fish3_96hpf_roi2,4608,,,,,,,,,,,"histone,membrane",
,,,,,,,,,,,,,,,,,,aang,20251013_mem-histone,,fish3_96hpf_roi3,,,,,,/clusterfs/vast/abcabc/Aang_Foundation/20251013_mem-histone/fish3_96hpf_roi3,fish3_96hpf_roi3,fish3_96hpf_roi3,4608,,,,,,,,,,,"histone,membrane",
,,,,,,,,,,,,,,,,,,aang,20251013_mem-histone,,fish3_96hpf_roi4,,,,,,/clusterfs/vast/abcabc/Aang_Foundation/20251013_mem-histone/fish3_96hpf_roi4,fish3_96hpf_roi4,fish3_96hpf_roi4,4608,,,,,,,,,,,"histone,membrane",
,,,,,,,,,,,,,,,,,,aang,20251015_mem-histone,,fish1_48hpf_roi1,,,,,,/clusterfs/vast/abcabc/Aang_Foundation/20251015_mem-histone/fish1_48hpf_roi1,fish1_48hpf_roi1,fish1_48hpf_roi1,4608,,,,,,,,,,,"histone,membrane",
,,,,,,,,,,,,,,,,,,aang,20251015_mem-histone,,fish1_48hpf_roi2,,,,,,/clusterfs/vast/abcabc/Aang_Foundation/20251015_mem-histone/fish1_48hpf_roi2,fish1_48hpf_roi2,fish1_48hpf_roi2,4608,,,,,,,,,,,"histone,membrane",
,,,,,,,,,,,,,,,,,,aang,20251015_mem-histone,,fish1_48hpf_roi3,,,,,,/clusterfs/vast/abcabc/Aang_Foundation/20251015_mem-histone/fish1_48hpf_roi3,fish1_48hpf_roi3,fish1_48hpf_roi3,4608,,,,,,,,,,,"histone,membrane",
,,,,,,,,,,,,,,,,,,aang,20251015_mem-histone,,fish2_48hpf_roi1,,,,,,/clusterfs/vast/abcabc/Aang_Foundation/20251015_mem-histone/fish2_48hpf_roi1,fish2_48hpf_roi1,fish2_48hpf_roi1,4608,,,,,,,,,,,"histone,membrane",
,,,,,,,,,,,,,,,,,,aang,20251015_mem-histone,,fish3_48hpf_roi1,,,,,,/clusterfs/vast/abcabc/Aang_Foundation/20251015_mem-histone/fish3_48hpf_roi1,fish3_48hpf_roi1,fish3_48hpf_roi1,4608,,,,,,,,,,,"histone,membrane",
,,,,,,,,,,,,,,,,,,aang,20251015_mem-histone,,fish3_48hpf_roi2,,,,,,/clusterfs/vast/abcabc/Aang_Foundation/20251015_mem-histone/fish3_48hpf_roi2,fish3_48hpf_roi2,fish3_48hpf_roi2,4608,,,,,,,,,,,"histone,membrane",
,,,,,,,,,,,,,,,,,,aang,20251015_mem-histone,,fish4_48hpf_roi1,,,,,,/clusterfs/vast/abcabc/Aang_Foundation/20251015_mem-histone/fish4_48hpf_roi1,fish4_48hpf_roi1,fish4_48hpf_roi1,4608,,,,,,,,,,,"histone,membrane",
,,,,,,,,,,,,,,,,,,aang,20251015_mem-histone,,fish4_48hpf_roi2,,,,,,/clusterfs/vast/abcabc/Aang_Foundation/20251015_mem-histone/fish4_48hpf_roi2,fish4_48hpf_roi2,fish4_48hpf_roi2,4608,,,,,,,,,,,"histone,membrane",
,,,,,,,,,,,,,,,,,,aang,20251015_mem-histone,,fish4_48hpf_roi3,,,,,,/clusterfs/vast/abcabc/Aang_Foundation/20251015_mem-histone/fish4_48hpf_roi3,fish4_48hpf_roi3,fish4_48hpf_roi3,4608,,,,,,,,,,,"histone,membrane",
,,,,,,,,,,,,,,,,,,aang,20251015_mem-histone,,fish5_48hpf_roi1,,,,,,/clusterfs/vast/abcabc/Aang_Foundation/20251015_mem-histone/fish5_48hpf_roi1,fish5_48hpf_roi1,fish5_48hpf_roi1,4608,,,,,,,,,,,"histone,membrane",
,,,,,,,,,,,,,,,,,,aang,20251015_mem-histone,,fish6_48hpf_roi1,,,,,,/clusterfs/vast/abcabc/Aang_Foundation/20251015_mem-histone/fish6_48hpf_roi1,fish6_48hpf_roi1,fish6_48hpf_roi1,4608,,,,,,,,,,,"histone,membrane",
,,,,,,,,,,,,,,,,,,aang,20251016_mem-mito,,fish1_72hpf_roi1,,,,,,/clusterfs/vast/abcabc/Aang_Foundation/20251016_mem-mito/fish1_72hpf_roi1,fish1_72hpf_roi1,fish1_72hpf_roi1,272,,,,,,,,,,,"membrane,mitochondria",
,,,,,,,,,,,,,,,,,,aang,20251016_mem-mito_v2,,fish1_72hpf_roi1,,,,,,/clusterfs/vast/abcabc/Aang_Foundation/20251016_mem-mito_v2/fish1_72hpf_roi1,fish1_72hpf_roi1,fish1_72hpf_roi1,272,,,,,,,,,,,"membrane,mitochondria",
,,,,,,,,,,,,,,,,,,aang,20251016_mem-mito_v2,,fish1_72hpf_roi2,,,,,,/clusterfs/vast/abcabc/Aang_Foundation/20251016_mem-mito_v2/fish1_72hpf_roi2,fish1_72hpf_roi2,fish1_72hpf_roi2,272,,,,,,,,,,,"membrane,mitochondria",
,,,,,,,,,,,,,,,,,,aang,20251017_nuclear_envelope,,fish1_24hpf_roi1_test,,,,,,/clusterfs/vast/abcabc/Aang_Foundation/20251017_nuclear_envelope/fish1_24hpf_roi1_test,fish1_24hpf_roi1_test,fish1_24hpf_roi1_test,8,,,,,,,,,,,,
,,,,,,,,,,,,,,,,,,aang,20251017_nuclear_envelope,,fish1_24hpf_roi1_test_SIM,,,,,,/clusterfs/vast/abcabc/Aang_Foundation/20251017_nuclear_envelope/fish1_24hpf_roi1_test_SIM,fish1_24hpf_roi1_test_SIM,fish1_24hpf_roi1_test_SIM,256,,,,,,,,,,,,
,,,,,,,,,,,,,,,,,,aang,20251020_mem-histone,,fish1_72hpf_roi1,,,,,,/clusterfs/vast/abcabc/Aang_Foundation/20251020_mem-histone/fish1_72hpf_roi1,fish1_72hpf_roi1,fish1_72hpf_roi1,3072,,,,,,,,,,,"histone,membrane",
,,,,,,,,,,,,,,,,,,aang,20251020_mem-histone,,fish1_72hpf_roi2,,,,,,/clusterfs/vast/abcabc/Aang_Foundation/20251020_mem-histone/fish1_72hpf_roi2,fish1_72hpf_roi2,fish1_72hpf_roi2,3072,,,,,,,,,,,"histone,membrane",
,,,,,,,,,,,,,,,,,,aang,20251020_mem-histone,,fish1_72hpf_roi3,,,,,,/clusterfs/vast/abcabc/Aang_Foundation/20251020_mem-histone/fish1_72hpf_roi3,fish1_72hpf_roi3,fish1_72hpf_roi3,3072,,,,,,,,,,,"histone,membrane",
,,,,,,,,,,,,,,,,,,aang,20251020_mem-histone,,fish1_72hpf_roi4,,,,,,/clusterfs/vast/abcabc/Aang_Foundation/20251020_mem-histone/fish1_72hpf_roi4,fish1_72hpf_roi4,fish1_72hpf_roi4,3072,,,,,,,,,,,"histone,membrane",
,,,,,,,,,,,,,,,,,,aang,20251020_mem-histone,,fish1_72hpf_roi5,,,,,,/clusterfs/vast/abcabc/Aang_Foundation/20251020_mem-histone/fish1_72hpf_roi5,fish1_72hpf_roi5,fish1_72hpf_roi5,3072,,,,,,,,,,,"histone,membrane",
,,,,,,,,,,,,,,,,,,aang,20251020_mem-histone,,fish1_72hpf_roi6,,,,,,/clusterfs/vast/abcabc/Aang_Foundation/20251020_mem-histone/fish1_72hpf_roi6,fish1_72hpf_roi6,fish1_72hpf_roi6,3072,,,,,,,,,,,"histone,membrane",
,,,,,,,,,,,,,,,,,,aang,20251020_mem-histone,,fish1_72hpf_roi7,,,,,,/clusterfs/vast/abcabc/Aang_Foundation/20251020_mem-histone/fish1_72hpf_roi7,fish1_72hpf_roi7,fish1_72hpf_roi7,3072,,,,,,,,,,,"histone,membrane",
,,,,,,,,,,,,,,,,,,aang,20251020_mem-histone,,fish2_72hpf_roi1,,,,,,/clusterfs/vast/abcabc/Aang_Foundation/20251020_mem-histone/fish2_72hpf_roi1,fish2_72hpf_roi1,fish2_72hpf_roi1,3072,,,,,,,,,,,"histone,membrane",
,,,,,,,,,,,,,,,,,,aang,20251020_mem-histone,,fish2_72hpf_roi2,,,,,,/clusterfs/vast/abcabc/Aang_Foundation/20251020_mem-histone/fish2_72hpf_roi2,fish2_72hpf_roi2,fish2_72hpf_roi2,3072,,,,,,,,,,,"histone,membrane",
,,,,,,,,,,,,,,,,,,aang,20251020_mem-histone,,fish3_72hpf_roi1,,,,,,/clusterfs/vast/abcabc/Aang_Foundation/20251020_mem-histone/fish3_72hpf_roi1,fish3_72hpf_roi1,fish3_72hpf_roi1,3072,,,,,,,,,,,"histone,membrane",
,,,,,,,,,,,,,,,,,,aang,20251020_mem-histone,,fish3_72hpf_roi2,,,,,,/clusterfs/vast/abcabc/Aang_Foundation/20251020_mem-histone/fish3_72hpf_roi2,fish3_72hpf_roi2,fish3_72hpf_roi2,3072,,,,,,,,,,,"histone,membrane",
,,,,,,,,,,,,,,,,,,aang,20251020_mem-histone,,fish3_72hpf_roi3,,,,,,/clusterfs/vast/abcabc/Aang_Foundation/20251020_mem-histone/fish3_72hpf_roi3,fish3_72hpf_roi3,fish3_72hpf_roi3,3072,,,,,,,,,,,"histone,membrane",
,,,,,,,,,,,,,,,,,,aang,20251021_mem-mito,,fish1_24hpf_roi1,,,,,,/clusterfs/vast/abcabc/Aang_Foundation/20251021_mem-mito/fish1_24hpf_roi1,fish1_24hpf_roi1,fish1_24hpf_roi1,544,,,,,,,,,,,"membrane,mitochondria",
,,,,,,,,,,,,,,,,,,aang,20251021_mem-mito,,fish1_24hpf_roi2,,,,,,/clusterfs/vast/abcabc/Aang_Foundation/20251021_mem-mito/fish1_24hpf_roi2,fish1_24hpf_roi2,fish1_24hpf_roi2,544,,,,,,,,,,,"membrane,mitochondria",
,,,,,,,,,,,,,,,,,,aang,20251021_mem-mito,,fish2_24hpf_roi1,,,,,,/clusterfs/vast/abcabc/Aang_Foundation/20251021_mem-mito/fish2_24hpf_roi1,fish2_24hpf_roi1,fish2_24hpf_roi1,544,,,,,,,,,,,"membrane,mitochondria",
,,,,,,,,,,,,,,,,,,aang,20251021_mem-mito,,fish2_24hpf_roi2,,,,,,/clusterfs/vast/abcabc/Aang_Foundation/20251021_mem-mito/fish2_24hpf_roi2,fish2_24hpf_roi2,fish2_24hpf_roi2,544,,,,,,,,,,,"membrane,mitochondria",
,,,,,,,,,,,,,,,,,,aang,20251021_mem-mito,,fish3_24hpf_roi1,,,,,,/clusterfs/vast/abcabc/Aang_Foundation/20251021_mem-mito/fish3_24hpf_roi1,fish3_24hpf_roi1,fish3_24hpf_roi1,544,,,,,,,,,,,"membrane,mitochondria",
,,,,,,,,,,,,,,,,,,aang,20251021_mem-mito,,fish3_24hpf_roi2,,,,,,/clusterfs/vast/abcabc/Aang_Foundation/20251021_mem-mito/fish3_24hpf_roi2,fish3_24hpf_roi2,fish3_24hpf_roi2,544,,,,,,,,,,,"membrane,mitochondria",
,,,,,,,,,,,,,,,,,,aang,20251021_mem-mito,,fish4_24hpf_roi1,,,,,,/clusterfs/vast/abcabc/Aang_Foundation/20251021_mem-mito/fish4_24hpf_roi1,fish4_24hpf_roi1,fish4_24hpf_roi1,544,,,,,,,,,,,"membrane,mitochondria",
,,,,,,,,,,,,,,,,,,aang,20251021_mem-mito,,fish5_24hpf_roi1,,,,,,/clusterfs/vast/abcabc/Aang_Foundation/20251021_mem-mito/fish5_24hpf_roi1,fish5_24hpf_roi1,fish5_24hpf_roi1,544,,,,,,,,,,,"membrane,mitochondria",
,,,,,,,,,,,,,,,,,,aang,20251021_mem-mito,,fish6_24hpf_roi1,,,,,,/clusterfs/vast/abcabc/Aang_Foundation/20251021_mem-mito/fish6_24hpf_roi1,fish6_24hpf_roi1,fish6_24hpf_roi1,544,,,,,,,,,,,"membrane,mitochondria",
,,,,,,,,,,,,,,,,,,aang,20251021_mem-mito,,fish6_24hpf_roi2,,,,,,/clusterfs/vast/abcabc/Aang_Foundation/20251021_mem-mito/fish6_24hpf_roi2,fish6_24hpf_roi2,fish6_24hpf_roi2,544,,,,,,,,,,,"membrane,mitochondria",
,,,,,,,,,,,,,,,,,,aang,20251021_mem-mito_v2,,fish1_24hpf_roi1,,,,,,/clusterfs/vast/abcabc/Aang_Foundation/20251021_mem-mito_v2/fish1_24hpf_roi1,fish1_24hpf_roi1,fish1_24hpf_roi1,544,,,,,,,,,,,"membrane,mitochondria",
,,,,,,,,,,,,,,,,,,aang,20251021_mem-mito_v2,,fish2_24hpf_roi1,,,,,,/clusterfs/vast/abcabc/Aang_Foundation/20251021_mem-mito_v2/fish2_24hpf_roi1,fish2_24hpf_roi1,fish2_24hpf_roi1,544,,,,,,,,,,,"membrane,mitochondria",
,,,,,,,,,,,,,,,,,,aang,20251021_mem-mito_v2,,fish2_24hpf_roi2,,,,,,/clusterfs/vast/abcabc/Aang_Foundation/20251021_mem-mito_v2/fish2_24hpf_roi2,fish2_24hpf_roi2,fish2_24hpf_roi2,544,,,,,,,,,,,"membrane,mitochondria",
,,,,,,,,,,,,,,,,,,aang,20251021_mem-mito_v2,,fish4_24hpf_roi1,,,,,,/clusterfs/vast/abcabc/Aang_Foundation/20251021_mem-mito_v2/fish4_24hpf_roi1,fish4_24hpf_roi1,fish4_24hpf_roi1,544,,,,,,,,,,,"membrane,mitochondria",
,,,,,,,,,,,,,,,,,,aang,20251021_mem-mito_v2,,fish4_24hpf_roi2,,,,,,/clusterfs/vast/abcabc/Aang_Foundation/20251021_mem-mito_v2/fish4_24hpf_roi2,fish4_24hpf_roi2,fish4_24hpf_roi2,544,,,,,,,,,,,"membrane,mitochondria",
,,,,,,,,,,,,,,,,,,aang,20251021_mem-mito_v2,,fish4_24hpf_roi3,,,,,,/clusterfs/vast/abcabc/Aang_Foundation/20251021_mem-mito_v2/fish4_24hpf_roi3,fish4_24hpf_roi3,fish4_24hpf_roi3,544,,,,,,,,,,,"membrane,mitochondria",
,,,,,,,,,,,,,,,,,,aang,20251021_mem-mito_v2,,fish4_24hpf_roi4,,,,,,/clusterfs/vast/abcabc/Aang_Foundation/20251021_mem-mito_v2/fish4_24hpf_roi4,fish4_24hpf_roi4,fish4_24hpf_roi4,544,,,,,,,,,,,"membrane,mitochondria",
,,,,,,,,,,,,,,,,,,aang,20251022_mem-mito,,fish1_48hpf_roi1,,,,,,/clusterfs/vast/abcabc/Aang_Foundation/20251022_mem-mito/fish1_48hpf_roi1,fish1_48hpf_roi1,fish1_48hpf_roi1,544,,,,,,,,,,,"membrane,mitochondria",
,,,,,,,,,,,,,,,,,,aang,20251022_mem-mito,,fish3_48hpf_roi1,,,,,,/clusterfs/vast/abcabc/Aang_Foundation/20251022_mem-mito/fish3_48hpf_roi1,fish3_48hpf_roi1,fish3_48hpf_roi1,544,,,,,,,,,,,"membrane,mitochondria",
,,,,,,,,,,,,,,,,,,aang,20251022_mem-mito,,fish3_48hpf_roi2,,,,,,/clusterfs/vast/abcabc/Aang_Foundation/20251022_mem-mito/fish3_48hpf_roi2,fish3_48hpf_roi2,fish3_48hpf_roi2,544,,,,,,,,,,,"membrane,mitochondria",
,,,,,,,,,,,,,,,,,,aang,20251022_mem-mito,,fish4_48hpf_roi1,,,,,,/clusterfs/vast/abcabc/Aang_Foundation/20251022_mem-mito/fish4_48hpf_roi1,fish4_48hpf_roi1,fish4_48hpf_roi1,544,,,,,,,,,,,"membrane,mitochondria",
,,,,,,,,,,,,,,,,,,aang,20251023_mem-mito,,fish1_24hpf_roi1,,,,,,/clusterfs/vast/abcabc/Aang_Foundation/20251023_mem-mito/fish1_24hpf_roi1,fish1_24hpf_roi1,fish1_24hpf_roi1,544,,,,,,,,,,,"membrane,mitochondria",
,,,,,,,,,,,,,,,,,,aang,20251023_mem-mito,,fish1_24hpf_roi2,,,,,,/clusterfs/vast/abcabc/Aang_Foundation/20251023_mem-mito/fish1_24hpf_roi2,fish1_24hpf_roi2,fish1_24hpf_roi2,544,,,,,,,,,,,"membrane,mitochondria",
,,,,,,,,,,,,,,,,,,aang,20251023_mem-mito,,fish3_24hpf_roi1,,,,,,/clusterfs/vast/abcabc/Aang_Foundation/20251023_mem-mito/fish3_24hpf_roi1,fish3_24hpf_roi1,fish3_24hpf_roi1,544,,,,,,,,,,,"membrane,mitochondria",
,,,,,,,,,,,,,,,,,,aang,20251027_mem-histone,,fish1_120hpf_roi1,,,,,,/clusterfs/vast/abcabc/Aang_Foundation/20251027_mem-histone/fish1_120hpf_roi1,fish1_120hpf_roi1,fish1_120hpf_roi1,4608,,,,,,,,,,,"histone,membrane",
,,,,,,,,,,,,,,,,,,aang,20251027_mem-histone,,fish1_120hpf_roi2,,,,,,/clusterfs/vast/abcabc/Aang_Foundation/20251027_mem-histone/fish1_120hpf_roi2,fish1_120hpf_roi2,fish1_120hpf_roi2,4608,,,,,,,,,,,"histone,membrane",
,,,,,,,,,,,,,,,,,,aang,20251027_mem-histone,,fish3_120hpf_roi1,,,,,,/clusterfs/vast/abcabc/Aang_Foundation/20251027_mem-histone/fish3_120hpf_roi1,fish3_120hpf_roi1,fish3_120hpf_roi1,4608,,,,,,,,,,,"histone,membrane",
,,,,,,,,,,,,,,,,,,aang,20251027_mem-histone,,fish3_120hpf_roi2,,,,,,/clusterfs/vast/abcabc/Aang_Foundation/20251027_mem-histone/fish3_120hpf_roi2,fish3_120hpf_roi2,fish3_120hpf_roi2,4608,,,,,,,,,,,"histone,membrane",
,,,,,,,,,,,,,,,,,,aang,20251027_mem-histone,,fish3_120hpf_roi3,,,,,,/clusterfs/vast/abcabc/Aang_Foundation/20251027_mem-histone/fish3_120hpf_roi3,fish3_120hpf_roi3,fish3_120hpf_roi3,4608,,,,,,,,,,,"histone,membrane",
,,,,,,,,,,,,,,,,,,aang,20251027_mem-histone,,fish3_120hpf_roi4,,,,,,/clusterfs/vast/abcabc/Aang_Foundation/20251027_mem-histone/fish3_120hpf_roi4,fish3_120hpf_roi4,fish3_120hpf_roi4,4608,,,,,,,,,,,"histone,membrane",
,,,,,,,,,,,,,,,,,,aang,20251027_mem-histone,,fish3_120hpf_roi5,,,,,,/clusterfs/vast/abcabc/Aang_Foundation/20251027_mem-histone/fish3_120hpf_roi5,fish3_120hpf_roi5,fish3_120hpf_roi5,4608,,,,,,,,,,,"histone,membrane",
,,,,,,,,,,,,,,,,,,aang,20251027_mem-histone,,fish3_120hpf_roi6,,,,,,/clusterfs/vast/abcabc/Aang_Foundation/20251027_mem-histone/fish3_120hpf_roi6,fish3_120hpf_roi6,fish3_120hpf_roi6,4608,,,,,,,,,,,"histone,membrane",
,,,,,,,,,,,,,,,,,,aang,20251027_mem-histone,,fish3_120hpf_roi7,,,,,,/clusterfs/vast/abcabc/Aang_Foundation/20251027_mem-histone/fish3_120hpf_roi7,fish3_120hpf_roi7,fish3_120hpf_roi7,4608,,,,,,,,,,,"histone,membrane",
,,,,,,,,,,,,,,,,,,aang,20251028_mem-mito,,fish1_24hpf_roi1,,,,,,/clusterfs/vast/abcabc/Aang_Foundation/20251028_mem-mito/fish1_24hpf_roi1,fish1_24hpf_roi1,fish1_24hpf_roi1,989,,,,,,,,,,,"membrane,mitochondria",
,,,,,,,,,,,,,,,,,,aang,20251028_mem-peroxi,,fish1_24hpf_roi1,,,,,,/clusterfs/vast/abcabc/Aang_Foundation/20251028_mem-peroxi/fish1_24hpf_roi1,fish1_24hpf_roi1,fish1_24hpf_roi1,1911,,,,,,,,,,,"membrane,peroxisome",
,,,,,,,,,,,,,,,,,,aang,20251028_mem-peroxi,,fish4_24hpf_roi1,,,,,,/clusterfs/vast/abcabc/Aang_Foundation/20251028_mem-peroxi/fish4_24hpf_roi1,fish4_24hpf_roi1,fish4_24hpf_roi1,612,,,,,,,,,,,"membrane,peroxisome",
,,,,,,,,,,,,,,,,,,aang,20251028_mem-peroxi,,fish4_24hpf_roi2,,,,,,/clusterfs/vast/abcabc/Aang_Foundation/20251028_mem-peroxi/fish4_24hpf_roi2,fish4_24hpf_roi2,fish4_24hpf_roi2,612,,,,,,,,,,,"membrane,peroxisome",
,,,,,,,,,,,,,,,,,,aang,20251028_mem-peroxi,,fish5_24hpf_roi1,,,,,,/clusterfs/vast/abcabc/Aang_Foundation/20251028_mem-peroxi/fish5_24hpf_roi1,fish5_24hpf_roi1,fish5_24hpf_roi1,612,,,,,,,,,,,"membrane,peroxisome",
,,,,,,,,,,,,,,,,,,aang,20251028_mem-peroxi,,fish5_24hpf_roi2,,,,,,/clusterfs/vast/abcabc/Aang_Foundation/20251028_mem-peroxi/fish5_24hpf_roi2,fish5_24hpf_roi2,fish5_24hpf_roi2,612,,,,,,,,,,,"membrane,peroxisome",
,,,,,,,,,,,,,,,,,,aang,20251028_mem-peroxi2,,fish1_24hpf_roi1,,,,,,/clusterfs/vast/abcabc/Aang_Foundation/20251028_mem-peroxi2/fish1_24hpf_roi1,fish1_24hpf_roi1,fish1_24hpf_roi1,612,,,,,,,,,,,"membrane,peroxisome",
,,,,,,,,,,,,,,,,,,aang,20251028_mem-peroxi2,,fish2_24hpf_roi1,,,,,,/clusterfs/vast/abcabc/Aang_Foundation/20251028_mem-peroxi2/fish2_24hpf_roi1,fish2_24hpf_roi1,fish2_24hpf_roi1,612,,,,,,,,,,,"membrane,peroxisome",
,,,,,,,,,,,,,,,,,,aang,20251028_mem-peroxi2,,fish4_24hpf_roi1,,,,,,/clusterfs/vast/abcabc/Aang_Foundation/20251028_mem-peroxi2/fish4_24hpf_roi1,fish4_24hpf_roi1,fish4_24hpf_roi1,612,,,,,,,,,,,"membrane,peroxisome",
,,,,,,,,,,,,,,,,,,aang,20251028_mem-peroxi2,,fish5_24hpf_roi1,,,,,,/clusterfs/vast/abcabc/Aang_Foundation/20251028_mem-peroxi2/fish5_24hpf_roi1,fish5_24hpf_roi1,fish5_24hpf_roi1,816,,,,,,,,,,,"membrane,peroxisome",
,,,,,,,,,,,,,,,,,,aang,20251028_mem-peroxi2,,fish6_24hpf_roi1,,,,,,/clusterfs/vast/abcabc/Aang_Foundation/20251028_mem-peroxi2/fish6_24hpf_roi1,fish6_24hpf_roi1,fish6_24hpf_roi1,816,,,,,,,,,,,"membrane,peroxisome",
,,,,,,,,,,,,,,,,,,aang,20251029_peroxi,,fish1_roi1,,,,,,/clusterfs/vast/abcabc/Aang_Foundation/20251029_peroxi/fish1_roi1,fish1_roi1,fish1_roi1,2,,,,,,,,,,,peroxisome,
,,,,,,,,,,,,,,,,,,aang,20251105_mem-mito,,fish1_24hpf_roi1,,,,,,/clusterfs/vast/abcabc/Aang_Foundation/20251105_mem-mito/fish1_24hpf_roi1,fish1_24hpf_roi1,fish1_24hpf_roi1,408,,,,,,,,,,,"membrane,mitochondria",
,,,,,,,,,,,,,,,,,,aang,20251105_mem-mito,,fish2_24hpf_roi1,,,,,,/clusterfs/vast/abcabc/Aang_Foundation/20251105_mem-mito/fish2_24hpf_roi1,fish2_24hpf_roi1,fish2_24hpf_roi1,408,,,,,,,,,,,"membrane,mitochondria",
,,,,,,,,,,,,,,,,,,aang,20251105_mem-mito,,fish2_24hpf_roi2,,,,,,/clusterfs/vast/abcabc/Aang_Foundation/20251105_mem-mito/fish2_24hpf_roi2,fish2_24hpf_roi2,fish2_24hpf_roi2,340,,,,,,,,,,,"membrane,mitochondria",
,,,,,,,,,,,,,,,,,,aang,20251105_mem-mito,,fish3_24hpf_roi1,,,,,,/clusterfs/vast/abcabc/Aang_Foundation/20251105_mem-mito/fish3_24hpf_roi1,fish3_24hpf_roi1,fish3_24hpf_roi1,272,,,,,,,,,,,"membrane,mitochondria",
,,,,,,,,,,,,,,,,,,aang,20251105_mem-mito,,fish3_24hpf_roi2,,,,,,/clusterfs/vast/abcabc/Aang_Foundation/20251105_mem-mito/fish3_24hpf_roi2,fish3_24hpf_roi2,fish3_24hpf_roi2,272,,,,,,,,,,,"membrane,mitochondria",
,,,,,,,,,,,,,,,,,,aang,20251105_mem-mito,,fish4_24hpf_roi1,,,,,,/clusterfs/vast/abcabc/Aang_Foundation/20251105_mem-mito/fish4_24hpf_roi1,fish4_24hpf_roi1,fish4_24hpf_roi1,272,,,,,,,,,,,"membrane,mitochondria",
,,,,,,,,,,,,,,,,,,aang,20251105_mem-mito,,fish4_24hpf_roi2,,,,,,/clusterfs/vast/abcabc/Aang_Foundation/20251105_mem-mito/fish4_24hpf_roi2,fish4_24hpf_roi2,fish4_24hpf_roi2,272,,,,,,,,,,,"membrane,mitochondria",
,,,,,,,,,,,,,,,,,,aang,20251105_mem-mito,,fish5_24hpf_roi1,,,,,,/clusterfs/vast/abcabc/Aang_Foundation/20251105_mem-mito/fish5_24hpf_roi1,fish5_24hpf_roi1,fish5_24hpf_roi1,272,,,,,,,,,,,"membrane,mitochondria",
,,,,,,,,,,,,,,,,,,aang,20251105_mem-mito,,fish5_24hpf_roi2,,,,,,/clusterfs/vast/abcabc/Aang_Foundation/20251105_mem-mito/fish5_24hpf_roi2,fish5_24hpf_roi2,fish5_24hpf_roi2,272,,,,,,,,,,,"membrane,mitochondria",
,,,,,,,,,,,,,,,,,,aang,20251106_mem-mito,,fish1_48hpf_roi1,,,,,,/clusterfs/vast/abcabc/Aang_Foundation/20251106_mem-mito/fish1_48hpf_roi1,fish1_48hpf_roi1,fish1_48hpf_roi1,272,,,,,,,,,,,"membrane,mitochondria",
,,,,,,,,,,,,,,,,,,aang,20251106_mem-mito,,fish1_48hpf_roi2,,,,,,/clusterfs/vast/abcabc/Aang_Foundation/20251106_mem-mito/fish1_48hpf_roi2,fish1_48hpf_roi2,fish1_48hpf_roi2,544,,,,,,,,,,,"membrane,mitochondria",
,,,,,,,,,,,,,,,,,,aang,20251106_mem-mito,,fish2_48hpf_roi1,,,,,,/clusterfs/vast/abcabc/Aang_Foundation/20251106_mem-mito/fish2_48hpf_roi1,fish2_48hpf_roi1,fish2_48hpf_roi1,272,,,,,,,,,,,"membrane,mitochondria",
,,,,,,,,,,,,,,,,,,aang,20251106_mem-mito,,fish2_48hpf_roi2,,,,,,/clusterfs/vast/abcabc/Aang_Foundation/20251106_mem-mito/fish2_48hpf_roi2,fish2_48hpf_roi2,fish2_48hpf_roi2,272,,,,,,,,,,,"membrane,mitochondria",
,,,,,,,,,,,,,,,,,,aang,20251106_mem-mito,,fish2_48hpf_roi3,,,,,,/clusterfs/vast/abcabc/Aang_Foundation/20251106_mem-mito/fish2_48hpf_roi3,fish2_48hpf_roi3,fish2_48hpf_roi3,272,,,,,,,,,,,"membrane,mitochondria",
,,,,,,,,,,,,,,,,,,aang,20251106_mem-mito,,fish2_48hpf_roi4,,,,,,/clusterfs/vast/abcabc/Aang_Foundation/20251106_mem-mito/fish2_48hpf_roi4,fish2_48hpf_roi4,fish2_48hpf_roi4,272,,,,,,,,,,,"membrane,mitochondria",
,,,,,,,,,,,,,,,,,,aang,20251106_mem-mito,,fish3_48hpf_roi1,,,,,,/clusterfs/vast/abcabc/Aang_Foundation/20251106_mem-mito/fish3_48hpf_roi1,fish3_48hpf_roi1,fish3_48hpf_roi1,272,,,,,,,,,,,"membrane,mitochondria",
,,,,,,,,,,,,,,,,,,aang,20251106_mem-mito,,fish3_48hpf_roi2,,,,,,/clusterfs/vast/abcabc/Aang_Foundation/20251106_mem-mito/fish3_48hpf_roi2,fish3_48hpf_roi2,fish3_48hpf_roi2,272,,,,,,,,,,,"membrane,mitochondria",
,,,,,,,,,,,,,,,,,,aang,20251106_mem-mito,,fish3_48hpf_roi3,,,,,,/clusterfs/vast/abcabc/Aang_Foundation/20251106_mem-mito/fish3_48hpf_roi3,fish3_48hpf_roi3,fish3_48hpf_roi3,272,,,,,,,,,,,"membrane,mitochondria",
,,,,,,,,,,,,,,,,,,aang,20251106_mem-mito,,fish4_48hpf_roi1,,,,,,/clusterfs/vast/abcabc/Aang_Foundation/20251106_mem-mito/fish4_48hpf_roi1,fish4_48hpf_roi1,fish4_48hpf_roi1,272,,,,,,,,,,,"membrane,mitochondria",
,,,,,,,,,,,,,,,,,,aang,20251106_mem-mito,,fish4_48hpf_roi2,,,,,,/clusterfs/vast/abcabc/Aang_Foundation/20251106_mem-mito/fish4_48hpf_roi2,fish4_48hpf_roi2,fish4_48hpf_roi2,272,,,,,,,,,,,"membrane,mitochondria",
,,,,,,,,,,,,,,,,,,aang,20251106_mem-mito,,fish4_48hpf_roi3,,,,,,/clusterfs/vast/abcabc/Aang_Foundation/20251106_mem-mito/fish4_48hpf_roi3,fish4_48hpf_roi3,fish4_48hpf_roi3,272,,,,,,,,,,,"membrane,mitochondria",
,,,,,,,,,,,,,,,,,,aang,20251106_mem-mito,,fish4_48hpf_roi4,,,,,,/clusterfs/vast/abcabc/Aang_Foundation/20251106_mem-mito/fish4_48hpf_roi4,fish4_48hpf_roi4,fish4_48hpf_roi4,272,,,,,,,,,,,"membrane,mitochondria",
,,,,,,,,,,,,,,,,,,aang,20251106_mem-mito,,fish5_48hpf_roi1,,,,,,/clusterfs/vast/abcabc/Aang_Foundation/20251106_mem-mito/fish5_48hpf_roi1,fish5_48hpf_roi1,fish5_48hpf_roi1,272,,,,,,,,,,,"membrane,mitochondria",
,,,,,,,,,,,,,,,,,,aang,20251106_mem-mito,,fish5_48hpf_roi2,,,,,,/clusterfs/vast/abcabc/Aang_Foundation/20251106_mem-mito/fish5_48hpf_roi2,fish5_48hpf_roi2,fish5_48hpf_roi2,272,,,,,,,,,,,"membrane,mitochondria",
,,,,,,,,,,,,,,,,,,aang,20251106_mem-mito,,fish5_48hpf_roi3,,,,,,/clusterfs/vast/abcabc/Aang_Foundation/20251106_mem-mito/fish5_48hpf_roi3,fish5_48hpf_roi3,fish5_48hpf_roi3,272,,,,,,,,,,,"membrane,mitochondria",
,,,,,,,,,,,,,,,,,,aang,20251107_mem-kinectocore,,fish1_72hpf_roi1,,,,,,/clusterfs/vast/abcabc/Aang_Foundation/20251107_mem-kinectocore/fish1_72hpf_roi1,fish1_72hpf_roi1,fish1_72hpf_roi1,504,,,,,,,,,,,membrane,
,,,,,,,,,,,,,,,,,,aang,20251107_mem-mito,,fish1_24hpf_roi1,,,,,,/clusterfs/vast/abcabc/Aang_Foundation/20251107_mem-mito/fish1_24hpf_roi1,fish1_24hpf_roi1,fish1_24hpf_roi1,37,,,,,,,,,,,"membrane,mitochondria",
,,,,,,,,,,,,,,,,,,aang,20251107_mem-mito,,fish1_24hpf_roi1-2,,,,,,/clusterfs/vast/abcabc/Aang_Foundation/20251107_mem-mito/fish1_24hpf_roi1-2,fish1_24hpf_roi1-2,fish1_24hpf_roi1-2,400,,,,,,,,,,,"membrane,mitochondria",
,,,,,,,,,,,,,,,,,,aang,20251107_mem-mito,,fish1_24hpf_roi2,,,,,,/clusterfs/vast/abcabc/Aang_Foundation/20251107_mem-mito/fish1_24hpf_roi2,fish1_24hpf_roi2,fish1_24hpf_roi2,400,,,,,,,,,,,"membrane,mitochondria",
,,,,,,,,,,,,,,,,,,aang,20251107_mem-mito,,fish1_24hpf_roi3,,,,,,/clusterfs/vast/abcabc/Aang_Foundation/20251107_mem-mito/fish1_24hpf_roi3,fish1_24hpf_roi3,fish1_24hpf_roi3,115,,,,,,,,,,,"membrane,mitochondria",
,,,,,,,,,,,,,,,,,,aang,20251107_mem-mito,,fish2_24hpf_roi3,,,,,,/clusterfs/vast/abcabc/Aang_Foundation/20251107_mem-mito/fish2_24hpf_roi3,fish2_24hpf_roi3,fish2_24hpf_roi3,400,,,,,,,,,,,"membrane,mitochondria",
,,,,,,,,,,,,,,,,,,aang,20251107_mem-mito,,fish3_24hpf_roi1,,,,,,/clusterfs/vast/abcabc/Aang_Foundation/20251107_mem-mito/fish3_24hpf_roi1,fish3_24hpf_roi1,fish3_24hpf_roi1,400,,,,,,,,,,,"membrane,mitochondria",
,,,,,,,,,,,,,,,,,,aang,20251107_mem-mito,,fish3_24hpf_roi2,,,,,,/clusterfs/vast/abcabc/Aang_Foundation/20251107_mem-mito/fish3_24hpf_roi2,fish3_24hpf_roi2,fish3_24hpf_roi2,400,,,,,,,,,,,"membrane,mitochondria",
,,,,,,,,,,,,,,,,,,aang,20251107_mem-mito,,fish4_24hpf_roi1,,,,,,/clusterfs/vast/abcabc/Aang_Foundation/20251107_mem-mito/fish4_24hpf_roi1,fish4_24hpf_roi1,fish4_24hpf_roi1,400,,,,,,,,,,,"membrane,mitochondria",
,,,,,,,,,,,,,,,,,,aang,20251107_mem-mito,,fish4_24hpf_roi2,,,,,,/clusterfs/vast/abcabc/Aang_Foundation/20251107_mem-mito/fish4_24hpf_roi2,fish4_24hpf_roi2,fish4_24hpf_roi2,400,,,,,,,,,,,"membrane,mitochondria",
,,,,,,,,,,,,,,,,,,aang,20251107_mem-mito,,fish5_24hpf_roi1,,,,,,/clusterfs/vast/abcabc/Aang_Foundation/20251107_mem-mito/fish5_24hpf_roi1,fish5_24hpf_roi1,fish5_24hpf_roi1,400,,,,,,,,,,,"membrane,mitochondria",
,,,,,,,,,,,,,,,,,,aang,20251107_mem-mito,,fish5_24hpf_roi2,,,,,,/clusterfs/vast/abcabc/Aang_Foundation/20251107_mem-mito/fish5_24hpf_roi2,fish5_24hpf_roi2,fish5_24hpf_roi2,400,,,,,,,,,,,"membrane,mitochondria",
,,,,,,,,,,,,,,,,,,aang,20251107_mem-mito,,fish6_24hpf_roi1,,,,,,/clusterfs/vast/abcabc/Aang_Foundation/20251107_mem-mito/fish6_24hpf_roi1,fish6_24hpf_roi1,fish6_24hpf_roi1,400,,,,,,,,,,,"membrane,mitochondria",
,,,,,,,,,,,,,,,,,,aang,20251107_mem-mito,,fish6_24hpf_roi2,,,,,,/clusterfs/vast/abcabc/Aang_Foundation/20251107_mem-mito/fish6_24hpf_roi2,fish6_24hpf_roi2,fish6_24hpf_roi2,400,,,,,,,,,,,"membrane,mitochondria",
,,,,,,,,,,,,,,,,,,aang,Denoising,,20251028_peroxi,,,,,,/clusterfs/vast/abcabc/Aang_Foundation/Denoising/20251028_peroxi/roi1_560_10ms,roi1_560_10ms,roi1_560_10ms,2,,,,,,,,,,,peroxisome,
,,,,,,,,,,,,,,,,,,aang,Denoising,,20251028_peroxi,,,,,,/clusterfs/vast/abcabc/Aang_Foundation/Denoising/20251028_peroxi/roi1_560_76ms,roi1_560_76ms,roi1_560_76ms,2,,,,,,,,,,,peroxisome,
,,,,,,,,,,,,,,,,,,aang,Denoising,,20251029_mem-histone,,,,,,/clusterfs/vast/abcabc/Aang_Foundation/Denoising/20251029_mem-histone/fish1_roi1,fish1_roi1,fish1_roi1,96,,,,,,,,,,,"histone,membrane",
,,,,,,,,,,,,,,,,,,aang,Denoising,,20251029_mem-histone,,,,,,/clusterfs/vast/abcabc/Aang_Foundation/Denoising/20251029_mem-histone/fish3_roi1,fish3_roi1,fish3_roi1,288,,,,,,,,,,,"histone,membrane",
,,,,,,,,,,,,,,,,,,aang,Denoising,,20251029_mem-histone,,,,,,/clusterfs/vast/abcabc/Aang_Foundation/Denoising/20251029_mem-histone/fish4_roi1,fish4_roi1,fish4_roi1,288,,,,,,,,,,,"histone,membrane",
,,,,,,,,,,,,,,,,,,aang,Denoising,,20251029_mem-histone,,,,,,/clusterfs/vast/abcabc/Aang_Foundation/Denoising/20251029_mem-histone/fish5_roi1,fish5_roi1,fish5_roi1,288,,,,,,,,,,,"histone,membrane",
,,,,,,,,,,,,,,,,,,aang,Denoising,,20251029_mem-histone,,,,,,/clusterfs/vast/abcabc/Aang_Foundation/Denoising/20251029_mem-histone/fish5_roi2,fish5_roi2,fish5_roi2,288,,,,,,,,,,,"histone,membrane",
,,,,,,,,,,,,,,,,,,aang,Denoising,,20251029_mem-histone,,,,,,/clusterfs/vast/abcabc/Aang_Foundation/Denoising/20251029_mem-histone/fish5_roi3,fish5_roi3,fish5_roi3,288,,,,,,,,,,,"histone,membrane",
,,,,,,,,,,,,,,,,,,aang,Denoising,,20251029_peroxi,,,,,,/clusterfs/vast/abcabc/Aang_Foundation/Denoising/20251029_peroxi/fish1_roi1,fish1_roi1,fish1_roi1,144,,,,,,,,,,,peroxisome,
,,,,,,,,,,,,,,,,,,aang,Denoising,,20251029_peroxi,,,,,,/clusterfs/vast/abcabc/Aang_Foundation/Denoising/20251029_peroxi/fish3_roi1,fish3_roi1,fish3_roi1,444,,,,,,,,,,,peroxisome,
