date_experiment,fish,roi_rel,roi_name,roi_tiffs,roi_dir,dataset,run_key,mount_key,date_mount,date_mount_yyyymmdd,plate_id_filled,slot_id_filled,roi_index_within_slot,roi_code
20250723_mem-halo_ER-mSG,fish3_48hpf,roi1_mb,roi1_mb,65,/clusterfs/vast/abcabc/Korra_Foundation/20250723_mem-halo_ER-mSG/fish3_48hpf/roi1_mb,korra,Korra_Foundation/20250723_mem-halo_ER-mSG,roi1_mb,2025-02-05,20250205.0,20250205-plate1,20250205-plate1-slot3,1,20250205-plate1-slot3-roi01
20250808_mem_organelle,fish1_24hpf_mem-mchilada_lyso-mSG,roi1,roi1,108,/clusterfs/vast/abcabc/Aang_Foundation/20250808_mem_organelle/fish1_24hpf_mem-mchilada_lyso-mSG/roi1,aang,Aang_Foundation/20250808_mem_organelle,roi1,2025-04-04,20250404.0,20250404-plate1,20250404-plate1-slot1,1,20250404-plate1-slot1-roi01
20250808_mem_organelle,fish2_24hpf_mem-mchilada_lyso-mSG,roi1,roi1,300,/clusterfs/vast/abcabc/Aang_Foundation/20250808_mem_organelle/fish2_24hpf_mem-mchilada_lyso-mSG/roi1,aang,Aang_Foundation/20250808_mem_organelle,roi1,2025-04-04,20250404.0,20250404-plate1,20250404-plate1-slot1,2,20250404-plate1-slot1-roi02
20250808_mem_organelle,fish3_24hpf_mem-mchilada_mito-mSG,roi1,roi1,300,/clusterfs/vast/abcabc/Aang_Foundation/20250808_mem_organelle/fish3_24hpf_mem-mchilada_mito-mSG/roi1,aang,Aang_Foundation/20250808_mem_organelle,roi1,2025-04-04,20250404.0,20250404-plate1,20250404-plate1-slot1,3,20250404-plate1-slot1-roi03
20250808_mem_organelle,fish4_24hpf_mem-mchilada_mito-mSG,roi1,roi1,300,/clusterfs/vast/abcabc/Aang_Foundation/20250808_mem_organelle/fish4_24hpf_mem-mchilada_mito-mSG/roi1,aang,Aang_Foundation/20250808_mem_organelle,roi1,2025-04-04,20250404.0,20250404-plate1,20250404-plate1-slot1,4,20250404-plate1-slot1-roi04
20250429_mem_cytosol,fish1_24hpf,roi1,roi1,6873,/clusterfs/vast/abcabc/Korra_Foundation/20250429_mem_cytosol/fish1_24hpf/roi1,korra,Korra_Foundation/20250429_mem_cytosol,roi1,2025-04-04,20250404.0,20250404-plate1,20250404-plate1-slot1,5,20250404-plate1-slot1-roi05
20250429_mem_cytosol,fish2_48hpf,roi1,roi1,3180,/clusterfs/vast/abcabc/Korra_Foundation/20250429_mem_cytosol/fish2_48hpf/roi1,korra,Korra_Foundation/20250429_mem_cytosol,roi1,2025-04-04,20250404.0,20250404-plate1,20250404-plate1-slot1,6,20250404-plate1-slot1-roi06
20250429_mem_cytosol,fish3_mem-halo_24hpf,roi1,roi1,18,/clusterfs/vast/abcabc/Korra_Foundation/20250429_mem_cytosol/fish3_mem-halo_24hpf/roi1,korra,Korra_Foundation/20250429_mem_cytosol,roi1,2025-04-04,20250404.0,20250404-plate1,20250404-plate1-slot1,7,20250404-plate1-slot1-roi07
20250429_mem_cytosol,fish4_mem-halo_48hpf,roi1,roi1,3328,/clusterfs/vast/abcabc/Korra_Foundation/20250429_mem_cytosol/fish4_mem-halo_48hpf/roi1,korra,Korra_Foundation/20250429_mem_cytosol,roi1,2025-04-04,20250404.0,20250404-plate1,20250404-plate1-slot1,8,20250404-plate1-slot1-roi08
20250513_skittles,fish1,roi1,roi1,42,/clusterfs/vast/abcabc/Korra_Foundation/20250513_skittles/fish1/roi1,korra,Korra_Foundation/20250513_skittles,roi1,2025-04-04,20250404.0,20250404-plate1,20250404-plate1-slot1,9,20250404-plate1-slot1-roi09
20250513_skittles,fish10,roi1,roi1,240,/clusterfs/vast/abcabc/Korra_Foundation/20250513_skittles/fish10/roi1,korra,Korra_Foundation/20250513_skittles,roi1,2025-04-04,20250404.0,20250404-plate1,20250404-plate1-slot1,10,20250404-plate1-slot1-roi10
20250513_skittles,fish11,roi1,roi1,240,/clusterfs/vast/abcabc/Korra_Foundation/20250513_skittles/fish11/roi1,korra,Korra_Foundation/20250513_skittles,roi1,2025-04-04,20250404.0,20250404-plate1,20250404-plate1-slot1,11,20250404-plate1-slot1-roi11
20250513_skittles,fish12,roi1,roi1,18,/clusterfs/vast/abcabc/Korra_Foundation/20250513_skittles/fish12/roi1,korra,Korra_Foundation/20250513_skittles,roi1,2025-04-04,20250404.0,20250404-plate1,20250404-plate1-slot1,12,20250404-plate1-slot1-roi12
20250513_skittles,fish13,roi1,roi1,18,/clusterfs/vast/abcabc/Korra_Foundation/20250513_skittles/fish13/roi1,korra,Korra_Foundation/20250513_skittles,roi1,2025-04-04,20250404.0,20250404-plate1,20250404-plate1-slot1,13,20250404-plate1-slot1-roi13
20250513_skittles,fish15,roi1,roi1,18,/clusterfs/vast/abcabc/Korra_Foundation/20250513_skittles/fish15/roi1,korra,Korra_Foundation/20250513_skittles,roi1,2025-04-04,20250404.0,20250404-plate1,20250404-plate1-slot1,14,20250404-plate1-slot1-roi14
20250513_skittles,fish2,roi1,roi1,17,/clusterfs/vast/abcabc/Korra_Foundation/20250513_skittles/fish2/roi1,korra,Korra_Foundation/20250513_skittles,roi1,2025-04-04,20250404.0,20250404-plate1,20250404-plate1-slot1,15,20250404-plate1-slot1-roi15
20250513_skittles,fish3,roi1,roi1,72,/clusterfs/vast/abcabc/Korra_Foundation/20250513_skittles/fish3/roi1,korra,Korra_Foundation/20250513_skittles,roi1,2025-04-04,20250404.0,20250404-plate1,20250404-plate1-slot1,16,20250404-plate1-slot1-roi16
20250513_skittles,fish4,roi1,roi1,38,/clusterfs/vast/abcabc/Korra_Foundation/20250513_skittles/fish4/roi1,korra,Korra_Foundation/20250513_skittles,roi1,2025-04-04,20250404.0,20250404-plate1,20250404-plate1-slot1,17,20250404-plate1-slot1-roi17
20250513_skittles,fish5,roi1,roi1,186,/clusterfs/vast/abcabc/Korra_Foundation/20250513_skittles/fish5/roi1,korra,Korra_Foundation/20250513_skittles,roi1,2025-04-04,20250404.0,20250404-plate1,20250404-plate1-slot1,18,20250404-plate1-slot1-roi18
20250513_skittles,fish6,roi1,roi1,36,/clusterfs/vast/abcabc/Korra_Foundation/20250513_skittles/fish6/roi1,korra,Korra_Foundation/20250513_skittles,roi1,2025-04-04,20250404.0,20250404-plate1,20250404-plate1-slot1,19,20250404-plate1-slot1-roi19
20250513_skittles,fish8,roi1,roi1,48,/clusterfs/vast/abcabc/Korra_Foundation/20250513_skittles/fish8/roi1,korra,Korra_Foundation/20250513_skittles,roi1,2025-04-04,20250404.0,20250404-plate1,20250404-plate1-slot1,20,20250404-plate1-slot1-roi20
20250513_skittles,fish9,roi1,roi1,180,/clusterfs/vast/abcabc/Korra_Foundation/20250513_skittles/fish9/roi1,korra,Korra_Foundation/20250513_skittles,roi1,2025-04-04,20250404.0,20250404-plate1,20250404-plate1-slot1,21,20250404-plate1-slot1-roi21
20250520_mem_histone,fish2,roi1,roi1,2048,/clusterfs/vast/abcabc/Korra_Foundation/20250520_mem_histone/fish2/roi1,korra,Korra_Foundation/20250520_mem_histone,roi1,2025-04-04,20250404.0,20250404-plate1,20250404-plate1-slot1,22,20250404-plate1-slot1-roi22
20250521_skittles_no-membrane,fish2,roi1,roi1,60,/clusterfs/vast/abcabc/Korra_Foundation/20250521_skittles_no-membrane/fish2/roi1,korra,Korra_Foundation/20250521_skittles_no-membrane,roi1,2025-04-04,20250404.0,20250404-plate1,20250404-plate1-slot1,23,20250404-plate1-slot1-roi23
20250521_skittles_no-membrane,fish3,roi1,roi1,25,/clusterfs/vast/abcabc/Korra_Foundation/20250521_skittles_no-membrane/fish3/roi1,korra,Korra_Foundation/20250521_skittles_no-membrane,roi1,2025-04-04,20250404.0,20250404-plate1,20250404-plate1-slot1,24,20250404-plate1-slot1-roi24
20250521_skittles_no-membrane,fish4,roi1,roi1,30,/clusterfs/vast/abcabc/Korra_Foundation/20250521_skittles_no-membrane/fish4/roi1,korra,Korra_Foundation/20250521_skittles_no-membrane,roi1,2025-04-04,20250404.0,20250404-plate1,20250404-plate1-slot1,25,20250404-plate1-slot1-roi25
20250522_skittlez,fish1,roi1,roi1,72,/clusterfs/vast/abcabc/Korra_Foundation/20250522_skittlez/fish1/roi1,korra,Korra_Foundation/20250522_skittlez,roi1,2025-04-04,20250404.0,20250404-plate1,20250404-plate1-slot1,26,20250404-plate1-slot1-roi26
20250522_skittlez,fish2,roi1,roi1,72,/clusterfs/vast/abcabc/Korra_Foundation/20250522_skittlez/fish2/roi1,korra,Korra_Foundation/20250522_skittlez,roi1,2025-04-04,20250404.0,20250404-plate1,20250404-plate1-slot1,27,20250404-plate1-slot1-roi27
20250522_skittlez,fish3,roi1,roi1,72,/clusterfs/vast/abcabc/Korra_Foundation/20250522_skittlez/fish3/roi1,korra,Korra_Foundation/20250522_skittlez,roi1,2025-04-04,20250404.0,20250404-plate1,20250404-plate1-slot1,28,20250404-plate1-slot1-roi28
20250522_skittlez,fish4,roi1,roi1,36,/clusterfs/vast/abcabc/Korra_Foundation/20250522_skittlez/fish4/roi1,korra,Korra_Foundation/20250522_skittlez,roi1,2025-04-04,20250404.0,20250404-plate1,20250404-plate1-slot1,29,20250404-plate1-slot1-roi29
20250522_skittlez,fish5,roi1,roi1,90,/clusterfs/vast/abcabc/Korra_Foundation/20250522_skittlez/fish5/roi1,korra,Korra_Foundation/20250522_skittlez,roi1,2025-04-04,20250404.0,20250404-plate1,20250404-plate1-slot1,30,20250404-plate1-slot1-roi30
20250522_skittlez,fish6,roi1,roi1,90,/clusterfs/vast/abcabc/Korra_Foundation/20250522_skittlez/fish6/roi1,korra,Korra_Foundation/20250522_skittlez,roi1,2025-04-04,20250404.0,20250404-plate1,20250404-plate1-slot1,31,20250404-plate1-slot1-roi31
20250522_skittlez,fish7,roi1,roi1,90,/clusterfs/vast/abcabc/Korra_Foundation/20250522_skittlez/fish7/roi1,korra,Korra_Foundation/20250522_skittlez,roi1,2025-04-04,20250404.0,20250404-plate1,20250404-plate1-slot1,32,20250404-plate1-slot1-roi32
20250522_skittlez,fish8,roi1,roi1,90,/clusterfs/vast/abcabc/Korra_Foundation/20250522_skittlez/fish8/roi1,korra,Korra_Foundation/20250522_skittlez,roi1,2025-04-04,20250404.0,20250404-plate1,20250404-plate1-slot1,33,20250404-plate1-slot1-roi33
20250522_skittlez,fish9,roi1,roi1,120,/clusterfs/vast/abcabc/Korra_Foundation/20250522_skittlez/fish9/roi1,korra,Korra_Foundation/20250522_skittlez,roi1,2025-04-04,20250404.0,20250404-plate1,20250404-plate1-slot1,34,20250404-plate1-slot1-roi34
20250523_mem_histone,fish1,roi1,roi1,4000,/clusterfs/vast/abcabc/Korra_Foundation/20250523_mem_histone/fish1/roi1,korra,Korra_Foundation/20250523_mem_histone,roi1,2025-04-04,20250404.0,20250404-plate1,20250404-plate1-slot1,35,20250404-plate1-slot1-roi35
20250523_mem_histone,fish2,roi1,roi1,8600,/clusterfs/vast/abcabc/Korra_Foundation/20250523_mem_histone/fish2/roi1,korra,Korra_Foundation/20250523_mem_histone,roi1,2025-04-04,20250404.0,20250404-plate1,20250404-plate1-slot1,36,20250404-plate1-slot1-roi36
20250523_mem_histone,fish3,roi1,roi1,4000,/clusterfs/vast/abcabc/Korra_Foundation/20250523_mem_histone/fish3/roi1,korra,Korra_Foundation/20250523_mem_histone,roi1,2025-04-04,20250404.0,20250404-plate1,20250404-plate1-slot1,37,20250404-plate1-slot1-roi37
20250523_mem_histone,fish4,roi1,roi1,4000,/clusterfs/vast/abcabc/Korra_Foundation/20250523_mem_histone/fish4/roi1,korra,Korra_Foundation/20250523_mem_histone,roi1,2025-04-04,20250404.0,20250404-plate1,20250404-plate1-slot1,38,20250404-plate1-slot1-roi38
20250523_mem_histone,fish5,roi1,roi1,7900,/clusterfs/vast/abcabc/Korra_Foundation/20250523_mem_histone/fish5/roi1,korra,Korra_Foundation/20250523_mem_histone,roi1,2025-04-04,20250404.0,20250404-plate1,20250404-plate1-slot1,39,20250404-plate1-slot1-roi39
20250528_skittlez,fish1,roi1,roi1,24,/clusterfs/vast/abcabc/Korra_Foundation/20250528_skittlez/fish1/roi1,korra,Korra_Foundation/20250528_skittlez,roi1,2025-04-04,20250404.0,20250404-plate1,20250404-plate1-slot1,40,20250404-plate1-slot1-roi40
20250715_mem_organelle,fish1_mem_sg_mito_msc3,roi1,roi1,384,/clusterfs/vast/abcabc/Korra_Foundation/20250715_mem_organelle/fish1_mem_sg_mito_msc3/roi1,korra,Korra_Foundation/20250715_mem_organelle,roi1,2025-04-04,20250404.0,20250404-plate1,20250404-plate1-slot1,41,20250404-plate1-slot1-roi41
20250715_mem_organelle,fish3_24hpf_mem_mito_msc3_er_halo,roi1,roi1,960,/clusterfs/vast/abcabc/Korra_Foundation/20250715_mem_organelle/fish3_24hpf_mem_mito_msc3_er_halo/roi1,korra,Korra_Foundation/20250715_mem_organelle,roi1,2025-04-04,20250404.0,20250404-plate1,20250404-plate1-slot1,42,20250404-plate1-slot1-roi42
20250715_mem_organelle,fish4_24hpf_mem_mito_msc3_er_halo,roi1,roi1,960,/clusterfs/vast/abcabc/Korra_Foundation/20250715_mem_organelle/fish4_24hpf_mem_mito_msc3_er_halo/roi1,korra,Korra_Foundation/20250715_mem_organelle,roi1,2025-04-04,20250404.0,20250404-plate1,20250404-plate1-slot1,43,20250404-plate1-slot1-roi43
20250715_mem_organelle,fish5_48hpf_mem_mito_halo_er_msc2,roi1,roi1,1329,/clusterfs/vast/abcabc/Korra_Foundation/20250715_mem_organelle/fish5_48hpf_mem_mito_halo_er_msc2/roi1,korra,Korra_Foundation/20250715_mem_organelle,roi1,2025-04-04,20250404.0,20250404-plate1,20250404-plate1-slot1,44,20250404-plate1-slot1-roi44
20250715_mem_organelle,fish6_48hpf_mem_mito_halo_er_msc2,roi1,roi1,1300,/clusterfs/vast/abcabc/Korra_Foundation/20250715_mem_organelle/fish6_48hpf_mem_mito_halo_er_msc2/roi1,korra,Korra_Foundation/20250715_mem_organelle,roi1,2025-04-04,20250404.0,20250404-plate1,20250404-plate1-slot1,45,20250404-plate1-slot1-roi45
20250715_mem_organelle,fish7_48hpf_mem_mito_halo_er_msc2,roi1,roi1,1300,/clusterfs/vast/abcabc/Korra_Foundation/20250715_mem_organelle/fish7_48hpf_mem_mito_halo_er_msc2/roi1,korra,Korra_Foundation/20250715_mem_organelle,roi1,2025-04-04,20250404.0,20250404-plate1,20250404-plate1-slot1,46,20250404-plate1-slot1-roi46
20250715_mem_organelle,fish8_72hpf_mem_mito_msc3_er_halo,roi1,roi1,1300,/clusterfs/vast/abcabc/Korra_Foundation/20250715_mem_organelle/fish8_72hpf_mem_mito_msc3_er_halo/roi1,korra,Korra_Foundation/20250715_mem_organelle,roi1,2025-04-04,20250404.0,20250404-plate1,20250404-plate1-slot1,47,20250404-plate1-slot1-roi47
20250724_mem-mchilada_er-mSG,fish1_24hpf,roi1,roi1,97,/clusterfs/vast/abcabc/Korra_Foundation/20250724_mem-mchilada_er-mSG/fish1_24hpf/roi1,korra,Korra_Foundation/20250724_mem-mchilada_er-mSG,roi1,2025-04-04,20250404.0,20250404-plate1,20250404-plate1-slot1,48,20250404-plate1-slot1-roi48
20250609_mem-histone,fish11_72hpf_roi1,fish11_72hpf_roi1,fish11_72hpf_roi1,8168,/clusterfs/vast/abcabc/Korra_Foundation/20250609_mem-histone/fish11_72hpf_roi1,korra,Korra_Foundation/20250609_mem-histone,fish11_72hpf_roi1,2025-06-09,20250609.0,20250609-plate1,20250609-plate1-slot1,1,20250609-plate1-slot1-roi01
20250912_mem-mito,fish3_72hpf_roi1,fish3_72hpf_roi1,fish3_72hpf_roi1,400,/clusterfs/vast/abcabc/Aang_Foundation/20250912_mem-mito/fish3_72hpf_roi1,aang,Aang_Foundation/20250912_mem-mito,fish3_72hpf_roi1,2025-08-04,20250804.0,20250804-plate1,20250804-plate1-slot1,1,20250804-plate1-slot1-roi01
20250915_mem-mito,fish3_72hpf_roi1,fish3_72hpf_roi1,fish3_72hpf_roi1,250,/clusterfs/vast/abcabc/Aang_Foundation/20250915_mem-mito/fish3_72hpf_roi1,aang,Aang_Foundation/20250915_mem-mito,fish3_72hpf_roi1,2025-08-04,20250804.0,20250804-plate1,20250804-plate1-slot1,2,20250804-plate1-slot1-roi02
20250918_mem-mito,fish3_72hpf_roi1,fish3_72hpf_roi1,fish3_72hpf_roi1,400,/clusterfs/vast/abcabc/Aang_Foundation/20250918_mem-mito/fish3_72hpf_roi1,aang,Aang_Foundation/20250918_mem-mito,fish3_72hpf_roi1,2025-08-04,20250804.0,20250804-plate1,20250804-plate1-slot1,3,20250804-plate1-slot1-roi03
20251020_mem-histone,fish3_72hpf_roi1,fish3_72hpf_roi1,fish3_72hpf_roi1,3072,/clusterfs/vast/abcabc/Aang_Foundation/20251020_mem-histone/fish3_72hpf_roi1,aang,Aang_Foundation/20251020_mem-histone,fish3_72hpf_roi1,2025-08-04,20250804.0,20250804-plate1,20250804-plate1-slot1,4,20250804-plate1-slot1-roi04
20250801_mem-PCNA,fish3_72hpf_roi1,fish3_72hpf_roi1,fish3_72hpf_roi1,6226,/clusterfs/vast/abcabc/Korra_Foundation/20250801_mem-PCNA/fish3_72hpf_roi1,korra,Korra_Foundation/20250801_mem-PCNA,fish3_72hpf_roi1,2025-08-04,20250804.0,20250804-plate1,20250804-plate1-slot1,5,20250804-plate1-slot1-roi05
20251016_mem-histone,fish3_72hpf_roi1,fish3_72hpf_roi1,fish3_72hpf_roi1,2880,/clusterfs/vast/abcabc/Korra_Foundation/20251016_mem-histone/fish3_72hpf_roi1,korra,Korra_Foundation/20251016_mem-histone,fish3_72hpf_roi1,2025-08-04,20250804.0,20250804-plate1,20250804-plate1-slot1,6,20250804-plate1-slot1-roi06
20251024_mem-histone,fish3_72hpf_roi1,fish3_72hpf_roi1,fish3_72hpf_roi1,2880,/clusterfs/vast/abcabc/Korra_Foundation/20251024_mem-histone/fish3_72hpf_roi1,korra,Korra_Foundation/20251024_mem-histone,fish3_72hpf_roi1,2025-08-04,20250804.0,20250804-plate1,20250804-plate1-slot1,7,20250804-plate1-slot1-roi07
20251027_mem-histone,fish3_72hpf_roi1,fish3_72hpf_roi1,fish3_72hpf_roi1,2880,/clusterfs/vast/abcabc/Korra_Foundation/20251027_mem-histone/fish3_72hpf_roi1,korra,Korra_Foundation/20251027_mem-histone,fish3_72hpf_roi1,2025-08-04,20250804.0,20250804-plate1,20250804-plate1-slot1,8,20250804-plate1-slot1-roi08
20250721_72hpf_mrna_mSG_organelle_LLS-SIM,er_roi1,er_roi1,er_roi1,74,/clusterfs/vast/abcabc/Aang_Foundation/20250721_72hpf_mrna_mSG_organelle_LLS-SIM/er_roi1,aang,Aang_Foundation/20250721_72hpf_mrna_mSG_organelle_LLS-SIM,er_roi1,,,,,,
20250721_72hpf_mrna_mSG_organelle_LLS-SIM,er_roi2,er_roi2,er_roi2,74,/clusterfs/vast/abcabc/Aang_Foundation/20250721_72hpf_mrna_mSG_organelle_LLS-SIM/er_roi2,aang,Aang_Foundation/20250721_72hpf_mrna_mSG_organelle_LLS-SIM,er_roi2,,,,,,
20250721_72hpf_mrna_mSG_organelle_LLS-SIM,er_roi3,er_roi3,er_roi3,80,/clusterfs/vast/abcabc/Aang_Foundation/20250721_72hpf_mrna_mSG_organelle_LLS-SIM/er_roi3,aang,Aang_Foundation/20250721_72hpf_mrna_mSG_organelle_LLS-SIM,er_roi3,,,,,,
20250721_72hpf_mrna_mSG_organelle_LLS-SIM,mito_roi1,mito_roi1,mito_roi1,50,/clusterfs/vast/abcabc/Aang_Foundation/20250721_72hpf_mrna_mSG_organelle_LLS-SIM/mito_roi1,aang,Aang_Foundation/20250721_72hpf_mrna_mSG_organelle_LLS-SIM,mito_roi1,,,,,,
20250721_72hpf_mrna_mSG_organelle_LLS-SIM,mito_roi2,mito_roi2,mito_roi2,80,/clusterfs/vast/abcabc/Aang_Foundation/20250721_72hpf_mrna_mSG_organelle_LLS-SIM/mito_roi2,aang,Aang_Foundation/20250721_72hpf_mrna_mSG_organelle_LLS-SIM,mito_roi2,,,,,,
20250722_mem-halo_er-mSG,fish1_24hpf_roi1,fish1_24hpf_roi1,fish1_24hpf_roi1,33,/clusterfs/vast/abcabc/Aang_Foundation/20250722_mem-halo_er-mSG/fish1_24hpf_roi1,aang,Aang_Foundation/20250722_mem-halo_er-mSG,fish1_24hpf_roi1,,,,,,
20250722_mem-halo_er-mSG,fish1_24hpf_roi2,fish1_24hpf_roi2,fish1_24hpf_roi2,109,/clusterfs/vast/abcabc/Aang_Foundation/20250722_mem-halo_er-mSG/fish1_24hpf_roi2,aang,Aang_Foundation/20250722_mem-halo_er-mSG,fish1_24hpf_roi2,,,,,,
20250722_mem-halo_er-mSG,fish1_24hpf_roi3,fish1_24hpf_roi3,fish1_24hpf_roi3,37,/clusterfs/vast/abcabc/Aang_Foundation/20250722_mem-halo_er-mSG/fish1_24hpf_roi3,aang,Aang_Foundation/20250722_mem-halo_er-mSG,fish1_24hpf_roi3,,,,,,
20250722_mem-halo_er-mSG,fish1_24hpf_roi4,fish1_24hpf_roi4,fish1_24hpf_roi4,140,/clusterfs/vast/abcabc/Aang_Foundation/20250722_mem-halo_er-mSG/fish1_24hpf_roi4,aang,Aang_Foundation/20250722_mem-halo_er-mSG,fish1_24hpf_roi4,,,,,,
20250722_mem-halo_er-mSG,fish1_24hpf_roi5,fish1_24hpf_roi5,fish1_24hpf_roi5,37,/clusterfs/vast/abcabc/Aang_Foundation/20250722_mem-halo_er-mSG/fish1_24hpf_roi5,aang,Aang_Foundation/20250722_mem-halo_er-mSG,fish1_24hpf_roi5,,,,,,
20250722_mem-halo_er-mSG,fish2_24hpf_roi1,fish2_24hpf_roi1,fish2_24hpf_roi1,109,/clusterfs/vast/abcabc/Aang_Foundation/20250722_mem-halo_er-mSG/fish2_24hpf_roi1,aang,Aang_Foundation/20250722_mem-halo_er-mSG,fish2_24hpf_roi1,,,,,,
20250722_mem-halo_er-mSG,fish2_24hpf_roi2,fish2_24hpf_roi2,fish2_24hpf_roi2,105,/clusterfs/vast/abcabc/Aang_Foundation/20250722_mem-halo_er-mSG/fish2_24hpf_roi2,aang,Aang_Foundation/20250722_mem-halo_er-mSG,fish2_24hpf_roi2,,,,,,
20250722_mem-halo_er-mSG,fish2_24hpf_roi3,fish2_24hpf_roi3,fish2_24hpf_roi3,105,/clusterfs/vast/abcabc/Aang_Foundation/20250722_mem-halo_er-mSG/fish2_24hpf_roi3,aang,Aang_Foundation/20250722_mem-halo_er-mSG,fish2_24hpf_roi3,,,,,,
20250722_mem-halo_er-mSG,fish2_24hpf_roi4,fish2_24hpf_roi4,fish2_24hpf_roi4,35,/clusterfs/vast/abcabc/Aang_Foundation/20250722_mem-halo_er-mSG/fish2_24hpf_roi4,aang,Aang_Foundation/20250722_mem-halo_er-mSG,fish2_24hpf_roi4,,,,,,
20250722_mrna_mito-mSG_mem-mChilada,fish1_roi1,fish1_roi1,fish1_roi1,40,/clusterfs/vast/abcabc/Aang_Foundation/20250722_mrna_mito-mSG_mem-mChilada/fish1_roi1,aang,Aang_Foundation/20250722_mrna_mito-mSG_mem-mChilada,fish1_roi1,,,,,,
20250722_mrna_mito-mSG_mem-mChilada,fish1_roi2,fish1_roi2,fish1_roi2,65,/clusterfs/vast/abcabc/Aang_Foundation/20250722_mrna_mito-mSG_mem-mChilada/fish1_roi2,aang,Aang_Foundation/20250722_mrna_mito-mSG_mem-mChilada,fish1_roi2,,,,,,
20250722_mrna_mito-mSG_mem-mChilada,fish1_roi3,fish1_roi3,fish1_roi3,61,/clusterfs/vast/abcabc/Aang_Foundation/20250722_mrna_mito-mSG_mem-mChilada/fish1_roi3,aang,Aang_Foundation/20250722_mrna_mito-mSG_mem-mChilada,fish1_roi3,,,,,,
20250722_mrna_mito-mSG_mem-mChilada,fish2_48hpf_roi1,fish2_48hpf_roi1,fish2_48hpf_roi1,56,/clusterfs/vast/abcabc/Aang_Foundation/20250722_mrna_mito-mSG_mem-mChilada/fish2_48hpf_roi1,aang,Aang_Foundation/20250722_mrna_mito-mSG_mem-mChilada,fish2_48hpf_roi1,,,,,,
20250722_mrna_mito-mSG_mem-mChilada,fish2_48hpf_roi2,fish2_48hpf_roi2,fish2_48hpf_roi2,70,/clusterfs/vast/abcabc/Aang_Foundation/20250722_mrna_mito-mSG_mem-mChilada/fish2_48hpf_roi2,aang,Aang_Foundation/20250722_mrna_mito-mSG_mem-mChilada,fish2_48hpf_roi2,,,,,,
20250722_mrna_mito-mSG_mem-mChilada,fish2_48hpf_roi3,fish2_48hpf_roi3,fish2_48hpf_roi3,93,/clusterfs/vast/abcabc/Aang_Foundation/20250722_mrna_mito-mSG_mem-mChilada/fish2_48hpf_roi3,aang,Aang_Foundation/20250722_mrna_mito-mSG_mem-mChilada,fish2_48hpf_roi3,,,,,,
20250722_mrna_mito-mSG_mem-mChilada,fish2_48hpf_roi4,fish2_48hpf_roi4,fish2_48hpf_roi4,70,/clusterfs/vast/abcabc/Aang_Foundation/20250722_mrna_mito-mSG_mem-mChilada/fish2_48hpf_roi4,aang,Aang_Foundation/20250722_mrna_mito-mSG_mem-mChilada,fish2_48hpf_roi4,,,,,,
20250722_mrna_mito-mSG_mem-mChilada,fish2_48hpf_roi5,fish2_48hpf_roi5,fish2_48hpf_roi5,72,/clusterfs/vast/abcabc/Aang_Foundation/20250722_mrna_mito-mSG_mem-mChilada/fish2_48hpf_roi5,aang,Aang_Foundation/20250722_mrna_mito-mSG_mem-mChilada,fish2_48hpf_roi5,,,,,,
20250722_mrna_mito-mSG_mem-mChilada,fish3_48hpf_roi1,fish3_48hpf_roi1,fish3_48hpf_roi1,70,/clusterfs/vast/abcabc/Aang_Foundation/20250722_mrna_mito-mSG_mem-mChilada/fish3_48hpf_roi1,aang,Aang_Foundation/20250722_mrna_mito-mSG_mem-mChilada,fish3_48hpf_roi1,,,,,,
20250722_mrna_mito-mSG_mem-mChilada,fish3_48hpf_roi2,fish3_48hpf_roi2,fish3_48hpf_roi2,70,/clusterfs/vast/abcabc/Aang_Foundation/20250722_mrna_mito-mSG_mem-mChilada/fish3_48hpf_roi2,aang,Aang_Foundation/20250722_mrna_mito-mSG_mem-mChilada,fish3_48hpf_roi2,,,,,,
20250722_mrna_mito-mSG_mem-mChilada,fish3_48hpf_roi3,fish3_48hpf_roi3,fish3_48hpf_roi3,70,/clusterfs/vast/abcabc/Aang_Foundation/20250722_mrna_mito-mSG_mem-mChilada/fish3_48hpf_roi3,aang,Aang_Foundation/20250722_mrna_mito-mSG_mem-mChilada,fish3_48hpf_roi3,,,,,,
20250722_mrna_mito-mSG_mem-mChilada,fish3_48hpf_roi4,fish3_48hpf_roi4,fish3_48hpf_roi4,70,/clusterfs/vast/abcabc/Aang_Foundation/20250722_mrna_mito-mSG_mem-mChilada/fish3_48hpf_roi4,aang,Aang_Foundation/20250722_mrna_mito-mSG_mem-mChilada,fish3_48hpf_roi4,,,,,,
20250723_er-mSG_mem-mChilada,fish1_24hpf_roi1,fish1_24hpf_roi1,fish1_24hpf_roi1,390,/clusterfs/vast/abcabc/Aang_Foundation/20250723_er-mSG_mem-mChilada/fish1_24hpf_roi1,aang,Aang_Foundation/20250723_er-mSG_mem-mChilada,fish1_24hpf_roi1,,,,,,
20250805_lifeact_mem-halo,fish1_48hpf_roi1,fish1_48hpf_roi1,fish1_48hpf_roi1,390,/clusterfs/vast/abcabc/Aang_Foundation/20250805_lifeact_mem-halo/fish1_48hpf_roi1,aang,Aang_Foundation/20250805_lifeact_mem-halo,fish1_48hpf_roi1,,,,,,
20250805_lifeact_mem-halo,fish1_48hpf_roi2,fish1_48hpf_roi2,fish1_48hpf_roi2,390,/clusterfs/vast/abcabc/Aang_Foundation/20250805_lifeact_mem-halo/fish1_48hpf_roi2,aang,Aang_Foundation/20250805_lifeact_mem-halo,fish1_48hpf_roi2,,,,,,
20250805_lifeact_mem-halo,fish1_48hpf_roi3,fish1_48hpf_roi3,fish1_48hpf_roi3,390,/clusterfs/vast/abcabc/Aang_Foundation/20250805_lifeact_mem-halo/fish1_48hpf_roi3,aang,Aang_Foundation/20250805_lifeact_mem-halo,fish1_48hpf_roi3,,,,,,
20250805_lifeact_mem-halo,fish1_48hpf_roi4,fish1_48hpf_roi4,fish1_48hpf_roi4,390,/clusterfs/vast/abcabc/Aang_Foundation/20250805_lifeact_mem-halo/fish1_48hpf_roi4,aang,Aang_Foundation/20250805_lifeact_mem-halo,fish1_48hpf_roi4,,,,,,
20250805_lifeact_mem-halo,fish1_48hpf_roi5,fish1_48hpf_roi5,fish1_48hpf_roi5,390,/clusterfs/vast/abcabc/Aang_Foundation/20250805_lifeact_mem-halo/fish1_48hpf_roi5,aang,Aang_Foundation/20250805_lifeact_mem-halo,fish1_48hpf_roi5,,,,,,
20250805_mito_mem-halo,fish1_24hpf_roi1,fish1_24hpf_roi1,fish1_24hpf_roi1,390,/clusterfs/vast/abcabc/Aang_Foundation/20250805_mito_mem-halo/fish1_24hpf_roi1,aang,Aang_Foundation/20250805_mito_mem-halo,fish1_24hpf_roi1,,,,,,
20250805_mito_mem-halo,fish1_24hpf_roi2,fish1_24hpf_roi2,fish1_24hpf_roi2,390,/clusterfs/vast/abcabc/Aang_Foundation/20250805_mito_mem-halo/fish1_24hpf_roi2,aang,Aang_Foundation/20250805_mito_mem-halo,fish1_24hpf_roi2,,,,,,
20250805_mito_mem-halo,fish2_24hpf_roi1,fish2_24hpf_roi1,fish2_24hpf_roi1,390,/clusterfs/vast/abcabc/Aang_Foundation/20250805_mito_mem-halo/fish2_24hpf_roi1,aang,Aang_Foundation/20250805_mito_mem-halo,fish2_24hpf_roi1,,,,,,
20250805_mito_mem-halo,fish2_24hpf_roi2,fish2_24hpf_roi2,fish2_24hpf_roi2,390,/clusterfs/vast/abcabc/Aang_Foundation/20250805_mito_mem-halo/fish2_24hpf_roi2,aang,Aang_Foundation/20250805_mito_mem-halo,fish2_24hpf_roi2,,,,,,
20250805_mito_mem-halo,fish2_24hpf_roi3,fish2_24hpf_roi3,fish2_24hpf_roi3,390,/clusterfs/vast/abcabc/Aang_Foundation/20250805_mito_mem-halo/fish2_24hpf_roi3,aang,Aang_Foundation/20250805_mito_mem-halo,fish2_24hpf_roi3,,,,,,
20250805_mito_mem-halo,fish3_24hpf_roi1,fish3_24hpf_roi1,fish3_24hpf_roi1,390,/clusterfs/vast/abcabc/Aang_Foundation/20250805_mito_mem-halo/fish3_24hpf_roi1,aang,Aang_Foundation/20250805_mito_mem-halo,fish3_24hpf_roi1,,,,,,
20250805_mito_mem-halo,fish3_24hpf_roi2,fish3_24hpf_roi2,fish3_24hpf_roi2,780,/clusterfs/vast/abcabc/Aang_Foundation/20250805_mito_mem-halo/fish3_24hpf_roi2,aang,Aang_Foundation/20250805_mito_mem-halo,fish3_24hpf_roi2,,,,,,
20250808_mem_organelle,fish1_24hpf_mem-mchilada_lyso-mSG,roi1_1,roi1_1,300,/clusterfs/vast/abcabc/Aang_Foundation/20250808_mem_organelle/fish1_24hpf_mem-mchilada_lyso-mSG/roi1_1,aang,Aang_Foundation/20250808_mem_organelle,roi1_1,,,,,,
20250808_mem_organelle,fish1_24hpf_mem-mchilada_lyso-mSG,roi1_test,roi1_test,6,/clusterfs/vast/abcabc/Aang_Foundation/20250808_mem_organelle/fish1_24hpf_mem-mchilada_lyso-mSG/roi1_test,aang,Aang_Foundation/20250808_mem_organelle,roi1_test,,,,,,
20250808_mem_organelle,fish1_24hpf_mem-mchilada_lyso-mSG,roi2,roi2,300,/clusterfs/vast/abcabc/Aang_Foundation/20250808_mem_organelle/fish1_24hpf_mem-mchilada_lyso-mSG/roi2,aang,Aang_Foundation/20250808_mem_organelle,roi2,,,,,,
20250808_mem_organelle,fish1_24hpf_mem-mchilada_lyso-mSG,roi3,roi3,300,/clusterfs/vast/abcabc/Aang_Foundation/20250808_mem_organelle/fish1_24hpf_mem-mchilada_lyso-mSG/roi3,aang,Aang_Foundation/20250808_mem_organelle,roi3,,,,,,
20250808_mem_organelle,fish2_24hpf_mem-mchilada_lyso-mSG,roi2,roi2,300,/clusterfs/vast/abcabc/Aang_Foundation/20250808_mem_organelle/fish2_24hpf_mem-mchilada_lyso-mSG/roi2,aang,Aang_Foundation/20250808_mem_organelle,roi2,,,,,,
20250808_mem_organelle,fish2_24hpf_mem-mchilada_lyso-mSG,roi3,roi3,300,/clusterfs/vast/abcabc/Aang_Foundation/20250808_mem_organelle/fish2_24hpf_mem-mchilada_lyso-mSG/roi3,aang,Aang_Foundation/20250808_mem_organelle,roi3,,,,,,
20250808_mem_organelle,fish3_24hpf_mem-mchilada_mito-mSG,roi2,roi2,300,/clusterfs/vast/abcabc/Aang_Foundation/20250808_mem_organelle/fish3_24hpf_mem-mchilada_mito-mSG/roi2,aang,Aang_Foundation/20250808_mem_organelle,roi2,,,,,,
20250808_mem_organelle,fish3_24hpf_mem-mchilada_mito-mSG,roi3,roi3,300,/clusterfs/vast/abcabc/Aang_Foundation/20250808_mem_organelle/fish3_24hpf_mem-mchilada_mito-mSG/roi3,aang,Aang_Foundation/20250808_mem_organelle,roi3,,,,,,
20250808_mem_organelle,fish3_24hpf_mem-mchilada_mito-mSG,roi4,roi4,300,/clusterfs/vast/abcabc/Aang_Foundation/20250808_mem_organelle/fish3_24hpf_mem-mchilada_mito-mSG/roi4,aang,Aang_Foundation/20250808_mem_organelle,roi4,,,,,,
20250808_mem_organelle,fish4_24hpf_mem-mchilada_mito-mSG,roi2,roi2,300,/clusterfs/vast/abcabc/Aang_Foundation/20250808_mem_organelle/fish4_24hpf_mem-mchilada_mito-mSG/roi2,aang,Aang_Foundation/20250808_mem_organelle,roi2,,,,,,
20250808_mem_organelle,fish4_24hpf_mem-mchilada_mito-mSG,roi3,roi3,300,/clusterfs/vast/abcabc/Aang_Foundation/20250808_mem_organelle/fish4_24hpf_mem-mchilada_mito-mSG/roi3,aang,Aang_Foundation/20250808_mem_organelle,roi3,,,,,,
20250808_mem_organelle,fish4_24hpf_mem-mchilada_mito-mSG,roi4,roi4,300,/clusterfs/vast/abcabc/Aang_Foundation/20250808_mem_organelle/fish4_24hpf_mem-mchilada_mito-mSG/roi4,aang,Aang_Foundation/20250808_mem_organelle,roi4,,,,,,
20250808_mem_organelle,fish4_24hpf_mem-mchilada_mito-mSG,roi5,roi5,300,/clusterfs/vast/abcabc/Aang_Foundation/20250808_mem_organelle/fish4_24hpf_mem-mchilada_mito-mSG/roi5,aang,Aang_Foundation/20250808_mem_organelle,roi5,,,,,,
20250808_mem_organelle,fish4_24hpf_mem-mchilada_mito-mSG,roi6,roi6,300,/clusterfs/vast/abcabc/Aang_Foundation/20250808_mem_organelle/fish4_24hpf_mem-mchilada_mito-mSG/roi6,aang,Aang_Foundation/20250808_mem_organelle,roi6,,,,,,
20250808_mem_organelle,fish4_24hpf_mem-mchilada_mito-mSG,roi7,roi7,300,/clusterfs/vast/abcabc/Aang_Foundation/20250808_mem_organelle/fish4_24hpf_mem-mchilada_mito-mSG/roi7,aang,Aang_Foundation/20250808_mem_organelle,roi7,,,,,,
20250808_mem_organelle,fish4_24hpf_mem-mchilada_mito-mSG,roi8,roi8,300,/clusterfs/vast/abcabc/Aang_Foundation/20250808_mem_organelle/fish4_24hpf_mem-mchilada_mito-mSG/roi8,aang,Aang_Foundation/20250808_mem_organelle,roi8,,,,,,
20250808_mem_organelle,fish4_24hpf_mem-mchilada_mito-mSG,roi9,roi9,300,/clusterfs/vast/abcabc/Aang_Foundation/20250808_mem_organelle/fish4_24hpf_mem-mchilada_mito-mSG/roi9,aang,Aang_Foundation/20250808_mem_organelle,roi9,,,,,,
20250819_mem_ER,fish1_24hpf_roi2,fish1_24hpf_roi2,fish1_24hpf_roi2,400,/clusterfs/vast/abcabc/Aang_Foundation/20250819_mem_ER/fish1_24hpf_roi2,aang,Aang_Foundation/20250819_mem_ER,fish1_24hpf_roi2,,,,,,
20250819_mem_ER,fish1_24hpf_roi3,fish1_24hpf_roi3,fish1_24hpf_roi3,409,/clusterfs/vast/abcabc/Aang_Foundation/20250819_mem_ER/fish1_24hpf_roi3,aang,Aang_Foundation/20250819_mem_ER,fish1_24hpf_roi3,,,,,,
20250819_mem_ER,fish1_24hpf_roi4,fish1_24hpf_roi4,fish1_24hpf_roi4,306,/clusterfs/vast/abcabc/Aang_Foundation/20250819_mem_ER/fish1_24hpf_roi4,aang,Aang_Foundation/20250819_mem_ER,fish1_24hpf_roi4,,,,,,
20250819_mem_ER,fish1_24hpf_roi5,fish1_24hpf_roi5,fish1_24hpf_roi5,306,/clusterfs/vast/abcabc/Aang_Foundation/20250819_mem_ER/fish1_24hpf_roi5,aang,Aang_Foundation/20250819_mem_ER,fish1_24hpf_roi5,,,,,,
20250819_mem_ER,fish2_24hpf_roi1,fish2_24hpf_roi1,fish2_24hpf_roi1,408,/clusterfs/vast/abcabc/Aang_Foundation/20250819_mem_ER/fish2_24hpf_roi1,aang,Aang_Foundation/20250819_mem_ER,fish2_24hpf_roi1,,,,,,
20250819_mem_ER,fish2_24hpf_roi2,fish2_24hpf_roi2,fish2_24hpf_roi2,408,/clusterfs/vast/abcabc/Aang_Foundation/20250819_mem_ER/fish2_24hpf_roi2,aang,Aang_Foundation/20250819_mem_ER,fish2_24hpf_roi2,,,,,,
20250819_mem_ER,fish2_24hpf_roi3,fish2_24hpf_roi3,fish2_24hpf_roi3,408,/clusterfs/vast/abcabc/Aang_Foundation/20250819_mem_ER/fish2_24hpf_roi3,aang,Aang_Foundation/20250819_mem_ER,fish2_24hpf_roi3,,,,,,
20250819_mem_ER,roi1_newscripttest,roi1_newscripttest,roi1_newscripttest,24,/clusterfs/vast/abcabc/Aang_Foundation/20250819_mem_ER/roi1_newscripttest,aang,Aang_Foundation/20250819_mem_ER,roi1_newscripttest,,,,,,
20250819_mem_mito,fish1_24hpf_roi1,fish1_24hpf_roi1,fish1_24hpf_roi1,600,/clusterfs/vast/abcabc/Aang_Foundation/20250819_mem_mito/fish1_24hpf_roi1,aang,Aang_Foundation/20250819_mem_mito,fish1_24hpf_roi1,,,,,,
20250819_mem_mito,fish1_24hpf_roi2,fish1_24hpf_roi2,fish1_24hpf_roi2,600,/clusterfs/vast/abcabc/Aang_Foundation/20250819_mem_mito/fish1_24hpf_roi2,aang,Aang_Foundation/20250819_mem_mito,fish1_24hpf_roi2,,,,,,
20250819_mem_mito,fish1_24hpf_roi3,fish1_24hpf_roi3,fish1_24hpf_roi3,600,/clusterfs/vast/abcabc/Aang_Foundation/20250819_mem_mito/fish1_24hpf_roi3,aang,Aang_Foundation/20250819_mem_mito,fish1_24hpf_roi3,,,,,,
20250819_mem_mito,fish1_24hpf_roi4,fish1_24hpf_roi4,fish1_24hpf_roi4,600,/clusterfs/vast/abcabc/Aang_Foundation/20250819_mem_mito/fish1_24hpf_roi4,aang,Aang_Foundation/20250819_mem_mito,fish1_24hpf_roi4,,,,,,
20250819_mem_mito,fish1_24hpf_roi5,fish1_24hpf_roi5,fish1_24hpf_roi5,600,/clusterfs/vast/abcabc/Aang_Foundation/20250819_mem_mito/fish1_24hpf_roi5,aang,Aang_Foundation/20250819_mem_mito,fish1_24hpf_roi5,,,,,,
20250819_mem_mito,fish1_24hpf_roi6,fish1_24hpf_roi6,fish1_24hpf_roi6,600,/clusterfs/vast/abcabc/Aang_Foundation/20250819_mem_mito/fish1_24hpf_roi6,aang,Aang_Foundation/20250819_mem_mito,fish1_24hpf_roi6,,,,,,
20250819_mem_mito,fish1_24hpf_roi7,fish1_24hpf_roi7,fish1_24hpf_roi7,600,/clusterfs/vast/abcabc/Aang_Foundation/20250819_mem_mito/fish1_24hpf_roi7,aang,Aang_Foundation/20250819_mem_mito,fish1_24hpf_roi7,,,,,,
20250819_mem_mito,fish1_24hpf_roi8,fish1_24hpf_roi8,fish1_24hpf_roi8,600,/clusterfs/vast/abcabc/Aang_Foundation/20250819_mem_mito/fish1_24hpf_roi8,aang,Aang_Foundation/20250819_mem_mito,fish1_24hpf_roi8,,,,,,
20250819_mem_mito,fish2_24hpf_roi1,fish2_24hpf_roi1,fish2_24hpf_roi1,600,/clusterfs/vast/abcabc/Aang_Foundation/20250819_mem_mito/fish2_24hpf_roi1,aang,Aang_Foundation/20250819_mem_mito,fish2_24hpf_roi1,,,,,,
20250819_mem_mito,fish2_24hpf_roi2,fish2_24hpf_roi2,fish2_24hpf_roi2,600,/clusterfs/vast/abcabc/Aang_Foundation/20250819_mem_mito/fish2_24hpf_roi2,aang,Aang_Foundation/20250819_mem_mito,fish2_24hpf_roi2,,,,,,
20250819_mem_mito,fish3_24hpf_roi1,fish3_24hpf_roi1,fish3_24hpf_roi1,600,/clusterfs/vast/abcabc/Aang_Foundation/20250819_mem_mito/fish3_24hpf_roi1,aang,Aang_Foundation/20250819_mem_mito,fish3_24hpf_roi1,,,,,,
20250819_mem_mito,fish4_48hpf_roi1,fish4_48hpf_roi1,fish4_48hpf_roi1,600,/clusterfs/vast/abcabc/Aang_Foundation/20250819_mem_mito/fish4_48hpf_roi1,aang,Aang_Foundation/20250819_mem_mito,fish4_48hpf_roi1,,,,,,
20250819_mem_mito,fish4_48hpf_roi3,fish4_48hpf_roi3,fish4_48hpf_roi3,600,/clusterfs/vast/abcabc/Aang_Foundation/20250819_mem_mito/fish4_48hpf_roi3,aang,Aang_Foundation/20250819_mem_mito,fish4_48hpf_roi3,,,,,,
20250819_mem_mito,fish4_48hpf_roi4,fish4_48hpf_roi4,fish4_48hpf_roi4,600,/clusterfs/vast/abcabc/Aang_Foundation/20250819_mem_mito/fish4_48hpf_roi4,aang,Aang_Foundation/20250819_mem_mito,fish4_48hpf_roi4,,,,,,
20250819_mem_mito,fish4_48hpf_roi5,fish4_48hpf_roi5,fish4_48hpf_roi5,600,/clusterfs/vast/abcabc/Aang_Foundation/20250819_mem_mito/fish4_48hpf_roi5,aang,Aang_Foundation/20250819_mem_mito,fish4_48hpf_roi5,,,,,,
20250819_mem_mito,fish4_48hpf_roi6,fish4_48hpf_roi6,fish4_48hpf_roi6,600,/clusterfs/vast/abcabc/Aang_Foundation/20250819_mem_mito/fish4_48hpf_roi6,aang,Aang_Foundation/20250819_mem_mito,fish4_48hpf_roi6,,,,,,
20250819_mem_mito,fish4_48hpf_roi7,fish4_48hpf_roi7,fish4_48hpf_roi7,600,/clusterfs/vast/abcabc/Aang_Foundation/20250819_mem_mito/fish4_48hpf_roi7,aang,Aang_Foundation/20250819_mem_mito,fish4_48hpf_roi7,,,,,,
20250819_mem_mito,fish4_48hpf_roi8,fish4_48hpf_roi8,fish4_48hpf_roi8,600,/clusterfs/vast/abcabc/Aang_Foundation/20250819_mem_mito/fish4_48hpf_roi8,aang,Aang_Foundation/20250819_mem_mito,fish4_48hpf_roi8,,,,,,
20250819_mem_mito,fish5_48hpf_roi11,fish5_48hpf_roi11,fish5_48hpf_roi11,900,/clusterfs/vast/abcabc/Aang_Foundation/20250819_mem_mito/fish5_48hpf_roi11,aang,Aang_Foundation/20250819_mem_mito,fish5_48hpf_roi11,,,,,,
20250819_mem_mito,fish5_48hpf_roi12,fish5_48hpf_roi12,fish5_48hpf_roi12,900,/clusterfs/vast/abcabc/Aang_Foundation/20250819_mem_mito/fish5_48hpf_roi12,aang,Aang_Foundation/20250819_mem_mito,fish5_48hpf_roi12,,,,,,
20250819_mem_mito,fish6_48hpf_roi1,fish6_48hpf_roi1,fish6_48hpf_roi1,900,/clusterfs/vast/abcabc/Aang_Foundation/20250819_mem_mito/fish6_48hpf_roi1,aang,Aang_Foundation/20250819_mem_mito,fish6_48hpf_roi1,,,,,,
20250819_mem_mito,fish6_48hpf_roi2,fish6_48hpf_roi2,fish6_48hpf_roi2,900,/clusterfs/vast/abcabc/Aang_Foundation/20250819_mem_mito/fish6_48hpf_roi2,aang,Aang_Foundation/20250819_mem_mito,fish6_48hpf_roi2,,,,,,
20250819_mem_mito,fish6_48hpf_roi3,fish6_48hpf_roi3,fish6_48hpf_roi3,900,/clusterfs/vast/abcabc/Aang_Foundation/20250819_mem_mito/fish6_48hpf_roi3,aang,Aang_Foundation/20250819_mem_mito,fish6_48hpf_roi3,,,,,,
20250819_mem_mito,fish6_48hpf_roi4,fish6_48hpf_roi4,fish6_48hpf_roi4,900,/clusterfs/vast/abcabc/Aang_Foundation/20250819_mem_mito/fish6_48hpf_roi4,aang,Aang_Foundation/20250819_mem_mito,fish6_48hpf_roi4,,,,,,
20250819_mem_mito,fish6_48hpf_roi5,fish6_48hpf_roi5,fish6_48hpf_roi5,900,/clusterfs/vast/abcabc/Aang_Foundation/20250819_mem_mito/fish6_48hpf_roi5,aang,Aang_Foundation/20250819_mem_mito,fish6_48hpf_roi5,,,,,,
20250821_mem_mito,fish1_24hpf_roi1,fish1_24hpf_roi1,fish1_24hpf_roi1,1500,/clusterfs/vast/abcabc/Aang_Foundation/20250821_mem_mito/fish1_24hpf_roi1,aang,Aang_Foundation/20250821_mem_mito,fish1_24hpf_roi1,,,,,,
20250821_mem_mito,fish1_24hpf_roi2,fish1_24hpf_roi2,fish1_24hpf_roi2,1500,/clusterfs/vast/abcabc/Aang_Foundation/20250821_mem_mito/fish1_24hpf_roi2,aang,Aang_Foundation/20250821_mem_mito,fish1_24hpf_roi2,,,,,,
20250821_mem_mito,fish2_24hpf_roi1,fish2_24hpf_roi1,fish2_24hpf_roi1,900,/clusterfs/vast/abcabc/Aang_Foundation/20250821_mem_mito/fish2_24hpf_roi1,aang,Aang_Foundation/20250821_mem_mito,fish2_24hpf_roi1,,,,,,
20250821_mem_mito,fish2_24hpf_roi2,fish2_24hpf_roi2,fish2_24hpf_roi2,900,/clusterfs/vast/abcabc/Aang_Foundation/20250821_mem_mito/fish2_24hpf_roi2,aang,Aang_Foundation/20250821_mem_mito,fish2_24hpf_roi2,,,,,,
20250821_mem_mito,fish3_24hpf_roi1,fish3_24hpf_roi1,fish3_24hpf_roi1,1500,/clusterfs/vast/abcabc/Aang_Foundation/20250821_mem_mito/fish3_24hpf_roi1,aang,Aang_Foundation/20250821_mem_mito,fish3_24hpf_roi1,,,,,,
20250821_mem_mito,fish3_24hpf_roi2,fish3_24hpf_roi2,fish3_24hpf_roi2,1500,/clusterfs/vast/abcabc/Aang_Foundation/20250821_mem_mito/fish3_24hpf_roi2,aang,Aang_Foundation/20250821_mem_mito,fish3_24hpf_roi2,,,,,,
20250821_mem_mito,fish4_24hpf_roi1,fish4_24hpf_roi1,fish4_24hpf_roi1,1500,/clusterfs/vast/abcabc/Aang_Foundation/20250821_mem_mito/fish4_24hpf_roi1,aang,Aang_Foundation/20250821_mem_mito,fish4_24hpf_roi1,,,,,,
20250821_mem_mito,fish4_24hpf_roi2,fish4_24hpf_roi2,fish4_24hpf_roi2,1500,/clusterfs/vast/abcabc/Aang_Foundation/20250821_mem_mito/fish4_24hpf_roi2,aang,Aang_Foundation/20250821_mem_mito,fish4_24hpf_roi2,,,,,,
20250821_mem_mito,fish6_24hpf_roi1,fish6_24hpf_roi1,fish6_24hpf_roi1,1500,/clusterfs/vast/abcabc/Aang_Foundation/20250821_mem_mito/fish6_24hpf_roi1,aang,Aang_Foundation/20250821_mem_mito,fish6_24hpf_roi1,,,,,,
20250821_mem_mito,fish6_24hpf_roi2,fish6_24hpf_roi2,fish6_24hpf_roi2,1471,/clusterfs/vast/abcabc/Aang_Foundation/20250821_mem_mito/fish6_24hpf_roi2,aang,Aang_Foundation/20250821_mem_mito,fish6_24hpf_roi2,,,,,,
20250821_mem_mito,fish7_48hpf_roi1,fish7_48hpf_roi1,fish7_48hpf_roi1,1500,/clusterfs/vast/abcabc/Aang_Foundation/20250821_mem_mito/fish7_48hpf_roi1,aang,Aang_Foundation/20250821_mem_mito,fish7_48hpf_roi1,,,,,,
20250821_mem_mito,fish7_48hpf_roi2,fish7_48hpf_roi2,fish7_48hpf_roi2,1500,/clusterfs/vast/abcabc/Aang_Foundation/20250821_mem_mito/fish7_48hpf_roi2,aang,Aang_Foundation/20250821_mem_mito,fish7_48hpf_roi2,,,,,,
20250821_mem_mito,fish8_48hpf_roi1,fish8_48hpf_roi1,fish8_48hpf_roi1,1500,/clusterfs/vast/abcabc/Aang_Foundation/20250821_mem_mito/fish8_48hpf_roi1,aang,Aang_Foundation/20250821_mem_mito,fish8_48hpf_roi1,,,,,,
20250821_mem_mito,fish8_48hpf_roi2,fish8_48hpf_roi2,fish8_48hpf_roi2,1500,/clusterfs/vast/abcabc/Aang_Foundation/20250821_mem_mito/fish8_48hpf_roi2,aang,Aang_Foundation/20250821_mem_mito,fish8_48hpf_roi2,,,,,,
20250821_mem_mito,fish8_48hpf_roi3,fish8_48hpf_roi3,fish8_48hpf_roi3,1500,/clusterfs/vast/abcabc/Aang_Foundation/20250821_mem_mito/fish8_48hpf_roi3,aang,Aang_Foundation/20250821_mem_mito,fish8_48hpf_roi3,,,,,,
20250826_mem_actin,fish1_24hpf_roi1,fish1_24hpf_roi1,fish1_24hpf_roi1,1850,/clusterfs/vast/abcabc/Aang_Foundation/20250826_mem_actin/fish1_24hpf_roi1,aang,Aang_Foundation/20250826_mem_actin,fish1_24hpf_roi1,,,,,,
20250826_mem_actin,fish1_24hpf_roi2,fish1_24hpf_roi2,fish1_24hpf_roi2,1200,/clusterfs/vast/abcabc/Aang_Foundation/20250826_mem_actin/fish1_24hpf_roi2,aang,Aang_Foundation/20250826_mem_actin,fish1_24hpf_roi2,,,,,,
20250826_mem_actin,fish2_24hpf_roi1,fish2_24hpf_roi1,fish2_24hpf_roi1,816,/clusterfs/vast/abcabc/Aang_Foundation/20250826_mem_actin/fish2_24hpf_roi1,aang,Aang_Foundation/20250826_mem_actin,fish2_24hpf_roi1,,,,,,
20250826_mem_actin,fish3_24hpf_roi1,fish3_24hpf_roi1,fish3_24hpf_roi1,816,/clusterfs/vast/abcabc/Aang_Foundation/20250826_mem_actin/fish3_24hpf_roi1,aang,Aang_Foundation/20250826_mem_actin,fish3_24hpf_roi1,,,,,,
20250826_mem_actin,fish3_24hpf_roi2,fish3_24hpf_roi2,fish3_24hpf_roi2,818,/clusterfs/vast/abcabc/Aang_Foundation/20250826_mem_actin/fish3_24hpf_roi2,aang,Aang_Foundation/20250826_mem_actin,fish3_24hpf_roi2,,,,,,
20250826_mem_actin,fish5_24hpf_roi1,fish5_24hpf_roi1,fish5_24hpf_roi1,816,/clusterfs/vast/abcabc/Aang_Foundation/20250826_mem_actin/fish5_24hpf_roi1,aang,Aang_Foundation/20250826_mem_actin,fish5_24hpf_roi1,,,,,,
20250826_mem_actin,fish5_24hpf_roi2,fish5_24hpf_roi2,fish5_24hpf_roi2,816,/clusterfs/vast/abcabc/Aang_Foundation/20250826_mem_actin/fish5_24hpf_roi2,aang,Aang_Foundation/20250826_mem_actin,fish5_24hpf_roi2,,,,,,
20250826_mem_actin,fish6_24hpf_roi1,fish6_24hpf_roi1,fish6_24hpf_roi1,816,/clusterfs/vast/abcabc/Aang_Foundation/20250826_mem_actin/fish6_24hpf_roi1,aang,Aang_Foundation/20250826_mem_actin,fish6_24hpf_roi1,,,,,,
20250827_mem_actin,fish3_48hpf_roi1,fish3_48hpf_roi1,fish3_48hpf_roi1,408,/clusterfs/vast/abcabc/Aang_Foundation/20250827_mem_actin/fish3_48hpf_roi1,aang,Aang_Foundation/20250827_mem_actin,fish3_48hpf_roi1,,,,,,
20250827_mem_actin,fish3_48hpf_roi2,fish3_48hpf_roi2,fish3_48hpf_roi2,408,/clusterfs/vast/abcabc/Aang_Foundation/20250827_mem_actin/fish3_48hpf_roi2,aang,Aang_Foundation/20250827_mem_actin,fish3_48hpf_roi2,,,,,,
20250827_mem_actin,fish5_48hpf_roi1,fish5_48hpf_roi1,fish5_48hpf_roi1,136,/clusterfs/vast/abcabc/Aang_Foundation/20250827_mem_actin/fish5_48hpf_roi1,aang,Aang_Foundation/20250827_mem_actin,fish5_48hpf_roi1,,,,,,
20250827_mem_actin,fish5_48hpf_roi2,fish5_48hpf_roi2,fish5_48hpf_roi2,136,/clusterfs/vast/abcabc/Aang_Foundation/20250827_mem_actin/fish5_48hpf_roi2,aang,Aang_Foundation/20250827_mem_actin,fish5_48hpf_roi2,,,,,,
20250827_mem_actin,fish5_48hpf_roi3,fish5_48hpf_roi3,fish5_48hpf_roi3,136,/clusterfs/vast/abcabc/Aang_Foundation/20250827_mem_actin/fish5_48hpf_roi3,aang,Aang_Foundation/20250827_mem_actin,fish5_48hpf_roi3,,,,,,
20250828_mem_actin,fish1_24hpf_roi1,fish1_24hpf_roi1,fish1_24hpf_roi1,50,/clusterfs/vast/abcabc/Aang_Foundation/20250828_mem_actin/fish1_24hpf_roi1,aang,Aang_Foundation/20250828_mem_actin,fish1_24hpf_roi1,,,,,,
20250828_mem_actin,fish1_24hpf_roi1-2,fish1_24hpf_roi1-2,fish1_24hpf_roi1-2,1476,/clusterfs/vast/abcabc/Aang_Foundation/20250828_mem_actin/fish1_24hpf_roi1-2,aang,Aang_Foundation/20250828_mem_actin,fish1_24hpf_roi1-2,,,,,,
20250828_mem_actin,fish1_24hpf_roi2,fish1_24hpf_roi2,fish1_24hpf_roi2,656,/clusterfs/vast/abcabc/Aang_Foundation/20250828_mem_actin/fish1_24hpf_roi2,aang,Aang_Foundation/20250828_mem_actin,fish1_24hpf_roi2,,,,,,
20250828_mem_actin,fish1_24hpf_roi3,fish1_24hpf_roi3,fish1_24hpf_roi3,656,/clusterfs/vast/abcabc/Aang_Foundation/20250828_mem_actin/fish1_24hpf_roi3,aang,Aang_Foundation/20250828_mem_actin,fish1_24hpf_roi3,,,,,,
20250828_mem_actin,fish2_24hpf_roi1,fish2_24hpf_roi1,fish2_24hpf_roi1,1925,/clusterfs/vast/abcabc/Aang_Foundation/20250828_mem_actin/fish2_24hpf_roi1,aang,Aang_Foundation/20250828_mem_actin,fish2_24hpf_roi1,,,,,,
20250828_mem_actin,fish2_24hpf_roi2,fish2_24hpf_roi2,fish2_24hpf_roi2,1726,/clusterfs/vast/abcabc/Aang_Foundation/20250828_mem_actin/fish2_24hpf_roi2,aang,Aang_Foundation/20250828_mem_actin,fish2_24hpf_roi2,,,,,,
20250828_mem_actin,fish2_24hpf_roi2-2,fish2_24hpf_roi2-2,fish2_24hpf_roi2-2,1968,/clusterfs/vast/abcabc/Aang_Foundation/20250828_mem_actin/fish2_24hpf_roi2-2,aang,Aang_Foundation/20250828_mem_actin,fish2_24hpf_roi2-2,,,,,,
20250828_mem_actin,fish4_24hpf_roi1,fish4_24hpf_roi1,fish4_24hpf_roi1,1968,/clusterfs/vast/abcabc/Aang_Foundation/20250828_mem_actin/fish4_24hpf_roi1,aang,Aang_Foundation/20250828_mem_actin,fish4_24hpf_roi1,,,,,,
20250828_mem_actin,fish4_24hpf_roi2,fish4_24hpf_roi2,fish4_24hpf_roi2,1968,/clusterfs/vast/abcabc/Aang_Foundation/20250828_mem_actin/fish4_24hpf_roi2,aang,Aang_Foundation/20250828_mem_actin,fish4_24hpf_roi2,,,,,,
20250828_mem_actin,fish5_24hpf_roi1,fish5_24hpf_roi1,fish5_24hpf_roi1,656,/clusterfs/vast/abcabc/Aang_Foundation/20250828_mem_actin/fish5_24hpf_roi1,aang,Aang_Foundation/20250828_mem_actin,fish5_24hpf_roi1,,,,,,
20250828_mem_actin,fish5_24hpf_roi2,fish5_24hpf_roi2,fish5_24hpf_roi2,656,/clusterfs/vast/abcabc/Aang_Foundation/20250828_mem_actin/fish5_24hpf_roi2,aang,Aang_Foundation/20250828_mem_actin,fish5_24hpf_roi2,,,,,,
20250828_mem_actin,fish5_24hpf_roi3,fish5_24hpf_roi3,fish5_24hpf_roi3,656,/clusterfs/vast/abcabc/Aang_Foundation/20250828_mem_actin/fish5_24hpf_roi3,aang,Aang_Foundation/20250828_mem_actin,fish5_24hpf_roi3,,,,,,
20250828_mem_actin,fish6_24hpf_roi1,fish6_24hpf_roi1,fish6_24hpf_roi1,1968,/clusterfs/vast/abcabc/Aang_Foundation/20250828_mem_actin/fish6_24hpf_roi1,aang,Aang_Foundation/20250828_mem_actin,fish6_24hpf_roi1,,,,,,
20250828_mem_actin,fish6_24hpf_roi2,fish6_24hpf_roi2,fish6_24hpf_roi2,1968,/clusterfs/vast/abcabc/Aang_Foundation/20250828_mem_actin/fish6_24hpf_roi2,aang,Aang_Foundation/20250828_mem_actin,fish6_24hpf_roi2,,,,,,
20250903_lifeact-mSG,fish1_24hpf_roi1,fish1_24hpf_roi1,fish1_24hpf_roi1,400,/clusterfs/vast/abcabc/Aang_Foundation/20250903_lifeact-mSG/fish1_24hpf_roi1,aang,Aang_Foundation/20250903_lifeact-mSG,fish1_24hpf_roi1,,,,,,
20250903_lifeact-mSG,fish1_24hpf_roi2,fish1_24hpf_roi2,fish1_24hpf_roi2,656,/clusterfs/vast/abcabc/Aang_Foundation/20250903_lifeact-mSG/fish1_24hpf_roi2,aang,Aang_Foundation/20250903_lifeact-mSG,fish1_24hpf_roi2,,,,,,
20250903_lifeact-mSG,fish1_24hpf_roi3,fish1_24hpf_roi3,fish1_24hpf_roi3,82,/clusterfs/vast/abcabc/Aang_Foundation/20250903_lifeact-mSG/fish1_24hpf_roi3,aang,Aang_Foundation/20250903_lifeact-mSG,fish1_24hpf_roi3,,,,,,
20250903_lifeact-mSG,fish1_24hpf_roi3_2,fish1_24hpf_roi3_2,fish1_24hpf_roi3_2,1312,/clusterfs/vast/abcabc/Aang_Foundation/20250903_lifeact-mSG/fish1_24hpf_roi3_2,aang,Aang_Foundation/20250903_lifeact-mSG,fish1_24hpf_roi3_2,,,,,,
20250903_lifeact-mSG,fish2_24hpf_roi1,fish2_24hpf_roi1,fish2_24hpf_roi1,656,/clusterfs/vast/abcabc/Aang_Foundation/20250903_lifeact-mSG/fish2_24hpf_roi1,aang,Aang_Foundation/20250903_lifeact-mSG,fish2_24hpf_roi1,,,,,,
20250903_lifeact-mSG,fish2_24hpf_roi2,fish2_24hpf_roi2,fish2_24hpf_roi2,656,/clusterfs/vast/abcabc/Aang_Foundation/20250903_lifeact-mSG/fish2_24hpf_roi2,aang,Aang_Foundation/20250903_lifeact-mSG,fish2_24hpf_roi2,,,,,,
20250904_lifeact-mSG,fish1_24hpf_roi1,fish1_24hpf_roi1,fish1_24hpf_roi1,656,/clusterfs/vast/abcabc/Aang_Foundation/20250904_lifeact-mSG/fish1_24hpf_roi1,aang,Aang_Foundation/20250904_lifeact-mSG,fish1_24hpf_roi1,,,,,,
20250904_lifeact-mSG,fish1_24hpf_roi2,fish1_24hpf_roi2,fish1_24hpf_roi2,25,/clusterfs/vast/abcabc/Aang_Foundation/20250904_lifeact-mSG/fish1_24hpf_roi2,aang,Aang_Foundation/20250904_lifeact-mSG,fish1_24hpf_roi2,,,,,,
20250904_lifeact-mSG,fish1_24hpf_roi3,fish1_24hpf_roi3,fish1_24hpf_roi3,656,/clusterfs/vast/abcabc/Aang_Foundation/20250904_lifeact-mSG/fish1_24hpf_roi3,aang,Aang_Foundation/20250904_lifeact-mSG,fish1_24hpf_roi3,,,,,,
20250904_lifeact-mSG,fish1_24hpf_roi4,fish1_24hpf_roi4,fish1_24hpf_roi4,656,/clusterfs/vast/abcabc/Aang_Foundation/20250904_lifeact-mSG/fish1_24hpf_roi4,aang,Aang_Foundation/20250904_lifeact-mSG,fish1_24hpf_roi4,,,,,,
20250904_lifeact-mSG,fish1_24hpf_roi5,fish1_24hpf_roi5,fish1_24hpf_roi5,656,/clusterfs/vast/abcabc/Aang_Foundation/20250904_lifeact-mSG/fish1_24hpf_roi5,aang,Aang_Foundation/20250904_lifeact-mSG,fish1_24hpf_roi5,,,,,,
20250905_lifeact-mSG,fish2_72hpf_roi1,fish2_72hpf_roi1,fish2_72hpf_roi1,656,/clusterfs/vast/abcabc/Aang_Foundation/20250905_lifeact-mSG/fish2_72hpf_roi1,aang,Aang_Foundation/20250905_lifeact-mSG,fish2_72hpf_roi1,,,,,,
20250905_lifeact-mSG,fish2_72hpf_roi2,fish2_72hpf_roi2,fish2_72hpf_roi2,257,/clusterfs/vast/abcabc/Aang_Foundation/20250905_lifeact-mSG/fish2_72hpf_roi2,aang,Aang_Foundation/20250905_lifeact-mSG,fish2_72hpf_roi2,,,,,,
20250905_lifeact-mSG,fish2_72hpf_roi3,fish2_72hpf_roi3,fish2_72hpf_roi3,816,/clusterfs/vast/abcabc/Aang_Foundation/20250905_lifeact-mSG/fish2_72hpf_roi3,aang,Aang_Foundation/20250905_lifeact-mSG,fish2_72hpf_roi3,,,,,,
20250905_lifeact-mSG,fish2_72hpf_roi4,fish2_72hpf_roi4,fish2_72hpf_roi4,816,/clusterfs/vast/abcabc/Aang_Foundation/20250905_lifeact-mSG/fish2_72hpf_roi4,aang,Aang_Foundation/20250905_lifeact-mSG,fish2_72hpf_roi4,,,,,,
20250908_mem-mito,fish1_24hpf_roi1,fish1_24hpf_roi1,fish1_24hpf_roi1,332,/clusterfs/vast/abcabc/Aang_Foundation/20250908_mem-mito/fish1_24hpf_roi1,aang,Aang_Foundation/20250908_mem-mito,fish1_24hpf_roi1,,,,,,
20250908_mem-mito,fish1_24hpf_roi2,fish1_24hpf_roi2,fish1_24hpf_roi2,1188,/clusterfs/vast/abcabc/Aang_Foundation/20250908_mem-mito/fish1_24hpf_roi2,aang,Aang_Foundation/20250908_mem-mito,fish1_24hpf_roi2,,,,,,
20250908_mem-mito,fish1_24hpf_roi3,fish1_24hpf_roi3,fish1_24hpf_roi3,450,/clusterfs/vast/abcabc/Aang_Foundation/20250908_mem-mito/fish1_24hpf_roi3,aang,Aang_Foundation/20250908_mem-mito,fish1_24hpf_roi3,,,,,,
20250908_mem-mito,fish1_24hpf_roi4,fish1_24hpf_roi4,fish1_24hpf_roi4,450,/clusterfs/vast/abcabc/Aang_Foundation/20250908_mem-mito/fish1_24hpf_roi4,aang,Aang_Foundation/20250908_mem-mito,fish1_24hpf_roi4,,,,,,
20250908_mem-mito,fish2_24hpf_roi1,fish2_24hpf_roi1,fish2_24hpf_roi1,450,/clusterfs/vast/abcabc/Aang_Foundation/20250908_mem-mito/fish2_24hpf_roi1,aang,Aang_Foundation/20250908_mem-mito,fish2_24hpf_roi1,,,,,,
20250908_mem-mito,fish2_24hpf_roi2,fish2_24hpf_roi2,fish2_24hpf_roi2,300,/clusterfs/vast/abcabc/Aang_Foundation/20250908_mem-mito/fish2_24hpf_roi2,aang,Aang_Foundation/20250908_mem-mito,fish2_24hpf_roi2,,,,,,
20250908_mem-mito,fish2_24hpf_roi3,fish2_24hpf_roi3,fish2_24hpf_roi3,4,/clusterfs/vast/abcabc/Aang_Foundation/20250908_mem-mito/fish2_24hpf_roi3,aang,Aang_Foundation/20250908_mem-mito,fish2_24hpf_roi3,,,,,,
20250908_mem-mito,fish2_72hpf_roi1,fish2_72hpf_roi1,fish2_72hpf_roi1,2000,/clusterfs/vast/abcabc/Aang_Foundation/20250908_mem-mito/fish2_72hpf_roi1,aang,Aang_Foundation/20250908_mem-mito,fish2_72hpf_roi1,,,,,,
20250908_mem-mito,fish2_72hpf_roi2,fish2_72hpf_roi2,fish2_72hpf_roi2,1200,/clusterfs/vast/abcabc/Aang_Foundation/20250908_mem-mito/fish2_72hpf_roi2,aang,Aang_Foundation/20250908_mem-mito,fish2_72hpf_roi2,,,,,,
20250908_mem-mito,fish2_72hpf_roi3,fish2_72hpf_roi3,fish2_72hpf_roi3,1200,/clusterfs/vast/abcabc/Aang_Foundation/20250908_mem-mito/fish2_72hpf_roi3,aang,Aang_Foundation/20250908_mem-mito,fish2_72hpf_roi3,,,,,,
20250908_mem-mito,fish2_72hpf_roi4,fish2_72hpf_roi4,fish2_72hpf_roi4,1200,/clusterfs/vast/abcabc/Aang_Foundation/20250908_mem-mito/fish2_72hpf_roi4,aang,Aang_Foundation/20250908_mem-mito,fish2_72hpf_roi4,,,,,,
20250908_mem-mito,fish2_72hpf_roi5,fish2_72hpf_roi5,fish2_72hpf_roi5,1200,/clusterfs/vast/abcabc/Aang_Foundation/20250908_mem-mito/fish2_72hpf_roi5,aang,Aang_Foundation/20250908_mem-mito,fish2_72hpf_roi5,,,,,,
20250908_mem-mito,fish4_24hpf_roi1,fish4_24hpf_roi1,fish4_24hpf_roi1,300,/clusterfs/vast/abcabc/Aang_Foundation/20250908_mem-mito/fish4_24hpf_roi1,aang,Aang_Foundation/20250908_mem-mito,fish4_24hpf_roi1,,,,,,
20250908_mem-mito,fish4_24hpf_roi2,fish4_24hpf_roi2,fish4_24hpf_roi2,300,/clusterfs/vast/abcabc/Aang_Foundation/20250908_mem-mito/fish4_24hpf_roi2,aang,Aang_Foundation/20250908_mem-mito,fish4_24hpf_roi2,,,,,,
20250908_mem-mito,fish4_24hpf_roi3,fish4_24hpf_roi3,fish4_24hpf_roi3,300,/clusterfs/vast/abcabc/Aang_Foundation/20250908_mem-mito/fish4_24hpf_roi3,aang,Aang_Foundation/20250908_mem-mito,fish4_24hpf_roi3,,,,,,
20250908_mem-mito,fish5_24hpf_roi1,fish5_24hpf_roi1,fish5_24hpf_roi1,300,/clusterfs/vast/abcabc/Aang_Foundation/20250908_mem-mito/fish5_24hpf_roi1,aang,Aang_Foundation/20250908_mem-mito,fish5_24hpf_roi1,,,,,,
20250908_mem-mito,fish5_24hpf_roi2,fish5_24hpf_roi2,fish5_24hpf_roi2,300,/clusterfs/vast/abcabc/Aang_Foundation/20250908_mem-mito/fish5_24hpf_roi2,aang,Aang_Foundation/20250908_mem-mito,fish5_24hpf_roi2,,,,,,
20250908_mem-mito,fish5_24hpf_roi3,fish5_24hpf_roi3,fish5_24hpf_roi3,300,/clusterfs/vast/abcabc/Aang_Foundation/20250908_mem-mito/fish5_24hpf_roi3,aang,Aang_Foundation/20250908_mem-mito,fish5_24hpf_roi3,,,,,,
20250908_mem-mito,fish5_24hpf_roi4,fish5_24hpf_roi4,fish5_24hpf_roi4,300,/clusterfs/vast/abcabc/Aang_Foundation/20250908_mem-mito/fish5_24hpf_roi4,aang,Aang_Foundation/20250908_mem-mito,fish5_24hpf_roi4,,,,,,
20250908_mem-mito,fish6_24hpf_roi1,fish6_24hpf_roi1,fish6_24hpf_roi1,300,/clusterfs/vast/abcabc/Aang_Foundation/20250908_mem-mito/fish6_24hpf_roi1,aang,Aang_Foundation/20250908_mem-mito,fish6_24hpf_roi1,,,,,,
20250908_mem-mito,fish6_24hpf_roi2,fish6_24hpf_roi2,fish6_24hpf_roi2,300,/clusterfs/vast/abcabc/Aang_Foundation/20250908_mem-mito/fish6_24hpf_roi2,aang,Aang_Foundation/20250908_mem-mito,fish6_24hpf_roi2,,,,,,
20250908_mem-mito,fish6_24hpf_roi3,fish6_24hpf_roi3,fish6_24hpf_roi3,300,/clusterfs/vast/abcabc/Aang_Foundation/20250908_mem-mito/fish6_24hpf_roi3,aang,Aang_Foundation/20250908_mem-mito,fish6_24hpf_roi3,,,,,,
20250911_mem-mito,fish1_48hpf_roi1,fish1_48hpf_roi1,fish1_48hpf_roi1,400,/clusterfs/vast/abcabc/Aang_Foundation/20250911_mem-mito/fish1_48hpf_roi1,aang,Aang_Foundation/20250911_mem-mito,fish1_48hpf_roi1,,,,,,
20250911_mem-mito,fish1_48hpf_roi2,fish1_48hpf_roi2,fish1_48hpf_roi2,400,/clusterfs/vast/abcabc/Aang_Foundation/20250911_mem-mito/fish1_48hpf_roi2,aang,Aang_Foundation/20250911_mem-mito,fish1_48hpf_roi2,,,,,,
20250911_mem-mito,fish1_48hpf_roi3,fish1_48hpf_roi3,fish1_48hpf_roi3,400,/clusterfs/vast/abcabc/Aang_Foundation/20250911_mem-mito/fish1_48hpf_roi3,aang,Aang_Foundation/20250911_mem-mito,fish1_48hpf_roi3,,,,,,
20250911_mem-mito,fish1_48hpf_roi4,fish1_48hpf_roi4,fish1_48hpf_roi4,400,/clusterfs/vast/abcabc/Aang_Foundation/20250911_mem-mito/fish1_48hpf_roi4,aang,Aang_Foundation/20250911_mem-mito,fish1_48hpf_roi4,,,,,,
20250911_mem-mito,fish1_48hpf_roi5,fish1_48hpf_roi5,fish1_48hpf_roi5,400,/clusterfs/vast/abcabc/Aang_Foundation/20250911_mem-mito/fish1_48hpf_roi5,aang,Aang_Foundation/20250911_mem-mito,fish1_48hpf_roi5,,,,,,
20250911_mem-mito,fish2_48hpf_roi1,fish2_48hpf_roi1,fish2_48hpf_roi1,400,/clusterfs/vast/abcabc/Aang_Foundation/20250911_mem-mito/fish2_48hpf_roi1,aang,Aang_Foundation/20250911_mem-mito,fish2_48hpf_roi1,,,,,,
20250911_mem-mito,fish2_48hpf_roi2,fish2_48hpf_roi2,fish2_48hpf_roi2,400,/clusterfs/vast/abcabc/Aang_Foundation/20250911_mem-mito/fish2_48hpf_roi2,aang,Aang_Foundation/20250911_mem-mito,fish2_48hpf_roi2,,,,,,
20250911_mem-mito,fish2_48hpf_roi3,fish2_48hpf_roi3,fish2_48hpf_roi3,400,/clusterfs/vast/abcabc/Aang_Foundation/20250911_mem-mito/fish2_48hpf_roi3,aang,Aang_Foundation/20250911_mem-mito,fish2_48hpf_roi3,,,,,,
20250912_mem-mito,fish1_72hpf_roi1,fish1_72hpf_roi1,fish1_72hpf_roi1,400,/clusterfs/vast/abcabc/Aang_Foundation/20250912_mem-mito/fish1_72hpf_roi1,aang,Aang_Foundation/20250912_mem-mito,fish1_72hpf_roi1,,,,,,
20250912_mem-mito,fish1_72hpf_roi2,fish1_72hpf_roi2,fish1_72hpf_roi2,200,/clusterfs/vast/abcabc/Aang_Foundation/20250912_mem-mito/fish1_72hpf_roi2,aang,Aang_Foundation/20250912_mem-mito,fish1_72hpf_roi2,,,,,,
20250912_mem-mito,fish1_72hpf_roi3,fish1_72hpf_roi3,fish1_72hpf_roi3,350,/clusterfs/vast/abcabc/Aang_Foundation/20250912_mem-mito/fish1_72hpf_roi3,aang,Aang_Foundation/20250912_mem-mito,fish1_72hpf_roi3,,,,,,
20250912_mem-mito,fish1_72hpf_roi4,fish1_72hpf_roi4,fish1_72hpf_roi4,350,/clusterfs/vast/abcabc/Aang_Foundation/20250912_mem-mito/fish1_72hpf_roi4,aang,Aang_Foundation/20250912_mem-mito,fish1_72hpf_roi4,,,,,,
20250912_mem-mito,fish2_72hpf_roi1,fish2_72hpf_roi1,fish2_72hpf_roi1,350,/clusterfs/vast/abcabc/Aang_Foundation/20250912_mem-mito/fish2_72hpf_roi1,aang,Aang_Foundation/20250912_mem-mito,fish2_72hpf_roi1,,,,,,
20250912_mem-mito,fish2_72hpf_roi2,fish2_72hpf_roi2,fish2_72hpf_roi2,200,/clusterfs/vast/abcabc/Aang_Foundation/20250912_mem-mito/fish2_72hpf_roi2,aang,Aang_Foundation/20250912_mem-mito,fish2_72hpf_roi2,,,,,,
20250912_mem-mito,fish2_72hpf_roi3,fish2_72hpf_roi3,fish2_72hpf_roi3,400,/clusterfs/vast/abcabc/Aang_Foundation/20250912_mem-mito/fish2_72hpf_roi3,aang,Aang_Foundation/20250912_mem-mito,fish2_72hpf_roi3,,,,,,
20250912_mem-mito,fish2_72hpf_roi4,fish2_72hpf_roi4,fish2_72hpf_roi4,350,/clusterfs/vast/abcabc/Aang_Foundation/20250912_mem-mito/fish2_72hpf_roi4,aang,Aang_Foundation/20250912_mem-mito,fish2_72hpf_roi4,,,,,,
20250912_mem-mito,fish3_72hpf_roi10,fish3_72hpf_roi10,fish3_72hpf_roi10,300,/clusterfs/vast/abcabc/Aang_Foundation/20250912_mem-mito/fish3_72hpf_roi10,aang,Aang_Foundation/20250912_mem-mito,fish3_72hpf_roi10,,,,,,
20250912_mem-mito,fish3_72hpf_roi11,fish3_72hpf_roi11,fish3_72hpf_roi11,400,/clusterfs/vast/abcabc/Aang_Foundation/20250912_mem-mito/fish3_72hpf_roi11,aang,Aang_Foundation/20250912_mem-mito,fish3_72hpf_roi11,,,,,,
20250912_mem-mito,fish3_72hpf_roi12,fish3_72hpf_roi12,fish3_72hpf_roi12,400,/clusterfs/vast/abcabc/Aang_Foundation/20250912_mem-mito/fish3_72hpf_roi12,aang,Aang_Foundation/20250912_mem-mito,fish3_72hpf_roi12,,,,,,
20250912_mem-mito,fish3_72hpf_roi2,fish3_72hpf_roi2,fish3_72hpf_roi2,350,/clusterfs/vast/abcabc/Aang_Foundation/20250912_mem-mito/fish3_72hpf_roi2,aang,Aang_Foundation/20250912_mem-mito,fish3_72hpf_roi2,,,,,,
20250912_mem-mito,fish3_72hpf_roi3,fish3_72hpf_roi3,fish3_72hpf_roi3,400,/clusterfs/vast/abcabc/Aang_Foundation/20250912_mem-mito/fish3_72hpf_roi3,aang,Aang_Foundation/20250912_mem-mito,fish3_72hpf_roi3,,,,,,
20250912_mem-mito,fish3_72hpf_roi4,fish3_72hpf_roi4,fish3_72hpf_roi4,400,/clusterfs/vast/abcabc/Aang_Foundation/20250912_mem-mito/fish3_72hpf_roi4,aang,Aang_Foundation/20250912_mem-mito,fish3_72hpf_roi4,,,,,,
20250912_mem-mito,fish3_72hpf_roi5,fish3_72hpf_roi5,fish3_72hpf_roi5,400,/clusterfs/vast/abcabc/Aang_Foundation/20250912_mem-mito/fish3_72hpf_roi5,aang,Aang_Foundation/20250912_mem-mito,fish3_72hpf_roi5,,,,,,
20250912_mem-mito,fish3_72hpf_roi6,fish3_72hpf_roi6,fish3_72hpf_roi6,400,/clusterfs/vast/abcabc/Aang_Foundation/20250912_mem-mito/fish3_72hpf_roi6,aang,Aang_Foundation/20250912_mem-mito,fish3_72hpf_roi6,,,,,,
20250912_mem-mito,fish3_72hpf_roi7,fish3_72hpf_roi7,fish3_72hpf_roi7,400,/clusterfs/vast/abcabc/Aang_Foundation/20250912_mem-mito/fish3_72hpf_roi7,aang,Aang_Foundation/20250912_mem-mito,fish3_72hpf_roi7,,,,,,
20250912_mem-mito,fish3_72hpf_roi8,fish3_72hpf_roi8,fish3_72hpf_roi8,400,/clusterfs/vast/abcabc/Aang_Foundation/20250912_mem-mito/fish3_72hpf_roi8,aang,Aang_Foundation/20250912_mem-mito,fish3_72hpf_roi8,,,,,,
20250912_mem-mito,fish3_72hpf_roi9,fish3_72hpf_roi9,fish3_72hpf_roi9,350,/clusterfs/vast/abcabc/Aang_Foundation/20250912_mem-mito/fish3_72hpf_roi9,aang,Aang_Foundation/20250912_mem-mito,fish3_72hpf_roi9,,,,,,
20250912_mem-mito,fish4_72hpf_roi1,fish4_72hpf_roi1,fish4_72hpf_roi1,400,/clusterfs/vast/abcabc/Aang_Foundation/20250912_mem-mito/fish4_72hpf_roi1,aang,Aang_Foundation/20250912_mem-mito,fish4_72hpf_roi1,,,,,,
20250912_mem-mito,fish4_72hpf_roi2,fish4_72hpf_roi2,fish4_72hpf_roi2,300,/clusterfs/vast/abcabc/Aang_Foundation/20250912_mem-mito/fish4_72hpf_roi2,aang,Aang_Foundation/20250912_mem-mito,fish4_72hpf_roi2,,,,,,
20250912_mem-mito,fish4_72hpf_roi3,fish4_72hpf_roi3,fish4_72hpf_roi3,200,/clusterfs/vast/abcabc/Aang_Foundation/20250912_mem-mito/fish4_72hpf_roi3,aang,Aang_Foundation/20250912_mem-mito,fish4_72hpf_roi3,,,,,,
20250912_mem-mito,fish4_72hpf_roi4,fish4_72hpf_roi4,fish4_72hpf_roi4,200,/clusterfs/vast/abcabc/Aang_Foundation/20250912_mem-mito/fish4_72hpf_roi4,aang,Aang_Foundation/20250912_mem-mito,fish4_72hpf_roi4,,,,,,
20250912_mem-mito,fish4_72hpf_roi5,fish4_72hpf_roi5,fish4_72hpf_roi5,300,/clusterfs/vast/abcabc/Aang_Foundation/20250912_mem-mito/fish4_72hpf_roi5,aang,Aang_Foundation/20250912_mem-mito,fish4_72hpf_roi5,,,,,,
20250912_mem-mito,fish4_72hpf_roi6,fish4_72hpf_roi6,fish4_72hpf_roi6,350,/clusterfs/vast/abcabc/Aang_Foundation/20250912_mem-mito/fish4_72hpf_roi6,aang,Aang_Foundation/20250912_mem-mito,fish4_72hpf_roi6,,,,,,
20250915_mem-mito,fish1_72hpf_roi1,fish1_72hpf_roi1,fish1_72hpf_roi1,250,/clusterfs/vast/abcabc/Aang_Foundation/20250915_mem-mito/fish1_72hpf_roi1,aang,Aang_Foundation/20250915_mem-mito,fish1_72hpf_roi1,,,,,,
20250915_mem-mito,fish1_72hpf_roi2,fish1_72hpf_roi2,fish1_72hpf_roi2,250,/clusterfs/vast/abcabc/Aang_Foundation/20250915_mem-mito/fish1_72hpf_roi2,aang,Aang_Foundation/20250915_mem-mito,fish1_72hpf_roi2,,,,,,
20250915_mem-mito,fish1_72hpf_roi3,fish1_72hpf_roi3,fish1_72hpf_roi3,200,/clusterfs/vast/abcabc/Aang_Foundation/20250915_mem-mito/fish1_72hpf_roi3,aang,Aang_Foundation/20250915_mem-mito,fish1_72hpf_roi3,,,,,,
20250915_mem-mito,fish1_72hpf_roi4,fish1_72hpf_roi4,fish1_72hpf_roi4,350,/clusterfs/vast/abcabc/Aang_Foundation/20250915_mem-mito/fish1_72hpf_roi4,aang,Aang_Foundation/20250915_mem-mito,fish1_72hpf_roi4,,,,,,
20250915_mem-mito,fish1_72hpf_roi5,fish1_72hpf_roi5,fish1_72hpf_roi5,200,/clusterfs/vast/abcabc/Aang_Foundation/20250915_mem-mito/fish1_72hpf_roi5,aang,Aang_Foundation/20250915_mem-mito,fish1_72hpf_roi5,,,,,,
20250915_mem-mito,fish2_72hpf_roi1,fish2_72hpf_roi1,fish2_72hpf_roi1,350,/clusterfs/vast/abcabc/Aang_Foundation/20250915_mem-mito/fish2_72hpf_roi1,aang,Aang_Foundation/20250915_mem-mito,fish2_72hpf_roi1,,,,,,
20250915_mem-mito,fish2_72hpf_roi2,fish2_72hpf_roi2,fish2_72hpf_roi2,250,/clusterfs/vast/abcabc/Aang_Foundation/20250915_mem-mito/fish2_72hpf_roi2,aang,Aang_Foundation/20250915_mem-mito,fish2_72hpf_roi2,,,,,,
20250915_mem-mito,fish2_72hpf_roi3,fish2_72hpf_roi3,fish2_72hpf_roi3,200,/clusterfs/vast/abcabc/Aang_Foundation/20250915_mem-mito/fish2_72hpf_roi3,aang,Aang_Foundation/20250915_mem-mito,fish2_72hpf_roi3,,,,,,
20250915_mem-mito,fish3_72hpf_roi2,fish3_72hpf_roi2,fish3_72hpf_roi2,400,/clusterfs/vast/abcabc/Aang_Foundation/20250915_mem-mito/fish3_72hpf_roi2,aang,Aang_Foundation/20250915_mem-mito,fish3_72hpf_roi2,,,,,,
20250915_mem-mito,fish3_72hpf_roi3,fish3_72hpf_roi3,fish3_72hpf_roi3,300,/clusterfs/vast/abcabc/Aang_Foundation/20250915_mem-mito/fish3_72hpf_roi3,aang,Aang_Foundation/20250915_mem-mito,fish3_72hpf_roi3,,,,,,
20250915_mem-mito,fish3_72hpf_roi4,fish3_72hpf_roi4,fish3_72hpf_roi4,400,/clusterfs/vast/abcabc/Aang_Foundation/20250915_mem-mito/fish3_72hpf_roi4,aang,Aang_Foundation/20250915_mem-mito,fish3_72hpf_roi4,,,,,,
20250915_mem-mito,fish3_72hpf_roi5,fish3_72hpf_roi5,fish3_72hpf_roi5,250,/clusterfs/vast/abcabc/Aang_Foundation/20250915_mem-mito/fish3_72hpf_roi5,aang,Aang_Foundation/20250915_mem-mito,fish3_72hpf_roi5,,,,,,
20250915_mem-mito,fish3_72hpf_roi6,fish3_72hpf_roi6,fish3_72hpf_roi6,400,/clusterfs/vast/abcabc/Aang_Foundation/20250915_mem-mito/fish3_72hpf_roi6,aang,Aang_Foundation/20250915_mem-mito,fish3_72hpf_roi6,,,,,,
20250915_mem-mito,fish3_72hpf_roi7,fish3_72hpf_roi7,fish3_72hpf_roi7,200,/clusterfs/vast/abcabc/Aang_Foundation/20250915_mem-mito/fish3_72hpf_roi7,aang,Aang_Foundation/20250915_mem-mito,fish3_72hpf_roi7,,,,,,
20250915_mem-mito,fish5_72hpf_roi1,fish5_72hpf_roi1,fish5_72hpf_roi1,200,/clusterfs/vast/abcabc/Aang_Foundation/20250915_mem-mito/fish5_72hpf_roi1,aang,Aang_Foundation/20250915_mem-mito,fish5_72hpf_roi1,,,,,,
20250915_mem-mito,fish5_72hpf_roi2,fish5_72hpf_roi2,fish5_72hpf_roi2,300,/clusterfs/vast/abcabc/Aang_Foundation/20250915_mem-mito/fish5_72hpf_roi2,aang,Aang_Foundation/20250915_mem-mito,fish5_72hpf_roi2,,,,,,
20250915_mem-mito,fish5_72hpf_roi3,fish5_72hpf_roi3,fish5_72hpf_roi3,350,/clusterfs/vast/abcabc/Aang_Foundation/20250915_mem-mito/fish5_72hpf_roi3,aang,Aang_Foundation/20250915_mem-mito,fish5_72hpf_roi3,,,,,,
20250917_mem-mito,fish1_48hpf_roi1,fish1_48hpf_roi1,fish1_48hpf_roi1,300,/clusterfs/vast/abcabc/Aang_Foundation/20250917_mem-mito/fish1_48hpf_roi1,aang,Aang_Foundation/20250917_mem-mito,fish1_48hpf_roi1,,,,,,
20250917_mem-mito,fish1_48hpf_roi2,fish1_48hpf_roi2,fish1_48hpf_roi2,200,/clusterfs/vast/abcabc/Aang_Foundation/20250917_mem-mito/fish1_48hpf_roi2,aang,Aang_Foundation/20250917_mem-mito,fish1_48hpf_roi2,,,,,,
20250917_mem-mito,fish2_48hpf_roi1,fish2_48hpf_roi1,fish2_48hpf_roi1,300,/clusterfs/vast/abcabc/Aang_Foundation/20250917_mem-mito/fish2_48hpf_roi1,aang,Aang_Foundation/20250917_mem-mito,fish2_48hpf_roi1,,,,,,
20250917_mem-mito,fish2_48hpf_roi2,fish2_48hpf_roi2,fish2_48hpf_roi2,250,/clusterfs/vast/abcabc/Aang_Foundation/20250917_mem-mito/fish2_48hpf_roi2,aang,Aang_Foundation/20250917_mem-mito,fish2_48hpf_roi2,,,,,,
20250917_mem-mito,fish3_48hpf_roi1,fish3_48hpf_roi1,fish3_48hpf_roi1,400,/clusterfs/vast/abcabc/Aang_Foundation/20250917_mem-mito/fish3_48hpf_roi1,aang,Aang_Foundation/20250917_mem-mito,fish3_48hpf_roi1,,,,,,
20250917_mem-mito,fish3_48hpf_roi2,fish3_48hpf_roi2,fish3_48hpf_roi2,400,/clusterfs/vast/abcabc/Aang_Foundation/20250917_mem-mito/fish3_48hpf_roi2,aang,Aang_Foundation/20250917_mem-mito,fish3_48hpf_roi2,,,,,,
20250917_mem-mito,fish3_48hpf_roi3,fish3_48hpf_roi3,fish3_48hpf_roi3,350,/clusterfs/vast/abcabc/Aang_Foundation/20250917_mem-mito/fish3_48hpf_roi3,aang,Aang_Foundation/20250917_mem-mito,fish3_48hpf_roi3,,,,,,
20250917_mem-mito,fish3_48hpf_roi4,fish3_48hpf_roi4,fish3_48hpf_roi4,300,/clusterfs/vast/abcabc/Aang_Foundation/20250917_mem-mito/fish3_48hpf_roi4,aang,Aang_Foundation/20250917_mem-mito,fish3_48hpf_roi4,,,,,,
20250917_mem-mito,fish4_48hpf_roi1,fish4_48hpf_roi1,fish4_48hpf_roi1,250,/clusterfs/vast/abcabc/Aang_Foundation/20250917_mem-mito/fish4_48hpf_roi1,aang,Aang_Foundation/20250917_mem-mito,fish4_48hpf_roi1,,,,,,
20250917_mem-mito,fish4_48hpf_roi2,fish4_48hpf_roi2,fish4_48hpf_roi2,250,/clusterfs/vast/abcabc/Aang_Foundation/20250917_mem-mito/fish4_48hpf_roi2,aang,Aang_Foundation/20250917_mem-mito,fish4_48hpf_roi2,,,,,,
20250917_mem-mito,fish4_48hpf_roi3,fish4_48hpf_roi3,fish4_48hpf_roi3,300,/clusterfs/vast/abcabc/Aang_Foundation/20250917_mem-mito/fish4_48hpf_roi3,aang,Aang_Foundation/20250917_mem-mito,fish4_48hpf_roi3,,,,,,
20250917_mem-mito,fish4_48hpf_roi4,fish4_48hpf_roi4,fish4_48hpf_roi4,200,/clusterfs/vast/abcabc/Aang_Foundation/20250917_mem-mito/fish4_48hpf_roi4,aang,Aang_Foundation/20250917_mem-mito,fish4_48hpf_roi4,,,,,,
20250917_mem-mito,fish4_48hpf_roi5,fish4_48hpf_roi5,fish4_48hpf_roi5,400,/clusterfs/vast/abcabc/Aang_Foundation/20250917_mem-mito/fish4_48hpf_roi5,aang,Aang_Foundation/20250917_mem-mito,fish4_48hpf_roi5,,,,,,
20250917_mem-mito,fish4_48hpf_roi6,fish4_48hpf_roi6,fish4_48hpf_roi6,400,/clusterfs/vast/abcabc/Aang_Foundation/20250917_mem-mito/fish4_48hpf_roi6,aang,Aang_Foundation/20250917_mem-mito,fish4_48hpf_roi6,,,,,,
20250917_mem-mito,fish5_48hpf_roi1,fish5_48hpf_roi1,fish5_48hpf_roi1,300,/clusterfs/vast/abcabc/Aang_Foundation/20250917_mem-mito/fish5_48hpf_roi1,aang,Aang_Foundation/20250917_mem-mito,fish5_48hpf_roi1,,,,,,
20250917_mem-mito,fish5_48hpf_roi2,fish5_48hpf_roi2,fish5_48hpf_roi2,150,/clusterfs/vast/abcabc/Aang_Foundation/20250917_mem-mito/fish5_48hpf_roi2,aang,Aang_Foundation/20250917_mem-mito,fish5_48hpf_roi2,,,,,,
20250917_mem-mito,fish5_48hpf_roi3,fish5_48hpf_roi3,fish5_48hpf_roi3,150,/clusterfs/vast/abcabc/Aang_Foundation/20250917_mem-mito/fish5_48hpf_roi3,aang,Aang_Foundation/20250917_mem-mito,fish5_48hpf_roi3,,,,,,
20250917_mem-mito,fish5_48hpf_roi4,fish5_48hpf_roi4,fish5_48hpf_roi4,400,/clusterfs/vast/abcabc/Aang_Foundation/20250917_mem-mito/fish5_48hpf_roi4,aang,Aang_Foundation/20250917_mem-mito,fish5_48hpf_roi4,,,,,,
20250917_mem-mito,fish5_48hpf_roi5,fish5_48hpf_roi5,fish5_48hpf_roi5,200,/clusterfs/vast/abcabc/Aang_Foundation/20250917_mem-mito/fish5_48hpf_roi5,aang,Aang_Foundation/20250917_mem-mito,fish5_48hpf_roi5,,,,,,
20250917_mem-mito,fish6_48hpf_roi1,fish6_48hpf_roi1,fish6_48hpf_roi1,400,/clusterfs/vast/abcabc/Aang_Foundation/20250917_mem-mito/fish6_48hpf_roi1,aang,Aang_Foundation/20250917_mem-mito,fish6_48hpf_roi1,,,,,,
20250917_mem-mito,fish6_48hpf_roi2,fish6_48hpf_roi2,fish6_48hpf_roi2,350,/clusterfs/vast/abcabc/Aang_Foundation/20250917_mem-mito/fish6_48hpf_roi2,aang,Aang_Foundation/20250917_mem-mito,fish6_48hpf_roi2,,,,,,
20250918_mem-mito,fish1_72hpf_roi1,fish1_72hpf_roi1,fish1_72hpf_roi1,400,/clusterfs/vast/abcabc/Aang_Foundation/20250918_mem-mito/fish1_72hpf_roi1,aang,Aang_Foundation/20250918_mem-mito,fish1_72hpf_roi1,,,,,,
20250918_mem-mito,fish1_72hpf_roi2,fish1_72hpf_roi2,fish1_72hpf_roi2,350,/clusterfs/vast/abcabc/Aang_Foundation/20250918_mem-mito/fish1_72hpf_roi2,aang,Aang_Foundation/20250918_mem-mito,fish1_72hpf_roi2,,,,,,
20250918_mem-mito,fish1_72hpf_roi3,fish1_72hpf_roi3,fish1_72hpf_roi3,350,/clusterfs/vast/abcabc/Aang_Foundation/20250918_mem-mito/fish1_72hpf_roi3,aang,Aang_Foundation/20250918_mem-mito,fish1_72hpf_roi3,,,,,,
20250918_mem-mito,fish1_72hpf_roi4,fish1_72hpf_roi4,fish1_72hpf_roi4,250,/clusterfs/vast/abcabc/Aang_Foundation/20250918_mem-mito/fish1_72hpf_roi4,aang,Aang_Foundation/20250918_mem-mito,fish1_72hpf_roi4,,,,,,
20250918_mem-mito,fish1_72hpf_roi5,fish1_72hpf_roi5,fish1_72hpf_roi5,200,/clusterfs/vast/abcabc/Aang_Foundation/20250918_mem-mito/fish1_72hpf_roi5,aang,Aang_Foundation/20250918_mem-mito,fish1_72hpf_roi5,,,,,,
20250918_mem-mito,fish1_72hpf_roi6,fish1_72hpf_roi6,fish1_72hpf_roi6,400,/clusterfs/vast/abcabc/Aang_Foundation/20250918_mem-mito/fish1_72hpf_roi6,aang,Aang_Foundation/20250918_mem-mito,fish1_72hpf_roi6,,,,,,
20250918_mem-mito,fish2_72hpf_roi1,fish2_72hpf_roi1,fish2_72hpf_roi1,350,/clusterfs/vast/abcabc/Aang_Foundation/20250918_mem-mito/fish2_72hpf_roi1,aang,Aang_Foundation/20250918_mem-mito,fish2_72hpf_roi1,,,,,,
20250918_mem-mito,fish2_72hpf_roi2,fish2_72hpf_roi2,fish2_72hpf_roi2,350,/clusterfs/vast/abcabc/Aang_Foundation/20250918_mem-mito/fish2_72hpf_roi2,aang,Aang_Foundation/20250918_mem-mito,fish2_72hpf_roi2,,,,,,
20250918_mem-mito,fish2_72hpf_roi3,fish2_72hpf_roi3,fish2_72hpf_roi3,250,/clusterfs/vast/abcabc/Aang_Foundation/20250918_mem-mito/fish2_72hpf_roi3,aang,Aang_Foundation/20250918_mem-mito,fish2_72hpf_roi3,,,,,,
20250918_mem-mito,fish2_72hpf_roi4,fish2_72hpf_roi4,fish2_72hpf_roi4,300,/clusterfs/vast/abcabc/Aang_Foundation/20250918_mem-mito/fish2_72hpf_roi4,aang,Aang_Foundation/20250918_mem-mito,fish2_72hpf_roi4,,,,,,
20250918_mem-mito,fish3_72hpf_roi10,fish3_72hpf_roi10,fish3_72hpf_roi10,400,/clusterfs/vast/abcabc/Aang_Foundation/20250918_mem-mito/fish3_72hpf_roi10,aang,Aang_Foundation/20250918_mem-mito,fish3_72hpf_roi10,,,,,,
20250918_mem-mito,fish3_72hpf_roi11,fish3_72hpf_roi11,fish3_72hpf_roi11,400,/clusterfs/vast/abcabc/Aang_Foundation/20250918_mem-mito/fish3_72hpf_roi11,aang,Aang_Foundation/20250918_mem-mito,fish3_72hpf_roi11,,,,,,
20250918_mem-mito,fish3_72hpf_roi2,fish3_72hpf_roi2,fish3_72hpf_roi2,200,/clusterfs/vast/abcabc/Aang_Foundation/20250918_mem-mito/fish3_72hpf_roi2,aang,Aang_Foundation/20250918_mem-mito,fish3_72hpf_roi2,,,,,,
20250918_mem-mito,fish3_72hpf_roi3,fish3_72hpf_roi3,fish3_72hpf_roi3,300,/clusterfs/vast/abcabc/Aang_Foundation/20250918_mem-mito/fish3_72hpf_roi3,aang,Aang_Foundation/20250918_mem-mito,fish3_72hpf_roi3,,,,,,
20250918_mem-mito,fish3_72hpf_roi4,fish3_72hpf_roi4,fish3_72hpf_roi4,200,/clusterfs/vast/abcabc/Aang_Foundation/20250918_mem-mito/fish3_72hpf_roi4,aang,Aang_Foundation/20250918_mem-mito,fish3_72hpf_roi4,,,,,,
20250918_mem-mito,fish3_72hpf_roi5,fish3_72hpf_roi5,fish3_72hpf_roi5,400,/clusterfs/vast/abcabc/Aang_Foundation/20250918_mem-mito/fish3_72hpf_roi5,aang,Aang_Foundation/20250918_mem-mito,fish3_72hpf_roi5,,,,,,
20250918_mem-mito,fish3_72hpf_roi6,fish3_72hpf_roi6,fish3_72hpf_roi6,250,/clusterfs/vast/abcabc/Aang_Foundation/20250918_mem-mito/fish3_72hpf_roi6,aang,Aang_Foundation/20250918_mem-mito,fish3_72hpf_roi6,,,,,,
20250918_mem-mito,fish3_72hpf_roi7,fish3_72hpf_roi7,fish3_72hpf_roi7,400,/clusterfs/vast/abcabc/Aang_Foundation/20250918_mem-mito/fish3_72hpf_roi7,aang,Aang_Foundation/20250918_mem-mito,fish3_72hpf_roi7,,,,,,
20250918_mem-mito,fish3_72hpf_roi8,fish3_72hpf_roi8,fish3_72hpf_roi8,350,/clusterfs/vast/abcabc/Aang_Foundation/20250918_mem-mito/fish3_72hpf_roi8,aang,Aang_Foundation/20250918_mem-mito,fish3_72hpf_roi8,,,,,,
20250918_mem-mito,fish3_72hpf_roi9,fish3_72hpf_roi9,fish3_72hpf_roi9,400,/clusterfs/vast/abcabc/Aang_Foundation/20250918_mem-mito/fish3_72hpf_roi9,aang,Aang_Foundation/20250918_mem-mito,fish3_72hpf_roi9,,,,,,
20250918_mem-mito,fish5_72hpf_roi1,fish5_72hpf_roi1,fish5_72hpf_roi1,400,/clusterfs/vast/abcabc/Aang_Foundation/20250918_mem-mito/fish5_72hpf_roi1,aang,Aang_Foundation/20250918_mem-mito,fish5_72hpf_roi1,,,,,,
20250918_mem-mito,fish5_72hpf_roi2,fish5_72hpf_roi2,fish5_72hpf_roi2,300,/clusterfs/vast/abcabc/Aang_Foundation/20250918_mem-mito/fish5_72hpf_roi2,aang,Aang_Foundation/20250918_mem-mito,fish5_72hpf_roi2,,,,,,
20250918_mem-mito,fish5_72hpf_roi3,fish5_72hpf_roi3,fish5_72hpf_roi3,250,/clusterfs/vast/abcabc/Aang_Foundation/20250918_mem-mito/fish5_72hpf_roi3,aang,Aang_Foundation/20250918_mem-mito,fish5_72hpf_roi3,,,,,,
20250918_mem-mito,fish5_72hpf_roi4,fish5_72hpf_roi4,fish5_72hpf_roi4,200,/clusterfs/vast/abcabc/Aang_Foundation/20250918_mem-mito/fish5_72hpf_roi4,aang,Aang_Foundation/20250918_mem-mito,fish5_72hpf_roi4,,,,,,
20250918_mem-mito,fish6_72hpf_roi1,fish6_72hpf_roi1,fish6_72hpf_roi1,400,/clusterfs/vast/abcabc/Aang_Foundation/20250918_mem-mito/fish6_72hpf_roi1,aang,Aang_Foundation/20250918_mem-mito,fish6_72hpf_roi1,,,,,,
20250919_mem-mito,fish1_24hpf_roi1,fish1_24hpf_roi1,fish1_24hpf_roi1,626,/clusterfs/vast/abcabc/Aang_Foundation/20250919_mem-mito/fish1_24hpf_roi1,aang,Aang_Foundation/20250919_mem-mito,fish1_24hpf_roi1,,,,,,
20250919_mem-mito,fish1_24hpf_roi2,fish1_24hpf_roi2,fish1_24hpf_roi2,528,/clusterfs/vast/abcabc/Aang_Foundation/20250919_mem-mito/fish1_24hpf_roi2,aang,Aang_Foundation/20250919_mem-mito,fish1_24hpf_roi2,,,,,,
20250919_mem-mito,fish1_24hpf_roi3,fish1_24hpf_roi3,fish1_24hpf_roi3,462,/clusterfs/vast/abcabc/Aang_Foundation/20250919_mem-mito/fish1_24hpf_roi3,aang,Aang_Foundation/20250919_mem-mito,fish1_24hpf_roi3,,,,,,
20250919_mem-mito,fish2_24hpf_roi1,fish2_24hpf_roi1,fish2_24hpf_roi1,528,/clusterfs/vast/abcabc/Aang_Foundation/20250919_mem-mito/fish2_24hpf_roi1,aang,Aang_Foundation/20250919_mem-mito,fish2_24hpf_roi1,,,,,,
20250919_mem-mito,fish2_24hpf_roi2,fish2_24hpf_roi2,fish2_24hpf_roi2,462,/clusterfs/vast/abcabc/Aang_Foundation/20250919_mem-mito/fish2_24hpf_roi2,aang,Aang_Foundation/20250919_mem-mito,fish2_24hpf_roi2,,,,,,
20250919_mem-mito,fish2_24hpf_roi3,fish2_24hpf_roi3,fish2_24hpf_roi3,528,/clusterfs/vast/abcabc/Aang_Foundation/20250919_mem-mito/fish2_24hpf_roi3,aang,Aang_Foundation/20250919_mem-mito,fish2_24hpf_roi3,,,,,,
20250919_mem-mito,fish4_24hpf_roi1,fish4_24hpf_roi1,fish4_24hpf_roi1,528,/clusterfs/vast/abcabc/Aang_Foundation/20250919_mem-mito/fish4_24hpf_roi1,aang,Aang_Foundation/20250919_mem-mito,fish4_24hpf_roi1,,,,,,
20250919_mem-mito,fish4_24hpf_roi2,fish4_24hpf_roi2,fish4_24hpf_roi2,462,/clusterfs/vast/abcabc/Aang_Foundation/20250919_mem-mito/fish4_24hpf_roi2,aang,Aang_Foundation/20250919_mem-mito,fish4_24hpf_roi2,,,,,,
20250919_mem-mito,fish4_24hpf_roi3,fish4_24hpf_roi3,fish4_24hpf_roi3,330,/clusterfs/vast/abcabc/Aang_Foundation/20250919_mem-mito/fish4_24hpf_roi3,aang,Aang_Foundation/20250919_mem-mito,fish4_24hpf_roi3,,,,,,
20250919_mem-mito,fish5_24hpf_roi1,fish5_24hpf_roi1,fish5_24hpf_roi1,462,/clusterfs/vast/abcabc/Aang_Foundation/20250919_mem-mito/fish5_24hpf_roi1,aang,Aang_Foundation/20250919_mem-mito,fish5_24hpf_roi1,,,,,,
20250919_mem-mito,fish5_24hpf_roi2,fish5_24hpf_roi2,fish5_24hpf_roi2,528,/clusterfs/vast/abcabc/Aang_Foundation/20250919_mem-mito/fish5_24hpf_roi2,aang,Aang_Foundation/20250919_mem-mito,fish5_24hpf_roi2,,,,,,
20250919_mem-mito,fish5_24hpf_roi3,fish5_24hpf_roi3,fish5_24hpf_roi3,330,/clusterfs/vast/abcabc/Aang_Foundation/20250919_mem-mito/fish5_24hpf_roi3,aang,Aang_Foundation/20250919_mem-mito,fish5_24hpf_roi3,,,,,,
20250919_mem-mito,fish5_24hpf_roi4,fish5_24hpf_roi4,fish5_24hpf_roi4,330,/clusterfs/vast/abcabc/Aang_Foundation/20250919_mem-mito/fish5_24hpf_roi4,aang,Aang_Foundation/20250919_mem-mito,fish5_24hpf_roi4,,,,,,
20250919_mem-mito,fish7_24hpf_roi1,fish7_24hpf_roi1,fish7_24hpf_roi1,528,/clusterfs/vast/abcabc/Aang_Foundation/20250919_mem-mito/fish7_24hpf_roi1,aang,Aang_Foundation/20250919_mem-mito,fish7_24hpf_roi1,,,,,,
20250919_mem-mito,fish7_24hpf_roi2,fish7_24hpf_roi2,fish7_24hpf_roi2,462,/clusterfs/vast/abcabc/Aang_Foundation/20250919_mem-mito/fish7_24hpf_roi2,aang,Aang_Foundation/20250919_mem-mito,fish7_24hpf_roi2,,,,,,
20250919_mem-mito,fish7_24hpf_roi3,fish7_24hpf_roi3,fish7_24hpf_roi3,528,/clusterfs/vast/abcabc/Aang_Foundation/20250919_mem-mito/fish7_24hpf_roi3,aang,Aang_Foundation/20250919_mem-mito,fish7_24hpf_roi3,,,,,,
20250919_mem-mito,fish7_24hpf_roi4,fish7_24hpf_roi4,fish7_24hpf_roi4,330,/clusterfs/vast/abcabc/Aang_Foundation/20250919_mem-mito/fish7_24hpf_roi4,aang,Aang_Foundation/20250919_mem-mito,fish7_24hpf_roi4,,,,,,
20250919_mem-mito,fish7_24hpf_roi5,fish7_24hpf_roi5,fish7_24hpf_roi5,264,/clusterfs/vast/abcabc/Aang_Foundation/20250919_mem-mito/fish7_24hpf_roi5,aang,Aang_Foundation/20250919_mem-mito,fish7_24hpf_roi5,,,,,,
20250919_mem-mito,fish8_24hpf_roi1,fish8_24hpf_roi1,fish8_24hpf_roi1,462,/clusterfs/vast/abcabc/Aang_Foundation/20250919_mem-mito/fish8_24hpf_roi1,aang,Aang_Foundation/20250919_mem-mito,fish8_24hpf_roi1,,,,,,
20250919_mem-mito,fish8_24hpf_roi2,fish8_24hpf_roi2,fish8_24hpf_roi2,462,/clusterfs/vast/abcabc/Aang_Foundation/20250919_mem-mito/fish8_24hpf_roi2,aang,Aang_Foundation/20250919_mem-mito,fish8_24hpf_roi2,,,,,,
20250919_mem-mito,fish8_24hpf_roi3,fish8_24hpf_roi3,fish8_24hpf_roi3,330,/clusterfs/vast/abcabc/Aang_Foundation/20250919_mem-mito/fish8_24hpf_roi3,aang,Aang_Foundation/20250919_mem-mito,fish8_24hpf_roi3,,,,,,
20250919_mem-mito,fish8_24hpf_roi4,fish8_24hpf_roi4,fish8_24hpf_roi4,330,/clusterfs/vast/abcabc/Aang_Foundation/20250919_mem-mito/fish8_24hpf_roi4,aang,Aang_Foundation/20250919_mem-mito,fish8_24hpf_roi4,,,,,,
20250919_mem-mito,fish8_24hpf_roi5,fish8_24hpf_roi5,fish8_24hpf_roi5,396,/clusterfs/vast/abcabc/Aang_Foundation/20250919_mem-mito/fish8_24hpf_roi5,aang,Aang_Foundation/20250919_mem-mito,fish8_24hpf_roi5,,,,,,
20250922_mem-mito,fish1_72hpf_roi1,fish1_72hpf_roi1,fish1_72hpf_roi1,400,/clusterfs/vast/abcabc/Aang_Foundation/20250922_mem-mito/fish1_72hpf_roi1,aang,Aang_Foundation/20250922_mem-mito,fish1_72hpf_roi1,,,,,,
20250922_mem-mito,fish1_72hpf_roi2,fish1_72hpf_roi2,fish1_72hpf_roi2,400,/clusterfs/vast/abcabc/Aang_Foundation/20250922_mem-mito/fish1_72hpf_roi2,aang,Aang_Foundation/20250922_mem-mito,fish1_72hpf_roi2,,,,,,
20250922_mem-mito,fish1_72hpf_roi3,fish1_72hpf_roi3,fish1_72hpf_roi3,400,/clusterfs/vast/abcabc/Aang_Foundation/20250922_mem-mito/fish1_72hpf_roi3,aang,Aang_Foundation/20250922_mem-mito,fish1_72hpf_roi3,,,,,,
20250922_mem-mito,fish1_72hpf_roi4,fish1_72hpf_roi4,fish1_72hpf_roi4,400,/clusterfs/vast/abcabc/Aang_Foundation/20250922_mem-mito/fish1_72hpf_roi4,aang,Aang_Foundation/20250922_mem-mito,fish1_72hpf_roi4,,,,,,
20250922_mem-mito,fish1_72hpf_roi5,fish1_72hpf_roi5,fish1_72hpf_roi5,100,/clusterfs/vast/abcabc/Aang_Foundation/20250922_mem-mito/fish1_72hpf_roi5,aang,Aang_Foundation/20250922_mem-mito,fish1_72hpf_roi5,,,,,,
20250922_mem-mito,fish1_72hpf_roi6,fish1_72hpf_roi6,fish1_72hpf_roi6,400,/clusterfs/vast/abcabc/Aang_Foundation/20250922_mem-mito/fish1_72hpf_roi6,aang,Aang_Foundation/20250922_mem-mito,fish1_72hpf_roi6,,,,,,
20250922_mem-mito,fish1_72hpf_roi7,fish1_72hpf_roi7,fish1_72hpf_roi7,400,/clusterfs/vast/abcabc/Aang_Foundation/20250922_mem-mito/fish1_72hpf_roi7,aang,Aang_Foundation/20250922_mem-mito,fish1_72hpf_roi7,,,,,,
20250922_mem-mito,fish1_72hpf_roi8,fish1_72hpf_roi8,fish1_72hpf_roi8,400,/clusterfs/vast/abcabc/Aang_Foundation/20250922_mem-mito/fish1_72hpf_roi8,aang,Aang_Foundation/20250922_mem-mito,fish1_72hpf_roi8,,,,,,
20250922_mem-mito,fish2_72hpf_roi1,fish2_72hpf_roi1,fish2_72hpf_roi1,400,/clusterfs/vast/abcabc/Aang_Foundation/20250922_mem-mito/fish2_72hpf_roi1,aang,Aang_Foundation/20250922_mem-mito,fish2_72hpf_roi1,,,,,,
20250922_mem-mito,fish2_72hpf_roi2,fish2_72hpf_roi2,fish2_72hpf_roi2,400,/clusterfs/vast/abcabc/Aang_Foundation/20250922_mem-mito/fish2_72hpf_roi2,aang,Aang_Foundation/20250922_mem-mito,fish2_72hpf_roi2,,,,,,
20250922_mem-mito,fish2_72hpf_roi3,fish2_72hpf_roi3,fish2_72hpf_roi3,400,/clusterfs/vast/abcabc/Aang_Foundation/20250922_mem-mito/fish2_72hpf_roi3,aang,Aang_Foundation/20250922_mem-mito,fish2_72hpf_roi3,,,,,,
20250922_mem-mito,fish2_72hpf_roi4,fish2_72hpf_roi4,fish2_72hpf_roi4,400,/clusterfs/vast/abcabc/Aang_Foundation/20250922_mem-mito/fish2_72hpf_roi4,aang,Aang_Foundation/20250922_mem-mito,fish2_72hpf_roi4,,,,,,
20250922_mem-mito,fish4_72hpf_roi1,fish4_72hpf_roi1,fish4_72hpf_roi1,400,/clusterfs/vast/abcabc/Aang_Foundation/20250922_mem-mito/fish4_72hpf_roi1,aang,Aang_Foundation/20250922_mem-mito,fish4_72hpf_roi1,,,,,,
20250922_mem-mito,fish5_72hpf_roi1,fish5_72hpf_roi1,fish5_72hpf_roi1,400,/clusterfs/vast/abcabc/Aang_Foundation/20250922_mem-mito/fish5_72hpf_roi1,aang,Aang_Foundation/20250922_mem-mito,fish5_72hpf_roi1,,,,,,
20250922_mem-mito,fish5_72hpf_roi2,fish5_72hpf_roi2,fish5_72hpf_roi2,400,/clusterfs/vast/abcabc/Aang_Foundation/20250922_mem-mito/fish5_72hpf_roi2,aang,Aang_Foundation/20250922_mem-mito,fish5_72hpf_roi2,,,,,,
20250922_mem-mito,fish5_72hpf_roi3,fish5_72hpf_roi3,fish5_72hpf_roi3,400,/clusterfs/vast/abcabc/Aang_Foundation/20250922_mem-mito/fish5_72hpf_roi3,aang,Aang_Foundation/20250922_mem-mito,fish5_72hpf_roi3,,,,,,
20250922_mem-mito,fish5_72hpf_roi4,fish5_72hpf_roi4,fish5_72hpf_roi4,400,/clusterfs/vast/abcabc/Aang_Foundation/20250922_mem-mito/fish5_72hpf_roi4,aang,Aang_Foundation/20250922_mem-mito,fish5_72hpf_roi4,,,,,,
20250924_mem-mito,fish1_24hpf_roi1,fish1_24hpf_roi1,fish1_24hpf_roi1,528,/clusterfs/vast/abcabc/Aang_Foundation/20250924_mem-mito/fish1_24hpf_roi1,aang,Aang_Foundation/20250924_mem-mito,fish1_24hpf_roi1,,,,,,
20250924_mem-mito,fish1_24hpf_roi2,fish1_24hpf_roi2,fish1_24hpf_roi2,528,/clusterfs/vast/abcabc/Aang_Foundation/20250924_mem-mito/fish1_24hpf_roi2,aang,Aang_Foundation/20250924_mem-mito,fish1_24hpf_roi2,,,,,,
20250924_mem-mito,fish1_24hpf_roi3,fish1_24hpf_roi3,fish1_24hpf_roi3,528,/clusterfs/vast/abcabc/Aang_Foundation/20250924_mem-mito/fish1_24hpf_roi3,aang,Aang_Foundation/20250924_mem-mito,fish1_24hpf_roi3,,,,,,
20250924_mem-mito,fish1_24hpf_roi4,fish1_24hpf_roi4,fish1_24hpf_roi4,400,/clusterfs/vast/abcabc/Aang_Foundation/20250924_mem-mito/fish1_24hpf_roi4,aang,Aang_Foundation/20250924_mem-mito,fish1_24hpf_roi4,,,,,,
20250924_mem-mito,fish1_24hpf_roi5,fish1_24hpf_roi5,fish1_24hpf_roi5,1,/clusterfs/vast/abcabc/Aang_Foundation/20250924_mem-mito/fish1_24hpf_roi5,aang,Aang_Foundation/20250924_mem-mito,fish1_24hpf_roi5,,,,,,
20250924_mem-mito,fish1_24hpf_roi6,fish1_24hpf_roi6,fish1_24hpf_roi6,12,/clusterfs/vast/abcabc/Aang_Foundation/20250924_mem-mito/fish1_24hpf_roi6,aang,Aang_Foundation/20250924_mem-mito,fish1_24hpf_roi6,,,,,,
20250924_mem-mito,fish2_24hpf_roi1,fish2_24hpf_roi1,fish2_24hpf_roi1,400,/clusterfs/vast/abcabc/Aang_Foundation/20250924_mem-mito/fish2_24hpf_roi1,aang,Aang_Foundation/20250924_mem-mito,fish2_24hpf_roi1,,,,,,
20250924_mem-mito,fish2_24hpf_roi2,fish2_24hpf_roi2,fish2_24hpf_roi2,400,/clusterfs/vast/abcabc/Aang_Foundation/20250924_mem-mito/fish2_24hpf_roi2,aang,Aang_Foundation/20250924_mem-mito,fish2_24hpf_roi2,,,,,,
20250924_mem-mito,fish3_24hpf_roi1,fish3_24hpf_roi1,fish3_24hpf_roi1,800,/clusterfs/vast/abcabc/Aang_Foundation/20250924_mem-mito/fish3_24hpf_roi1,aang,Aang_Foundation/20250924_mem-mito,fish3_24hpf_roi1,,,,,,
20250924_mem-mito,fish3_24hpf_roi1_test,fish3_24hpf_roi1_test,fish3_24hpf_roi1_test,4,/clusterfs/vast/abcabc/Aang_Foundation/20250924_mem-mito/fish3_24hpf_roi1_test,aang,Aang_Foundation/20250924_mem-mito,fish3_24hpf_roi1_test,,,,,,
20250924_mem-mito,fish3_24hpf_roi3,fish3_24hpf_roi3,fish3_24hpf_roi3,400,/clusterfs/vast/abcabc/Aang_Foundation/20250924_mem-mito/fish3_24hpf_roi3,aang,Aang_Foundation/20250924_mem-mito,fish3_24hpf_roi3,,,,,,
20250924_mem-mito,fish3_24hpf_roi4,fish3_24hpf_roi4,fish3_24hpf_roi4,400,/clusterfs/vast/abcabc/Aang_Foundation/20250924_mem-mito/fish3_24hpf_roi4,aang,Aang_Foundation/20250924_mem-mito,fish3_24hpf_roi4,,,,,,
20250924_mem-mito,fish3_24hpf_roi5,fish3_24hpf_roi5,fish3_24hpf_roi5,400,/clusterfs/vast/abcabc/Aang_Foundation/20250924_mem-mito/fish3_24hpf_roi5,aang,Aang_Foundation/20250924_mem-mito,fish3_24hpf_roi5,,,,,,
20250924_mem-mito,fish3_24hpf_roi6,fish3_24hpf_roi6,fish3_24hpf_roi6,400,/clusterfs/vast/abcabc/Aang_Foundation/20250924_mem-mito/fish3_24hpf_roi6,aang,Aang_Foundation/20250924_mem-mito,fish3_24hpf_roi6,,,,,,
20250924_mem-mito,fish3_24hpf_roi7,fish3_24hpf_roi7,fish3_24hpf_roi7,400,/clusterfs/vast/abcabc/Aang_Foundation/20250924_mem-mito/fish3_24hpf_roi7,aang,Aang_Foundation/20250924_mem-mito,fish3_24hpf_roi7,,,,,,
20250924_mem-mito,fish4_24hpf_roi1,fish4_24hpf_roi1,fish4_24hpf_roi1,400,/clusterfs/vast/abcabc/Aang_Foundation/20250924_mem-mito/fish4_24hpf_roi1,aang,Aang_Foundation/20250924_mem-mito,fish4_24hpf_roi1,,,,,,
20250924_mem-mito,fish4_24hpf_roi2,fish4_24hpf_roi2,fish4_24hpf_roi2,400,/clusterfs/vast/abcabc/Aang_Foundation/20250924_mem-mito/fish4_24hpf_roi2,aang,Aang_Foundation/20250924_mem-mito,fish4_24hpf_roi2,,,,,,
20250924_mem-mito,fish4_24hpf_roi3,fish4_24hpf_roi3,fish4_24hpf_roi3,458,/clusterfs/vast/abcabc/Aang_Foundation/20250924_mem-mito/fish4_24hpf_roi3,aang,Aang_Foundation/20250924_mem-mito,fish4_24hpf_roi3,,,,,,
20250925_mem-mito,fish1_48hpf_roi1,fish1_48hpf_roi1,fish1_48hpf_roi1,600,/clusterfs/vast/abcabc/Aang_Foundation/20250925_mem-mito/fish1_48hpf_roi1,aang,Aang_Foundation/20250925_mem-mito,fish1_48hpf_roi1,,,,,,
20250925_mem-mito,fish1_48hpf_roi2,fish1_48hpf_roi2,fish1_48hpf_roi2,600,/clusterfs/vast/abcabc/Aang_Foundation/20250925_mem-mito/fish1_48hpf_roi2,aang,Aang_Foundation/20250925_mem-mito,fish1_48hpf_roi2,,,,,,
20250925_mem-mito,fish1_48hpf_roi3,fish1_48hpf_roi3,fish1_48hpf_roi3,600,/clusterfs/vast/abcabc/Aang_Foundation/20250925_mem-mito/fish1_48hpf_roi3,aang,Aang_Foundation/20250925_mem-mito,fish1_48hpf_roi3,,,,,,
20250925_mem-mito,fish3_48hpf_roi1,fish3_48hpf_roi1,fish3_48hpf_roi1,600,/clusterfs/vast/abcabc/Aang_Foundation/20250925_mem-mito/fish3_48hpf_roi1,aang,Aang_Foundation/20250925_mem-mito,fish3_48hpf_roi1,,,,,,
20250925_mem-mito,fish3_48hpf_roi2,fish3_48hpf_roi2,fish3_48hpf_roi2,600,/clusterfs/vast/abcabc/Aang_Foundation/20250925_mem-mito/fish3_48hpf_roi2,aang,Aang_Foundation/20250925_mem-mito,fish3_48hpf_roi2,,,,,,
20250925_mem-mito,fish3_48hpf_roi3,fish3_48hpf_roi3,fish3_48hpf_roi3,600,/clusterfs/vast/abcabc/Aang_Foundation/20250925_mem-mito/fish3_48hpf_roi3,aang,Aang_Foundation/20250925_mem-mito,fish3_48hpf_roi3,,,,,,
20250925_mem-mito,fish3_48hpf_roi4,fish3_48hpf_roi4,fish3_48hpf_roi4,600,/clusterfs/vast/abcabc/Aang_Foundation/20250925_mem-mito/fish3_48hpf_roi4,aang,Aang_Foundation/20250925_mem-mito,fish3_48hpf_roi4,,,,,,
20250926_mem-mito,fish1_48hpf_roi1,fish1_48hpf_roi1,fish1_48hpf_roi1,335,/clusterfs/vast/abcabc/Aang_Foundation/20250926_mem-mito/fish1_48hpf_roi1,aang,Aang_Foundation/20250926_mem-mito,fish1_48hpf_roi1,,,,,,
20250926_mem-mito,fish1_48hpf_roi2,fish1_48hpf_roi2,fish1_48hpf_roi2,600,/clusterfs/vast/abcabc/Aang_Foundation/20250926_mem-mito/fish1_48hpf_roi2,aang,Aang_Foundation/20250926_mem-mito,fish1_48hpf_roi2,,,,,,
20250926_mem-mito,fish1_48hpf_roi3,fish1_48hpf_roi3,fish1_48hpf_roi3,600,/clusterfs/vast/abcabc/Aang_Foundation/20250926_mem-mito/fish1_48hpf_roi3,aang,Aang_Foundation/20250926_mem-mito,fish1_48hpf_roi3,,,,,,
20250926_mem-mito,fish1_48hpf_roi4,fish1_48hpf_roi4,fish1_48hpf_roi4,600,/clusterfs/vast/abcabc/Aang_Foundation/20250926_mem-mito/fish1_48hpf_roi4,aang,Aang_Foundation/20250926_mem-mito,fish1_48hpf_roi4,,,,,,
20250926_mem-mito,fish2_48hpf_roi1,fish2_48hpf_roi1,fish2_48hpf_roi1,600,/clusterfs/vast/abcabc/Aang_Foundation/20250926_mem-mito/fish2_48hpf_roi1,aang,Aang_Foundation/20250926_mem-mito,fish2_48hpf_roi1,,,,,,
20250926_mem-mito,fish2_48hpf_roi2,fish2_48hpf_roi2,fish2_48hpf_roi2,600,/clusterfs/vast/abcabc/Aang_Foundation/20250926_mem-mito/fish2_48hpf_roi2,aang,Aang_Foundation/20250926_mem-mito,fish2_48hpf_roi2,,,,,,
20250926_mem-mito,fish2_48hpf_roi3,fish2_48hpf_roi3,fish2_48hpf_roi3,600,/clusterfs/vast/abcabc/Aang_Foundation/20250926_mem-mito/fish2_48hpf_roi3,aang,Aang_Foundation/20250926_mem-mito,fish2_48hpf_roi3,,,,,,
20250926_mem-mito,fish2_48hpf_roi4,fish2_48hpf_roi4,fish2_48hpf_roi4,407,/clusterfs/vast/abcabc/Aang_Foundation/20250926_mem-mito/fish2_48hpf_roi4,aang,Aang_Foundation/20250926_mem-mito,fish2_48hpf_roi4,,,,,,
20250926_mem-mito,fish3_48hpf_roi1,fish3_48hpf_roi1,fish3_48hpf_roi1,600,/clusterfs/vast/abcabc/Aang_Foundation/20250926_mem-mito/fish3_48hpf_roi1,aang,Aang_Foundation/20250926_mem-mito,fish3_48hpf_roi1,,,,,,
20250926_mem-mito,fish3_48hpf_roi2,fish3_48hpf_roi2,fish3_48hpf_roi2,600,/clusterfs/vast/abcabc/Aang_Foundation/20250926_mem-mito/fish3_48hpf_roi2,aang,Aang_Foundation/20250926_mem-mito,fish3_48hpf_roi2,,,,,,
20250926_mem-mito,fish3_48hpf_roi3,fish3_48hpf_roi3,fish3_48hpf_roi3,600,/clusterfs/vast/abcabc/Aang_Foundation/20250926_mem-mito/fish3_48hpf_roi3,aang,Aang_Foundation/20250926_mem-mito,fish3_48hpf_roi3,,,,,,
20250926_mem-mito,fish3_48hpf_roi4,fish3_48hpf_roi4,fish3_48hpf_roi4,600,/clusterfs/vast/abcabc/Aang_Foundation/20250926_mem-mito/fish3_48hpf_roi4,aang,Aang_Foundation/20250926_mem-mito,fish3_48hpf_roi4,,,,,,
20250926_mem-mito,fish_48hpf_roi1,fish_48hpf_roi1,fish_48hpf_roi1,600,/clusterfs/vast/abcabc/Aang_Foundation/20250926_mem-mito/fish_48hpf_roi1,aang,Aang_Foundation/20250926_mem-mito,fish_48hpf_roi1,,,,,,
20250926_mem-mito,fish_48hpf_roi2,fish_48hpf_roi2,fish_48hpf_roi2,600,/clusterfs/vast/abcabc/Aang_Foundation/20250926_mem-mito/fish_48hpf_roi2,aang,Aang_Foundation/20250926_mem-mito,fish_48hpf_roi2,,,,,,
20250926_mem-mito,fish_48hpf_roi3,fish_48hpf_roi3,fish_48hpf_roi3,600,/clusterfs/vast/abcabc/Aang_Foundation/20250926_mem-mito/fish_48hpf_roi3,aang,Aang_Foundation/20250926_mem-mito,fish_48hpf_roi3,,,,,,
20250926_mem-mito,fish_48hpf_roi4,fish_48hpf_roi4,fish_48hpf_roi4,600,/clusterfs/vast/abcabc/Aang_Foundation/20250926_mem-mito/fish_48hpf_roi4,aang,Aang_Foundation/20250926_mem-mito,fish_48hpf_roi4,,,,,,
20251001_mem-histone,fish1_24hpf_roi1,fish1_24hpf_roi1,fish1_24hpf_roi1,2340,/clusterfs/vast/abcabc/Aang_Foundation/20251001_mem-histone/fish1_24hpf_roi1,aang,Aang_Foundation/20251001_mem-histone,fish1_24hpf_roi1,,,,,,
20251001_mem-histone,fish1_24hpf_roi2,fish1_24hpf_roi2,fish1_24hpf_roi2,1920,/clusterfs/vast/abcabc/Aang_Foundation/20251001_mem-histone/fish1_24hpf_roi2,aang,Aang_Foundation/20251001_mem-histone,fish1_24hpf_roi2,,,,,,
20251001_mem-histone,fish2_24hpf_roi1,fish2_24hpf_roi1,fish2_24hpf_roi1,1920,/clusterfs/vast/abcabc/Aang_Foundation/20251001_mem-histone/fish2_24hpf_roi1,aang,Aang_Foundation/20251001_mem-histone,fish2_24hpf_roi1,,,,,,
20251001_mem-histone,fish2_24hpf_roi2,fish2_24hpf_roi2,fish2_24hpf_roi2,1920,/clusterfs/vast/abcabc/Aang_Foundation/20251001_mem-histone/fish2_24hpf_roi2,aang,Aang_Foundation/20251001_mem-histone,fish2_24hpf_roi2,,,,,,
20251001_mem-histone,fish2_24hpf_roi3,fish2_24hpf_roi3,fish2_24hpf_roi3,1920,/clusterfs/vast/abcabc/Aang_Foundation/20251001_mem-histone/fish2_24hpf_roi3,aang,Aang_Foundation/20251001_mem-histone,fish2_24hpf_roi3,,,,,,
20251001_mem-histone,fish4_24hpf_roi1,fish4_24hpf_roi1,fish4_24hpf_roi1,1920,/clusterfs/vast/abcabc/Aang_Foundation/20251001_mem-histone/fish4_24hpf_roi1,aang,Aang_Foundation/20251001_mem-histone,fish4_24hpf_roi1,,,,,,
20251001_mem-histone,fish4_24hpf_roi2,fish4_24hpf_roi2,fish4_24hpf_roi2,1920,/clusterfs/vast/abcabc/Aang_Foundation/20251001_mem-histone/fish4_24hpf_roi2,aang,Aang_Foundation/20251001_mem-histone,fish4_24hpf_roi2,,,,,,
20251001_mem-histone,fish5_24hpf_roi1,fish5_24hpf_roi1,fish5_24hpf_roi1,1920,/clusterfs/vast/abcabc/Aang_Foundation/20251001_mem-histone/fish5_24hpf_roi1,aang,Aang_Foundation/20251001_mem-histone,fish5_24hpf_roi1,,,,,,
20251001_mem-histone,fish5_24hpf_roi2,fish5_24hpf_roi2,fish5_24hpf_roi2,1920,/clusterfs/vast/abcabc/Aang_Foundation/20251001_mem-histone/fish5_24hpf_roi2,aang,Aang_Foundation/20251001_mem-histone,fish5_24hpf_roi2,,,,,,
20251001_mem-histone,fish5_24hpf_roi3,fish5_24hpf_roi3,fish5_24hpf_roi3,1920,/clusterfs/vast/abcabc/Aang_Foundation/20251001_mem-histone/fish5_24hpf_roi3,aang,Aang_Foundation/20251001_mem-histone,fish5_24hpf_roi3,,,,,,
20251001_mem-histone,fish5_24hpf_roi4,fish5_24hpf_roi4,fish5_24hpf_roi4,1920,/clusterfs/vast/abcabc/Aang_Foundation/20251001_mem-histone/fish5_24hpf_roi4,aang,Aang_Foundation/20251001_mem-histone,fish5_24hpf_roi4,,,,,,
20251002_mem_mito,fish10_24hpf_roi1,fish10_24hpf_roi1,fish10_24hpf_roi1,272,/clusterfs/vast/abcabc/Aang_Foundation/20251002_mem_mito/fish10_24hpf_roi1,aang,Aang_Foundation/20251002_mem_mito,fish10_24hpf_roi1,,,,,,
20251002_mem_mito,fish10_24hpf_roi2,fish10_24hpf_roi2,fish10_24hpf_roi2,272,/clusterfs/vast/abcabc/Aang_Foundation/20251002_mem_mito/fish10_24hpf_roi2,aang,Aang_Foundation/20251002_mem_mito,fish10_24hpf_roi2,,,,,,
20251002_mem_mito,fish11_24hpf_roi1,fish11_24hpf_roi1,fish11_24hpf_roi1,400,/clusterfs/vast/abcabc/Aang_Foundation/20251002_mem_mito/fish11_24hpf_roi1,aang,Aang_Foundation/20251002_mem_mito,fish11_24hpf_roi1,,,,,,
20251002_mem_mito,fish11_24hpf_roi2,fish11_24hpf_roi2,fish11_24hpf_roi2,400,/clusterfs/vast/abcabc/Aang_Foundation/20251002_mem_mito/fish11_24hpf_roi2,aang,Aang_Foundation/20251002_mem_mito,fish11_24hpf_roi2,,,,,,
20251002_mem_mito,fish11_24hpf_roi3,fish11_24hpf_roi3,fish11_24hpf_roi3,400,/clusterfs/vast/abcabc/Aang_Foundation/20251002_mem_mito/fish11_24hpf_roi3,aang,Aang_Foundation/20251002_mem_mito,fish11_24hpf_roi3,,,,,,
20251002_mem_mito,fish12_24hpf_roi1,fish12_24hpf_roi1,fish12_24hpf_roi1,400,/clusterfs/vast/abcabc/Aang_Foundation/20251002_mem_mito/fish12_24hpf_roi1,aang,Aang_Foundation/20251002_mem_mito,fish12_24hpf_roi1,,,,,,
20251002_mem_mito,fish12_24hpf_roi2,fish12_24hpf_roi2,fish12_24hpf_roi2,400,/clusterfs/vast/abcabc/Aang_Foundation/20251002_mem_mito/fish12_24hpf_roi2,aang,Aang_Foundation/20251002_mem_mito,fish12_24hpf_roi2,,,,,,
20251002_mem_mito,fish12_24hpf_roi3,fish12_24hpf_roi3,fish12_24hpf_roi3,400,/clusterfs/vast/abcabc/Aang_Foundation/20251002_mem_mito/fish12_24hpf_roi3,aang,Aang_Foundation/20251002_mem_mito,fish12_24hpf_roi3,,,,,,
20251002_mem_mito,fish12_24hpf_roi4,fish12_24hpf_roi4,fish12_24hpf_roi4,400,/clusterfs/vast/abcabc/Aang_Foundation/20251002_mem_mito/fish12_24hpf_roi4,aang,Aang_Foundation/20251002_mem_mito,fish12_24hpf_roi4,,,,,,
20251002_mem_mito,fish1_24hpf_roi1,fish1_24hpf_roi1,fish1_24hpf_roi1,333,/clusterfs/vast/abcabc/Aang_Foundation/20251002_mem_mito/fish1_24hpf_roi1,aang,Aang_Foundation/20251002_mem_mito,fish1_24hpf_roi1,,,,,,
20251002_mem_mito,fish3_24hpf_roi1,fish3_24hpf_roi1,fish3_24hpf_roi1,277,/clusterfs/vast/abcabc/Aang_Foundation/20251002_mem_mito/fish3_24hpf_roi1,aang,Aang_Foundation/20251002_mem_mito,fish3_24hpf_roi1,,,,,,
20251002_mem_mito,fish3_24hpf_roi2,fish3_24hpf_roi2,fish3_24hpf_roi2,144,/clusterfs/vast/abcabc/Aang_Foundation/20251002_mem_mito/fish3_24hpf_roi2,aang,Aang_Foundation/20251002_mem_mito,fish3_24hpf_roi2,,,,,,
20251002_mem_mito,fish5_24hpf_roi1,fish5_24hpf_roi1,fish5_24hpf_roi1,144,/clusterfs/vast/abcabc/Aang_Foundation/20251002_mem_mito/fish5_24hpf_roi1,aang,Aang_Foundation/20251002_mem_mito,fish5_24hpf_roi1,,,,,,
20251002_mem_mito,fish5_24hpf_roi2,fish5_24hpf_roi2,fish5_24hpf_roi2,144,/clusterfs/vast/abcabc/Aang_Foundation/20251002_mem_mito/fish5_24hpf_roi2,aang,Aang_Foundation/20251002_mem_mito,fish5_24hpf_roi2,,,,,,
20251002_mem_mito,fish5_24hpf_roi3,fish5_24hpf_roi3,fish5_24hpf_roi3,144,/clusterfs/vast/abcabc/Aang_Foundation/20251002_mem_mito/fish5_24hpf_roi3,aang,Aang_Foundation/20251002_mem_mito,fish5_24hpf_roi3,,,,,,
20251002_mem_mito,fish6_24hpf_roi1,fish6_24hpf_roi1,fish6_24hpf_roi1,408,/clusterfs/vast/abcabc/Aang_Foundation/20251002_mem_mito/fish6_24hpf_roi1,aang,Aang_Foundation/20251002_mem_mito,fish6_24hpf_roi1,,,,,,
20251002_mem_mito,fish6_24hpf_roi2,fish6_24hpf_roi2,fish6_24hpf_roi2,408,/clusterfs/vast/abcabc/Aang_Foundation/20251002_mem_mito/fish6_24hpf_roi2,aang,Aang_Foundation/20251002_mem_mito,fish6_24hpf_roi2,,,,,,
20251002_mem_mito,fish6_24hpf_roi3,fish6_24hpf_roi3,fish6_24hpf_roi3,238,/clusterfs/vast/abcabc/Aang_Foundation/20251002_mem_mito/fish6_24hpf_roi3,aang,Aang_Foundation/20251002_mem_mito,fish6_24hpf_roi3,,,,,,
20251002_mem_mito,fish7_24hpf_roi1,fish7_24hpf_roi1,fish7_24hpf_roi1,272,/clusterfs/vast/abcabc/Aang_Foundation/20251002_mem_mito/fish7_24hpf_roi1,aang,Aang_Foundation/20251002_mem_mito,fish7_24hpf_roi1,,,,,,
20251002_mem_mito,fish7_24hpf_roi2,fish7_24hpf_roi2,fish7_24hpf_roi2,272,/clusterfs/vast/abcabc/Aang_Foundation/20251002_mem_mito/fish7_24hpf_roi2,aang,Aang_Foundation/20251002_mem_mito,fish7_24hpf_roi2,,,,,,
20251002_mem_mito,fish8_24hpf_roi1,fish8_24hpf_roi1,fish8_24hpf_roi1,272,/clusterfs/vast/abcabc/Aang_Foundation/20251002_mem_mito/fish8_24hpf_roi1,aang,Aang_Foundation/20251002_mem_mito,fish8_24hpf_roi1,,,,,,
20251002_mem_mito,fish8_24hpf_roi2,fish8_24hpf_roi2,fish8_24hpf_roi2,272,/clusterfs/vast/abcabc/Aang_Foundation/20251002_mem_mito/fish8_24hpf_roi2,aang,Aang_Foundation/20251002_mem_mito,fish8_24hpf_roi2,,,,,,
20251002_mem_mito,fish9_24hpf_roi1,fish9_24hpf_roi1,fish9_24hpf_roi1,408,/clusterfs/vast/abcabc/Aang_Foundation/20251002_mem_mito/fish9_24hpf_roi1,aang,Aang_Foundation/20251002_mem_mito,fish9_24hpf_roi1,,,,,,
20251002_mem_mito,fish9_24hpf_roi2,fish9_24hpf_roi2,fish9_24hpf_roi2,408,/clusterfs/vast/abcabc/Aang_Foundation/20251002_mem_mito/fish9_24hpf_roi2,aang,Aang_Foundation/20251002_mem_mito,fish9_24hpf_roi2,,,,,,
20251003_mem_tester,fish1_48hpf_xscan_roi1_brain,fish1_48hpf_xscan_roi1_brain,fish1_48hpf_xscan_roi1_brain,31,/clusterfs/vast/abcabc/Aang_Foundation/20251003_mem_tester/fish1_48hpf_xscan_roi1_brain,aang,Aang_Foundation/20251003_mem_tester,fish1_48hpf_xscan_roi1_brain,,,,,,
20251003_mem_tester,fish1_48hpf_xscan_roi2_spine_muscle,fish1_48hpf_xscan_roi2_spine_muscle,fish1_48hpf_xscan_roi2_spine_muscle,20,/clusterfs/vast/abcabc/Aang_Foundation/20251003_mem_tester/fish1_48hpf_xscan_roi2_spine_muscle,aang,Aang_Foundation/20251003_mem_tester,fish1_48hpf_xscan_roi2_spine_muscle,,,,,,
20251003_mem_tester,fish1_48hpf_xscan_roi3_spine_muscle_tail,fish1_48hpf_xscan_roi3_spine_muscle_tail,fish1_48hpf_xscan_roi3_spine_muscle_tail,20,/clusterfs/vast/abcabc/Aang_Foundation/20251003_mem_tester/fish1_48hpf_xscan_roi3_spine_muscle_tail,aang,Aang_Foundation/20251003_mem_tester,fish1_48hpf_xscan_roi3_spine_muscle_tail,,,,,,
20251003_mem_tester,fish1_48hpf_xscan_roi4_spine_muscle_tail,fish1_48hpf_xscan_roi4_spine_muscle_tail,fish1_48hpf_xscan_roi4_spine_muscle_tail,20,/clusterfs/vast/abcabc/Aang_Foundation/20251003_mem_tester/fish1_48hpf_xscan_roi4_spine_muscle_tail,aang,Aang_Foundation/20251003_mem_tester,fish1_48hpf_xscan_roi4_spine_muscle_tail,,,,,,
20251003_mem_tester,fish1_48hpf_xscan_roi5_spine_muscle_tail,fish1_48hpf_xscan_roi5_spine_muscle_tail,fish1_48hpf_xscan_roi5_spine_muscle_tail,20,/clusterfs/vast/abcabc/Aang_Foundation/20251003_mem_tester/fish1_48hpf_xscan_roi5_spine_muscle_tail,aang,Aang_Foundation/20251003_mem_tester,fish1_48hpf_xscan_roi5_spine_muscle_tail,,,,,,
20251003_mem_tester,fish1_48hpf_xscan_roi6_spine_muscle_tail,fish1_48hpf_xscan_roi6_spine_muscle_tail,fish1_48hpf_xscan_roi6_spine_muscle_tail,20,/clusterfs/vast/abcabc/Aang_Foundation/20251003_mem_tester/fish1_48hpf_xscan_roi6_spine_muscle_tail,aang,Aang_Foundation/20251003_mem_tester,fish1_48hpf_xscan_roi6_spine_muscle_tail,,,,,,
20251003_mem_tester,fish1_48hpf_xscan_roi7_spine_muscle_tail,fish1_48hpf_xscan_roi7_spine_muscle_tail,fish1_48hpf_xscan_roi7_spine_muscle_tail,20,/clusterfs/vast/abcabc/Aang_Foundation/20251003_mem_tester/fish1_48hpf_xscan_roi7_spine_muscle_tail,aang,Aang_Foundation/20251003_mem_tester,fish1_48hpf_xscan_roi7_spine_muscle_tail,,,,,,
20251006_mem_histone,fish1_24hpf_roi1,fish1_24hpf_roi1,fish1_24hpf_roi1,1280,/clusterfs/vast/abcabc/Aang_Foundation/20251006_mem_histone/fish1_24hpf_roi1,aang,Aang_Foundation/20251006_mem_histone,fish1_24hpf_roi1,,,,,,
20251006_mem_histone,fish1_24hpf_roi2,fish1_24hpf_roi2,fish1_24hpf_roi2,1280,/clusterfs/vast/abcabc/Aang_Foundation/20251006_mem_histone/fish1_24hpf_roi2,aang,Aang_Foundation/20251006_mem_histone,fish1_24hpf_roi2,,,,,,
20251006_mem_histone,fish1_24hpf_roi3,fish1_24hpf_roi3,fish1_24hpf_roi3,1280,/clusterfs/vast/abcabc/Aang_Foundation/20251006_mem_histone/fish1_24hpf_roi3,aang,Aang_Foundation/20251006_mem_histone,fish1_24hpf_roi3,,,,,,
20251006_mem_histone,fish1_24hpf_roi4,fish1_24hpf_roi4,fish1_24hpf_roi4,1280,/clusterfs/vast/abcabc/Aang_Foundation/20251006_mem_histone/fish1_24hpf_roi4,aang,Aang_Foundation/20251006_mem_histone,fish1_24hpf_roi4,,,,,,
20251006_mem_histone,fish3_24hpf_roi1,fish3_24hpf_roi1,fish3_24hpf_roi1,1024,/clusterfs/vast/abcabc/Aang_Foundation/20251006_mem_histone/fish3_24hpf_roi1,aang,Aang_Foundation/20251006_mem_histone,fish3_24hpf_roi1,,,,,,
20251006_mem_histone,fish3_24hpf_roi2,fish3_24hpf_roi2,fish3_24hpf_roi2,1024,/clusterfs/vast/abcabc/Aang_Foundation/20251006_mem_histone/fish3_24hpf_roi2,aang,Aang_Foundation/20251006_mem_histone,fish3_24hpf_roi2,,,,,,
20251006_mem_histone,fish4_24hpf_roi1,fish4_24hpf_roi1,fish4_24hpf_roi1,1024,/clusterfs/vast/abcabc/Aang_Foundation/20251006_mem_histone/fish4_24hpf_roi1,aang,Aang_Foundation/20251006_mem_histone,fish4_24hpf_roi1,,,,,,
20251006_mem_histone,fish4_24hpf_roi2,fish4_24hpf_roi2,fish4_24hpf_roi2,1024,/clusterfs/vast/abcabc/Aang_Foundation/20251006_mem_histone/fish4_24hpf_roi2,aang,Aang_Foundation/20251006_mem_histone,fish4_24hpf_roi2,,,,,,
20251006_mem_histone,fish4_24hpf_roi3,fish4_24hpf_roi3,fish4_24hpf_roi3,1024,/clusterfs/vast/abcabc/Aang_Foundation/20251006_mem_histone/fish4_24hpf_roi3,aang,Aang_Foundation/20251006_mem_histone,fish4_24hpf_roi3,,,,,,
20251006_mem_histone,fish6_24hpf_roi1,fish6_24hpf_roi1,fish6_24hpf_roi1,1024,/clusterfs/vast/abcabc/Aang_Foundation/20251006_mem_histone/fish6_24hpf_roi1,aang,Aang_Foundation/20251006_mem_histone,fish6_24hpf_roi1,,,,,,
20251006_mem_histone,fish6_24hpf_roi2,fish6_24hpf_roi2,fish6_24hpf_roi2,1024,/clusterfs/vast/abcabc/Aang_Foundation/20251006_mem_histone/fish6_24hpf_roi2,aang,Aang_Foundation/20251006_mem_histone,fish6_24hpf_roi2,,,,,,
20251007_mem_histone,fish2_48hpf_roi1,fish2_48hpf_roi1,fish2_48hpf_roi1,1024,/clusterfs/vast/abcabc/Aang_Foundation/20251007_mem_histone/fish2_48hpf_roi1,aang,Aang_Foundation/20251007_mem_histone,fish2_48hpf_roi1,,,,,,
20251007_mem_histone,fish2_48hpf_roi2,fish2_48hpf_roi2,fish2_48hpf_roi2,46,/clusterfs/vast/abcabc/Aang_Foundation/20251007_mem_histone/fish2_48hpf_roi2,aang,Aang_Foundation/20251007_mem_histone,fish2_48hpf_roi2,,,,,,
20251007_mem_histone,fish2_48hpf_roi2_test,fish2_48hpf_roi2_test,fish2_48hpf_roi2_test,70,/clusterfs/vast/abcabc/Aang_Foundation/20251007_mem_histone/fish2_48hpf_roi2_test,aang,Aang_Foundation/20251007_mem_histone,fish2_48hpf_roi2_test,,,,,,
20251007_mem_histone,fish2_48hpf_roi3,fish2_48hpf_roi3,fish2_48hpf_roi3,1024,/clusterfs/vast/abcabc/Aang_Foundation/20251007_mem_histone/fish2_48hpf_roi3,aang,Aang_Foundation/20251007_mem_histone,fish2_48hpf_roi3,,,,,,
20251007_mem_histone,fish2_48hpf_roi4,fish2_48hpf_roi4,fish2_48hpf_roi4,1024,/clusterfs/vast/abcabc/Aang_Foundation/20251007_mem_histone/fish2_48hpf_roi4,aang,Aang_Foundation/20251007_mem_histone,fish2_48hpf_roi4,,,,,,
20251007_mem_histone,fish2_48hpf_roi5,fish2_48hpf_roi5,fish2_48hpf_roi5,1024,/clusterfs/vast/abcabc/Aang_Foundation/20251007_mem_histone/fish2_48hpf_roi5,aang,Aang_Foundation/20251007_mem_histone,fish2_48hpf_roi5,,,,,,
20251007_mem_histone,fish3_48hpf_roi1,fish3_48hpf_roi1,fish3_48hpf_roi1,1024,/clusterfs/vast/abcabc/Aang_Foundation/20251007_mem_histone/fish3_48hpf_roi1,aang,Aang_Foundation/20251007_mem_histone,fish3_48hpf_roi1,,,,,,
20251009_mem-mito,fish3_48hpf_roi1,fish3_48hpf_roi1,fish3_48hpf_roi1,271,/clusterfs/vast/abcabc/Aang_Foundation/20251009_mem-mito/fish3_48hpf_roi1,aang,Aang_Foundation/20251009_mem-mito,fish3_48hpf_roi1,,,,,,
20251009_mem-mito,fish3_48hpf_roi2,fish3_48hpf_roi2,fish3_48hpf_roi2,408,/clusterfs/vast/abcabc/Aang_Foundation/20251009_mem-mito/fish3_48hpf_roi2,aang,Aang_Foundation/20251009_mem-mito,fish3_48hpf_roi2,,,,,,
20251009_mem-mito,fish3_48hpf_roi3,fish3_48hpf_roi3,fish3_48hpf_roi3,408,/clusterfs/vast/abcabc/Aang_Foundation/20251009_mem-mito/fish3_48hpf_roi3,aang,Aang_Foundation/20251009_mem-mito,fish3_48hpf_roi3,,,,,,
20251009_mem-mito,fish3_48hpf_roi4,fish3_48hpf_roi4,fish3_48hpf_roi4,408,/clusterfs/vast/abcabc/Aang_Foundation/20251009_mem-mito/fish3_48hpf_roi4,aang,Aang_Foundation/20251009_mem-mito,fish3_48hpf_roi4,,,,,,
20251010_mem-mito,fish1_24hpf_roi1,fish1_24hpf_roi1,fish1_24hpf_roi1,1024,/clusterfs/vast/abcabc/Aang_Foundation/20251010_mem-mito/fish1_24hpf_roi1,aang,Aang_Foundation/20251010_mem-mito,fish1_24hpf_roi1,,,,,,
20251010_mem-mito,fish1_24hpf_roi2,fish1_24hpf_roi2,fish1_24hpf_roi2,1024,/clusterfs/vast/abcabc/Aang_Foundation/20251010_mem-mito/fish1_24hpf_roi2,aang,Aang_Foundation/20251010_mem-mito,fish1_24hpf_roi2,,,,,,
20251010_mem-mito,fish2_24hpf_roi1,fish2_24hpf_roi1,fish2_24hpf_roi1,4608,/clusterfs/vast/abcabc/Aang_Foundation/20251010_mem-mito/fish2_24hpf_roi1,aang,Aang_Foundation/20251010_mem-mito,fish2_24hpf_roi1,,,,,,
20251010_mem-mito,fish2_24hpf_roi2,fish2_24hpf_roi2,fish2_24hpf_roi2,4608,/clusterfs/vast/abcabc/Aang_Foundation/20251010_mem-mito/fish2_24hpf_roi2,aang,Aang_Foundation/20251010_mem-mito,fish2_24hpf_roi2,,,,,,
20251010_mem-mito,fish3_24hpf_roi1,fish3_24hpf_roi1,fish3_24hpf_roi1,4608,/clusterfs/vast/abcabc/Aang_Foundation/20251010_mem-mito/fish3_24hpf_roi1,aang,Aang_Foundation/20251010_mem-mito,fish3_24hpf_roi1,,,,,,
20251010_mem-mito,fish3_24hpf_roi2,fish3_24hpf_roi2,fish3_24hpf_roi2,4608,/clusterfs/vast/abcabc/Aang_Foundation/20251010_mem-mito/fish3_24hpf_roi2,aang,Aang_Foundation/20251010_mem-mito,fish3_24hpf_roi2,,,,,,
20251010_mem-mito,fish4_24hpf_roi1,fish4_24hpf_roi1,fish4_24hpf_roi1,4608,/clusterfs/vast/abcabc/Aang_Foundation/20251010_mem-mito/fish4_24hpf_roi1,aang,Aang_Foundation/20251010_mem-mito,fish4_24hpf_roi1,,,,,,
20251010_mem-mito,fish4_24hpf_roi2,fish4_24hpf_roi2,fish4_24hpf_roi2,4608,/clusterfs/vast/abcabc/Aang_Foundation/20251010_mem-mito/fish4_24hpf_roi2,aang,Aang_Foundation/20251010_mem-mito,fish4_24hpf_roi2,,,,,,
20251010_mem-mito,fish5_24hpf_roi1,fish5_24hpf_roi1,fish5_24hpf_roi1,4608,/clusterfs/vast/abcabc/Aang_Foundation/20251010_mem-mito/fish5_24hpf_roi1,aang,Aang_Foundation/20251010_mem-mito,fish5_24hpf_roi1,,,,,,
20251010_mem-mito,fish5_24hpf_roi2,fish5_24hpf_roi2,fish5_24hpf_roi2,4608,/clusterfs/vast/abcabc/Aang_Foundation/20251010_mem-mito/fish5_24hpf_roi2,aang,Aang_Foundation/20251010_mem-mito,fish5_24hpf_roi2,,,,,,
20251010_mem-mito,fish6_24hpf_roi1,fish6_24hpf_roi1,fish6_24hpf_roi1,4608,/clusterfs/vast/abcabc/Aang_Foundation/20251010_mem-mito/fish6_24hpf_roi1,aang,Aang_Foundation/20251010_mem-mito,fish6_24hpf_roi1,,,,,,
20251010_mem-mito,fish6_24hpf_roi2,fish6_24hpf_roi2,fish6_24hpf_roi2,4608,/clusterfs/vast/abcabc/Aang_Foundation/20251010_mem-mito/fish6_24hpf_roi2,aang,Aang_Foundation/20251010_mem-mito,fish6_24hpf_roi2,,,,,,
20251013_mem-histone,fish1_96hpf_roi1,fish1_96hpf_roi1,fish1_96hpf_roi1,4608,/clusterfs/vast/abcabc/Aang_Foundation/20251013_mem-histone/fish1_96hpf_roi1,aang,Aang_Foundation/20251013_mem-histone,fish1_96hpf_roi1,,,,,,
20251013_mem-histone,fish1_96hpf_roi3,fish1_96hpf_roi3,fish1_96hpf_roi3,4608,/clusterfs/vast/abcabc/Aang_Foundation/20251013_mem-histone/fish1_96hpf_roi3,aang,Aang_Foundation/20251013_mem-histone,fish1_96hpf_roi3,,,,,,
20251013_mem-histone,fish3_96hpf_roi1,fish3_96hpf_roi1,fish3_96hpf_roi1,4608,/clusterfs/vast/abcabc/Aang_Foundation/20251013_mem-histone/fish3_96hpf_roi1,aang,Aang_Foundation/20251013_mem-histone,fish3_96hpf_roi1,,,,,,
20251013_mem-histone,fish3_96hpf_roi2,fish3_96hpf_roi2,fish3_96hpf_roi2,4608,/clusterfs/vast/abcabc/Aang_Foundation/20251013_mem-histone/fish3_96hpf_roi2,aang,Aang_Foundation/20251013_mem-histone,fish3_96hpf_roi2,,,,,,
20251013_mem-histone,fish3_96hpf_roi3,fish3_96hpf_roi3,fish3_96hpf_roi3,4608,/clusterfs/vast/abcabc/Aang_Foundation/20251013_mem-histone/fish3_96hpf_roi3,aang,Aang_Foundation/20251013_mem-histone,fish3_96hpf_roi3,,,,,,
20251013_mem-histone,fish3_96hpf_roi4,fish3_96hpf_roi4,fish3_96hpf_roi4,4608,/clusterfs/vast/abcabc/Aang_Foundation/20251013_mem-histone/fish3_96hpf_roi4,aang,Aang_Foundation/20251013_mem-histone,fish3_96hpf_roi4,,,,,,
20251015_mem-histone,fish1_48hpf_roi1,fish1_48hpf_roi1,fish1_48hpf_roi1,4608,/clusterfs/vast/abcabc/Aang_Foundation/20251015_mem-histone/fish1_48hpf_roi1,aang,Aang_Foundation/20251015_mem-histone,fish1_48hpf_roi1,,,,,,
20251015_mem-histone,fish1_48hpf_roi2,fish1_48hpf_roi2,fish1_48hpf_roi2,4608,/clusterfs/vast/abcabc/Aang_Foundation/20251015_mem-histone/fish1_48hpf_roi2,aang,Aang_Foundation/20251015_mem-histone,fish1_48hpf_roi2,,,,,,
20251015_mem-histone,fish1_48hpf_roi3,fish1_48hpf_roi3,fish1_48hpf_roi3,4608,/clusterfs/vast/abcabc/Aang_Foundation/20251015_mem-histone/fish1_48hpf_roi3,aang,Aang_Foundation/20251015_mem-histone,fish1_48hpf_roi3,,,,,,
20251015_mem-histone,fish2_48hpf_roi1,fish2_48hpf_roi1,fish2_48hpf_roi1,4608,/clusterfs/vast/abcabc/Aang_Foundation/20251015_mem-histone/fish2_48hpf_roi1,aang,Aang_Foundation/20251015_mem-histone,fish2_48hpf_roi1,,,,,,
20251015_mem-histone,fish3_48hpf_roi1,fish3_48hpf_roi1,fish3_48hpf_roi1,4608,/clusterfs/vast/abcabc/Aang_Foundation/20251015_mem-histone/fish3_48hpf_roi1,aang,Aang_Foundation/20251015_mem-histone,fish3_48hpf_roi1,,,,,,
20251015_mem-histone,fish3_48hpf_roi2,fish3_48hpf_roi2,fish3_48hpf_roi2,4608,/clusterfs/vast/abcabc/Aang_Foundation/20251015_mem-histone/fish3_48hpf_roi2,aang,Aang_Foundation/20251015_mem-histone,fish3_48hpf_roi2,,,,,,
20251015_mem-histone,fish4_48hpf_roi1,fish4_48hpf_roi1,fish4_48hpf_roi1,4608,/clusterfs/vast/abcabc/Aang_Foundation/20251015_mem-histone/fish4_48hpf_roi1,aang,Aang_Foundation/20251015_mem-histone,fish4_48hpf_roi1,,,,,,
20251015_mem-histone,fish4_48hpf_roi2,fish4_48hpf_roi2,fish4_48hpf_roi2,4608,/clusterfs/vast/abcabc/Aang_Foundation/20251015_mem-histone/fish4_48hpf_roi2,aang,Aang_Foundation/20251015_mem-histone,fish4_48hpf_roi2,,,,,,
20251015_mem-histone,fish4_48hpf_roi3,fish4_48hpf_roi3,fish4_48hpf_roi3,4608,/clusterfs/vast/abcabc/Aang_Foundation/20251015_mem-histone/fish4_48hpf_roi3,aang,Aang_Foundation/20251015_mem-histone,fish4_48hpf_roi3,,,,,,
20251015_mem-histone,fish5_48hpf_roi1,fish5_48hpf_roi1,fish5_48hpf_roi1,4608,/clusterfs/vast/abcabc/Aang_Foundation/20251015_mem-histone/fish5_48hpf_roi1,aang,Aang_Foundation/20251015_mem-histone,fish5_48hpf_roi1,,,,,,
20251015_mem-histone,fish6_48hpf_roi1,fish6_48hpf_roi1,fish6_48hpf_roi1,4608,/clusterfs/vast/abcabc/Aang_Foundation/20251015_mem-histone/fish6_48hpf_roi1,aang,Aang_Foundation/20251015_mem-histone,fish6_48hpf_roi1,,,,,,
20251016_mem-mito,fish1_72hpf_roi1,fish1_72hpf_roi1,fish1_72hpf_roi1,272,/clusterfs/vast/abcabc/Aang_Foundation/20251016_mem-mito/fish1_72hpf_roi1,aang,Aang_Foundation/20251016_mem-mito,fish1_72hpf_roi1,,,,,,
20251016_mem-mito_v2,fish1_72hpf_roi1,fish1_72hpf_roi1,fish1_72hpf_roi1,272,/clusterfs/vast/abcabc/Aang_Foundation/20251016_mem-mito_v2/fish1_72hpf_roi1,aang,Aang_Foundation/20251016_mem-mito_v2,fish1_72hpf_roi1,,,,,,
20251016_mem-mito_v2,fish1_72hpf_roi2,fish1_72hpf_roi2,fish1_72hpf_roi2,272,/clusterfs/vast/abcabc/Aang_Foundation/20251016_mem-mito_v2/fish1_72hpf_roi2,aang,Aang_Foundation/20251016_mem-mito_v2,fish1_72hpf_roi2,,,,,,
20251017_nuclear_envelope,fish1_24hpf_roi1_test,fish1_24hpf_roi1_test,fish1_24hpf_roi1_test,8,/clusterfs/vast/abcabc/Aang_Foundation/20251017_nuclear_envelope/fish1_24hpf_roi1_test,aang,Aang_Foundation/20251017_nuclear_envelope,fish1_24hpf_roi1_test,,,,,,
20251017_nuclear_envelope,fish1_24hpf_roi1_test_SIM,fish1_24hpf_roi1_test_SIM,fish1_24hpf_roi1_test_SIM,256,/clusterfs/vast/abcabc/Aang_Foundation/20251017_nuclear_envelope/fish1_24hpf_roi1_test_SIM,aang,Aang_Foundation/20251017_nuclear_envelope,fish1_24hpf_roi1_test_SIM,,,,,,
20251020_mem-histone,fish1_72hpf_roi1,fish1_72hpf_roi1,fish1_72hpf_roi1,3072,/clusterfs/vast/abcabc/Aang_Foundation/20251020_mem-histone/fish1_72hpf_roi1,aang,Aang_Foundation/20251020_mem-histone,fish1_72hpf_roi1,,,,,,
20251020_mem-histone,fish1_72hpf_roi2,fish1_72hpf_roi2,fish1_72hpf_roi2,3072,/clusterfs/vast/abcabc/Aang_Foundation/20251020_mem-histone/fish1_72hpf_roi2,aang,Aang_Foundation/20251020_mem-histone,fish1_72hpf_roi2,,,,,,
20251020_mem-histone,fish1_72hpf_roi3,fish1_72hpf_roi3,fish1_72hpf_roi3,3072,/clusterfs/vast/abcabc/Aang_Foundation/20251020_mem-histone/fish1_72hpf_roi3,aang,Aang_Foundation/20251020_mem-histone,fish1_72hpf_roi3,,,,,,
20251020_mem-histone,fish1_72hpf_roi4,fish1_72hpf_roi4,fish1_72hpf_roi4,3072,/clusterfs/vast/abcabc/Aang_Foundation/20251020_mem-histone/fish1_72hpf_roi4,aang,Aang_Foundation/20251020_mem-histone,fish1_72hpf_roi4,,,,,,
20251020_mem-histone,fish1_72hpf_roi5,fish1_72hpf_roi5,fish1_72hpf_roi5,3072,/clusterfs/vast/abcabc/Aang_Foundation/20251020_mem-histone/fish1_72hpf_roi5,aang,Aang_Foundation/20251020_mem-histone,fish1_72hpf_roi5,,,,,,
20251020_mem-histone,fish1_72hpf_roi6,fish1_72hpf_roi6,fish1_72hpf_roi6,3072,/clusterfs/vast/abcabc/Aang_Foundation/20251020_mem-histone/fish1_72hpf_roi6,aang,Aang_Foundation/20251020_mem-histone,fish1_72hpf_roi6,,,,,,
20251020_mem-histone,fish1_72hpf_roi7,fish1_72hpf_roi7,fish1_72hpf_roi7,3072,/clusterfs/vast/abcabc/Aang_Foundation/20251020_mem-histone/fish1_72hpf_roi7,aang,Aang_Foundation/20251020_mem-histone,fish1_72hpf_roi7,,,,,,
20251020_mem-histone,fish2_72hpf_roi1,fish2_72hpf_roi1,fish2_72hpf_roi1,3072,/clusterfs/vast/abcabc/Aang_Foundation/20251020_mem-histone/fish2_72hpf_roi1,aang,Aang_Foundation/20251020_mem-histone,fish2_72hpf_roi1,,,,,,
20251020_mem-histone,fish2_72hpf_roi2,fish2_72hpf_roi2,fish2_72hpf_roi2,3072,/clusterfs/vast/abcabc/Aang_Foundation/20251020_mem-histone/fish2_72hpf_roi2,aang,Aang_Foundation/20251020_mem-histone,fish2_72hpf_roi2,,,,,,
20251020_mem-histone,fish3_72hpf_roi2,fish3_72hpf_roi2,fish3_72hpf_roi2,3072,/clusterfs/vast/abcabc/Aang_Foundation/20251020_mem-histone/fish3_72hpf_roi2,aang,Aang_Foundation/20251020_mem-histone,fish3_72hpf_roi2,,,,,,
20251020_mem-histone,fish3_72hpf_roi3,fish3_72hpf_roi3,fish3_72hpf_roi3,3072,/clusterfs/vast/abcabc/Aang_Foundation/20251020_mem-histone/fish3_72hpf_roi3,aang,Aang_Foundation/20251020_mem-histone,fish3_72hpf_roi3,,,,,,
20251021_mem-mito,fish1_24hpf_roi1,fish1_24hpf_roi1,fish1_24hpf_roi1,544,/clusterfs/vast/abcabc/Aang_Foundation/20251021_mem-mito/fish1_24hpf_roi1,aang,Aang_Foundation/20251021_mem-mito,fish1_24hpf_roi1,,,,,,
20251021_mem-mito,fish1_24hpf_roi2,fish1_24hpf_roi2,fish1_24hpf_roi2,544,/clusterfs/vast/abcabc/Aang_Foundation/20251021_mem-mito/fish1_24hpf_roi2,aang,Aang_Foundation/20251021_mem-mito,fish1_24hpf_roi2,,,,,,
20251021_mem-mito,fish2_24hpf_roi1,fish2_24hpf_roi1,fish2_24hpf_roi1,544,/clusterfs/vast/abcabc/Aang_Foundation/20251021_mem-mito/fish2_24hpf_roi1,aang,Aang_Foundation/20251021_mem-mito,fish2_24hpf_roi1,,,,,,
20251021_mem-mito,fish2_24hpf_roi2,fish2_24hpf_roi2,fish2_24hpf_roi2,544,/clusterfs/vast/abcabc/Aang_Foundation/20251021_mem-mito/fish2_24hpf_roi2,aang,Aang_Foundation/20251021_mem-mito,fish2_24hpf_roi2,,,,,,
20251021_mem-mito,fish3_24hpf_roi1,fish3_24hpf_roi1,fish3_24hpf_roi1,544,/clusterfs/vast/abcabc/Aang_Foundation/20251021_mem-mito/fish3_24hpf_roi1,aang,Aang_Foundation/20251021_mem-mito,fish3_24hpf_roi1,,,,,,
20251021_mem-mito,fish3_24hpf_roi2,fish3_24hpf_roi2,fish3_24hpf_roi2,544,/clusterfs/vast/abcabc/Aang_Foundation/20251021_mem-mito/fish3_24hpf_roi2,aang,Aang_Foundation/20251021_mem-mito,fish3_24hpf_roi2,,,,,,
20251021_mem-mito,fish4_24hpf_roi1,fish4_24hpf_roi1,fish4_24hpf_roi1,544,/clusterfs/vast/abcabc/Aang_Foundation/20251021_mem-mito/fish4_24hpf_roi1,aang,Aang_Foundation/20251021_mem-mito,fish4_24hpf_roi1,,,,,,
20251021_mem-mito,fish5_24hpf_roi1,fish5_24hpf_roi1,fish5_24hpf_roi1,544,/clusterfs/vast/abcabc/Aang_Foundation/20251021_mem-mito/fish5_24hpf_roi1,aang,Aang_Foundation/20251021_mem-mito,fish5_24hpf_roi1,,,,,,
20251021_mem-mito,fish6_24hpf_roi1,fish6_24hpf_roi1,fish6_24hpf_roi1,544,/clusterfs/vast/abcabc/Aang_Foundation/20251021_mem-mito/fish6_24hpf_roi1,aang,Aang_Foundation/20251021_mem-mito,fish6_24hpf_roi1,,,,,,
20251021_mem-mito,fish6_24hpf_roi2,fish6_24hpf_roi2,fish6_24hpf_roi2,544,/clusterfs/vast/abcabc/Aang_Foundation/20251021_mem-mito/fish6_24hpf_roi2,aang,Aang_Foundation/20251021_mem-mito,fish6_24hpf_roi2,,,,,,
20251021_mem-mito_v2,fish1_24hpf_roi1,fish1_24hpf_roi1,fish1_24hpf_roi1,544,/clusterfs/vast/abcabc/Aang_Foundation/20251021_mem-mito_v2/fish1_24hpf_roi1,aang,Aang_Foundation/20251021_mem-mito_v2,fish1_24hpf_roi1,,,,,,
20251021_mem-mito_v2,fish2_24hpf_roi1,fish2_24hpf_roi1,fish2_24hpf_roi1,544,/clusterfs/vast/abcabc/Aang_Foundation/20251021_mem-mito_v2/fish2_24hpf_roi1,aang,Aang_Foundation/20251021_mem-mito_v2,fish2_24hpf_roi1,,,,,,
20251021_mem-mito_v2,fish2_24hpf_roi2,fish2_24hpf_roi2,fish2_24hpf_roi2,544,/clusterfs/vast/abcabc/Aang_Foundation/20251021_mem-mito_v2/fish2_24hpf_roi2,aang,Aang_Foundation/20251021_mem-mito_v2,fish2_24hpf_roi2,,,,,,
20251021_mem-mito_v2,fish4_24hpf_roi1,fish4_24hpf_roi1,fish4_24hpf_roi1,544,/clusterfs/vast/abcabc/Aang_Foundation/20251021_mem-mito_v2/fish4_24hpf_roi1,aang,Aang_Foundation/20251021_mem-mito_v2,fish4_24hpf_roi1,,,,,,
20251021_mem-mito_v2,fish4_24hpf_roi2,fish4_24hpf_roi2,fish4_24hpf_roi2,544,/clusterfs/vast/abcabc/Aang_Foundation/20251021_mem-mito_v2/fish4_24hpf_roi2,aang,Aang_Foundation/20251021_mem-mito_v2,fish4_24hpf_roi2,,,,,,
20251021_mem-mito_v2,fish4_24hpf_roi3,fish4_24hpf_roi3,fish4_24hpf_roi3,544,/clusterfs/vast/abcabc/Aang_Foundation/20251021_mem-mito_v2/fish4_24hpf_roi3,aang,Aang_Foundation/20251021_mem-mito_v2,fish4_24hpf_roi3,,,,,,
20251021_mem-mito_v2,fish4_24hpf_roi4,fish4_24hpf_roi4,fish4_24hpf_roi4,544,/clusterfs/vast/abcabc/Aang_Foundation/20251021_mem-mito_v2/fish4_24hpf_roi4,aang,Aang_Foundation/20251021_mem-mito_v2,fish4_24hpf_roi4,,,,,,
20251022_mem-mito,fish1_48hpf_roi1,fish1_48hpf_roi1,fish1_48hpf_roi1,544,/clusterfs/vast/abcabc/Aang_Foundation/20251022_mem-mito/fish1_48hpf_roi1,aang,Aang_Foundation/20251022_mem-mito,fish1_48hpf_roi1,,,,,,
20251022_mem-mito,fish3_48hpf_roi1,fish3_48hpf_roi1,fish3_48hpf_roi1,544,/clusterfs/vast/abcabc/Aang_Foundation/20251022_mem-mito/fish3_48hpf_roi1,aang,Aang_Foundation/20251022_mem-mito,fish3_48hpf_roi1,,,,,,
20251022_mem-mito,fish3_48hpf_roi2,fish3_48hpf_roi2,fish3_48hpf_roi2,544,/clusterfs/vast/abcabc/Aang_Foundation/20251022_mem-mito/fish3_48hpf_roi2,aang,Aang_Foundation/20251022_mem-mito,fish3_48hpf_roi2,,,,,,
20251022_mem-mito,fish4_48hpf_roi1,fish4_48hpf_roi1,fish4_48hpf_roi1,544,/clusterfs/vast/abcabc/Aang_Foundation/20251022_mem-mito/fish4_48hpf_roi1,aang,Aang_Foundation/20251022_mem-mito,fish4_48hpf_roi1,,,,,,
20251023_mem-mito,fish1_24hpf_roi1,fish1_24hpf_roi1,fish1_24hpf_roi1,544,/clusterfs/vast/abcabc/Aang_Foundation/20251023_mem-mito/fish1_24hpf_roi1,aang,Aang_Foundation/20251023_mem-mito,fish1_24hpf_roi1,,,,,,
20251023_mem-mito,fish1_24hpf_roi2,fish1_24hpf_roi2,fish1_24hpf_roi2,544,/clusterfs/vast/abcabc/Aang_Foundation/20251023_mem-mito/fish1_24hpf_roi2,aang,Aang_Foundation/20251023_mem-mito,fish1_24hpf_roi2,,,,,,
20251023_mem-mito,fish3_24hpf_roi1,fish3_24hpf_roi1,fish3_24hpf_roi1,544,/clusterfs/vast/abcabc/Aang_Foundation/20251023_mem-mito/fish3_24hpf_roi1,aang,Aang_Foundation/20251023_mem-mito,fish3_24hpf_roi1,,,,,,
20251027_mem-histone,fish1_120hpf_roi1,fish1_120hpf_roi1,fish1_120hpf_roi1,4608,/clusterfs/vast/abcabc/Aang_Foundation/20251027_mem-histone/fish1_120hpf_roi1,aang,Aang_Foundation/20251027_mem-histone,fish1_120hpf_roi1,,,,,,
20251027_mem-histone,fish1_120hpf_roi2,fish1_120hpf_roi2,fish1_120hpf_roi2,4608,/clusterfs/vast/abcabc/Aang_Foundation/20251027_mem-histone/fish1_120hpf_roi2,aang,Aang_Foundation/20251027_mem-histone,fish1_120hpf_roi2,,,,,,
20251027_mem-histone,fish3_120hpf_roi1,fish3_120hpf_roi1,fish3_120hpf_roi1,4608,/clusterfs/vast/abcabc/Aang_Foundation/20251027_mem-histone/fish3_120hpf_roi1,aang,Aang_Foundation/20251027_mem-histone,fish3_120hpf_roi1,,,,,,
20251027_mem-histone,fish3_120hpf_roi2,fish3_120hpf_roi2,fish3_120hpf_roi2,4608,/clusterfs/vast/abcabc/Aang_Foundation/20251027_mem-histone/fish3_120hpf_roi2,aang,Aang_Foundation/20251027_mem-histone,fish3_120hpf_roi2,,,,,,
20251027_mem-histone,fish3_120hpf_roi3,fish3_120hpf_roi3,fish3_120hpf_roi3,4608,/clusterfs/vast/abcabc/Aang_Foundation/20251027_mem-histone/fish3_120hpf_roi3,aang,Aang_Foundation/20251027_mem-histone,fish3_120hpf_roi3,,,,,,
20251027_mem-histone,fish3_120hpf_roi4,fish3_120hpf_roi4,fish3_120hpf_roi4,4608,/clusterfs/vast/abcabc/Aang_Foundation/20251027_mem-histone/fish3_120hpf_roi4,aang,Aang_Foundation/20251027_mem-histone,fish3_120hpf_roi4,,,,,,
20251027_mem-histone,fish3_120hpf_roi5,fish3_120hpf_roi5,fish3_120hpf_roi5,4608,/clusterfs/vast/abcabc/Aang_Foundation/20251027_mem-histone/fish3_120hpf_roi5,aang,Aang_Foundation/20251027_mem-histone,fish3_120hpf_roi5,,,,,,
20251027_mem-histone,fish3_120hpf_roi6,fish3_120hpf_roi6,fish3_120hpf_roi6,4608,/clusterfs/vast/abcabc/Aang_Foundation/20251027_mem-histone/fish3_120hpf_roi6,aang,Aang_Foundation/20251027_mem-histone,fish3_120hpf_roi6,,,,,,
20251027_mem-histone,fish3_120hpf_roi7,fish3_120hpf_roi7,fish3_120hpf_roi7,4608,/clusterfs/vast/abcabc/Aang_Foundation/20251027_mem-histone/fish3_120hpf_roi7,aang,Aang_Foundation/20251027_mem-histone,fish3_120hpf_roi7,,,,,,
20251028_mem-mito,fish1_24hpf_roi1,fish1_24hpf_roi1,fish1_24hpf_roi1,989,/clusterfs/vast/abcabc/Aang_Foundation/20251028_mem-mito/fish1_24hpf_roi1,aang,Aang_Foundation/20251028_mem-mito,fish1_24hpf_roi1,,,,,,
20251028_mem-peroxi,fish1_24hpf_roi1,fish1_24hpf_roi1,fish1_24hpf_roi1,1911,/clusterfs/vast/abcabc/Aang_Foundation/20251028_mem-peroxi/fish1_24hpf_roi1,aang,Aang_Foundation/20251028_mem-peroxi,fish1_24hpf_roi1,,,,,,
20251028_mem-peroxi,fish4_24hpf_roi1,fish4_24hpf_roi1,fish4_24hpf_roi1,612,/clusterfs/vast/abcabc/Aang_Foundation/20251028_mem-peroxi/fish4_24hpf_roi1,aang,Aang_Foundation/20251028_mem-peroxi,fish4_24hpf_roi1,,,,,,
20251028_mem-peroxi,fish4_24hpf_roi2,fish4_24hpf_roi2,fish4_24hpf_roi2,612,/clusterfs/vast/abcabc/Aang_Foundation/20251028_mem-peroxi/fish4_24hpf_roi2,aang,Aang_Foundation/20251028_mem-peroxi,fish4_24hpf_roi2,,,,,,
20251028_mem-peroxi,fish5_24hpf_roi1,fish5_24hpf_roi1,fish5_24hpf_roi1,612,/clusterfs/vast/abcabc/Aang_Foundation/20251028_mem-peroxi/fish5_24hpf_roi1,aang,Aang_Foundation/20251028_mem-peroxi,fish5_24hpf_roi1,,,,,,
20251028_mem-peroxi,fish5_24hpf_roi2,fish5_24hpf_roi2,fish5_24hpf_roi2,612,/clusterfs/vast/abcabc/Aang_Foundation/20251028_mem-peroxi/fish5_24hpf_roi2,aang,Aang_Foundation/20251028_mem-peroxi,fish5_24hpf_roi2,,,,,,
20251028_mem-peroxi2,fish1_24hpf_roi1,fish1_24hpf_roi1,fish1_24hpf_roi1,612,/clusterfs/vast/abcabc/Aang_Foundation/20251028_mem-peroxi2/fish1_24hpf_roi1,aang,Aang_Foundation/20251028_mem-peroxi2,fish1_24hpf_roi1,,,,,,
20251028_mem-peroxi2,fish2_24hpf_roi1,fish2_24hpf_roi1,fish2_24hpf_roi1,612,/clusterfs/vast/abcabc/Aang_Foundation/20251028_mem-peroxi2/fish2_24hpf_roi1,aang,Aang_Foundation/20251028_mem-peroxi2,fish2_24hpf_roi1,,,,,,
20251028_mem-peroxi2,fish4_24hpf_roi1,fish4_24hpf_roi1,fish4_24hpf_roi1,612,/clusterfs/vast/abcabc/Aang_Foundation/20251028_mem-peroxi2/fish4_24hpf_roi1,aang,Aang_Foundation/20251028_mem-peroxi2,fish4_24hpf_roi1,,,,,,
20251028_mem-peroxi2,fish5_24hpf_roi1,fish5_24hpf_roi1,fish5_24hpf_roi1,816,/clusterfs/vast/abcabc/Aang_Foundation/20251028_mem-peroxi2/fish5_24hpf_roi1,aang,Aang_Foundation/20251028_mem-peroxi2,fish5_24hpf_roi1,,,,,,
20251028_mem-peroxi2,fish6_24hpf_roi1,fish6_24hpf_roi1,fish6_24hpf_roi1,816,/clusterfs/vast/abcabc/Aang_Foundation/20251028_mem-peroxi2/fish6_24hpf_roi1,aang,Aang_Foundation/20251028_mem-peroxi2,fish6_24hpf_roi1,,,,,,
20251029_peroxi,fish1_roi1,fish1_roi1,fish1_roi1,2,/clusterfs/vast/abcabc/Aang_Foundation/20251029_peroxi/fish1_roi1,aang,Aang_Foundation/20251029_peroxi,fish1_roi1,,,,,,
20251105_mem-mito,fish1_24hpf_roi1,fish1_24hpf_roi1,fish1_24hpf_roi1,408,/clusterfs/vast/abcabc/Aang_Foundation/20251105_mem-mito/fish1_24hpf_roi1,aang,Aang_Foundation/20251105_mem-mito,fish1_24hpf_roi1,,,,,,
20251105_mem-mito,fish2_24hpf_roi1,fish2_24hpf_roi1,fish2_24hpf_roi1,408,/clusterfs/vast/abcabc/Aang_Foundation/20251105_mem-mito/fish2_24hpf_roi1,aang,Aang_Foundation/20251105_mem-mito,fish2_24hpf_roi1,,,,,,
20251105_mem-mito,fish2_24hpf_roi2,fish2_24hpf_roi2,fish2_24hpf_roi2,340,/clusterfs/vast/abcabc/Aang_Foundation/20251105_mem-mito/fish2_24hpf_roi2,aang,Aang_Foundation/20251105_mem-mito,fish2_24hpf_roi2,,,,,,
20251105_mem-mito,fish3_24hpf_roi1,fish3_24hpf_roi1,fish3_24hpf_roi1,272,/clusterfs/vast/abcabc/Aang_Foundation/20251105_mem-mito/fish3_24hpf_roi1,aang,Aang_Foundation/20251105_mem-mito,fish3_24hpf_roi1,,,,,,
20251105_mem-mito,fish3_24hpf_roi2,fish3_24hpf_roi2,fish3_24hpf_roi2,272,/clusterfs/vast/abcabc/Aang_Foundation/20251105_mem-mito/fish3_24hpf_roi2,aang,Aang_Foundation/20251105_mem-mito,fish3_24hpf_roi2,,,,,,
20251105_mem-mito,fish4_24hpf_roi1,fish4_24hpf_roi1,fish4_24hpf_roi1,272,/clusterfs/vast/abcabc/Aang_Foundation/20251105_mem-mito/fish4_24hpf_roi1,aang,Aang_Foundation/20251105_mem-mito,fish4_24hpf_roi1,,,,,,
20251105_mem-mito,fish4_24hpf_roi2,fish4_24hpf_roi2,fish4_24hpf_roi2,272,/clusterfs/vast/abcabc/Aang_Foundation/20251105_mem-mito/fish4_24hpf_roi2,aang,Aang_Foundation/20251105_mem-mito,fish4_24hpf_roi2,,,,,,
20251105_mem-mito,fish5_24hpf_roi1,fish5_24hpf_roi1,fish5_24hpf_roi1,272,/clusterfs/vast/abcabc/Aang_Foundation/20251105_mem-mito/fish5_24hpf_roi1,aang,Aang_Foundation/20251105_mem-mito,fish5_24hpf_roi1,,,,,,
20251105_mem-mito,fish5_24hpf_roi2,fish5_24hpf_roi2,fish5_24hpf_roi2,272,/clusterfs/vast/abcabc/Aang_Foundation/20251105_mem-mito/fish5_24hpf_roi2,aang,Aang_Foundation/20251105_mem-mito,fish5_24hpf_roi2,,,,,,
20251106_mem-mito,fish1_48hpf_roi1,fish1_48hpf_roi1,fish1_48hpf_roi1,272,/clusterfs/vast/abcabc/Aang_Foundation/20251106_mem-mito/fish1_48hpf_roi1,aang,Aang_Foundation/20251106_mem-mito,fish1_48hpf_roi1,,,,,,
20251106_mem-mito,fish1_48hpf_roi2,fish1_48hpf_roi2,fish1_48hpf_roi2,544,/clusterfs/vast/abcabc/Aang_Foundation/20251106_mem-mito/fish1_48hpf_roi2,aang,Aang_Foundation/20251106_mem-mito,fish1_48hpf_roi2,,,,,,
20251106_mem-mito,fish2_48hpf_roi1,fish2_48hpf_roi1,fish2_48hpf_roi1,272,/clusterfs/vast/abcabc/Aang_Foundation/20251106_mem-mito/fish2_48hpf_roi1,aang,Aang_Foundation/20251106_mem-mito,fish2_48hpf_roi1,,,,,,
20251106_mem-mito,fish2_48hpf_roi2,fish2_48hpf_roi2,fish2_48hpf_roi2,272,/clusterfs/vast/abcabc/Aang_Foundation/20251106_mem-mito/fish2_48hpf_roi2,aang,Aang_Foundation/20251106_mem-mito,fish2_48hpf_roi2,,,,,,
20251106_mem-mito,fish2_48hpf_roi3,fish2_48hpf_roi3,fish2_48hpf_roi3,272,/clusterfs/vast/abcabc/Aang_Foundation/20251106_mem-mito/fish2_48hpf_roi3,aang,Aang_Foundation/20251106_mem-mito,fish2_48hpf_roi3,,,,,,
20251106_mem-mito,fish2_48hpf_roi4,fish2_48hpf_roi4,fish2_48hpf_roi4,272,/clusterfs/vast/abcabc/Aang_Foundation/20251106_mem-mito/fish2_48hpf_roi4,aang,Aang_Foundation/20251106_mem-mito,fish2_48hpf_roi4,,,,,,
20251106_mem-mito,fish3_48hpf_roi1,fish3_48hpf_roi1,fish3_48hpf_roi1,272,/clusterfs/vast/abcabc/Aang_Foundation/20251106_mem-mito/fish3_48hpf_roi1,aang,Aang_Foundation/20251106_mem-mito,fish3_48hpf_roi1,,,,,,
20251106_mem-mito,fish3_48hpf_roi2,fish3_48hpf_roi2,fish3_48hpf_roi2,272,/clusterfs/vast/abcabc/Aang_Foundation/20251106_mem-mito/fish3_48hpf_roi2,aang,Aang_Foundation/20251106_mem-mito,fish3_48hpf_roi2,,,,,,
20251106_mem-mito,fish3_48hpf_roi3,fish3_48hpf_roi3,fish3_48hpf_roi3,272,/clusterfs/vast/abcabc/Aang_Foundation/20251106_mem-mito/fish3_48hpf_roi3,aang,Aang_Foundation/20251106_mem-mito,fish3_48hpf_roi3,,,,,,
20251106_mem-mito,fish4_48hpf_roi1,fish4_48hpf_roi1,fish4_48hpf_roi1,272,/clusterfs/vast/abcabc/Aang_Foundation/20251106_mem-mito/fish4_48hpf_roi1,aang,Aang_Foundation/20251106_mem-mito,fish4_48hpf_roi1,,,,,,
20251106_mem-mito,fish4_48hpf_roi2,fish4_48hpf_roi2,fish4_48hpf_roi2,272,/clusterfs/vast/abcabc/Aang_Foundation/20251106_mem-mito/fish4_48hpf_roi2,aang,Aang_Foundation/20251106_mem-mito,fish4_48hpf_roi2,,,,,,
20251106_mem-mito,fish4_48hpf_roi3,fish4_48hpf_roi3,fish4_48hpf_roi3,272,/clusterfs/vast/abcabc/Aang_Foundation/20251106_mem-mito/fish4_48hpf_roi3,aang,Aang_Foundation/20251106_mem-mito,fish4_48hpf_roi3,,,,,,
20251106_mem-mito,fish4_48hpf_roi4,fish4_48hpf_roi4,fish4_48hpf_roi4,272,/clusterfs/vast/abcabc/Aang_Foundation/20251106_mem-mito/fish4_48hpf_roi4,aang,Aang_Foundation/20251106_mem-mito,fish4_48hpf_roi4,,,,,,
20251106_mem-mito,fish5_48hpf_roi1,fish5_48hpf_roi1,fish5_48hpf_roi1,272,/clusterfs/vast/abcabc/Aang_Foundation/20251106_mem-mito/fish5_48hpf_roi1,aang,Aang_Foundation/20251106_mem-mito,fish5_48hpf_roi1,,,,,,
20251106_mem-mito,fish5_48hpf_roi2,fish5_48hpf_roi2,fish5_48hpf_roi2,272,/clusterfs/vast/abcabc/Aang_Foundation/20251106_mem-mito/fish5_48hpf_roi2,aang,Aang_Foundation/20251106_mem-mito,fish5_48hpf_roi2,,,,,,
20251106_mem-mito,fish5_48hpf_roi3,fish5_48hpf_roi3,fish5_48hpf_roi3,272,/clusterfs/vast/abcabc/Aang_Foundation/20251106_mem-mito/fish5_48hpf_roi3,aang,Aang_Foundation/20251106_mem-mito,fish5_48hpf_roi3,,,,,,
20251107_mem-kinectocore,fish1_72hpf_roi1,fish1_72hpf_roi1,fish1_72hpf_roi1,504,/clusterfs/vast/abcabc/Aang_Foundation/20251107_mem-kinectocore/fish1_72hpf_roi1,aang,Aang_Foundation/20251107_mem-kinectocore,fish1_72hpf_roi1,,,,,,
20251107_mem-mito,fish1_24hpf_roi1,fish1_24hpf_roi1,fish1_24hpf_roi1,37,/clusterfs/vast/abcabc/Aang_Foundation/20251107_mem-mito/fish1_24hpf_roi1,aang,Aang_Foundation/20251107_mem-mito,fish1_24hpf_roi1,,,,,,
20251107_mem-mito,fish1_24hpf_roi1-2,fish1_24hpf_roi1-2,fish1_24hpf_roi1-2,400,/clusterfs/vast/abcabc/Aang_Foundation/20251107_mem-mito/fish1_24hpf_roi1-2,aang,Aang_Foundation/20251107_mem-mito,fish1_24hpf_roi1-2,,,,,,
20251107_mem-mito,fish1_24hpf_roi2,fish1_24hpf_roi2,fish1_24hpf_roi2,400,/clusterfs/vast/abcabc/Aang_Foundation/20251107_mem-mito/fish1_24hpf_roi2,aang,Aang_Foundation/20251107_mem-mito,fish1_24hpf_roi2,,,,,,
20251107_mem-mito,fish1_24hpf_roi3,fish1_24hpf_roi3,fish1_24hpf_roi3,115,/clusterfs/vast/abcabc/Aang_Foundation/20251107_mem-mito/fish1_24hpf_roi3,aang,Aang_Foundation/20251107_mem-mito,fish1_24hpf_roi3,,,,,,
20251107_mem-mito,fish2_24hpf_roi3,fish2_24hpf_roi3,fish2_24hpf_roi3,400,/clusterfs/vast/abcabc/Aang_Foundation/20251107_mem-mito/fish2_24hpf_roi3,aang,Aang_Foundation/20251107_mem-mito,fish2_24hpf_roi3,,,,,,
20251107_mem-mito,fish3_24hpf_roi1,fish3_24hpf_roi1,fish3_24hpf_roi1,400,/clusterfs/vast/abcabc/Aang_Foundation/20251107_mem-mito/fish3_24hpf_roi1,aang,Aang_Foundation/20251107_mem-mito,fish3_24hpf_roi1,,,,,,
20251107_mem-mito,fish3_24hpf_roi2,fish3_24hpf_roi2,fish3_24hpf_roi2,400,/clusterfs/vast/abcabc/Aang_Foundation/20251107_mem-mito/fish3_24hpf_roi2,aang,Aang_Foundation/20251107_mem-mito,fish3_24hpf_roi2,,,,,,
20251107_mem-mito,fish4_24hpf_roi1,fish4_24hpf_roi1,fish4_24hpf_roi1,400,/clusterfs/vast/abcabc/Aang_Foundation/20251107_mem-mito/fish4_24hpf_roi1,aang,Aang_Foundation/20251107_mem-mito,fish4_24hpf_roi1,,,,,,
20251107_mem-mito,fish4_24hpf_roi2,fish4_24hpf_roi2,fish4_24hpf_roi2,400,/clusterfs/vast/abcabc/Aang_Foundation/20251107_mem-mito/fish4_24hpf_roi2,aang,Aang_Foundation/20251107_mem-mito,fish4_24hpf_roi2,,,,,,
20251107_mem-mito,fish5_24hpf_roi1,fish5_24hpf_roi1,fish5_24hpf_roi1,400,/clusterfs/vast/abcabc/Aang_Foundation/20251107_mem-mito/fish5_24hpf_roi1,aang,Aang_Foundation/20251107_mem-mito,fish5_24hpf_roi1,,,,,,
20251107_mem-mito,fish5_24hpf_roi2,fish5_24hpf_roi2,fish5_24hpf_roi2,400,/clusterfs/vast/abcabc/Aang_Foundation/20251107_mem-mito/fish5_24hpf_roi2,aang,Aang_Foundation/20251107_mem-mito,fish5_24hpf_roi2,,,,,,
20251107_mem-mito,fish6_24hpf_roi1,fish6_24hpf_roi1,fish6_24hpf_roi1,400,/clusterfs/vast/abcabc/Aang_Foundation/20251107_mem-mito/fish6_24hpf_roi1,aang,Aang_Foundation/20251107_mem-mito,fish6_24hpf_roi1,,,,,,
20251107_mem-mito,fish6_24hpf_roi2,fish6_24hpf_roi2,fish6_24hpf_roi2,400,/clusterfs/vast/abcabc/Aang_Foundation/20251107_mem-mito/fish6_24hpf_roi2,aang,Aang_Foundation/20251107_mem-mito,fish6_24hpf_roi2,,,,,,
Denoising,20251028_peroxi,roi1_560_10ms,roi1_560_10ms,2,/clusterfs/vast/abcabc/Aang_Foundation/Denoising/20251028_peroxi/roi1_560_10ms,aang,Aang_Foundation/Denoising,roi1_560_10ms,,,,,,
Denoising,20251028_peroxi,roi1_560_76ms,roi1_560_76ms,2,/clusterfs/vast/abcabc/Aang_Foundation/Denoising/20251028_peroxi/roi1_560_76ms,aang,Aang_Foundation/Denoising,roi1_560_76ms,,,,,,
Denoising,20251029_mem-histone,fish1_roi1,fish1_roi1,96,/clusterfs/vast/abcabc/Aang_Foundation/Denoising/20251029_mem-histone/fish1_roi1,aang,Aang_Foundation/Denoising,fish1_roi1,,,,,,
Denoising,20251029_mem-histone,fish3_roi1,fish3_roi1,288,/clusterfs/vast/abcabc/Aang_Foundation/Denoising/20251029_mem-histone/fish3_roi1,aang,Aang_Foundation/Denoising,fish3_roi1,,,,,,
Denoising,20251029_mem-histone,fish4_roi1,fish4_roi1,288,/clusterfs/vast/abcabc/Aang_Foundation/Denoising/20251029_mem-histone/fish4_roi1,aang,Aang_Foundation/Denoising,fish4_roi1,,,,,,
Denoising,20251029_mem-histone,fish5_roi1,fish5_roi1,288,/clusterfs/vast/abcabc/Aang_Foundation/Denoising/20251029_mem-histone/fish5_roi1,aang,Aang_Foundation/Denoising,fish5_roi1,,,,,,
Denoising,20251029_mem-histone,fish5_roi2,fish5_roi2,288,/clusterfs/vast/abcabc/Aang_Foundation/Denoising/20251029_mem-histone/fish5_roi2,aang,Aang_Foundation/Denoising,fish5_roi2,,,,,,
Denoising,20251029_mem-histone,fish5_roi3,fish5_roi3,288,/clusterfs/vast/abcabc/Aang_Foundation/Denoising/20251029_mem-histone/fish5_roi3,aang,Aang_Foundation/Denoising,fish5_roi3,,,,,,
Denoising,20251029_peroxi,fish1_roi1,fish1_roi1,144,/clusterfs/vast/abcabc/Aang_Foundation/Denoising/20251029_peroxi/fish1_roi1,aang,Aang_Foundation/Denoising,fish1_roi1,,,,,,
Denoising,20251029_peroxi,fish3_roi1,fish3_roi1,444,/clusterfs/vast/abcabc/Aang_Foundation/Denoising/20251029_peroxi/fish3_roi1,aang,Aang_Foundation/Denoising,fish3_roi1,,,,,,
20250428_mem_histone,fish1_72hpf,roi1_tail,roi1_tail,3206,/clusterfs/vast/abcabc/Korra_Foundation/20250428_mem_histone/fish1_72hpf/roi1_tail,korra,Korra_Foundation/20250428_mem_histone,roi1_tail,,,,,,
20250428_mem_histone,fish1_72hpf,roi2_hindbrain_spine,roi2_hindbrain_spine,9760,/clusterfs/vast/abcabc/Korra_Foundation/20250428_mem_histone/fish1_72hpf/roi2_hindbrain_spine,korra,Korra_Foundation/20250428_mem_histone,roi2_hindbrain_spine,,,,,,
20250429_mem_cytosol,fish1_24hpf,roi1_test,roi1_test,46,/clusterfs/vast/abcabc/Korra_Foundation/20250429_mem_cytosol/fish1_24hpf/roi1_test,korra,Korra_Foundation/20250429_mem_cytosol,roi1_test,,,,,,
20250429_mem_cytosol,fish3_mem-halo_24hpf,roi2,roi2,5120,/clusterfs/vast/abcabc/Korra_Foundation/20250429_mem_cytosol/fish3_mem-halo_24hpf/roi2,korra,Korra_Foundation/20250429_mem_cytosol,roi2,,,,,,
20250429_mem_cytosol,fish4_mem-halo_48hpf,roi2,roi2,4608,/clusterfs/vast/abcabc/Korra_Foundation/20250429_mem_cytosol/fish4_mem-halo_48hpf/roi2,korra,Korra_Foundation/20250429_mem_cytosol,roi2,,,,,,
20250429_mem_cytosol,fish4_mem-halo_48hpf,roi3,roi3,6056,/clusterfs/vast/abcabc/Korra_Foundation/20250429_mem_cytosol/fish4_mem-halo_48hpf/roi3,korra,Korra_Foundation/20250429_mem_cytosol,roi3,,,,,,
20250513_skittles,fish1,roi2,roi2,38,/clusterfs/vast/abcabc/Korra_Foundation/20250513_skittles/fish1/roi2,korra,Korra_Foundation/20250513_skittles,roi2,,,,,,
20250513_skittles,fish1,roi2_2,roi2_2,18,/clusterfs/vast/abcabc/Korra_Foundation/20250513_skittles/fish1/roi2_2,korra,Korra_Foundation/20250513_skittles,roi2_2,,,,,,
20250513_skittles,fish11,roi1_test,roi1_test,4,/clusterfs/vast/abcabc/Korra_Foundation/20250513_skittles/fish11/roi1_test,korra,Korra_Foundation/20250513_skittles,roi1_test,,,,,,
20250513_skittles,fish12,roi2,roi2,18,/clusterfs/vast/abcabc/Korra_Foundation/20250513_skittles/fish12/roi2,korra,Korra_Foundation/20250513_skittles,roi2,,,,,,
20250513_skittles,fish12,roi3,roi3,18,/clusterfs/vast/abcabc/Korra_Foundation/20250513_skittles/fish12/roi3,korra,Korra_Foundation/20250513_skittles,roi3,,,,,,
20250513_skittles,fish13,roi2,roi2,18,/clusterfs/vast/abcabc/Korra_Foundation/20250513_skittles/fish13/roi2,korra,Korra_Foundation/20250513_skittles,roi2,,,,,,
20250513_skittles,fish13,roi3,roi3,18,/clusterfs/vast/abcabc/Korra_Foundation/20250513_skittles/fish13/roi3,korra,Korra_Foundation/20250513_skittles,roi3,,,,,,
20250513_skittles,fish13,roi4,roi4,18,/clusterfs/vast/abcabc/Korra_Foundation/20250513_skittles/fish13/roi4,korra,Korra_Foundation/20250513_skittles,roi4,,,,,,
20250513_skittles,fish14,roi1_brain,roi1_brain,36,/clusterfs/vast/abcabc/Korra_Foundation/20250513_skittles/fish14/roi1_brain,korra,Korra_Foundation/20250513_skittles,roi1_brain,,,,,,
20250513_skittles,fish14,roi2_tailbud,roi2_tailbud,18,/clusterfs/vast/abcabc/Korra_Foundation/20250513_skittles/fish14/roi2_tailbud,korra,Korra_Foundation/20250513_skittles,roi2_tailbud,,,,,,
20250513_skittles,fish15,roi2,roi2,18,/clusterfs/vast/abcabc/Korra_Foundation/20250513_skittles/fish15/roi2,korra,Korra_Foundation/20250513_skittles,roi2,,,,,,
20250513_skittles,fish15,roi3,roi3,18,/clusterfs/vast/abcabc/Korra_Foundation/20250513_skittles/fish15/roi3,korra,Korra_Foundation/20250513_skittles,roi3,,,,,,
20250513_skittles,fish15,roi4,roi4,18,/clusterfs/vast/abcabc/Korra_Foundation/20250513_skittles/fish15/roi4,korra,Korra_Foundation/20250513_skittles,roi4,,,,,,
20250513_skittles,fish16,roi1_brain,roi1_brain,18,/clusterfs/vast/abcabc/Korra_Foundation/20250513_skittles/fish16/roi1_brain,korra,Korra_Foundation/20250513_skittles,roi1_brain,,,,,,
20250513_skittles,fish2,roi2,roi2,10,/clusterfs/vast/abcabc/Korra_Foundation/20250513_skittles/fish2/roi2,korra,Korra_Foundation/20250513_skittles,roi2,,,,,,
20250513_skittles,fish3,roi2,roi2,36,/clusterfs/vast/abcabc/Korra_Foundation/20250513_skittles/fish3/roi2,korra,Korra_Foundation/20250513_skittles,roi2,,,,,,
20250513_skittles,fish3,roi3,roi3,36,/clusterfs/vast/abcabc/Korra_Foundation/20250513_skittles/fish3/roi3,korra,Korra_Foundation/20250513_skittles,roi3,,,,,,
20250513_skittles,fish3,roi4,roi4,36,/clusterfs/vast/abcabc/Korra_Foundation/20250513_skittles/fish3/roi4,korra,Korra_Foundation/20250513_skittles,roi4,,,,,,
20250513_skittles,fish4,roi2,roi2,72,/clusterfs/vast/abcabc/Korra_Foundation/20250513_skittles/fish4/roi2,korra,Korra_Foundation/20250513_skittles,roi2,,,,,,
20250513_skittles,fish4,roi3,roi3,36,/clusterfs/vast/abcabc/Korra_Foundation/20250513_skittles/fish4/roi3,korra,Korra_Foundation/20250513_skittles,roi3,,,,,,
20250513_skittles,fish5,roi2,roi2,36,/clusterfs/vast/abcabc/Korra_Foundation/20250513_skittles/fish5/roi2,korra,Korra_Foundation/20250513_skittles,roi2,,,,,,
20250513_skittles,fish5,roi3,roi3,36,/clusterfs/vast/abcabc/Korra_Foundation/20250513_skittles/fish5/roi3,korra,Korra_Foundation/20250513_skittles,roi3,,,,,,
20250513_skittles,fish5,roi4,roi4,36,/clusterfs/vast/abcabc/Korra_Foundation/20250513_skittles/fish5/roi4,korra,Korra_Foundation/20250513_skittles,roi4,,,,,,
20250513_skittles,fish5,roi5,roi5,36,/clusterfs/vast/abcabc/Korra_Foundation/20250513_skittles/fish5/roi5,korra,Korra_Foundation/20250513_skittles,roi5,,,,,,
20250513_skittles,fish5,roi6,roi6,36,/clusterfs/vast/abcabc/Korra_Foundation/20250513_skittles/fish5/roi6,korra,Korra_Foundation/20250513_skittles,roi6,,,,,,
20250513_skittles,fish5,roi7,roi7,36,/clusterfs/vast/abcabc/Korra_Foundation/20250513_skittles/fish5/roi7,korra,Korra_Foundation/20250513_skittles,roi7,,,,,,
20250513_skittles,fish6,roi2,roi2,36,/clusterfs/vast/abcabc/Korra_Foundation/20250513_skittles/fish6/roi2,korra,Korra_Foundation/20250513_skittles,roi2,,,,,,
20250513_skittles,fish6,roi3,roi3,36,/clusterfs/vast/abcabc/Korra_Foundation/20250513_skittles/fish6/roi3,korra,Korra_Foundation/20250513_skittles,roi3,,,,,,
20250513_skittles,fish6,roi4,roi4,36,/clusterfs/vast/abcabc/Korra_Foundation/20250513_skittles/fish6/roi4,korra,Korra_Foundation/20250513_skittles,roi4,,,,,,
20250513_skittles,fish7,roi1_ear_brain,roi1_ear_brain,72,/clusterfs/vast/abcabc/Korra_Foundation/20250513_skittles/fish7/roi1_ear_brain,korra,Korra_Foundation/20250513_skittles,roi1_ear_brain,,,,,,
20250513_skittles,fish7,roi2_brain,roi2_brain,36,/clusterfs/vast/abcabc/Korra_Foundation/20250513_skittles/fish7/roi2_brain,korra,Korra_Foundation/20250513_skittles,roi2_brain,,,,,,
20250520_mem_histone,fish4,roi1_tailbud,roi1_tailbud,266,/clusterfs/vast/abcabc/Korra_Foundation/20250520_mem_histone/fish4/roi1_tailbud,korra,Korra_Foundation/20250520_mem_histone,roi1_tailbud,,,,,,
20250520_mem_histone,fish4,roi1_tailbud_2,roi1_tailbud_2,1026,/clusterfs/vast/abcabc/Korra_Foundation/20250520_mem_histone/fish4/roi1_tailbud_2,korra,Korra_Foundation/20250520_mem_histone,roi1_tailbud_2,,,,,,
20250520_mem_histone,fish5,roi1_tailbud,roi1_tailbud,3040,/clusterfs/vast/abcabc/Korra_Foundation/20250520_mem_histone/fish5/roi1_tailbud,korra,Korra_Foundation/20250520_mem_histone,roi1_tailbud,,,,,,
20250521_skittles_no-membrane,fish2,roi2,roi2,20,/clusterfs/vast/abcabc/Korra_Foundation/20250521_skittles_no-membrane/fish2/roi2,korra,Korra_Foundation/20250521_skittles_no-membrane,roi2,,,,,,
20250521_skittles_no-membrane,fish4,roi2,roi2,30,/clusterfs/vast/abcabc/Korra_Foundation/20250521_skittles_no-membrane/fish4/roi2,korra,Korra_Foundation/20250521_skittles_no-membrane,roi2,,,,,,
20250522_skittlez,fish1,roi2,roi2,72,/clusterfs/vast/abcabc/Korra_Foundation/20250522_skittlez/fish1/roi2,korra,Korra_Foundation/20250522_skittlez,roi2,,,,,,
20250522_skittlez,fish2,roi2,roi2,72,/clusterfs/vast/abcabc/Korra_Foundation/20250522_skittlez/fish2/roi2,korra,Korra_Foundation/20250522_skittlez,roi2,,,,,,
20250522_skittlez,fish3,roi2,roi2,72,/clusterfs/vast/abcabc/Korra_Foundation/20250522_skittlez/fish3/roi2,korra,Korra_Foundation/20250522_skittlez,roi2,,,,,,
20250522_skittlez,fish3,roi3,roi3,72,/clusterfs/vast/abcabc/Korra_Foundation/20250522_skittlez/fish3/roi3,korra,Korra_Foundation/20250522_skittlez,roi3,,,,,,
20250522_skittlez,fish4,roi2,roi2,36,/clusterfs/vast/abcabc/Korra_Foundation/20250522_skittlez/fish4/roi2,korra,Korra_Foundation/20250522_skittlez,roi2,,,,,,
20250522_skittlez,fish6,roi2,roi2,90,/clusterfs/vast/abcabc/Korra_Foundation/20250522_skittlez/fish6/roi2,korra,Korra_Foundation/20250522_skittlez,roi2,,,,,,
20250522_skittlez,fish7,roi2,roi2,90,/clusterfs/vast/abcabc/Korra_Foundation/20250522_skittlez/fish7/roi2,korra,Korra_Foundation/20250522_skittlez,roi2,,,,,,
20250522_skittlez,fish7,roi3,roi3,90,/clusterfs/vast/abcabc/Korra_Foundation/20250522_skittlez/fish7/roi3,korra,Korra_Foundation/20250522_skittlez,roi3,,,,,,
20250522_skittlez,fish8,roi2,roi2,90,/clusterfs/vast/abcabc/Korra_Foundation/20250522_skittlez/fish8/roi2,korra,Korra_Foundation/20250522_skittlez,roi2,,,,,,
20250522_skittlez,fish8,roi3,roi3,90,/clusterfs/vast/abcabc/Korra_Foundation/20250522_skittlez/fish8/roi3,korra,Korra_Foundation/20250522_skittlez,roi3,,,,,,
20250528_mem-histone,fish1,roi1_spine,roi1_spine,3192,/clusterfs/vast/abcabc/Korra_Foundation/20250528_mem-histone/fish1/roi1_spine,korra,Korra_Foundation/20250528_mem-histone,roi1_spine,,,,,,
20250528_mem-histone,fish2,roi1_brain,roi1_brain,1300,/clusterfs/vast/abcabc/Korra_Foundation/20250528_mem-histone/fish2/roi1_brain,korra,Korra_Foundation/20250528_mem-histone,roi1_brain,,,,,,
20250528_mem-histone,fish3,roi2_spine,roi2_spine,5642,/clusterfs/vast/abcabc/Korra_Foundation/20250528_mem-histone/fish3/roi2_spine,korra,Korra_Foundation/20250528_mem-histone,roi2_spine,,,,,,
20250528_skittlez,fish1,roi2,roi2,24,/clusterfs/vast/abcabc/Korra_Foundation/20250528_skittlez/fish1/roi2,korra,Korra_Foundation/20250528_skittlez,roi2,,,,,,
20250529_skittlez,fish10_roi1,fish10_roi1,fish10_roi1,96,/clusterfs/vast/abcabc/Korra_Foundation/20250529_skittlez/fish10_roi1,korra,Korra_Foundation/20250529_skittlez,fish10_roi1,,,,,,
20250529_skittlez,fish11_roi1_eye,fish11_roi1_eye,fish11_roi1_eye,18,/clusterfs/vast/abcabc/Korra_Foundation/20250529_skittlez/fish11_roi1_eye,korra,Korra_Foundation/20250529_skittlez,fish11_roi1_eye,,,,,,
20250529_skittlez,fish11_roi1_eye_2,fish11_roi1_eye_2,fish11_roi1_eye_2,96,/clusterfs/vast/abcabc/Korra_Foundation/20250529_skittlez/fish11_roi1_eye_2,korra,Korra_Foundation/20250529_skittlez,fish11_roi1_eye_2,,,,,,
20250529_skittlez,fish12_roi1,fish12_roi1,fish12_roi1,96,/clusterfs/vast/abcabc/Korra_Foundation/20250529_skittlez/fish12_roi1,korra,Korra_Foundation/20250529_skittlez,fish12_roi1,,,,,,
20250529_skittlez,fish13_roi1,fish13_roi1,fish13_roi1,96,/clusterfs/vast/abcabc/Korra_Foundation/20250529_skittlez/fish13_roi1,korra,Korra_Foundation/20250529_skittlez,fish13_roi1,,,,,,
20250529_skittlez,fish14_roi1,fish14_roi1,fish14_roi1,96,/clusterfs/vast/abcabc/Korra_Foundation/20250529_skittlez/fish14_roi1,korra,Korra_Foundation/20250529_skittlez,fish14_roi1,,,,,,
20250529_skittlez,fish14_roi2,fish14_roi2,fish14_roi2,96,/clusterfs/vast/abcabc/Korra_Foundation/20250529_skittlez/fish14_roi2,korra,Korra_Foundation/20250529_skittlez,fish14_roi2,,,,,,
20250529_skittlez,fish14_roi3,fish14_roi3,fish14_roi3,96,/clusterfs/vast/abcabc/Korra_Foundation/20250529_skittlez/fish14_roi3,korra,Korra_Foundation/20250529_skittlez,fish14_roi3,,,,,,
20250529_skittlez,fish15_roi1,fish15_roi1,fish15_roi1,144,/clusterfs/vast/abcabc/Korra_Foundation/20250529_skittlez/fish15_roi1,korra,Korra_Foundation/20250529_skittlez,fish15_roi1,,,,,,
20250529_skittlez,fish1_roi1,fish1_roi1,fish1_roi1,96,/clusterfs/vast/abcabc/Korra_Foundation/20250529_skittlez/fish1_roi1,korra,Korra_Foundation/20250529_skittlez,fish1_roi1,,,,,,
20250529_skittlez,fish1_roi2,fish1_roi2,fish1_roi2,96,/clusterfs/vast/abcabc/Korra_Foundation/20250529_skittlez/fish1_roi2,korra,Korra_Foundation/20250529_skittlez,fish1_roi2,,,,,,
20250529_skittlez,fish1_roi3,fish1_roi3,fish1_roi3,48,/clusterfs/vast/abcabc/Korra_Foundation/20250529_skittlez/fish1_roi3,korra,Korra_Foundation/20250529_skittlez,fish1_roi3,,,,,,
20250529_skittlez,fish2_roi1,fish2_roi1,fish2_roi1,90,/clusterfs/vast/abcabc/Korra_Foundation/20250529_skittlez/fish2_roi1,korra,Korra_Foundation/20250529_skittlez,fish2_roi1,,,,,,
20250529_skittlez,fish2_roi2,fish2_roi2,fish2_roi2,90,/clusterfs/vast/abcabc/Korra_Foundation/20250529_skittlez/fish2_roi2,korra,Korra_Foundation/20250529_skittlez,fish2_roi2,,,,,,
20250529_skittlez,fish4_roi1,fish4_roi1,fish4_roi1,90,/clusterfs/vast/abcabc/Korra_Foundation/20250529_skittlez/fish4_roi1,korra,Korra_Foundation/20250529_skittlez,fish4_roi1,,,,,,
20250529_skittlez,fish5_roi1,fish5_roi1,fish5_roi1,120,/clusterfs/vast/abcabc/Korra_Foundation/20250529_skittlez/fish5_roi1,korra,Korra_Foundation/20250529_skittlez,fish5_roi1,,,,,,
20250529_skittlez,fish5_roi2,fish5_roi2,fish5_roi2,120,/clusterfs/vast/abcabc/Korra_Foundation/20250529_skittlez/fish5_roi2,korra,Korra_Foundation/20250529_skittlez,fish5_roi2,,,,,,
20250529_skittlez,fish6_roi1,fish6_roi1,fish6_roi1,120,/clusterfs/vast/abcabc/Korra_Foundation/20250529_skittlez/fish6_roi1,korra,Korra_Foundation/20250529_skittlez,fish6_roi1,,,,,,
20250529_skittlez,fish7_roi1,fish7_roi1,fish7_roi1,72,/clusterfs/vast/abcabc/Korra_Foundation/20250529_skittlez/fish7_roi1,korra,Korra_Foundation/20250529_skittlez,fish7_roi1,,,,,,
20250529_skittlez,fish8_roi1,fish8_roi1,fish8_roi1,96,/clusterfs/vast/abcabc/Korra_Foundation/20250529_skittlez/fish8_roi1,korra,Korra_Foundation/20250529_skittlez,fish8_roi1,,,,,,
20250529_skittlez,fish9_roi1,fish9_roi1,fish9_roi1,96,/clusterfs/vast/abcabc/Korra_Foundation/20250529_skittlez/fish9_roi1,korra,Korra_Foundation/20250529_skittlez,fish9_roi1,,,,,,
20250529_skittlez,fish9_roi2,fish9_roi2,fish9_roi2,96,/clusterfs/vast/abcabc/Korra_Foundation/20250529_skittlez/fish9_roi2,korra,Korra_Foundation/20250529_skittlez,fish9_roi2,,,,,,
20250530_mem-histone,fish1_roi1,fish1_roi1,fish1_roi1,2636,/clusterfs/vast/abcabc/Korra_Foundation/20250530_mem-histone/fish1_roi1,korra,Korra_Foundation/20250530_mem-histone,fish1_roi1,,,,,,
20250530_mem-histone,fish1_roi1-2,fish1_roi1-2,fish1_roi1-2,12200,/clusterfs/vast/abcabc/Korra_Foundation/20250530_mem-histone/fish1_roi1-2,korra,Korra_Foundation/20250530_mem-histone,fish1_roi1-2,,,,,,
20250530_mem-histone,fish2_roi1,fish2_roi1,fish2_roi1,4350,/clusterfs/vast/abcabc/Korra_Foundation/20250530_mem-histone/fish2_roi1,korra,Korra_Foundation/20250530_mem-histone,fish2_roi1,,,,,,
20250602_mem,fish2_roi1,fish2_roi1,fish2_roi1,15812,/clusterfs/vast/abcabc/Korra_Foundation/20250602_mem/fish2_roi1,korra,Korra_Foundation/20250602_mem,fish2_roi1,,,,,,
20250603_skittlez,fish10_roi1,fish10_roi1,fish10_roi1,144,/clusterfs/vast/abcabc/Korra_Foundation/20250603_skittlez/fish10_roi1,korra,Korra_Foundation/20250603_skittlez,fish10_roi1,,,,,,
20250603_skittlez,fish11_roi1,fish11_roi1,fish11_roi1,96,/clusterfs/vast/abcabc/Korra_Foundation/20250603_skittlez/fish11_roi1,korra,Korra_Foundation/20250603_skittlez,fish11_roi1,,,,,,
20250603_skittlez,fish12_roi1,fish12_roi1,fish12_roi1,192,/clusterfs/vast/abcabc/Korra_Foundation/20250603_skittlez/fish12_roi1,korra,Korra_Foundation/20250603_skittlez,fish12_roi1,,,,,,
20250603_skittlez,fish13_roi1,fish13_roi1,fish13_roi1,96,/clusterfs/vast/abcabc/Korra_Foundation/20250603_skittlez/fish13_roi1,korra,Korra_Foundation/20250603_skittlez,fish13_roi1,,,,,,
20250603_skittlez,fish14_roi1,fish14_roi1,fish14_roi1,240,/clusterfs/vast/abcabc/Korra_Foundation/20250603_skittlez/fish14_roi1,korra,Korra_Foundation/20250603_skittlez,fish14_roi1,,,,,,
20250603_skittlez,fish15_roi1,fish15_roi1,fish15_roi1,168,/clusterfs/vast/abcabc/Korra_Foundation/20250603_skittlez/fish15_roi1,korra,Korra_Foundation/20250603_skittlez,fish15_roi1,,,,,,
20250603_skittlez,fish16_roi1,fish16_roi1,fish16_roi1,120,/clusterfs/vast/abcabc/Korra_Foundation/20250603_skittlez/fish16_roi1,korra,Korra_Foundation/20250603_skittlez,fish16_roi1,,,,,,
20250603_skittlez,fish1_roi1_1,fish1_roi1_1,fish1_roi1_1,72,/clusterfs/vast/abcabc/Korra_Foundation/20250603_skittlez/fish1_roi1_1,korra,Korra_Foundation/20250603_skittlez,fish1_roi1_1,,,,,,
20250603_skittlez,fish2_roi1,fish2_roi1,fish2_roi1,6,/clusterfs/vast/abcabc/Korra_Foundation/20250603_skittlez/fish2_roi1,korra,Korra_Foundation/20250603_skittlez,fish2_roi1,,,,,,
20250603_skittlez,fish2_roi1_1,fish2_roi1_1,fish2_roi1_1,72,/clusterfs/vast/abcabc/Korra_Foundation/20250603_skittlez/fish2_roi1_1,korra,Korra_Foundation/20250603_skittlez,fish2_roi1_1,,,,,,
20250603_skittlez,fish3_roi1,fish3_roi1,fish3_roi1,90,/clusterfs/vast/abcabc/Korra_Foundation/20250603_skittlez/fish3_roi1,korra,Korra_Foundation/20250603_skittlez,fish3_roi1,,,,,,
20250603_skittlez,fish4_roi1,fish4_roi1,fish4_roi1,126,/clusterfs/vast/abcabc/Korra_Foundation/20250603_skittlez/fish4_roi1,korra,Korra_Foundation/20250603_skittlez,fish4_roi1,,,,,,
20250603_skittlez,fish6_roi1,fish6_roi1,fish6_roi1,174,/clusterfs/vast/abcabc/Korra_Foundation/20250603_skittlez/fish6_roi1,korra,Korra_Foundation/20250603_skittlez,fish6_roi1,,,,,,
20250603_skittlez,fish7_roi1,fish7_roi1,fish7_roi1,108,/clusterfs/vast/abcabc/Korra_Foundation/20250603_skittlez/fish7_roi1,korra,Korra_Foundation/20250603_skittlez,fish7_roi1,,,,,,
20250603_skittlez,fish8_roi1,fish8_roi1,fish8_roi1,72,/clusterfs/vast/abcabc/Korra_Foundation/20250603_skittlez/fish8_roi1,korra,Korra_Foundation/20250603_skittlez,fish8_roi1,,,,,,
20250603_skittlez,fish9_roi1,fish9_roi1,fish9_roi1,138,/clusterfs/vast/abcabc/Korra_Foundation/20250603_skittlez/fish9_roi1,korra,Korra_Foundation/20250603_skittlez,fish9_roi1,,,,,,
20250603_skittlez,fish9_roi2,fish9_roi2,fish9_roi2,48,/clusterfs/vast/abcabc/Korra_Foundation/20250603_skittlez/fish9_roi2,korra,Korra_Foundation/20250603_skittlez,fish9_roi2,,,,,,
20250603_skittlez,fish9_roi3,fish9_roi3,fish9_roi3,48,/clusterfs/vast/abcabc/Korra_Foundation/20250603_skittlez/fish9_roi3,korra,Korra_Foundation/20250603_skittlez,fish9_roi3,,,,,,
20250605_skittlez,fish10_roi1,fish10_roi1,fish10_roi1,72,/clusterfs/vast/abcabc/Korra_Foundation/20250605_skittlez/fish10_roi1,korra,Korra_Foundation/20250605_skittlez,fish10_roi1,,,,,,
20250605_skittlez,fish10_roi2,fish10_roi2,fish10_roi2,72,/clusterfs/vast/abcabc/Korra_Foundation/20250605_skittlez/fish10_roi2,korra,Korra_Foundation/20250605_skittlez,fish10_roi2,,,,,,
20250605_skittlez,fish11_roi1,fish11_roi1,fish11_roi1,96,/clusterfs/vast/abcabc/Korra_Foundation/20250605_skittlez/fish11_roi1,korra,Korra_Foundation/20250605_skittlez,fish11_roi1,,,,,,
20250605_skittlez,fish11_roi2,fish11_roi2,fish11_roi2,120,/clusterfs/vast/abcabc/Korra_Foundation/20250605_skittlez/fish11_roi2,korra,Korra_Foundation/20250605_skittlez,fish11_roi2,,,,,,
20250605_skittlez,fish12_roi1,fish12_roi1,fish12_roi1,96,/clusterfs/vast/abcabc/Korra_Foundation/20250605_skittlez/fish12_roi1,korra,Korra_Foundation/20250605_skittlez,fish12_roi1,,,,,,
20250605_skittlez,fish13_roi1,fish13_roi1,fish13_roi1,96,/clusterfs/vast/abcabc/Korra_Foundation/20250605_skittlez/fish13_roi1,korra,Korra_Foundation/20250605_skittlez,fish13_roi1,,,,,,
20250605_skittlez,fish13_roi2,fish13_roi2,fish13_roi2,96,/clusterfs/vast/abcabc/Korra_Foundation/20250605_skittlez/fish13_roi2,korra,Korra_Foundation/20250605_skittlez,fish13_roi2,,,,,,
20250605_skittlez,fish14_roi1,fish14_roi1,fish14_roi1,96,/clusterfs/vast/abcabc/Korra_Foundation/20250605_skittlez/fish14_roi1,korra,Korra_Foundation/20250605_skittlez,fish14_roi1,,,,,,
20250605_skittlez,fish1_roi1,fish1_roi1,fish1_roi1,90,/clusterfs/vast/abcabc/Korra_Foundation/20250605_skittlez/fish1_roi1,korra,Korra_Foundation/20250605_skittlez,fish1_roi1,,,,,,
20250605_skittlez,fish2_roi1,fish2_roi1,fish2_roi1,72,/clusterfs/vast/abcabc/Korra_Foundation/20250605_skittlez/fish2_roi1,korra,Korra_Foundation/20250605_skittlez,fish2_roi1,,,,,,
20250605_skittlez,fish2_roi12,fish2_roi12,fish2_roi12,72,/clusterfs/vast/abcabc/Korra_Foundation/20250605_skittlez/fish2_roi12,korra,Korra_Foundation/20250605_skittlez,fish2_roi12,,,,,,
20250605_skittlez,fish3_roi12,fish3_roi12,fish3_roi12,72,/clusterfs/vast/abcabc/Korra_Foundation/20250605_skittlez/fish3_roi12,korra,Korra_Foundation/20250605_skittlez,fish3_roi12,,,,,,
20250605_skittlez,fish3_roi2,fish3_roi2,fish3_roi2,72,/clusterfs/vast/abcabc/Korra_Foundation/20250605_skittlez/fish3_roi2,korra,Korra_Foundation/20250605_skittlez,fish3_roi2,,,,,,
20250605_skittlez,fish4_roi1,fish4_roi1,fish4_roi1,72,/clusterfs/vast/abcabc/Korra_Foundation/20250605_skittlez/fish4_roi1,korra,Korra_Foundation/20250605_skittlez,fish4_roi1,,,,,,
20250605_skittlez,fish5_roi1,fish5_roi1,fish5_roi1,54,/clusterfs/vast/abcabc/Korra_Foundation/20250605_skittlez/fish5_roi1,korra,Korra_Foundation/20250605_skittlez,fish5_roi1,,,,,,
20250605_skittlez,fish5_roi2,fish5_roi2,fish5_roi2,54,/clusterfs/vast/abcabc/Korra_Foundation/20250605_skittlez/fish5_roi2,korra,Korra_Foundation/20250605_skittlez,fish5_roi2,,,,,,
20250605_skittlez,fish6_roi1,fish6_roi1,fish6_roi1,72,/clusterfs/vast/abcabc/Korra_Foundation/20250605_skittlez/fish6_roi1,korra,Korra_Foundation/20250605_skittlez,fish6_roi1,,,,,,
20250605_skittlez,fish7_roi1,fish7_roi1,fish7_roi1,72,/clusterfs/vast/abcabc/Korra_Foundation/20250605_skittlez/fish7_roi1,korra,Korra_Foundation/20250605_skittlez,fish7_roi1,,,,,,
20250605_skittlez,fish8_roi1,fish8_roi1,fish8_roi1,54,/clusterfs/vast/abcabc/Korra_Foundation/20250605_skittlez/fish8_roi1,korra,Korra_Foundation/20250605_skittlez,fish8_roi1,,,,,,
20250605_skittlez,fish9_roi1,fish9_roi1,fish9_roi1,72,/clusterfs/vast/abcabc/Korra_Foundation/20250605_skittlez/fish9_roi1,korra,Korra_Foundation/20250605_skittlez,fish9_roi1,,,,,,
20250605_skittlez,fish9_roi2,fish9_roi2,fish9_roi2,72,/clusterfs/vast/abcabc/Korra_Foundation/20250605_skittlez/fish9_roi2,korra,Korra_Foundation/20250605_skittlez,fish9_roi2,,,,,,
20250606_skittlez,fish10_roi1,fish10_roi1,fish10_roi1,72,/clusterfs/vast/abcabc/Korra_Foundation/20250606_skittlez/fish10_roi1,korra,Korra_Foundation/20250606_skittlez,fish10_roi1,,,,,,
20250606_skittlez,fish11_roi1,fish11_roi1,fish11_roi1,72,/clusterfs/vast/abcabc/Korra_Foundation/20250606_skittlez/fish11_roi1,korra,Korra_Foundation/20250606_skittlez,fish11_roi1,,,,,,
20250606_skittlez,fish11_roi2,fish11_roi2,fish11_roi2,72,/clusterfs/vast/abcabc/Korra_Foundation/20250606_skittlez/fish11_roi2,korra,Korra_Foundation/20250606_skittlez,fish11_roi2,,,,,,
20250606_skittlez,fish12_roi1,fish12_roi1,fish12_roi1,72,/clusterfs/vast/abcabc/Korra_Foundation/20250606_skittlez/fish12_roi1,korra,Korra_Foundation/20250606_skittlez,fish12_roi1,,,,,,
20250606_skittlez,fish12_roi2,fish12_roi2,fish12_roi2,72,/clusterfs/vast/abcabc/Korra_Foundation/20250606_skittlez/fish12_roi2,korra,Korra_Foundation/20250606_skittlez,fish12_roi2,,,,,,
20250606_skittlez,fish13_roi1,fish13_roi1,fish13_roi1,72,/clusterfs/vast/abcabc/Korra_Foundation/20250606_skittlez/fish13_roi1,korra,Korra_Foundation/20250606_skittlez,fish13_roi1,,,,,,
20250606_skittlez,fish13_roi2,fish13_roi2,fish13_roi2,72,/clusterfs/vast/abcabc/Korra_Foundation/20250606_skittlez/fish13_roi2,korra,Korra_Foundation/20250606_skittlez,fish13_roi2,,,,,,
20250606_skittlez,fish14_roi1,fish14_roi1,fish14_roi1,72,/clusterfs/vast/abcabc/Korra_Foundation/20250606_skittlez/fish14_roi1,korra,Korra_Foundation/20250606_skittlez,fish14_roi1,,,,,,
20250606_skittlez,fish14_roi2,fish14_roi2,fish14_roi2,72,/clusterfs/vast/abcabc/Korra_Foundation/20250606_skittlez/fish14_roi2,korra,Korra_Foundation/20250606_skittlez,fish14_roi2,,,,,,
20250606_skittlez,fish14_roi3,fish14_roi3,fish14_roi3,72,/clusterfs/vast/abcabc/Korra_Foundation/20250606_skittlez/fish14_roi3,korra,Korra_Foundation/20250606_skittlez,fish14_roi3,,,,,,
20250606_skittlez,fish15_roi1,fish15_roi1,fish15_roi1,72,/clusterfs/vast/abcabc/Korra_Foundation/20250606_skittlez/fish15_roi1,korra,Korra_Foundation/20250606_skittlez,fish15_roi1,,,,,,
20250606_skittlez,fish15_roi2,fish15_roi2,fish15_roi2,72,/clusterfs/vast/abcabc/Korra_Foundation/20250606_skittlez/fish15_roi2,korra,Korra_Foundation/20250606_skittlez,fish15_roi2,,,,,,
20250606_skittlez,fish15_roi3,fish15_roi3,fish15_roi3,72,/clusterfs/vast/abcabc/Korra_Foundation/20250606_skittlez/fish15_roi3,korra,Korra_Foundation/20250606_skittlez,fish15_roi3,,,,,,
20250606_skittlez,fish1_roi1,fish1_roi1,fish1_roi1,48,/clusterfs/vast/abcabc/Korra_Foundation/20250606_skittlez/fish1_roi1,korra,Korra_Foundation/20250606_skittlez,fish1_roi1,,,,,,
20250606_skittlez,fish2_roi1,fish2_roi1,fish2_roi1,48,/clusterfs/vast/abcabc/Korra_Foundation/20250606_skittlez/fish2_roi1,korra,Korra_Foundation/20250606_skittlez,fish2_roi1,,,,,,
20250606_skittlez,fish3_roi1,fish3_roi1,fish3_roi1,48,/clusterfs/vast/abcabc/Korra_Foundation/20250606_skittlez/fish3_roi1,korra,Korra_Foundation/20250606_skittlez,fish3_roi1,,,,,,
20250606_skittlez,fish4_roi1,fish4_roi1,fish4_roi1,48,/clusterfs/vast/abcabc/Korra_Foundation/20250606_skittlez/fish4_roi1,korra,Korra_Foundation/20250606_skittlez,fish4_roi1,,,,,,
20250606_skittlez,fish6_roi1,fish6_roi1,fish6_roi1,48,/clusterfs/vast/abcabc/Korra_Foundation/20250606_skittlez/fish6_roi1,korra,Korra_Foundation/20250606_skittlez,fish6_roi1,,,,,,
20250606_skittlez,fish7_roi1,fish7_roi1,fish7_roi1,48,/clusterfs/vast/abcabc/Korra_Foundation/20250606_skittlez/fish7_roi1,korra,Korra_Foundation/20250606_skittlez,fish7_roi1,,,,,,
20250606_skittlez,fish7_roi2,fish7_roi2,fish7_roi2,48,/clusterfs/vast/abcabc/Korra_Foundation/20250606_skittlez/fish7_roi2,korra,Korra_Foundation/20250606_skittlez,fish7_roi2,,,,,,
20250606_skittlez,fish8_roi1,fish8_roi1,fish8_roi1,48,/clusterfs/vast/abcabc/Korra_Foundation/20250606_skittlez/fish8_roi1,korra,Korra_Foundation/20250606_skittlez,fish8_roi1,,,,,,
20250606_skittlez,fish9_roi1,fish9_roi1,fish9_roi1,72,/clusterfs/vast/abcabc/Korra_Foundation/20250606_skittlez/fish9_roi1,korra,Korra_Foundation/20250606_skittlez,fish9_roi1,,,,,,
20250606_skittlez,fish9_roi2,fish9_roi2,fish9_roi2,72,/clusterfs/vast/abcabc/Korra_Foundation/20250606_skittlez/fish9_roi2,korra,Korra_Foundation/20250606_skittlez,fish9_roi2,,,,,,
20250609_mem-histone,fish2_24hpf_roi1,fish2_24hpf_roi1,fish2_24hpf_roi1,2880,/clusterfs/vast/abcabc/Korra_Foundation/20250609_mem-histone/fish2_24hpf_roi1,korra,Korra_Foundation/20250609_mem-histone,fish2_24hpf_roi1,,,,,,
20250609_mem-histone,fish2_24hpf_roi2,fish2_24hpf_roi2,fish2_24hpf_roi2,3520,/clusterfs/vast/abcabc/Korra_Foundation/20250609_mem-histone/fish2_24hpf_roi2,korra,Korra_Foundation/20250609_mem-histone,fish2_24hpf_roi2,,,,,,
20250609_mem-histone,fish3_24hpf_roi1,fish3_24hpf_roi1,fish3_24hpf_roi1,4000,/clusterfs/vast/abcabc/Korra_Foundation/20250609_mem-histone/fish3_24hpf_roi1,korra,Korra_Foundation/20250609_mem-histone,fish3_24hpf_roi1,,,,,,
20250609_mem-histone,fish4_24hpf_roi1,fish4_24hpf_roi1,fish4_24hpf_roi1,2560,/clusterfs/vast/abcabc/Korra_Foundation/20250609_mem-histone/fish4_24hpf_roi1,korra,Korra_Foundation/20250609_mem-histone,fish4_24hpf_roi1,,,,,,
20250609_mem-histone,fish5_24hpf_roi1,fish5_24hpf_roi1,fish5_24hpf_roi1,2560,/clusterfs/vast/abcabc/Korra_Foundation/20250609_mem-histone/fish5_24hpf_roi1,korra,Korra_Foundation/20250609_mem-histone,fish5_24hpf_roi1,,,,,,
20250609_mem-histone,fish5_48hpf_roi2,fish5_48hpf_roi2,fish5_48hpf_roi2,2560,/clusterfs/vast/abcabc/Korra_Foundation/20250609_mem-histone/fish5_48hpf_roi2,korra,Korra_Foundation/20250609_mem-histone,fish5_48hpf_roi2,,,,,,
20250609_mem-histone,fish6_48hpf_roi1,fish6_48hpf_roi1,fish6_48hpf_roi1,2080,/clusterfs/vast/abcabc/Korra_Foundation/20250609_mem-histone/fish6_48hpf_roi1,korra,Korra_Foundation/20250609_mem-histone,fish6_48hpf_roi1,,,,,,
20250609_mem-histone,fish6_48hpf_roi2,fish6_48hpf_roi2,fish6_48hpf_roi2,1600,/clusterfs/vast/abcabc/Korra_Foundation/20250609_mem-histone/fish6_48hpf_roi2,korra,Korra_Foundation/20250609_mem-histone,fish6_48hpf_roi2,,,,,,
20250612_skittlez,fish1_roi1,fish1_roi1,fish1_roi1,300,/clusterfs/vast/abcabc/Korra_Foundation/20250612_skittlez/fish1_roi1,korra,Korra_Foundation/20250612_skittlez,fish1_roi1,,,,,,
20250612_skittlez,fish2_roi1,fish2_roi1,fish2_roi1,120,/clusterfs/vast/abcabc/Korra_Foundation/20250612_skittlez/fish2_roi1,korra,Korra_Foundation/20250612_skittlez,fish2_roi1,,,,,,
20250612_skittlez,fish3_roi1,fish3_roi1,fish3_roi1,150,/clusterfs/vast/abcabc/Korra_Foundation/20250612_skittlez/fish3_roi1,korra,Korra_Foundation/20250612_skittlez,fish3_roi1,,,,,,
20250612_skittlez,fish4_roi1,fish4_roi1,fish4_roi1,270,/clusterfs/vast/abcabc/Korra_Foundation/20250612_skittlez/fish4_roi1,korra,Korra_Foundation/20250612_skittlez,fish4_roi1,,,,,,
20250612_skittlez,fish5_roi1,fish5_roi1,fish5_roi1,120,/clusterfs/vast/abcabc/Korra_Foundation/20250612_skittlez/fish5_roi1,korra,Korra_Foundation/20250612_skittlez,fish5_roi1,,,,,,
20250612_skittlez,fish5_roi2,fish5_roi2,fish5_roi2,120,/clusterfs/vast/abcabc/Korra_Foundation/20250612_skittlez/fish5_roi2,korra,Korra_Foundation/20250612_skittlez,fish5_roi2,,,,,,
20250612_skittlez,fish5_roi3,fish5_roi3,fish5_roi3,120,/clusterfs/vast/abcabc/Korra_Foundation/20250612_skittlez/fish5_roi3,korra,Korra_Foundation/20250612_skittlez,fish5_roi3,,,,,,
20250612_skittlez,fish6_roi1,fish6_roi1,fish6_roi1,120,/clusterfs/vast/abcabc/Korra_Foundation/20250612_skittlez/fish6_roi1,korra,Korra_Foundation/20250612_skittlez,fish6_roi1,,,,,,
20250612_skittlez,fish7_roi1,fish7_roi1,fish7_roi1,90,/clusterfs/vast/abcabc/Korra_Foundation/20250612_skittlez/fish7_roi1,korra,Korra_Foundation/20250612_skittlez,fish7_roi1,,,,,,
20250612_skittlez,fish8_roi1,fish8_roi1,fish8_roi1,180,/clusterfs/vast/abcabc/Korra_Foundation/20250612_skittlez/fish8_roi1,korra,Korra_Foundation/20250612_skittlez,fish8_roi1,,,,,,
20250613_skittlez,fish10_roi1,fish10_roi1,fish10_roi1,120,/clusterfs/vast/abcabc/Korra_Foundation/20250613_skittlez/fish10_roi1,korra,Korra_Foundation/20250613_skittlez,fish10_roi1,,,,,,
20250613_skittlez,fish11_roi1,fish11_roi1,fish11_roi1,180,/clusterfs/vast/abcabc/Korra_Foundation/20250613_skittlez/fish11_roi1,korra,Korra_Foundation/20250613_skittlez,fish11_roi1,,,,,,
20250613_skittlez,fish12_roi1,fish12_roi1,fish12_roi1,150,/clusterfs/vast/abcabc/Korra_Foundation/20250613_skittlez/fish12_roi1,korra,Korra_Foundation/20250613_skittlez,fish12_roi1,,,,,,
20250613_skittlez,fish1_roi1,fish1_roi1,fish1_roi1,144,/clusterfs/vast/abcabc/Korra_Foundation/20250613_skittlez/fish1_roi1,korra,Korra_Foundation/20250613_skittlez,fish1_roi1,,,,,,
20250613_skittlez,fish2_roi1,fish2_roi1,fish2_roi1,108,/clusterfs/vast/abcabc/Korra_Foundation/20250613_skittlez/fish2_roi1,korra,Korra_Foundation/20250613_skittlez,fish2_roi1,,,,,,
20250613_skittlez,fish3_roi1,fish3_roi1,fish3_roi1,72,/clusterfs/vast/abcabc/Korra_Foundation/20250613_skittlez/fish3_roi1,korra,Korra_Foundation/20250613_skittlez,fish3_roi1,,,,,,
20250613_skittlez,fish4_roi1,fish4_roi1,fish4_roi1,72,/clusterfs/vast/abcabc/Korra_Foundation/20250613_skittlez/fish4_roi1,korra,Korra_Foundation/20250613_skittlez,fish4_roi1,,,,,,
20250613_skittlez,fish5_roi1,fish5_roi1,fish5_roi1,90,/clusterfs/vast/abcabc/Korra_Foundation/20250613_skittlez/fish5_roi1,korra,Korra_Foundation/20250613_skittlez,fish5_roi1,,,,,,
20250613_skittlez,fish6_roi1,fish6_roi1,fish6_roi1,60,/clusterfs/vast/abcabc/Korra_Foundation/20250613_skittlez/fish6_roi1,korra,Korra_Foundation/20250613_skittlez,fish6_roi1,,,,,,
20250613_skittlez,fish7_roi,fish7_roi,fish7_roi,108,/clusterfs/vast/abcabc/Korra_Foundation/20250613_skittlez/fish7_roi,korra,Korra_Foundation/20250613_skittlez,fish7_roi,,,,,,
20250613_skittlez,fish8_roi1,fish8_roi1,fish8_roi1,90,/clusterfs/vast/abcabc/Korra_Foundation/20250613_skittlez/fish8_roi1,korra,Korra_Foundation/20250613_skittlez,fish8_roi1,,,,,,
20250613_skittlez,fish9_roi1,fish9_roi1,fish9_roi1,240,/clusterfs/vast/abcabc/Korra_Foundation/20250613_skittlez/fish9_roi1,korra,Korra_Foundation/20250613_skittlez,fish9_roi1,,,,,,
20250616_mem-histone,fish1_24hpf_roi1_brain,fish1_24hpf_roi1_brain,fish1_24hpf_roi1_brain,1812,/clusterfs/vast/abcabc/Korra_Foundation/20250616_mem-histone/fish1_24hpf_roi1_brain,korra,Korra_Foundation/20250616_mem-histone,fish1_24hpf_roi1_brain,,,,,,
20250616_mem-histone,fish1_72hpf_roi1-ear,fish1_72hpf_roi1-ear,fish1_72hpf_roi1-ear,1144,/clusterfs/vast/abcabc/Korra_Foundation/20250616_mem-histone/fish1_72hpf_roi1-ear,korra,Korra_Foundation/20250616_mem-histone,fish1_72hpf_roi1-ear,,,,,,
20250616_mem-histone,fish1_72hpf_roi2_muscle,fish1_72hpf_roi2_muscle,fish1_72hpf_roi2_muscle,8600,/clusterfs/vast/abcabc/Korra_Foundation/20250616_mem-histone/fish1_72hpf_roi2_muscle,korra,Korra_Foundation/20250616_mem-histone,fish1_72hpf_roi2_muscle,,,,,,
20250616_mem-histone,fish2_24hpf_roi1_brain,fish2_24hpf_roi1_brain,fish2_24hpf_roi1_brain,3248,/clusterfs/vast/abcabc/Korra_Foundation/20250616_mem-histone/fish2_24hpf_roi1_brain,korra,Korra_Foundation/20250616_mem-histone,fish2_24hpf_roi1_brain,,,,,,
20250616_mem-histone,fish3_24hpf_roi1_brain,fish3_24hpf_roi1_brain,fish3_24hpf_roi1_brain,3584,/clusterfs/vast/abcabc/Korra_Foundation/20250616_mem-histone/fish3_24hpf_roi1_brain,korra,Korra_Foundation/20250616_mem-histone,fish3_24hpf_roi1_brain,,,,,,
20250616_mem-histone,fish4_24hpf_roi1_brain,fish4_24hpf_roi1_brain,fish4_24hpf_roi1_brain,1664,/clusterfs/vast/abcabc/Korra_Foundation/20250616_mem-histone/fish4_24hpf_roi1_brain,korra,Korra_Foundation/20250616_mem-histone,fish4_24hpf_roi1_brain,,,,,,
20250618_skittlez,fish10_roi1,fish10_roi1,fish10_roi1,72,/clusterfs/vast/abcabc/Korra_Foundation/20250618_skittlez/fish10_roi1,korra,Korra_Foundation/20250618_skittlez,fish10_roi1,,,,,,
20250618_skittlez,fish10_roi2,fish10_roi2,fish10_roi2,72,/clusterfs/vast/abcabc/Korra_Foundation/20250618_skittlez/fish10_roi2,korra,Korra_Foundation/20250618_skittlez,fish10_roi2,,,,,,
20250618_skittlez,fish10_roi3,fish10_roi3,fish10_roi3,72,/clusterfs/vast/abcabc/Korra_Foundation/20250618_skittlez/fish10_roi3,korra,Korra_Foundation/20250618_skittlez,fish10_roi3,,,,,,
20250618_skittlez,fish10_roi4,fish10_roi4,fish10_roi4,72,/clusterfs/vast/abcabc/Korra_Foundation/20250618_skittlez/fish10_roi4,korra,Korra_Foundation/20250618_skittlez,fish10_roi4,,,,,,
20250618_skittlez,fish11_roi1,fish11_roi1,fish11_roi1,90,/clusterfs/vast/abcabc/Korra_Foundation/20250618_skittlez/fish11_roi1,korra,Korra_Foundation/20250618_skittlez,fish11_roi1,,,,,,
20250618_skittlez,fish1_roi1,fish1_roi1,fish1_roi1,24,/clusterfs/vast/abcabc/Korra_Foundation/20250618_skittlez/fish1_roi1,korra,Korra_Foundation/20250618_skittlez,fish1_roi1,,,,,,
20250618_skittlez,fish1_roi1_2,fish1_roi1_2,fish1_roi1_2,96,/clusterfs/vast/abcabc/Korra_Foundation/20250618_skittlez/fish1_roi1_2,korra,Korra_Foundation/20250618_skittlez,fish1_roi1_2,,,,,,
20250618_skittlez,fish2_roi1,fish2_roi1,fish2_roi1,120,/clusterfs/vast/abcabc/Korra_Foundation/20250618_skittlez/fish2_roi1,korra,Korra_Foundation/20250618_skittlez,fish2_roi1,,,,,,
20250618_skittlez,fish3_roi1,fish3_roi1,fish3_roi1,72,/clusterfs/vast/abcabc/Korra_Foundation/20250618_skittlez/fish3_roi1,korra,Korra_Foundation/20250618_skittlez,fish3_roi1,,,,,,
20250618_skittlez,fish4_roi1,fish4_roi1,fish4_roi1,72,/clusterfs/vast/abcabc/Korra_Foundation/20250618_skittlez/fish4_roi1,korra,Korra_Foundation/20250618_skittlez,fish4_roi1,,,,,,
20250618_skittlez,fish5_roi1,fish5_roi1,fish5_roi1,72,/clusterfs/vast/abcabc/Korra_Foundation/20250618_skittlez/fish5_roi1,korra,Korra_Foundation/20250618_skittlez,fish5_roi1,,,,,,
20250618_skittlez,fish6_roi1,fish6_roi1,fish6_roi1,54,/clusterfs/vast/abcabc/Korra_Foundation/20250618_skittlez/fish6_roi1,korra,Korra_Foundation/20250618_skittlez,fish6_roi1,,,,,,
20250618_skittlez,fish6_roi2,fish6_roi2,fish6_roi2,72,/clusterfs/vast/abcabc/Korra_Foundation/20250618_skittlez/fish6_roi2,korra,Korra_Foundation/20250618_skittlez,fish6_roi2,,,,,,
20250618_skittlez,fish7_roi1,fish7_roi1,fish7_roi1,72,/clusterfs/vast/abcabc/Korra_Foundation/20250618_skittlez/fish7_roi1,korra,Korra_Foundation/20250618_skittlez,fish7_roi1,,,,,,
20250618_skittlez,fish7_roi2,fish7_roi2,fish7_roi2,72,/clusterfs/vast/abcabc/Korra_Foundation/20250618_skittlez/fish7_roi2,korra,Korra_Foundation/20250618_skittlez,fish7_roi2,,,,,,
20250618_skittlez,fish7_roi3,fish7_roi3,fish7_roi3,48,/clusterfs/vast/abcabc/Korra_Foundation/20250618_skittlez/fish7_roi3,korra,Korra_Foundation/20250618_skittlez,fish7_roi3,,,,,,
20250618_skittlez,fish7_roi4,fish7_roi4,fish7_roi4,48,/clusterfs/vast/abcabc/Korra_Foundation/20250618_skittlez/fish7_roi4,korra,Korra_Foundation/20250618_skittlez,fish7_roi4,,,,,,
20250618_skittlez,fish8_roi1,fish8_roi1,fish8_roi1,48,/clusterfs/vast/abcabc/Korra_Foundation/20250618_skittlez/fish8_roi1,korra,Korra_Foundation/20250618_skittlez,fish8_roi1,,,,,,
20250618_skittlez,fish8_roi2,fish8_roi2,fish8_roi2,48,/clusterfs/vast/abcabc/Korra_Foundation/20250618_skittlez/fish8_roi2,korra,Korra_Foundation/20250618_skittlez,fish8_roi2,,,,,,
20250618_skittlez,fish8_roi3,fish8_roi3,fish8_roi3,48,/clusterfs/vast/abcabc/Korra_Foundation/20250618_skittlez/fish8_roi3,korra,Korra_Foundation/20250618_skittlez,fish8_roi3,,,,,,
20250618_skittlez,fish8_roi4,fish8_roi4,fish8_roi4,48,/clusterfs/vast/abcabc/Korra_Foundation/20250618_skittlez/fish8_roi4,korra,Korra_Foundation/20250618_skittlez,fish8_roi4,,,,,,
20250618_skittlez,fish9_roi1,fish9_roi1,fish9_roi1,48,/clusterfs/vast/abcabc/Korra_Foundation/20250618_skittlez/fish9_roi1,korra,Korra_Foundation/20250618_skittlez,fish9_roi1,,,,,,
20250618_skittlez,fish9_roi2,fish9_roi2,fish9_roi2,48,/clusterfs/vast/abcabc/Korra_Foundation/20250618_skittlez/fish9_roi2,korra,Korra_Foundation/20250618_skittlez,fish9_roi2,,,,,,
20250619_skittlez,fish1_roi1,fish1_roi1,fish1_roi1,72,/clusterfs/vast/abcabc/Korra_Foundation/20250619_skittlez/fish1_roi1,korra,Korra_Foundation/20250619_skittlez,fish1_roi1,,,,,,
20250619_skittlez,fish1_roi2,fish1_roi2,fish1_roi2,72,/clusterfs/vast/abcabc/Korra_Foundation/20250619_skittlez/fish1_roi2,korra,Korra_Foundation/20250619_skittlez,fish1_roi2,,,,,,
20250619_skittlez,fish2_roi1,fish2_roi1,fish2_roi1,72,/clusterfs/vast/abcabc/Korra_Foundation/20250619_skittlez/fish2_roi1,korra,Korra_Foundation/20250619_skittlez,fish2_roi1,,,,,,
20250619_skittlez,fish3_roi1,fish3_roi1,fish3_roi1,72,/clusterfs/vast/abcabc/Korra_Foundation/20250619_skittlez/fish3_roi1,korra,Korra_Foundation/20250619_skittlez,fish3_roi1,,,,,,
20250619_skittlez,fish3_roi2,fish3_roi2,fish3_roi2,72,/clusterfs/vast/abcabc/Korra_Foundation/20250619_skittlez/fish3_roi2,korra,Korra_Foundation/20250619_skittlez,fish3_roi2,,,,,,
20250619_skittlez,fish4_roi1,fish4_roi1,fish4_roi1,108,/clusterfs/vast/abcabc/Korra_Foundation/20250619_skittlez/fish4_roi1,korra,Korra_Foundation/20250619_skittlez,fish4_roi1,,,,,,
20250619_skittlez,fish5_roi1,fish5_roi1,fish5_roi1,72,/clusterfs/vast/abcabc/Korra_Foundation/20250619_skittlez/fish5_roi1,korra,Korra_Foundation/20250619_skittlez,fish5_roi1,,,,,,
20250619_skittlez,fish5_roi2,fish5_roi2,fish5_roi2,72,/clusterfs/vast/abcabc/Korra_Foundation/20250619_skittlez/fish5_roi2,korra,Korra_Foundation/20250619_skittlez,fish5_roi2,,,,,,
20250620_mitomSG,fish1_roi1,fish1_roi1,fish1_roi1,705,/clusterfs/vast/abcabc/Korra_Foundation/20250620_mitomSG/fish1_roi1,korra,Korra_Foundation/20250620_mitomSG,fish1_roi1,,,,,,
20250624_skittlez_Chris_x_Liam,fish2_roi1,fish2_roi1,fish2_roi1,72,/clusterfs/vast/abcabc/Korra_Foundation/20250624_skittlez_Chris_x_Liam/fish2_roi1,korra,Korra_Foundation/20250624_skittlez_Chris_x_Liam,fish2_roi1,,,,,,
20250624_skittlez_Chris_x_Liam,fish3_roi1,fish3_roi1,fish3_roi1,72,/clusterfs/vast/abcabc/Korra_Foundation/20250624_skittlez_Chris_x_Liam/fish3_roi1,korra,Korra_Foundation/20250624_skittlez_Chris_x_Liam,fish3_roi1,,,,,,
20250624_skittlez_Chris_x_Liam,fish3_roi2,fish3_roi2,fish3_roi2,72,/clusterfs/vast/abcabc/Korra_Foundation/20250624_skittlez_Chris_x_Liam/fish3_roi2,korra,Korra_Foundation/20250624_skittlez_Chris_x_Liam,fish3_roi2,,,,,,
20250624_skittlez_Chris_x_Liam,fish3_roi3,fish3_roi3,fish3_roi3,72,/clusterfs/vast/abcabc/Korra_Foundation/20250624_skittlez_Chris_x_Liam/fish3_roi3,korra,Korra_Foundation/20250624_skittlez_Chris_x_Liam,fish3_roi3,,,,,,
20250624_skittlez_Chris_x_Liam,fish4_roi1,fish4_roi1,fish4_roi1,72,/clusterfs/vast/abcabc/Korra_Foundation/20250624_skittlez_Chris_x_Liam/fish4_roi1,korra,Korra_Foundation/20250624_skittlez_Chris_x_Liam,fish4_roi1,,,,,,
20250624_skittlez_Chris_x_Liam,fish4_roi2,fish4_roi2,fish4_roi2,72,/clusterfs/vast/abcabc/Korra_Foundation/20250624_skittlez_Chris_x_Liam/fish4_roi2,korra,Korra_Foundation/20250624_skittlez_Chris_x_Liam,fish4_roi2,,,,,,
20250624_skittlez_Chris_x_Liam,fish4_roi3,fish4_roi3,fish4_roi3,72,/clusterfs/vast/abcabc/Korra_Foundation/20250624_skittlez_Chris_x_Liam/fish4_roi3,korra,Korra_Foundation/20250624_skittlez_Chris_x_Liam,fish4_roi3,,,,,,
20250624_skittlez_Chris_x_Liam,fish4_roi4,fish4_roi4,fish4_roi4,72,/clusterfs/vast/abcabc/Korra_Foundation/20250624_skittlez_Chris_x_Liam/fish4_roi4,korra,Korra_Foundation/20250624_skittlez_Chris_x_Liam,fish4_roi4,,,,,,
20250624_skittlez_Chris_x_Liam,fish5_roi1,fish5_roi1,fish5_roi1,2,/clusterfs/vast/abcabc/Korra_Foundation/20250624_skittlez_Chris_x_Liam/fish5_roi1,korra,Korra_Foundation/20250624_skittlez_Chris_x_Liam,fish5_roi1,,,,,,
20250624_skittlez_Chris_x_Liam,fish5_roi1-1,fish5_roi1-1,fish5_roi1-1,48,/clusterfs/vast/abcabc/Korra_Foundation/20250624_skittlez_Chris_x_Liam/fish5_roi1-1,korra,Korra_Foundation/20250624_skittlez_Chris_x_Liam,fish5_roi1-1,,,,,,
20250624_skittlez_Chris_x_Liam,fish6_roi1,fish6_roi1,fish6_roi1,48,/clusterfs/vast/abcabc/Korra_Foundation/20250624_skittlez_Chris_x_Liam/fish6_roi1,korra,Korra_Foundation/20250624_skittlez_Chris_x_Liam,fish6_roi1,,,,,,
20250624_skittlez_Chris_x_Liam,fish6_roi2,fish6_roi2,fish6_roi2,48,/clusterfs/vast/abcabc/Korra_Foundation/20250624_skittlez_Chris_x_Liam/fish6_roi2,korra,Korra_Foundation/20250624_skittlez_Chris_x_Liam,fish6_roi2,,,,,,
20250624_skittlez_Chris_x_Liam,fish6_roi3,fish6_roi3,fish6_roi3,48,/clusterfs/vast/abcabc/Korra_Foundation/20250624_skittlez_Chris_x_Liam/fish6_roi3,korra,Korra_Foundation/20250624_skittlez_Chris_x_Liam,fish6_roi3,,,,,,
20250624_skittlez_Chris_x_Liam,fish7_roi1,fish7_roi1,fish7_roi1,48,/clusterfs/vast/abcabc/Korra_Foundation/20250624_skittlez_Chris_x_Liam/fish7_roi1,korra,Korra_Foundation/20250624_skittlez_Chris_x_Liam,fish7_roi1,,,,,,
20250624_skittlez_Chris_x_Liam,fish7_roi2,fish7_roi2,fish7_roi2,48,/clusterfs/vast/abcabc/Korra_Foundation/20250624_skittlez_Chris_x_Liam/fish7_roi2,korra,Korra_Foundation/20250624_skittlez_Chris_x_Liam,fish7_roi2,,,,,,
20250624_skittlez_Chris_x_Liam,fish7_roi3,fish7_roi3,fish7_roi3,48,/clusterfs/vast/abcabc/Korra_Foundation/20250624_skittlez_Chris_x_Liam/fish7_roi3,korra,Korra_Foundation/20250624_skittlez_Chris_x_Liam,fish7_roi3,,,,,,
20250624_skittlez_Chris_x_Liam,fish7_roi4,fish7_roi4,fish7_roi4,48,/clusterfs/vast/abcabc/Korra_Foundation/20250624_skittlez_Chris_x_Liam/fish7_roi4,korra,Korra_Foundation/20250624_skittlez_Chris_x_Liam,fish7_roi4,,,,,,
20250624_skittlez_Issac_x_Ken,fish1_roi1,fish1_roi1,fish1_roi1,54,/clusterfs/vast/abcabc/Korra_Foundation/20250624_skittlez_Issac_x_Ken/fish1_roi1,korra,Korra_Foundation/20250624_skittlez_Issac_x_Ken,fish1_roi1,,,,,,
20250624_skittlez_Issac_x_Ken,fish2_roi1,fish2_roi1,fish2_roi1,72,/clusterfs/vast/abcabc/Korra_Foundation/20250624_skittlez_Issac_x_Ken/fish2_roi1,korra,Korra_Foundation/20250624_skittlez_Issac_x_Ken,fish2_roi1,,,,,,
20250624_skittlez_Issac_x_Ken,fish2_roi2,fish2_roi2,fish2_roi2,72,/clusterfs/vast/abcabc/Korra_Foundation/20250624_skittlez_Issac_x_Ken/fish2_roi2,korra,Korra_Foundation/20250624_skittlez_Issac_x_Ken,fish2_roi2,,,,,,
20250624_skittlez_Issac_x_Ken,fish3_roi1,fish3_roi1,fish3_roi1,60,/clusterfs/vast/abcabc/Korra_Foundation/20250624_skittlez_Issac_x_Ken/fish3_roi1,korra,Korra_Foundation/20250624_skittlez_Issac_x_Ken,fish3_roi1,,,,,,
20250624_skittlez_Issac_x_Ken,fish4_roi1,fish4_roi1,fish4_roi1,72,/clusterfs/vast/abcabc/Korra_Foundation/20250624_skittlez_Issac_x_Ken/fish4_roi1,korra,Korra_Foundation/20250624_skittlez_Issac_x_Ken,fish4_roi1,,,,,,
20250625_skittlez,fish1_roi1,fish1_roi1,fish1_roi1,72,/clusterfs/vast/abcabc/Korra_Foundation/20250625_skittlez/fish1_roi1,korra,Korra_Foundation/20250625_skittlez,fish1_roi1,,,,,,
20250625_skittlez,fish1_roi2,fish1_roi2,fish1_roi2,72,/clusterfs/vast/abcabc/Korra_Foundation/20250625_skittlez/fish1_roi2,korra,Korra_Foundation/20250625_skittlez,fish1_roi2,,,,,,
20250625_skittlez,fish3_roi1,fish3_roi1,fish3_roi1,90,/clusterfs/vast/abcabc/Korra_Foundation/20250625_skittlez/fish3_roi1,korra,Korra_Foundation/20250625_skittlez,fish3_roi1,,,,,,
20250625_skittlez,fish4_roi1,fish4_roi1,fish4_roi1,72,/clusterfs/vast/abcabc/Korra_Foundation/20250625_skittlez/fish4_roi1,korra,Korra_Foundation/20250625_skittlez,fish4_roi1,,,,,,
20250625_skittlez,fish5_roi1,fish5_roi1,fish5_roi1,72,/clusterfs/vast/abcabc/Korra_Foundation/20250625_skittlez/fish5_roi1,korra,Korra_Foundation/20250625_skittlez,fish5_roi1,,,,,,
20250625_skittlez,fish5_roi2,fish5_roi2,fish5_roi2,72,/clusterfs/vast/abcabc/Korra_Foundation/20250625_skittlez/fish5_roi2,korra,Korra_Foundation/20250625_skittlez,fish5_roi2,,,,,,
20250625_skittlez,fish7_roi1,fish7_roi1,fish7_roi1,90,/clusterfs/vast/abcabc/Korra_Foundation/20250625_skittlez/fish7_roi1,korra,Korra_Foundation/20250625_skittlez,fish7_roi1,,,,,,
20250625_skittlez,fish8_roi1,fish8_roi1,fish8_roi1,72,/clusterfs/vast/abcabc/Korra_Foundation/20250625_skittlez/fish8_roi1,korra,Korra_Foundation/20250625_skittlez,fish8_roi1,,,,,,
20250625_skittlez,fish8_roi2,fish8_roi2,fish8_roi2,72,/clusterfs/vast/abcabc/Korra_Foundation/20250625_skittlez/fish8_roi2,korra,Korra_Foundation/20250625_skittlez,fish8_roi2,,,,,,
20250625_skittlez,fish9_roi1,fish9_roi1,fish9_roi1,90,/clusterfs/vast/abcabc/Korra_Foundation/20250625_skittlez/fish9_roi1,korra,Korra_Foundation/20250625_skittlez,fish9_roi1,,,,,,
20250627_skittlez,fish10_roi1,fish10_roi1,fish10_roi1,108,/clusterfs/vast/abcabc/Korra_Foundation/20250627_skittlez/fish10_roi1,korra,Korra_Foundation/20250627_skittlez,fish10_roi1,,,,,,
20250627_skittlez,fish1_roi1,fish1_roi1,fish1_roi1,72,/clusterfs/vast/abcabc/Korra_Foundation/20250627_skittlez/fish1_roi1,korra,Korra_Foundation/20250627_skittlez,fish1_roi1,,,,,,
20250627_skittlez,fish1_roi2,fish1_roi2,fish1_roi2,72,/clusterfs/vast/abcabc/Korra_Foundation/20250627_skittlez/fish1_roi2,korra,Korra_Foundation/20250627_skittlez,fish1_roi2,,,,,,
20250627_skittlez,fish1_roi3,fish1_roi3,fish1_roi3,72,/clusterfs/vast/abcabc/Korra_Foundation/20250627_skittlez/fish1_roi3,korra,Korra_Foundation/20250627_skittlez,fish1_roi3,,,,,,
20250627_skittlez,fish2_roi1,fish2_roi1,fish2_roi1,72,/clusterfs/vast/abcabc/Korra_Foundation/20250627_skittlez/fish2_roi1,korra,Korra_Foundation/20250627_skittlez,fish2_roi1,,,,,,
20250627_skittlez,fish3_roi1,fish3_roi1,fish3_roi1,90,/clusterfs/vast/abcabc/Korra_Foundation/20250627_skittlez/fish3_roi1,korra,Korra_Foundation/20250627_skittlez,fish3_roi1,,,,,,
20250627_skittlez,fish4_roi1,fish4_roi1,fish4_roi1,72,/clusterfs/vast/abcabc/Korra_Foundation/20250627_skittlez/fish4_roi1,korra,Korra_Foundation/20250627_skittlez,fish4_roi1,,,,,,
20250627_skittlez,fish4_roi2,fish4_roi2,fish4_roi2,72,/clusterfs/vast/abcabc/Korra_Foundation/20250627_skittlez/fish4_roi2,korra,Korra_Foundation/20250627_skittlez,fish4_roi2,,,,,,
20250627_skittlez,fish5_roi1,fish5_roi1,fish5_roi1,90,/clusterfs/vast/abcabc/Korra_Foundation/20250627_skittlez/fish5_roi1,korra,Korra_Foundation/20250627_skittlez,fish5_roi1,,,,,,
20250627_skittlez,fish7_roi1,fish7_roi1,fish7_roi1,90,/clusterfs/vast/abcabc/Korra_Foundation/20250627_skittlez/fish7_roi1,korra,Korra_Foundation/20250627_skittlez,fish7_roi1,,,,,,
20250627_skittlez,fish8_roi1,fish8_roi1,fish8_roi1,90,/clusterfs/vast/abcabc/Korra_Foundation/20250627_skittlez/fish8_roi1,korra,Korra_Foundation/20250627_skittlez,fish8_roi1,,,,,,
20250627_skittlez,fish9_roi1,fish9_roi1,fish9_roi1,108,/clusterfs/vast/abcabc/Korra_Foundation/20250627_skittlez/fish9_roi1,korra,Korra_Foundation/20250627_skittlez,fish9_roi1,,,,,,
20250715_mem_organelle,fish1_mem_sg_mito_msc3,roi2,roi2,640,/clusterfs/vast/abcabc/Korra_Foundation/20250715_mem_organelle/fish1_mem_sg_mito_msc3/roi2,korra,Korra_Foundation/20250715_mem_organelle,roi2,,,,,,
20250715_mem_organelle,fish2_24hpf_mem_mito_msc3_er_halo,roi1_eye,roi1_eye,1922,/clusterfs/vast/abcabc/Korra_Foundation/20250715_mem_organelle/fish2_24hpf_mem_mito_msc3_er_halo/roi1_eye,korra,Korra_Foundation/20250715_mem_organelle,roi1_eye,,,,,,
20250715_mem_organelle,fish3_24hpf_mem_mito_msc3_er_halo,roi2,roi2,960,/clusterfs/vast/abcabc/Korra_Foundation/20250715_mem_organelle/fish3_24hpf_mem_mito_msc3_er_halo/roi2,korra,Korra_Foundation/20250715_mem_organelle,roi2,,,,,,
20250715_mem_organelle,fish4_24hpf_mem_mito_msc3_er_halo,roi2,roi2,960,/clusterfs/vast/abcabc/Korra_Foundation/20250715_mem_organelle/fish4_24hpf_mem_mito_msc3_er_halo/roi2,korra,Korra_Foundation/20250715_mem_organelle,roi2,,,,,,
20250715_mem_organelle,fish4_24hpf_mem_mito_msc3_er_halo,roi3,roi3,960,/clusterfs/vast/abcabc/Korra_Foundation/20250715_mem_organelle/fish4_24hpf_mem_mito_msc3_er_halo/roi3,korra,Korra_Foundation/20250715_mem_organelle,roi3,,,,,,
20250715_mem_organelle,fish5_48hpf_mem_mito_halo_er_msc2,roi2,roi2,1300,/clusterfs/vast/abcabc/Korra_Foundation/20250715_mem_organelle/fish5_48hpf_mem_mito_halo_er_msc2/roi2,korra,Korra_Foundation/20250715_mem_organelle,roi2,,,,,,
20250715_mem_organelle,fish5_48hpf_mem_mito_halo_er_msc2,roi3,roi3,1300,/clusterfs/vast/abcabc/Korra_Foundation/20250715_mem_organelle/fish5_48hpf_mem_mito_halo_er_msc2/roi3,korra,Korra_Foundation/20250715_mem_organelle,roi3,,,,,,
20250715_mem_organelle,fish5_48hpf_mem_mito_halo_er_msc2,roi4,roi4,1300,/clusterfs/vast/abcabc/Korra_Foundation/20250715_mem_organelle/fish5_48hpf_mem_mito_halo_er_msc2/roi4,korra,Korra_Foundation/20250715_mem_organelle,roi4,,,,,,
20250715_mem_organelle,fish6_48hpf_mem_mito_halo_er_msc2,roi2,roi2,1300,/clusterfs/vast/abcabc/Korra_Foundation/20250715_mem_organelle/fish6_48hpf_mem_mito_halo_er_msc2/roi2,korra,Korra_Foundation/20250715_mem_organelle,roi2,,,,,,
20250715_mem_organelle,fish6_48hpf_mem_mito_halo_er_msc2,roi3,roi3,1300,/clusterfs/vast/abcabc/Korra_Foundation/20250715_mem_organelle/fish6_48hpf_mem_mito_halo_er_msc2/roi3,korra,Korra_Foundation/20250715_mem_organelle,roi3,,,,,,
20250715_mem_organelle,fish6_48hpf_mem_mito_halo_er_msc2,roi4,roi4,1300,/clusterfs/vast/abcabc/Korra_Foundation/20250715_mem_organelle/fish6_48hpf_mem_mito_halo_er_msc2/roi4,korra,Korra_Foundation/20250715_mem_organelle,roi4,,,,,,
20250715_mem_organelle,fish6_48hpf_mem_mito_halo_er_msc2,roi5,roi5,1300,/clusterfs/vast/abcabc/Korra_Foundation/20250715_mem_organelle/fish6_48hpf_mem_mito_halo_er_msc2/roi5,korra,Korra_Foundation/20250715_mem_organelle,roi5,,,,,,
20250715_mem_organelle,fish8_72hpf_mem_mito_msc3_er_halo,roi2,roi2,1300,/clusterfs/vast/abcabc/Korra_Foundation/20250715_mem_organelle/fish8_72hpf_mem_mito_msc3_er_halo/roi2,korra,Korra_Foundation/20250715_mem_organelle,roi2,,,,,,
20250715_mem_organelle,fish8_72hpf_mem_mito_msc3_er_halo,roi3,roi3,1300,/clusterfs/vast/abcabc/Korra_Foundation/20250715_mem_organelle/fish8_72hpf_mem_mito_msc3_er_halo/roi3,korra,Korra_Foundation/20250715_mem_organelle,roi3,,,,,,
20250723_mem-halo_ER-mSG,fish3_48hpf,roi2,roi2,81,/clusterfs/vast/abcabc/Korra_Foundation/20250723_mem-halo_ER-mSG/fish3_48hpf/roi2,korra,Korra_Foundation/20250723_mem-halo_ER-mSG,roi2,,,,,,
20250723_mem-halo_ER-mSG,fish3_48hpf,roi3,roi3,227,/clusterfs/vast/abcabc/Korra_Foundation/20250723_mem-halo_ER-mSG/fish3_48hpf/roi3,korra,Korra_Foundation/20250723_mem-halo_ER-mSG,roi3,,,,,,
20250723_mem-halo_ER-mSG,fish3_48hpf,roi4,roi4,243,/clusterfs/vast/abcabc/Korra_Foundation/20250723_mem-halo_ER-mSG/fish3_48hpf/roi4,korra,Korra_Foundation/20250723_mem-halo_ER-mSG,roi4,,,,,,
20250723_mem-halo_ER-mSG,fish3_48hpf,roi5,roi5,243,/clusterfs/vast/abcabc/Korra_Foundation/20250723_mem-halo_ER-mSG/fish3_48hpf/roi5,korra,Korra_Foundation/20250723_mem-halo_ER-mSG,roi5,,,,,,
20250723_mem-halo_ER-mSG,fish3_48hpf,roi6,roi6,243,/clusterfs/vast/abcabc/Korra_Foundation/20250723_mem-halo_ER-mSG/fish3_48hpf/roi6,korra,Korra_Foundation/20250723_mem-halo_ER-mSG,roi6,,,,,,
20250724_mem-mchilada_er-mSG,fish1_24hpf,roi1_2,roi1_2,579,/clusterfs/vast/abcabc/Korra_Foundation/20250724_mem-mchilada_er-mSG/fish1_24hpf/roi1_2,korra,Korra_Foundation/20250724_mem-mchilada_er-mSG,roi1_2,,,,,,
20250724_mem-mchilada_er-mSG,fish1_24hpf,roi1_3,roi1_3,579,/clusterfs/vast/abcabc/Korra_Foundation/20250724_mem-mchilada_er-mSG/fish1_24hpf/roi1_3,korra,Korra_Foundation/20250724_mem-mchilada_er-mSG,roi1_3,,,,,,
20250724_mem-mchilada_er-mSG,fish1_24hpf,roi2,roi2,963,/clusterfs/vast/abcabc/Korra_Foundation/20250724_mem-mchilada_er-mSG/fish1_24hpf/roi2,korra,Korra_Foundation/20250724_mem-mchilada_er-mSG,roi2,,,,,,
20250728_mem-histone,fish1_roi1,fish1_roi1,fish1_roi1,2160,/clusterfs/vast/abcabc/Korra_Foundation/20250728_mem-histone/fish1_roi1,korra,Korra_Foundation/20250728_mem-histone,fish1_roi1,,,,,,
20250728_mem-histone,fish1_roi2,fish1_roi2,fish1_roi2,2400,/clusterfs/vast/abcabc/Korra_Foundation/20250728_mem-histone/fish1_roi2,korra,Korra_Foundation/20250728_mem-histone,fish1_roi2,,,,,,
20250801_mem-PCNA,fish1_roi1,fish1_roi1,fish1_roi1,1344,/clusterfs/vast/abcabc/Korra_Foundation/20250801_mem-PCNA/fish1_roi1,korra,Korra_Foundation/20250801_mem-PCNA,fish1_roi1,,,,,,
20250801_mem-PCNA,fish2_roi1,fish2_roi1,fish2_roi1,1104,/clusterfs/vast/abcabc/Korra_Foundation/20250801_mem-PCNA/fish2_roi1,korra,Korra_Foundation/20250801_mem-PCNA,fish2_roi1,,,,,,
20250801_mem-histone,fish1_roi1,fish1_roi1,fish1_roi1,300,/clusterfs/vast/abcabc/Korra_Foundation/20250801_mem-histone/fish1_roi1,korra,Korra_Foundation/20250801_mem-histone,fish1_roi1,,,,,,
20251007_mem-histone,fish1_48hpf_roi1,fish1_48hpf_roi1,fish1_48hpf_roi1,82,/clusterfs/vast/abcabc/Korra_Foundation/20251007_mem-histone/fish1_48hpf_roi1,korra,Korra_Foundation/20251007_mem-histone,fish1_48hpf_roi1,,,,,,
20251007_mem-histone,fish1_48hpf_roi1_test,fish1_48hpf_roi1_test,fish1_48hpf_roi1_test,12,/clusterfs/vast/abcabc/Korra_Foundation/20251007_mem-histone/fish1_48hpf_roi1_test,korra,Korra_Foundation/20251007_mem-histone,fish1_48hpf_roi1_test,,,,,,
20251007_mem-histone,fish1_48hpf_roi1test,fish1_48hpf_roi1test,fish1_48hpf_roi1test,18,/clusterfs/vast/abcabc/Korra_Foundation/20251007_mem-histone/fish1_48hpf_roi1test,korra,Korra_Foundation/20251007_mem-histone,fish1_48hpf_roi1test,,,,,,
20251007_mem-histone,fish3_48hpf_roi1,fish3_48hpf_roi1,fish3_48hpf_roi1,2880,/clusterfs/vast/abcabc/Korra_Foundation/20251007_mem-histone/fish3_48hpf_roi1,korra,Korra_Foundation/20251007_mem-histone,fish3_48hpf_roi1,,,,,,
20251007_mem-histone,fish3_48hpf_roi1_test,fish3_48hpf_roi1_test,fish3_48hpf_roi1_test,16,/clusterfs/vast/abcabc/Korra_Foundation/20251007_mem-histone/fish3_48hpf_roi1_test,korra,Korra_Foundation/20251007_mem-histone,fish3_48hpf_roi1_test,,,,,,
20251007_mem-histone,fish3_48hpf_roi2,fish3_48hpf_roi2,fish3_48hpf_roi2,2304,/clusterfs/vast/abcabc/Korra_Foundation/20251007_mem-histone/fish3_48hpf_roi2,korra,Korra_Foundation/20251007_mem-histone,fish3_48hpf_roi2,,,,,,
20251007_mem-histone,fish3_48hpf_roi2_test,fish3_48hpf_roi2_test,fish3_48hpf_roi2_test,52,/clusterfs/vast/abcabc/Korra_Foundation/20251007_mem-histone/fish3_48hpf_roi2_test,korra,Korra_Foundation/20251007_mem-histone,fish3_48hpf_roi2_test,,,,,,
20251009_skittlez,fish1_roi1,fish1_roi1,fish1_roi1,22,/clusterfs/vast/abcabc/Korra_Foundation/20251009_skittlez/fish1_roi1,korra,Korra_Foundation/20251009_skittlez,fish1_roi1,,,,,,
20251010_mem-histone,fish1_24hpf_roi1,fish1_24hpf_roi1,fish1_24hpf_roi1,9216,/clusterfs/vast/abcabc/Korra_Foundation/20251010_mem-histone/fish1_24hpf_roi1,korra,Korra_Foundation/20251010_mem-histone,fish1_24hpf_roi1,,,,,,
20251013_mem-histone,fish1_96hpf_roi0_test,fish1_96hpf_roi0_test,fish1_96hpf_roi0_test,2986,/clusterfs/vast/abcabc/Korra_Foundation/20251013_mem-histone/fish1_96hpf_roi0_test,korra,Korra_Foundation/20251013_mem-histone,fish1_96hpf_roi0_test,,,,,,
20251013_mem-histone,fish1_96hpf_roi1,fish1_96hpf_roi1,fish1_96hpf_roi1,2880,/clusterfs/vast/abcabc/Korra_Foundation/20251013_mem-histone/fish1_96hpf_roi1,korra,Korra_Foundation/20251013_mem-histone,fish1_96hpf_roi1,,,,,,
20251013_mem-histone,fish1_96hpf_roi2,fish1_96hpf_roi2,fish1_96hpf_roi2,2880,/clusterfs/vast/abcabc/Korra_Foundation/20251013_mem-histone/fish1_96hpf_roi2,korra,Korra_Foundation/20251013_mem-histone,fish1_96hpf_roi2,,,,,,
20251013_mem-histone,fish1_96hpf_roi3,fish1_96hpf_roi3,fish1_96hpf_roi3,2880,/clusterfs/vast/abcabc/Korra_Foundation/20251013_mem-histone/fish1_96hpf_roi3,korra,Korra_Foundation/20251013_mem-histone,fish1_96hpf_roi3,,,,,,
20251013_mem-histone,fish2_96hpf_roi1,fish2_96hpf_roi1,fish2_96hpf_roi1,2880,/clusterfs/vast/abcabc/Korra_Foundation/20251013_mem-histone/fish2_96hpf_roi1,korra,Korra_Foundation/20251013_mem-histone,fish2_96hpf_roi1,,,,,,
20251013_mem-histone,fish2_96hpf_roi2,fish2_96hpf_roi2,fish2_96hpf_roi2,2880,/clusterfs/vast/abcabc/Korra_Foundation/20251013_mem-histone/fish2_96hpf_roi2,korra,Korra_Foundation/20251013_mem-histone,fish2_96hpf_roi2,,,,,,
20251013_mem-histone,fish3_96hpf_roi1,fish3_96hpf_roi1,fish3_96hpf_roi1,2880,/clusterfs/vast/abcabc/Korra_Foundation/20251013_mem-histone/fish3_96hpf_roi1,korra,Korra_Foundation/20251013_mem-histone,fish3_96hpf_roi1,,,,,,
20251013_mem-histone,fish3_96hpf_roi2,fish3_96hpf_roi2,fish3_96hpf_roi2,2880,/clusterfs/vast/abcabc/Korra_Foundation/20251013_mem-histone/fish3_96hpf_roi2,korra,Korra_Foundation/20251013_mem-histone,fish3_96hpf_roi2,,,,,,
20251013_mem-histone,fish3_96hpf_roi3,fish3_96hpf_roi3,fish3_96hpf_roi3,2880,/clusterfs/vast/abcabc/Korra_Foundation/20251013_mem-histone/fish3_96hpf_roi3,korra,Korra_Foundation/20251013_mem-histone,fish3_96hpf_roi3,,,,,,
20251015_mem-histone,fish1_48hpf_roi1,fish1_48hpf_roi1,fish1_48hpf_roi1,2880,/clusterfs/vast/abcabc/Korra_Foundation/20251015_mem-histone/fish1_48hpf_roi1,korra,Korra_Foundation/20251015_mem-histone,fish1_48hpf_roi1,,,,,,
20251015_mem-histone,fish2_48hpf_roi1,fish2_48hpf_roi1,fish2_48hpf_roi1,2880,/clusterfs/vast/abcabc/Korra_Foundation/20251015_mem-histone/fish2_48hpf_roi1,korra,Korra_Foundation/20251015_mem-histone,fish2_48hpf_roi1,,,,,,
20251015_mem-histone,fish3_48hpf_roi1,fish3_48hpf_roi1,fish3_48hpf_roi1,2880,/clusterfs/vast/abcabc/Korra_Foundation/20251015_mem-histone/fish3_48hpf_roi1,korra,Korra_Foundation/20251015_mem-histone,fish3_48hpf_roi1,,,,,,
20251015_mem-histone,fish3_48hpf_roi2,fish3_48hpf_roi2,fish3_48hpf_roi2,2880,/clusterfs/vast/abcabc/Korra_Foundation/20251015_mem-histone/fish3_48hpf_roi2,korra,Korra_Foundation/20251015_mem-histone,fish3_48hpf_roi2,,,,,,
20251015_mem-histone,fish4_48hpf_roi1,fish4_48hpf_roi1,fish4_48hpf_roi1,2880,/clusterfs/vast/abcabc/Korra_Foundation/20251015_mem-histone/fish4_48hpf_roi1,korra,Korra_Foundation/20251015_mem-histone,fish4_48hpf_roi1,,,,,,
20251016_mem-histone,fish1_72hpf_roi1,fish1_72hpf_roi1,fish1_72hpf_roi1,2880,/clusterfs/vast/abcabc/Korra_Foundation/20251016_mem-histone/fish1_72hpf_roi1,korra,Korra_Foundation/20251016_mem-histone,fish1_72hpf_roi1,,,,,,
20251016_mem-histone,fish2_72hpf_roi1,fish2_72hpf_roi1,fish2_72hpf_roi1,2880,/clusterfs/vast/abcabc/Korra_Foundation/20251016_mem-histone/fish2_72hpf_roi1,korra,Korra_Foundation/20251016_mem-histone,fish2_72hpf_roi1,,,,,,
20251016_mem-histone,fish2_72hpf_roi2,fish2_72hpf_roi2,fish2_72hpf_roi2,2880,/clusterfs/vast/abcabc/Korra_Foundation/20251016_mem-histone/fish2_72hpf_roi2,korra,Korra_Foundation/20251016_mem-histone,fish2_72hpf_roi2,,,,,,
20251016_mem-histone,fish2_72hpf_roi3,fish2_72hpf_roi3,fish2_72hpf_roi3,2880,/clusterfs/vast/abcabc/Korra_Foundation/20251016_mem-histone/fish2_72hpf_roi3,korra,Korra_Foundation/20251016_mem-histone,fish2_72hpf_roi3,,,,,,
20251016_mem-histone,fish3_72hpf_roi2,fish3_72hpf_roi2,fish3_72hpf_roi2,2880,/clusterfs/vast/abcabc/Korra_Foundation/20251016_mem-histone/fish3_72hpf_roi2,korra,Korra_Foundation/20251016_mem-histone,fish3_72hpf_roi2,,,,,,
20251017_microtubules,fish2_24hpf_roi1_test,fish2_24hpf_roi1_test,fish2_24hpf_roi1_test,2880,/clusterfs/vast/abcabc/Korra_Foundation/20251017_microtubules/fish2_24hpf_roi1_test,korra,Korra_Foundation/20251017_microtubules,fish2_24hpf_roi1_test,,,,,,
20251020_mem-histone,fish1_72hpf_roi1,fish1_72hpf_roi1,fish1_72hpf_roi1,2880,/clusterfs/vast/abcabc/Korra_Foundation/20251020_mem-histone/fish1_72hpf_roi1,korra,Korra_Foundation/20251020_mem-histone,fish1_72hpf_roi1,,,,,,
20251020_mem-histone,fish1_72hpf_roi2,fish1_72hpf_roi2,fish1_72hpf_roi2,2880,/clusterfs/vast/abcabc/Korra_Foundation/20251020_mem-histone/fish1_72hpf_roi2,korra,Korra_Foundation/20251020_mem-histone,fish1_72hpf_roi2,,,,,,
20251020_mem-histone,fish1_72hpf_roi3,fish1_72hpf_roi3,fish1_72hpf_roi3,2880,/clusterfs/vast/abcabc/Korra_Foundation/20251020_mem-histone/fish1_72hpf_roi3,korra,Korra_Foundation/20251020_mem-histone,fish1_72hpf_roi3,,,,,,
20251020_mem-histone,fish1_72hpf_roi4,fish1_72hpf_roi4,fish1_72hpf_roi4,2880,/clusterfs/vast/abcabc/Korra_Foundation/20251020_mem-histone/fish1_72hpf_roi4,korra,Korra_Foundation/20251020_mem-histone,fish1_72hpf_roi4,,,,,,
20251020_mem-histone,fish1_72hpf_roi5,fish1_72hpf_roi5,fish1_72hpf_roi5,2880,/clusterfs/vast/abcabc/Korra_Foundation/20251020_mem-histone/fish1_72hpf_roi5,korra,Korra_Foundation/20251020_mem-histone,fish1_72hpf_roi5,,,,,,
20251020_mem-histone,fish2_72hpf_roi1,fish2_72hpf_roi1,fish2_72hpf_roi1,2880,/clusterfs/vast/abcabc/Korra_Foundation/20251020_mem-histone/fish2_72hpf_roi1,korra,Korra_Foundation/20251020_mem-histone,fish2_72hpf_roi1,,,,,,
20251020_mem-histone,fish2_72hpf_roi2,fish2_72hpf_roi2,fish2_72hpf_roi2,2880,/clusterfs/vast/abcabc/Korra_Foundation/20251020_mem-histone/fish2_72hpf_roi2,korra,Korra_Foundation/20251020_mem-histone,fish2_72hpf_roi2,,,,,,
20251020_mem-histone,fish2_72hpf_roi3,fish2_72hpf_roi3,fish2_72hpf_roi3,104,/clusterfs/vast/abcabc/Korra_Foundation/20251020_mem-histone/fish2_72hpf_roi3,korra,Korra_Foundation/20251020_mem-histone,fish2_72hpf_roi3,,,,,,
20251022_mem-histone,fish1_24hpf_roi2,fish1_24hpf_roi2,fish1_24hpf_roi2,2880,/clusterfs/vast/abcabc/Korra_Foundation/20251022_mem-histone/fish1_24hpf_roi2,korra,Korra_Foundation/20251022_mem-histone,fish1_24hpf_roi2,,,,,,
20251022_mem-histone,fish1_24hpf_roi3,fish1_24hpf_roi3,fish1_24hpf_roi3,2880,/clusterfs/vast/abcabc/Korra_Foundation/20251022_mem-histone/fish1_24hpf_roi3,korra,Korra_Foundation/20251022_mem-histone,fish1_24hpf_roi3,,,,,,
20251022_mem-histone,fish2_24hpf_roi1,fish2_24hpf_roi1,fish2_24hpf_roi1,2880,/clusterfs/vast/abcabc/Korra_Foundation/20251022_mem-histone/fish2_24hpf_roi1,korra,Korra_Foundation/20251022_mem-histone,fish2_24hpf_roi1,,,,,,
20251022_mem-histone,fish2_24hpf_roi2,fish2_24hpf_roi2,fish2_24hpf_roi2,2880,/clusterfs/vast/abcabc/Korra_Foundation/20251022_mem-histone/fish2_24hpf_roi2,korra,Korra_Foundation/20251022_mem-histone,fish2_24hpf_roi2,,,,,,
20251022_mem-histone,fish2_24hpf_roi3,fish2_24hpf_roi3,fish2_24hpf_roi3,2880,/clusterfs/vast/abcabc/Korra_Foundation/20251022_mem-histone/fish2_24hpf_roi3,korra,Korra_Foundation/20251022_mem-histone,fish2_24hpf_roi3,,,,,,
20251022_mem-histone,fish3_24hpf_roi1,fish3_24hpf_roi1,fish3_24hpf_roi1,2880,/clusterfs/vast/abcabc/Korra_Foundation/20251022_mem-histone/fish3_24hpf_roi1,korra,Korra_Foundation/20251022_mem-histone,fish3_24hpf_roi1,,,,,,
20251022_mem-histone,fish3_24hpf_roi2,fish3_24hpf_roi2,fish3_24hpf_roi2,2880,/clusterfs/vast/abcabc/Korra_Foundation/20251022_mem-histone/fish3_24hpf_roi2,korra,Korra_Foundation/20251022_mem-histone,fish3_24hpf_roi2,,,,,,
20251022_mem-histone,fish4_24hpf_roi1,fish4_24hpf_roi1,fish4_24hpf_roi1,2880,/clusterfs/vast/abcabc/Korra_Foundation/20251022_mem-histone/fish4_24hpf_roi1,korra,Korra_Foundation/20251022_mem-histone,fish4_24hpf_roi1,,,,,,
20251022_mem-histone,fish4_24hpf_roi2,fish4_24hpf_roi2,fish4_24hpf_roi2,2880,/clusterfs/vast/abcabc/Korra_Foundation/20251022_mem-histone/fish4_24hpf_roi2,korra,Korra_Foundation/20251022_mem-histone,fish4_24hpf_roi2,,,,,,
20251022_mem-histone,fish4_24hpf_roi3,fish4_24hpf_roi3,fish4_24hpf_roi3,2880,/clusterfs/vast/abcabc/Korra_Foundation/20251022_mem-histone/fish4_24hpf_roi3,korra,Korra_Foundation/20251022_mem-histone,fish4_24hpf_roi3,,,,,,
20251024_mem-histone,fish2_72hpf_roi1,fish2_72hpf_roi1,fish2_72hpf_roi1,2880,/clusterfs/vast/abcabc/Korra_Foundation/20251024_mem-histone/fish2_72hpf_roi1,korra,Korra_Foundation/20251024_mem-histone,fish2_72hpf_roi1,,,,,,
20251024_mem-histone,fish2_72hpf_roi2,fish2_72hpf_roi2,fish2_72hpf_roi2,2880,/clusterfs/vast/abcabc/Korra_Foundation/20251024_mem-histone/fish2_72hpf_roi2,korra,Korra_Foundation/20251024_mem-histone,fish2_72hpf_roi2,,,,,,
20251024_mem-histone,fish2_72hpf_roi3,fish2_72hpf_roi3,fish2_72hpf_roi3,2880,/clusterfs/vast/abcabc/Korra_Foundation/20251024_mem-histone/fish2_72hpf_roi3,korra,Korra_Foundation/20251024_mem-histone,fish2_72hpf_roi3,,,,,,
20251024_mem-histone,fish3_72hpf_roi2,fish3_72hpf_roi2,fish3_72hpf_roi2,2880,/clusterfs/vast/abcabc/Korra_Foundation/20251024_mem-histone/fish3_72hpf_roi2,korra,Korra_Foundation/20251024_mem-histone,fish3_72hpf_roi2,,,,,,
20251024_mem-histone,fish3_72hpf_roi3,fish3_72hpf_roi3,fish3_72hpf_roi3,2880,/clusterfs/vast/abcabc/Korra_Foundation/20251024_mem-histone/fish3_72hpf_roi3,korra,Korra_Foundation/20251024_mem-histone,fish3_72hpf_roi3,,,,,,
20251024_mem-histone,fish3_72hpf_roi4,fish3_72hpf_roi4,fish3_72hpf_roi4,2880,/clusterfs/vast/abcabc/Korra_Foundation/20251024_mem-histone/fish3_72hpf_roi4,korra,Korra_Foundation/20251024_mem-histone,fish3_72hpf_roi4,,,,,,
20251024_mem-histone,fish3_72hpf_roi5,fish3_72hpf_roi5,fish3_72hpf_roi5,2880,/clusterfs/vast/abcabc/Korra_Foundation/20251024_mem-histone/fish3_72hpf_roi5,korra,Korra_Foundation/20251024_mem-histone,fish3_72hpf_roi5,,,,,,
20251027_mem-histone,fish3_72hpf_roi2,fish3_72hpf_roi2,fish3_72hpf_roi2,2880,/clusterfs/vast/abcabc/Korra_Foundation/20251027_mem-histone/fish3_72hpf_roi2,korra,Korra_Foundation/20251027_mem-histone,fish3_72hpf_roi2,,,,,,
20251027_mem-histone,fish3_72hpf_roi3,fish3_72hpf_roi3,fish3_72hpf_roi3,2880,/clusterfs/vast/abcabc/Korra_Foundation/20251027_mem-histone/fish3_72hpf_roi3,korra,Korra_Foundation/20251027_mem-histone,fish3_72hpf_roi3,,,,,,
20251027_mem-histone,fish3_72hpf_roi4,fish3_72hpf_roi4,fish3_72hpf_roi4,2880,/clusterfs/vast/abcabc/Korra_Foundation/20251027_mem-histone/fish3_72hpf_roi4,korra,Korra_Foundation/20251027_mem-histone,fish3_72hpf_roi4,,,,,,
20251029_mem-histone,fish2_24hpf_roi1,fish2_24hpf_roi1,fish2_24hpf_roi1,2880,/clusterfs/vast/abcabc/Korra_Foundation/20251029_mem-histone/fish2_24hpf_roi1,korra,Korra_Foundation/20251029_mem-histone,fish2_24hpf_roi1,,,,,,
20251029_mem-histone,fish3_24hpf_roi1,fish3_24hpf_roi1,fish3_24hpf_roi1,2880,/clusterfs/vast/abcabc/Korra_Foundation/20251029_mem-histone/fish3_24hpf_roi1,korra,Korra_Foundation/20251029_mem-histone,fish3_24hpf_roi1,,,,,,
20251029_mem-histone,fish5_24hpf_roi1,fish5_24hpf_roi1,fish5_24hpf_roi1,2880,/clusterfs/vast/abcabc/Korra_Foundation/20251029_mem-histone/fish5_24hpf_roi1,korra,Korra_Foundation/20251029_mem-histone,fish5_24hpf_roi1,,,,,,
20251029_mem-histone,fish5_24hpf_roi2,fish5_24hpf_roi2,fish5_24hpf_roi2,2880,/clusterfs/vast/abcabc/Korra_Foundation/20251029_mem-histone/fish5_24hpf_roi2,korra,Korra_Foundation/20251029_mem-histone,fish5_24hpf_roi2,,,,,,
20251106_mem-mito,fish1_48hpf_roi1,fish1_48hpf_roi1,fish1_48hpf_roi1,768,/clusterfs/vast/abcabc/Korra_Foundation/20251106_mem-mito/fish1_48hpf_roi1,korra,Korra_Foundation/20251106_mem-mito,fish1_48hpf_roi1,,,,,,
20251106_mem-mito,fish1_48hpf_roi2,fish1_48hpf_roi2,fish1_48hpf_roi2,768,/clusterfs/vast/abcabc/Korra_Foundation/20251106_mem-mito/fish1_48hpf_roi2,korra,Korra_Foundation/20251106_mem-mito,fish1_48hpf_roi2,,,,,,
20251106_mem-mito,fish1_48hpf_roi3,fish1_48hpf_roi3,fish1_48hpf_roi3,768,/clusterfs/vast/abcabc/Korra_Foundation/20251106_mem-mito/fish1_48hpf_roi3,korra,Korra_Foundation/20251106_mem-mito,fish1_48hpf_roi3,,,,,,
20251106_mem-mito,fish1_48hpf_roi4,fish1_48hpf_roi4,fish1_48hpf_roi4,768,/clusterfs/vast/abcabc/Korra_Foundation/20251106_mem-mito/fish1_48hpf_roi4,korra,Korra_Foundation/20251106_mem-mito,fish1_48hpf_roi4,,,,,,
20251106_mem-mito,fish1_48hpf_roi5,fish1_48hpf_roi5,fish1_48hpf_roi5,768,/clusterfs/vast/abcabc/Korra_Foundation/20251106_mem-mito/fish1_48hpf_roi5,korra,Korra_Foundation/20251106_mem-mito,fish1_48hpf_roi5,,,,,,
20251106_mem-mito,fish2_48hpf_roi1,fish2_48hpf_roi1,fish2_48hpf_roi1,1024,/clusterfs/vast/abcabc/Korra_Foundation/20251106_mem-mito/fish2_48hpf_roi1,korra,Korra_Foundation/20251106_mem-mito,fish2_48hpf_roi1,,,,,,
20251106_mem-mito,fish2_48hpf_roi2,fish2_48hpf_roi2,fish2_48hpf_roi2,1024,/clusterfs/vast/abcabc/Korra_Foundation/20251106_mem-mito/fish2_48hpf_roi2,korra,Korra_Foundation/20251106_mem-mito,fish2_48hpf_roi2,,,,,,
20251106_mem-mito,fish2_48hpf_roi3,fish2_48hpf_roi3,fish2_48hpf_roi3,1024,/clusterfs/vast/abcabc/Korra_Foundation/20251106_mem-mito/fish2_48hpf_roi3,korra,Korra_Foundation/20251106_mem-mito,fish2_48hpf_roi3,,,,,,
20251106_mem-mito,fish2_48hpf_roi4,fish2_48hpf_roi4,fish2_48hpf_roi4,1024,/clusterfs/vast/abcabc/Korra_Foundation/20251106_mem-mito/fish2_48hpf_roi4,korra,Korra_Foundation/20251106_mem-mito,fish2_48hpf_roi4,,,,,,
20251106_mem-mito,fish2_48hpf_roi5,fish2_48hpf_roi5,fish2_48hpf_roi5,1024,/clusterfs/vast/abcabc/Korra_Foundation/20251106_mem-mito/fish2_48hpf_roi5,korra,Korra_Foundation/20251106_mem-mito,fish2_48hpf_roi5,,,,,,
20251110_mem-histone,fish1_48hpf_roi1,fish1_48hpf_roi1,fish1_48hpf_roi1,12,/clusterfs/vast/abcabc/Korra_Foundation/20251110_mem-histone/fish1_48hpf_roi1,korra,Korra_Foundation/20251110_mem-histone,fish1_48hpf_roi1,,,,,,
20251110_mem-histone,fish1_48hpf_roi2,fish1_48hpf_roi2,fish1_48hpf_roi2,1920,/clusterfs/vast/abcabc/Korra_Foundation/20251110_mem-histone/fish1_48hpf_roi2,korra,Korra_Foundation/20251110_mem-histone,fish1_48hpf_roi2,,,,,,
20251110_mem-histone,fish2_48hpf_roi1,fish2_48hpf_roi1,fish2_48hpf_roi1,12,/clusterfs/vast/abcabc/Korra_Foundation/20251110_mem-histone/fish2_48hpf_roi1,korra,Korra_Foundation/20251110_mem-histone,fish2_48hpf_roi1,,,,,,
20251110_mem-histone,fish2_48hpf_roi1-2,fish2_48hpf_roi1-2,fish2_48hpf_roi1-2,3840,/clusterfs/vast/abcabc/Korra_Foundation/20251110_mem-histone/fish2_48hpf_roi1-2,korra,Korra_Foundation/20251110_mem-histone,fish2_48hpf_roi1-2,,,,,,
20251110_mem-histone,fish3_48hpf_roi1,fish3_48hpf_roi1,fish3_48hpf_roi1,9360,/clusterfs/vast/abcabc/Korra_Foundation/20251110_mem-histone/fish3_48hpf_roi1,korra,Korra_Foundation/20251110_mem-histone,fish3_48hpf_roi1,,,,,,
20251110_mem-histone,fish4_48hpf_roi1,fish4_48hpf_roi1,fish4_48hpf_roi1,144,/clusterfs/vast/abcabc/Korra_Foundation/20251110_mem-histone/fish4_48hpf_roi1,korra,Korra_Foundation/20251110_mem-histone,fish4_48hpf_roi1,,,,,,
20251112_mem-mito,fish2_48hpf_roi1,fish2_48hpf_roi1,fish2_48hpf_roi1,1280,/clusterfs/vast/abcabc/Korra_Foundation/20251112_mem-mito/fish2_48hpf_roi1,korra,Korra_Foundation/20251112_mem-mito,fish2_48hpf_roi1,,,,,,
20251112_mem-mito,fish2_48hpf_roi2,fish2_48hpf_roi2,fish2_48hpf_roi2,1280,/clusterfs/vast/abcabc/Korra_Foundation/20251112_mem-mito/fish2_48hpf_roi2,korra,Korra_Foundation/20251112_mem-mito,fish2_48hpf_roi2,,,,,,
20251112_mem-mito,fish2_48hpf_roi3,fish2_48hpf_roi3,fish2_48hpf_roi3,1280,/clusterfs/vast/abcabc/Korra_Foundation/20251112_mem-mito/fish2_48hpf_roi3,korra,Korra_Foundation/20251112_mem-mito,fish2_48hpf_roi3,,,,,,
20251112_mem-mito,fish3_48hpf_roi1,fish3_48hpf_roi1,fish3_48hpf_roi1,1280,/clusterfs/vast/abcabc/Korra_Foundation/20251112_mem-mito/fish3_48hpf_roi1,korra,Korra_Foundation/20251112_mem-mito,fish3_48hpf_roi1,,,,,,
20251112_mem-mito,fish3_48hpf_roi2,fish3_48hpf_roi2,fish3_48hpf_roi2,1280,/clusterfs/vast/abcabc/Korra_Foundation/20251112_mem-mito/fish3_48hpf_roi2,korra,Korra_Foundation/20251112_mem-mito,fish3_48hpf_roi2,,,,,,
20251112_mem-mito,fish3_48hpf_roi3,fish3_48hpf_roi3,fish3_48hpf_roi3,1280,/clusterfs/vast/abcabc/Korra_Foundation/20251112_mem-mito/fish3_48hpf_roi3,korra,Korra_Foundation/20251112_mem-mito,fish3_48hpf_roi3,,,,,,
20251112_mem-mito,fish3_48hpf_roi4,fish3_48hpf_roi4,fish3_48hpf_roi4,1280,/clusterfs/vast/abcabc/Korra_Foundation/20251112_mem-mito/fish3_48hpf_roi4,korra,Korra_Foundation/20251112_mem-mito,fish3_48hpf_roi4,,,,,,
20251112_mem-mito,fish4_48hpf_roi1,fish4_48hpf_roi1,fish4_48hpf_roi1,1280,/clusterfs/vast/abcabc/Korra_Foundation/20251112_mem-mito/fish4_48hpf_roi1,korra,Korra_Foundation/20251112_mem-mito,fish4_48hpf_roi1,,,,,,
20251112_mem-mito,fish4_48hpf_roi2,fish4_48hpf_roi2,fish4_48hpf_roi2,852,/clusterfs/vast/abcabc/Korra_Foundation/20251112_mem-mito/fish4_48hpf_roi2,korra,Korra_Foundation/20251112_mem-mito,fish4_48hpf_roi2,,,,,,
analysis_test,fish1_roi1,fish1_roi1,fish1_roi1,96,/clusterfs/vast/abcabc/Korra_Foundation/analysis_test/fish1_roi1,korra,Korra_Foundation/analysis_test,fish1_roi1,,,,,,
