foundation	experiment_key	roi_folder	cams	channels	wavelengths_nm	file_exts	n_paths
Aang_Foundation	20250717_LLS-SIM_test	Aang_Foundation/20250717_LLS-SIM_test/GPUsirecon/FFT					3
Aang_Foundation	20250717_LLS-SIM_test	Aang_Foundation/20250717_LLS-SIM_test/GPUsirecon/job_logs					4
Aang_Foundation	20250717_LLS-SIM_test	Aang_Foundation/20250717_LLS-SIM_test/GPUsirecon/tmp					1
Aang_Foundation	20250717_LLS-SIM_test	Aang_Foundation/20250717_LLS-SIM_test/GPUsirecon_2/job_logs					2
Aang_Foundation	20250717_LLS-SIM_test	Aang_Foundation/20250717_LLS-SIM_test/GPUsirecon_2/resampled_85nm					1
Aang_Foundation	20250717_LLS-SIM_test	Aang_Foundation/20250717_LLS-SIM_test/GPUsirecon_2/tmp					1
Aang_Foundation	20250721_72hpf_mrna_mSG_organelle_LLS-SIM	Aang_Foundation/20250721_72hpf_mrna_mSG_organelle_LLS-SIM/er_roi1/GPUsirecon					1
Aang_Foundation	20250721_72hpf_mrna_mSG_organelle_LLS-SIM	Aang_Foundation/20250721_72hpf_mrna_mSG_organelle_LLS-SIM/er_roi1/LVScripts					1
Aang_Foundation	20250721_72hpf_mrna_mSG_organelle_LLS-SIM	Aang_Foundation/20250721_72hpf_mrna_mSG_organelle_LLS-SIM/er_roi1/Logs					1
Aang_Foundation	20250721_72hpf_mrna_mSG_organelle_LLS-SIM	Aang_Foundation/20250721_72hpf_mrna_mSG_organelle_LLS-SIM/er_roi1/job_logs					1
Aang_Foundation	20250721_72hpf_mrna_mSG_organelle_LLS-SIM	Aang_Foundation/20250721_72hpf_mrna_mSG_organelle_LLS-SIM/er_roi1/perf					1
Aang_Foundation	20250721_72hpf_mrna_mSG_organelle_LLS-SIM	Aang_Foundation/20250721_72hpf_mrna_mSG_organelle_LLS-SIM/er_roi2/LVScripts					1
Aang_Foundation	20250721_72hpf_mrna_mSG_organelle_LLS-SIM	Aang_Foundation/20250721_72hpf_mrna_mSG_organelle_LLS-SIM/er_roi2/Logs					1
Aang_Foundation	20250721_72hpf_mrna_mSG_organelle_LLS-SIM	Aang_Foundation/20250721_72hpf_mrna_mSG_organelle_LLS-SIM/er_roi2/perf					1
Aang_Foundation	20250721_72hpf_mrna_mSG_organelle_LLS-SIM	Aang_Foundation/20250721_72hpf_mrna_mSG_organelle_LLS-SIM/er_roi3/GPUsirecon					1
Aang_Foundation	20250721_72hpf_mrna_mSG_organelle_LLS-SIM	Aang_Foundation/20250721_72hpf_mrna_mSG_organelle_LLS-SIM/er_roi3/LVScripts					1
Aang_Foundation	20250721_72hpf_mrna_mSG_organelle_LLS-SIM	Aang_Foundation/20250721_72hpf_mrna_mSG_organelle_LLS-SIM/er_roi3/Logs					1
Aang_Foundation	20250721_72hpf_mrna_mSG_organelle_LLS-SIM	Aang_Foundation/20250721_72hpf_mrna_mSG_organelle_LLS-SIM/er_roi3/job_logs					1
Aang_Foundation	20250721_72hpf_mrna_mSG_organelle_LLS-SIM	Aang_Foundation/20250721_72hpf_mrna_mSG_organelle_LLS-SIM/er_roi3/perf					1
Aang_Foundation	20250721_72hpf_mrna_mSG_organelle_LLS-SIM	Aang_Foundation/20250721_72hpf_mrna_mSG_organelle_LLS-SIM/mito_roi1/GPUsirecon					9
Aang_Foundation	20250721_72hpf_mrna_mSG_organelle_LLS-SIM	Aang_Foundation/20250721_72hpf_mrna_mSG_organelle_LLS-SIM/mito_roi1/LVScripts					1
Aang_Foundation	20250721_72hpf_mrna_mSG_organelle_LLS-SIM	Aang_Foundation/20250721_72hpf_mrna_mSG_organelle_LLS-SIM/mito_roi1/Logs					1
Aang_Foundation	20250721_72hpf_mrna_mSG_organelle_LLS-SIM	Aang_Foundation/20250721_72hpf_mrna_mSG_organelle_LLS-SIM/mito_roi1/job_logs					1
Aang_Foundation	20250721_72hpf_mrna_mSG_organelle_LLS-SIM	Aang_Foundation/20250721_72hpf_mrna_mSG_organelle_LLS-SIM/mito_roi1/perf					1
Aang_Foundation	20250721_72hpf_mrna_mSG_organelle_LLS-SIM	Aang_Foundation/20250721_72hpf_mrna_mSG_organelle_LLS-SIM/mito_roi2/GPUsirecon					6
Aang_Foundation	20250721_72hpf_mrna_mSG_organelle_LLS-SIM	Aang_Foundation/20250721_72hpf_mrna_mSG_organelle_LLS-SIM/mito_roi2/LVScripts					1
Aang_Foundation	20250721_72hpf_mrna_mSG_organelle_LLS-SIM	Aang_Foundation/20250721_72hpf_mrna_mSG_organelle_LLS-SIM/mito_roi2/Logs					1
Aang_Foundation	20250721_72hpf_mrna_mSG_organelle_LLS-SIM	Aang_Foundation/20250721_72hpf_mrna_mSG_organelle_LLS-SIM/mito_roi2/job_logs					1
Aang_Foundation	20250721_72hpf_mrna_mSG_organelle_LLS-SIM	Aang_Foundation/20250721_72hpf_mrna_mSG_organelle_LLS-SIM/mito_roi2/perf					1
Aang_Foundation	20250721_72hpf_mrna_mSG_organelle_LLS-SIM	Aang_Foundation/20250721_72hpf_mrna_mSG_organelle_LLS-SIM/mito_step_sweep/GPUsirecon					1
Aang_Foundation	20250721_72hpf_mrna_mSG_organelle_LLS-SIM	Aang_Foundation/20250721_72hpf_mrna_mSG_organelle_LLS-SIM/mito_step_sweep/job_logs					1
Aang_Foundation	20250722_mem-halo_er-mSG	Aang_Foundation/20250722_mem-halo_er-mSG/fish1_24hpf_roi1/GPUsirecon					1
Aang_Foundation	20250722_mem-halo_er-mSG	Aang_Foundation/20250722_mem-halo_er-mSG/fish1_24hpf_roi1/LVScripts					1
Aang_Foundation	20250722_mem-halo_er-mSG	Aang_Foundation/20250722_mem-halo_er-mSG/fish1_24hpf_roi1/Logs					1
Aang_Foundation	20250722_mem-halo_er-mSG	Aang_Foundation/20250722_mem-halo_er-mSG/fish1_24hpf_roi1/job_logs					1
Aang_Foundation	20250722_mem-halo_er-mSG	Aang_Foundation/20250722_mem-halo_er-mSG/fish1_24hpf_roi1/perf					1
Aang_Foundation	20250722_mem-halo_er-mSG	Aang_Foundation/20250722_mem-halo_er-mSG/fish1_24hpf_roi2/LVScripts					1
Aang_Foundation	20250722_mem-halo_er-mSG	Aang_Foundation/20250722_mem-halo_er-mSG/fish1_24hpf_roi2/Logs					1
Aang_Foundation	20250722_mem-halo_er-mSG	Aang_Foundation/20250722_mem-halo_er-mSG/fish1_24hpf_roi2/perf					1
Aang_Foundation	20250722_mem-halo_er-mSG	Aang_Foundation/20250722_mem-halo_er-mSG/fish1_24hpf_roi3/GPUsirecon					1
Aang_Foundation	20250722_mem-halo_er-mSG	Aang_Foundation/20250722_mem-halo_er-mSG/fish1_24hpf_roi3/GPUsirecon_0p02					1
Aang_Foundation	20250722_mem-halo_er-mSG	Aang_Foundation/20250722_mem-halo_er-mSG/fish1_24hpf_roi3/GPUsirecon_0p05					1
Aang_Foundation	20250722_mem-halo_er-mSG	Aang_Foundation/20250722_mem-halo_er-mSG/fish1_24hpf_roi3/LVScripts					1
Aang_Foundation	20250722_mem-halo_er-mSG	Aang_Foundation/20250722_mem-halo_er-mSG/fish1_24hpf_roi3/Logs					1
Aang_Foundation	20250722_mem-halo_er-mSG	Aang_Foundation/20250722_mem-halo_er-mSG/fish1_24hpf_roi3/job_logs					1
Aang_Foundation	20250722_mem-halo_er-mSG	Aang_Foundation/20250722_mem-halo_er-mSG/fish1_24hpf_roi3/perf					1
Aang_Foundation	20250722_mem-halo_er-mSG	Aang_Foundation/20250722_mem-halo_er-mSG/fish1_24hpf_roi4/LVScripts					1
Aang_Foundation	20250722_mem-halo_er-mSG	Aang_Foundation/20250722_mem-halo_er-mSG/fish1_24hpf_roi4/Logs					1
Aang_Foundation	20250722_mem-halo_er-mSG	Aang_Foundation/20250722_mem-halo_er-mSG/fish1_24hpf_roi4/perf					1
Aang_Foundation	20250722_mem-halo_er-mSG	Aang_Foundation/20250722_mem-halo_er-mSG/fish1_24hpf_roi5/GPUsirecon_0p075					1
Aang_Foundation	20250722_mem-halo_er-mSG	Aang_Foundation/20250722_mem-halo_er-mSG/fish1_24hpf_roi5/LVScripts					1
Aang_Foundation	20250722_mem-halo_er-mSG	Aang_Foundation/20250722_mem-halo_er-mSG/fish1_24hpf_roi5/Logs					1
Aang_Foundation	20250722_mem-halo_er-mSG	Aang_Foundation/20250722_mem-halo_er-mSG/fish1_24hpf_roi5/job_logs					1
Aang_Foundation	20250722_mem-halo_er-mSG	Aang_Foundation/20250722_mem-halo_er-mSG/fish1_24hpf_roi5/perf					1
Aang_Foundation	20250722_mem-halo_er-mSG	Aang_Foundation/20250722_mem-halo_er-mSG/fish2_24hpf_roi1/GPUsirecon					1
Aang_Foundation	20250722_mem-halo_er-mSG	Aang_Foundation/20250722_mem-halo_er-mSG/fish2_24hpf_roi1/LVScripts					1
Aang_Foundation	20250722_mem-halo_er-mSG	Aang_Foundation/20250722_mem-halo_er-mSG/fish2_24hpf_roi1/Logs					1
Aang_Foundation	20250722_mem-halo_er-mSG	Aang_Foundation/20250722_mem-halo_er-mSG/fish2_24hpf_roi1/job_logs					1
Aang_Foundation	20250722_mem-halo_er-mSG	Aang_Foundation/20250722_mem-halo_er-mSG/fish2_24hpf_roi1/perf					1
Aang_Foundation	20250722_mem-halo_er-mSG	Aang_Foundation/20250722_mem-halo_er-mSG/fish2_24hpf_roi2/Logs					1
Aang_Foundation	20250722_mem-halo_er-mSG	Aang_Foundation/20250722_mem-halo_er-mSG/fish2_24hpf_roi2/perf					1
Aang_Foundation	20250722_mem-halo_er-mSG	Aang_Foundation/20250722_mem-halo_er-mSG/fish2_24hpf_roi3/Logs					1
Aang_Foundation	20250722_mem-halo_er-mSG	Aang_Foundation/20250722_mem-halo_er-mSG/fish2_24hpf_roi3/perf					1
Aang_Foundation	20250722_mem-halo_er-mSG	Aang_Foundation/20250722_mem-halo_er-mSG/fish2_24hpf_roi4/Logs					1
Aang_Foundation	20250722_mem-halo_er-mSG	Aang_Foundation/20250722_mem-halo_er-mSG/fish2_24hpf_roi4/perf					1
Aang_Foundation	20250722_mrna_mito-mSG_mem-mChilada	Aang_Foundation/20250722_mrna_mito-mSG_mem-mChilada/fish1_roi1/GPUsirecon					8
Aang_Foundation	20250722_mrna_mito-mSG_mem-mChilada	Aang_Foundation/20250722_mrna_mito-mSG_mem-mChilada/fish1_roi1/LVScripts					1
Aang_Foundation	20250722_mrna_mito-mSG_mem-mChilada	Aang_Foundation/20250722_mrna_mito-mSG_mem-mChilada/fish1_roi1/Logs					1
Aang_Foundation	20250722_mrna_mito-mSG_mem-mChilada	Aang_Foundation/20250722_mrna_mito-mSG_mem-mChilada/fish1_roi1/job_logs					1
Aang_Foundation	20250722_mrna_mito-mSG_mem-mChilada	Aang_Foundation/20250722_mrna_mito-mSG_mem-mChilada/fish1_roi1/perf					1
Aang_Foundation	20250722_mrna_mito-mSG_mem-mChilada	Aang_Foundation/20250722_mrna_mito-mSG_mem-mChilada/fish1_roi2/GPUsirecon					5
Aang_Foundation	20250722_mrna_mito-mSG_mem-mChilada	Aang_Foundation/20250722_mrna_mito-mSG_mem-mChilada/fish1_roi2/LVScripts					1
Aang_Foundation	20250722_mrna_mito-mSG_mem-mChilada	Aang_Foundation/20250722_mrna_mito-mSG_mem-mChilada/fish1_roi2/Logs					1
Aang_Foundation	20250722_mrna_mito-mSG_mem-mChilada	Aang_Foundation/20250722_mrna_mito-mSG_mem-mChilada/fish1_roi2/job_logs					1
Aang_Foundation	20250722_mrna_mito-mSG_mem-mChilada	Aang_Foundation/20250722_mrna_mito-mSG_mem-mChilada/fish1_roi2/perf					1
Aang_Foundation	20250722_mrna_mito-mSG_mem-mChilada	Aang_Foundation/20250722_mrna_mito-mSG_mem-mChilada/fish1_roi3/GPUsirecon					5
Aang_Foundation	20250722_mrna_mito-mSG_mem-mChilada	Aang_Foundation/20250722_mrna_mito-mSG_mem-mChilada/fish1_roi3/LVScripts					1
Aang_Foundation	20250722_mrna_mito-mSG_mem-mChilada	Aang_Foundation/20250722_mrna_mito-mSG_mem-mChilada/fish1_roi3/Logs					1
Aang_Foundation	20250722_mrna_mito-mSG_mem-mChilada	Aang_Foundation/20250722_mrna_mito-mSG_mem-mChilada/fish1_roi3/job_logs					1
Aang_Foundation	20250722_mrna_mito-mSG_mem-mChilada	Aang_Foundation/20250722_mrna_mito-mSG_mem-mChilada/fish1_roi3/perf					1
Aang_Foundation	20250722_mrna_mito-mSG_mem-mChilada	Aang_Foundation/20250722_mrna_mito-mSG_mem-mChilada/fish1_test/GPUsirecon					5
Aang_Foundation	20250722_mrna_mito-mSG_mem-mChilada	Aang_Foundation/20250722_mrna_mito-mSG_mem-mChilada/fish1_test/job_logs					1
Aang_Foundation	20250722_mrna_mito-mSG_mem-mChilada	Aang_Foundation/20250722_mrna_mito-mSG_mem-mChilada/fish2_48hpf_roi1/GPUsirecon					5
Aang_Foundation	20250722_mrna_mito-mSG_mem-mChilada	Aang_Foundation/20250722_mrna_mito-mSG_mem-mChilada/fish2_48hpf_roi1/LVScripts					1
Aang_Foundation	20250722_mrna_mito-mSG_mem-mChilada	Aang_Foundation/20250722_mrna_mito-mSG_mem-mChilada/fish2_48hpf_roi1/Logs					1
Aang_Foundation	20250722_mrna_mito-mSG_mem-mChilada	Aang_Foundation/20250722_mrna_mito-mSG_mem-mChilada/fish2_48hpf_roi1/job_logs					1
Aang_Foundation	20250722_mrna_mito-mSG_mem-mChilada	Aang_Foundation/20250722_mrna_mito-mSG_mem-mChilada/fish2_48hpf_roi1/perf					1
Aang_Foundation	20250722_mrna_mito-mSG_mem-mChilada	Aang_Foundation/20250722_mrna_mito-mSG_mem-mChilada/fish2_48hpf_roi2/GPUsirecon					5
Aang_Foundation	20250722_mrna_mito-mSG_mem-mChilada	Aang_Foundation/20250722_mrna_mito-mSG_mem-mChilada/fish2_48hpf_roi2/LVScripts					1
Aang_Foundation	20250722_mrna_mito-mSG_mem-mChilada	Aang_Foundation/20250722_mrna_mito-mSG_mem-mChilada/fish2_48hpf_roi2/Logs					1
Aang_Foundation	20250722_mrna_mito-mSG_mem-mChilada	Aang_Foundation/20250722_mrna_mito-mSG_mem-mChilada/fish2_48hpf_roi2/job_logs					1
Aang_Foundation	20250722_mrna_mito-mSG_mem-mChilada	Aang_Foundation/20250722_mrna_mito-mSG_mem-mChilada/fish2_48hpf_roi2/perf					1
Aang_Foundation	20250722_mrna_mito-mSG_mem-mChilada	Aang_Foundation/20250722_mrna_mito-mSG_mem-mChilada/fish2_48hpf_roi3/GPUsirecon					5
Aang_Foundation	20250722_mrna_mito-mSG_mem-mChilada	Aang_Foundation/20250722_mrna_mito-mSG_mem-mChilada/fish2_48hpf_roi3/LVScripts					1
Aang_Foundation	20250722_mrna_mito-mSG_mem-mChilada	Aang_Foundation/20250722_mrna_mito-mSG_mem-mChilada/fish2_48hpf_roi3/Logs					1
Aang_Foundation	20250722_mrna_mito-mSG_mem-mChilada	Aang_Foundation/20250722_mrna_mito-mSG_mem-mChilada/fish2_48hpf_roi3/job_logs					1
Aang_Foundation	20250722_mrna_mito-mSG_mem-mChilada	Aang_Foundation/20250722_mrna_mito-mSG_mem-mChilada/fish2_48hpf_roi3/perf					1
Aang_Foundation	20250722_mrna_mito-mSG_mem-mChilada	Aang_Foundation/20250722_mrna_mito-mSG_mem-mChilada/fish2_48hpf_roi4/GPUsirecon					5
Aang_Foundation	20250722_mrna_mito-mSG_mem-mChilada	Aang_Foundation/20250722_mrna_mito-mSG_mem-mChilada/fish2_48hpf_roi4/LVScripts					1
Aang_Foundation	20250722_mrna_mito-mSG_mem-mChilada	Aang_Foundation/20250722_mrna_mito-mSG_mem-mChilada/fish2_48hpf_roi4/Logs					1
Aang_Foundation	20250722_mrna_mito-mSG_mem-mChilada	Aang_Foundation/20250722_mrna_mito-mSG_mem-mChilada/fish2_48hpf_roi4/job_logs					1
Aang_Foundation	20250722_mrna_mito-mSG_mem-mChilada	Aang_Foundation/20250722_mrna_mito-mSG_mem-mChilada/fish2_48hpf_roi4/perf					1
Aang_Foundation	20250722_mrna_mito-mSG_mem-mChilada	Aang_Foundation/20250722_mrna_mito-mSG_mem-mChilada/fish2_48hpf_roi5/GPUsirecon					5
Aang_Foundation	20250722_mrna_mito-mSG_mem-mChilada	Aang_Foundation/20250722_mrna_mito-mSG_mem-mChilada/fish2_48hpf_roi5/LVScripts					1
Aang_Foundation	20250722_mrna_mito-mSG_mem-mChilada	Aang_Foundation/20250722_mrna_mito-mSG_mem-mChilada/fish2_48hpf_roi5/Logs					1
Aang_Foundation	20250722_mrna_mito-mSG_mem-mChilada	Aang_Foundation/20250722_mrna_mito-mSG_mem-mChilada/fish2_48hpf_roi5/job_logs					1
Aang_Foundation	20250722_mrna_mito-mSG_mem-mChilada	Aang_Foundation/20250722_mrna_mito-mSG_mem-mChilada/fish2_48hpf_roi5/perf					1
Aang_Foundation	20250722_mrna_mito-mSG_mem-mChilada	Aang_Foundation/20250722_mrna_mito-mSG_mem-mChilada/fish3_48hpf_roi1/GPUsirecon					5
Aang_Foundation	20250722_mrna_mito-mSG_mem-mChilada	Aang_Foundation/20250722_mrna_mito-mSG_mem-mChilada/fish3_48hpf_roi1/Logs					1
Aang_Foundation	20250722_mrna_mito-mSG_mem-mChilada	Aang_Foundation/20250722_mrna_mito-mSG_mem-mChilada/fish3_48hpf_roi1/job_logs					1
Aang_Foundation	20250722_mrna_mito-mSG_mem-mChilada	Aang_Foundation/20250722_mrna_mito-mSG_mem-mChilada/fish3_48hpf_roi1/perf					1
Aang_Foundation	20250722_mrna_mito-mSG_mem-mChilada	Aang_Foundation/20250722_mrna_mito-mSG_mem-mChilada/fish3_48hpf_roi2/GPUsirecon					5
Aang_Foundation	20250722_mrna_mito-mSG_mem-mChilada	Aang_Foundation/20250722_mrna_mito-mSG_mem-mChilada/fish3_48hpf_roi2/Logs					1
Aang_Foundation	20250722_mrna_mito-mSG_mem-mChilada	Aang_Foundation/20250722_mrna_mito-mSG_mem-mChilada/fish3_48hpf_roi2/job_logs					1
Aang_Foundation	20250722_mrna_mito-mSG_mem-mChilada	Aang_Foundation/20250722_mrna_mito-mSG_mem-mChilada/fish3_48hpf_roi2/perf					1
Aang_Foundation	20250722_mrna_mito-mSG_mem-mChilada	Aang_Foundation/20250722_mrna_mito-mSG_mem-mChilada/fish3_48hpf_roi3/GPUsirecon					5
Aang_Foundation	20250722_mrna_mito-mSG_mem-mChilada	Aang_Foundation/20250722_mrna_mito-mSG_mem-mChilada/fish3_48hpf_roi3/Logs					1
Aang_Foundation	20250722_mrna_mito-mSG_mem-mChilada	Aang_Foundation/20250722_mrna_mito-mSG_mem-mChilada/fish3_48hpf_roi3/job_logs					1
Aang_Foundation	20250722_mrna_mito-mSG_mem-mChilada	Aang_Foundation/20250722_mrna_mito-mSG_mem-mChilada/fish3_48hpf_roi3/perf					1
Aang_Foundation	20250722_mrna_mito-mSG_mem-mChilada	Aang_Foundation/20250722_mrna_mito-mSG_mem-mChilada/fish3_48hpf_roi4/GPUsirecon					5
Aang_Foundation	20250722_mrna_mito-mSG_mem-mChilada	Aang_Foundation/20250722_mrna_mito-mSG_mem-mChilada/fish3_48hpf_roi4/Logs					1
Aang_Foundation	20250722_mrna_mito-mSG_mem-mChilada	Aang_Foundation/20250722_mrna_mito-mSG_mem-mChilada/fish3_48hpf_roi4/job_logs					1
Aang_Foundation	20250722_mrna_mito-mSG_mem-mChilada	Aang_Foundation/20250722_mrna_mito-mSG_mem-mChilada/fish3_48hpf_roi4/perf					1
Aang_Foundation	20250722_mrna_mito-mSG_mem-mChilada	Aang_Foundation/20250722_mrna_mito-mSG_mem-mChilada/job_logs/20250722_143645_Resample					1
Aang_Foundation	20250722_mrna_mito-mSG_mem-mChilada	Aang_Foundation/20250722_mrna_mito-mSG_mem-mChilada/job_logs/20250722_145109_Resample					1
Aang_Foundation	20250722_mrna_mito-mSG_mem-mChilada	Aang_Foundation/20250722_mrna_mito-mSG_mem-mChilada/job_logs/20250722_145935_MIP_Generator					1
Aang_Foundation	20250722_mrna_mito-mSG_mem-mChilada	Aang_Foundation/20250722_mrna_mito-mSG_mem-mChilada/job_logs/20250724_140532_Resample					1
Aang_Foundation	20250722_mrna_mito-mSG_mem-mChilada	Aang_Foundation/20250722_mrna_mito-mSG_mem-mChilada/job_logs/20250724_140949_MIP_Generator					1
Aang_Foundation	20250722_mrna_mito-mSG_mem-mChilada	Aang_Foundation/20250722_mrna_mito-mSG_mem-mChilada/job_logs/20250724_141220_MIP_Generator					1
Aang_Foundation	20250722_mrna_mito-mSG_mem-mChilada	Aang_Foundation/20250722_mrna_mito-mSG_mem-mChilada/job_logs/20250724_141225_MIP_Generator					1
Aang_Foundation	20250723_er-mSG_mem-mChilada	Aang_Foundation/20250723_er-mSG_mem-mChilada/fish1_24hpf_roi1/AFFFT					2
Aang_Foundation	20250723_er-mSG_mem-mChilada	Aang_Foundation/20250723_er-mSG_mem-mChilada/fish1_24hpf_roi1/GPUsirecon					5
Aang_Foundation	20250723_er-mSG_mem-mChilada	Aang_Foundation/20250723_er-mSG_mem-mChilada/fish1_24hpf_roi1/LVScripts					1
Aang_Foundation	20250723_er-mSG_mem-mChilada	Aang_Foundation/20250723_er-mSG_mem-mChilada/fish1_24hpf_roi1/Logs					1
Aang_Foundation	20250723_er-mSG_mem-mChilada	Aang_Foundation/20250723_er-mSG_mem-mChilada/fish1_24hpf_roi1/job_logs					1
Aang_Foundation	20250723_er-mSG_mem-mChilada	Aang_Foundation/20250723_er-mSG_mem-mChilada/fish1_24hpf_roi1/perf					1
Aang_Foundation	20250805_lifeact_mem-halo	Aang_Foundation/20250805_lifeact_mem-halo/fish1_48hpf_roi1/AFFFT					2
Aang_Foundation	20250805_lifeact_mem-halo	Aang_Foundation/20250805_lifeact_mem-halo/fish1_48hpf_roi1/LVScripts					1
Aang_Foundation	20250805_lifeact_mem-halo	Aang_Foundation/20250805_lifeact_mem-halo/fish1_48hpf_roi1/Logs					1
Aang_Foundation	20250805_lifeact_mem-halo	Aang_Foundation/20250805_lifeact_mem-halo/fish1_48hpf_roi1/perf					1
Aang_Foundation	20250805_lifeact_mem-halo	Aang_Foundation/20250805_lifeact_mem-halo/fish1_48hpf_roi2/AFFFT					2
Aang_Foundation	20250805_lifeact_mem-halo	Aang_Foundation/20250805_lifeact_mem-halo/fish1_48hpf_roi2/LVScripts					1
Aang_Foundation	20250805_lifeact_mem-halo	Aang_Foundation/20250805_lifeact_mem-halo/fish1_48hpf_roi2/Logs					1
Aang_Foundation	20250805_lifeact_mem-halo	Aang_Foundation/20250805_lifeact_mem-halo/fish1_48hpf_roi2/perf					1
Aang_Foundation	20250805_lifeact_mem-halo	Aang_Foundation/20250805_lifeact_mem-halo/fish1_48hpf_roi3/AFFFT					2
Aang_Foundation	20250805_lifeact_mem-halo	Aang_Foundation/20250805_lifeact_mem-halo/fish1_48hpf_roi3/Logs					1
Aang_Foundation	20250805_lifeact_mem-halo	Aang_Foundation/20250805_lifeact_mem-halo/fish1_48hpf_roi3/perf					1
Aang_Foundation	20250805_lifeact_mem-halo	Aang_Foundation/20250805_lifeact_mem-halo/fish1_48hpf_roi4/AFFFT					2
Aang_Foundation	20250805_lifeact_mem-halo	Aang_Foundation/20250805_lifeact_mem-halo/fish1_48hpf_roi4/Logs					1
Aang_Foundation	20250805_lifeact_mem-halo	Aang_Foundation/20250805_lifeact_mem-halo/fish1_48hpf_roi4/perf					1
Aang_Foundation	20250805_lifeact_mem-halo	Aang_Foundation/20250805_lifeact_mem-halo/fish1_48hpf_roi5/AFFFT					2
Aang_Foundation	20250805_lifeact_mem-halo	Aang_Foundation/20250805_lifeact_mem-halo/fish1_48hpf_roi5/Logs					1
Aang_Foundation	20250805_lifeact_mem-halo	Aang_Foundation/20250805_lifeact_mem-halo/fish1_48hpf_roi5/perf					1
Aang_Foundation	20250805_mito_mem-halo	Aang_Foundation/20250805_mito_mem-halo/fish1_24hpf_roi1/AFFFT					2
Aang_Foundation	20250805_mito_mem-halo	Aang_Foundation/20250805_mito_mem-halo/fish1_24hpf_roi1/GPUsirecon					1
Aang_Foundation	20250805_mito_mem-halo	Aang_Foundation/20250805_mito_mem-halo/fish1_24hpf_roi1/LVScripts					1
Aang_Foundation	20250805_mito_mem-halo	Aang_Foundation/20250805_mito_mem-halo/fish1_24hpf_roi1/Logs					1
Aang_Foundation	20250805_mito_mem-halo	Aang_Foundation/20250805_mito_mem-halo/fish1_24hpf_roi1/job_logs					1
Aang_Foundation	20250805_mito_mem-halo	Aang_Foundation/20250805_mito_mem-halo/fish1_24hpf_roi1/perf					1
Aang_Foundation	20250805_mito_mem-halo	Aang_Foundation/20250805_mito_mem-halo/fish1_24hpf_roi2/AFFFT					2
Aang_Foundation	20250805_mito_mem-halo	Aang_Foundation/20250805_mito_mem-halo/fish1_24hpf_roi2/GPUsirecon					1
Aang_Foundation	20250805_mito_mem-halo	Aang_Foundation/20250805_mito_mem-halo/fish1_24hpf_roi2/LVScripts					1
Aang_Foundation	20250805_mito_mem-halo	Aang_Foundation/20250805_mito_mem-halo/fish1_24hpf_roi2/Logs					1
Aang_Foundation	20250805_mito_mem-halo	Aang_Foundation/20250805_mito_mem-halo/fish1_24hpf_roi2/perf					1
Aang_Foundation	20250805_mito_mem-halo	Aang_Foundation/20250805_mito_mem-halo/fish2_24hpf_roi1/AFFFT					2
Aang_Foundation	20250805_mito_mem-halo	Aang_Foundation/20250805_mito_mem-halo/fish2_24hpf_roi1/GPUsirecon					1
Aang_Foundation	20250805_mito_mem-halo	Aang_Foundation/20250805_mito_mem-halo/fish2_24hpf_roi1/Logs					1
Aang_Foundation	20250805_mito_mem-halo	Aang_Foundation/20250805_mito_mem-halo/fish2_24hpf_roi1/perf					1
Aang_Foundation	20250805_mito_mem-halo	Aang_Foundation/20250805_mito_mem-halo/fish2_24hpf_roi2/AFFFT					2
Aang_Foundation	20250805_mito_mem-halo	Aang_Foundation/20250805_mito_mem-halo/fish2_24hpf_roi2/GPUsirecon					1
Aang_Foundation	20250805_mito_mem-halo	Aang_Foundation/20250805_mito_mem-halo/fish2_24hpf_roi2/Logs					1
Aang_Foundation	20250805_mito_mem-halo	Aang_Foundation/20250805_mito_mem-halo/fish2_24hpf_roi2/perf					1
Aang_Foundation	20250805_mito_mem-halo	Aang_Foundation/20250805_mito_mem-halo/fish2_24hpf_roi3/AFFFT					2
Aang_Foundation	20250805_mito_mem-halo	Aang_Foundation/20250805_mito_mem-halo/fish2_24hpf_roi3/GPUsirecon					1
Aang_Foundation	20250805_mito_mem-halo	Aang_Foundation/20250805_mito_mem-halo/fish2_24hpf_roi3/Logs					1
Aang_Foundation	20250805_mito_mem-halo	Aang_Foundation/20250805_mito_mem-halo/fish2_24hpf_roi3/perf					1
Aang_Foundation	20250805_mito_mem-halo	Aang_Foundation/20250805_mito_mem-halo/fish3_24hpf_roi1/AFFFT					2
Aang_Foundation	20250805_mito_mem-halo	Aang_Foundation/20250805_mito_mem-halo/fish3_24hpf_roi1/GPUsirecon					1
Aang_Foundation	20250805_mito_mem-halo	Aang_Foundation/20250805_mito_mem-halo/fish3_24hpf_roi1/Logs					1
Aang_Foundation	20250805_mito_mem-halo	Aang_Foundation/20250805_mito_mem-halo/fish3_24hpf_roi1/perf					1
Aang_Foundation	20250805_mito_mem-halo	Aang_Foundation/20250805_mito_mem-halo/fish3_24hpf_roi2/AFFFT					2
Aang_Foundation	20250805_mito_mem-halo	Aang_Foundation/20250805_mito_mem-halo/fish3_24hpf_roi2/GPUsirecon					1
Aang_Foundation	20250805_mito_mem-halo	Aang_Foundation/20250805_mito_mem-halo/fish3_24hpf_roi2/Logs					1
Aang_Foundation	20250805_mito_mem-halo	Aang_Foundation/20250805_mito_mem-halo/fish3_24hpf_roi2/perf					1
Aang_Foundation	20250808_mem_organelle	Aang_Foundation/20250808_mem_organelle/fish1_24hpf_mem-mchilada_lyso-mSG/roi1					6
Aang_Foundation	20250808_mem_organelle	Aang_Foundation/20250808_mem_organelle/fish1_24hpf_mem-mchilada_lyso-mSG/roi1_1					6
Aang_Foundation	20250808_mem_organelle	Aang_Foundation/20250808_mem_organelle/fish1_24hpf_mem-mchilada_lyso-mSG/roi1_test					4
Aang_Foundation	20250808_mem_organelle	Aang_Foundation/20250808_mem_organelle/fish1_24hpf_mem-mchilada_lyso-mSG/roi2					6
Aang_Foundation	20250808_mem_organelle	Aang_Foundation/20250808_mem_organelle/fish1_24hpf_mem-mchilada_lyso-mSG/roi3					6
Aang_Foundation	20250808_mem_organelle	Aang_Foundation/20250808_mem_organelle/fish2_24hpf_mem-mchilada_lyso-mSG/roi1					6
Aang_Foundation	20250808_mem_organelle	Aang_Foundation/20250808_mem_organelle/fish2_24hpf_mem-mchilada_lyso-mSG/roi2					5
Aang_Foundation	20250808_mem_organelle	Aang_Foundation/20250808_mem_organelle/fish2_24hpf_mem-mchilada_lyso-mSG/roi3					5
Aang_Foundation	20250808_mem_organelle	Aang_Foundation/20250808_mem_organelle/fish3_24hpf_mem-mchilada_mito-mSG/roi1					8
Aang_Foundation	20250808_mem_organelle	Aang_Foundation/20250808_mem_organelle/fish3_24hpf_mem-mchilada_mito-mSG/roi2					6
Aang_Foundation	20250808_mem_organelle	Aang_Foundation/20250808_mem_organelle/fish3_24hpf_mem-mchilada_mito-mSG/roi3					6
Aang_Foundation	20250808_mem_organelle	Aang_Foundation/20250808_mem_organelle/fish3_24hpf_mem-mchilada_mito-mSG/roi4					6
Aang_Foundation	20250808_mem_organelle	Aang_Foundation/20250808_mem_organelle/fish4_24hpf_mem-mchilada_mito-mSG/roi1					7
Aang_Foundation	20250808_mem_organelle	Aang_Foundation/20250808_mem_organelle/fish4_24hpf_mem-mchilada_mito-mSG/roi2					7
Aang_Foundation	20250808_mem_organelle	Aang_Foundation/20250808_mem_organelle/fish4_24hpf_mem-mchilada_mito-mSG/roi3					6
Aang_Foundation	20250808_mem_organelle	Aang_Foundation/20250808_mem_organelle/fish4_24hpf_mem-mchilada_mito-mSG/roi4					6
Aang_Foundation	20250808_mem_organelle	Aang_Foundation/20250808_mem_organelle/fish4_24hpf_mem-mchilada_mito-mSG/roi5					6
Aang_Foundation	20250808_mem_organelle	Aang_Foundation/20250808_mem_organelle/fish4_24hpf_mem-mchilada_mito-mSG/roi6					6
Aang_Foundation	20250808_mem_organelle	Aang_Foundation/20250808_mem_organelle/fish4_24hpf_mem-mchilada_mito-mSG/roi7					6
Aang_Foundation	20250808_mem_organelle	Aang_Foundation/20250808_mem_organelle/fish4_24hpf_mem-mchilada_mito-mSG/roi8					6
Aang_Foundation	20250808_mem_organelle	Aang_Foundation/20250808_mem_organelle/fish4_24hpf_mem-mchilada_mito-mSG/roi9					5
Aang_Foundation	20250819_mem_ER	Aang_Foundation/20250819_mem_ER/fish1_24hpf_roi2/AFFFT					2
Aang_Foundation	20250819_mem_ER	Aang_Foundation/20250819_mem_ER/fish1_24hpf_roi2/LVScripts					1
Aang_Foundation	20250819_mem_ER	Aang_Foundation/20250819_mem_ER/fish1_24hpf_roi2/Logs					1
Aang_Foundation	20250819_mem_ER	Aang_Foundation/20250819_mem_ER/fish1_24hpf_roi2/perf					1
Aang_Foundation	20250819_mem_ER	Aang_Foundation/20250819_mem_ER/fish1_24hpf_roi2/scriptcheater					2
Aang_Foundation	20250819_mem_ER	Aang_Foundation/20250819_mem_ER/fish1_24hpf_roi3/AFFFT					2
Aang_Foundation	20250819_mem_ER	Aang_Foundation/20250819_mem_ER/fish1_24hpf_roi3/LVScripts					1
Aang_Foundation	20250819_mem_ER	Aang_Foundation/20250819_mem_ER/fish1_24hpf_roi3/Logs					1
Aang_Foundation	20250819_mem_ER	Aang_Foundation/20250819_mem_ER/fish1_24hpf_roi3/perf					1
Aang_Foundation	20250819_mem_ER	Aang_Foundation/20250819_mem_ER/fish1_24hpf_roi3/scriptcheater					2
Aang_Foundation	20250819_mem_ER	Aang_Foundation/20250819_mem_ER/fish1_24hpf_roi4/AFFFT					2
Aang_Foundation	20250819_mem_ER	Aang_Foundation/20250819_mem_ER/fish1_24hpf_roi4/LVScripts					1
Aang_Foundation	20250819_mem_ER	Aang_Foundation/20250819_mem_ER/fish1_24hpf_roi4/Logs					1
Aang_Foundation	20250819_mem_ER	Aang_Foundation/20250819_mem_ER/fish1_24hpf_roi4/perf					1
Aang_Foundation	20250819_mem_ER	Aang_Foundation/20250819_mem_ER/fish1_24hpf_roi4/scriptcheater					2
Aang_Foundation	20250819_mem_ER	Aang_Foundation/20250819_mem_ER/fish1_24hpf_roi5/AFFFT					2
Aang_Foundation	20250819_mem_ER	Aang_Foundation/20250819_mem_ER/fish1_24hpf_roi5/LVScripts					1
Aang_Foundation	20250819_mem_ER	Aang_Foundation/20250819_mem_ER/fish1_24hpf_roi5/Logs					1
Aang_Foundation	20250819_mem_ER	Aang_Foundation/20250819_mem_ER/fish1_24hpf_roi5/perf					1
Aang_Foundation	20250819_mem_ER	Aang_Foundation/20250819_mem_ER/fish1_24hpf_roi5/scriptcheater					2
Aang_Foundation	20250819_mem_ER	Aang_Foundation/20250819_mem_ER/fish2_24hpf_roi1/AFFFT					2
Aang_Foundation	20250819_mem_ER	Aang_Foundation/20250819_mem_ER/fish2_24hpf_roi1/LVScripts					1
Aang_Foundation	20250819_mem_ER	Aang_Foundation/20250819_mem_ER/fish2_24hpf_roi1/Logs					1
Aang_Foundation	20250819_mem_ER	Aang_Foundation/20250819_mem_ER/fish2_24hpf_roi1/perf					1
Aang_Foundation	20250819_mem_ER	Aang_Foundation/20250819_mem_ER/fish2_24hpf_roi1/scriptcheater					2
Aang_Foundation	20250819_mem_ER	Aang_Foundation/20250819_mem_ER/fish2_24hpf_roi2/AFFFT					2
Aang_Foundation	20250819_mem_ER	Aang_Foundation/20250819_mem_ER/fish2_24hpf_roi2/Logs					1
Aang_Foundation	20250819_mem_ER	Aang_Foundation/20250819_mem_ER/fish2_24hpf_roi2/perf					1
Aang_Foundation	20250819_mem_ER	Aang_Foundation/20250819_mem_ER/fish2_24hpf_roi2/scriptcheater					2
Aang_Foundation	20250819_mem_ER	Aang_Foundation/20250819_mem_ER/fish2_24hpf_roi3/AFFFT					2
Aang_Foundation	20250819_mem_ER	Aang_Foundation/20250819_mem_ER/fish2_24hpf_roi3/LVScripts					1
Aang_Foundation	20250819_mem_ER	Aang_Foundation/20250819_mem_ER/fish2_24hpf_roi3/Logs					1
Aang_Foundation	20250819_mem_ER	Aang_Foundation/20250819_mem_ER/fish2_24hpf_roi3/perf					1
Aang_Foundation	20250819_mem_ER	Aang_Foundation/20250819_mem_ER/fish2_24hpf_roi3/scriptcheater					2
Aang_Foundation	20250819_mem_ER	Aang_Foundation/20250819_mem_ER/roi1_newscripttest/AF					2
Aang_Foundation	20250819_mem_ER	Aang_Foundation/20250819_mem_ER/roi1_newscripttest/AFFFT					2
Aang_Foundation	20250819_mem_ER	Aang_Foundation/20250819_mem_ER/roi1_newscripttest/LVScripts					1
Aang_Foundation	20250819_mem_ER	Aang_Foundation/20250819_mem_ER/roi1_newscripttest/Logs					1
Aang_Foundation	20250819_mem_ER	Aang_Foundation/20250819_mem_ER/roi1_newscripttest/perf					1
Aang_Foundation	20250819_mem_ER	Aang_Foundation/20250819_mem_ER/test/LVScripts					1
Aang_Foundation	20250819_mem_ER	Aang_Foundation/20250819_mem_ER/test/Logs					1
Aang_Foundation	20250819_mem_ER	Aang_Foundation/20250819_mem_ER/test/perf					1
Aang_Foundation	20250819_mem_mito	Aang_Foundation/20250819_mem_mito/fish1_24hpf_roi1/AFFFT					2
Aang_Foundation	20250819_mem_mito	Aang_Foundation/20250819_mem_mito/fish1_24hpf_roi1/LVScripts					1
Aang_Foundation	20250819_mem_mito	Aang_Foundation/20250819_mem_mito/fish1_24hpf_roi1/Logs					1
Aang_Foundation	20250819_mem_mito	Aang_Foundation/20250819_mem_mito/fish1_24hpf_roi1/perf					1
Aang_Foundation	20250819_mem_mito	Aang_Foundation/20250819_mem_mito/fish1_24hpf_roi1/scriptcheater					2
Aang_Foundation	20250819_mem_mito	Aang_Foundation/20250819_mem_mito/fish1_24hpf_roi2/AFFFT					2
Aang_Foundation	20250819_mem_mito	Aang_Foundation/20250819_mem_mito/fish1_24hpf_roi2/Logs					1
Aang_Foundation	20250819_mem_mito	Aang_Foundation/20250819_mem_mito/fish1_24hpf_roi2/perf					1
Aang_Foundation	20250819_mem_mito	Aang_Foundation/20250819_mem_mito/fish1_24hpf_roi2/scriptcheater					2
Aang_Foundation	20250819_mem_mito	Aang_Foundation/20250819_mem_mito/fish1_24hpf_roi3/AFFFT					2
Aang_Foundation	20250819_mem_mito	Aang_Foundation/20250819_mem_mito/fish1_24hpf_roi3/LVScripts					1
Aang_Foundation	20250819_mem_mito	Aang_Foundation/20250819_mem_mito/fish1_24hpf_roi3/Logs					1
Aang_Foundation	20250819_mem_mito	Aang_Foundation/20250819_mem_mito/fish1_24hpf_roi3/perf					1
Aang_Foundation	20250819_mem_mito	Aang_Foundation/20250819_mem_mito/fish1_24hpf_roi3/scriptcheater					2
Aang_Foundation	20250819_mem_mito	Aang_Foundation/20250819_mem_mito/fish1_24hpf_roi4/AFFFT					2
Aang_Foundation	20250819_mem_mito	Aang_Foundation/20250819_mem_mito/fish1_24hpf_roi4/Logs					1
Aang_Foundation	20250819_mem_mito	Aang_Foundation/20250819_mem_mito/fish1_24hpf_roi4/perf					1
Aang_Foundation	20250819_mem_mito	Aang_Foundation/20250819_mem_mito/fish1_24hpf_roi4/scriptcheater					2
Aang_Foundation	20250819_mem_mito	Aang_Foundation/20250819_mem_mito/fish1_24hpf_roi5/AFFFT					2
Aang_Foundation	20250819_mem_mito	Aang_Foundation/20250819_mem_mito/fish1_24hpf_roi5/Logs					1
Aang_Foundation	20250819_mem_mito	Aang_Foundation/20250819_mem_mito/fish1_24hpf_roi5/perf					1
Aang_Foundation	20250819_mem_mito	Aang_Foundation/20250819_mem_mito/fish1_24hpf_roi5/scriptcheater					2
Aang_Foundation	20250819_mem_mito	Aang_Foundation/20250819_mem_mito/fish1_24hpf_roi6/AFFFT					2
Aang_Foundation	20250819_mem_mito	Aang_Foundation/20250819_mem_mito/fish1_24hpf_roi6/Logs					1
Aang_Foundation	20250819_mem_mito	Aang_Foundation/20250819_mem_mito/fish1_24hpf_roi6/perf					1
Aang_Foundation	20250819_mem_mito	Aang_Foundation/20250819_mem_mito/fish1_24hpf_roi6/scriptcheater					2
Aang_Foundation	20250819_mem_mito	Aang_Foundation/20250819_mem_mito/fish1_24hpf_roi7/AFFFT					2
Aang_Foundation	20250819_mem_mito	Aang_Foundation/20250819_mem_mito/fish1_24hpf_roi7/Logs					1
Aang_Foundation	20250819_mem_mito	Aang_Foundation/20250819_mem_mito/fish1_24hpf_roi7/perf					1
Aang_Foundation	20250819_mem_mito	Aang_Foundation/20250819_mem_mito/fish1_24hpf_roi7/scriptcheater					2
Aang_Foundation	20250819_mem_mito	Aang_Foundation/20250819_mem_mito/fish1_24hpf_roi8/AFFFT					2
Aang_Foundation	20250819_mem_mito	Aang_Foundation/20250819_mem_mito/fish1_24hpf_roi8/Logs					1
Aang_Foundation	20250819_mem_mito	Aang_Foundation/20250819_mem_mito/fish1_24hpf_roi8/perf					1
Aang_Foundation	20250819_mem_mito	Aang_Foundation/20250819_mem_mito/fish1_24hpf_roi8/scriptcheater					2
Aang_Foundation	20250819_mem_mito	Aang_Foundation/20250819_mem_mito/fish2_24hpf_roi1/AFFFT					2
Aang_Foundation	20250819_mem_mito	Aang_Foundation/20250819_mem_mito/fish2_24hpf_roi1/LVScripts					1
Aang_Foundation	20250819_mem_mito	Aang_Foundation/20250819_mem_mito/fish2_24hpf_roi1/Logs					1
Aang_Foundation	20250819_mem_mito	Aang_Foundation/20250819_mem_mito/fish2_24hpf_roi1/perf					1
Aang_Foundation	20250819_mem_mito	Aang_Foundation/20250819_mem_mito/fish2_24hpf_roi1/scriptcheater					2
Aang_Foundation	20250819_mem_mito	Aang_Foundation/20250819_mem_mito/fish2_24hpf_roi2/AFFFT					2
Aang_Foundation	20250819_mem_mito	Aang_Foundation/20250819_mem_mito/fish2_24hpf_roi2/LVScripts					1
Aang_Foundation	20250819_mem_mito	Aang_Foundation/20250819_mem_mito/fish2_24hpf_roi2/Logs					1
Aang_Foundation	20250819_mem_mito	Aang_Foundation/20250819_mem_mito/fish2_24hpf_roi2/perf					1
Aang_Foundation	20250819_mem_mito	Aang_Foundation/20250819_mem_mito/fish2_24hpf_roi2/scriptcheater					2
Aang_Foundation	20250819_mem_mito	Aang_Foundation/20250819_mem_mito/fish3_24hpf_roi1/AFFFT					2
Aang_Foundation	20250819_mem_mito	Aang_Foundation/20250819_mem_mito/fish3_24hpf_roi1/LVScripts					1
Aang_Foundation	20250819_mem_mito	Aang_Foundation/20250819_mem_mito/fish3_24hpf_roi1/Logs					1
Aang_Foundation	20250819_mem_mito	Aang_Foundation/20250819_mem_mito/fish3_24hpf_roi1/perf					1
Aang_Foundation	20250819_mem_mito	Aang_Foundation/20250819_mem_mito/fish3_24hpf_roi1/scriptcheater					2
Aang_Foundation	20250819_mem_mito	Aang_Foundation/20250819_mem_mito/fish4_48hpf_roi1/AFFFT					2
Aang_Foundation	20250819_mem_mito	Aang_Foundation/20250819_mem_mito/fish4_48hpf_roi1/DSH1					5
Aang_Foundation	20250819_mem_mito	Aang_Foundation/20250819_mem_mito/fish4_48hpf_roi1/LVScripts					1
Aang_Foundation	20250819_mem_mito	Aang_Foundation/20250819_mem_mito/fish4_48hpf_roi1/Logs					1
Aang_Foundation	20250819_mem_mito	Aang_Foundation/20250819_mem_mito/fish4_48hpf_roi1/perf					1
Aang_Foundation	20250819_mem_mito	Aang_Foundation/20250819_mem_mito/fish4_48hpf_roi1/scriptcheater					2
Aang_Foundation	20250819_mem_mito	Aang_Foundation/20250819_mem_mito/fish4_48hpf_roi3/AFFFT					2
Aang_Foundation	20250819_mem_mito	Aang_Foundation/20250819_mem_mito/fish4_48hpf_roi3/DSH1					5
Aang_Foundation	20250819_mem_mito	Aang_Foundation/20250819_mem_mito/fish4_48hpf_roi3/LVScripts					1
Aang_Foundation	20250819_mem_mito	Aang_Foundation/20250819_mem_mito/fish4_48hpf_roi3/Logs					1
Aang_Foundation	20250819_mem_mito	Aang_Foundation/20250819_mem_mito/fish4_48hpf_roi3/perf					1
Aang_Foundation	20250819_mem_mito	Aang_Foundation/20250819_mem_mito/fish4_48hpf_roi3/scriptcheater					2
Aang_Foundation	20250819_mem_mito	Aang_Foundation/20250819_mem_mito/fish4_48hpf_roi4/AFFFT					2
Aang_Foundation	20250819_mem_mito	Aang_Foundation/20250819_mem_mito/fish4_48hpf_roi4/DSH1					5
Aang_Foundation	20250819_mem_mito	Aang_Foundation/20250819_mem_mito/fish4_48hpf_roi4/Logs					1
Aang_Foundation	20250819_mem_mito	Aang_Foundation/20250819_mem_mito/fish4_48hpf_roi4/perf					1
Aang_Foundation	20250819_mem_mito	Aang_Foundation/20250819_mem_mito/fish4_48hpf_roi4/scriptcheater					2
Aang_Foundation	20250819_mem_mito	Aang_Foundation/20250819_mem_mito/fish4_48hpf_roi5/AFFFT					2
Aang_Foundation	20250819_mem_mito	Aang_Foundation/20250819_mem_mito/fish4_48hpf_roi5/DSH1					5
Aang_Foundation	20250819_mem_mito	Aang_Foundation/20250819_mem_mito/fish4_48hpf_roi5/Logs					1
Aang_Foundation	20250819_mem_mito	Aang_Foundation/20250819_mem_mito/fish4_48hpf_roi5/perf					1
Aang_Foundation	20250819_mem_mito	Aang_Foundation/20250819_mem_mito/fish4_48hpf_roi5/scriptcheater					2
Aang_Foundation	20250819_mem_mito	Aang_Foundation/20250819_mem_mito/fish4_48hpf_roi6/AFFFT					2
Aang_Foundation	20250819_mem_mito	Aang_Foundation/20250819_mem_mito/fish4_48hpf_roi6/DSH1					5
Aang_Foundation	20250819_mem_mito	Aang_Foundation/20250819_mem_mito/fish4_48hpf_roi6/LVScripts					1
Aang_Foundation	20250819_mem_mito	Aang_Foundation/20250819_mem_mito/fish4_48hpf_roi6/Logs					1
Aang_Foundation	20250819_mem_mito	Aang_Foundation/20250819_mem_mito/fish4_48hpf_roi6/perf					1
Aang_Foundation	20250819_mem_mito	Aang_Foundation/20250819_mem_mito/fish4_48hpf_roi6/scriptcheater					2
Aang_Foundation	20250819_mem_mito	Aang_Foundation/20250819_mem_mito/fish4_48hpf_roi7/AFFFT					2
Aang_Foundation	20250819_mem_mito	Aang_Foundation/20250819_mem_mito/fish4_48hpf_roi7/DSH1					5
Aang_Foundation	20250819_mem_mito	Aang_Foundation/20250819_mem_mito/fish4_48hpf_roi7/Logs					1
Aang_Foundation	20250819_mem_mito	Aang_Foundation/20250819_mem_mito/fish4_48hpf_roi7/perf					1
Aang_Foundation	20250819_mem_mito	Aang_Foundation/20250819_mem_mito/fish4_48hpf_roi7/scriptcheater					2
Aang_Foundation	20250819_mem_mito	Aang_Foundation/20250819_mem_mito/fish4_48hpf_roi8/AFFFT					2
Aang_Foundation	20250819_mem_mito	Aang_Foundation/20250819_mem_mito/fish4_48hpf_roi8/DSH1					5
Aang_Foundation	20250819_mem_mito	Aang_Foundation/20250819_mem_mito/fish4_48hpf_roi8/Logs					1
Aang_Foundation	20250819_mem_mito	Aang_Foundation/20250819_mem_mito/fish4_48hpf_roi8/perf					1
Aang_Foundation	20250819_mem_mito	Aang_Foundation/20250819_mem_mito/fish4_48hpf_roi8/scriptcheater					2
Aang_Foundation	20250819_mem_mito	Aang_Foundation/20250819_mem_mito/fish5_48hpf_roi11/AFFFT					2
Aang_Foundation	20250819_mem_mito	Aang_Foundation/20250819_mem_mito/fish5_48hpf_roi11/DSH1					5
Aang_Foundation	20250819_mem_mito	Aang_Foundation/20250819_mem_mito/fish5_48hpf_roi11/LVScripts					1
Aang_Foundation	20250819_mem_mito	Aang_Foundation/20250819_mem_mito/fish5_48hpf_roi11/Logs					1
Aang_Foundation	20250819_mem_mito	Aang_Foundation/20250819_mem_mito/fish5_48hpf_roi11/perf					1
Aang_Foundation	20250819_mem_mito	Aang_Foundation/20250819_mem_mito/fish5_48hpf_roi11/scriptcheater					2
Aang_Foundation	20250819_mem_mito	Aang_Foundation/20250819_mem_mito/fish5_48hpf_roi12/AFFFT					2
Aang_Foundation	20250819_mem_mito	Aang_Foundation/20250819_mem_mito/fish5_48hpf_roi12/DSH1					5
Aang_Foundation	20250819_mem_mito	Aang_Foundation/20250819_mem_mito/fish5_48hpf_roi12/Logs					1
Aang_Foundation	20250819_mem_mito	Aang_Foundation/20250819_mem_mito/fish5_48hpf_roi12/perf					1
Aang_Foundation	20250819_mem_mito	Aang_Foundation/20250819_mem_mito/fish5_48hpf_roi12/scriptcheater					2
Aang_Foundation	20250819_mem_mito	Aang_Foundation/20250819_mem_mito/fish5_48hpf_roi17/Logs					1
Aang_Foundation	20250819_mem_mito	Aang_Foundation/20250819_mem_mito/fish5_48hpf_roi3/DSH1					5
Aang_Foundation	20250819_mem_mito	Aang_Foundation/20250819_mem_mito/fish5_48hpf_roi3/LVScripts					1
Aang_Foundation	20250819_mem_mito	Aang_Foundation/20250819_mem_mito/fish5_48hpf_roi3/Logs					1
Aang_Foundation	20250819_mem_mito	Aang_Foundation/20250819_mem_mito/fish6_48hpf_roi1/AFFFT					2
Aang_Foundation	20250819_mem_mito	Aang_Foundation/20250819_mem_mito/fish6_48hpf_roi1/DSH1					5
Aang_Foundation	20250819_mem_mito	Aang_Foundation/20250819_mem_mito/fish6_48hpf_roi1/LVScripts					1
Aang_Foundation	20250819_mem_mito	Aang_Foundation/20250819_mem_mito/fish6_48hpf_roi1/Logs					1
Aang_Foundation	20250819_mem_mito	Aang_Foundation/20250819_mem_mito/fish6_48hpf_roi1/perf					1
Aang_Foundation	20250819_mem_mito	Aang_Foundation/20250819_mem_mito/fish6_48hpf_roi1/scriptcheater					2
Aang_Foundation	20250819_mem_mito	Aang_Foundation/20250819_mem_mito/fish6_48hpf_roi2/AFFFT					2
Aang_Foundation	20250819_mem_mito	Aang_Foundation/20250819_mem_mito/fish6_48hpf_roi2/DSH1					5
Aang_Foundation	20250819_mem_mito	Aang_Foundation/20250819_mem_mito/fish6_48hpf_roi2/Logs					1
Aang_Foundation	20250819_mem_mito	Aang_Foundation/20250819_mem_mito/fish6_48hpf_roi2/perf					1
Aang_Foundation	20250819_mem_mito	Aang_Foundation/20250819_mem_mito/fish6_48hpf_roi2/scriptcheater					2
Aang_Foundation	20250819_mem_mito	Aang_Foundation/20250819_mem_mito/fish6_48hpf_roi3/AFFFT					2
Aang_Foundation	20250819_mem_mito	Aang_Foundation/20250819_mem_mito/fish6_48hpf_roi3/DSH1					5
Aang_Foundation	20250819_mem_mito	Aang_Foundation/20250819_mem_mito/fish6_48hpf_roi3/Logs					1
Aang_Foundation	20250819_mem_mito	Aang_Foundation/20250819_mem_mito/fish6_48hpf_roi3/perf					1
Aang_Foundation	20250819_mem_mito	Aang_Foundation/20250819_mem_mito/fish6_48hpf_roi3/scriptcheater					2
Aang_Foundation	20250819_mem_mito	Aang_Foundation/20250819_mem_mito/fish6_48hpf_roi4/AFFFT					2
Aang_Foundation	20250819_mem_mito	Aang_Foundation/20250819_mem_mito/fish6_48hpf_roi4/DSH1					5
Aang_Foundation	20250819_mem_mito	Aang_Foundation/20250819_mem_mito/fish6_48hpf_roi4/Logs					1
Aang_Foundation	20250819_mem_mito	Aang_Foundation/20250819_mem_mito/fish6_48hpf_roi4/perf					1
Aang_Foundation	20250819_mem_mito	Aang_Foundation/20250819_mem_mito/fish6_48hpf_roi4/scriptcheater					2
Aang_Foundation	20250819_mem_mito	Aang_Foundation/20250819_mem_mito/fish6_48hpf_roi5/AFFFT					2
Aang_Foundation	20250819_mem_mito	Aang_Foundation/20250819_mem_mito/fish6_48hpf_roi5/DSH1					5
Aang_Foundation	20250819_mem_mito	Aang_Foundation/20250819_mem_mito/fish6_48hpf_roi5/Logs					1
Aang_Foundation	20250819_mem_mito	Aang_Foundation/20250819_mem_mito/fish6_48hpf_roi5/perf					1
Aang_Foundation	20250819_mem_mito	Aang_Foundation/20250819_mem_mito/fish6_48hpf_roi5/scriptcheater					2
Aang_Foundation	20250821_mem_mito	Aang_Foundation/20250821_mem_mito/fish1_24hpf_roi1/AFFFT					2
Aang_Foundation	20250821_mem_mito	Aang_Foundation/20250821_mem_mito/fish1_24hpf_roi1/DSH1					5
Aang_Foundation	20250821_mem_mito	Aang_Foundation/20250821_mem_mito/fish1_24hpf_roi1/LVScripts					1
Aang_Foundation	20250821_mem_mito	Aang_Foundation/20250821_mem_mito/fish1_24hpf_roi1/Logs					1
Aang_Foundation	20250821_mem_mito	Aang_Foundation/20250821_mem_mito/fish1_24hpf_roi1/perf					1
Aang_Foundation	20250821_mem_mito	Aang_Foundation/20250821_mem_mito/fish1_24hpf_roi1/scriptcheater					2
Aang_Foundation	20250821_mem_mito	Aang_Foundation/20250821_mem_mito/fish1_24hpf_roi2/AFFFT					2
Aang_Foundation	20250821_mem_mito	Aang_Foundation/20250821_mem_mito/fish1_24hpf_roi2/DSH1					5
Aang_Foundation	20250821_mem_mito	Aang_Foundation/20250821_mem_mito/fish1_24hpf_roi2/LVScripts					1
Aang_Foundation	20250821_mem_mito	Aang_Foundation/20250821_mem_mito/fish1_24hpf_roi2/Logs					1
Aang_Foundation	20250821_mem_mito	Aang_Foundation/20250821_mem_mito/fish1_24hpf_roi2/perf					1
Aang_Foundation	20250821_mem_mito	Aang_Foundation/20250821_mem_mito/fish1_24hpf_roi2/scriptcheater					2
Aang_Foundation	20250821_mem_mito	Aang_Foundation/20250821_mem_mito/fish2_24hpf_roi1/AFFFT					2
Aang_Foundation	20250821_mem_mito	Aang_Foundation/20250821_mem_mito/fish2_24hpf_roi1/DSH1					5
Aang_Foundation	20250821_mem_mito	Aang_Foundation/20250821_mem_mito/fish2_24hpf_roi1/Logs					1
Aang_Foundation	20250821_mem_mito	Aang_Foundation/20250821_mem_mito/fish2_24hpf_roi1/perf					1
Aang_Foundation	20250821_mem_mito	Aang_Foundation/20250821_mem_mito/fish2_24hpf_roi1/scriptcheater					2
Aang_Foundation	20250821_mem_mito	Aang_Foundation/20250821_mem_mito/fish2_24hpf_roi2/AFFFT					2
Aang_Foundation	20250821_mem_mito	Aang_Foundation/20250821_mem_mito/fish2_24hpf_roi2/DSH1					5
Aang_Foundation	20250821_mem_mito	Aang_Foundation/20250821_mem_mito/fish2_24hpf_roi2/Logs					1
Aang_Foundation	20250821_mem_mito	Aang_Foundation/20250821_mem_mito/fish2_24hpf_roi2/perf					1
Aang_Foundation	20250821_mem_mito	Aang_Foundation/20250821_mem_mito/fish2_24hpf_roi2/scriptcheater					2
Aang_Foundation	20250821_mem_mito	Aang_Foundation/20250821_mem_mito/fish3_24hpf_roi1/AFFFT					2
Aang_Foundation	20250821_mem_mito	Aang_Foundation/20250821_mem_mito/fish3_24hpf_roi1/DSH1					5
Aang_Foundation	20250821_mem_mito	Aang_Foundation/20250821_mem_mito/fish3_24hpf_roi1/Logs					1
Aang_Foundation	20250821_mem_mito	Aang_Foundation/20250821_mem_mito/fish3_24hpf_roi1/perf					1
Aang_Foundation	20250821_mem_mito	Aang_Foundation/20250821_mem_mito/fish3_24hpf_roi1/scriptcheater					2
Aang_Foundation	20250821_mem_mito	Aang_Foundation/20250821_mem_mito/fish3_24hpf_roi2/AFFFT					2
Aang_Foundation	20250821_mem_mito	Aang_Foundation/20250821_mem_mito/fish3_24hpf_roi2/DSH1					5
Aang_Foundation	20250821_mem_mito	Aang_Foundation/20250821_mem_mito/fish3_24hpf_roi2/Logs					1
Aang_Foundation	20250821_mem_mito	Aang_Foundation/20250821_mem_mito/fish3_24hpf_roi2/perf					1
Aang_Foundation	20250821_mem_mito	Aang_Foundation/20250821_mem_mito/fish3_24hpf_roi2/scriptcheater					2
Aang_Foundation	20250821_mem_mito	Aang_Foundation/20250821_mem_mito/fish4_24hpf_roi1/AFFFT					2
Aang_Foundation	20250821_mem_mito	Aang_Foundation/20250821_mem_mito/fish4_24hpf_roi1/DSH1					5
Aang_Foundation	20250821_mem_mito	Aang_Foundation/20250821_mem_mito/fish4_24hpf_roi1/LVScripts					1
Aang_Foundation	20250821_mem_mito	Aang_Foundation/20250821_mem_mito/fish4_24hpf_roi1/Logs					1
Aang_Foundation	20250821_mem_mito	Aang_Foundation/20250821_mem_mito/fish4_24hpf_roi1/perf					1
Aang_Foundation	20250821_mem_mito	Aang_Foundation/20250821_mem_mito/fish4_24hpf_roi1/scriptcheater					2
Aang_Foundation	20250821_mem_mito	Aang_Foundation/20250821_mem_mito/fish4_24hpf_roi2/AFFFT					2
Aang_Foundation	20250821_mem_mito	Aang_Foundation/20250821_mem_mito/fish4_24hpf_roi2/DSH1					5
Aang_Foundation	20250821_mem_mito	Aang_Foundation/20250821_mem_mito/fish4_24hpf_roi2/Logs					1
Aang_Foundation	20250821_mem_mito	Aang_Foundation/20250821_mem_mito/fish4_24hpf_roi2/perf					1
Aang_Foundation	20250821_mem_mito	Aang_Foundation/20250821_mem_mito/fish4_24hpf_roi2/scriptcheater					2
Aang_Foundation	20250821_mem_mito	Aang_Foundation/20250821_mem_mito/fish5_24hpf_roi1/DSH1					5
Aang_Foundation	20250821_mem_mito	Aang_Foundation/20250821_mem_mito/fish5_24hpf_roi1/LVScripts					1
Aang_Foundation	20250821_mem_mito	Aang_Foundation/20250821_mem_mito/fish5_24hpf_roi1/Logs					1
Aang_Foundation	20250821_mem_mito	Aang_Foundation/20250821_mem_mito/fish6_24hpf_roi1/AFFFT					2
Aang_Foundation	20250821_mem_mito	Aang_Foundation/20250821_mem_mito/fish6_24hpf_roi1/DSH1					5
Aang_Foundation	20250821_mem_mito	Aang_Foundation/20250821_mem_mito/fish6_24hpf_roi1/LVScripts					1
Aang_Foundation	20250821_mem_mito	Aang_Foundation/20250821_mem_mito/fish6_24hpf_roi1/Logs					1
Aang_Foundation	20250821_mem_mito	Aang_Foundation/20250821_mem_mito/fish6_24hpf_roi1/perf					1
Aang_Foundation	20250821_mem_mito	Aang_Foundation/20250821_mem_mito/fish6_24hpf_roi1/scriptcheater					2
Aang_Foundation	20250821_mem_mito	Aang_Foundation/20250821_mem_mito/fish6_24hpf_roi2/AFFFT					2
Aang_Foundation	20250821_mem_mito	Aang_Foundation/20250821_mem_mito/fish6_24hpf_roi2/DSH1					5
Aang_Foundation	20250821_mem_mito	Aang_Foundation/20250821_mem_mito/fish6_24hpf_roi2/Logs					1
Aang_Foundation	20250821_mem_mito	Aang_Foundation/20250821_mem_mito/fish6_24hpf_roi2/perf					1
Aang_Foundation	20250821_mem_mito	Aang_Foundation/20250821_mem_mito/fish6_24hpf_roi2/scriptcheater					2
Aang_Foundation	20250821_mem_mito	Aang_Foundation/20250821_mem_mito/fish7_48hpf_roi1/AFFFT					2
Aang_Foundation	20250821_mem_mito	Aang_Foundation/20250821_mem_mito/fish7_48hpf_roi1/DSH1					5
Aang_Foundation	20250821_mem_mito	Aang_Foundation/20250821_mem_mito/fish7_48hpf_roi1/LVScripts					1
Aang_Foundation	20250821_mem_mito	Aang_Foundation/20250821_mem_mito/fish7_48hpf_roi1/Logs					1
Aang_Foundation	20250821_mem_mito	Aang_Foundation/20250821_mem_mito/fish7_48hpf_roi1/perf					1
Aang_Foundation	20250821_mem_mito	Aang_Foundation/20250821_mem_mito/fish7_48hpf_roi1/scriptcheater					2
Aang_Foundation	20250821_mem_mito	Aang_Foundation/20250821_mem_mito/fish7_48hpf_roi2/AFFFT					2
Aang_Foundation	20250821_mem_mito	Aang_Foundation/20250821_mem_mito/fish7_48hpf_roi2/DSH1					5
Aang_Foundation	20250821_mem_mito	Aang_Foundation/20250821_mem_mito/fish7_48hpf_roi2/Logs					1
Aang_Foundation	20250821_mem_mito	Aang_Foundation/20250821_mem_mito/fish7_48hpf_roi2/perf					1
Aang_Foundation	20250821_mem_mito	Aang_Foundation/20250821_mem_mito/fish7_48hpf_roi2/scriptcheater					2
Aang_Foundation	20250821_mem_mito	Aang_Foundation/20250821_mem_mito/fish8_48hpf_roi1/AFFFT					2
Aang_Foundation	20250821_mem_mito	Aang_Foundation/20250821_mem_mito/fish8_48hpf_roi1/DSH1					5
Aang_Foundation	20250821_mem_mito	Aang_Foundation/20250821_mem_mito/fish8_48hpf_roi1/LVScripts					1
Aang_Foundation	20250821_mem_mito	Aang_Foundation/20250821_mem_mito/fish8_48hpf_roi1/Logs					1
Aang_Foundation	20250821_mem_mito	Aang_Foundation/20250821_mem_mito/fish8_48hpf_roi1/perf					1
Aang_Foundation	20250821_mem_mito	Aang_Foundation/20250821_mem_mito/fish8_48hpf_roi1/scriptcheater					2
Aang_Foundation	20250821_mem_mito	Aang_Foundation/20250821_mem_mito/fish8_48hpf_roi2/AFFFT					2
Aang_Foundation	20250821_mem_mito	Aang_Foundation/20250821_mem_mito/fish8_48hpf_roi2/DSH1					5
Aang_Foundation	20250821_mem_mito	Aang_Foundation/20250821_mem_mito/fish8_48hpf_roi2/Logs					1
Aang_Foundation	20250821_mem_mito	Aang_Foundation/20250821_mem_mito/fish8_48hpf_roi2/perf					1
Aang_Foundation	20250821_mem_mito	Aang_Foundation/20250821_mem_mito/fish8_48hpf_roi2/scriptcheater					2
Aang_Foundation	20250821_mem_mito	Aang_Foundation/20250821_mem_mito/fish8_48hpf_roi3/Logs					1
Aang_Foundation	20250821_mem_mito	Aang_Foundation/20250821_mem_mito/fish8_48hpf_roi3/perf					1
Aang_Foundation	20250821_mem_mito	Aang_Foundation/20250821_mem_mito/fish8_48hpf_roi3/scriptcheater					2
Aang_Foundation	20250826_mem_actin	Aang_Foundation/20250826_mem_actin/fish1_24hpf_roi1/AFFFT					2
Aang_Foundation	20250826_mem_actin	Aang_Foundation/20250826_mem_actin/fish1_24hpf_roi1/DSH1					5
Aang_Foundation	20250826_mem_actin	Aang_Foundation/20250826_mem_actin/fish1_24hpf_roi1/LVScripts					1
Aang_Foundation	20250826_mem_actin	Aang_Foundation/20250826_mem_actin/fish1_24hpf_roi1/Logs					1
Aang_Foundation	20250826_mem_actin	Aang_Foundation/20250826_mem_actin/fish1_24hpf_roi1/perf					1
Aang_Foundation	20250826_mem_actin	Aang_Foundation/20250826_mem_actin/fish1_24hpf_roi1/scriptcheater					2
Aang_Foundation	20250826_mem_actin	Aang_Foundation/20250826_mem_actin/fish1_24hpf_roi2/AFFFT					2
Aang_Foundation	20250826_mem_actin	Aang_Foundation/20250826_mem_actin/fish1_24hpf_roi2/DSH1					5
Aang_Foundation	20250826_mem_actin	Aang_Foundation/20250826_mem_actin/fish1_24hpf_roi2/LVScripts					1
Aang_Foundation	20250826_mem_actin	Aang_Foundation/20250826_mem_actin/fish1_24hpf_roi2/Logs					1
Aang_Foundation	20250826_mem_actin	Aang_Foundation/20250826_mem_actin/fish1_24hpf_roi2/perf					1
Aang_Foundation	20250826_mem_actin	Aang_Foundation/20250826_mem_actin/fish1_24hpf_roi2/scriptcheater					2
Aang_Foundation	20250826_mem_actin	Aang_Foundation/20250826_mem_actin/fish2_24hpf_roi1/AFFFT					2
Aang_Foundation	20250826_mem_actin	Aang_Foundation/20250826_mem_actin/fish2_24hpf_roi1/DSH1					5
Aang_Foundation	20250826_mem_actin	Aang_Foundation/20250826_mem_actin/fish2_24hpf_roi1/Logs					1
Aang_Foundation	20250826_mem_actin	Aang_Foundation/20250826_mem_actin/fish2_24hpf_roi1/perf					1
Aang_Foundation	20250826_mem_actin	Aang_Foundation/20250826_mem_actin/fish2_24hpf_roi1/scriptcheater					2
Aang_Foundation	20250826_mem_actin	Aang_Foundation/20250826_mem_actin/fish3_24hpf_roi1/AFFFT					2
Aang_Foundation	20250826_mem_actin	Aang_Foundation/20250826_mem_actin/fish3_24hpf_roi1/DSH1					5
Aang_Foundation	20250826_mem_actin	Aang_Foundation/20250826_mem_actin/fish3_24hpf_roi1/LVScripts					1
Aang_Foundation	20250826_mem_actin	Aang_Foundation/20250826_mem_actin/fish3_24hpf_roi1/Logs					1
Aang_Foundation	20250826_mem_actin	Aang_Foundation/20250826_mem_actin/fish3_24hpf_roi1/perf					1
Aang_Foundation	20250826_mem_actin	Aang_Foundation/20250826_mem_actin/fish3_24hpf_roi1/scriptcheater					2
Aang_Foundation	20250826_mem_actin	Aang_Foundation/20250826_mem_actin/fish3_24hpf_roi2/AFFFT					2
Aang_Foundation	20250826_mem_actin	Aang_Foundation/20250826_mem_actin/fish3_24hpf_roi2/DSH1					5
Aang_Foundation	20250826_mem_actin	Aang_Foundation/20250826_mem_actin/fish3_24hpf_roi2/Logs					1
Aang_Foundation	20250826_mem_actin	Aang_Foundation/20250826_mem_actin/fish3_24hpf_roi2/perf					1
Aang_Foundation	20250826_mem_actin	Aang_Foundation/20250826_mem_actin/fish3_24hpf_roi2/scriptcheater					2
Aang_Foundation	20250826_mem_actin	Aang_Foundation/20250826_mem_actin/fish5_24hpf_roi1/AFFFT					2
Aang_Foundation	20250826_mem_actin	Aang_Foundation/20250826_mem_actin/fish5_24hpf_roi1/DSH1					5
Aang_Foundation	20250826_mem_actin	Aang_Foundation/20250826_mem_actin/fish5_24hpf_roi1/Logs					1
Aang_Foundation	20250826_mem_actin	Aang_Foundation/20250826_mem_actin/fish5_24hpf_roi1/perf					1
Aang_Foundation	20250826_mem_actin	Aang_Foundation/20250826_mem_actin/fish5_24hpf_roi1/scriptcheater					2
Aang_Foundation	20250826_mem_actin	Aang_Foundation/20250826_mem_actin/fish5_24hpf_roi2/AFFFT					2
Aang_Foundation	20250826_mem_actin	Aang_Foundation/20250826_mem_actin/fish5_24hpf_roi2/DSH1					5
Aang_Foundation	20250826_mem_actin	Aang_Foundation/20250826_mem_actin/fish5_24hpf_roi2/Logs					1
Aang_Foundation	20250826_mem_actin	Aang_Foundation/20250826_mem_actin/fish5_24hpf_roi2/perf					1
Aang_Foundation	20250826_mem_actin	Aang_Foundation/20250826_mem_actin/fish5_24hpf_roi2/scriptcheater					2
Aang_Foundation	20250826_mem_actin	Aang_Foundation/20250826_mem_actin/fish6_24hpf_roi1/AFFFT					2
Aang_Foundation	20250826_mem_actin	Aang_Foundation/20250826_mem_actin/fish6_24hpf_roi1/DSH1					5
Aang_Foundation	20250826_mem_actin	Aang_Foundation/20250826_mem_actin/fish6_24hpf_roi1/LVScripts					1
Aang_Foundation	20250826_mem_actin	Aang_Foundation/20250826_mem_actin/fish6_24hpf_roi1/Logs					1
Aang_Foundation	20250826_mem_actin	Aang_Foundation/20250826_mem_actin/fish6_24hpf_roi1/perf					1
Aang_Foundation	20250826_mem_actin	Aang_Foundation/20250826_mem_actin/fish6_24hpf_roi1/scriptcheater					2
Aang_Foundation	20250827_mem_actin	Aang_Foundation/20250827_mem_actin/fish3_48hpf_roi1/AFFFT					2
Aang_Foundation	20250827_mem_actin	Aang_Foundation/20250827_mem_actin/fish3_48hpf_roi1/DSH1					5
Aang_Foundation	20250827_mem_actin	Aang_Foundation/20250827_mem_actin/fish3_48hpf_roi1/LVScripts					1
Aang_Foundation	20250827_mem_actin	Aang_Foundation/20250827_mem_actin/fish3_48hpf_roi1/Logs					1
Aang_Foundation	20250827_mem_actin	Aang_Foundation/20250827_mem_actin/fish3_48hpf_roi1/perf					1
Aang_Foundation	20250827_mem_actin	Aang_Foundation/20250827_mem_actin/fish3_48hpf_roi1/scriptcheater					2
Aang_Foundation	20250827_mem_actin	Aang_Foundation/20250827_mem_actin/fish3_48hpf_roi2/AFFFT					2
Aang_Foundation	20250827_mem_actin	Aang_Foundation/20250827_mem_actin/fish3_48hpf_roi2/DSH1					5
Aang_Foundation	20250827_mem_actin	Aang_Foundation/20250827_mem_actin/fish3_48hpf_roi2/LVScripts					1
Aang_Foundation	20250827_mem_actin	Aang_Foundation/20250827_mem_actin/fish3_48hpf_roi2/Logs					1
Aang_Foundation	20250827_mem_actin	Aang_Foundation/20250827_mem_actin/fish3_48hpf_roi2/perf					1
Aang_Foundation	20250827_mem_actin	Aang_Foundation/20250827_mem_actin/fish3_48hpf_roi2/scriptcheater					2
Aang_Foundation	20250827_mem_actin	Aang_Foundation/20250827_mem_actin/fish5_48hpf_roi1/AFFFT					2
Aang_Foundation	20250827_mem_actin	Aang_Foundation/20250827_mem_actin/fish5_48hpf_roi1/DSH1					5
Aang_Foundation	20250827_mem_actin	Aang_Foundation/20250827_mem_actin/fish5_48hpf_roi1/LVScripts					1
Aang_Foundation	20250827_mem_actin	Aang_Foundation/20250827_mem_actin/fish5_48hpf_roi1/Logs					1
Aang_Foundation	20250827_mem_actin	Aang_Foundation/20250827_mem_actin/fish5_48hpf_roi1/perf					1
Aang_Foundation	20250827_mem_actin	Aang_Foundation/20250827_mem_actin/fish5_48hpf_roi1/scriptcheater					2
Aang_Foundation	20250827_mem_actin	Aang_Foundation/20250827_mem_actin/fish5_48hpf_roi2/AFFFT					2
Aang_Foundation	20250827_mem_actin	Aang_Foundation/20250827_mem_actin/fish5_48hpf_roi2/DSH1					5
Aang_Foundation	20250827_mem_actin	Aang_Foundation/20250827_mem_actin/fish5_48hpf_roi2/Logs					1
Aang_Foundation	20250827_mem_actin	Aang_Foundation/20250827_mem_actin/fish5_48hpf_roi2/perf					1
Aang_Foundation	20250827_mem_actin	Aang_Foundation/20250827_mem_actin/fish5_48hpf_roi2/scriptcheater					2
Aang_Foundation	20250827_mem_actin	Aang_Foundation/20250827_mem_actin/fish5_48hpf_roi3/AFFFT					2
Aang_Foundation	20250827_mem_actin	Aang_Foundation/20250827_mem_actin/fish5_48hpf_roi3/DSH1					5
Aang_Foundation	20250827_mem_actin	Aang_Foundation/20250827_mem_actin/fish5_48hpf_roi3/Logs					1
Aang_Foundation	20250827_mem_actin	Aang_Foundation/20250827_mem_actin/fish5_48hpf_roi3/perf					1
Aang_Foundation	20250827_mem_actin	Aang_Foundation/20250827_mem_actin/fish5_48hpf_roi3/scriptcheater					2
Aang_Foundation	20250828_mem_actin	Aang_Foundation/20250828_mem_actin/fish1_24hpf_roi1-2/AFFFT					2
Aang_Foundation	20250828_mem_actin	Aang_Foundation/20250828_mem_actin/fish1_24hpf_roi1-2/DSH1					5
Aang_Foundation	20250828_mem_actin	Aang_Foundation/20250828_mem_actin/fish1_24hpf_roi1-2/LVScripts					1
Aang_Foundation	20250828_mem_actin	Aang_Foundation/20250828_mem_actin/fish1_24hpf_roi1-2/Logs					1
Aang_Foundation	20250828_mem_actin	Aang_Foundation/20250828_mem_actin/fish1_24hpf_roi1-2/perf					1
Aang_Foundation	20250828_mem_actin	Aang_Foundation/20250828_mem_actin/fish1_24hpf_roi1-2/scriptcheater					2
Aang_Foundation	20250828_mem_actin	Aang_Foundation/20250828_mem_actin/fish1_24hpf_roi1/AFFFT					2
Aang_Foundation	20250828_mem_actin	Aang_Foundation/20250828_mem_actin/fish1_24hpf_roi1/DSH1					5
Aang_Foundation	20250828_mem_actin	Aang_Foundation/20250828_mem_actin/fish1_24hpf_roi1/LVScripts					1
Aang_Foundation	20250828_mem_actin	Aang_Foundation/20250828_mem_actin/fish1_24hpf_roi1/Logs					1
Aang_Foundation	20250828_mem_actin	Aang_Foundation/20250828_mem_actin/fish1_24hpf_roi1/perf					1
Aang_Foundation	20250828_mem_actin	Aang_Foundation/20250828_mem_actin/fish1_24hpf_roi1/scriptcheater					2
Aang_Foundation	20250828_mem_actin	Aang_Foundation/20250828_mem_actin/fish1_24hpf_roi2/AFFFT					2
Aang_Foundation	20250828_mem_actin	Aang_Foundation/20250828_mem_actin/fish1_24hpf_roi2/DSH1					5
Aang_Foundation	20250828_mem_actin	Aang_Foundation/20250828_mem_actin/fish1_24hpf_roi2/LVScripts					1
Aang_Foundation	20250828_mem_actin	Aang_Foundation/20250828_mem_actin/fish1_24hpf_roi2/Logs					1
Aang_Foundation	20250828_mem_actin	Aang_Foundation/20250828_mem_actin/fish1_24hpf_roi2/perf					1
Aang_Foundation	20250828_mem_actin	Aang_Foundation/20250828_mem_actin/fish1_24hpf_roi2/scriptcheater					2
Aang_Foundation	20250828_mem_actin	Aang_Foundation/20250828_mem_actin/fish1_24hpf_roi3/AFFFT					2
Aang_Foundation	20250828_mem_actin	Aang_Foundation/20250828_mem_actin/fish1_24hpf_roi3/DSH1					5
Aang_Foundation	20250828_mem_actin	Aang_Foundation/20250828_mem_actin/fish1_24hpf_roi3/Logs					1
Aang_Foundation	20250828_mem_actin	Aang_Foundation/20250828_mem_actin/fish1_24hpf_roi3/perf					1
Aang_Foundation	20250828_mem_actin	Aang_Foundation/20250828_mem_actin/fish1_24hpf_roi3/scriptcheater					2
Aang_Foundation	20250828_mem_actin	Aang_Foundation/20250828_mem_actin/fish2_24hpf_roi1/AFFFT					2
Aang_Foundation	20250828_mem_actin	Aang_Foundation/20250828_mem_actin/fish2_24hpf_roi1/DSH1					5
Aang_Foundation	20250828_mem_actin	Aang_Foundation/20250828_mem_actin/fish2_24hpf_roi1/Logs					1
Aang_Foundation	20250828_mem_actin	Aang_Foundation/20250828_mem_actin/fish2_24hpf_roi1/perf					1
Aang_Foundation	20250828_mem_actin	Aang_Foundation/20250828_mem_actin/fish2_24hpf_roi1/scriptcheater					2
Aang_Foundation	20250828_mem_actin	Aang_Foundation/20250828_mem_actin/fish2_24hpf_roi2-2/AFFFT					2
Aang_Foundation	20250828_mem_actin	Aang_Foundation/20250828_mem_actin/fish2_24hpf_roi2-2/DSH1					5
Aang_Foundation	20250828_mem_actin	Aang_Foundation/20250828_mem_actin/fish2_24hpf_roi2-2/LVScripts					1
Aang_Foundation	20250828_mem_actin	Aang_Foundation/20250828_mem_actin/fish2_24hpf_roi2-2/Logs					1
Aang_Foundation	20250828_mem_actin	Aang_Foundation/20250828_mem_actin/fish2_24hpf_roi2-2/perf					1
Aang_Foundation	20250828_mem_actin	Aang_Foundation/20250828_mem_actin/fish2_24hpf_roi2-2/scriptcheater					2
Aang_Foundation	20250828_mem_actin	Aang_Foundation/20250828_mem_actin/fish2_24hpf_roi2/AFFFT					2
Aang_Foundation	20250828_mem_actin	Aang_Foundation/20250828_mem_actin/fish2_24hpf_roi2/DSH1					5
Aang_Foundation	20250828_mem_actin	Aang_Foundation/20250828_mem_actin/fish2_24hpf_roi2/LVScripts					1
Aang_Foundation	20250828_mem_actin	Aang_Foundation/20250828_mem_actin/fish2_24hpf_roi2/Logs					1
Aang_Foundation	20250828_mem_actin	Aang_Foundation/20250828_mem_actin/fish2_24hpf_roi2/perf					1
Aang_Foundation	20250828_mem_actin	Aang_Foundation/20250828_mem_actin/fish2_24hpf_roi2/scriptcheater					2
Aang_Foundation	20250828_mem_actin	Aang_Foundation/20250828_mem_actin/fish2_24hpf_roi3/LVScripts					1
Aang_Foundation	20250828_mem_actin	Aang_Foundation/20250828_mem_actin/fish3_24hpf_roi1/LVScripts					1
Aang_Foundation	20250828_mem_actin	Aang_Foundation/20250828_mem_actin/fish4_24hpf_roi1/AFFFT					2
Aang_Foundation	20250828_mem_actin	Aang_Foundation/20250828_mem_actin/fish4_24hpf_roi1/DSH1					5
Aang_Foundation	20250828_mem_actin	Aang_Foundation/20250828_mem_actin/fish4_24hpf_roi1/Logs					1
Aang_Foundation	20250828_mem_actin	Aang_Foundation/20250828_mem_actin/fish4_24hpf_roi1/perf					1
Aang_Foundation	20250828_mem_actin	Aang_Foundation/20250828_mem_actin/fish4_24hpf_roi1/scriptcheater					2
Aang_Foundation	20250828_mem_actin	Aang_Foundation/20250828_mem_actin/fish4_24hpf_roi2/AFFFT					2
Aang_Foundation	20250828_mem_actin	Aang_Foundation/20250828_mem_actin/fish4_24hpf_roi2/DSH1					5
Aang_Foundation	20250828_mem_actin	Aang_Foundation/20250828_mem_actin/fish4_24hpf_roi2/Logs					1
Aang_Foundation	20250828_mem_actin	Aang_Foundation/20250828_mem_actin/fish4_24hpf_roi2/perf					1
Aang_Foundation	20250828_mem_actin	Aang_Foundation/20250828_mem_actin/fish4_24hpf_roi2/scriptcheater					2
Aang_Foundation	20250828_mem_actin	Aang_Foundation/20250828_mem_actin/fish5_24hpf_roi1/AFFFT					2
Aang_Foundation	20250828_mem_actin	Aang_Foundation/20250828_mem_actin/fish5_24hpf_roi1/DSH1					5
Aang_Foundation	20250828_mem_actin	Aang_Foundation/20250828_mem_actin/fish5_24hpf_roi1/Logs					1
Aang_Foundation	20250828_mem_actin	Aang_Foundation/20250828_mem_actin/fish5_24hpf_roi1/perf					1
Aang_Foundation	20250828_mem_actin	Aang_Foundation/20250828_mem_actin/fish5_24hpf_roi1/scriptcheater					2
Aang_Foundation	20250828_mem_actin	Aang_Foundation/20250828_mem_actin/fish5_24hpf_roi2/AFFFT					2
Aang_Foundation	20250828_mem_actin	Aang_Foundation/20250828_mem_actin/fish5_24hpf_roi2/DSH1					5
Aang_Foundation	20250828_mem_actin	Aang_Foundation/20250828_mem_actin/fish5_24hpf_roi2/Logs					1
Aang_Foundation	20250828_mem_actin	Aang_Foundation/20250828_mem_actin/fish5_24hpf_roi2/perf					1
Aang_Foundation	20250828_mem_actin	Aang_Foundation/20250828_mem_actin/fish5_24hpf_roi2/scriptcheater					2
Aang_Foundation	20250828_mem_actin	Aang_Foundation/20250828_mem_actin/fish5_24hpf_roi3/AFFFT					2
Aang_Foundation	20250828_mem_actin	Aang_Foundation/20250828_mem_actin/fish5_24hpf_roi3/DSH1					5
Aang_Foundation	20250828_mem_actin	Aang_Foundation/20250828_mem_actin/fish5_24hpf_roi3/Logs					1
Aang_Foundation	20250828_mem_actin	Aang_Foundation/20250828_mem_actin/fish5_24hpf_roi3/perf					1
Aang_Foundation	20250828_mem_actin	Aang_Foundation/20250828_mem_actin/fish5_24hpf_roi3/scriptcheater					2
Aang_Foundation	20250828_mem_actin	Aang_Foundation/20250828_mem_actin/fish6_24hpf_roi1/AFFFT					2
Aang_Foundation	20250828_mem_actin	Aang_Foundation/20250828_mem_actin/fish6_24hpf_roi1/DSH1					5
Aang_Foundation	20250828_mem_actin	Aang_Foundation/20250828_mem_actin/fish6_24hpf_roi1/LVScripts					1
Aang_Foundation	20250828_mem_actin	Aang_Foundation/20250828_mem_actin/fish6_24hpf_roi1/Logs					1
Aang_Foundation	20250828_mem_actin	Aang_Foundation/20250828_mem_actin/fish6_24hpf_roi1/perf					1
Aang_Foundation	20250828_mem_actin	Aang_Foundation/20250828_mem_actin/fish6_24hpf_roi1/scriptcheater					2
Aang_Foundation	20250828_mem_actin	Aang_Foundation/20250828_mem_actin/fish6_24hpf_roi2/AFFFT					2
Aang_Foundation	20250828_mem_actin	Aang_Foundation/20250828_mem_actin/fish6_24hpf_roi2/DSH1					5
Aang_Foundation	20250828_mem_actin	Aang_Foundation/20250828_mem_actin/fish6_24hpf_roi2/Logs					1
Aang_Foundation	20250828_mem_actin	Aang_Foundation/20250828_mem_actin/fish6_24hpf_roi2/perf					1
Aang_Foundation	20250828_mem_actin	Aang_Foundation/20250828_mem_actin/fish6_24hpf_roi2/scriptcheater					2
Aang_Foundation	20250903_lifeact-mSG	Aang_Foundation/20250903_lifeact-mSG/fish1_24hpf_roi1/AFFFT					2
Aang_Foundation	20250903_lifeact-mSG	Aang_Foundation/20250903_lifeact-mSG/fish1_24hpf_roi1/DSH1					5
Aang_Foundation	20250903_lifeact-mSG	Aang_Foundation/20250903_lifeact-mSG/fish1_24hpf_roi1/LVScripts					1
Aang_Foundation	20250903_lifeact-mSG	Aang_Foundation/20250903_lifeact-mSG/fish1_24hpf_roi1/Logs					1
Aang_Foundation	20250903_lifeact-mSG	Aang_Foundation/20250903_lifeact-mSG/fish1_24hpf_roi1/perf					1
Aang_Foundation	20250903_lifeact-mSG	Aang_Foundation/20250903_lifeact-mSG/fish1_24hpf_roi1/scriptcheater					2
Aang_Foundation	20250903_lifeact-mSG	Aang_Foundation/20250903_lifeact-mSG/fish1_24hpf_roi2/AFFFT					2
Aang_Foundation	20250903_lifeact-mSG	Aang_Foundation/20250903_lifeact-mSG/fish1_24hpf_roi2/DSH1					5
Aang_Foundation	20250903_lifeact-mSG	Aang_Foundation/20250903_lifeact-mSG/fish1_24hpf_roi2/LVScripts					1
Aang_Foundation	20250903_lifeact-mSG	Aang_Foundation/20250903_lifeact-mSG/fish1_24hpf_roi2/Logs					1
Aang_Foundation	20250903_lifeact-mSG	Aang_Foundation/20250903_lifeact-mSG/fish1_24hpf_roi2/perf					1
Aang_Foundation	20250903_lifeact-mSG	Aang_Foundation/20250903_lifeact-mSG/fish1_24hpf_roi2/scriptcheater					2
Aang_Foundation	20250903_lifeact-mSG	Aang_Foundation/20250903_lifeact-mSG/fish1_24hpf_roi3/AFFFT					2
Aang_Foundation	20250903_lifeact-mSG	Aang_Foundation/20250903_lifeact-mSG/fish1_24hpf_roi3/DSH1					5
Aang_Foundation	20250903_lifeact-mSG	Aang_Foundation/20250903_lifeact-mSG/fish1_24hpf_roi3/LVScripts					1
Aang_Foundation	20250903_lifeact-mSG	Aang_Foundation/20250903_lifeact-mSG/fish1_24hpf_roi3/Logs					1
Aang_Foundation	20250903_lifeact-mSG	Aang_Foundation/20250903_lifeact-mSG/fish1_24hpf_roi3/perf					1
Aang_Foundation	20250903_lifeact-mSG	Aang_Foundation/20250903_lifeact-mSG/fish1_24hpf_roi3/scriptcheater					2
Aang_Foundation	20250903_lifeact-mSG	Aang_Foundation/20250903_lifeact-mSG/fish1_24hpf_roi3_2/AFFFT					2
Aang_Foundation	20250903_lifeact-mSG	Aang_Foundation/20250903_lifeact-mSG/fish1_24hpf_roi3_2/DSH1					5
Aang_Foundation	20250903_lifeact-mSG	Aang_Foundation/20250903_lifeact-mSG/fish1_24hpf_roi3_2/LVScripts					1
Aang_Foundation	20250903_lifeact-mSG	Aang_Foundation/20250903_lifeact-mSG/fish1_24hpf_roi3_2/Logs					1
Aang_Foundation	20250903_lifeact-mSG	Aang_Foundation/20250903_lifeact-mSG/fish1_24hpf_roi3_2/perf					1
Aang_Foundation	20250903_lifeact-mSG	Aang_Foundation/20250903_lifeact-mSG/fish1_24hpf_roi3_2/scriptcheater					2
Aang_Foundation	20250903_lifeact-mSG	Aang_Foundation/20250903_lifeact-mSG/fish2_24hpf_roi1/AFFFT					2
Aang_Foundation	20250903_lifeact-mSG	Aang_Foundation/20250903_lifeact-mSG/fish2_24hpf_roi1/DSH1					5
Aang_Foundation	20250903_lifeact-mSG	Aang_Foundation/20250903_lifeact-mSG/fish2_24hpf_roi1/LVScripts					1
Aang_Foundation	20250903_lifeact-mSG	Aang_Foundation/20250903_lifeact-mSG/fish2_24hpf_roi1/Logs					1
Aang_Foundation	20250903_lifeact-mSG	Aang_Foundation/20250903_lifeact-mSG/fish2_24hpf_roi1/perf					1
Aang_Foundation	20250903_lifeact-mSG	Aang_Foundation/20250903_lifeact-mSG/fish2_24hpf_roi1/scriptcheater					2
Aang_Foundation	20250903_lifeact-mSG	Aang_Foundation/20250903_lifeact-mSG/fish2_24hpf_roi2/AFFFT					2
Aang_Foundation	20250903_lifeact-mSG	Aang_Foundation/20250903_lifeact-mSG/fish2_24hpf_roi2/DSH1					5
Aang_Foundation	20250903_lifeact-mSG	Aang_Foundation/20250903_lifeact-mSG/fish2_24hpf_roi2/LVScripts					1
Aang_Foundation	20250903_lifeact-mSG	Aang_Foundation/20250903_lifeact-mSG/fish2_24hpf_roi2/Logs					1
Aang_Foundation	20250903_lifeact-mSG	Aang_Foundation/20250903_lifeact-mSG/fish2_24hpf_roi2/perf					1
Aang_Foundation	20250903_lifeact-mSG	Aang_Foundation/20250903_lifeact-mSG/fish2_24hpf_roi2/scriptcheater					2
Aang_Foundation	20250904_lifeact-mSG	Aang_Foundation/20250904_lifeact-mSG/fish1_24hpf_roi1/AFFFT					2
Aang_Foundation	20250904_lifeact-mSG	Aang_Foundation/20250904_lifeact-mSG/fish1_24hpf_roi1/DSH1					5
Aang_Foundation	20250904_lifeact-mSG	Aang_Foundation/20250904_lifeact-mSG/fish1_24hpf_roi1/LVScripts					1
Aang_Foundation	20250904_lifeact-mSG	Aang_Foundation/20250904_lifeact-mSG/fish1_24hpf_roi1/Logs					1
Aang_Foundation	20250904_lifeact-mSG	Aang_Foundation/20250904_lifeact-mSG/fish1_24hpf_roi1/perf					1
Aang_Foundation	20250904_lifeact-mSG	Aang_Foundation/20250904_lifeact-mSG/fish1_24hpf_roi1/scriptcheater					2
Aang_Foundation	20250904_lifeact-mSG	Aang_Foundation/20250904_lifeact-mSG/fish1_24hpf_roi2/AFFFT					2
Aang_Foundation	20250904_lifeact-mSG	Aang_Foundation/20250904_lifeact-mSG/fish1_24hpf_roi2/DSH1					5
Aang_Foundation	20250904_lifeact-mSG	Aang_Foundation/20250904_lifeact-mSG/fish1_24hpf_roi2/LVScripts					1
Aang_Foundation	20250904_lifeact-mSG	Aang_Foundation/20250904_lifeact-mSG/fish1_24hpf_roi2/Logs					1
Aang_Foundation	20250904_lifeact-mSG	Aang_Foundation/20250904_lifeact-mSG/fish1_24hpf_roi2/perf					1
Aang_Foundation	20250904_lifeact-mSG	Aang_Foundation/20250904_lifeact-mSG/fish1_24hpf_roi2/scriptcheater					2
Aang_Foundation	20250904_lifeact-mSG	Aang_Foundation/20250904_lifeact-mSG/fish1_24hpf_roi3/AFFFT					2
Aang_Foundation	20250904_lifeact-mSG	Aang_Foundation/20250904_lifeact-mSG/fish1_24hpf_roi3/DSH1					5
Aang_Foundation	20250904_lifeact-mSG	Aang_Foundation/20250904_lifeact-mSG/fish1_24hpf_roi3/LVScripts					1
Aang_Foundation	20250904_lifeact-mSG	Aang_Foundation/20250904_lifeact-mSG/fish1_24hpf_roi3/Logs					1
Aang_Foundation	20250904_lifeact-mSG	Aang_Foundation/20250904_lifeact-mSG/fish1_24hpf_roi3/perf					1
Aang_Foundation	20250904_lifeact-mSG	Aang_Foundation/20250904_lifeact-mSG/fish1_24hpf_roi3/scriptcheater					2
Aang_Foundation	20250904_lifeact-mSG	Aang_Foundation/20250904_lifeact-mSG/fish1_24hpf_roi4/AFFFT					2
Aang_Foundation	20250904_lifeact-mSG	Aang_Foundation/20250904_lifeact-mSG/fish1_24hpf_roi4/DSH1					5
Aang_Foundation	20250904_lifeact-mSG	Aang_Foundation/20250904_lifeact-mSG/fish1_24hpf_roi4/LVScripts					1
Aang_Foundation	20250904_lifeact-mSG	Aang_Foundation/20250904_lifeact-mSG/fish1_24hpf_roi4/Logs					1
Aang_Foundation	20250904_lifeact-mSG	Aang_Foundation/20250904_lifeact-mSG/fish1_24hpf_roi4/perf					1
Aang_Foundation	20250904_lifeact-mSG	Aang_Foundation/20250904_lifeact-mSG/fish1_24hpf_roi4/scriptcheater					2
Aang_Foundation	20250904_lifeact-mSG	Aang_Foundation/20250904_lifeact-mSG/fish1_24hpf_roi5/AFFFT					2
Aang_Foundation	20250904_lifeact-mSG	Aang_Foundation/20250904_lifeact-mSG/fish1_24hpf_roi5/DSH1					5
Aang_Foundation	20250904_lifeact-mSG	Aang_Foundation/20250904_lifeact-mSG/fish1_24hpf_roi5/LVScripts					1
Aang_Foundation	20250904_lifeact-mSG	Aang_Foundation/20250904_lifeact-mSG/fish1_24hpf_roi5/Logs					1
Aang_Foundation	20250904_lifeact-mSG	Aang_Foundation/20250904_lifeact-mSG/fish1_24hpf_roi5/perf					1
Aang_Foundation	20250904_lifeact-mSG	Aang_Foundation/20250904_lifeact-mSG/fish1_24hpf_roi5/scriptcheater					2
Aang_Foundation	20250905_lifeact-mSG	Aang_Foundation/20250905_lifeact-mSG/fish2_72hpf_roi1/AFFFT					2
Aang_Foundation	20250905_lifeact-mSG	Aang_Foundation/20250905_lifeact-mSG/fish2_72hpf_roi1/DSH1					5
Aang_Foundation	20250905_lifeact-mSG	Aang_Foundation/20250905_lifeact-mSG/fish2_72hpf_roi1/LVScripts					1
Aang_Foundation	20250905_lifeact-mSG	Aang_Foundation/20250905_lifeact-mSG/fish2_72hpf_roi1/Logs					1
Aang_Foundation	20250905_lifeact-mSG	Aang_Foundation/20250905_lifeact-mSG/fish2_72hpf_roi1/perf					1
Aang_Foundation	20250905_lifeact-mSG	Aang_Foundation/20250905_lifeact-mSG/fish2_72hpf_roi1/scriptcheater					2
Aang_Foundation	20250905_lifeact-mSG	Aang_Foundation/20250905_lifeact-mSG/fish2_72hpf_roi2/AFFFT					2
Aang_Foundation	20250905_lifeact-mSG	Aang_Foundation/20250905_lifeact-mSG/fish2_72hpf_roi2/DSH1					5
Aang_Foundation	20250905_lifeact-mSG	Aang_Foundation/20250905_lifeact-mSG/fish2_72hpf_roi2/LVScripts					1
Aang_Foundation	20250905_lifeact-mSG	Aang_Foundation/20250905_lifeact-mSG/fish2_72hpf_roi2/Logs					1
Aang_Foundation	20250905_lifeact-mSG	Aang_Foundation/20250905_lifeact-mSG/fish2_72hpf_roi2/perf					1
Aang_Foundation	20250905_lifeact-mSG	Aang_Foundation/20250905_lifeact-mSG/fish2_72hpf_roi2/scriptcheater					2
Aang_Foundation	20250905_lifeact-mSG	Aang_Foundation/20250905_lifeact-mSG/fish2_72hpf_roi3/AFFFT					2
Aang_Foundation	20250905_lifeact-mSG	Aang_Foundation/20250905_lifeact-mSG/fish2_72hpf_roi3/DSH1					5
Aang_Foundation	20250905_lifeact-mSG	Aang_Foundation/20250905_lifeact-mSG/fish2_72hpf_roi3/LVScripts					1
Aang_Foundation	20250905_lifeact-mSG	Aang_Foundation/20250905_lifeact-mSG/fish2_72hpf_roi3/Logs					1
Aang_Foundation	20250905_lifeact-mSG	Aang_Foundation/20250905_lifeact-mSG/fish2_72hpf_roi3/perf					1
Aang_Foundation	20250905_lifeact-mSG	Aang_Foundation/20250905_lifeact-mSG/fish2_72hpf_roi3/scriptcheater					2
Aang_Foundation	20250905_lifeact-mSG	Aang_Foundation/20250905_lifeact-mSG/fish2_72hpf_roi4/AFFFT					2
Aang_Foundation	20250905_lifeact-mSG	Aang_Foundation/20250905_lifeact-mSG/fish2_72hpf_roi4/DSH1					5
Aang_Foundation	20250905_lifeact-mSG	Aang_Foundation/20250905_lifeact-mSG/fish2_72hpf_roi4/LVScripts					1
Aang_Foundation	20250905_lifeact-mSG	Aang_Foundation/20250905_lifeact-mSG/fish2_72hpf_roi4/Logs					1
Aang_Foundation	20250905_lifeact-mSG	Aang_Foundation/20250905_lifeact-mSG/fish2_72hpf_roi4/perf					1
Aang_Foundation	20250905_lifeact-mSG	Aang_Foundation/20250905_lifeact-mSG/fish2_72hpf_roi4/scriptcheater					2
Aang_Foundation	20250908_mem-mito	Aang_Foundation/20250908_mem-mito/fish1_24hpf_roi1/AFFFT					2
Aang_Foundation	20250908_mem-mito	Aang_Foundation/20250908_mem-mito/fish1_24hpf_roi1/DSH1					5
Aang_Foundation	20250908_mem-mito	Aang_Foundation/20250908_mem-mito/fish1_24hpf_roi1/LVScripts					1
Aang_Foundation	20250908_mem-mito	Aang_Foundation/20250908_mem-mito/fish1_24hpf_roi1/Logs					1
Aang_Foundation	20250908_mem-mito	Aang_Foundation/20250908_mem-mito/fish1_24hpf_roi1/perf					1
Aang_Foundation	20250908_mem-mito	Aang_Foundation/20250908_mem-mito/fish1_24hpf_roi1/scriptcheater					2
Aang_Foundation	20250908_mem-mito	Aang_Foundation/20250908_mem-mito/fish1_24hpf_roi2/AFFFT					2
Aang_Foundation	20250908_mem-mito	Aang_Foundation/20250908_mem-mito/fish1_24hpf_roi2/DSH1					5
Aang_Foundation	20250908_mem-mito	Aang_Foundation/20250908_mem-mito/fish1_24hpf_roi2/LVScripts					1
Aang_Foundation	20250908_mem-mito	Aang_Foundation/20250908_mem-mito/fish1_24hpf_roi2/Logs					1
Aang_Foundation	20250908_mem-mito	Aang_Foundation/20250908_mem-mito/fish1_24hpf_roi2/perf					1
Aang_Foundation	20250908_mem-mito	Aang_Foundation/20250908_mem-mito/fish1_24hpf_roi2/scriptcheater					2
Aang_Foundation	20250908_mem-mito	Aang_Foundation/20250908_mem-mito/fish1_24hpf_roi3/AFFFT					2
Aang_Foundation	20250908_mem-mito	Aang_Foundation/20250908_mem-mito/fish1_24hpf_roi3/DSH1					5
Aang_Foundation	20250908_mem-mito	Aang_Foundation/20250908_mem-mito/fish1_24hpf_roi3/LVScripts					1
Aang_Foundation	20250908_mem-mito	Aang_Foundation/20250908_mem-mito/fish1_24hpf_roi3/Logs					1
Aang_Foundation	20250908_mem-mito	Aang_Foundation/20250908_mem-mito/fish1_24hpf_roi3/perf					1
Aang_Foundation	20250908_mem-mito	Aang_Foundation/20250908_mem-mito/fish1_24hpf_roi3/scriptcheater					2
Aang_Foundation	20250908_mem-mito	Aang_Foundation/20250908_mem-mito/fish1_24hpf_roi4/AFFFT					2
Aang_Foundation	20250908_mem-mito	Aang_Foundation/20250908_mem-mito/fish1_24hpf_roi4/DSH1					5
Aang_Foundation	20250908_mem-mito	Aang_Foundation/20250908_mem-mito/fish1_24hpf_roi4/LVScripts					1
Aang_Foundation	20250908_mem-mito	Aang_Foundation/20250908_mem-mito/fish1_24hpf_roi4/Logs					1
Aang_Foundation	20250908_mem-mito	Aang_Foundation/20250908_mem-mito/fish1_24hpf_roi4/perf					1
Aang_Foundation	20250908_mem-mito	Aang_Foundation/20250908_mem-mito/fish1_24hpf_roi4/scriptcheater					2
Aang_Foundation	20250908_mem-mito	Aang_Foundation/20250908_mem-mito/fish2_24hpf_roi1/AFFFT					2
Aang_Foundation	20250908_mem-mito	Aang_Foundation/20250908_mem-mito/fish2_24hpf_roi1/DSH1					5
Aang_Foundation	20250908_mem-mito	Aang_Foundation/20250908_mem-mito/fish2_24hpf_roi1/LVScripts					1
Aang_Foundation	20250908_mem-mito	Aang_Foundation/20250908_mem-mito/fish2_24hpf_roi1/Logs					1
Aang_Foundation	20250908_mem-mito	Aang_Foundation/20250908_mem-mito/fish2_24hpf_roi1/perf					1
Aang_Foundation	20250908_mem-mito	Aang_Foundation/20250908_mem-mito/fish2_24hpf_roi1/scriptcheater					2
Aang_Foundation	20250908_mem-mito	Aang_Foundation/20250908_mem-mito/fish2_24hpf_roi2/AFFFT					2
Aang_Foundation	20250908_mem-mito	Aang_Foundation/20250908_mem-mito/fish2_24hpf_roi2/DSH1					5
Aang_Foundation	20250908_mem-mito	Aang_Foundation/20250908_mem-mito/fish2_24hpf_roi2/Logs					1
Aang_Foundation	20250908_mem-mito	Aang_Foundation/20250908_mem-mito/fish2_24hpf_roi2/perf					1
Aang_Foundation	20250908_mem-mito	Aang_Foundation/20250908_mem-mito/fish2_24hpf_roi2/scriptcheater					2
Aang_Foundation	20250908_mem-mito	Aang_Foundation/20250908_mem-mito/fish2_24hpf_roi3/AFFFT					2
Aang_Foundation	20250908_mem-mito	Aang_Foundation/20250908_mem-mito/fish2_24hpf_roi3/DSH1					5
Aang_Foundation	20250908_mem-mito	Aang_Foundation/20250908_mem-mito/fish2_24hpf_roi3/LVScripts					1
Aang_Foundation	20250908_mem-mito	Aang_Foundation/20250908_mem-mito/fish2_24hpf_roi3/Logs					1
Aang_Foundation	20250908_mem-mito	Aang_Foundation/20250908_mem-mito/fish2_24hpf_roi3/perf					1
Aang_Foundation	20250908_mem-mito	Aang_Foundation/20250908_mem-mito/fish2_24hpf_roi3/scriptcheater					2
Aang_Foundation	20250908_mem-mito	Aang_Foundation/20250908_mem-mito/fish2_72hpf_roi1/AFFFT					2
Aang_Foundation	20250908_mem-mito	Aang_Foundation/20250908_mem-mito/fish2_72hpf_roi1/DSH1					5
Aang_Foundation	20250908_mem-mito	Aang_Foundation/20250908_mem-mito/fish2_72hpf_roi1/LVScripts					1
Aang_Foundation	20250908_mem-mito	Aang_Foundation/20250908_mem-mito/fish2_72hpf_roi1/Logs					1
Aang_Foundation	20250908_mem-mito	Aang_Foundation/20250908_mem-mito/fish2_72hpf_roi1/perf					1
Aang_Foundation	20250908_mem-mito	Aang_Foundation/20250908_mem-mito/fish2_72hpf_roi1/scriptcheater					2
Aang_Foundation	20250908_mem-mito	Aang_Foundation/20250908_mem-mito/fish2_72hpf_roi2/AFFFT					2
Aang_Foundation	20250908_mem-mito	Aang_Foundation/20250908_mem-mito/fish2_72hpf_roi2/DSH1					5
Aang_Foundation	20250908_mem-mito	Aang_Foundation/20250908_mem-mito/fish2_72hpf_roi2/LVScripts					1
Aang_Foundation	20250908_mem-mito	Aang_Foundation/20250908_mem-mito/fish2_72hpf_roi2/Logs					1
Aang_Foundation	20250908_mem-mito	Aang_Foundation/20250908_mem-mito/fish2_72hpf_roi2/perf					1
Aang_Foundation	20250908_mem-mito	Aang_Foundation/20250908_mem-mito/fish2_72hpf_roi2/scriptcheater					2
Aang_Foundation	20250908_mem-mito	Aang_Foundation/20250908_mem-mito/fish2_72hpf_roi3/AFFFT					2
Aang_Foundation	20250908_mem-mito	Aang_Foundation/20250908_mem-mito/fish2_72hpf_roi3/DSH1					5
Aang_Foundation	20250908_mem-mito	Aang_Foundation/20250908_mem-mito/fish2_72hpf_roi3/Logs					1
Aang_Foundation	20250908_mem-mito	Aang_Foundation/20250908_mem-mito/fish2_72hpf_roi3/perf					1
Aang_Foundation	20250908_mem-mito	Aang_Foundation/20250908_mem-mito/fish2_72hpf_roi3/scriptcheater					2
Aang_Foundation	20250908_mem-mito	Aang_Foundation/20250908_mem-mito/fish2_72hpf_roi4/AFFFT					2
Aang_Foundation	20250908_mem-mito	Aang_Foundation/20250908_mem-mito/fish2_72hpf_roi4/DSH1					5
Aang_Foundation	20250908_mem-mito	Aang_Foundation/20250908_mem-mito/fish2_72hpf_roi4/Logs					1
Aang_Foundation	20250908_mem-mito	Aang_Foundation/20250908_mem-mito/fish2_72hpf_roi4/perf					1
Aang_Foundation	20250908_mem-mito	Aang_Foundation/20250908_mem-mito/fish2_72hpf_roi4/scriptcheater					2
Aang_Foundation	20250908_mem-mito	Aang_Foundation/20250908_mem-mito/fish2_72hpf_roi5/AFFFT					2
Aang_Foundation	20250908_mem-mito	Aang_Foundation/20250908_mem-mito/fish2_72hpf_roi5/DSH1					5
Aang_Foundation	20250908_mem-mito	Aang_Foundation/20250908_mem-mito/fish2_72hpf_roi5/Logs					1
Aang_Foundation	20250908_mem-mito	Aang_Foundation/20250908_mem-mito/fish2_72hpf_roi5/perf					1
Aang_Foundation	20250908_mem-mito	Aang_Foundation/20250908_mem-mito/fish2_72hpf_roi5/scriptcheater					2
Aang_Foundation	20250908_mem-mito	Aang_Foundation/20250908_mem-mito/fish4_24hpf_roi1/AFFFT					2
Aang_Foundation	20250908_mem-mito	Aang_Foundation/20250908_mem-mito/fish4_24hpf_roi1/DSH1					5
Aang_Foundation	20250908_mem-mito	Aang_Foundation/20250908_mem-mito/fish4_24hpf_roi1/LVScripts					1
Aang_Foundation	20250908_mem-mito	Aang_Foundation/20250908_mem-mito/fish4_24hpf_roi1/Logs					1
Aang_Foundation	20250908_mem-mito	Aang_Foundation/20250908_mem-mito/fish4_24hpf_roi1/perf					1
Aang_Foundation	20250908_mem-mito	Aang_Foundation/20250908_mem-mito/fish4_24hpf_roi1/scriptcheater					2
Aang_Foundation	20250908_mem-mito	Aang_Foundation/20250908_mem-mito/fish4_24hpf_roi2/AFFFT					2
Aang_Foundation	20250908_mem-mito	Aang_Foundation/20250908_mem-mito/fish4_24hpf_roi2/DSH1					5
Aang_Foundation	20250908_mem-mito	Aang_Foundation/20250908_mem-mito/fish4_24hpf_roi2/Logs					1
Aang_Foundation	20250908_mem-mito	Aang_Foundation/20250908_mem-mito/fish4_24hpf_roi2/perf					1
Aang_Foundation	20250908_mem-mito	Aang_Foundation/20250908_mem-mito/fish4_24hpf_roi2/scriptcheater					2
Aang_Foundation	20250908_mem-mito	Aang_Foundation/20250908_mem-mito/fish4_24hpf_roi3/AFFFT					2
Aang_Foundation	20250908_mem-mito	Aang_Foundation/20250908_mem-mito/fish4_24hpf_roi3/DSH1					5
Aang_Foundation	20250908_mem-mito	Aang_Foundation/20250908_mem-mito/fish4_24hpf_roi3/Logs					1
Aang_Foundation	20250908_mem-mito	Aang_Foundation/20250908_mem-mito/fish4_24hpf_roi3/perf					1
Aang_Foundation	20250908_mem-mito	Aang_Foundation/20250908_mem-mito/fish4_24hpf_roi3/scriptcheater					2
Aang_Foundation	20250908_mem-mito	Aang_Foundation/20250908_mem-mito/fish5_24hpf_roi1/AFFFT					2
Aang_Foundation	20250908_mem-mito	Aang_Foundation/20250908_mem-mito/fish5_24hpf_roi1/DSH1					5
Aang_Foundation	20250908_mem-mito	Aang_Foundation/20250908_mem-mito/fish5_24hpf_roi1/LVScripts					1
Aang_Foundation	20250908_mem-mito	Aang_Foundation/20250908_mem-mito/fish5_24hpf_roi1/Logs					1
Aang_Foundation	20250908_mem-mito	Aang_Foundation/20250908_mem-mito/fish5_24hpf_roi1/perf					1
Aang_Foundation	20250908_mem-mito	Aang_Foundation/20250908_mem-mito/fish5_24hpf_roi1/scriptcheater					2
Aang_Foundation	20250908_mem-mito	Aang_Foundation/20250908_mem-mito/fish5_24hpf_roi2/AFFFT					2
Aang_Foundation	20250908_mem-mito	Aang_Foundation/20250908_mem-mito/fish5_24hpf_roi2/DSH1					5
Aang_Foundation	20250908_mem-mito	Aang_Foundation/20250908_mem-mito/fish5_24hpf_roi2/Logs					1
Aang_Foundation	20250908_mem-mito	Aang_Foundation/20250908_mem-mito/fish5_24hpf_roi2/perf					1
Aang_Foundation	20250908_mem-mito	Aang_Foundation/20250908_mem-mito/fish5_24hpf_roi2/scriptcheater					2
Aang_Foundation	20250908_mem-mito	Aang_Foundation/20250908_mem-mito/fish5_24hpf_roi3/AFFFT					2
Aang_Foundation	20250908_mem-mito	Aang_Foundation/20250908_mem-mito/fish5_24hpf_roi3/DSH1					5
Aang_Foundation	20250908_mem-mito	Aang_Foundation/20250908_mem-mito/fish5_24hpf_roi3/Logs					1
Aang_Foundation	20250908_mem-mito	Aang_Foundation/20250908_mem-mito/fish5_24hpf_roi3/perf					1
Aang_Foundation	20250908_mem-mito	Aang_Foundation/20250908_mem-mito/fish5_24hpf_roi3/scriptcheater					2
Aang_Foundation	20250908_mem-mito	Aang_Foundation/20250908_mem-mito/fish5_24hpf_roi4/AFFFT					2
Aang_Foundation	20250908_mem-mito	Aang_Foundation/20250908_mem-mito/fish5_24hpf_roi4/DSH1					5
Aang_Foundation	20250908_mem-mito	Aang_Foundation/20250908_mem-mito/fish5_24hpf_roi4/Logs					1
Aang_Foundation	20250908_mem-mito	Aang_Foundation/20250908_mem-mito/fish5_24hpf_roi4/perf					1
Aang_Foundation	20250908_mem-mito	Aang_Foundation/20250908_mem-mito/fish5_24hpf_roi4/scriptcheater					2
Aang_Foundation	20250908_mem-mito	Aang_Foundation/20250908_mem-mito/fish6_24hpf_roi1/AFFFT					2
Aang_Foundation	20250908_mem-mito	Aang_Foundation/20250908_mem-mito/fish6_24hpf_roi1/DSH1					5
Aang_Foundation	20250908_mem-mito	Aang_Foundation/20250908_mem-mito/fish6_24hpf_roi1/LVScripts					1
Aang_Foundation	20250908_mem-mito	Aang_Foundation/20250908_mem-mito/fish6_24hpf_roi1/Logs					1
Aang_Foundation	20250908_mem-mito	Aang_Foundation/20250908_mem-mito/fish6_24hpf_roi1/perf					1
Aang_Foundation	20250908_mem-mito	Aang_Foundation/20250908_mem-mito/fish6_24hpf_roi1/scriptcheater					2
Aang_Foundation	20250908_mem-mito	Aang_Foundation/20250908_mem-mito/fish6_24hpf_roi2/AFFFT					2
Aang_Foundation	20250908_mem-mito	Aang_Foundation/20250908_mem-mito/fish6_24hpf_roi2/DSH1					5
Aang_Foundation	20250908_mem-mito	Aang_Foundation/20250908_mem-mito/fish6_24hpf_roi2/Logs					1
Aang_Foundation	20250908_mem-mito	Aang_Foundation/20250908_mem-mito/fish6_24hpf_roi2/perf					1
Aang_Foundation	20250908_mem-mito	Aang_Foundation/20250908_mem-mito/fish6_24hpf_roi2/scriptcheater					2
Aang_Foundation	20250908_mem-mito	Aang_Foundation/20250908_mem-mito/fish6_24hpf_roi3/AFFFT					2
Aang_Foundation	20250908_mem-mito	Aang_Foundation/20250908_mem-mito/fish6_24hpf_roi3/DSH1					5
Aang_Foundation	20250908_mem-mito	Aang_Foundation/20250908_mem-mito/fish6_24hpf_roi3/Logs					1
Aang_Foundation	20250908_mem-mito	Aang_Foundation/20250908_mem-mito/fish6_24hpf_roi3/perf					1
Aang_Foundation	20250908_mem-mito	Aang_Foundation/20250908_mem-mito/fish6_24hpf_roi3/scriptcheater					2
Aang_Foundation	20250911_mem-mito	Aang_Foundation/20250911_mem-mito/fish1_48hpf_roi1/AFFFT					2
Aang_Foundation	20250911_mem-mito	Aang_Foundation/20250911_mem-mito/fish1_48hpf_roi1/DSH1					5
Aang_Foundation	20250911_mem-mito	Aang_Foundation/20250911_mem-mito/fish1_48hpf_roi1/LVScripts					1
Aang_Foundation	20250911_mem-mito	Aang_Foundation/20250911_mem-mito/fish1_48hpf_roi1/Logs					1
Aang_Foundation	20250911_mem-mito	Aang_Foundation/20250911_mem-mito/fish1_48hpf_roi1/perf					1
Aang_Foundation	20250911_mem-mito	Aang_Foundation/20250911_mem-mito/fish1_48hpf_roi1/scriptcheater					2
Aang_Foundation	20250911_mem-mito	Aang_Foundation/20250911_mem-mito/fish1_48hpf_roi2/AFFFT					2
Aang_Foundation	20250911_mem-mito	Aang_Foundation/20250911_mem-mito/fish1_48hpf_roi2/DSH1					5
Aang_Foundation	20250911_mem-mito	Aang_Foundation/20250911_mem-mito/fish1_48hpf_roi2/LVScripts					1
Aang_Foundation	20250911_mem-mito	Aang_Foundation/20250911_mem-mito/fish1_48hpf_roi2/Logs					1
Aang_Foundation	20250911_mem-mito	Aang_Foundation/20250911_mem-mito/fish1_48hpf_roi2/perf					1
Aang_Foundation	20250911_mem-mito	Aang_Foundation/20250911_mem-mito/fish1_48hpf_roi2/scriptcheater					2
Aang_Foundation	20250911_mem-mito	Aang_Foundation/20250911_mem-mito/fish1_48hpf_roi3/AFFFT					2
Aang_Foundation	20250911_mem-mito	Aang_Foundation/20250911_mem-mito/fish1_48hpf_roi3/DSH1					5
Aang_Foundation	20250911_mem-mito	Aang_Foundation/20250911_mem-mito/fish1_48hpf_roi3/LVScripts					1
Aang_Foundation	20250911_mem-mito	Aang_Foundation/20250911_mem-mito/fish1_48hpf_roi3/Logs					1
Aang_Foundation	20250911_mem-mito	Aang_Foundation/20250911_mem-mito/fish1_48hpf_roi3/perf					1
Aang_Foundation	20250911_mem-mito	Aang_Foundation/20250911_mem-mito/fish1_48hpf_roi3/scriptcheater					2
Aang_Foundation	20250911_mem-mito	Aang_Foundation/20250911_mem-mito/fish1_48hpf_roi4/AFFFT					2
Aang_Foundation	20250911_mem-mito	Aang_Foundation/20250911_mem-mito/fish1_48hpf_roi4/DSH1					5
Aang_Foundation	20250911_mem-mito	Aang_Foundation/20250911_mem-mito/fish1_48hpf_roi4/Logs					1
Aang_Foundation	20250911_mem-mito	Aang_Foundation/20250911_mem-mito/fish1_48hpf_roi4/perf					1
Aang_Foundation	20250911_mem-mito	Aang_Foundation/20250911_mem-mito/fish1_48hpf_roi4/scriptcheater					2
Aang_Foundation	20250911_mem-mito	Aang_Foundation/20250911_mem-mito/fish1_48hpf_roi5/AFFFT					2
Aang_Foundation	20250911_mem-mito	Aang_Foundation/20250911_mem-mito/fish1_48hpf_roi5/DSH1					5
Aang_Foundation	20250911_mem-mito	Aang_Foundation/20250911_mem-mito/fish1_48hpf_roi5/Logs					1
Aang_Foundation	20250911_mem-mito	Aang_Foundation/20250911_mem-mito/fish1_48hpf_roi5/perf					1
Aang_Foundation	20250911_mem-mito	Aang_Foundation/20250911_mem-mito/fish1_48hpf_roi5/scriptcheater					2
Aang_Foundation	20250911_mem-mito	Aang_Foundation/20250911_mem-mito/fish2_48hpf_roi1/AFFFT					2
Aang_Foundation	20250911_mem-mito	Aang_Foundation/20250911_mem-mito/fish2_48hpf_roi1/DSH1					5
Aang_Foundation	20250911_mem-mito	Aang_Foundation/20250911_mem-mito/fish2_48hpf_roi1/Logs					1
Aang_Foundation	20250911_mem-mito	Aang_Foundation/20250911_mem-mito/fish2_48hpf_roi1/perf					1
Aang_Foundation	20250911_mem-mito	Aang_Foundation/20250911_mem-mito/fish2_48hpf_roi1/scriptcheater					2
Aang_Foundation	20250911_mem-mito	Aang_Foundation/20250911_mem-mito/fish2_48hpf_roi2/AFFFT					2
Aang_Foundation	20250911_mem-mito	Aang_Foundation/20250911_mem-mito/fish2_48hpf_roi2/DSH1					5
Aang_Foundation	20250911_mem-mito	Aang_Foundation/20250911_mem-mito/fish2_48hpf_roi2/Logs					1
Aang_Foundation	20250911_mem-mito	Aang_Foundation/20250911_mem-mito/fish2_48hpf_roi2/perf					1
Aang_Foundation	20250911_mem-mito	Aang_Foundation/20250911_mem-mito/fish2_48hpf_roi2/scriptcheater					2
Aang_Foundation	20250911_mem-mito	Aang_Foundation/20250911_mem-mito/fish2_48hpf_roi3/AFFFT					2
Aang_Foundation	20250911_mem-mito	Aang_Foundation/20250911_mem-mito/fish2_48hpf_roi3/DSH1					5
Aang_Foundation	20250911_mem-mito	Aang_Foundation/20250911_mem-mito/fish2_48hpf_roi3/Logs					1
Aang_Foundation	20250911_mem-mito	Aang_Foundation/20250911_mem-mito/fish2_48hpf_roi3/perf					1
Aang_Foundation	20250911_mem-mito	Aang_Foundation/20250911_mem-mito/fish2_48hpf_roi3/scriptcheater					2
Aang_Foundation	20250912_mem-mito	Aang_Foundation/20250912_mem-mito/fish1_72hpf_roi1/AFFFT					2
Aang_Foundation	20250912_mem-mito	Aang_Foundation/20250912_mem-mito/fish1_72hpf_roi1/DSH1					5
Aang_Foundation	20250912_mem-mito	Aang_Foundation/20250912_mem-mito/fish1_72hpf_roi1/LVScripts					1
Aang_Foundation	20250912_mem-mito	Aang_Foundation/20250912_mem-mito/fish1_72hpf_roi1/Logs					1
Aang_Foundation	20250912_mem-mito	Aang_Foundation/20250912_mem-mito/fish1_72hpf_roi1/perf					1
Aang_Foundation	20250912_mem-mito	Aang_Foundation/20250912_mem-mito/fish1_72hpf_roi1/scriptcheater					2
Aang_Foundation	20250912_mem-mito	Aang_Foundation/20250912_mem-mito/fish1_72hpf_roi2/AFFFT					2
Aang_Foundation	20250912_mem-mito	Aang_Foundation/20250912_mem-mito/fish1_72hpf_roi2/DSH1					5
Aang_Foundation	20250912_mem-mito	Aang_Foundation/20250912_mem-mito/fish1_72hpf_roi2/Logs					1
Aang_Foundation	20250912_mem-mito	Aang_Foundation/20250912_mem-mito/fish1_72hpf_roi2/perf					1
Aang_Foundation	20250912_mem-mito	Aang_Foundation/20250912_mem-mito/fish1_72hpf_roi2/scriptcheater					2
Aang_Foundation	20250912_mem-mito	Aang_Foundation/20250912_mem-mito/fish1_72hpf_roi3/AFFFT					2
Aang_Foundation	20250912_mem-mito	Aang_Foundation/20250912_mem-mito/fish1_72hpf_roi3/DSH1					5
Aang_Foundation	20250912_mem-mito	Aang_Foundation/20250912_mem-mito/fish1_72hpf_roi3/Logs					1
Aang_Foundation	20250912_mem-mito	Aang_Foundation/20250912_mem-mito/fish1_72hpf_roi3/perf					1
Aang_Foundation	20250912_mem-mito	Aang_Foundation/20250912_mem-mito/fish1_72hpf_roi3/scriptcheater					2
Aang_Foundation	20250912_mem-mito	Aang_Foundation/20250912_mem-mito/fish1_72hpf_roi4/AFFFT					2
Aang_Foundation	20250912_mem-mito	Aang_Foundation/20250912_mem-mito/fish1_72hpf_roi4/DSH1					5
Aang_Foundation	20250912_mem-mito	Aang_Foundation/20250912_mem-mito/fish1_72hpf_roi4/Logs					1
Aang_Foundation	20250912_mem-mito	Aang_Foundation/20250912_mem-mito/fish1_72hpf_roi4/perf					1
Aang_Foundation	20250912_mem-mito	Aang_Foundation/20250912_mem-mito/fish1_72hpf_roi4/scriptcheater					2
Aang_Foundation	20250912_mem-mito	Aang_Foundation/20250912_mem-mito/fish2_72hpf_roi1/AFFFT					2
Aang_Foundation	20250912_mem-mito	Aang_Foundation/20250912_mem-mito/fish2_72hpf_roi1/DSH1					5
Aang_Foundation	20250912_mem-mito	Aang_Foundation/20250912_mem-mito/fish2_72hpf_roi1/LVScripts					1
Aang_Foundation	20250912_mem-mito	Aang_Foundation/20250912_mem-mito/fish2_72hpf_roi1/Logs					1
Aang_Foundation	20250912_mem-mito	Aang_Foundation/20250912_mem-mito/fish2_72hpf_roi1/perf					1
Aang_Foundation	20250912_mem-mito	Aang_Foundation/20250912_mem-mito/fish2_72hpf_roi1/scriptcheater					2
Aang_Foundation	20250912_mem-mito	Aang_Foundation/20250912_mem-mito/fish2_72hpf_roi2/AFFFT					2
Aang_Foundation	20250912_mem-mito	Aang_Foundation/20250912_mem-mito/fish2_72hpf_roi2/DSH1					5
Aang_Foundation	20250912_mem-mito	Aang_Foundation/20250912_mem-mito/fish2_72hpf_roi2/Logs					1
Aang_Foundation	20250912_mem-mito	Aang_Foundation/20250912_mem-mito/fish2_72hpf_roi2/perf					1
Aang_Foundation	20250912_mem-mito	Aang_Foundation/20250912_mem-mito/fish2_72hpf_roi2/scriptcheater					2
Aang_Foundation	20250912_mem-mito	Aang_Foundation/20250912_mem-mito/fish2_72hpf_roi3/AFFFT					2
Aang_Foundation	20250912_mem-mito	Aang_Foundation/20250912_mem-mito/fish2_72hpf_roi3/DSH1					5
Aang_Foundation	20250912_mem-mito	Aang_Foundation/20250912_mem-mito/fish2_72hpf_roi3/Logs					1
Aang_Foundation	20250912_mem-mito	Aang_Foundation/20250912_mem-mito/fish2_72hpf_roi3/perf					1
Aang_Foundation	20250912_mem-mito	Aang_Foundation/20250912_mem-mito/fish2_72hpf_roi3/scriptcheater					2
Aang_Foundation	20250912_mem-mito	Aang_Foundation/20250912_mem-mito/fish2_72hpf_roi4/AFFFT					2
Aang_Foundation	20250912_mem-mito	Aang_Foundation/20250912_mem-mito/fish2_72hpf_roi4/DSH1					5
Aang_Foundation	20250912_mem-mito	Aang_Foundation/20250912_mem-mito/fish2_72hpf_roi4/Logs					1
Aang_Foundation	20250912_mem-mito	Aang_Foundation/20250912_mem-mito/fish2_72hpf_roi4/perf					1
Aang_Foundation	20250912_mem-mito	Aang_Foundation/20250912_mem-mito/fish2_72hpf_roi4/scriptcheater					2
Aang_Foundation	20250912_mem-mito	Aang_Foundation/20250912_mem-mito/fish3_72hpf_roi1/AFFFT					2
Aang_Foundation	20250912_mem-mito	Aang_Foundation/20250912_mem-mito/fish3_72hpf_roi1/DSH1					5
Aang_Foundation	20250912_mem-mito	Aang_Foundation/20250912_mem-mito/fish3_72hpf_roi1/LVScripts					1
Aang_Foundation	20250912_mem-mito	Aang_Foundation/20250912_mem-mito/fish3_72hpf_roi1/Logs					1
Aang_Foundation	20250912_mem-mito	Aang_Foundation/20250912_mem-mito/fish3_72hpf_roi1/perf					1
Aang_Foundation	20250912_mem-mito	Aang_Foundation/20250912_mem-mito/fish3_72hpf_roi1/scriptcheater					2
Aang_Foundation	20250912_mem-mito	Aang_Foundation/20250912_mem-mito/fish3_72hpf_roi10/AFFFT					2
Aang_Foundation	20250912_mem-mito	Aang_Foundation/20250912_mem-mito/fish3_72hpf_roi10/DSH1					5
Aang_Foundation	20250912_mem-mito	Aang_Foundation/20250912_mem-mito/fish3_72hpf_roi10/Logs					1
Aang_Foundation	20250912_mem-mito	Aang_Foundation/20250912_mem-mito/fish3_72hpf_roi10/perf					1
Aang_Foundation	20250912_mem-mito	Aang_Foundation/20250912_mem-mito/fish3_72hpf_roi10/scriptcheater					2
Aang_Foundation	20250912_mem-mito	Aang_Foundation/20250912_mem-mito/fish3_72hpf_roi11/AFFFT					2
Aang_Foundation	20250912_mem-mito	Aang_Foundation/20250912_mem-mito/fish3_72hpf_roi11/DSH1					5
Aang_Foundation	20250912_mem-mito	Aang_Foundation/20250912_mem-mito/fish3_72hpf_roi11/Logs					1
Aang_Foundation	20250912_mem-mito	Aang_Foundation/20250912_mem-mito/fish3_72hpf_roi11/perf					1
Aang_Foundation	20250912_mem-mito	Aang_Foundation/20250912_mem-mito/fish3_72hpf_roi11/scriptcheater					2
Aang_Foundation	20250912_mem-mito	Aang_Foundation/20250912_mem-mito/fish3_72hpf_roi12/AFFFT					2
Aang_Foundation	20250912_mem-mito	Aang_Foundation/20250912_mem-mito/fish3_72hpf_roi12/DSH1					5
Aang_Foundation	20250912_mem-mito	Aang_Foundation/20250912_mem-mito/fish3_72hpf_roi12/Logs					1
Aang_Foundation	20250912_mem-mito	Aang_Foundation/20250912_mem-mito/fish3_72hpf_roi12/perf					1
Aang_Foundation	20250912_mem-mito	Aang_Foundation/20250912_mem-mito/fish3_72hpf_roi12/scriptcheater					2
Aang_Foundation	20250912_mem-mito	Aang_Foundation/20250912_mem-mito/fish3_72hpf_roi2/AFFFT					2
Aang_Foundation	20250912_mem-mito	Aang_Foundation/20250912_mem-mito/fish3_72hpf_roi2/DSH1					5
Aang_Foundation	20250912_mem-mito	Aang_Foundation/20250912_mem-mito/fish3_72hpf_roi2/Logs					1
Aang_Foundation	20250912_mem-mito	Aang_Foundation/20250912_mem-mito/fish3_72hpf_roi2/perf					1
Aang_Foundation	20250912_mem-mito	Aang_Foundation/20250912_mem-mito/fish3_72hpf_roi2/scriptcheater					2
Aang_Foundation	20250912_mem-mito	Aang_Foundation/20250912_mem-mito/fish3_72hpf_roi3/AFFFT					2
Aang_Foundation	20250912_mem-mito	Aang_Foundation/20250912_mem-mito/fish3_72hpf_roi3/DSH1					5
Aang_Foundation	20250912_mem-mito	Aang_Foundation/20250912_mem-mito/fish3_72hpf_roi3/Logs					1
Aang_Foundation	20250912_mem-mito	Aang_Foundation/20250912_mem-mito/fish3_72hpf_roi3/perf					1
Aang_Foundation	20250912_mem-mito	Aang_Foundation/20250912_mem-mito/fish3_72hpf_roi3/scriptcheater					2
Aang_Foundation	20250912_mem-mito	Aang_Foundation/20250912_mem-mito/fish3_72hpf_roi4/AFFFT					2
Aang_Foundation	20250912_mem-mito	Aang_Foundation/20250912_mem-mito/fish3_72hpf_roi4/DSH1					5
Aang_Foundation	20250912_mem-mito	Aang_Foundation/20250912_mem-mito/fish3_72hpf_roi4/Logs					1
Aang_Foundation	20250912_mem-mito	Aang_Foundation/20250912_mem-mito/fish3_72hpf_roi4/perf					1
Aang_Foundation	20250912_mem-mito	Aang_Foundation/20250912_mem-mito/fish3_72hpf_roi4/scriptcheater					2
Aang_Foundation	20250912_mem-mito	Aang_Foundation/20250912_mem-mito/fish3_72hpf_roi5/AFFFT					2
Aang_Foundation	20250912_mem-mito	Aang_Foundation/20250912_mem-mito/fish3_72hpf_roi5/DSH1					5
Aang_Foundation	20250912_mem-mito	Aang_Foundation/20250912_mem-mito/fish3_72hpf_roi5/Logs					1
Aang_Foundation	20250912_mem-mito	Aang_Foundation/20250912_mem-mito/fish3_72hpf_roi5/perf					1
Aang_Foundation	20250912_mem-mito	Aang_Foundation/20250912_mem-mito/fish3_72hpf_roi5/scriptcheater					2
Aang_Foundation	20250912_mem-mito	Aang_Foundation/20250912_mem-mito/fish3_72hpf_roi6/AFFFT					2
Aang_Foundation	20250912_mem-mito	Aang_Foundation/20250912_mem-mito/fish3_72hpf_roi6/DSH1					5
Aang_Foundation	20250912_mem-mito	Aang_Foundation/20250912_mem-mito/fish3_72hpf_roi6/Logs					1
Aang_Foundation	20250912_mem-mito	Aang_Foundation/20250912_mem-mito/fish3_72hpf_roi6/perf					1
Aang_Foundation	20250912_mem-mito	Aang_Foundation/20250912_mem-mito/fish3_72hpf_roi6/scriptcheater					2
Aang_Foundation	20250912_mem-mito	Aang_Foundation/20250912_mem-mito/fish3_72hpf_roi7/AFFFT					2
Aang_Foundation	20250912_mem-mito	Aang_Foundation/20250912_mem-mito/fish3_72hpf_roi7/DSH1					5
Aang_Foundation	20250912_mem-mito	Aang_Foundation/20250912_mem-mito/fish3_72hpf_roi7/Logs					1
Aang_Foundation	20250912_mem-mito	Aang_Foundation/20250912_mem-mito/fish3_72hpf_roi7/perf					1
Aang_Foundation	20250912_mem-mito	Aang_Foundation/20250912_mem-mito/fish3_72hpf_roi7/scriptcheater					2
Aang_Foundation	20250912_mem-mito	Aang_Foundation/20250912_mem-mito/fish3_72hpf_roi8/AFFFT					2
Aang_Foundation	20250912_mem-mito	Aang_Foundation/20250912_mem-mito/fish3_72hpf_roi8/DSH1					5
Aang_Foundation	20250912_mem-mito	Aang_Foundation/20250912_mem-mito/fish3_72hpf_roi8/Logs					1
Aang_Foundation	20250912_mem-mito	Aang_Foundation/20250912_mem-mito/fish3_72hpf_roi8/perf					1
Aang_Foundation	20250912_mem-mito	Aang_Foundation/20250912_mem-mito/fish3_72hpf_roi8/scriptcheater					2
Aang_Foundation	20250912_mem-mito	Aang_Foundation/20250912_mem-mito/fish3_72hpf_roi9/AFFFT					2
Aang_Foundation	20250912_mem-mito	Aang_Foundation/20250912_mem-mito/fish3_72hpf_roi9/DSH1					5
Aang_Foundation	20250912_mem-mito	Aang_Foundation/20250912_mem-mito/fish3_72hpf_roi9/LVScripts					1
Aang_Foundation	20250912_mem-mito	Aang_Foundation/20250912_mem-mito/fish3_72hpf_roi9/Logs					1
Aang_Foundation	20250912_mem-mito	Aang_Foundation/20250912_mem-mito/fish3_72hpf_roi9/perf					1
Aang_Foundation	20250912_mem-mito	Aang_Foundation/20250912_mem-mito/fish3_72hpf_roi9/scriptcheater					2
Aang_Foundation	20250912_mem-mito	Aang_Foundation/20250912_mem-mito/fish4_72hpf_roi1/AFFFT					2
Aang_Foundation	20250912_mem-mito	Aang_Foundation/20250912_mem-mito/fish4_72hpf_roi1/DSH1					5
Aang_Foundation	20250912_mem-mito	Aang_Foundation/20250912_mem-mito/fish4_72hpf_roi1/LVScripts					1
Aang_Foundation	20250912_mem-mito	Aang_Foundation/20250912_mem-mito/fish4_72hpf_roi1/Logs					1
Aang_Foundation	20250912_mem-mito	Aang_Foundation/20250912_mem-mito/fish4_72hpf_roi1/perf					1
Aang_Foundation	20250912_mem-mito	Aang_Foundation/20250912_mem-mito/fish4_72hpf_roi1/scriptcheater					2
Aang_Foundation	20250912_mem-mito	Aang_Foundation/20250912_mem-mito/fish4_72hpf_roi2/AFFFT					2
Aang_Foundation	20250912_mem-mito	Aang_Foundation/20250912_mem-mito/fish4_72hpf_roi2/DSH1					5
Aang_Foundation	20250912_mem-mito	Aang_Foundation/20250912_mem-mito/fish4_72hpf_roi2/Logs					1
Aang_Foundation	20250912_mem-mito	Aang_Foundation/20250912_mem-mito/fish4_72hpf_roi2/perf					1
Aang_Foundation	20250912_mem-mito	Aang_Foundation/20250912_mem-mito/fish4_72hpf_roi2/scriptcheater					2
Aang_Foundation	20250912_mem-mito	Aang_Foundation/20250912_mem-mito/fish4_72hpf_roi3/AFFFT					2
Aang_Foundation	20250912_mem-mito	Aang_Foundation/20250912_mem-mito/fish4_72hpf_roi3/DSH1					5
Aang_Foundation	20250912_mem-mito	Aang_Foundation/20250912_mem-mito/fish4_72hpf_roi3/Logs					1
Aang_Foundation	20250912_mem-mito	Aang_Foundation/20250912_mem-mito/fish4_72hpf_roi3/perf					1
Aang_Foundation	20250912_mem-mito	Aang_Foundation/20250912_mem-mito/fish4_72hpf_roi3/scriptcheater					2
Aang_Foundation	20250912_mem-mito	Aang_Foundation/20250912_mem-mito/fish4_72hpf_roi4/AFFFT					2
Aang_Foundation	20250912_mem-mito	Aang_Foundation/20250912_mem-mito/fish4_72hpf_roi4/DSH1					5
Aang_Foundation	20250912_mem-mito	Aang_Foundation/20250912_mem-mito/fish4_72hpf_roi4/Logs					1
Aang_Foundation	20250912_mem-mito	Aang_Foundation/20250912_mem-mito/fish4_72hpf_roi4/perf					1
Aang_Foundation	20250912_mem-mito	Aang_Foundation/20250912_mem-mito/fish4_72hpf_roi4/scriptcheater					2
Aang_Foundation	20250912_mem-mito	Aang_Foundation/20250912_mem-mito/fish4_72hpf_roi5/AFFFT					2
Aang_Foundation	20250912_mem-mito	Aang_Foundation/20250912_mem-mito/fish4_72hpf_roi5/DSH1					5
Aang_Foundation	20250912_mem-mito	Aang_Foundation/20250912_mem-mito/fish4_72hpf_roi5/Logs					1
Aang_Foundation	20250912_mem-mito	Aang_Foundation/20250912_mem-mito/fish4_72hpf_roi5/perf					1
Aang_Foundation	20250912_mem-mito	Aang_Foundation/20250912_mem-mito/fish4_72hpf_roi5/scriptcheater					2
Aang_Foundation	20250912_mem-mito	Aang_Foundation/20250912_mem-mito/fish4_72hpf_roi6/AFFFT					2
Aang_Foundation	20250912_mem-mito	Aang_Foundation/20250912_mem-mito/fish4_72hpf_roi6/DSH1					5
Aang_Foundation	20250912_mem-mito	Aang_Foundation/20250912_mem-mito/fish4_72hpf_roi6/Errors					1
Aang_Foundation	20250912_mem-mito	Aang_Foundation/20250912_mem-mito/fish4_72hpf_roi6/LVScripts					1
Aang_Foundation	20250912_mem-mito	Aang_Foundation/20250912_mem-mito/fish4_72hpf_roi6/Logs					1
Aang_Foundation	20250912_mem-mito	Aang_Foundation/20250912_mem-mito/fish4_72hpf_roi6/perf					1
Aang_Foundation	20250912_mem-mito	Aang_Foundation/20250912_mem-mito/fish4_72hpf_roi6/scriptcheater					2
Aang_Foundation	20250915_mem-mito	Aang_Foundation/20250915_mem-mito/fish1_72hpf_roi1/AFFFT					2
Aang_Foundation	20250915_mem-mito	Aang_Foundation/20250915_mem-mito/fish1_72hpf_roi1/DSH1					5
Aang_Foundation	20250915_mem-mito	Aang_Foundation/20250915_mem-mito/fish1_72hpf_roi1/LVScripts					1
Aang_Foundation	20250915_mem-mito	Aang_Foundation/20250915_mem-mito/fish1_72hpf_roi1/Logs					1
Aang_Foundation	20250915_mem-mito	Aang_Foundation/20250915_mem-mito/fish1_72hpf_roi1/perf					1
Aang_Foundation	20250915_mem-mito	Aang_Foundation/20250915_mem-mito/fish1_72hpf_roi1/scriptcheater					2
Aang_Foundation	20250915_mem-mito	Aang_Foundation/20250915_mem-mito/fish1_72hpf_roi2/AFFFT					2
Aang_Foundation	20250915_mem-mito	Aang_Foundation/20250915_mem-mito/fish1_72hpf_roi2/DSH1					5
Aang_Foundation	20250915_mem-mito	Aang_Foundation/20250915_mem-mito/fish1_72hpf_roi2/LVScripts					1
Aang_Foundation	20250915_mem-mito	Aang_Foundation/20250915_mem-mito/fish1_72hpf_roi2/Logs					1
Aang_Foundation	20250915_mem-mito	Aang_Foundation/20250915_mem-mito/fish1_72hpf_roi2/perf					1
Aang_Foundation	20250915_mem-mito	Aang_Foundation/20250915_mem-mito/fish1_72hpf_roi2/scriptcheater					2
Aang_Foundation	20250915_mem-mito	Aang_Foundation/20250915_mem-mito/fish1_72hpf_roi3/AFFFT					2
Aang_Foundation	20250915_mem-mito	Aang_Foundation/20250915_mem-mito/fish1_72hpf_roi3/DSH1					5
Aang_Foundation	20250915_mem-mito	Aang_Foundation/20250915_mem-mito/fish1_72hpf_roi3/LVScripts					1
Aang_Foundation	20250915_mem-mito	Aang_Foundation/20250915_mem-mito/fish1_72hpf_roi3/Logs					1
Aang_Foundation	20250915_mem-mito	Aang_Foundation/20250915_mem-mito/fish1_72hpf_roi3/perf					1
Aang_Foundation	20250915_mem-mito	Aang_Foundation/20250915_mem-mito/fish1_72hpf_roi3/scriptcheater					2
Aang_Foundation	20250915_mem-mito	Aang_Foundation/20250915_mem-mito/fish1_72hpf_roi4/AFFFT					2
Aang_Foundation	20250915_mem-mito	Aang_Foundation/20250915_mem-mito/fish1_72hpf_roi4/DSH1					5
Aang_Foundation	20250915_mem-mito	Aang_Foundation/20250915_mem-mito/fish1_72hpf_roi4/LVScripts					1
Aang_Foundation	20250915_mem-mito	Aang_Foundation/20250915_mem-mito/fish1_72hpf_roi4/Logs					1
Aang_Foundation	20250915_mem-mito	Aang_Foundation/20250915_mem-mito/fish1_72hpf_roi4/perf					1
Aang_Foundation	20250915_mem-mito	Aang_Foundation/20250915_mem-mito/fish1_72hpf_roi4/scriptcheater					2
Aang_Foundation	20250915_mem-mito	Aang_Foundation/20250915_mem-mito/fish1_72hpf_roi5/AFFFT					2
Aang_Foundation	20250915_mem-mito	Aang_Foundation/20250915_mem-mito/fish1_72hpf_roi5/DSH1					5
Aang_Foundation	20250915_mem-mito	Aang_Foundation/20250915_mem-mito/fish1_72hpf_roi5/LVScripts					1
Aang_Foundation	20250915_mem-mito	Aang_Foundation/20250915_mem-mito/fish1_72hpf_roi5/Logs					1
Aang_Foundation	20250915_mem-mito	Aang_Foundation/20250915_mem-mito/fish1_72hpf_roi5/perf					1
Aang_Foundation	20250915_mem-mito	Aang_Foundation/20250915_mem-mito/fish1_72hpf_roi5/scriptcheater					2
Aang_Foundation	20250915_mem-mito	Aang_Foundation/20250915_mem-mito/fish2_72hpf_roi1/AFFFT					2
Aang_Foundation	20250915_mem-mito	Aang_Foundation/20250915_mem-mito/fish2_72hpf_roi1/DSH1					5
Aang_Foundation	20250915_mem-mito	Aang_Foundation/20250915_mem-mito/fish2_72hpf_roi1/LVScripts					1
Aang_Foundation	20250915_mem-mito	Aang_Foundation/20250915_mem-mito/fish2_72hpf_roi1/Logs					1
Aang_Foundation	20250915_mem-mito	Aang_Foundation/20250915_mem-mito/fish2_72hpf_roi1/perf					1
Aang_Foundation	20250915_mem-mito	Aang_Foundation/20250915_mem-mito/fish2_72hpf_roi1/scriptcheater					2
Aang_Foundation	20250915_mem-mito	Aang_Foundation/20250915_mem-mito/fish2_72hpf_roi2/AFFFT					2
Aang_Foundation	20250915_mem-mito	Aang_Foundation/20250915_mem-mito/fish2_72hpf_roi2/DSH1					5
Aang_Foundation	20250915_mem-mito	Aang_Foundation/20250915_mem-mito/fish2_72hpf_roi2/LVScripts					1
Aang_Foundation	20250915_mem-mito	Aang_Foundation/20250915_mem-mito/fish2_72hpf_roi2/Logs					1
Aang_Foundation	20250915_mem-mito	Aang_Foundation/20250915_mem-mito/fish2_72hpf_roi2/perf					1
Aang_Foundation	20250915_mem-mito	Aang_Foundation/20250915_mem-mito/fish2_72hpf_roi2/scriptcheater					2
Aang_Foundation	20250915_mem-mito	Aang_Foundation/20250915_mem-mito/fish2_72hpf_roi3/AFFFT					2
Aang_Foundation	20250915_mem-mito	Aang_Foundation/20250915_mem-mito/fish2_72hpf_roi3/DSH1					5
Aang_Foundation	20250915_mem-mito	Aang_Foundation/20250915_mem-mito/fish2_72hpf_roi3/LVScripts					1
Aang_Foundation	20250915_mem-mito	Aang_Foundation/20250915_mem-mito/fish2_72hpf_roi3/Logs					1
Aang_Foundation	20250915_mem-mito	Aang_Foundation/20250915_mem-mito/fish2_72hpf_roi3/perf					1
Aang_Foundation	20250915_mem-mito	Aang_Foundation/20250915_mem-mito/fish2_72hpf_roi3/scriptcheater					2
Aang_Foundation	20250915_mem-mito	Aang_Foundation/20250915_mem-mito/fish3_72hpf_roi1/AFFFT					2
Aang_Foundation	20250915_mem-mito	Aang_Foundation/20250915_mem-mito/fish3_72hpf_roi1/DSH1					5
Aang_Foundation	20250915_mem-mito	Aang_Foundation/20250915_mem-mito/fish3_72hpf_roi1/LVScripts					1
Aang_Foundation	20250915_mem-mito	Aang_Foundation/20250915_mem-mito/fish3_72hpf_roi1/Logs					1
Aang_Foundation	20250915_mem-mito	Aang_Foundation/20250915_mem-mito/fish3_72hpf_roi1/perf					1
Aang_Foundation	20250915_mem-mito	Aang_Foundation/20250915_mem-mito/fish3_72hpf_roi1/scriptcheater					2
Aang_Foundation	20250915_mem-mito	Aang_Foundation/20250915_mem-mito/fish3_72hpf_roi2/AFFFT					2
Aang_Foundation	20250915_mem-mito	Aang_Foundation/20250915_mem-mito/fish3_72hpf_roi2/DSH1					5
Aang_Foundation	20250915_mem-mito	Aang_Foundation/20250915_mem-mito/fish3_72hpf_roi2/Logs					1
Aang_Foundation	20250915_mem-mito	Aang_Foundation/20250915_mem-mito/fish3_72hpf_roi2/perf					1
Aang_Foundation	20250915_mem-mito	Aang_Foundation/20250915_mem-mito/fish3_72hpf_roi2/scriptcheater					2
Aang_Foundation	20250915_mem-mito	Aang_Foundation/20250915_mem-mito/fish3_72hpf_roi3/AFFFT					2
Aang_Foundation	20250915_mem-mito	Aang_Foundation/20250915_mem-mito/fish3_72hpf_roi3/DSH1					5
Aang_Foundation	20250915_mem-mito	Aang_Foundation/20250915_mem-mito/fish3_72hpf_roi3/Logs					1
Aang_Foundation	20250915_mem-mito	Aang_Foundation/20250915_mem-mito/fish3_72hpf_roi3/perf					1
Aang_Foundation	20250915_mem-mito	Aang_Foundation/20250915_mem-mito/fish3_72hpf_roi3/scriptcheater					2
Aang_Foundation	20250915_mem-mito	Aang_Foundation/20250915_mem-mito/fish3_72hpf_roi4/AFFFT					2
Aang_Foundation	20250915_mem-mito	Aang_Foundation/20250915_mem-mito/fish3_72hpf_roi4/DSH1					5
Aang_Foundation	20250915_mem-mito	Aang_Foundation/20250915_mem-mito/fish3_72hpf_roi4/Logs					1
Aang_Foundation	20250915_mem-mito	Aang_Foundation/20250915_mem-mito/fish3_72hpf_roi4/perf					1
Aang_Foundation	20250915_mem-mito	Aang_Foundation/20250915_mem-mito/fish3_72hpf_roi4/scriptcheater					2
Aang_Foundation	20250915_mem-mito	Aang_Foundation/20250915_mem-mito/fish3_72hpf_roi5/AFFFT					2
Aang_Foundation	20250915_mem-mito	Aang_Foundation/20250915_mem-mito/fish3_72hpf_roi5/DSH1					5
Aang_Foundation	20250915_mem-mito	Aang_Foundation/20250915_mem-mito/fish3_72hpf_roi5/Logs					1
Aang_Foundation	20250915_mem-mito	Aang_Foundation/20250915_mem-mito/fish3_72hpf_roi5/perf					1
Aang_Foundation	20250915_mem-mito	Aang_Foundation/20250915_mem-mito/fish3_72hpf_roi5/scriptcheater					2
Aang_Foundation	20250915_mem-mito	Aang_Foundation/20250915_mem-mito/fish3_72hpf_roi6/AFFFT					2
Aang_Foundation	20250915_mem-mito	Aang_Foundation/20250915_mem-mito/fish3_72hpf_roi6/DSH1					5
Aang_Foundation	20250915_mem-mito	Aang_Foundation/20250915_mem-mito/fish3_72hpf_roi6/Logs					1
Aang_Foundation	20250915_mem-mito	Aang_Foundation/20250915_mem-mito/fish3_72hpf_roi6/perf					1
Aang_Foundation	20250915_mem-mito	Aang_Foundation/20250915_mem-mito/fish3_72hpf_roi6/scriptcheater					2
Aang_Foundation	20250915_mem-mito	Aang_Foundation/20250915_mem-mito/fish3_72hpf_roi7/AFFFT					2
Aang_Foundation	20250915_mem-mito	Aang_Foundation/20250915_mem-mito/fish3_72hpf_roi7/DSH1					5
Aang_Foundation	20250915_mem-mito	Aang_Foundation/20250915_mem-mito/fish3_72hpf_roi7/Logs					1
Aang_Foundation	20250915_mem-mito	Aang_Foundation/20250915_mem-mito/fish3_72hpf_roi7/perf					1
Aang_Foundation	20250915_mem-mito	Aang_Foundation/20250915_mem-mito/fish3_72hpf_roi7/scriptcheater					2
Aang_Foundation	20250915_mem-mito	Aang_Foundation/20250915_mem-mito/fish5_72hpf_roi1/AFFFT					2
Aang_Foundation	20250915_mem-mito	Aang_Foundation/20250915_mem-mito/fish5_72hpf_roi1/DSH1					5
Aang_Foundation	20250915_mem-mito	Aang_Foundation/20250915_mem-mito/fish5_72hpf_roi1/LVScripts					1
Aang_Foundation	20250915_mem-mito	Aang_Foundation/20250915_mem-mito/fish5_72hpf_roi1/Logs					1
Aang_Foundation	20250915_mem-mito	Aang_Foundation/20250915_mem-mito/fish5_72hpf_roi1/perf					1
Aang_Foundation	20250915_mem-mito	Aang_Foundation/20250915_mem-mito/fish5_72hpf_roi1/scriptcheater					2
Aang_Foundation	20250915_mem-mito	Aang_Foundation/20250915_mem-mito/fish5_72hpf_roi2/AFFFT					2
Aang_Foundation	20250915_mem-mito	Aang_Foundation/20250915_mem-mito/fish5_72hpf_roi2/DSH1					5
Aang_Foundation	20250915_mem-mito	Aang_Foundation/20250915_mem-mito/fish5_72hpf_roi2/Logs					1
Aang_Foundation	20250915_mem-mito	Aang_Foundation/20250915_mem-mito/fish5_72hpf_roi2/perf					1
Aang_Foundation	20250915_mem-mito	Aang_Foundation/20250915_mem-mito/fish5_72hpf_roi2/scriptcheater					2
Aang_Foundation	20250915_mem-mito	Aang_Foundation/20250915_mem-mito/fish5_72hpf_roi3/AFFFT					2
Aang_Foundation	20250915_mem-mito	Aang_Foundation/20250915_mem-mito/fish5_72hpf_roi3/DSH1					5
Aang_Foundation	20250915_mem-mito	Aang_Foundation/20250915_mem-mito/fish5_72hpf_roi3/Logs					1
Aang_Foundation	20250915_mem-mito	Aang_Foundation/20250915_mem-mito/fish5_72hpf_roi3/perf					1
Aang_Foundation	20250915_mem-mito	Aang_Foundation/20250915_mem-mito/fish5_72hpf_roi3/scriptcheater					2
Aang_Foundation	20250917_mem-mito	Aang_Foundation/20250917_mem-mito/fish1_48hpf_roi1/AFFFT					2
Aang_Foundation	20250917_mem-mito	Aang_Foundation/20250917_mem-mito/fish1_48hpf_roi1/DSH1					5
Aang_Foundation	20250917_mem-mito	Aang_Foundation/20250917_mem-mito/fish1_48hpf_roi1/LVScripts					1
Aang_Foundation	20250917_mem-mito	Aang_Foundation/20250917_mem-mito/fish1_48hpf_roi1/Logs					1
Aang_Foundation	20250917_mem-mito	Aang_Foundation/20250917_mem-mito/fish1_48hpf_roi1/perf					1
Aang_Foundation	20250917_mem-mito	Aang_Foundation/20250917_mem-mito/fish1_48hpf_roi1/scriptcheater					2
Aang_Foundation	20250917_mem-mito	Aang_Foundation/20250917_mem-mito/fish1_48hpf_roi2/AFFFT					2
Aang_Foundation	20250917_mem-mito	Aang_Foundation/20250917_mem-mito/fish1_48hpf_roi2/DSH1					5
Aang_Foundation	20250917_mem-mito	Aang_Foundation/20250917_mem-mito/fish1_48hpf_roi2/Logs					1
Aang_Foundation	20250917_mem-mito	Aang_Foundation/20250917_mem-mito/fish1_48hpf_roi2/perf					1
Aang_Foundation	20250917_mem-mito	Aang_Foundation/20250917_mem-mito/fish1_48hpf_roi2/scriptcheater					2
Aang_Foundation	20250917_mem-mito	Aang_Foundation/20250917_mem-mito/fish2_48hpf_roi1/AFFFT					2
Aang_Foundation	20250917_mem-mito	Aang_Foundation/20250917_mem-mito/fish2_48hpf_roi1/DSH1					5
Aang_Foundation	20250917_mem-mito	Aang_Foundation/20250917_mem-mito/fish2_48hpf_roi1/LVScripts					1
Aang_Foundation	20250917_mem-mito	Aang_Foundation/20250917_mem-mito/fish2_48hpf_roi1/Logs					1
Aang_Foundation	20250917_mem-mito	Aang_Foundation/20250917_mem-mito/fish2_48hpf_roi1/perf					1
Aang_Foundation	20250917_mem-mito	Aang_Foundation/20250917_mem-mito/fish2_48hpf_roi1/scriptcheater					2
Aang_Foundation	20250917_mem-mito	Aang_Foundation/20250917_mem-mito/fish2_48hpf_roi2/AFFFT					2
Aang_Foundation	20250917_mem-mito	Aang_Foundation/20250917_mem-mito/fish2_48hpf_roi2/DSH1					5
Aang_Foundation	20250917_mem-mito	Aang_Foundation/20250917_mem-mito/fish2_48hpf_roi2/Logs					1
Aang_Foundation	20250917_mem-mito	Aang_Foundation/20250917_mem-mito/fish2_48hpf_roi2/perf					1
Aang_Foundation	20250917_mem-mito	Aang_Foundation/20250917_mem-mito/fish2_48hpf_roi2/scriptcheater					2
Aang_Foundation	20250917_mem-mito	Aang_Foundation/20250917_mem-mito/fish3_48hpf_roi1/AFFFT					2
Aang_Foundation	20250917_mem-mito	Aang_Foundation/20250917_mem-mito/fish3_48hpf_roi1/DSH1					5
Aang_Foundation	20250917_mem-mito	Aang_Foundation/20250917_mem-mito/fish3_48hpf_roi1/LVScripts					1
Aang_Foundation	20250917_mem-mito	Aang_Foundation/20250917_mem-mito/fish3_48hpf_roi1/Logs					1
Aang_Foundation	20250917_mem-mito	Aang_Foundation/20250917_mem-mito/fish3_48hpf_roi1/perf					1
Aang_Foundation	20250917_mem-mito	Aang_Foundation/20250917_mem-mito/fish3_48hpf_roi1/scriptcheater					2
Aang_Foundation	20250917_mem-mito	Aang_Foundation/20250917_mem-mito/fish3_48hpf_roi2/AFFFT					2
Aang_Foundation	20250917_mem-mito	Aang_Foundation/20250917_mem-mito/fish3_48hpf_roi2/DSH1					5
Aang_Foundation	20250917_mem-mito	Aang_Foundation/20250917_mem-mito/fish3_48hpf_roi2/Logs					1
Aang_Foundation	20250917_mem-mito	Aang_Foundation/20250917_mem-mito/fish3_48hpf_roi2/perf					1
Aang_Foundation	20250917_mem-mito	Aang_Foundation/20250917_mem-mito/fish3_48hpf_roi2/scriptcheater					2
Aang_Foundation	20250917_mem-mito	Aang_Foundation/20250917_mem-mito/fish3_48hpf_roi3/AFFFT					2
Aang_Foundation	20250917_mem-mito	Aang_Foundation/20250917_mem-mito/fish3_48hpf_roi3/DSH1					5
Aang_Foundation	20250917_mem-mito	Aang_Foundation/20250917_mem-mito/fish3_48hpf_roi3/Logs					1
Aang_Foundation	20250917_mem-mito	Aang_Foundation/20250917_mem-mito/fish3_48hpf_roi3/perf					1
Aang_Foundation	20250917_mem-mito	Aang_Foundation/20250917_mem-mito/fish3_48hpf_roi3/scriptcheater					2
Aang_Foundation	20250917_mem-mito	Aang_Foundation/20250917_mem-mito/fish3_48hpf_roi4/AFFFT					2
Aang_Foundation	20250917_mem-mito	Aang_Foundation/20250917_mem-mito/fish3_48hpf_roi4/DSH1					5
Aang_Foundation	20250917_mem-mito	Aang_Foundation/20250917_mem-mito/fish3_48hpf_roi4/Logs					1
Aang_Foundation	20250917_mem-mito	Aang_Foundation/20250917_mem-mito/fish3_48hpf_roi4/perf					1
Aang_Foundation	20250917_mem-mito	Aang_Foundation/20250917_mem-mito/fish3_48hpf_roi4/scriptcheater					2
Aang_Foundation	20250917_mem-mito	Aang_Foundation/20250917_mem-mito/fish4_48hpf_roi1/AFFFT					2
Aang_Foundation	20250917_mem-mito	Aang_Foundation/20250917_mem-mito/fish4_48hpf_roi1/DSH1					5
Aang_Foundation	20250917_mem-mito	Aang_Foundation/20250917_mem-mito/fish4_48hpf_roi1/LVScripts					1
Aang_Foundation	20250917_mem-mito	Aang_Foundation/20250917_mem-mito/fish4_48hpf_roi1/Logs					1
Aang_Foundation	20250917_mem-mito	Aang_Foundation/20250917_mem-mito/fish4_48hpf_roi1/perf					1
Aang_Foundation	20250917_mem-mito	Aang_Foundation/20250917_mem-mito/fish4_48hpf_roi1/scriptcheater					2
Aang_Foundation	20250917_mem-mito	Aang_Foundation/20250917_mem-mito/fish4_48hpf_roi2/AFFFT					2
Aang_Foundation	20250917_mem-mito	Aang_Foundation/20250917_mem-mito/fish4_48hpf_roi2/DSH1					5
Aang_Foundation	20250917_mem-mito	Aang_Foundation/20250917_mem-mito/fish4_48hpf_roi2/Logs					1
Aang_Foundation	20250917_mem-mito	Aang_Foundation/20250917_mem-mito/fish4_48hpf_roi2/perf					1
Aang_Foundation	20250917_mem-mito	Aang_Foundation/20250917_mem-mito/fish4_48hpf_roi2/scriptcheater					2
Aang_Foundation	20250917_mem-mito	Aang_Foundation/20250917_mem-mito/fish4_48hpf_roi3/AFFFT					2
Aang_Foundation	20250917_mem-mito	Aang_Foundation/20250917_mem-mito/fish4_48hpf_roi3/DSH1					5
Aang_Foundation	20250917_mem-mito	Aang_Foundation/20250917_mem-mito/fish4_48hpf_roi3/Logs					1
Aang_Foundation	20250917_mem-mito	Aang_Foundation/20250917_mem-mito/fish4_48hpf_roi3/perf					1
Aang_Foundation	20250917_mem-mito	Aang_Foundation/20250917_mem-mito/fish4_48hpf_roi3/scriptcheater					2
Aang_Foundation	20250917_mem-mito	Aang_Foundation/20250917_mem-mito/fish4_48hpf_roi4/AFFFT					2
Aang_Foundation	20250917_mem-mito	Aang_Foundation/20250917_mem-mito/fish4_48hpf_roi4/DSH1					5
Aang_Foundation	20250917_mem-mito	Aang_Foundation/20250917_mem-mito/fish4_48hpf_roi4/Logs					1
Aang_Foundation	20250917_mem-mito	Aang_Foundation/20250917_mem-mito/fish4_48hpf_roi4/perf					1
Aang_Foundation	20250917_mem-mito	Aang_Foundation/20250917_mem-mito/fish4_48hpf_roi4/scriptcheater					2
Aang_Foundation	20250917_mem-mito	Aang_Foundation/20250917_mem-mito/fish4_48hpf_roi5/AFFFT					2
Aang_Foundation	20250917_mem-mito	Aang_Foundation/20250917_mem-mito/fish4_48hpf_roi5/DSH1					5
Aang_Foundation	20250917_mem-mito	Aang_Foundation/20250917_mem-mito/fish4_48hpf_roi5/Logs					1
Aang_Foundation	20250917_mem-mito	Aang_Foundation/20250917_mem-mito/fish4_48hpf_roi5/perf					1
Aang_Foundation	20250917_mem-mito	Aang_Foundation/20250917_mem-mito/fish4_48hpf_roi5/scriptcheater					2
Aang_Foundation	20250917_mem-mito	Aang_Foundation/20250917_mem-mito/fish4_48hpf_roi6/AFFFT					2
Aang_Foundation	20250917_mem-mito	Aang_Foundation/20250917_mem-mito/fish4_48hpf_roi6/DSH1					5
Aang_Foundation	20250917_mem-mito	Aang_Foundation/20250917_mem-mito/fish4_48hpf_roi6/Logs					1
Aang_Foundation	20250917_mem-mito	Aang_Foundation/20250917_mem-mito/fish4_48hpf_roi6/perf					1
Aang_Foundation	20250917_mem-mito	Aang_Foundation/20250917_mem-mito/fish4_48hpf_roi6/scriptcheater					2
Aang_Foundation	20250917_mem-mito	Aang_Foundation/20250917_mem-mito/fish5_48hpf_roi1/AFFFT					2
Aang_Foundation	20250917_mem-mito	Aang_Foundation/20250917_mem-mito/fish5_48hpf_roi1/DSH1					5
Aang_Foundation	20250917_mem-mito	Aang_Foundation/20250917_mem-mito/fish5_48hpf_roi1/Logs					1
Aang_Foundation	20250917_mem-mito	Aang_Foundation/20250917_mem-mito/fish5_48hpf_roi1/perf					1
Aang_Foundation	20250917_mem-mito	Aang_Foundation/20250917_mem-mito/fish5_48hpf_roi1/scriptcheater					2
Aang_Foundation	20250917_mem-mito	Aang_Foundation/20250917_mem-mito/fish5_48hpf_roi2/AFFFT					2
Aang_Foundation	20250917_mem-mito	Aang_Foundation/20250917_mem-mito/fish5_48hpf_roi2/DSH1					5
Aang_Foundation	20250917_mem-mito	Aang_Foundation/20250917_mem-mito/fish5_48hpf_roi2/Logs					1
Aang_Foundation	20250917_mem-mito	Aang_Foundation/20250917_mem-mito/fish5_48hpf_roi2/perf					1
Aang_Foundation	20250917_mem-mito	Aang_Foundation/20250917_mem-mito/fish5_48hpf_roi2/scriptcheater					2
Aang_Foundation	20250917_mem-mito	Aang_Foundation/20250917_mem-mito/fish5_48hpf_roi3/AFFFT					2
Aang_Foundation	20250917_mem-mito	Aang_Foundation/20250917_mem-mito/fish5_48hpf_roi3/DSH1					5
Aang_Foundation	20250917_mem-mito	Aang_Foundation/20250917_mem-mito/fish5_48hpf_roi3/Logs					1
Aang_Foundation	20250917_mem-mito	Aang_Foundation/20250917_mem-mito/fish5_48hpf_roi3/perf					1
Aang_Foundation	20250917_mem-mito	Aang_Foundation/20250917_mem-mito/fish5_48hpf_roi3/scriptcheater					2
Aang_Foundation	20250917_mem-mito	Aang_Foundation/20250917_mem-mito/fish5_48hpf_roi4/AFFFT					2
Aang_Foundation	20250917_mem-mito	Aang_Foundation/20250917_mem-mito/fish5_48hpf_roi4/DSH1					5
Aang_Foundation	20250917_mem-mito	Aang_Foundation/20250917_mem-mito/fish5_48hpf_roi4/Logs					1
Aang_Foundation	20250917_mem-mito	Aang_Foundation/20250917_mem-mito/fish5_48hpf_roi4/perf					1
Aang_Foundation	20250917_mem-mito	Aang_Foundation/20250917_mem-mito/fish5_48hpf_roi4/scriptcheater					2
Aang_Foundation	20250917_mem-mito	Aang_Foundation/20250917_mem-mito/fish5_48hpf_roi5/AFFFT					2
Aang_Foundation	20250917_mem-mito	Aang_Foundation/20250917_mem-mito/fish5_48hpf_roi5/DSH1					5
Aang_Foundation	20250917_mem-mito	Aang_Foundation/20250917_mem-mito/fish5_48hpf_roi5/Logs					1
Aang_Foundation	20250917_mem-mito	Aang_Foundation/20250917_mem-mito/fish5_48hpf_roi5/perf					1
Aang_Foundation	20250917_mem-mito	Aang_Foundation/20250917_mem-mito/fish5_48hpf_roi5/scriptcheater					2
Aang_Foundation	20250917_mem-mito	Aang_Foundation/20250917_mem-mito/fish6_48hpf_roi1/AFFFT					2
Aang_Foundation	20250917_mem-mito	Aang_Foundation/20250917_mem-mito/fish6_48hpf_roi1/DSH1					5
Aang_Foundation	20250917_mem-mito	Aang_Foundation/20250917_mem-mito/fish6_48hpf_roi1/Logs					1
Aang_Foundation	20250917_mem-mito	Aang_Foundation/20250917_mem-mito/fish6_48hpf_roi1/perf					1
Aang_Foundation	20250917_mem-mito	Aang_Foundation/20250917_mem-mito/fish6_48hpf_roi1/scriptcheater					2
Aang_Foundation	20250917_mem-mito	Aang_Foundation/20250917_mem-mito/fish6_48hpf_roi2/AFFFT					2
Aang_Foundation	20250917_mem-mito	Aang_Foundation/20250917_mem-mito/fish6_48hpf_roi2/DSH1					5
Aang_Foundation	20250917_mem-mito	Aang_Foundation/20250917_mem-mito/fish6_48hpf_roi2/Logs					1
Aang_Foundation	20250917_mem-mito	Aang_Foundation/20250917_mem-mito/fish6_48hpf_roi2/perf					1
Aang_Foundation	20250917_mem-mito	Aang_Foundation/20250917_mem-mito/fish6_48hpf_roi2/scriptcheater					2
Aang_Foundation	20250918_mem-mito	Aang_Foundation/20250918_mem-mito/fish1_72hpf_roi1/AFFFT					2
Aang_Foundation	20250918_mem-mito	Aang_Foundation/20250918_mem-mito/fish1_72hpf_roi1/DSH1					5
Aang_Foundation	20250918_mem-mito	Aang_Foundation/20250918_mem-mito/fish1_72hpf_roi1/LVScripts					1
Aang_Foundation	20250918_mem-mito	Aang_Foundation/20250918_mem-mito/fish1_72hpf_roi1/Logs					1
Aang_Foundation	20250918_mem-mito	Aang_Foundation/20250918_mem-mito/fish1_72hpf_roi1/perf					1
Aang_Foundation	20250918_mem-mito	Aang_Foundation/20250918_mem-mito/fish1_72hpf_roi1/scriptcheater					2
Aang_Foundation	20250918_mem-mito	Aang_Foundation/20250918_mem-mito/fish1_72hpf_roi2/AFFFT					2
Aang_Foundation	20250918_mem-mito	Aang_Foundation/20250918_mem-mito/fish1_72hpf_roi2/DSH1					5
Aang_Foundation	20250918_mem-mito	Aang_Foundation/20250918_mem-mito/fish1_72hpf_roi2/Logs					1
Aang_Foundation	20250918_mem-mito	Aang_Foundation/20250918_mem-mito/fish1_72hpf_roi2/perf					1
Aang_Foundation	20250918_mem-mito	Aang_Foundation/20250918_mem-mito/fish1_72hpf_roi2/scriptcheater					2
Aang_Foundation	20250918_mem-mito	Aang_Foundation/20250918_mem-mito/fish1_72hpf_roi3/AFFFT					2
Aang_Foundation	20250918_mem-mito	Aang_Foundation/20250918_mem-mito/fish1_72hpf_roi3/DSH1					5
Aang_Foundation	20250918_mem-mito	Aang_Foundation/20250918_mem-mito/fish1_72hpf_roi3/Logs					1
Aang_Foundation	20250918_mem-mito	Aang_Foundation/20250918_mem-mito/fish1_72hpf_roi3/perf					1
Aang_Foundation	20250918_mem-mito	Aang_Foundation/20250918_mem-mito/fish1_72hpf_roi3/scriptcheater					2
Aang_Foundation	20250918_mem-mito	Aang_Foundation/20250918_mem-mito/fish1_72hpf_roi4/AFFFT					2
Aang_Foundation	20250918_mem-mito	Aang_Foundation/20250918_mem-mito/fish1_72hpf_roi4/DSH1					5
Aang_Foundation	20250918_mem-mito	Aang_Foundation/20250918_mem-mito/fish1_72hpf_roi4/Logs					1
Aang_Foundation	20250918_mem-mito	Aang_Foundation/20250918_mem-mito/fish1_72hpf_roi4/perf					1
Aang_Foundation	20250918_mem-mito	Aang_Foundation/20250918_mem-mito/fish1_72hpf_roi4/scriptcheater					2
Aang_Foundation	20250918_mem-mito	Aang_Foundation/20250918_mem-mito/fish1_72hpf_roi5/AFFFT					2
Aang_Foundation	20250918_mem-mito	Aang_Foundation/20250918_mem-mito/fish1_72hpf_roi5/DSH1					5
Aang_Foundation	20250918_mem-mito	Aang_Foundation/20250918_mem-mito/fish1_72hpf_roi5/Logs					1
Aang_Foundation	20250918_mem-mito	Aang_Foundation/20250918_mem-mito/fish1_72hpf_roi5/perf					1
Aang_Foundation	20250918_mem-mito	Aang_Foundation/20250918_mem-mito/fish1_72hpf_roi5/scriptcheater					2
Aang_Foundation	20250918_mem-mito	Aang_Foundation/20250918_mem-mito/fish1_72hpf_roi6/AFFFT					2
Aang_Foundation	20250918_mem-mito	Aang_Foundation/20250918_mem-mito/fish1_72hpf_roi6/DSH1					5
Aang_Foundation	20250918_mem-mito	Aang_Foundation/20250918_mem-mito/fish1_72hpf_roi6/Logs					1
Aang_Foundation	20250918_mem-mito	Aang_Foundation/20250918_mem-mito/fish1_72hpf_roi6/perf					1
Aang_Foundation	20250918_mem-mito	Aang_Foundation/20250918_mem-mito/fish1_72hpf_roi6/scriptcheater					2
Aang_Foundation	20250918_mem-mito	Aang_Foundation/20250918_mem-mito/fish2_72hpf_roi1/AFFFT					2
Aang_Foundation	20250918_mem-mito	Aang_Foundation/20250918_mem-mito/fish2_72hpf_roi1/DSH1					5
Aang_Foundation	20250918_mem-mito	Aang_Foundation/20250918_mem-mito/fish2_72hpf_roi1/LVScripts					1
Aang_Foundation	20250918_mem-mito	Aang_Foundation/20250918_mem-mito/fish2_72hpf_roi1/Logs					1
Aang_Foundation	20250918_mem-mito	Aang_Foundation/20250918_mem-mito/fish2_72hpf_roi1/perf					1
Aang_Foundation	20250918_mem-mito	Aang_Foundation/20250918_mem-mito/fish2_72hpf_roi1/scriptcheater					2
Aang_Foundation	20250918_mem-mito	Aang_Foundation/20250918_mem-mito/fish2_72hpf_roi2/AFFFT					2
Aang_Foundation	20250918_mem-mito	Aang_Foundation/20250918_mem-mito/fish2_72hpf_roi2/DSH1					5
Aang_Foundation	20250918_mem-mito	Aang_Foundation/20250918_mem-mito/fish2_72hpf_roi2/Logs					1
Aang_Foundation	20250918_mem-mito	Aang_Foundation/20250918_mem-mito/fish2_72hpf_roi2/perf					1
Aang_Foundation	20250918_mem-mito	Aang_Foundation/20250918_mem-mito/fish2_72hpf_roi2/scriptcheater					2
Aang_Foundation	20250918_mem-mito	Aang_Foundation/20250918_mem-mito/fish2_72hpf_roi3/AFFFT					2
Aang_Foundation	20250918_mem-mito	Aang_Foundation/20250918_mem-mito/fish2_72hpf_roi3/DSH1					5
Aang_Foundation	20250918_mem-mito	Aang_Foundation/20250918_mem-mito/fish2_72hpf_roi3/Logs					1
Aang_Foundation	20250918_mem-mito	Aang_Foundation/20250918_mem-mito/fish2_72hpf_roi3/perf					1
Aang_Foundation	20250918_mem-mito	Aang_Foundation/20250918_mem-mito/fish2_72hpf_roi3/scriptcheater					2
Aang_Foundation	20250918_mem-mito	Aang_Foundation/20250918_mem-mito/fish2_72hpf_roi4/AFFFT					2
Aang_Foundation	20250918_mem-mito	Aang_Foundation/20250918_mem-mito/fish2_72hpf_roi4/DSH1					5
Aang_Foundation	20250918_mem-mito	Aang_Foundation/20250918_mem-mito/fish2_72hpf_roi4/Logs					1
Aang_Foundation	20250918_mem-mito	Aang_Foundation/20250918_mem-mito/fish2_72hpf_roi4/perf					1
Aang_Foundation	20250918_mem-mito	Aang_Foundation/20250918_mem-mito/fish2_72hpf_roi4/scriptcheater					2
Aang_Foundation	20250918_mem-mito	Aang_Foundation/20250918_mem-mito/fish3_72hpf_roi1/AFFFT					2
Aang_Foundation	20250918_mem-mito	Aang_Foundation/20250918_mem-mito/fish3_72hpf_roi1/DSH1					5
Aang_Foundation	20250918_mem-mito	Aang_Foundation/20250918_mem-mito/fish3_72hpf_roi1/Logs					1
Aang_Foundation	20250918_mem-mito	Aang_Foundation/20250918_mem-mito/fish3_72hpf_roi1/perf					1
Aang_Foundation	20250918_mem-mito	Aang_Foundation/20250918_mem-mito/fish3_72hpf_roi1/scriptcheater					2
Aang_Foundation	20250918_mem-mito	Aang_Foundation/20250918_mem-mito/fish3_72hpf_roi10/AFFFT					2
Aang_Foundation	20250918_mem-mito	Aang_Foundation/20250918_mem-mito/fish3_72hpf_roi10/DSH1					5
Aang_Foundation	20250918_mem-mito	Aang_Foundation/20250918_mem-mito/fish3_72hpf_roi10/Logs					1
Aang_Foundation	20250918_mem-mito	Aang_Foundation/20250918_mem-mito/fish3_72hpf_roi10/perf					1
Aang_Foundation	20250918_mem-mito	Aang_Foundation/20250918_mem-mito/fish3_72hpf_roi10/scriptcheater					2
Aang_Foundation	20250918_mem-mito	Aang_Foundation/20250918_mem-mito/fish3_72hpf_roi11/AFFFT					2
Aang_Foundation	20250918_mem-mito	Aang_Foundation/20250918_mem-mito/fish3_72hpf_roi11/DSH1					5
Aang_Foundation	20250918_mem-mito	Aang_Foundation/20250918_mem-mito/fish3_72hpf_roi11/Logs					1
Aang_Foundation	20250918_mem-mito	Aang_Foundation/20250918_mem-mito/fish3_72hpf_roi11/perf					1
Aang_Foundation	20250918_mem-mito	Aang_Foundation/20250918_mem-mito/fish3_72hpf_roi11/scriptcheater					2
Aang_Foundation	20250918_mem-mito	Aang_Foundation/20250918_mem-mito/fish3_72hpf_roi2/AFFFT					2
Aang_Foundation	20250918_mem-mito	Aang_Foundation/20250918_mem-mito/fish3_72hpf_roi2/DSH1					5
Aang_Foundation	20250918_mem-mito	Aang_Foundation/20250918_mem-mito/fish3_72hpf_roi2/Logs					1
Aang_Foundation	20250918_mem-mito	Aang_Foundation/20250918_mem-mito/fish3_72hpf_roi2/perf					1
Aang_Foundation	20250918_mem-mito	Aang_Foundation/20250918_mem-mito/fish3_72hpf_roi2/scriptcheater					2
Aang_Foundation	20250918_mem-mito	Aang_Foundation/20250918_mem-mito/fish3_72hpf_roi3/AFFFT					2
Aang_Foundation	20250918_mem-mito	Aang_Foundation/20250918_mem-mito/fish3_72hpf_roi3/DSH1					5
Aang_Foundation	20250918_mem-mito	Aang_Foundation/20250918_mem-mito/fish3_72hpf_roi3/Logs					1
Aang_Foundation	20250918_mem-mito	Aang_Foundation/20250918_mem-mito/fish3_72hpf_roi3/perf					1
Aang_Foundation	20250918_mem-mito	Aang_Foundation/20250918_mem-mito/fish3_72hpf_roi3/scriptcheater					2
Aang_Foundation	20250918_mem-mito	Aang_Foundation/20250918_mem-mito/fish3_72hpf_roi4/AFFFT					2
Aang_Foundation	20250918_mem-mito	Aang_Foundation/20250918_mem-mito/fish3_72hpf_roi4/DSH1					5
Aang_Foundation	20250918_mem-mito	Aang_Foundation/20250918_mem-mito/fish3_72hpf_roi4/Logs					1
Aang_Foundation	20250918_mem-mito	Aang_Foundation/20250918_mem-mito/fish3_72hpf_roi4/perf					1
Aang_Foundation	20250918_mem-mito	Aang_Foundation/20250918_mem-mito/fish3_72hpf_roi4/scriptcheater					2
Aang_Foundation	20250918_mem-mito	Aang_Foundation/20250918_mem-mito/fish3_72hpf_roi5/AFFFT					2
Aang_Foundation	20250918_mem-mito	Aang_Foundation/20250918_mem-mito/fish3_72hpf_roi5/DSH1					5
Aang_Foundation	20250918_mem-mito	Aang_Foundation/20250918_mem-mito/fish3_72hpf_roi5/LVScripts					1
Aang_Foundation	20250918_mem-mito	Aang_Foundation/20250918_mem-mito/fish3_72hpf_roi5/Logs					1
Aang_Foundation	20250918_mem-mito	Aang_Foundation/20250918_mem-mito/fish3_72hpf_roi5/perf					1
Aang_Foundation	20250918_mem-mito	Aang_Foundation/20250918_mem-mito/fish3_72hpf_roi5/scriptcheater					2
Aang_Foundation	20250918_mem-mito	Aang_Foundation/20250918_mem-mito/fish3_72hpf_roi6/AFFFT					2
Aang_Foundation	20250918_mem-mito	Aang_Foundation/20250918_mem-mito/fish3_72hpf_roi6/DSH1					5
Aang_Foundation	20250918_mem-mito	Aang_Foundation/20250918_mem-mito/fish3_72hpf_roi6/Logs					1
Aang_Foundation	20250918_mem-mito	Aang_Foundation/20250918_mem-mito/fish3_72hpf_roi6/perf					1
Aang_Foundation	20250918_mem-mito	Aang_Foundation/20250918_mem-mito/fish3_72hpf_roi6/scriptcheater					2
Aang_Foundation	20250918_mem-mito	Aang_Foundation/20250918_mem-mito/fish3_72hpf_roi7/AFFFT					2
Aang_Foundation	20250918_mem-mito	Aang_Foundation/20250918_mem-mito/fish3_72hpf_roi7/DSH1					5
Aang_Foundation	20250918_mem-mito	Aang_Foundation/20250918_mem-mito/fish3_72hpf_roi7/Logs					1
Aang_Foundation	20250918_mem-mito	Aang_Foundation/20250918_mem-mito/fish3_72hpf_roi7/perf					1
Aang_Foundation	20250918_mem-mito	Aang_Foundation/20250918_mem-mito/fish3_72hpf_roi7/scriptcheater					2
Aang_Foundation	20250918_mem-mito	Aang_Foundation/20250918_mem-mito/fish3_72hpf_roi8/AFFFT					2
Aang_Foundation	20250918_mem-mito	Aang_Foundation/20250918_mem-mito/fish3_72hpf_roi8/DSH1					5
Aang_Foundation	20250918_mem-mito	Aang_Foundation/20250918_mem-mito/fish3_72hpf_roi8/Logs					1
Aang_Foundation	20250918_mem-mito	Aang_Foundation/20250918_mem-mito/fish3_72hpf_roi8/perf					1
Aang_Foundation	20250918_mem-mito	Aang_Foundation/20250918_mem-mito/fish3_72hpf_roi8/scriptcheater					2
Aang_Foundation	20250918_mem-mito	Aang_Foundation/20250918_mem-mito/fish3_72hpf_roi9/AFFFT					2
Aang_Foundation	20250918_mem-mito	Aang_Foundation/20250918_mem-mito/fish3_72hpf_roi9/DSH1					5
Aang_Foundation	20250918_mem-mito	Aang_Foundation/20250918_mem-mito/fish3_72hpf_roi9/Logs					1
Aang_Foundation	20250918_mem-mito	Aang_Foundation/20250918_mem-mito/fish3_72hpf_roi9/perf					1
Aang_Foundation	20250918_mem-mito	Aang_Foundation/20250918_mem-mito/fish3_72hpf_roi9/scriptcheater					2
Aang_Foundation	20250918_mem-mito	Aang_Foundation/20250918_mem-mito/fish5_72hpf_roi1/AFFFT					2
Aang_Foundation	20250918_mem-mito	Aang_Foundation/20250918_mem-mito/fish5_72hpf_roi1/DSH1					5
Aang_Foundation	20250918_mem-mito	Aang_Foundation/20250918_mem-mito/fish5_72hpf_roi1/Logs					1
Aang_Foundation	20250918_mem-mito	Aang_Foundation/20250918_mem-mito/fish5_72hpf_roi1/perf					1
Aang_Foundation	20250918_mem-mito	Aang_Foundation/20250918_mem-mito/fish5_72hpf_roi1/scriptcheater					2
Aang_Foundation	20250918_mem-mito	Aang_Foundation/20250918_mem-mito/fish5_72hpf_roi2/AFFFT					2
Aang_Foundation	20250918_mem-mito	Aang_Foundation/20250918_mem-mito/fish5_72hpf_roi2/DSH1					5
Aang_Foundation	20250918_mem-mito	Aang_Foundation/20250918_mem-mito/fish5_72hpf_roi2/Logs					1
Aang_Foundation	20250918_mem-mito	Aang_Foundation/20250918_mem-mito/fish5_72hpf_roi2/perf					1
Aang_Foundation	20250918_mem-mito	Aang_Foundation/20250918_mem-mito/fish5_72hpf_roi2/scriptcheater					2
Aang_Foundation	20250918_mem-mito	Aang_Foundation/20250918_mem-mito/fish5_72hpf_roi3/AFFFT					2
Aang_Foundation	20250918_mem-mito	Aang_Foundation/20250918_mem-mito/fish5_72hpf_roi3/DSH1					5
Aang_Foundation	20250918_mem-mito	Aang_Foundation/20250918_mem-mito/fish5_72hpf_roi3/Logs					1
Aang_Foundation	20250918_mem-mito	Aang_Foundation/20250918_mem-mito/fish5_72hpf_roi3/perf					1
Aang_Foundation	20250918_mem-mito	Aang_Foundation/20250918_mem-mito/fish5_72hpf_roi3/scriptcheater					2
Aang_Foundation	20250918_mem-mito	Aang_Foundation/20250918_mem-mito/fish5_72hpf_roi4/AFFFT					2
Aang_Foundation	20250918_mem-mito	Aang_Foundation/20250918_mem-mito/fish5_72hpf_roi4/DSH1					5
Aang_Foundation	20250918_mem-mito	Aang_Foundation/20250918_mem-mito/fish5_72hpf_roi4/Logs					1
Aang_Foundation	20250918_mem-mito	Aang_Foundation/20250918_mem-mito/fish5_72hpf_roi4/perf					1
Aang_Foundation	20250918_mem-mito	Aang_Foundation/20250918_mem-mito/fish5_72hpf_roi4/scriptcheater					2
Aang_Foundation	20250918_mem-mito	Aang_Foundation/20250918_mem-mito/fish6_72hpf_roi1/AFFFT					2
Aang_Foundation	20250918_mem-mito	Aang_Foundation/20250918_mem-mito/fish6_72hpf_roi1/DSH1					5
Aang_Foundation	20250918_mem-mito	Aang_Foundation/20250918_mem-mito/fish6_72hpf_roi1/Logs					1
Aang_Foundation	20250918_mem-mito	Aang_Foundation/20250918_mem-mito/fish6_72hpf_roi1/perf					1
Aang_Foundation	20250918_mem-mito	Aang_Foundation/20250918_mem-mito/fish6_72hpf_roi1/scriptcheater					2
Aang_Foundation	20250919_mem-mito	Aang_Foundation/20250919_mem-mito/fish1_24hpf_roi1/AFFFT					2
Aang_Foundation	20250919_mem-mito	Aang_Foundation/20250919_mem-mito/fish1_24hpf_roi1/DSH1					5
Aang_Foundation	20250919_mem-mito	Aang_Foundation/20250919_mem-mito/fish1_24hpf_roi1/LVScripts					1
Aang_Foundation	20250919_mem-mito	Aang_Foundation/20250919_mem-mito/fish1_24hpf_roi1/Logs					1
Aang_Foundation	20250919_mem-mito	Aang_Foundation/20250919_mem-mito/fish1_24hpf_roi1/perf					1
Aang_Foundation	20250919_mem-mito	Aang_Foundation/20250919_mem-mito/fish1_24hpf_roi1/scriptcheater					2
Aang_Foundation	20250919_mem-mito	Aang_Foundation/20250919_mem-mito/fish1_24hpf_roi2/AFFFT					2
Aang_Foundation	20250919_mem-mito	Aang_Foundation/20250919_mem-mito/fish1_24hpf_roi2/DSH1					5
Aang_Foundation	20250919_mem-mito	Aang_Foundation/20250919_mem-mito/fish1_24hpf_roi2/LVScripts					1
Aang_Foundation	20250919_mem-mito	Aang_Foundation/20250919_mem-mito/fish1_24hpf_roi2/Logs					1
Aang_Foundation	20250919_mem-mito	Aang_Foundation/20250919_mem-mito/fish1_24hpf_roi2/perf					1
Aang_Foundation	20250919_mem-mito	Aang_Foundation/20250919_mem-mito/fish1_24hpf_roi2/scriptcheater					2
Aang_Foundation	20250919_mem-mito	Aang_Foundation/20250919_mem-mito/fish1_24hpf_roi3/AFFFT					2
Aang_Foundation	20250919_mem-mito	Aang_Foundation/20250919_mem-mito/fish1_24hpf_roi3/DSH1					5
Aang_Foundation	20250919_mem-mito	Aang_Foundation/20250919_mem-mito/fish1_24hpf_roi3/Logs					1
Aang_Foundation	20250919_mem-mito	Aang_Foundation/20250919_mem-mito/fish1_24hpf_roi3/perf					1
Aang_Foundation	20250919_mem-mito	Aang_Foundation/20250919_mem-mito/fish1_24hpf_roi3/scriptcheater					2
Aang_Foundation	20250919_mem-mito	Aang_Foundation/20250919_mem-mito/fish2_24hpf_roi1/AFFFT					2
Aang_Foundation	20250919_mem-mito	Aang_Foundation/20250919_mem-mito/fish2_24hpf_roi1/DSH1					5
Aang_Foundation	20250919_mem-mito	Aang_Foundation/20250919_mem-mito/fish2_24hpf_roi1/Logs					1
Aang_Foundation	20250919_mem-mito	Aang_Foundation/20250919_mem-mito/fish2_24hpf_roi1/perf					1
Aang_Foundation	20250919_mem-mito	Aang_Foundation/20250919_mem-mito/fish2_24hpf_roi1/scriptcheater					2
Aang_Foundation	20250919_mem-mito	Aang_Foundation/20250919_mem-mito/fish2_24hpf_roi2/AFFFT					2
Aang_Foundation	20250919_mem-mito	Aang_Foundation/20250919_mem-mito/fish2_24hpf_roi2/DSH1					5
Aang_Foundation	20250919_mem-mito	Aang_Foundation/20250919_mem-mito/fish2_24hpf_roi2/Logs					1
Aang_Foundation	20250919_mem-mito	Aang_Foundation/20250919_mem-mito/fish2_24hpf_roi2/perf					1
Aang_Foundation	20250919_mem-mito	Aang_Foundation/20250919_mem-mito/fish2_24hpf_roi2/scriptcheater					2
Aang_Foundation	20250919_mem-mito	Aang_Foundation/20250919_mem-mito/fish2_24hpf_roi3/AFFFT					2
Aang_Foundation	20250919_mem-mito	Aang_Foundation/20250919_mem-mito/fish2_24hpf_roi3/DSH1					5
Aang_Foundation	20250919_mem-mito	Aang_Foundation/20250919_mem-mito/fish2_24hpf_roi3/Logs					1
Aang_Foundation	20250919_mem-mito	Aang_Foundation/20250919_mem-mito/fish2_24hpf_roi3/perf					1
Aang_Foundation	20250919_mem-mito	Aang_Foundation/20250919_mem-mito/fish2_24hpf_roi3/scriptcheater					2
Aang_Foundation	20250919_mem-mito	Aang_Foundation/20250919_mem-mito/fish4_24hpf_roi1/AFFFT					2
Aang_Foundation	20250919_mem-mito	Aang_Foundation/20250919_mem-mito/fish4_24hpf_roi1/Logs					1
Aang_Foundation	20250919_mem-mito	Aang_Foundation/20250919_mem-mito/fish4_24hpf_roi1/perf					1
Aang_Foundation	20250919_mem-mito	Aang_Foundation/20250919_mem-mito/fish4_24hpf_roi1/scriptcheater					2
Aang_Foundation	20250919_mem-mito	Aang_Foundation/20250919_mem-mito/fish4_24hpf_roi2/AFFFT					2
Aang_Foundation	20250919_mem-mito	Aang_Foundation/20250919_mem-mito/fish4_24hpf_roi2/Logs					1
Aang_Foundation	20250919_mem-mito	Aang_Foundation/20250919_mem-mito/fish4_24hpf_roi2/perf					1
Aang_Foundation	20250919_mem-mito	Aang_Foundation/20250919_mem-mito/fish4_24hpf_roi2/scriptcheater					2
Aang_Foundation	20250919_mem-mito	Aang_Foundation/20250919_mem-mito/fish4_24hpf_roi3/AFFFT					2
Aang_Foundation	20250919_mem-mito	Aang_Foundation/20250919_mem-mito/fish4_24hpf_roi3/Logs					1
Aang_Foundation	20250919_mem-mito	Aang_Foundation/20250919_mem-mito/fish4_24hpf_roi3/perf					1
Aang_Foundation	20250919_mem-mito	Aang_Foundation/20250919_mem-mito/fish4_24hpf_roi3/scriptcheater					2
Aang_Foundation	20250919_mem-mito	Aang_Foundation/20250919_mem-mito/fish5_24hpf_roi1/AFFFT					2
Aang_Foundation	20250919_mem-mito	Aang_Foundation/20250919_mem-mito/fish5_24hpf_roi1/Logs					1
Aang_Foundation	20250919_mem-mito	Aang_Foundation/20250919_mem-mito/fish5_24hpf_roi1/perf					1
Aang_Foundation	20250919_mem-mito	Aang_Foundation/20250919_mem-mito/fish5_24hpf_roi1/scriptcheater					2
Aang_Foundation	20250919_mem-mito	Aang_Foundation/20250919_mem-mito/fish5_24hpf_roi2/AFFFT					2
Aang_Foundation	20250919_mem-mito	Aang_Foundation/20250919_mem-mito/fish5_24hpf_roi2/LVScripts					1
Aang_Foundation	20250919_mem-mito	Aang_Foundation/20250919_mem-mito/fish5_24hpf_roi2/Logs					1
Aang_Foundation	20250919_mem-mito	Aang_Foundation/20250919_mem-mito/fish5_24hpf_roi2/perf					1
Aang_Foundation	20250919_mem-mito	Aang_Foundation/20250919_mem-mito/fish5_24hpf_roi2/scriptcheater					2
Aang_Foundation	20250919_mem-mito	Aang_Foundation/20250919_mem-mito/fish5_24hpf_roi3/AFFFT					2
Aang_Foundation	20250919_mem-mito	Aang_Foundation/20250919_mem-mito/fish5_24hpf_roi3/LVScripts					1
Aang_Foundation	20250919_mem-mito	Aang_Foundation/20250919_mem-mito/fish5_24hpf_roi3/Logs					1
Aang_Foundation	20250919_mem-mito	Aang_Foundation/20250919_mem-mito/fish5_24hpf_roi3/perf					1
Aang_Foundation	20250919_mem-mito	Aang_Foundation/20250919_mem-mito/fish5_24hpf_roi3/scriptcheater					2
Aang_Foundation	20250919_mem-mito	Aang_Foundation/20250919_mem-mito/fish5_24hpf_roi4/AFFFT					2
Aang_Foundation	20250919_mem-mito	Aang_Foundation/20250919_mem-mito/fish5_24hpf_roi4/Logs					1
Aang_Foundation	20250919_mem-mito	Aang_Foundation/20250919_mem-mito/fish5_24hpf_roi4/perf					1
Aang_Foundation	20250919_mem-mito	Aang_Foundation/20250919_mem-mito/fish5_24hpf_roi4/scriptcheater					2
Aang_Foundation	20250919_mem-mito	Aang_Foundation/20250919_mem-mito/fish7_24hpf_roi1/AFFFT					2
Aang_Foundation	20250919_mem-mito	Aang_Foundation/20250919_mem-mito/fish7_24hpf_roi1/LVScripts					1
Aang_Foundation	20250919_mem-mito	Aang_Foundation/20250919_mem-mito/fish7_24hpf_roi1/Logs					1
Aang_Foundation	20250919_mem-mito	Aang_Foundation/20250919_mem-mito/fish7_24hpf_roi1/perf					1
Aang_Foundation	20250919_mem-mito	Aang_Foundation/20250919_mem-mito/fish7_24hpf_roi1/scriptcheater					2
Aang_Foundation	20250919_mem-mito	Aang_Foundation/20250919_mem-mito/fish7_24hpf_roi2/AFFFT					2
Aang_Foundation	20250919_mem-mito	Aang_Foundation/20250919_mem-mito/fish7_24hpf_roi2/Logs					1
Aang_Foundation	20250919_mem-mito	Aang_Foundation/20250919_mem-mito/fish7_24hpf_roi2/perf					1
Aang_Foundation	20250919_mem-mito	Aang_Foundation/20250919_mem-mito/fish7_24hpf_roi2/scriptcheater					2
Aang_Foundation	20250919_mem-mito	Aang_Foundation/20250919_mem-mito/fish7_24hpf_roi3/AFFFT					2
Aang_Foundation	20250919_mem-mito	Aang_Foundation/20250919_mem-mito/fish7_24hpf_roi3/Logs					1
Aang_Foundation	20250919_mem-mito	Aang_Foundation/20250919_mem-mito/fish7_24hpf_roi3/perf					1
Aang_Foundation	20250919_mem-mito	Aang_Foundation/20250919_mem-mito/fish7_24hpf_roi3/scriptcheater					2
Aang_Foundation	20250919_mem-mito	Aang_Foundation/20250919_mem-mito/fish7_24hpf_roi4/AFFFT					2
Aang_Foundation	20250919_mem-mito	Aang_Foundation/20250919_mem-mito/fish7_24hpf_roi4/Logs					1
Aang_Foundation	20250919_mem-mito	Aang_Foundation/20250919_mem-mito/fish7_24hpf_roi4/perf					1
Aang_Foundation	20250919_mem-mito	Aang_Foundation/20250919_mem-mito/fish7_24hpf_roi4/scriptcheater					2
Aang_Foundation	20250919_mem-mito	Aang_Foundation/20250919_mem-mito/fish7_24hpf_roi5/AFFFT					2
Aang_Foundation	20250919_mem-mito	Aang_Foundation/20250919_mem-mito/fish7_24hpf_roi5/Logs					1
Aang_Foundation	20250919_mem-mito	Aang_Foundation/20250919_mem-mito/fish7_24hpf_roi5/perf					1
Aang_Foundation	20250919_mem-mito	Aang_Foundation/20250919_mem-mito/fish7_24hpf_roi5/scriptcheater					2
Aang_Foundation	20250919_mem-mito	Aang_Foundation/20250919_mem-mito/fish8_24hpf_roi1/AFFFT					2
Aang_Foundation	20250919_mem-mito	Aang_Foundation/20250919_mem-mito/fish8_24hpf_roi1/Logs					1
Aang_Foundation	20250919_mem-mito	Aang_Foundation/20250919_mem-mito/fish8_24hpf_roi1/perf					1
Aang_Foundation	20250919_mem-mito	Aang_Foundation/20250919_mem-mito/fish8_24hpf_roi1/scriptcheater					2
Aang_Foundation	20250919_mem-mito	Aang_Foundation/20250919_mem-mito/fish8_24hpf_roi2/AFFFT					2
Aang_Foundation	20250919_mem-mito	Aang_Foundation/20250919_mem-mito/fish8_24hpf_roi2/Logs					1
Aang_Foundation	20250919_mem-mito	Aang_Foundation/20250919_mem-mito/fish8_24hpf_roi2/perf					1
Aang_Foundation	20250919_mem-mito	Aang_Foundation/20250919_mem-mito/fish8_24hpf_roi2/scriptcheater					2
Aang_Foundation	20250919_mem-mito	Aang_Foundation/20250919_mem-mito/fish8_24hpf_roi3/AFFFT					2
Aang_Foundation	20250919_mem-mito	Aang_Foundation/20250919_mem-mito/fish8_24hpf_roi3/Logs					1
Aang_Foundation	20250919_mem-mito	Aang_Foundation/20250919_mem-mito/fish8_24hpf_roi3/perf					1
Aang_Foundation	20250919_mem-mito	Aang_Foundation/20250919_mem-mito/fish8_24hpf_roi3/scriptcheater					2
Aang_Foundation	20250919_mem-mito	Aang_Foundation/20250919_mem-mito/fish8_24hpf_roi4/AFFFT					2
Aang_Foundation	20250919_mem-mito	Aang_Foundation/20250919_mem-mito/fish8_24hpf_roi4/Logs					1
Aang_Foundation	20250919_mem-mito	Aang_Foundation/20250919_mem-mito/fish8_24hpf_roi4/perf					1
Aang_Foundation	20250919_mem-mito	Aang_Foundation/20250919_mem-mito/fish8_24hpf_roi4/scriptcheater					2
Aang_Foundation	20250919_mem-mito	Aang_Foundation/20250919_mem-mito/fish8_24hpf_roi5/AFFFT					2
Aang_Foundation	20250919_mem-mito	Aang_Foundation/20250919_mem-mito/fish8_24hpf_roi5/Errors					1
Aang_Foundation	20250919_mem-mito	Aang_Foundation/20250919_mem-mito/fish8_24hpf_roi5/LVScripts					1
Aang_Foundation	20250919_mem-mito	Aang_Foundation/20250919_mem-mito/fish8_24hpf_roi5/Logs					1
Aang_Foundation	20250919_mem-mito	Aang_Foundation/20250919_mem-mito/fish8_24hpf_roi5/perf					1
Aang_Foundation	20250919_mem-mito	Aang_Foundation/20250919_mem-mito/fish8_24hpf_roi5/scriptcheater					2
Aang_Foundation	20250922_mem-mito	Aang_Foundation/20250922_mem-mito/fish1_72hpf_roi1/AFFFT					2
Aang_Foundation	20250922_mem-mito	Aang_Foundation/20250922_mem-mito/fish1_72hpf_roi1/DSH1					5
Aang_Foundation	20250922_mem-mito	Aang_Foundation/20250922_mem-mito/fish1_72hpf_roi1/LVScripts					1
Aang_Foundation	20250922_mem-mito	Aang_Foundation/20250922_mem-mito/fish1_72hpf_roi1/Logs					1
Aang_Foundation	20250922_mem-mito	Aang_Foundation/20250922_mem-mito/fish1_72hpf_roi1/perf					1
Aang_Foundation	20250922_mem-mito	Aang_Foundation/20250922_mem-mito/fish1_72hpf_roi1/scriptcheater					2
Aang_Foundation	20250922_mem-mito	Aang_Foundation/20250922_mem-mito/fish1_72hpf_roi2/AFFFT					2
Aang_Foundation	20250922_mem-mito	Aang_Foundation/20250922_mem-mito/fish1_72hpf_roi2/DSH1					5
Aang_Foundation	20250922_mem-mito	Aang_Foundation/20250922_mem-mito/fish1_72hpf_roi2/LVScripts					1
Aang_Foundation	20250922_mem-mito	Aang_Foundation/20250922_mem-mito/fish1_72hpf_roi2/Logs					1
Aang_Foundation	20250922_mem-mito	Aang_Foundation/20250922_mem-mito/fish1_72hpf_roi2/perf					1
Aang_Foundation	20250922_mem-mito	Aang_Foundation/20250922_mem-mito/fish1_72hpf_roi2/scriptcheater					2
Aang_Foundation	20250922_mem-mito	Aang_Foundation/20250922_mem-mito/fish1_72hpf_roi3/AFFFT					2
Aang_Foundation	20250922_mem-mito	Aang_Foundation/20250922_mem-mito/fish1_72hpf_roi3/DSH1					5
Aang_Foundation	20250922_mem-mito	Aang_Foundation/20250922_mem-mito/fish1_72hpf_roi3/Logs					1
Aang_Foundation	20250922_mem-mito	Aang_Foundation/20250922_mem-mito/fish1_72hpf_roi3/perf					1
Aang_Foundation	20250922_mem-mito	Aang_Foundation/20250922_mem-mito/fish1_72hpf_roi3/scriptcheater					2
Aang_Foundation	20250922_mem-mito	Aang_Foundation/20250922_mem-mito/fish1_72hpf_roi4/AFFFT					2
Aang_Foundation	20250922_mem-mito	Aang_Foundation/20250922_mem-mito/fish1_72hpf_roi4/DSH1					5
Aang_Foundation	20250922_mem-mito	Aang_Foundation/20250922_mem-mito/fish1_72hpf_roi4/Logs					1
Aang_Foundation	20250922_mem-mito	Aang_Foundation/20250922_mem-mito/fish1_72hpf_roi4/perf					1
Aang_Foundation	20250922_mem-mito	Aang_Foundation/20250922_mem-mito/fish1_72hpf_roi4/scriptcheater					2
Aang_Foundation	20250922_mem-mito	Aang_Foundation/20250922_mem-mito/fish1_72hpf_roi5/AFFFT					2
Aang_Foundation	20250922_mem-mito	Aang_Foundation/20250922_mem-mito/fish1_72hpf_roi5/DSH1					5
Aang_Foundation	20250922_mem-mito	Aang_Foundation/20250922_mem-mito/fish1_72hpf_roi5/Logs					1
Aang_Foundation	20250922_mem-mito	Aang_Foundation/20250922_mem-mito/fish1_72hpf_roi5/perf					1
Aang_Foundation	20250922_mem-mito	Aang_Foundation/20250922_mem-mito/fish1_72hpf_roi5/scriptcheater					2
Aang_Foundation	20250922_mem-mito	Aang_Foundation/20250922_mem-mito/fish1_72hpf_roi6/AFFFT					2
Aang_Foundation	20250922_mem-mito	Aang_Foundation/20250922_mem-mito/fish1_72hpf_roi6/DSH1					5
Aang_Foundation	20250922_mem-mito	Aang_Foundation/20250922_mem-mito/fish1_72hpf_roi6/LVScripts					1
Aang_Foundation	20250922_mem-mito	Aang_Foundation/20250922_mem-mito/fish1_72hpf_roi6/Logs					1
Aang_Foundation	20250922_mem-mito	Aang_Foundation/20250922_mem-mito/fish1_72hpf_roi6/perf					1
Aang_Foundation	20250922_mem-mito	Aang_Foundation/20250922_mem-mito/fish1_72hpf_roi6/scriptcheater					2
Aang_Foundation	20250922_mem-mito	Aang_Foundation/20250922_mem-mito/fish1_72hpf_roi7/AFFFT					2
Aang_Foundation	20250922_mem-mito	Aang_Foundation/20250922_mem-mito/fish1_72hpf_roi7/DSH1					5
Aang_Foundation	20250922_mem-mito	Aang_Foundation/20250922_mem-mito/fish1_72hpf_roi7/Logs					1
Aang_Foundation	20250922_mem-mito	Aang_Foundation/20250922_mem-mito/fish1_72hpf_roi7/perf					1
Aang_Foundation	20250922_mem-mito	Aang_Foundation/20250922_mem-mito/fish1_72hpf_roi7/scriptcheater					2
Aang_Foundation	20250922_mem-mito	Aang_Foundation/20250922_mem-mito/fish1_72hpf_roi8/AFFFT					2
Aang_Foundation	20250922_mem-mito	Aang_Foundation/20250922_mem-mito/fish1_72hpf_roi8/DSH1					5
Aang_Foundation	20250922_mem-mito	Aang_Foundation/20250922_mem-mito/fish1_72hpf_roi8/Logs					1
Aang_Foundation	20250922_mem-mito	Aang_Foundation/20250922_mem-mito/fish1_72hpf_roi8/perf					1
Aang_Foundation	20250922_mem-mito	Aang_Foundation/20250922_mem-mito/fish1_72hpf_roi8/scriptcheater					2
Aang_Foundation	20250922_mem-mito	Aang_Foundation/20250922_mem-mito/fish2_72hpf_roi1/AFFFT					2
Aang_Foundation	20250922_mem-mito	Aang_Foundation/20250922_mem-mito/fish2_72hpf_roi1/LVScripts					1
Aang_Foundation	20250922_mem-mito	Aang_Foundation/20250922_mem-mito/fish2_72hpf_roi1/Logs					1
Aang_Foundation	20250922_mem-mito	Aang_Foundation/20250922_mem-mito/fish2_72hpf_roi1/perf					1
Aang_Foundation	20250922_mem-mito	Aang_Foundation/20250922_mem-mito/fish2_72hpf_roi1/scriptcheater					2
Aang_Foundation	20250922_mem-mito	Aang_Foundation/20250922_mem-mito/fish2_72hpf_roi2/AFFFT					2
Aang_Foundation	20250922_mem-mito	Aang_Foundation/20250922_mem-mito/fish2_72hpf_roi2/Logs					1
Aang_Foundation	20250922_mem-mito	Aang_Foundation/20250922_mem-mito/fish2_72hpf_roi2/perf					1
Aang_Foundation	20250922_mem-mito	Aang_Foundation/20250922_mem-mito/fish2_72hpf_roi2/scriptcheater					2
Aang_Foundation	20250922_mem-mito	Aang_Foundation/20250922_mem-mito/fish2_72hpf_roi3/AFFFT					2
Aang_Foundation	20250922_mem-mito	Aang_Foundation/20250922_mem-mito/fish2_72hpf_roi3/Logs					1
Aang_Foundation	20250922_mem-mito	Aang_Foundation/20250922_mem-mito/fish2_72hpf_roi3/perf					1
Aang_Foundation	20250922_mem-mito	Aang_Foundation/20250922_mem-mito/fish2_72hpf_roi3/scriptcheater					2
Aang_Foundation	20250922_mem-mito	Aang_Foundation/20250922_mem-mito/fish2_72hpf_roi4/AFFFT					2
Aang_Foundation	20250922_mem-mito	Aang_Foundation/20250922_mem-mito/fish2_72hpf_roi4/Logs					1
Aang_Foundation	20250922_mem-mito	Aang_Foundation/20250922_mem-mito/fish2_72hpf_roi4/perf					1
Aang_Foundation	20250922_mem-mito	Aang_Foundation/20250922_mem-mito/fish2_72hpf_roi4/scriptcheater					2
Aang_Foundation	20250922_mem-mito	Aang_Foundation/20250922_mem-mito/fish4_72hpf_roi1/AFFFT					2
Aang_Foundation	20250922_mem-mito	Aang_Foundation/20250922_mem-mito/fish4_72hpf_roi1/Logs					1
Aang_Foundation	20250922_mem-mito	Aang_Foundation/20250922_mem-mito/fish4_72hpf_roi1/perf					1
Aang_Foundation	20250922_mem-mito	Aang_Foundation/20250922_mem-mito/fish4_72hpf_roi1/scriptcheater					2
Aang_Foundation	20250922_mem-mito	Aang_Foundation/20250922_mem-mito/fish4_72hpf_roi2/AFFFT					2
Aang_Foundation	20250922_mem-mito	Aang_Foundation/20250922_mem-mito/fish4_72hpf_roi2/LVScripts					1
Aang_Foundation	20250922_mem-mito	Aang_Foundation/20250922_mem-mito/fish4_72hpf_roi2/Logs					1
Aang_Foundation	20250922_mem-mito	Aang_Foundation/20250922_mem-mito/fish5_72hpf_roi1/AFFFT					2
Aang_Foundation	20250922_mem-mito	Aang_Foundation/20250922_mem-mito/fish5_72hpf_roi1/LVScripts					1
Aang_Foundation	20250922_mem-mito	Aang_Foundation/20250922_mem-mito/fish5_72hpf_roi1/Logs					1
Aang_Foundation	20250922_mem-mito	Aang_Foundation/20250922_mem-mito/fish5_72hpf_roi1/perf					1
Aang_Foundation	20250922_mem-mito	Aang_Foundation/20250922_mem-mito/fish5_72hpf_roi1/scriptcheater					2
Aang_Foundation	20250922_mem-mito	Aang_Foundation/20250922_mem-mito/fish5_72hpf_roi2/AFFFT					2
Aang_Foundation	20250922_mem-mito	Aang_Foundation/20250922_mem-mito/fish5_72hpf_roi2/Logs					1
Aang_Foundation	20250922_mem-mito	Aang_Foundation/20250922_mem-mito/fish5_72hpf_roi2/perf					1
Aang_Foundation	20250922_mem-mito	Aang_Foundation/20250922_mem-mito/fish5_72hpf_roi2/scriptcheater					2
Aang_Foundation	20250922_mem-mito	Aang_Foundation/20250922_mem-mito/fish5_72hpf_roi3/AFFFT					2
Aang_Foundation	20250922_mem-mito	Aang_Foundation/20250922_mem-mito/fish5_72hpf_roi3/Logs					1
Aang_Foundation	20250922_mem-mito	Aang_Foundation/20250922_mem-mito/fish5_72hpf_roi3/perf					1
Aang_Foundation	20250922_mem-mito	Aang_Foundation/20250922_mem-mito/fish5_72hpf_roi3/scriptcheater					2
Aang_Foundation	20250922_mem-mito	Aang_Foundation/20250922_mem-mito/fish5_72hpf_roi4/AFFFT					2
Aang_Foundation	20250922_mem-mito	Aang_Foundation/20250922_mem-mito/fish5_72hpf_roi4/Logs					1
Aang_Foundation	20250922_mem-mito	Aang_Foundation/20250922_mem-mito/fish5_72hpf_roi4/perf					1
Aang_Foundation	20250922_mem-mito	Aang_Foundation/20250922_mem-mito/fish5_72hpf_roi4/scriptcheater					2
Aang_Foundation	20250923_AO_recalib	Aang_Foundation/20250923_AO_recalib/DSH1/DM_PNG					1
Aang_Foundation	20250923_AO_recalib	Aang_Foundation/20250923_AO_recalib/DSH1/DSH_PNG					1
Aang_Foundation	20250923_AO_recalib	Aang_Foundation/20250923_AO_recalib/DSH1/DSH_Wavefront_TIF					1
Aang_Foundation	20250923_AO_recalib	Aang_Foundation/20250923_AO_recalib/DSH1/perf					1
Aang_Foundation	20250924_mem-mito	Aang_Foundation/20250924_mem-mito/fish1_24hpf_roi1/AFFFT					2
Aang_Foundation	20250924_mem-mito	Aang_Foundation/20250924_mem-mito/fish1_24hpf_roi1/DSH1					5
Aang_Foundation	20250924_mem-mito	Aang_Foundation/20250924_mem-mito/fish1_24hpf_roi1/LVScripts					1
Aang_Foundation	20250924_mem-mito	Aang_Foundation/20250924_mem-mito/fish1_24hpf_roi1/Logs					1
Aang_Foundation	20250924_mem-mito	Aang_Foundation/20250924_mem-mito/fish1_24hpf_roi1/perf					1
Aang_Foundation	20250924_mem-mito	Aang_Foundation/20250924_mem-mito/fish1_24hpf_roi1/scriptcheater					2
Aang_Foundation	20250924_mem-mito	Aang_Foundation/20250924_mem-mito/fish1_24hpf_roi2/AFFFT					2
Aang_Foundation	20250924_mem-mito	Aang_Foundation/20250924_mem-mito/fish1_24hpf_roi2/DSH1					5
Aang_Foundation	20250924_mem-mito	Aang_Foundation/20250924_mem-mito/fish1_24hpf_roi2/Logs					1
Aang_Foundation	20250924_mem-mito	Aang_Foundation/20250924_mem-mito/fish1_24hpf_roi2/perf					1
Aang_Foundation	20250924_mem-mito	Aang_Foundation/20250924_mem-mito/fish1_24hpf_roi2/scriptcheater					2
Aang_Foundation	20250924_mem-mito	Aang_Foundation/20250924_mem-mito/fish1_24hpf_roi3/AFFFT					2
Aang_Foundation	20250924_mem-mito	Aang_Foundation/20250924_mem-mito/fish1_24hpf_roi3/DSH1					5
Aang_Foundation	20250924_mem-mito	Aang_Foundation/20250924_mem-mito/fish1_24hpf_roi3/Logs					1
Aang_Foundation	20250924_mem-mito	Aang_Foundation/20250924_mem-mito/fish1_24hpf_roi3/perf					1
Aang_Foundation	20250924_mem-mito	Aang_Foundation/20250924_mem-mito/fish1_24hpf_roi3/scriptcheater					2
Aang_Foundation	20250924_mem-mito	Aang_Foundation/20250924_mem-mito/fish1_24hpf_roi4/AFFFT					2
Aang_Foundation	20250924_mem-mito	Aang_Foundation/20250924_mem-mito/fish1_24hpf_roi4/DSH1					5
Aang_Foundation	20250924_mem-mito	Aang_Foundation/20250924_mem-mito/fish1_24hpf_roi4/LVScripts					1
Aang_Foundation	20250924_mem-mito	Aang_Foundation/20250924_mem-mito/fish1_24hpf_roi4/Logs					1
Aang_Foundation	20250924_mem-mito	Aang_Foundation/20250924_mem-mito/fish1_24hpf_roi4/perf					1
Aang_Foundation	20250924_mem-mito	Aang_Foundation/20250924_mem-mito/fish1_24hpf_roi4/scriptcheater					2
Aang_Foundation	20250924_mem-mito	Aang_Foundation/20250924_mem-mito/fish1_24hpf_roi5/AFFFT					2
Aang_Foundation	20250924_mem-mito	Aang_Foundation/20250924_mem-mito/fish1_24hpf_roi5/DSH1					5
Aang_Foundation	20250924_mem-mito	Aang_Foundation/20250924_mem-mito/fish1_24hpf_roi5/LVScripts					1
Aang_Foundation	20250924_mem-mito	Aang_Foundation/20250924_mem-mito/fish1_24hpf_roi5/Logs					1
Aang_Foundation	20250924_mem-mito	Aang_Foundation/20250924_mem-mito/fish1_24hpf_roi5/perf					1
Aang_Foundation	20250924_mem-mito	Aang_Foundation/20250924_mem-mito/fish1_24hpf_roi5/scriptcheater					2
Aang_Foundation	20250924_mem-mito	Aang_Foundation/20250924_mem-mito/fish1_24hpf_roi6/AFFFT					2
Aang_Foundation	20250924_mem-mito	Aang_Foundation/20250924_mem-mito/fish1_24hpf_roi6/DSH1					5
Aang_Foundation	20250924_mem-mito	Aang_Foundation/20250924_mem-mito/fish1_24hpf_roi6/LVScripts					1
Aang_Foundation	20250924_mem-mito	Aang_Foundation/20250924_mem-mito/fish1_24hpf_roi6/Logs					1
Aang_Foundation	20250924_mem-mito	Aang_Foundation/20250924_mem-mito/fish1_24hpf_roi6/perf					1
Aang_Foundation	20250924_mem-mito	Aang_Foundation/20250924_mem-mito/fish1_24hpf_roi6/scriptcheater					2
Aang_Foundation	20250924_mem-mito	Aang_Foundation/20250924_mem-mito/fish2_24hpf_roi1/AFFFT					2
Aang_Foundation	20250924_mem-mito	Aang_Foundation/20250924_mem-mito/fish2_24hpf_roi1/DSH1					5
Aang_Foundation	20250924_mem-mito	Aang_Foundation/20250924_mem-mito/fish2_24hpf_roi1/Logs					1
Aang_Foundation	20250924_mem-mito	Aang_Foundation/20250924_mem-mito/fish2_24hpf_roi1/perf					1
Aang_Foundation	20250924_mem-mito	Aang_Foundation/20250924_mem-mito/fish2_24hpf_roi1/scriptcheater					2
Aang_Foundation	20250924_mem-mito	Aang_Foundation/20250924_mem-mito/fish2_24hpf_roi2/AFFFT					2
Aang_Foundation	20250924_mem-mito	Aang_Foundation/20250924_mem-mito/fish2_24hpf_roi2/DSH1					5
Aang_Foundation	20250924_mem-mito	Aang_Foundation/20250924_mem-mito/fish2_24hpf_roi2/Logs					1
Aang_Foundation	20250924_mem-mito	Aang_Foundation/20250924_mem-mito/fish2_24hpf_roi2/perf					1
Aang_Foundation	20250924_mem-mito	Aang_Foundation/20250924_mem-mito/fish2_24hpf_roi2/scriptcheater					2
Aang_Foundation	20250924_mem-mito	Aang_Foundation/20250924_mem-mito/fish3_24hpf_roi1/AFFFT					2
Aang_Foundation	20250924_mem-mito	Aang_Foundation/20250924_mem-mito/fish3_24hpf_roi1/DSH1					5
Aang_Foundation	20250924_mem-mito	Aang_Foundation/20250924_mem-mito/fish3_24hpf_roi1/LVScripts					1
Aang_Foundation	20250924_mem-mito	Aang_Foundation/20250924_mem-mito/fish3_24hpf_roi1/Logs					1
Aang_Foundation	20250924_mem-mito	Aang_Foundation/20250924_mem-mito/fish3_24hpf_roi1/perf					1
Aang_Foundation	20250924_mem-mito	Aang_Foundation/20250924_mem-mito/fish3_24hpf_roi1/scriptcheater					2
Aang_Foundation	20250924_mem-mito	Aang_Foundation/20250924_mem-mito/fish3_24hpf_roi1_test/AFFFT					2
Aang_Foundation	20250924_mem-mito	Aang_Foundation/20250924_mem-mito/fish3_24hpf_roi1_test/DSH1					5
Aang_Foundation	20250924_mem-mito	Aang_Foundation/20250924_mem-mito/fish3_24hpf_roi1_test/LVScripts					1
Aang_Foundation	20250924_mem-mito	Aang_Foundation/20250924_mem-mito/fish3_24hpf_roi1_test/Logs					1
Aang_Foundation	20250924_mem-mito	Aang_Foundation/20250924_mem-mito/fish3_24hpf_roi1_test/perf					1
Aang_Foundation	20250924_mem-mito	Aang_Foundation/20250924_mem-mito/fish3_24hpf_roi1_test/scriptcheater					2
Aang_Foundation	20250924_mem-mito	Aang_Foundation/20250924_mem-mito/fish3_24hpf_roi3/AFFFT					2
Aang_Foundation	20250924_mem-mito	Aang_Foundation/20250924_mem-mito/fish3_24hpf_roi3/DSH1					5
Aang_Foundation	20250924_mem-mito	Aang_Foundation/20250924_mem-mito/fish3_24hpf_roi3/Logs					1
Aang_Foundation	20250924_mem-mito	Aang_Foundation/20250924_mem-mito/fish3_24hpf_roi3/perf					1
Aang_Foundation	20250924_mem-mito	Aang_Foundation/20250924_mem-mito/fish3_24hpf_roi3/scriptcheater					2
Aang_Foundation	20250924_mem-mito	Aang_Foundation/20250924_mem-mito/fish3_24hpf_roi4/AFFFT					2
Aang_Foundation	20250924_mem-mito	Aang_Foundation/20250924_mem-mito/fish3_24hpf_roi4/DSH1					5
Aang_Foundation	20250924_mem-mito	Aang_Foundation/20250924_mem-mito/fish3_24hpf_roi4/Logs					1
Aang_Foundation	20250924_mem-mito	Aang_Foundation/20250924_mem-mito/fish3_24hpf_roi4/perf					1
Aang_Foundation	20250924_mem-mito	Aang_Foundation/20250924_mem-mito/fish3_24hpf_roi4/scriptcheater					2
Aang_Foundation	20250924_mem-mito	Aang_Foundation/20250924_mem-mito/fish3_24hpf_roi5/AFFFT					2
Aang_Foundation	20250924_mem-mito	Aang_Foundation/20250924_mem-mito/fish3_24hpf_roi5/DSH1					5
Aang_Foundation	20250924_mem-mito	Aang_Foundation/20250924_mem-mito/fish3_24hpf_roi5/Logs					1
Aang_Foundation	20250924_mem-mito	Aang_Foundation/20250924_mem-mito/fish3_24hpf_roi5/perf					1
Aang_Foundation	20250924_mem-mito	Aang_Foundation/20250924_mem-mito/fish3_24hpf_roi5/scriptcheater					2
Aang_Foundation	20250924_mem-mito	Aang_Foundation/20250924_mem-mito/fish3_24hpf_roi6/AFFFT					2
Aang_Foundation	20250924_mem-mito	Aang_Foundation/20250924_mem-mito/fish3_24hpf_roi6/DSH1					5
Aang_Foundation	20250924_mem-mito	Aang_Foundation/20250924_mem-mito/fish3_24hpf_roi6/Logs					1
Aang_Foundation	20250924_mem-mito	Aang_Foundation/20250924_mem-mito/fish3_24hpf_roi6/perf					1
Aang_Foundation	20250924_mem-mito	Aang_Foundation/20250924_mem-mito/fish3_24hpf_roi6/scriptcheater					2
Aang_Foundation	20250924_mem-mito	Aang_Foundation/20250924_mem-mito/fish3_24hpf_roi7/AFFFT					2
Aang_Foundation	20250924_mem-mito	Aang_Foundation/20250924_mem-mito/fish3_24hpf_roi7/DSH1					5
Aang_Foundation	20250924_mem-mito	Aang_Foundation/20250924_mem-mito/fish3_24hpf_roi7/Logs					1
Aang_Foundation	20250924_mem-mito	Aang_Foundation/20250924_mem-mito/fish3_24hpf_roi7/perf					1
Aang_Foundation	20250924_mem-mito	Aang_Foundation/20250924_mem-mito/fish3_24hpf_roi7/scriptcheater					2
Aang_Foundation	20250924_mem-mito	Aang_Foundation/20250924_mem-mito/fish4_24hpf_roi1/AFFFT					2
Aang_Foundation	20250924_mem-mito	Aang_Foundation/20250924_mem-mito/fish4_24hpf_roi1/DSH1					5
Aang_Foundation	20250924_mem-mito	Aang_Foundation/20250924_mem-mito/fish4_24hpf_roi1/LVScripts					1
Aang_Foundation	20250924_mem-mito	Aang_Foundation/20250924_mem-mito/fish4_24hpf_roi1/Logs					1
Aang_Foundation	20250924_mem-mito	Aang_Foundation/20250924_mem-mito/fish4_24hpf_roi1/perf					1
Aang_Foundation	20250924_mem-mito	Aang_Foundation/20250924_mem-mito/fish4_24hpf_roi1/scriptcheater					2
Aang_Foundation	20250924_mem-mito	Aang_Foundation/20250924_mem-mito/fish4_24hpf_roi2/AFFFT					2
Aang_Foundation	20250924_mem-mito	Aang_Foundation/20250924_mem-mito/fish4_24hpf_roi2/DSH1					5
Aang_Foundation	20250924_mem-mito	Aang_Foundation/20250924_mem-mito/fish4_24hpf_roi2/Logs					1
Aang_Foundation	20250924_mem-mito	Aang_Foundation/20250924_mem-mito/fish4_24hpf_roi2/perf					1
Aang_Foundation	20250924_mem-mito	Aang_Foundation/20250924_mem-mito/fish4_24hpf_roi2/scriptcheater					2
Aang_Foundation	20250924_mem-mito	Aang_Foundation/20250924_mem-mito/fish4_24hpf_roi3/AFFFT					2
Aang_Foundation	20250924_mem-mito	Aang_Foundation/20250924_mem-mito/fish4_24hpf_roi3/DSH1					5
Aang_Foundation	20250924_mem-mito	Aang_Foundation/20250924_mem-mito/fish4_24hpf_roi3/LVScripts					1
Aang_Foundation	20250924_mem-mito	Aang_Foundation/20250924_mem-mito/fish4_24hpf_roi3/Logs					1
Aang_Foundation	20250924_mem-mito	Aang_Foundation/20250924_mem-mito/fish4_24hpf_roi3/perf					1
Aang_Foundation	20250924_mem-mito	Aang_Foundation/20250924_mem-mito/fish4_24hpf_roi3/scriptcheater					2
Aang_Foundation	20250925_mem-mito	Aang_Foundation/20250925_mem-mito/fish1_48hpf_roi1/AFFFT					2
Aang_Foundation	20250925_mem-mito	Aang_Foundation/20250925_mem-mito/fish1_48hpf_roi1/DSH1					5
Aang_Foundation	20250925_mem-mito	Aang_Foundation/20250925_mem-mito/fish1_48hpf_roi1/LVScripts					1
Aang_Foundation	20250925_mem-mito	Aang_Foundation/20250925_mem-mito/fish1_48hpf_roi1/Logs					1
Aang_Foundation	20250925_mem-mito	Aang_Foundation/20250925_mem-mito/fish1_48hpf_roi1/perf					1
Aang_Foundation	20250925_mem-mito	Aang_Foundation/20250925_mem-mito/fish1_48hpf_roi1/scriptcheater					2
Aang_Foundation	20250925_mem-mito	Aang_Foundation/20250925_mem-mito/fish1_48hpf_roi2/AFFFT					2
Aang_Foundation	20250925_mem-mito	Aang_Foundation/20250925_mem-mito/fish1_48hpf_roi2/DSH1					5
Aang_Foundation	20250925_mem-mito	Aang_Foundation/20250925_mem-mito/fish1_48hpf_roi2/LVScripts					1
Aang_Foundation	20250925_mem-mito	Aang_Foundation/20250925_mem-mito/fish1_48hpf_roi2/Logs					1
Aang_Foundation	20250925_mem-mito	Aang_Foundation/20250925_mem-mito/fish1_48hpf_roi2/perf					1
Aang_Foundation	20250925_mem-mito	Aang_Foundation/20250925_mem-mito/fish1_48hpf_roi2/scriptcheater					2
Aang_Foundation	20250925_mem-mito	Aang_Foundation/20250925_mem-mito/fish1_48hpf_roi3/AFFFT					2
Aang_Foundation	20250925_mem-mito	Aang_Foundation/20250925_mem-mito/fish1_48hpf_roi3/DSH1					5
Aang_Foundation	20250925_mem-mito	Aang_Foundation/20250925_mem-mito/fish1_48hpf_roi3/Logs					1
Aang_Foundation	20250925_mem-mito	Aang_Foundation/20250925_mem-mito/fish1_48hpf_roi3/perf					1
Aang_Foundation	20250925_mem-mito	Aang_Foundation/20250925_mem-mito/fish1_48hpf_roi3/scriptcheater					2
Aang_Foundation	20250925_mem-mito	Aang_Foundation/20250925_mem-mito/fish3_48hpf_roi1/AFFFT					2
Aang_Foundation	20250925_mem-mito	Aang_Foundation/20250925_mem-mito/fish3_48hpf_roi1/DSH1					5
Aang_Foundation	20250925_mem-mito	Aang_Foundation/20250925_mem-mito/fish3_48hpf_roi1/LVScripts					1
Aang_Foundation	20250925_mem-mito	Aang_Foundation/20250925_mem-mito/fish3_48hpf_roi1/Logs					1
Aang_Foundation	20250925_mem-mito	Aang_Foundation/20250925_mem-mito/fish3_48hpf_roi1/perf					1
Aang_Foundation	20250925_mem-mito	Aang_Foundation/20250925_mem-mito/fish3_48hpf_roi1/scriptcheater					2
Aang_Foundation	20250925_mem-mito	Aang_Foundation/20250925_mem-mito/fish3_48hpf_roi2/AFFFT					2
Aang_Foundation	20250925_mem-mito	Aang_Foundation/20250925_mem-mito/fish3_48hpf_roi2/DSH1					5
Aang_Foundation	20250925_mem-mito	Aang_Foundation/20250925_mem-mito/fish3_48hpf_roi2/Logs					1
Aang_Foundation	20250925_mem-mito	Aang_Foundation/20250925_mem-mito/fish3_48hpf_roi2/perf					1
Aang_Foundation	20250925_mem-mito	Aang_Foundation/20250925_mem-mito/fish3_48hpf_roi2/scriptcheater					2
Aang_Foundation	20250925_mem-mito	Aang_Foundation/20250925_mem-mito/fish3_48hpf_roi3/AFFFT					2
Aang_Foundation	20250925_mem-mito	Aang_Foundation/20250925_mem-mito/fish3_48hpf_roi3/DSH1					5
Aang_Foundation	20250925_mem-mito	Aang_Foundation/20250925_mem-mito/fish3_48hpf_roi3/Logs					1
Aang_Foundation	20250925_mem-mito	Aang_Foundation/20250925_mem-mito/fish3_48hpf_roi3/perf					1
Aang_Foundation	20250925_mem-mito	Aang_Foundation/20250925_mem-mito/fish3_48hpf_roi3/scriptcheater					2
Aang_Foundation	20250925_mem-mito	Aang_Foundation/20250925_mem-mito/fish3_48hpf_roi4/AFFFT					2
Aang_Foundation	20250925_mem-mito	Aang_Foundation/20250925_mem-mito/fish3_48hpf_roi4/DSH1					5
Aang_Foundation	20250925_mem-mito	Aang_Foundation/20250925_mem-mito/fish3_48hpf_roi4/Logs					1
Aang_Foundation	20250925_mem-mito	Aang_Foundation/20250925_mem-mito/fish3_48hpf_roi4/perf					1
Aang_Foundation	20250925_mem-mito	Aang_Foundation/20250925_mem-mito/fish3_48hpf_roi4/scriptcheater					2
Aang_Foundation	20250926_mem-mito	Aang_Foundation/20250926_mem-mito/fish1_48hpf_roi1/AFFFT					2
Aang_Foundation	20250926_mem-mito	Aang_Foundation/20250926_mem-mito/fish1_48hpf_roi1/DSH1					5
Aang_Foundation	20250926_mem-mito	Aang_Foundation/20250926_mem-mito/fish1_48hpf_roi1/LVScripts					1
Aang_Foundation	20250926_mem-mito	Aang_Foundation/20250926_mem-mito/fish1_48hpf_roi1/Logs					1
Aang_Foundation	20250926_mem-mito	Aang_Foundation/20250926_mem-mito/fish1_48hpf_roi1/perf					1
Aang_Foundation	20250926_mem-mito	Aang_Foundation/20250926_mem-mito/fish1_48hpf_roi1/scriptcheater					2
Aang_Foundation	20250926_mem-mito	Aang_Foundation/20250926_mem-mito/fish1_48hpf_roi2/AFFFT					2
Aang_Foundation	20250926_mem-mito	Aang_Foundation/20250926_mem-mito/fish1_48hpf_roi2/DSH1					5
Aang_Foundation	20250926_mem-mito	Aang_Foundation/20250926_mem-mito/fish1_48hpf_roi2/LVScripts					1
Aang_Foundation	20250926_mem-mito	Aang_Foundation/20250926_mem-mito/fish1_48hpf_roi2/Logs					1
Aang_Foundation	20250926_mem-mito	Aang_Foundation/20250926_mem-mito/fish1_48hpf_roi2/perf					1
Aang_Foundation	20250926_mem-mito	Aang_Foundation/20250926_mem-mito/fish1_48hpf_roi2/scriptcheater					2
Aang_Foundation	20250926_mem-mito	Aang_Foundation/20250926_mem-mito/fish1_48hpf_roi3/AFFFT					2
Aang_Foundation	20250926_mem-mito	Aang_Foundation/20250926_mem-mito/fish1_48hpf_roi3/DSH1					5
Aang_Foundation	20250926_mem-mito	Aang_Foundation/20250926_mem-mito/fish1_48hpf_roi3/LVScripts					1
Aang_Foundation	20250926_mem-mito	Aang_Foundation/20250926_mem-mito/fish1_48hpf_roi3/Logs					1
Aang_Foundation	20250926_mem-mito	Aang_Foundation/20250926_mem-mito/fish1_48hpf_roi3/perf					1
Aang_Foundation	20250926_mem-mito	Aang_Foundation/20250926_mem-mito/fish1_48hpf_roi3/scriptcheater					2
Aang_Foundation	20250926_mem-mito	Aang_Foundation/20250926_mem-mito/fish1_48hpf_roi4/AFFFT					2
Aang_Foundation	20250926_mem-mito	Aang_Foundation/20250926_mem-mito/fish1_48hpf_roi4/DSH1					5
Aang_Foundation	20250926_mem-mito	Aang_Foundation/20250926_mem-mito/fish1_48hpf_roi4/Logs					1
Aang_Foundation	20250926_mem-mito	Aang_Foundation/20250926_mem-mito/fish1_48hpf_roi4/perf					1
Aang_Foundation	20250926_mem-mito	Aang_Foundation/20250926_mem-mito/fish1_48hpf_roi4/scriptcheater					2
Aang_Foundation	20250926_mem-mito	Aang_Foundation/20250926_mem-mito/fish2_48hpf_roi1/AFFFT					2
Aang_Foundation	20250926_mem-mito	Aang_Foundation/20250926_mem-mito/fish2_48hpf_roi1/DSH1					5
Aang_Foundation	20250926_mem-mito	Aang_Foundation/20250926_mem-mito/fish2_48hpf_roi1/LVScripts					1
Aang_Foundation	20250926_mem-mito	Aang_Foundation/20250926_mem-mito/fish2_48hpf_roi1/Logs					1
Aang_Foundation	20250926_mem-mito	Aang_Foundation/20250926_mem-mito/fish2_48hpf_roi1/perf					1
Aang_Foundation	20250926_mem-mito	Aang_Foundation/20250926_mem-mito/fish2_48hpf_roi1/scriptcheater					2
Aang_Foundation	20250926_mem-mito	Aang_Foundation/20250926_mem-mito/fish2_48hpf_roi2/AFFFT					2
Aang_Foundation	20250926_mem-mito	Aang_Foundation/20250926_mem-mito/fish2_48hpf_roi2/DSH1					5
Aang_Foundation	20250926_mem-mito	Aang_Foundation/20250926_mem-mito/fish2_48hpf_roi2/LVScripts					1
Aang_Foundation	20250926_mem-mito	Aang_Foundation/20250926_mem-mito/fish2_48hpf_roi2/Logs					1
Aang_Foundation	20250926_mem-mito	Aang_Foundation/20250926_mem-mito/fish2_48hpf_roi2/perf					1
Aang_Foundation	20250926_mem-mito	Aang_Foundation/20250926_mem-mito/fish2_48hpf_roi2/scriptcheater					2
Aang_Foundation	20250926_mem-mito	Aang_Foundation/20250926_mem-mito/fish2_48hpf_roi3/AFFFT					2
Aang_Foundation	20250926_mem-mito	Aang_Foundation/20250926_mem-mito/fish2_48hpf_roi3/DSH1					5
Aang_Foundation	20250926_mem-mito	Aang_Foundation/20250926_mem-mito/fish2_48hpf_roi3/Logs					1
Aang_Foundation	20250926_mem-mito	Aang_Foundation/20250926_mem-mito/fish2_48hpf_roi3/perf					1
Aang_Foundation	20250926_mem-mito	Aang_Foundation/20250926_mem-mito/fish2_48hpf_roi3/scriptcheater					2
Aang_Foundation	20250926_mem-mito	Aang_Foundation/20250926_mem-mito/fish2_48hpf_roi4/AFFFT					2
Aang_Foundation	20250926_mem-mito	Aang_Foundation/20250926_mem-mito/fish2_48hpf_roi4/DSH1					5
Aang_Foundation	20250926_mem-mito	Aang_Foundation/20250926_mem-mito/fish2_48hpf_roi4/Logs					1
Aang_Foundation	20250926_mem-mito	Aang_Foundation/20250926_mem-mito/fish2_48hpf_roi4/perf					1
Aang_Foundation	20250926_mem-mito	Aang_Foundation/20250926_mem-mito/fish2_48hpf_roi4/scriptcheater					2
Aang_Foundation	20250926_mem-mito	Aang_Foundation/20250926_mem-mito/fish3_48hpf_roi1/AFFFT					2
Aang_Foundation	20250926_mem-mito	Aang_Foundation/20250926_mem-mito/fish3_48hpf_roi1/DSH1					5
Aang_Foundation	20250926_mem-mito	Aang_Foundation/20250926_mem-mito/fish3_48hpf_roi1/LVScripts					1
Aang_Foundation	20250926_mem-mito	Aang_Foundation/20250926_mem-mito/fish3_48hpf_roi1/Logs					1
Aang_Foundation	20250926_mem-mito	Aang_Foundation/20250926_mem-mito/fish3_48hpf_roi1/perf					1
Aang_Foundation	20250926_mem-mito	Aang_Foundation/20250926_mem-mito/fish3_48hpf_roi1/scriptcheater					2
Aang_Foundation	20250926_mem-mito	Aang_Foundation/20250926_mem-mito/fish3_48hpf_roi2/AFFFT					2
Aang_Foundation	20250926_mem-mito	Aang_Foundation/20250926_mem-mito/fish3_48hpf_roi2/DSH1					5
Aang_Foundation	20250926_mem-mito	Aang_Foundation/20250926_mem-mito/fish3_48hpf_roi2/Logs					1
Aang_Foundation	20250926_mem-mito	Aang_Foundation/20250926_mem-mito/fish3_48hpf_roi2/perf					1
Aang_Foundation	20250926_mem-mito	Aang_Foundation/20250926_mem-mito/fish3_48hpf_roi2/scriptcheater					2
Aang_Foundation	20250926_mem-mito	Aang_Foundation/20250926_mem-mito/fish3_48hpf_roi3/AFFFT					2
Aang_Foundation	20250926_mem-mito	Aang_Foundation/20250926_mem-mito/fish3_48hpf_roi3/DSH1					5
Aang_Foundation	20250926_mem-mito	Aang_Foundation/20250926_mem-mito/fish3_48hpf_roi3/Logs					1
Aang_Foundation	20250926_mem-mito	Aang_Foundation/20250926_mem-mito/fish3_48hpf_roi3/perf					1
Aang_Foundation	20250926_mem-mito	Aang_Foundation/20250926_mem-mito/fish3_48hpf_roi3/scriptcheater					2
Aang_Foundation	20250926_mem-mito	Aang_Foundation/20250926_mem-mito/fish3_48hpf_roi4/AFFFT					2
Aang_Foundation	20250926_mem-mito	Aang_Foundation/20250926_mem-mito/fish3_48hpf_roi4/DSH1					5
Aang_Foundation	20250926_mem-mito	Aang_Foundation/20250926_mem-mito/fish3_48hpf_roi4/Logs					1
Aang_Foundation	20250926_mem-mito	Aang_Foundation/20250926_mem-mito/fish3_48hpf_roi4/perf					1
Aang_Foundation	20250926_mem-mito	Aang_Foundation/20250926_mem-mito/fish3_48hpf_roi4/scriptcheater					2
Aang_Foundation	20250926_mem-mito	Aang_Foundation/20250926_mem-mito/fish_48hpf_roi1/AFFFT					2
Aang_Foundation	20250926_mem-mito	Aang_Foundation/20250926_mem-mito/fish_48hpf_roi1/DSH1					5
Aang_Foundation	20250926_mem-mito	Aang_Foundation/20250926_mem-mito/fish_48hpf_roi1/LVScripts					1
Aang_Foundation	20250926_mem-mito	Aang_Foundation/20250926_mem-mito/fish_48hpf_roi1/Logs					1
Aang_Foundation	20250926_mem-mito	Aang_Foundation/20250926_mem-mito/fish_48hpf_roi1/perf					1
Aang_Foundation	20250926_mem-mito	Aang_Foundation/20250926_mem-mito/fish_48hpf_roi1/scriptcheater					2
Aang_Foundation	20250926_mem-mito	Aang_Foundation/20250926_mem-mito/fish_48hpf_roi2/AFFFT					2
Aang_Foundation	20250926_mem-mito	Aang_Foundation/20250926_mem-mito/fish_48hpf_roi2/DSH1					5
Aang_Foundation	20250926_mem-mito	Aang_Foundation/20250926_mem-mito/fish_48hpf_roi2/Logs					1
Aang_Foundation	20250926_mem-mito	Aang_Foundation/20250926_mem-mito/fish_48hpf_roi2/perf					1
Aang_Foundation	20250926_mem-mito	Aang_Foundation/20250926_mem-mito/fish_48hpf_roi2/scriptcheater					2
Aang_Foundation	20250926_mem-mito	Aang_Foundation/20250926_mem-mito/fish_48hpf_roi3/AFFFT					2
Aang_Foundation	20250926_mem-mito	Aang_Foundation/20250926_mem-mito/fish_48hpf_roi3/DSH1					5
Aang_Foundation	20250926_mem-mito	Aang_Foundation/20250926_mem-mito/fish_48hpf_roi3/Logs					1
Aang_Foundation	20250926_mem-mito	Aang_Foundation/20250926_mem-mito/fish_48hpf_roi3/perf					1
Aang_Foundation	20250926_mem-mito	Aang_Foundation/20250926_mem-mito/fish_48hpf_roi3/scriptcheater					2
Aang_Foundation	20250926_mem-mito	Aang_Foundation/20250926_mem-mito/fish_48hpf_roi4/AFFFT					2
Aang_Foundation	20250926_mem-mito	Aang_Foundation/20250926_mem-mito/fish_48hpf_roi4/DSH1					5
Aang_Foundation	20250926_mem-mito	Aang_Foundation/20250926_mem-mito/fish_48hpf_roi4/Errors					1
Aang_Foundation	20250926_mem-mito	Aang_Foundation/20250926_mem-mito/fish_48hpf_roi4/LVScripts					1
Aang_Foundation	20250926_mem-mito	Aang_Foundation/20250926_mem-mito/fish_48hpf_roi4/Logs					1
Aang_Foundation	20250926_mem-mito	Aang_Foundation/20250926_mem-mito/fish_48hpf_roi4/perf					1
Aang_Foundation	20250926_mem-mito	Aang_Foundation/20250926_mem-mito/fish_48hpf_roi4/scriptcheater					2
Aang_Foundation	20251001_mem-histone	Aang_Foundation/20251001_mem-histone/fish1_24hpf_roi1/AFFFT					2
Aang_Foundation	20251001_mem-histone	Aang_Foundation/20251001_mem-histone/fish1_24hpf_roi1/DSH1					5
Aang_Foundation	20251001_mem-histone	Aang_Foundation/20251001_mem-histone/fish1_24hpf_roi1/LVScripts					1
Aang_Foundation	20251001_mem-histone	Aang_Foundation/20251001_mem-histone/fish1_24hpf_roi1/Logs					1
Aang_Foundation	20251001_mem-histone	Aang_Foundation/20251001_mem-histone/fish1_24hpf_roi1/perf					1
Aang_Foundation	20251001_mem-histone	Aang_Foundation/20251001_mem-histone/fish1_24hpf_roi2/AFFFT					2
Aang_Foundation	20251001_mem-histone	Aang_Foundation/20251001_mem-histone/fish1_24hpf_roi2/DSH1					5
Aang_Foundation	20251001_mem-histone	Aang_Foundation/20251001_mem-histone/fish1_24hpf_roi2/LVScripts					1
Aang_Foundation	20251001_mem-histone	Aang_Foundation/20251001_mem-histone/fish1_24hpf_roi2/Logs					1
Aang_Foundation	20251001_mem-histone	Aang_Foundation/20251001_mem-histone/fish1_24hpf_roi2/perf					1
Aang_Foundation	20251001_mem-histone	Aang_Foundation/20251001_mem-histone/fish2_24hpf_roi1/AFFFT					2
Aang_Foundation	20251001_mem-histone	Aang_Foundation/20251001_mem-histone/fish2_24hpf_roi1/DSH1					5
Aang_Foundation	20251001_mem-histone	Aang_Foundation/20251001_mem-histone/fish2_24hpf_roi1/LVScripts					1
Aang_Foundation	20251001_mem-histone	Aang_Foundation/20251001_mem-histone/fish2_24hpf_roi1/Logs					1
Aang_Foundation	20251001_mem-histone	Aang_Foundation/20251001_mem-histone/fish2_24hpf_roi1/perf					1
Aang_Foundation	20251001_mem-histone	Aang_Foundation/20251001_mem-histone/fish2_24hpf_roi2/AFFFT					2
Aang_Foundation	20251001_mem-histone	Aang_Foundation/20251001_mem-histone/fish2_24hpf_roi2/DSH1					5
Aang_Foundation	20251001_mem-histone	Aang_Foundation/20251001_mem-histone/fish2_24hpf_roi2/Logs					1
Aang_Foundation	20251001_mem-histone	Aang_Foundation/20251001_mem-histone/fish2_24hpf_roi2/perf					1
Aang_Foundation	20251001_mem-histone	Aang_Foundation/20251001_mem-histone/fish2_24hpf_roi3/AFFFT					2
Aang_Foundation	20251001_mem-histone	Aang_Foundation/20251001_mem-histone/fish2_24hpf_roi3/DSH1					5
Aang_Foundation	20251001_mem-histone	Aang_Foundation/20251001_mem-histone/fish2_24hpf_roi3/Logs					1
Aang_Foundation	20251001_mem-histone	Aang_Foundation/20251001_mem-histone/fish2_24hpf_roi3/perf					1
Aang_Foundation	20251001_mem-histone	Aang_Foundation/20251001_mem-histone/fish4_24hpf_roi1/AFFFT					2
Aang_Foundation	20251001_mem-histone	Aang_Foundation/20251001_mem-histone/fish4_24hpf_roi1/DSH1					5
Aang_Foundation	20251001_mem-histone	Aang_Foundation/20251001_mem-histone/fish4_24hpf_roi1/Logs					1
Aang_Foundation	20251001_mem-histone	Aang_Foundation/20251001_mem-histone/fish4_24hpf_roi1/perf					1
Aang_Foundation	20251001_mem-histone	Aang_Foundation/20251001_mem-histone/fish4_24hpf_roi2/AFFFT					2
Aang_Foundation	20251001_mem-histone	Aang_Foundation/20251001_mem-histone/fish4_24hpf_roi2/DSH1					5
Aang_Foundation	20251001_mem-histone	Aang_Foundation/20251001_mem-histone/fish4_24hpf_roi2/Logs					1
Aang_Foundation	20251001_mem-histone	Aang_Foundation/20251001_mem-histone/fish4_24hpf_roi2/perf					1
Aang_Foundation	20251001_mem-histone	Aang_Foundation/20251001_mem-histone/fish5_24hpf_roi1/AFFFT					2
Aang_Foundation	20251001_mem-histone	Aang_Foundation/20251001_mem-histone/fish5_24hpf_roi1/DSH1					5
Aang_Foundation	20251001_mem-histone	Aang_Foundation/20251001_mem-histone/fish5_24hpf_roi1/Logs					1
Aang_Foundation	20251001_mem-histone	Aang_Foundation/20251001_mem-histone/fish5_24hpf_roi1/perf					1
Aang_Foundation	20251001_mem-histone	Aang_Foundation/20251001_mem-histone/fish5_24hpf_roi2/AFFFT					2
Aang_Foundation	20251001_mem-histone	Aang_Foundation/20251001_mem-histone/fish5_24hpf_roi2/DSH1					5
Aang_Foundation	20251001_mem-histone	Aang_Foundation/20251001_mem-histone/fish5_24hpf_roi2/Logs					1
Aang_Foundation	20251001_mem-histone	Aang_Foundation/20251001_mem-histone/fish5_24hpf_roi2/perf					1
Aang_Foundation	20251001_mem-histone	Aang_Foundation/20251001_mem-histone/fish5_24hpf_roi3/AFFFT					2
Aang_Foundation	20251001_mem-histone	Aang_Foundation/20251001_mem-histone/fish5_24hpf_roi3/DSH1					5
Aang_Foundation	20251001_mem-histone	Aang_Foundation/20251001_mem-histone/fish5_24hpf_roi3/Logs					1
Aang_Foundation	20251001_mem-histone	Aang_Foundation/20251001_mem-histone/fish5_24hpf_roi3/perf					1
Aang_Foundation	20251001_mem-histone	Aang_Foundation/20251001_mem-histone/fish5_24hpf_roi4/AFFFT					2
Aang_Foundation	20251001_mem-histone	Aang_Foundation/20251001_mem-histone/fish5_24hpf_roi4/DSH1					5
Aang_Foundation	20251001_mem-histone	Aang_Foundation/20251001_mem-histone/fish5_24hpf_roi4/Logs					1
Aang_Foundation	20251001_mem-histone	Aang_Foundation/20251001_mem-histone/fish5_24hpf_roi4/perf					1
Aang_Foundation	20251002_mem_mito	Aang_Foundation/20251002_mem_mito/fish10_24hpf_roi1/AFFFT					2
Aang_Foundation	20251002_mem_mito	Aang_Foundation/20251002_mem_mito/fish10_24hpf_roi1/DSH1					5
Aang_Foundation	20251002_mem_mito	Aang_Foundation/20251002_mem_mito/fish10_24hpf_roi1/LVScripts					1
Aang_Foundation	20251002_mem_mito	Aang_Foundation/20251002_mem_mito/fish10_24hpf_roi1/Logs					1
Aang_Foundation	20251002_mem_mito	Aang_Foundation/20251002_mem_mito/fish10_24hpf_roi1/dummy					2
Aang_Foundation	20251002_mem_mito	Aang_Foundation/20251002_mem_mito/fish10_24hpf_roi1/perf					1
Aang_Foundation	20251002_mem_mito	Aang_Foundation/20251002_mem_mito/fish10_24hpf_roi2/AFFFT					2
Aang_Foundation	20251002_mem_mito	Aang_Foundation/20251002_mem_mito/fish10_24hpf_roi2/DSH1					5
Aang_Foundation	20251002_mem_mito	Aang_Foundation/20251002_mem_mito/fish10_24hpf_roi2/Logs					1
Aang_Foundation	20251002_mem_mito	Aang_Foundation/20251002_mem_mito/fish10_24hpf_roi2/dummy					2
Aang_Foundation	20251002_mem_mito	Aang_Foundation/20251002_mem_mito/fish10_24hpf_roi2/perf					1
Aang_Foundation	20251002_mem_mito	Aang_Foundation/20251002_mem_mito/fish11_24hpf_roi1/AFFFT					2
Aang_Foundation	20251002_mem_mito	Aang_Foundation/20251002_mem_mito/fish11_24hpf_roi1/DSH1					5
Aang_Foundation	20251002_mem_mito	Aang_Foundation/20251002_mem_mito/fish11_24hpf_roi1/LVScripts					1
Aang_Foundation	20251002_mem_mito	Aang_Foundation/20251002_mem_mito/fish11_24hpf_roi1/Logs					1
Aang_Foundation	20251002_mem_mito	Aang_Foundation/20251002_mem_mito/fish11_24hpf_roi1/dummy					2
Aang_Foundation	20251002_mem_mito	Aang_Foundation/20251002_mem_mito/fish11_24hpf_roi1/perf					1
Aang_Foundation	20251002_mem_mito	Aang_Foundation/20251002_mem_mito/fish11_24hpf_roi2/AFFFT					2
Aang_Foundation	20251002_mem_mito	Aang_Foundation/20251002_mem_mito/fish11_24hpf_roi2/DSH1					5
Aang_Foundation	20251002_mem_mito	Aang_Foundation/20251002_mem_mito/fish11_24hpf_roi2/Logs					1
Aang_Foundation	20251002_mem_mito	Aang_Foundation/20251002_mem_mito/fish11_24hpf_roi2/dummy					2
Aang_Foundation	20251002_mem_mito	Aang_Foundation/20251002_mem_mito/fish11_24hpf_roi2/perf					1
Aang_Foundation	20251002_mem_mito	Aang_Foundation/20251002_mem_mito/fish11_24hpf_roi3/AFFFT					2
Aang_Foundation	20251002_mem_mito	Aang_Foundation/20251002_mem_mito/fish11_24hpf_roi3/DSH1					5
Aang_Foundation	20251002_mem_mito	Aang_Foundation/20251002_mem_mito/fish11_24hpf_roi3/Logs					1
Aang_Foundation	20251002_mem_mito	Aang_Foundation/20251002_mem_mito/fish11_24hpf_roi3/dummy					2
Aang_Foundation	20251002_mem_mito	Aang_Foundation/20251002_mem_mito/fish11_24hpf_roi3/perf					1
Aang_Foundation	20251002_mem_mito	Aang_Foundation/20251002_mem_mito/fish12_24hpf_roi1/AFFFT					2
Aang_Foundation	20251002_mem_mito	Aang_Foundation/20251002_mem_mito/fish12_24hpf_roi1/DSH1					5
Aang_Foundation	20251002_mem_mito	Aang_Foundation/20251002_mem_mito/fish12_24hpf_roi1/Logs					1
Aang_Foundation	20251002_mem_mito	Aang_Foundation/20251002_mem_mito/fish12_24hpf_roi1/dummy					2
Aang_Foundation	20251002_mem_mito	Aang_Foundation/20251002_mem_mito/fish12_24hpf_roi1/perf					1
Aang_Foundation	20251002_mem_mito	Aang_Foundation/20251002_mem_mito/fish12_24hpf_roi2/AFFFT					2
Aang_Foundation	20251002_mem_mito	Aang_Foundation/20251002_mem_mito/fish12_24hpf_roi2/DSH1					5
Aang_Foundation	20251002_mem_mito	Aang_Foundation/20251002_mem_mito/fish12_24hpf_roi2/Logs					1
Aang_Foundation	20251002_mem_mito	Aang_Foundation/20251002_mem_mito/fish12_24hpf_roi2/dummy					2
Aang_Foundation	20251002_mem_mito	Aang_Foundation/20251002_mem_mito/fish12_24hpf_roi2/perf					1
Aang_Foundation	20251002_mem_mito	Aang_Foundation/20251002_mem_mito/fish12_24hpf_roi3/AFFFT					2
Aang_Foundation	20251002_mem_mito	Aang_Foundation/20251002_mem_mito/fish12_24hpf_roi3/DSH1					5
Aang_Foundation	20251002_mem_mito	Aang_Foundation/20251002_mem_mito/fish12_24hpf_roi3/Logs					1
Aang_Foundation	20251002_mem_mito	Aang_Foundation/20251002_mem_mito/fish12_24hpf_roi3/dummy					2
Aang_Foundation	20251002_mem_mito	Aang_Foundation/20251002_mem_mito/fish12_24hpf_roi3/perf					1
Aang_Foundation	20251002_mem_mito	Aang_Foundation/20251002_mem_mito/fish12_24hpf_roi4/AFFFT					2
Aang_Foundation	20251002_mem_mito	Aang_Foundation/20251002_mem_mito/fish12_24hpf_roi4/DSH1					5
Aang_Foundation	20251002_mem_mito	Aang_Foundation/20251002_mem_mito/fish12_24hpf_roi4/Logs					1
Aang_Foundation	20251002_mem_mito	Aang_Foundation/20251002_mem_mito/fish12_24hpf_roi4/dummy					2
Aang_Foundation	20251002_mem_mito	Aang_Foundation/20251002_mem_mito/fish12_24hpf_roi4/perf					1
Aang_Foundation	20251002_mem_mito	Aang_Foundation/20251002_mem_mito/fish1_24hpf_roi1/AFFFT					2
Aang_Foundation	20251002_mem_mito	Aang_Foundation/20251002_mem_mito/fish1_24hpf_roi1/DSH1					5
Aang_Foundation	20251002_mem_mito	Aang_Foundation/20251002_mem_mito/fish1_24hpf_roi1/LVScripts					1
Aang_Foundation	20251002_mem_mito	Aang_Foundation/20251002_mem_mito/fish1_24hpf_roi1/Logs					1
Aang_Foundation	20251002_mem_mito	Aang_Foundation/20251002_mem_mito/fish1_24hpf_roi1/dummy					2
Aang_Foundation	20251002_mem_mito	Aang_Foundation/20251002_mem_mito/fish1_24hpf_roi1/perf					1
Aang_Foundation	20251002_mem_mito	Aang_Foundation/20251002_mem_mito/fish3_24hpf_roi1/AFFFT					2
Aang_Foundation	20251002_mem_mito	Aang_Foundation/20251002_mem_mito/fish3_24hpf_roi1/DSH1					5
Aang_Foundation	20251002_mem_mito	Aang_Foundation/20251002_mem_mito/fish3_24hpf_roi1/LVScripts					1
Aang_Foundation	20251002_mem_mito	Aang_Foundation/20251002_mem_mito/fish3_24hpf_roi1/Logs					1
Aang_Foundation	20251002_mem_mito	Aang_Foundation/20251002_mem_mito/fish3_24hpf_roi1/dummy					2
Aang_Foundation	20251002_mem_mito	Aang_Foundation/20251002_mem_mito/fish3_24hpf_roi1/perf					1
Aang_Foundation	20251002_mem_mito	Aang_Foundation/20251002_mem_mito/fish3_24hpf_roi2/AFFFT					2
Aang_Foundation	20251002_mem_mito	Aang_Foundation/20251002_mem_mito/fish3_24hpf_roi2/DSH1					5
Aang_Foundation	20251002_mem_mito	Aang_Foundation/20251002_mem_mito/fish3_24hpf_roi2/LVScripts					1
Aang_Foundation	20251002_mem_mito	Aang_Foundation/20251002_mem_mito/fish3_24hpf_roi2/Logs					1
Aang_Foundation	20251002_mem_mito	Aang_Foundation/20251002_mem_mito/fish3_24hpf_roi2/dummy					2
Aang_Foundation	20251002_mem_mito	Aang_Foundation/20251002_mem_mito/fish3_24hpf_roi2/perf					1
Aang_Foundation	20251002_mem_mito	Aang_Foundation/20251002_mem_mito/fish5_24hpf_roi1/AFFFT					2
Aang_Foundation	20251002_mem_mito	Aang_Foundation/20251002_mem_mito/fish5_24hpf_roi1/DSH1					5
Aang_Foundation	20251002_mem_mito	Aang_Foundation/20251002_mem_mito/fish5_24hpf_roi1/LVScripts					1
Aang_Foundation	20251002_mem_mito	Aang_Foundation/20251002_mem_mito/fish5_24hpf_roi1/Logs					1
Aang_Foundation	20251002_mem_mito	Aang_Foundation/20251002_mem_mito/fish5_24hpf_roi1/dummy					2
Aang_Foundation	20251002_mem_mito	Aang_Foundation/20251002_mem_mito/fish5_24hpf_roi1/perf					1
Aang_Foundation	20251002_mem_mito	Aang_Foundation/20251002_mem_mito/fish5_24hpf_roi2/AFFFT					2
Aang_Foundation	20251002_mem_mito	Aang_Foundation/20251002_mem_mito/fish5_24hpf_roi2/DSH1					5
Aang_Foundation	20251002_mem_mito	Aang_Foundation/20251002_mem_mito/fish5_24hpf_roi2/Logs					1
Aang_Foundation	20251002_mem_mito	Aang_Foundation/20251002_mem_mito/fish5_24hpf_roi2/dummy					2
Aang_Foundation	20251002_mem_mito	Aang_Foundation/20251002_mem_mito/fish5_24hpf_roi2/perf					1
Aang_Foundation	20251002_mem_mito	Aang_Foundation/20251002_mem_mito/fish5_24hpf_roi3/AFFFT					2
Aang_Foundation	20251002_mem_mito	Aang_Foundation/20251002_mem_mito/fish5_24hpf_roi3/DSH1					5
Aang_Foundation	20251002_mem_mito	Aang_Foundation/20251002_mem_mito/fish5_24hpf_roi3/Logs					1
Aang_Foundation	20251002_mem_mito	Aang_Foundation/20251002_mem_mito/fish5_24hpf_roi3/dummy					2
Aang_Foundation	20251002_mem_mito	Aang_Foundation/20251002_mem_mito/fish5_24hpf_roi3/perf					1
Aang_Foundation	20251002_mem_mito	Aang_Foundation/20251002_mem_mito/fish6_24hpf_roi1/AFFFT					2
Aang_Foundation	20251002_mem_mito	Aang_Foundation/20251002_mem_mito/fish6_24hpf_roi1/DSH1					5
Aang_Foundation	20251002_mem_mito	Aang_Foundation/20251002_mem_mito/fish6_24hpf_roi1/LVScripts					1
Aang_Foundation	20251002_mem_mito	Aang_Foundation/20251002_mem_mito/fish6_24hpf_roi1/Logs					1
Aang_Foundation	20251002_mem_mito	Aang_Foundation/20251002_mem_mito/fish6_24hpf_roi1/dummy					2
Aang_Foundation	20251002_mem_mito	Aang_Foundation/20251002_mem_mito/fish6_24hpf_roi1/perf					1
Aang_Foundation	20251002_mem_mito	Aang_Foundation/20251002_mem_mito/fish6_24hpf_roi2/AFFFT					2
Aang_Foundation	20251002_mem_mito	Aang_Foundation/20251002_mem_mito/fish6_24hpf_roi2/DSH1					5
Aang_Foundation	20251002_mem_mito	Aang_Foundation/20251002_mem_mito/fish6_24hpf_roi2/Logs					1
Aang_Foundation	20251002_mem_mito	Aang_Foundation/20251002_mem_mito/fish6_24hpf_roi2/dummy					2
Aang_Foundation	20251002_mem_mito	Aang_Foundation/20251002_mem_mito/fish6_24hpf_roi2/perf					1
Aang_Foundation	20251002_mem_mito	Aang_Foundation/20251002_mem_mito/fish6_24hpf_roi3/AFFFT					2
Aang_Foundation	20251002_mem_mito	Aang_Foundation/20251002_mem_mito/fish6_24hpf_roi3/DSH1					5
Aang_Foundation	20251002_mem_mito	Aang_Foundation/20251002_mem_mito/fish6_24hpf_roi3/LVScripts					1
Aang_Foundation	20251002_mem_mito	Aang_Foundation/20251002_mem_mito/fish6_24hpf_roi3/Logs					1
Aang_Foundation	20251002_mem_mito	Aang_Foundation/20251002_mem_mito/fish6_24hpf_roi3/dummy					2
Aang_Foundation	20251002_mem_mito	Aang_Foundation/20251002_mem_mito/fish6_24hpf_roi3/perf					1
Aang_Foundation	20251002_mem_mito	Aang_Foundation/20251002_mem_mito/fish7_24hpf_roi1/AFFFT					2
Aang_Foundation	20251002_mem_mito	Aang_Foundation/20251002_mem_mito/fish7_24hpf_roi1/DSH1					5
Aang_Foundation	20251002_mem_mito	Aang_Foundation/20251002_mem_mito/fish7_24hpf_roi1/LVScripts					1
Aang_Foundation	20251002_mem_mito	Aang_Foundation/20251002_mem_mito/fish7_24hpf_roi1/Logs					1
Aang_Foundation	20251002_mem_mito	Aang_Foundation/20251002_mem_mito/fish7_24hpf_roi1/dummy					2
Aang_Foundation	20251002_mem_mito	Aang_Foundation/20251002_mem_mito/fish7_24hpf_roi1/perf					1
Aang_Foundation	20251002_mem_mito	Aang_Foundation/20251002_mem_mito/fish7_24hpf_roi2/AFFFT					2
Aang_Foundation	20251002_mem_mito	Aang_Foundation/20251002_mem_mito/fish7_24hpf_roi2/DSH1					5
Aang_Foundation	20251002_mem_mito	Aang_Foundation/20251002_mem_mito/fish7_24hpf_roi2/Logs					1
Aang_Foundation	20251002_mem_mito	Aang_Foundation/20251002_mem_mito/fish7_24hpf_roi2/dummy					2
Aang_Foundation	20251002_mem_mito	Aang_Foundation/20251002_mem_mito/fish7_24hpf_roi2/perf					1
Aang_Foundation	20251002_mem_mito	Aang_Foundation/20251002_mem_mito/fish8_24hpf_roi1/AFFFT					2
Aang_Foundation	20251002_mem_mito	Aang_Foundation/20251002_mem_mito/fish8_24hpf_roi1/DSH1					5
Aang_Foundation	20251002_mem_mito	Aang_Foundation/20251002_mem_mito/fish8_24hpf_roi1/Logs					1
Aang_Foundation	20251002_mem_mito	Aang_Foundation/20251002_mem_mito/fish8_24hpf_roi1/dummy					2
Aang_Foundation	20251002_mem_mito	Aang_Foundation/20251002_mem_mito/fish8_24hpf_roi1/perf					1
Aang_Foundation	20251002_mem_mito	Aang_Foundation/20251002_mem_mito/fish8_24hpf_roi2/AFFFT					2
Aang_Foundation	20251002_mem_mito	Aang_Foundation/20251002_mem_mito/fish8_24hpf_roi2/DSH1					5
Aang_Foundation	20251002_mem_mito	Aang_Foundation/20251002_mem_mito/fish8_24hpf_roi2/Logs					1
Aang_Foundation	20251002_mem_mito	Aang_Foundation/20251002_mem_mito/fish8_24hpf_roi2/dummy					2
Aang_Foundation	20251002_mem_mito	Aang_Foundation/20251002_mem_mito/fish8_24hpf_roi2/perf					1
Aang_Foundation	20251002_mem_mito	Aang_Foundation/20251002_mem_mito/fish9_24hpf_roi1/AFFFT					2
Aang_Foundation	20251002_mem_mito	Aang_Foundation/20251002_mem_mito/fish9_24hpf_roi1/DSH1					5
Aang_Foundation	20251002_mem_mito	Aang_Foundation/20251002_mem_mito/fish9_24hpf_roi1/Logs					1
Aang_Foundation	20251002_mem_mito	Aang_Foundation/20251002_mem_mito/fish9_24hpf_roi1/dummy					2
Aang_Foundation	20251002_mem_mito	Aang_Foundation/20251002_mem_mito/fish9_24hpf_roi1/perf					1
Aang_Foundation	20251002_mem_mito	Aang_Foundation/20251002_mem_mito/fish9_24hpf_roi2/AFFFT					2
Aang_Foundation	20251002_mem_mito	Aang_Foundation/20251002_mem_mito/fish9_24hpf_roi2/DSH1					5
Aang_Foundation	20251002_mem_mito	Aang_Foundation/20251002_mem_mito/fish9_24hpf_roi2/Logs					1
Aang_Foundation	20251002_mem_mito	Aang_Foundation/20251002_mem_mito/fish9_24hpf_roi2/dummy					2
Aang_Foundation	20251002_mem_mito	Aang_Foundation/20251002_mem_mito/fish9_24hpf_roi2/perf					1
Aang_Foundation	20251003_mem_tester	Aang_Foundation/20251003_mem_tester/fish1_48hpf_xscan_roi1_brain/AFFFT					2
Aang_Foundation	20251003_mem_tester	Aang_Foundation/20251003_mem_tester/fish1_48hpf_xscan_roi1_brain/LVScripts					1
Aang_Foundation	20251003_mem_tester	Aang_Foundation/20251003_mem_tester/fish1_48hpf_xscan_roi1_brain/Logs					1
Aang_Foundation	20251003_mem_tester	Aang_Foundation/20251003_mem_tester/fish1_48hpf_xscan_roi1_brain/perf					1
Aang_Foundation	20251003_mem_tester	Aang_Foundation/20251003_mem_tester/fish1_48hpf_xscan_roi1_brain_2/Logs					1
Aang_Foundation	20251003_mem_tester	Aang_Foundation/20251003_mem_tester/fish1_48hpf_xscan_roi2_spine_muscle/AFFFT					2
Aang_Foundation	20251003_mem_tester	Aang_Foundation/20251003_mem_tester/fish1_48hpf_xscan_roi2_spine_muscle/LVScripts					1
Aang_Foundation	20251003_mem_tester	Aang_Foundation/20251003_mem_tester/fish1_48hpf_xscan_roi2_spine_muscle/Logs					1
Aang_Foundation	20251003_mem_tester	Aang_Foundation/20251003_mem_tester/fish1_48hpf_xscan_roi2_spine_muscle/perf					1
Aang_Foundation	20251003_mem_tester	Aang_Foundation/20251003_mem_tester/fish1_48hpf_xscan_roi3_spine_muscle_tail/AFFFT					2
Aang_Foundation	20251003_mem_tester	Aang_Foundation/20251003_mem_tester/fish1_48hpf_xscan_roi3_spine_muscle_tail/LVScripts					1
Aang_Foundation	20251003_mem_tester	Aang_Foundation/20251003_mem_tester/fish1_48hpf_xscan_roi3_spine_muscle_tail/Logs					1
Aang_Foundation	20251003_mem_tester	Aang_Foundation/20251003_mem_tester/fish1_48hpf_xscan_roi3_spine_muscle_tail/perf					1
Aang_Foundation	20251003_mem_tester	Aang_Foundation/20251003_mem_tester/fish1_48hpf_xscan_roi4_spine_muscle_tail/AFFFT					2
Aang_Foundation	20251003_mem_tester	Aang_Foundation/20251003_mem_tester/fish1_48hpf_xscan_roi4_spine_muscle_tail/LVScripts					1
Aang_Foundation	20251003_mem_tester	Aang_Foundation/20251003_mem_tester/fish1_48hpf_xscan_roi4_spine_muscle_tail/Logs					1
Aang_Foundation	20251003_mem_tester	Aang_Foundation/20251003_mem_tester/fish1_48hpf_xscan_roi4_spine_muscle_tail/perf					1
Aang_Foundation	20251003_mem_tester	Aang_Foundation/20251003_mem_tester/fish1_48hpf_xscan_roi5_spine_muscle_tail/AFFFT					2
Aang_Foundation	20251003_mem_tester	Aang_Foundation/20251003_mem_tester/fish1_48hpf_xscan_roi5_spine_muscle_tail/LVScripts					1
Aang_Foundation	20251003_mem_tester	Aang_Foundation/20251003_mem_tester/fish1_48hpf_xscan_roi5_spine_muscle_tail/Logs					1
Aang_Foundation	20251003_mem_tester	Aang_Foundation/20251003_mem_tester/fish1_48hpf_xscan_roi5_spine_muscle_tail/perf					1
Aang_Foundation	20251003_mem_tester	Aang_Foundation/20251003_mem_tester/fish1_48hpf_xscan_roi6_spine_muscle_tail/AFFFT					2
Aang_Foundation	20251003_mem_tester	Aang_Foundation/20251003_mem_tester/fish1_48hpf_xscan_roi6_spine_muscle_tail/Logs					1
Aang_Foundation	20251003_mem_tester	Aang_Foundation/20251003_mem_tester/fish1_48hpf_xscan_roi6_spine_muscle_tail/perf					1
Aang_Foundation	20251003_mem_tester	Aang_Foundation/20251003_mem_tester/fish1_48hpf_xscan_roi7_spine_muscle_tail/AFFFT					2
Aang_Foundation	20251003_mem_tester	Aang_Foundation/20251003_mem_tester/fish1_48hpf_xscan_roi7_spine_muscle_tail/Logs					1
Aang_Foundation	20251003_mem_tester	Aang_Foundation/20251003_mem_tester/fish1_48hpf_xscan_roi7_spine_muscle_tail/perf					1
Aang_Foundation	20251006_mem_histone	Aang_Foundation/20251006_mem_histone/fish1_24hpf_roi1/AFFFT					2
Aang_Foundation	20251006_mem_histone	Aang_Foundation/20251006_mem_histone/fish1_24hpf_roi1/DSH1					5
Aang_Foundation	20251006_mem_histone	Aang_Foundation/20251006_mem_histone/fish1_24hpf_roi1/LVScripts					1
Aang_Foundation	20251006_mem_histone	Aang_Foundation/20251006_mem_histone/fish1_24hpf_roi1/Logs					1
Aang_Foundation	20251006_mem_histone	Aang_Foundation/20251006_mem_histone/fish1_24hpf_roi1/perf					1
Aang_Foundation	20251006_mem_histone	Aang_Foundation/20251006_mem_histone/fish1_24hpf_roi2/AFFFT					2
Aang_Foundation	20251006_mem_histone	Aang_Foundation/20251006_mem_histone/fish1_24hpf_roi2/DSH1					5
Aang_Foundation	20251006_mem_histone	Aang_Foundation/20251006_mem_histone/fish1_24hpf_roi2/LVScripts					1
Aang_Foundation	20251006_mem_histone	Aang_Foundation/20251006_mem_histone/fish1_24hpf_roi2/Logs					1
Aang_Foundation	20251006_mem_histone	Aang_Foundation/20251006_mem_histone/fish1_24hpf_roi2/perf					1
Aang_Foundation	20251006_mem_histone	Aang_Foundation/20251006_mem_histone/fish1_24hpf_roi3/AFFFT					2
Aang_Foundation	20251006_mem_histone	Aang_Foundation/20251006_mem_histone/fish1_24hpf_roi3/DSH1					5
Aang_Foundation	20251006_mem_histone	Aang_Foundation/20251006_mem_histone/fish1_24hpf_roi3/Logs					1
Aang_Foundation	20251006_mem_histone	Aang_Foundation/20251006_mem_histone/fish1_24hpf_roi3/perf					1
Aang_Foundation	20251006_mem_histone	Aang_Foundation/20251006_mem_histone/fish1_24hpf_roi4/AFFFT					2
Aang_Foundation	20251006_mem_histone	Aang_Foundation/20251006_mem_histone/fish1_24hpf_roi4/DSH1					5
Aang_Foundation	20251006_mem_histone	Aang_Foundation/20251006_mem_histone/fish1_24hpf_roi4/LVScripts					1
Aang_Foundation	20251006_mem_histone	Aang_Foundation/20251006_mem_histone/fish1_24hpf_roi4/Logs					1
Aang_Foundation	20251006_mem_histone	Aang_Foundation/20251006_mem_histone/fish1_24hpf_roi4/perf					1
Aang_Foundation	20251006_mem_histone	Aang_Foundation/20251006_mem_histone/fish3_24hpf_roi1/AFFFT					2
Aang_Foundation	20251006_mem_histone	Aang_Foundation/20251006_mem_histone/fish3_24hpf_roi1/DSH1					5
Aang_Foundation	20251006_mem_histone	Aang_Foundation/20251006_mem_histone/fish3_24hpf_roi1/LVScripts					1
Aang_Foundation	20251006_mem_histone	Aang_Foundation/20251006_mem_histone/fish3_24hpf_roi1/Logs					1
Aang_Foundation	20251006_mem_histone	Aang_Foundation/20251006_mem_histone/fish3_24hpf_roi1/perf					1
Aang_Foundation	20251006_mem_histone	Aang_Foundation/20251006_mem_histone/fish3_24hpf_roi2/AFFFT					2
Aang_Foundation	20251006_mem_histone	Aang_Foundation/20251006_mem_histone/fish3_24hpf_roi2/DSH1					5
Aang_Foundation	20251006_mem_histone	Aang_Foundation/20251006_mem_histone/fish3_24hpf_roi2/LVScripts					1
Aang_Foundation	20251006_mem_histone	Aang_Foundation/20251006_mem_histone/fish3_24hpf_roi2/Logs					1
Aang_Foundation	20251006_mem_histone	Aang_Foundation/20251006_mem_histone/fish3_24hpf_roi2/perf					1
Aang_Foundation	20251006_mem_histone	Aang_Foundation/20251006_mem_histone/fish4_24hpf_roi1/AFFFT					2
Aang_Foundation	20251006_mem_histone	Aang_Foundation/20251006_mem_histone/fish4_24hpf_roi1/DSH1					5
Aang_Foundation	20251006_mem_histone	Aang_Foundation/20251006_mem_histone/fish4_24hpf_roi1/Logs					1
Aang_Foundation	20251006_mem_histone	Aang_Foundation/20251006_mem_histone/fish4_24hpf_roi1/perf					1
Aang_Foundation	20251006_mem_histone	Aang_Foundation/20251006_mem_histone/fish4_24hpf_roi2/AFFFT					2
Aang_Foundation	20251006_mem_histone	Aang_Foundation/20251006_mem_histone/fish4_24hpf_roi2/DSH1					5
Aang_Foundation	20251006_mem_histone	Aang_Foundation/20251006_mem_histone/fish4_24hpf_roi2/Logs					1
Aang_Foundation	20251006_mem_histone	Aang_Foundation/20251006_mem_histone/fish4_24hpf_roi2/perf					1
Aang_Foundation	20251006_mem_histone	Aang_Foundation/20251006_mem_histone/fish4_24hpf_roi3/AFFFT					2
Aang_Foundation	20251006_mem_histone	Aang_Foundation/20251006_mem_histone/fish4_24hpf_roi3/DSH1					5
Aang_Foundation	20251006_mem_histone	Aang_Foundation/20251006_mem_histone/fish4_24hpf_roi3/Logs					1
Aang_Foundation	20251006_mem_histone	Aang_Foundation/20251006_mem_histone/fish4_24hpf_roi3/perf					1
Aang_Foundation	20251006_mem_histone	Aang_Foundation/20251006_mem_histone/fish6_24hpf_roi1/AFFFT					2
Aang_Foundation	20251006_mem_histone	Aang_Foundation/20251006_mem_histone/fish6_24hpf_roi1/DSH1					5
Aang_Foundation	20251006_mem_histone	Aang_Foundation/20251006_mem_histone/fish6_24hpf_roi1/Logs					1
Aang_Foundation	20251006_mem_histone	Aang_Foundation/20251006_mem_histone/fish6_24hpf_roi1/perf					1
Aang_Foundation	20251006_mem_histone	Aang_Foundation/20251006_mem_histone/fish6_24hpf_roi2/AFFFT					2
Aang_Foundation	20251006_mem_histone	Aang_Foundation/20251006_mem_histone/fish6_24hpf_roi2/DSH1					5
Aang_Foundation	20251006_mem_histone	Aang_Foundation/20251006_mem_histone/fish6_24hpf_roi2/Logs					1
Aang_Foundation	20251006_mem_histone	Aang_Foundation/20251006_mem_histone/fish6_24hpf_roi2/perf					1
Aang_Foundation	20251007_mem_histone	Aang_Foundation/20251007_mem_histone/fish2_48hpf_roi1/AFFFT					2
Aang_Foundation	20251007_mem_histone	Aang_Foundation/20251007_mem_histone/fish2_48hpf_roi1/DSH1					5
Aang_Foundation	20251007_mem_histone	Aang_Foundation/20251007_mem_histone/fish2_48hpf_roi1/LVScripts					1
Aang_Foundation	20251007_mem_histone	Aang_Foundation/20251007_mem_histone/fish2_48hpf_roi1/Logs					1
Aang_Foundation	20251007_mem_histone	Aang_Foundation/20251007_mem_histone/fish2_48hpf_roi1/perf					1
Aang_Foundation	20251007_mem_histone	Aang_Foundation/20251007_mem_histone/fish2_48hpf_roi2/AFFFT					2
Aang_Foundation	20251007_mem_histone	Aang_Foundation/20251007_mem_histone/fish2_48hpf_roi2/DSH1					5
Aang_Foundation	20251007_mem_histone	Aang_Foundation/20251007_mem_histone/fish2_48hpf_roi2/Errors					1
Aang_Foundation	20251007_mem_histone	Aang_Foundation/20251007_mem_histone/fish2_48hpf_roi2/LVScripts					1
Aang_Foundation	20251007_mem_histone	Aang_Foundation/20251007_mem_histone/fish2_48hpf_roi2/Logs					1
Aang_Foundation	20251007_mem_histone	Aang_Foundation/20251007_mem_histone/fish2_48hpf_roi2/perf					1
Aang_Foundation	20251007_mem_histone	Aang_Foundation/20251007_mem_histone/fish2_48hpf_roi2_test/AFFFT					2
Aang_Foundation	20251007_mem_histone	Aang_Foundation/20251007_mem_histone/fish2_48hpf_roi2_test/DSH1					5
Aang_Foundation	20251007_mem_histone	Aang_Foundation/20251007_mem_histone/fish2_48hpf_roi2_test/LVScripts					1
Aang_Foundation	20251007_mem_histone	Aang_Foundation/20251007_mem_histone/fish2_48hpf_roi2_test/Logs					1
Aang_Foundation	20251007_mem_histone	Aang_Foundation/20251007_mem_histone/fish2_48hpf_roi2_test/perf					1
Aang_Foundation	20251007_mem_histone	Aang_Foundation/20251007_mem_histone/fish2_48hpf_roi3/AFFFT					2
Aang_Foundation	20251007_mem_histone	Aang_Foundation/20251007_mem_histone/fish2_48hpf_roi3/DSH1					5
Aang_Foundation	20251007_mem_histone	Aang_Foundation/20251007_mem_histone/fish2_48hpf_roi3/LVScripts					1
Aang_Foundation	20251007_mem_histone	Aang_Foundation/20251007_mem_histone/fish2_48hpf_roi3/Logs					1
Aang_Foundation	20251007_mem_histone	Aang_Foundation/20251007_mem_histone/fish2_48hpf_roi3/perf					1
Aang_Foundation	20251007_mem_histone	Aang_Foundation/20251007_mem_histone/fish2_48hpf_roi4/AFFFT					2
Aang_Foundation	20251007_mem_histone	Aang_Foundation/20251007_mem_histone/fish2_48hpf_roi4/DSH1					5
Aang_Foundation	20251007_mem_histone	Aang_Foundation/20251007_mem_histone/fish2_48hpf_roi4/Logs					1
Aang_Foundation	20251007_mem_histone	Aang_Foundation/20251007_mem_histone/fish2_48hpf_roi4/perf					1
Aang_Foundation	20251007_mem_histone	Aang_Foundation/20251007_mem_histone/fish2_48hpf_roi5/AFFFT					2
Aang_Foundation	20251007_mem_histone	Aang_Foundation/20251007_mem_histone/fish2_48hpf_roi5/DSH1					5
Aang_Foundation	20251007_mem_histone	Aang_Foundation/20251007_mem_histone/fish2_48hpf_roi5/Logs					1
Aang_Foundation	20251007_mem_histone	Aang_Foundation/20251007_mem_histone/fish2_48hpf_roi5/perf					1
Aang_Foundation	20251007_mem_histone	Aang_Foundation/20251007_mem_histone/fish3_48hpf_roi1/AFFFT					2
Aang_Foundation	20251007_mem_histone	Aang_Foundation/20251007_mem_histone/fish3_48hpf_roi1/DSH1					5
Aang_Foundation	20251007_mem_histone	Aang_Foundation/20251007_mem_histone/fish3_48hpf_roi1/LVScripts					1
Aang_Foundation	20251007_mem_histone	Aang_Foundation/20251007_mem_histone/fish3_48hpf_roi1/Logs					1
Aang_Foundation	20251007_mem_histone	Aang_Foundation/20251007_mem_histone/fish3_48hpf_roi1/perf					1
Aang_Foundation	20251009_mem-mito	Aang_Foundation/20251009_mem-mito/fish3_48hpf_roi1/AFFFT					2
Aang_Foundation	20251009_mem-mito	Aang_Foundation/20251009_mem-mito/fish3_48hpf_roi1/DSH1					5
Aang_Foundation	20251009_mem-mito	Aang_Foundation/20251009_mem-mito/fish3_48hpf_roi1/LVScripts					1
Aang_Foundation	20251009_mem-mito	Aang_Foundation/20251009_mem-mito/fish3_48hpf_roi1/Logs					1
Aang_Foundation	20251009_mem-mito	Aang_Foundation/20251009_mem-mito/fish3_48hpf_roi1/perf					1
Aang_Foundation	20251009_mem-mito	Aang_Foundation/20251009_mem-mito/fish3_48hpf_roi2/AFFFT					2
Aang_Foundation	20251009_mem-mito	Aang_Foundation/20251009_mem-mito/fish3_48hpf_roi2/DSH1					5
Aang_Foundation	20251009_mem-mito	Aang_Foundation/20251009_mem-mito/fish3_48hpf_roi2/LVScripts					1
Aang_Foundation	20251009_mem-mito	Aang_Foundation/20251009_mem-mito/fish3_48hpf_roi2/Logs					1
Aang_Foundation	20251009_mem-mito	Aang_Foundation/20251009_mem-mito/fish3_48hpf_roi2/perf					1
Aang_Foundation	20251009_mem-mito	Aang_Foundation/20251009_mem-mito/fish3_48hpf_roi3/AFFFT					2
Aang_Foundation	20251009_mem-mito	Aang_Foundation/20251009_mem-mito/fish3_48hpf_roi3/DSH1					5
Aang_Foundation	20251009_mem-mito	Aang_Foundation/20251009_mem-mito/fish3_48hpf_roi3/LVScripts					1
Aang_Foundation	20251009_mem-mito	Aang_Foundation/20251009_mem-mito/fish3_48hpf_roi3/Logs					1
Aang_Foundation	20251009_mem-mito	Aang_Foundation/20251009_mem-mito/fish3_48hpf_roi3/perf					1
Aang_Foundation	20251009_mem-mito	Aang_Foundation/20251009_mem-mito/fish3_48hpf_roi4/AFFFT					2
Aang_Foundation	20251009_mem-mito	Aang_Foundation/20251009_mem-mito/fish3_48hpf_roi4/DSH1					5
Aang_Foundation	20251009_mem-mito	Aang_Foundation/20251009_mem-mito/fish3_48hpf_roi4/Logs					1
Aang_Foundation	20251009_mem-mito	Aang_Foundation/20251009_mem-mito/fish3_48hpf_roi4/perf					1
Aang_Foundation	20251010_mem-mito	Aang_Foundation/20251010_mem-mito/fish1_24hpf_roi1/AFFFT					2
Aang_Foundation	20251010_mem-mito	Aang_Foundation/20251010_mem-mito/fish1_24hpf_roi1/DSH1					5
Aang_Foundation	20251010_mem-mito	Aang_Foundation/20251010_mem-mito/fish1_24hpf_roi1/LVScripts					1
Aang_Foundation	20251010_mem-mito	Aang_Foundation/20251010_mem-mito/fish1_24hpf_roi1/Logs					1
Aang_Foundation	20251010_mem-mito	Aang_Foundation/20251010_mem-mito/fish1_24hpf_roi1/perf					1
Aang_Foundation	20251010_mem-mito	Aang_Foundation/20251010_mem-mito/fish1_24hpf_roi2/AFFFT					2
Aang_Foundation	20251010_mem-mito	Aang_Foundation/20251010_mem-mito/fish1_24hpf_roi2/DSH1					5
Aang_Foundation	20251010_mem-mito	Aang_Foundation/20251010_mem-mito/fish1_24hpf_roi2/LVScripts					1
Aang_Foundation	20251010_mem-mito	Aang_Foundation/20251010_mem-mito/fish1_24hpf_roi2/Logs					1
Aang_Foundation	20251010_mem-mito	Aang_Foundation/20251010_mem-mito/fish1_24hpf_roi2/perf					1
Aang_Foundation	20251010_mem-mito	Aang_Foundation/20251010_mem-mito/fish2_24hpf_roi1/AFFFT					2
Aang_Foundation	20251010_mem-mito	Aang_Foundation/20251010_mem-mito/fish2_24hpf_roi1/DSH1					5
Aang_Foundation	20251010_mem-mito	Aang_Foundation/20251010_mem-mito/fish2_24hpf_roi1/LVScripts					1
Aang_Foundation	20251010_mem-mito	Aang_Foundation/20251010_mem-mito/fish2_24hpf_roi1/Logs					1
Aang_Foundation	20251010_mem-mito	Aang_Foundation/20251010_mem-mito/fish2_24hpf_roi1/perf					1
Aang_Foundation	20251010_mem-mito	Aang_Foundation/20251010_mem-mito/fish2_24hpf_roi2/AFFFT					2
Aang_Foundation	20251010_mem-mito	Aang_Foundation/20251010_mem-mito/fish2_24hpf_roi2/DSH1					5
Aang_Foundation	20251010_mem-mito	Aang_Foundation/20251010_mem-mito/fish2_24hpf_roi2/Logs					1
Aang_Foundation	20251010_mem-mito	Aang_Foundation/20251010_mem-mito/fish2_24hpf_roi2/perf					1
Aang_Foundation	20251010_mem-mito	Aang_Foundation/20251010_mem-mito/fish3_24hpf_roi1/AFFFT					2
Aang_Foundation	20251010_mem-mito	Aang_Foundation/20251010_mem-mito/fish3_24hpf_roi1/DSH1					5
Aang_Foundation	20251010_mem-mito	Aang_Foundation/20251010_mem-mito/fish3_24hpf_roi1/LVScripts					1
Aang_Foundation	20251010_mem-mito	Aang_Foundation/20251010_mem-mito/fish3_24hpf_roi1/Logs					1
Aang_Foundation	20251010_mem-mito	Aang_Foundation/20251010_mem-mito/fish3_24hpf_roi1/perf					1
Aang_Foundation	20251010_mem-mito	Aang_Foundation/20251010_mem-mito/fish3_24hpf_roi2/AFFFT					2
Aang_Foundation	20251010_mem-mito	Aang_Foundation/20251010_mem-mito/fish3_24hpf_roi2/DSH1					5
Aang_Foundation	20251010_mem-mito	Aang_Foundation/20251010_mem-mito/fish3_24hpf_roi2/Logs					1
Aang_Foundation	20251010_mem-mito	Aang_Foundation/20251010_mem-mito/fish3_24hpf_roi2/perf					1
Aang_Foundation	20251010_mem-mito	Aang_Foundation/20251010_mem-mito/fish4_24hpf_roi1/AFFFT					2
Aang_Foundation	20251010_mem-mito	Aang_Foundation/20251010_mem-mito/fish4_24hpf_roi1/DSH1					5
Aang_Foundation	20251010_mem-mito	Aang_Foundation/20251010_mem-mito/fish4_24hpf_roi1/Logs					1
Aang_Foundation	20251010_mem-mito	Aang_Foundation/20251010_mem-mito/fish4_24hpf_roi1/perf					1
Aang_Foundation	20251010_mem-mito	Aang_Foundation/20251010_mem-mito/fish4_24hpf_roi2/AFFFT					2
Aang_Foundation	20251010_mem-mito	Aang_Foundation/20251010_mem-mito/fish4_24hpf_roi2/DSH1					5
Aang_Foundation	20251010_mem-mito	Aang_Foundation/20251010_mem-mito/fish4_24hpf_roi2/Logs					1
Aang_Foundation	20251010_mem-mito	Aang_Foundation/20251010_mem-mito/fish4_24hpf_roi2/perf					1
Aang_Foundation	20251010_mem-mito	Aang_Foundation/20251010_mem-mito/fish5_24hpf_roi1/AFFFT					2
Aang_Foundation	20251010_mem-mito	Aang_Foundation/20251010_mem-mito/fish5_24hpf_roi1/DSH1					5
Aang_Foundation	20251010_mem-mito	Aang_Foundation/20251010_mem-mito/fish5_24hpf_roi1/LVScripts					1
Aang_Foundation	20251010_mem-mito	Aang_Foundation/20251010_mem-mito/fish5_24hpf_roi1/Logs					1
Aang_Foundation	20251010_mem-mito	Aang_Foundation/20251010_mem-mito/fish5_24hpf_roi1/perf					1
Aang_Foundation	20251010_mem-mito	Aang_Foundation/20251010_mem-mito/fish5_24hpf_roi2/AFFFT					2
Aang_Foundation	20251010_mem-mito	Aang_Foundation/20251010_mem-mito/fish5_24hpf_roi2/DSH1					5
Aang_Foundation	20251010_mem-mito	Aang_Foundation/20251010_mem-mito/fish5_24hpf_roi2/Logs					1
Aang_Foundation	20251010_mem-mito	Aang_Foundation/20251010_mem-mito/fish5_24hpf_roi2/perf					1
Aang_Foundation	20251010_mem-mito	Aang_Foundation/20251010_mem-mito/fish6_24hpf_roi1/AFFFT					2
Aang_Foundation	20251010_mem-mito	Aang_Foundation/20251010_mem-mito/fish6_24hpf_roi1/DSH1					5
Aang_Foundation	20251010_mem-mito	Aang_Foundation/20251010_mem-mito/fish6_24hpf_roi1/Logs					1
Aang_Foundation	20251010_mem-mito	Aang_Foundation/20251010_mem-mito/fish6_24hpf_roi1/perf					1
Aang_Foundation	20251010_mem-mito	Aang_Foundation/20251010_mem-mito/fish6_24hpf_roi2/AFFFT					2
Aang_Foundation	20251010_mem-mito	Aang_Foundation/20251010_mem-mito/fish6_24hpf_roi2/DSH1					5
Aang_Foundation	20251010_mem-mito	Aang_Foundation/20251010_mem-mito/fish6_24hpf_roi2/Logs					1
Aang_Foundation	20251010_mem-mito	Aang_Foundation/20251010_mem-mito/fish6_24hpf_roi2/perf					1
Aang_Foundation	20251013_mem-histone	Aang_Foundation/20251013_mem-histone/fish1_96hpf_roi1/AFFFT					2
Aang_Foundation	20251013_mem-histone	Aang_Foundation/20251013_mem-histone/fish1_96hpf_roi1/DSH1					5
Aang_Foundation	20251013_mem-histone	Aang_Foundation/20251013_mem-histone/fish1_96hpf_roi1/LVScripts					1
Aang_Foundation	20251013_mem-histone	Aang_Foundation/20251013_mem-histone/fish1_96hpf_roi1/Logs					1
Aang_Foundation	20251013_mem-histone	Aang_Foundation/20251013_mem-histone/fish1_96hpf_roi1/perf					1
Aang_Foundation	20251013_mem-histone	Aang_Foundation/20251013_mem-histone/fish1_96hpf_roi3/AFFFT					2
Aang_Foundation	20251013_mem-histone	Aang_Foundation/20251013_mem-histone/fish1_96hpf_roi3/DSH1					5
Aang_Foundation	20251013_mem-histone	Aang_Foundation/20251013_mem-histone/fish1_96hpf_roi3/LVScripts					1
Aang_Foundation	20251013_mem-histone	Aang_Foundation/20251013_mem-histone/fish1_96hpf_roi3/Logs					1
Aang_Foundation	20251013_mem-histone	Aang_Foundation/20251013_mem-histone/fish1_96hpf_roi3/perf					1
Aang_Foundation	20251013_mem-histone	Aang_Foundation/20251013_mem-histone/fish3_96hpf_roi1/AFFFT					2
Aang_Foundation	20251013_mem-histone	Aang_Foundation/20251013_mem-histone/fish3_96hpf_roi1/DSH1					5
Aang_Foundation	20251013_mem-histone	Aang_Foundation/20251013_mem-histone/fish3_96hpf_roi1/LVScripts					1
Aang_Foundation	20251013_mem-histone	Aang_Foundation/20251013_mem-histone/fish3_96hpf_roi1/Logs					1
Aang_Foundation	20251013_mem-histone	Aang_Foundation/20251013_mem-histone/fish3_96hpf_roi1/perf					1
Aang_Foundation	20251013_mem-histone	Aang_Foundation/20251013_mem-histone/fish3_96hpf_roi2/AFFFT					2
Aang_Foundation	20251013_mem-histone	Aang_Foundation/20251013_mem-histone/fish3_96hpf_roi2/DSH1					5
Aang_Foundation	20251013_mem-histone	Aang_Foundation/20251013_mem-histone/fish3_96hpf_roi2/Logs					1
Aang_Foundation	20251013_mem-histone	Aang_Foundation/20251013_mem-histone/fish3_96hpf_roi2/perf					1
Aang_Foundation	20251013_mem-histone	Aang_Foundation/20251013_mem-histone/fish3_96hpf_roi3/AFFFT					2
Aang_Foundation	20251013_mem-histone	Aang_Foundation/20251013_mem-histone/fish3_96hpf_roi3/DSH1					5
Aang_Foundation	20251013_mem-histone	Aang_Foundation/20251013_mem-histone/fish3_96hpf_roi3/Logs					1
Aang_Foundation	20251013_mem-histone	Aang_Foundation/20251013_mem-histone/fish3_96hpf_roi3/perf					1
Aang_Foundation	20251013_mem-histone	Aang_Foundation/20251013_mem-histone/fish3_96hpf_roi4/AFFFT					2
Aang_Foundation	20251013_mem-histone	Aang_Foundation/20251013_mem-histone/fish3_96hpf_roi4/DSH1					5
Aang_Foundation	20251013_mem-histone	Aang_Foundation/20251013_mem-histone/fish3_96hpf_roi4/Logs					1
Aang_Foundation	20251013_mem-histone	Aang_Foundation/20251013_mem-histone/fish3_96hpf_roi4/perf					1
Aang_Foundation	20251015_mem-histone	Aang_Foundation/20251015_mem-histone/fish1_48hpf_roi1/AFFFT					2
Aang_Foundation	20251015_mem-histone	Aang_Foundation/20251015_mem-histone/fish1_48hpf_roi1/DSH1					5
Aang_Foundation	20251015_mem-histone	Aang_Foundation/20251015_mem-histone/fish1_48hpf_roi1/LVScripts					1
Aang_Foundation	20251015_mem-histone	Aang_Foundation/20251015_mem-histone/fish1_48hpf_roi1/Logs					1
Aang_Foundation	20251015_mem-histone	Aang_Foundation/20251015_mem-histone/fish1_48hpf_roi1/perf					1
Aang_Foundation	20251015_mem-histone	Aang_Foundation/20251015_mem-histone/fish1_48hpf_roi2/AFFFT					2
Aang_Foundation	20251015_mem-histone	Aang_Foundation/20251015_mem-histone/fish1_48hpf_roi2/DSH1					5
Aang_Foundation	20251015_mem-histone	Aang_Foundation/20251015_mem-histone/fish1_48hpf_roi2/Logs					1
Aang_Foundation	20251015_mem-histone	Aang_Foundation/20251015_mem-histone/fish1_48hpf_roi2/perf					1
Aang_Foundation	20251015_mem-histone	Aang_Foundation/20251015_mem-histone/fish1_48hpf_roi3/AFFFT					2
Aang_Foundation	20251015_mem-histone	Aang_Foundation/20251015_mem-histone/fish1_48hpf_roi3/DSH1					5
Aang_Foundation	20251015_mem-histone	Aang_Foundation/20251015_mem-histone/fish1_48hpf_roi3/Logs					1
Aang_Foundation	20251015_mem-histone	Aang_Foundation/20251015_mem-histone/fish1_48hpf_roi3/perf					1
Aang_Foundation	20251015_mem-histone	Aang_Foundation/20251015_mem-histone/fish2_48hpf_roi1/AFFFT					2
Aang_Foundation	20251015_mem-histone	Aang_Foundation/20251015_mem-histone/fish2_48hpf_roi1/DSH1					5
Aang_Foundation	20251015_mem-histone	Aang_Foundation/20251015_mem-histone/fish2_48hpf_roi1/Logs					1
Aang_Foundation	20251015_mem-histone	Aang_Foundation/20251015_mem-histone/fish2_48hpf_roi1/perf					1
Aang_Foundation	20251015_mem-histone	Aang_Foundation/20251015_mem-histone/fish3_48hpf_roi1/AFFFT					2
Aang_Foundation	20251015_mem-histone	Aang_Foundation/20251015_mem-histone/fish3_48hpf_roi1/DSH1					5
Aang_Foundation	20251015_mem-histone	Aang_Foundation/20251015_mem-histone/fish3_48hpf_roi1/LVScripts					1
Aang_Foundation	20251015_mem-histone	Aang_Foundation/20251015_mem-histone/fish3_48hpf_roi1/Logs					1
Aang_Foundation	20251015_mem-histone	Aang_Foundation/20251015_mem-histone/fish3_48hpf_roi1/perf					1
Aang_Foundation	20251015_mem-histone	Aang_Foundation/20251015_mem-histone/fish3_48hpf_roi2/AFFFT					2
Aang_Foundation	20251015_mem-histone	Aang_Foundation/20251015_mem-histone/fish3_48hpf_roi2/DSH1					5
Aang_Foundation	20251015_mem-histone	Aang_Foundation/20251015_mem-histone/fish3_48hpf_roi2/Logs					1
Aang_Foundation	20251015_mem-histone	Aang_Foundation/20251015_mem-histone/fish3_48hpf_roi2/perf					1
Aang_Foundation	20251015_mem-histone	Aang_Foundation/20251015_mem-histone/fish4_48hpf_roi1/AFFFT					2
Aang_Foundation	20251015_mem-histone	Aang_Foundation/20251015_mem-histone/fish4_48hpf_roi1/DSH1					5
Aang_Foundation	20251015_mem-histone	Aang_Foundation/20251015_mem-histone/fish4_48hpf_roi1/Logs					1
Aang_Foundation	20251015_mem-histone	Aang_Foundation/20251015_mem-histone/fish4_48hpf_roi1/perf					1
Aang_Foundation	20251015_mem-histone	Aang_Foundation/20251015_mem-histone/fish4_48hpf_roi2/AFFFT					2
Aang_Foundation	20251015_mem-histone	Aang_Foundation/20251015_mem-histone/fish4_48hpf_roi2/DSH1					5
Aang_Foundation	20251015_mem-histone	Aang_Foundation/20251015_mem-histone/fish4_48hpf_roi2/Logs					1
Aang_Foundation	20251015_mem-histone	Aang_Foundation/20251015_mem-histone/fish4_48hpf_roi2/perf					1
Aang_Foundation	20251015_mem-histone	Aang_Foundation/20251015_mem-histone/fish4_48hpf_roi3/AFFFT					2
Aang_Foundation	20251015_mem-histone	Aang_Foundation/20251015_mem-histone/fish4_48hpf_roi3/DSH1					5
Aang_Foundation	20251015_mem-histone	Aang_Foundation/20251015_mem-histone/fish4_48hpf_roi3/Logs					1
Aang_Foundation	20251015_mem-histone	Aang_Foundation/20251015_mem-histone/fish4_48hpf_roi3/perf					1
Aang_Foundation	20251015_mem-histone	Aang_Foundation/20251015_mem-histone/fish5_48hpf_roi1/AFFFT					2
Aang_Foundation	20251015_mem-histone	Aang_Foundation/20251015_mem-histone/fish5_48hpf_roi1/DSH1					5
Aang_Foundation	20251015_mem-histone	Aang_Foundation/20251015_mem-histone/fish5_48hpf_roi1/LVScripts					1
Aang_Foundation	20251015_mem-histone	Aang_Foundation/20251015_mem-histone/fish5_48hpf_roi1/Logs					1
Aang_Foundation	20251015_mem-histone	Aang_Foundation/20251015_mem-histone/fish5_48hpf_roi1/perf					1
Aang_Foundation	20251015_mem-histone	Aang_Foundation/20251015_mem-histone/fish6_48hpf_roi1/AFFFT					2
Aang_Foundation	20251015_mem-histone	Aang_Foundation/20251015_mem-histone/fish6_48hpf_roi1/DSH1					5
Aang_Foundation	20251015_mem-histone	Aang_Foundation/20251015_mem-histone/fish6_48hpf_roi1/Logs					1
Aang_Foundation	20251015_mem-histone	Aang_Foundation/20251015_mem-histone/fish6_48hpf_roi1/perf					1
Aang_Foundation	20251016_mem-mito	Aang_Foundation/20251016_mem-mito/fish1_72hpf_roi1/AFFFT					2
Aang_Foundation	20251016_mem-mito	Aang_Foundation/20251016_mem-mito/fish1_72hpf_roi1/DSH1					5
Aang_Foundation	20251016_mem-mito	Aang_Foundation/20251016_mem-mito/fish1_72hpf_roi1/LVScripts					1
Aang_Foundation	20251016_mem-mito	Aang_Foundation/20251016_mem-mito/fish1_72hpf_roi1/Logs					1
Aang_Foundation	20251016_mem-mito	Aang_Foundation/20251016_mem-mito/fish1_72hpf_roi1/perf					1
Aang_Foundation	20251016_mem-mito_v2	Aang_Foundation/20251016_mem-mito_v2/fish1_72hpf_roi1/AFFFT					2
Aang_Foundation	20251016_mem-mito_v2	Aang_Foundation/20251016_mem-mito_v2/fish1_72hpf_roi1/DSH1					5
Aang_Foundation	20251016_mem-mito_v2	Aang_Foundation/20251016_mem-mito_v2/fish1_72hpf_roi1/LVScripts					1
Aang_Foundation	20251016_mem-mito_v2	Aang_Foundation/20251016_mem-mito_v2/fish1_72hpf_roi1/Logs					1
Aang_Foundation	20251016_mem-mito_v2	Aang_Foundation/20251016_mem-mito_v2/fish1_72hpf_roi1/perf					1
Aang_Foundation	20251016_mem-mito_v2	Aang_Foundation/20251016_mem-mito_v2/fish1_72hpf_roi2/AFFFT					2
Aang_Foundation	20251016_mem-mito_v2	Aang_Foundation/20251016_mem-mito_v2/fish1_72hpf_roi2/DSH1					5
Aang_Foundation	20251016_mem-mito_v2	Aang_Foundation/20251016_mem-mito_v2/fish1_72hpf_roi2/LVScripts					1
Aang_Foundation	20251016_mem-mito_v2	Aang_Foundation/20251016_mem-mito_v2/fish1_72hpf_roi2/Logs					1
Aang_Foundation	20251016_mem-mito_v2	Aang_Foundation/20251016_mem-mito_v2/fish1_72hpf_roi2/perf					1
Aang_Foundation	20251017_nuclear_envelope	Aang_Foundation/20251017_nuclear_envelope/fish1_24hpf_roi1_test/AFFFT					2
Aang_Foundation	20251017_nuclear_envelope	Aang_Foundation/20251017_nuclear_envelope/fish1_24hpf_roi1_test/DSH1					5
Aang_Foundation	20251017_nuclear_envelope	Aang_Foundation/20251017_nuclear_envelope/fish1_24hpf_roi1_test/LVScripts					1
Aang_Foundation	20251017_nuclear_envelope	Aang_Foundation/20251017_nuclear_envelope/fish1_24hpf_roi1_test/Logs					1
Aang_Foundation	20251017_nuclear_envelope	Aang_Foundation/20251017_nuclear_envelope/fish1_24hpf_roi1_test/perf					1
Aang_Foundation	20251017_nuclear_envelope	Aang_Foundation/20251017_nuclear_envelope/fish1_24hpf_roi1_test_SIM/AFFFT					2
Aang_Foundation	20251017_nuclear_envelope	Aang_Foundation/20251017_nuclear_envelope/fish1_24hpf_roi1_test_SIM/DSH1					5
Aang_Foundation	20251017_nuclear_envelope	Aang_Foundation/20251017_nuclear_envelope/fish1_24hpf_roi1_test_SIM/LVScripts					1
Aang_Foundation	20251017_nuclear_envelope	Aang_Foundation/20251017_nuclear_envelope/fish1_24hpf_roi1_test_SIM/Logs					1
Aang_Foundation	20251017_nuclear_envelope	Aang_Foundation/20251017_nuclear_envelope/fish1_24hpf_roi1_test_SIM/perf					1
Aang_Foundation	20251020_mem-histone	Aang_Foundation/20251020_mem-histone/fish1_72hpf_roi1/AFFFT					2
Aang_Foundation	20251020_mem-histone	Aang_Foundation/20251020_mem-histone/fish1_72hpf_roi1/DSH1					5
Aang_Foundation	20251020_mem-histone	Aang_Foundation/20251020_mem-histone/fish1_72hpf_roi1/LVScripts					1
Aang_Foundation	20251020_mem-histone	Aang_Foundation/20251020_mem-histone/fish1_72hpf_roi1/Logs					1
Aang_Foundation	20251020_mem-histone	Aang_Foundation/20251020_mem-histone/fish1_72hpf_roi1/perf					1
Aang_Foundation	20251020_mem-histone	Aang_Foundation/20251020_mem-histone/fish1_72hpf_roi2/AFFFT					2
Aang_Foundation	20251020_mem-histone	Aang_Foundation/20251020_mem-histone/fish1_72hpf_roi2/DSH1					5
Aang_Foundation	20251020_mem-histone	Aang_Foundation/20251020_mem-histone/fish1_72hpf_roi2/Logs					1
Aang_Foundation	20251020_mem-histone	Aang_Foundation/20251020_mem-histone/fish1_72hpf_roi2/perf					1
Aang_Foundation	20251020_mem-histone	Aang_Foundation/20251020_mem-histone/fish1_72hpf_roi3/AFFFT					2
Aang_Foundation	20251020_mem-histone	Aang_Foundation/20251020_mem-histone/fish1_72hpf_roi3/DSH1					5
Aang_Foundation	20251020_mem-histone	Aang_Foundation/20251020_mem-histone/fish1_72hpf_roi3/Logs					1
Aang_Foundation	20251020_mem-histone	Aang_Foundation/20251020_mem-histone/fish1_72hpf_roi3/perf					1
Aang_Foundation	20251020_mem-histone	Aang_Foundation/20251020_mem-histone/fish1_72hpf_roi4/AFFFT					2
Aang_Foundation	20251020_mem-histone	Aang_Foundation/20251020_mem-histone/fish1_72hpf_roi4/DSH1					5
Aang_Foundation	20251020_mem-histone	Aang_Foundation/20251020_mem-histone/fish1_72hpf_roi4/Logs					1
Aang_Foundation	20251020_mem-histone	Aang_Foundation/20251020_mem-histone/fish1_72hpf_roi4/perf					1
Aang_Foundation	20251020_mem-histone	Aang_Foundation/20251020_mem-histone/fish1_72hpf_roi5/AFFFT					2
Aang_Foundation	20251020_mem-histone	Aang_Foundation/20251020_mem-histone/fish1_72hpf_roi5/DSH1					5
Aang_Foundation	20251020_mem-histone	Aang_Foundation/20251020_mem-histone/fish1_72hpf_roi5/Logs					1
Aang_Foundation	20251020_mem-histone	Aang_Foundation/20251020_mem-histone/fish1_72hpf_roi5/perf					1
Aang_Foundation	20251020_mem-histone	Aang_Foundation/20251020_mem-histone/fish1_72hpf_roi6/AFFFT					2
Aang_Foundation	20251020_mem-histone	Aang_Foundation/20251020_mem-histone/fish1_72hpf_roi6/DSH1					5
Aang_Foundation	20251020_mem-histone	Aang_Foundation/20251020_mem-histone/fish1_72hpf_roi6/Logs					1
Aang_Foundation	20251020_mem-histone	Aang_Foundation/20251020_mem-histone/fish1_72hpf_roi6/perf					1
Aang_Foundation	20251020_mem-histone	Aang_Foundation/20251020_mem-histone/fish1_72hpf_roi7/AFFFT					2
Aang_Foundation	20251020_mem-histone	Aang_Foundation/20251020_mem-histone/fish1_72hpf_roi7/DSH1					5
Aang_Foundation	20251020_mem-histone	Aang_Foundation/20251020_mem-histone/fish1_72hpf_roi7/Logs					1
Aang_Foundation	20251020_mem-histone	Aang_Foundation/20251020_mem-histone/fish1_72hpf_roi7/perf					1
Aang_Foundation	20251020_mem-histone	Aang_Foundation/20251020_mem-histone/fish2_72hpf_roi1/AFFFT					2
Aang_Foundation	20251020_mem-histone	Aang_Foundation/20251020_mem-histone/fish2_72hpf_roi1/DSH1					5
Aang_Foundation	20251020_mem-histone	Aang_Foundation/20251020_mem-histone/fish2_72hpf_roi1/LVScripts					1
Aang_Foundation	20251020_mem-histone	Aang_Foundation/20251020_mem-histone/fish2_72hpf_roi1/Logs					1
Aang_Foundation	20251020_mem-histone	Aang_Foundation/20251020_mem-histone/fish2_72hpf_roi1/perf					1
Aang_Foundation	20251020_mem-histone	Aang_Foundation/20251020_mem-histone/fish2_72hpf_roi2/AFFFT					2
Aang_Foundation	20251020_mem-histone	Aang_Foundation/20251020_mem-histone/fish2_72hpf_roi2/DSH1					5
Aang_Foundation	20251020_mem-histone	Aang_Foundation/20251020_mem-histone/fish2_72hpf_roi2/LVScripts					1
Aang_Foundation	20251020_mem-histone	Aang_Foundation/20251020_mem-histone/fish2_72hpf_roi2/Logs					1
Aang_Foundation	20251020_mem-histone	Aang_Foundation/20251020_mem-histone/fish2_72hpf_roi2/perf					1
Aang_Foundation	20251020_mem-histone	Aang_Foundation/20251020_mem-histone/fish3_72hpf_roi1/AFFFT					2
Aang_Foundation	20251020_mem-histone	Aang_Foundation/20251020_mem-histone/fish3_72hpf_roi1/DSH1					5
Aang_Foundation	20251020_mem-histone	Aang_Foundation/20251020_mem-histone/fish3_72hpf_roi1/LVScripts					1
Aang_Foundation	20251020_mem-histone	Aang_Foundation/20251020_mem-histone/fish3_72hpf_roi1/Logs					1
Aang_Foundation	20251020_mem-histone	Aang_Foundation/20251020_mem-histone/fish3_72hpf_roi1/perf					1
Aang_Foundation	20251020_mem-histone	Aang_Foundation/20251020_mem-histone/fish3_72hpf_roi2/AFFFT					2
Aang_Foundation	20251020_mem-histone	Aang_Foundation/20251020_mem-histone/fish3_72hpf_roi2/DSH1					5
Aang_Foundation	20251020_mem-histone	Aang_Foundation/20251020_mem-histone/fish3_72hpf_roi2/LVScripts					1
Aang_Foundation	20251020_mem-histone	Aang_Foundation/20251020_mem-histone/fish3_72hpf_roi2/Logs					1
Aang_Foundation	20251020_mem-histone	Aang_Foundation/20251020_mem-histone/fish3_72hpf_roi2/perf					1
Aang_Foundation	20251020_mem-histone	Aang_Foundation/20251020_mem-histone/fish3_72hpf_roi3/AFFFT					2
Aang_Foundation	20251020_mem-histone	Aang_Foundation/20251020_mem-histone/fish3_72hpf_roi3/DSH1					5
Aang_Foundation	20251020_mem-histone	Aang_Foundation/20251020_mem-histone/fish3_72hpf_roi3/Logs					1
Aang_Foundation	20251020_mem-histone	Aang_Foundation/20251020_mem-histone/fish3_72hpf_roi3/perf					1
Aang_Foundation	20251021_mem-mito	Aang_Foundation/20251021_mem-mito/fish1_24hpf_roi1/AFFFT					2
Aang_Foundation	20251021_mem-mito	Aang_Foundation/20251021_mem-mito/fish1_24hpf_roi1/DSH1					5
Aang_Foundation	20251021_mem-mito	Aang_Foundation/20251021_mem-mito/fish1_24hpf_roi1/LVScripts					1
Aang_Foundation	20251021_mem-mito	Aang_Foundation/20251021_mem-mito/fish1_24hpf_roi1/Logs					1
Aang_Foundation	20251021_mem-mito	Aang_Foundation/20251021_mem-mito/fish1_24hpf_roi1/perf					1
Aang_Foundation	20251021_mem-mito	Aang_Foundation/20251021_mem-mito/fish1_24hpf_roi2/AFFFT					2
Aang_Foundation	20251021_mem-mito	Aang_Foundation/20251021_mem-mito/fish1_24hpf_roi2/DSH1					5
Aang_Foundation	20251021_mem-mito	Aang_Foundation/20251021_mem-mito/fish1_24hpf_roi2/LVScripts					1
Aang_Foundation	20251021_mem-mito	Aang_Foundation/20251021_mem-mito/fish1_24hpf_roi2/Logs					1
Aang_Foundation	20251021_mem-mito	Aang_Foundation/20251021_mem-mito/fish1_24hpf_roi2/perf					1
Aang_Foundation	20251021_mem-mito	Aang_Foundation/20251021_mem-mito/fish2_24hpf_roi1/AFFFT					2
Aang_Foundation	20251021_mem-mito	Aang_Foundation/20251021_mem-mito/fish2_24hpf_roi1/DSH1					5
Aang_Foundation	20251021_mem-mito	Aang_Foundation/20251021_mem-mito/fish2_24hpf_roi1/LVScripts					1
Aang_Foundation	20251021_mem-mito	Aang_Foundation/20251021_mem-mito/fish2_24hpf_roi1/Logs					1
Aang_Foundation	20251021_mem-mito	Aang_Foundation/20251021_mem-mito/fish2_24hpf_roi1/perf					1
Aang_Foundation	20251021_mem-mito	Aang_Foundation/20251021_mem-mito/fish2_24hpf_roi2/AFFFT					2
Aang_Foundation	20251021_mem-mito	Aang_Foundation/20251021_mem-mito/fish2_24hpf_roi2/DSH1					5
Aang_Foundation	20251021_mem-mito	Aang_Foundation/20251021_mem-mito/fish2_24hpf_roi2/Logs					1
Aang_Foundation	20251021_mem-mito	Aang_Foundation/20251021_mem-mito/fish2_24hpf_roi2/perf					1
Aang_Foundation	20251021_mem-mito	Aang_Foundation/20251021_mem-mito/fish3_24hpf_roi1/AFFFT					2
Aang_Foundation	20251021_mem-mito	Aang_Foundation/20251021_mem-mito/fish3_24hpf_roi1/DSH1					5
Aang_Foundation	20251021_mem-mito	Aang_Foundation/20251021_mem-mito/fish3_24hpf_roi1/Logs					1
Aang_Foundation	20251021_mem-mito	Aang_Foundation/20251021_mem-mito/fish3_24hpf_roi1/perf					1
Aang_Foundation	20251021_mem-mito	Aang_Foundation/20251021_mem-mito/fish3_24hpf_roi2/AFFFT					2
Aang_Foundation	20251021_mem-mito	Aang_Foundation/20251021_mem-mito/fish3_24hpf_roi2/DSH1					5
Aang_Foundation	20251021_mem-mito	Aang_Foundation/20251021_mem-mito/fish3_24hpf_roi2/Logs					1
Aang_Foundation	20251021_mem-mito	Aang_Foundation/20251021_mem-mito/fish3_24hpf_roi2/perf					1
Aang_Foundation	20251021_mem-mito	Aang_Foundation/20251021_mem-mito/fish4_24hpf_roi1/AFFFT					2
Aang_Foundation	20251021_mem-mito	Aang_Foundation/20251021_mem-mito/fish4_24hpf_roi1/DSH1					5
Aang_Foundation	20251021_mem-mito	Aang_Foundation/20251021_mem-mito/fish4_24hpf_roi1/Logs					1
Aang_Foundation	20251021_mem-mito	Aang_Foundation/20251021_mem-mito/fish4_24hpf_roi1/perf					1
Aang_Foundation	20251021_mem-mito	Aang_Foundation/20251021_mem-mito/fish5_24hpf_roi1/AFFFT					2
Aang_Foundation	20251021_mem-mito	Aang_Foundation/20251021_mem-mito/fish5_24hpf_roi1/DSH1					5
Aang_Foundation	20251021_mem-mito	Aang_Foundation/20251021_mem-mito/fish5_24hpf_roi1/Logs					1
Aang_Foundation	20251021_mem-mito	Aang_Foundation/20251021_mem-mito/fish5_24hpf_roi1/perf					1
Aang_Foundation	20251021_mem-mito	Aang_Foundation/20251021_mem-mito/fish6_24hpf_roi1/AFFFT					2
Aang_Foundation	20251021_mem-mito	Aang_Foundation/20251021_mem-mito/fish6_24hpf_roi1/DSH1					5
Aang_Foundation	20251021_mem-mito	Aang_Foundation/20251021_mem-mito/fish6_24hpf_roi1/Logs					1
Aang_Foundation	20251021_mem-mito	Aang_Foundation/20251021_mem-mito/fish6_24hpf_roi1/perf					1
Aang_Foundation	20251021_mem-mito	Aang_Foundation/20251021_mem-mito/fish6_24hpf_roi2/AFFFT					2
Aang_Foundation	20251021_mem-mito	Aang_Foundation/20251021_mem-mito/fish6_24hpf_roi2/DSH1					5
Aang_Foundation	20251021_mem-mito	Aang_Foundation/20251021_mem-mito/fish6_24hpf_roi2/Logs					1
Aang_Foundation	20251021_mem-mito	Aang_Foundation/20251021_mem-mito/fish6_24hpf_roi2/perf					1
Aang_Foundation	20251021_mem-mito_v2	Aang_Foundation/20251021_mem-mito_v2/fish1_24hpf_roi1/AFFFT					2
Aang_Foundation	20251021_mem-mito_v2	Aang_Foundation/20251021_mem-mito_v2/fish1_24hpf_roi1/DSH1					5
Aang_Foundation	20251021_mem-mito_v2	Aang_Foundation/20251021_mem-mito_v2/fish1_24hpf_roi1/LVScripts					1
Aang_Foundation	20251021_mem-mito_v2	Aang_Foundation/20251021_mem-mito_v2/fish1_24hpf_roi1/Logs					1
Aang_Foundation	20251021_mem-mito_v2	Aang_Foundation/20251021_mem-mito_v2/fish1_24hpf_roi1/perf					1
Aang_Foundation	20251021_mem-mito_v2	Aang_Foundation/20251021_mem-mito_v2/fish2_24hpf_roi1/AFFFT					2
Aang_Foundation	20251021_mem-mito_v2	Aang_Foundation/20251021_mem-mito_v2/fish2_24hpf_roi1/DSH1					5
Aang_Foundation	20251021_mem-mito_v2	Aang_Foundation/20251021_mem-mito_v2/fish2_24hpf_roi1/LVScripts					1
Aang_Foundation	20251021_mem-mito_v2	Aang_Foundation/20251021_mem-mito_v2/fish2_24hpf_roi1/Logs					1
Aang_Foundation	20251021_mem-mito_v2	Aang_Foundation/20251021_mem-mito_v2/fish2_24hpf_roi1/perf					1
Aang_Foundation	20251021_mem-mito_v2	Aang_Foundation/20251021_mem-mito_v2/fish2_24hpf_roi2/AFFFT					2
Aang_Foundation	20251021_mem-mito_v2	Aang_Foundation/20251021_mem-mito_v2/fish2_24hpf_roi2/DSH1					5
Aang_Foundation	20251021_mem-mito_v2	Aang_Foundation/20251021_mem-mito_v2/fish2_24hpf_roi2/Logs					1
Aang_Foundation	20251021_mem-mito_v2	Aang_Foundation/20251021_mem-mito_v2/fish2_24hpf_roi2/perf					1
Aang_Foundation	20251021_mem-mito_v2	Aang_Foundation/20251021_mem-mito_v2/fish4_24hpf_roi1/AFFFT					2
Aang_Foundation	20251021_mem-mito_v2	Aang_Foundation/20251021_mem-mito_v2/fish4_24hpf_roi1/DSH1					5
Aang_Foundation	20251021_mem-mito_v2	Aang_Foundation/20251021_mem-mito_v2/fish4_24hpf_roi1/Logs					1
Aang_Foundation	20251021_mem-mito_v2	Aang_Foundation/20251021_mem-mito_v2/fish4_24hpf_roi1/perf					1
Aang_Foundation	20251021_mem-mito_v2	Aang_Foundation/20251021_mem-mito_v2/fish4_24hpf_roi2/AFFFT					2
Aang_Foundation	20251021_mem-mito_v2	Aang_Foundation/20251021_mem-mito_v2/fish4_24hpf_roi2/DSH1					5
Aang_Foundation	20251021_mem-mito_v2	Aang_Foundation/20251021_mem-mito_v2/fish4_24hpf_roi2/Logs					1
Aang_Foundation	20251021_mem-mito_v2	Aang_Foundation/20251021_mem-mito_v2/fish4_24hpf_roi2/perf					1
Aang_Foundation	20251021_mem-mito_v2	Aang_Foundation/20251021_mem-mito_v2/fish4_24hpf_roi3/AFFFT					2
Aang_Foundation	20251021_mem-mito_v2	Aang_Foundation/20251021_mem-mito_v2/fish4_24hpf_roi3/DSH1					5
Aang_Foundation	20251021_mem-mito_v2	Aang_Foundation/20251021_mem-mito_v2/fish4_24hpf_roi3/Logs					1
Aang_Foundation	20251021_mem-mito_v2	Aang_Foundation/20251021_mem-mito_v2/fish4_24hpf_roi3/perf					1
Aang_Foundation	20251021_mem-mito_v2	Aang_Foundation/20251021_mem-mito_v2/fish4_24hpf_roi4/AFFFT					2
Aang_Foundation	20251021_mem-mito_v2	Aang_Foundation/20251021_mem-mito_v2/fish4_24hpf_roi4/DSH1					5
Aang_Foundation	20251021_mem-mito_v2	Aang_Foundation/20251021_mem-mito_v2/fish4_24hpf_roi4/Logs					1
Aang_Foundation	20251021_mem-mito_v2	Aang_Foundation/20251021_mem-mito_v2/fish4_24hpf_roi4/perf					1
Aang_Foundation	20251022_mem-mito	Aang_Foundation/20251022_mem-mito/fish1_48hpf_roi1/AFFFT					2
Aang_Foundation	20251022_mem-mito	Aang_Foundation/20251022_mem-mito/fish1_48hpf_roi1/DSH1					5
Aang_Foundation	20251022_mem-mito	Aang_Foundation/20251022_mem-mito/fish1_48hpf_roi1/LVScripts					1
Aang_Foundation	20251022_mem-mito	Aang_Foundation/20251022_mem-mito/fish1_48hpf_roi1/Logs					1
Aang_Foundation	20251022_mem-mito	Aang_Foundation/20251022_mem-mito/fish1_48hpf_roi1/perf					1
Aang_Foundation	20251022_mem-mito	Aang_Foundation/20251022_mem-mito/fish3_48hpf_roi1/AFFFT					2
Aang_Foundation	20251022_mem-mito	Aang_Foundation/20251022_mem-mito/fish3_48hpf_roi1/DSH1					5
Aang_Foundation	20251022_mem-mito	Aang_Foundation/20251022_mem-mito/fish3_48hpf_roi1/LVScripts					1
Aang_Foundation	20251022_mem-mito	Aang_Foundation/20251022_mem-mito/fish3_48hpf_roi1/Logs					1
Aang_Foundation	20251022_mem-mito	Aang_Foundation/20251022_mem-mito/fish3_48hpf_roi1/perf					1
Aang_Foundation	20251022_mem-mito	Aang_Foundation/20251022_mem-mito/fish3_48hpf_roi2/AFFFT					2
Aang_Foundation	20251022_mem-mito	Aang_Foundation/20251022_mem-mito/fish3_48hpf_roi2/DSH1					5
Aang_Foundation	20251022_mem-mito	Aang_Foundation/20251022_mem-mito/fish3_48hpf_roi2/Logs					1
Aang_Foundation	20251022_mem-mito	Aang_Foundation/20251022_mem-mito/fish3_48hpf_roi2/perf					1
Aang_Foundation	20251022_mem-mito	Aang_Foundation/20251022_mem-mito/fish4_48hpf_roi1/AFFFT					2
Aang_Foundation	20251022_mem-mito	Aang_Foundation/20251022_mem-mito/fish4_48hpf_roi1/DSH1					5
Aang_Foundation	20251022_mem-mito	Aang_Foundation/20251022_mem-mito/fish4_48hpf_roi1/Logs					1
Aang_Foundation	20251022_mem-mito	Aang_Foundation/20251022_mem-mito/fish4_48hpf_roi1/perf					1
Aang_Foundation	20251023_mem-mito	Aang_Foundation/20251023_mem-mito/fish1_24hpf_roi1/AFFFT					2
Aang_Foundation	20251023_mem-mito	Aang_Foundation/20251023_mem-mito/fish1_24hpf_roi1/DSH1					5
Aang_Foundation	20251023_mem-mito	Aang_Foundation/20251023_mem-mito/fish1_24hpf_roi1/LVScripts					1
Aang_Foundation	20251023_mem-mito	Aang_Foundation/20251023_mem-mito/fish1_24hpf_roi1/Logs					1
Aang_Foundation	20251023_mem-mito	Aang_Foundation/20251023_mem-mito/fish1_24hpf_roi1/job_logs					1
Aang_Foundation	20251023_mem-mito	Aang_Foundation/20251023_mem-mito/fish1_24hpf_roi1/perf					1
Aang_Foundation	20251023_mem-mito	Aang_Foundation/20251023_mem-mito/fish1_24hpf_roi1/tmp					1
Aang_Foundation	20251023_mem-mito	Aang_Foundation/20251023_mem-mito/fish1_24hpf_roi2/AFFFT					2
Aang_Foundation	20251023_mem-mito	Aang_Foundation/20251023_mem-mito/fish1_24hpf_roi2/DSH1					5
Aang_Foundation	20251023_mem-mito	Aang_Foundation/20251023_mem-mito/fish1_24hpf_roi2/LVScripts					1
Aang_Foundation	20251023_mem-mito	Aang_Foundation/20251023_mem-mito/fish1_24hpf_roi2/Logs					1
Aang_Foundation	20251023_mem-mito	Aang_Foundation/20251023_mem-mito/fish1_24hpf_roi2/perf					1
Aang_Foundation	20251023_mem-mito	Aang_Foundation/20251023_mem-mito/fish3_24hpf_roi1/AFFFT					2
Aang_Foundation	20251023_mem-mito	Aang_Foundation/20251023_mem-mito/fish3_24hpf_roi1/DSH1					5
Aang_Foundation	20251023_mem-mito	Aang_Foundation/20251023_mem-mito/fish3_24hpf_roi1/LVScripts					1
Aang_Foundation	20251023_mem-mito	Aang_Foundation/20251023_mem-mito/fish3_24hpf_roi1/Logs					1
Aang_Foundation	20251023_mem-mito	Aang_Foundation/20251023_mem-mito/fish3_24hpf_roi1/perf					1
Aang_Foundation	20251027_mem-histone	Aang_Foundation/20251027_mem-histone/fish1_120hpf_roi1/AFFFT					2
Aang_Foundation	20251027_mem-histone	Aang_Foundation/20251027_mem-histone/fish1_120hpf_roi1/DSH1					5
Aang_Foundation	20251027_mem-histone	Aang_Foundation/20251027_mem-histone/fish1_120hpf_roi1/LVScripts					1
Aang_Foundation	20251027_mem-histone	Aang_Foundation/20251027_mem-histone/fish1_120hpf_roi1/Logs					1
Aang_Foundation	20251027_mem-histone	Aang_Foundation/20251027_mem-histone/fish1_120hpf_roi1/perf					1
Aang_Foundation	20251027_mem-histone	Aang_Foundation/20251027_mem-histone/fish1_120hpf_roi2/AFFFT					2
Aang_Foundation	20251027_mem-histone	Aang_Foundation/20251027_mem-histone/fish1_120hpf_roi2/DSH1					5
Aang_Foundation	20251027_mem-histone	Aang_Foundation/20251027_mem-histone/fish1_120hpf_roi2/LVScripts					1
Aang_Foundation	20251027_mem-histone	Aang_Foundation/20251027_mem-histone/fish1_120hpf_roi2/Logs					1
Aang_Foundation	20251027_mem-histone	Aang_Foundation/20251027_mem-histone/fish1_120hpf_roi2/perf					1
Aang_Foundation	20251027_mem-histone	Aang_Foundation/20251027_mem-histone/fish3_120hpf_roi1/AFFFT					2
Aang_Foundation	20251027_mem-histone	Aang_Foundation/20251027_mem-histone/fish3_120hpf_roi1/DSH1					5
Aang_Foundation	20251027_mem-histone	Aang_Foundation/20251027_mem-histone/fish3_120hpf_roi1/LVScripts					1
Aang_Foundation	20251027_mem-histone	Aang_Foundation/20251027_mem-histone/fish3_120hpf_roi1/Logs					1
Aang_Foundation	20251027_mem-histone	Aang_Foundation/20251027_mem-histone/fish3_120hpf_roi1/perf					1
Aang_Foundation	20251027_mem-histone	Aang_Foundation/20251027_mem-histone/fish3_120hpf_roi2/AFFFT					2
Aang_Foundation	20251027_mem-histone	Aang_Foundation/20251027_mem-histone/fish3_120hpf_roi2/DSH1					5
Aang_Foundation	20251027_mem-histone	Aang_Foundation/20251027_mem-histone/fish3_120hpf_roi2/LVScripts					1
Aang_Foundation	20251027_mem-histone	Aang_Foundation/20251027_mem-histone/fish3_120hpf_roi2/Logs					1
Aang_Foundation	20251027_mem-histone	Aang_Foundation/20251027_mem-histone/fish3_120hpf_roi2/perf					1
Aang_Foundation	20251027_mem-histone	Aang_Foundation/20251027_mem-histone/fish3_120hpf_roi3/AFFFT					2
Aang_Foundation	20251027_mem-histone	Aang_Foundation/20251027_mem-histone/fish3_120hpf_roi3/DSH1					5
Aang_Foundation	20251027_mem-histone	Aang_Foundation/20251027_mem-histone/fish3_120hpf_roi3/Logs					1
Aang_Foundation	20251027_mem-histone	Aang_Foundation/20251027_mem-histone/fish3_120hpf_roi3/perf					1
Aang_Foundation	20251027_mem-histone	Aang_Foundation/20251027_mem-histone/fish3_120hpf_roi4/AFFFT					2
Aang_Foundation	20251027_mem-histone	Aang_Foundation/20251027_mem-histone/fish3_120hpf_roi4/DSH1					5
Aang_Foundation	20251027_mem-histone	Aang_Foundation/20251027_mem-histone/fish3_120hpf_roi4/Logs					1
Aang_Foundation	20251027_mem-histone	Aang_Foundation/20251027_mem-histone/fish3_120hpf_roi4/perf					1
Aang_Foundation	20251027_mem-histone	Aang_Foundation/20251027_mem-histone/fish3_120hpf_roi5/AFFFT					2
Aang_Foundation	20251027_mem-histone	Aang_Foundation/20251027_mem-histone/fish3_120hpf_roi5/DSH1					5
Aang_Foundation	20251027_mem-histone	Aang_Foundation/20251027_mem-histone/fish3_120hpf_roi5/Logs					1
Aang_Foundation	20251027_mem-histone	Aang_Foundation/20251027_mem-histone/fish3_120hpf_roi5/perf					1
Aang_Foundation	20251027_mem-histone	Aang_Foundation/20251027_mem-histone/fish3_120hpf_roi6/AFFFT					2
Aang_Foundation	20251027_mem-histone	Aang_Foundation/20251027_mem-histone/fish3_120hpf_roi6/DSH1					5
Aang_Foundation	20251027_mem-histone	Aang_Foundation/20251027_mem-histone/fish3_120hpf_roi6/Logs					1
Aang_Foundation	20251027_mem-histone	Aang_Foundation/20251027_mem-histone/fish3_120hpf_roi6/perf					1
Aang_Foundation	20251027_mem-histone	Aang_Foundation/20251027_mem-histone/fish3_120hpf_roi7/AFFFT					2
Aang_Foundation	20251027_mem-histone	Aang_Foundation/20251027_mem-histone/fish3_120hpf_roi7/DSH1					5
Aang_Foundation	20251027_mem-histone	Aang_Foundation/20251027_mem-histone/fish3_120hpf_roi7/Logs					1
Aang_Foundation	20251027_mem-histone	Aang_Foundation/20251027_mem-histone/fish3_120hpf_roi7/perf					1
Aang_Foundation	20251028_mem-mito	Aang_Foundation/20251028_mem-mito/fish1_24hpf_roi1/AFFFT					2
Aang_Foundation	20251028_mem-mito	Aang_Foundation/20251028_mem-mito/fish1_24hpf_roi1/DSH1					5
Aang_Foundation	20251028_mem-mito	Aang_Foundation/20251028_mem-mito/fish1_24hpf_roi1/LVScripts					1
Aang_Foundation	20251028_mem-mito	Aang_Foundation/20251028_mem-mito/fish1_24hpf_roi1/Logs					1
Aang_Foundation	20251028_mem-mito	Aang_Foundation/20251028_mem-mito/fish1_24hpf_roi1/perf					1
Aang_Foundation	20251028_mem-peroxi	Aang_Foundation/20251028_mem-peroxi/fish1_24hpf_roi1/AFFFT					2
Aang_Foundation	20251028_mem-peroxi	Aang_Foundation/20251028_mem-peroxi/fish1_24hpf_roi1/DSH1					5
Aang_Foundation	20251028_mem-peroxi	Aang_Foundation/20251028_mem-peroxi/fish1_24hpf_roi1/LVScripts					1
Aang_Foundation	20251028_mem-peroxi	Aang_Foundation/20251028_mem-peroxi/fish1_24hpf_roi1/Logs					1
Aang_Foundation	20251028_mem-peroxi	Aang_Foundation/20251028_mem-peroxi/fish1_24hpf_roi1/perf					1
Aang_Foundation	20251028_mem-peroxi	Aang_Foundation/20251028_mem-peroxi/fish4_24hpf_roi1/AFFFT					2
Aang_Foundation	20251028_mem-peroxi	Aang_Foundation/20251028_mem-peroxi/fish4_24hpf_roi1/DSH1					5
Aang_Foundation	20251028_mem-peroxi	Aang_Foundation/20251028_mem-peroxi/fish4_24hpf_roi1/LVScripts					1
Aang_Foundation	20251028_mem-peroxi	Aang_Foundation/20251028_mem-peroxi/fish4_24hpf_roi1/Logs					1
Aang_Foundation	20251028_mem-peroxi	Aang_Foundation/20251028_mem-peroxi/fish4_24hpf_roi1/perf					1
Aang_Foundation	20251028_mem-peroxi	Aang_Foundation/20251028_mem-peroxi/fish4_24hpf_roi2/AFFFT					2
Aang_Foundation	20251028_mem-peroxi	Aang_Foundation/20251028_mem-peroxi/fish4_24hpf_roi2/DSH1					5
Aang_Foundation	20251028_mem-peroxi	Aang_Foundation/20251028_mem-peroxi/fish4_24hpf_roi2/Logs					1
Aang_Foundation	20251028_mem-peroxi	Aang_Foundation/20251028_mem-peroxi/fish4_24hpf_roi2/perf					1
Aang_Foundation	20251028_mem-peroxi	Aang_Foundation/20251028_mem-peroxi/fish5_24hpf_roi1/AFFFT					2
Aang_Foundation	20251028_mem-peroxi	Aang_Foundation/20251028_mem-peroxi/fish5_24hpf_roi1/DSH1					5
Aang_Foundation	20251028_mem-peroxi	Aang_Foundation/20251028_mem-peroxi/fish5_24hpf_roi1/Logs					1
Aang_Foundation	20251028_mem-peroxi	Aang_Foundation/20251028_mem-peroxi/fish5_24hpf_roi1/perf					1
Aang_Foundation	20251028_mem-peroxi	Aang_Foundation/20251028_mem-peroxi/fish5_24hpf_roi2/AFFFT					2
Aang_Foundation	20251028_mem-peroxi	Aang_Foundation/20251028_mem-peroxi/fish5_24hpf_roi2/DSH1					5
Aang_Foundation	20251028_mem-peroxi	Aang_Foundation/20251028_mem-peroxi/fish5_24hpf_roi2/Logs					1
Aang_Foundation	20251028_mem-peroxi	Aang_Foundation/20251028_mem-peroxi/fish5_24hpf_roi2/perf					1
Aang_Foundation	20251028_mem-peroxi2	Aang_Foundation/20251028_mem-peroxi2/fish1_24hpf_roi1/AFFFT					2
Aang_Foundation	20251028_mem-peroxi2	Aang_Foundation/20251028_mem-peroxi2/fish1_24hpf_roi1/DSH1					5
Aang_Foundation	20251028_mem-peroxi2	Aang_Foundation/20251028_mem-peroxi2/fish1_24hpf_roi1/LVScripts					1
Aang_Foundation	20251028_mem-peroxi2	Aang_Foundation/20251028_mem-peroxi2/fish1_24hpf_roi1/Logs					1
Aang_Foundation	20251028_mem-peroxi2	Aang_Foundation/20251028_mem-peroxi2/fish1_24hpf_roi1/perf					1
Aang_Foundation	20251028_mem-peroxi2	Aang_Foundation/20251028_mem-peroxi2/fish2_24hpf_roi1/AFFFT					2
Aang_Foundation	20251028_mem-peroxi2	Aang_Foundation/20251028_mem-peroxi2/fish2_24hpf_roi1/DSH1					5
Aang_Foundation	20251028_mem-peroxi2	Aang_Foundation/20251028_mem-peroxi2/fish2_24hpf_roi1/LVScripts					1
Aang_Foundation	20251028_mem-peroxi2	Aang_Foundation/20251028_mem-peroxi2/fish2_24hpf_roi1/Logs					1
Aang_Foundation	20251028_mem-peroxi2	Aang_Foundation/20251028_mem-peroxi2/fish2_24hpf_roi1/perf					1
Aang_Foundation	20251028_mem-peroxi2	Aang_Foundation/20251028_mem-peroxi2/fish4_24hpf_roi1/AFFFT					2
Aang_Foundation	20251028_mem-peroxi2	Aang_Foundation/20251028_mem-peroxi2/fish4_24hpf_roi1/DSH1					5
Aang_Foundation	20251028_mem-peroxi2	Aang_Foundation/20251028_mem-peroxi2/fish4_24hpf_roi1/LVScripts					1
Aang_Foundation	20251028_mem-peroxi2	Aang_Foundation/20251028_mem-peroxi2/fish4_24hpf_roi1/Logs					1
Aang_Foundation	20251028_mem-peroxi2	Aang_Foundation/20251028_mem-peroxi2/fish4_24hpf_roi1/perf					1
Aang_Foundation	20251028_mem-peroxi2	Aang_Foundation/20251028_mem-peroxi2/fish5_24hpf_roi1/AFFFT					2
Aang_Foundation	20251028_mem-peroxi2	Aang_Foundation/20251028_mem-peroxi2/fish5_24hpf_roi1/DSH1					5
Aang_Foundation	20251028_mem-peroxi2	Aang_Foundation/20251028_mem-peroxi2/fish5_24hpf_roi1/LVScripts					1
Aang_Foundation	20251028_mem-peroxi2	Aang_Foundation/20251028_mem-peroxi2/fish5_24hpf_roi1/Logs					1
Aang_Foundation	20251028_mem-peroxi2	Aang_Foundation/20251028_mem-peroxi2/fish5_24hpf_roi1/perf					1
Aang_Foundation	20251028_mem-peroxi2	Aang_Foundation/20251028_mem-peroxi2/fish6_24hpf_roi1/AFFFT					2
Aang_Foundation	20251028_mem-peroxi2	Aang_Foundation/20251028_mem-peroxi2/fish6_24hpf_roi1/DSH1					5
Aang_Foundation	20251028_mem-peroxi2	Aang_Foundation/20251028_mem-peroxi2/fish6_24hpf_roi1/Logs					1
Aang_Foundation	20251028_mem-peroxi2	Aang_Foundation/20251028_mem-peroxi2/fish6_24hpf_roi1/perf					1
Aang_Foundation	20251105_mem-mito	Aang_Foundation/20251105_mem-mito/fish1_24hpf_roi1/AFFFT					2
Aang_Foundation	20251105_mem-mito	Aang_Foundation/20251105_mem-mito/fish1_24hpf_roi1/DSH1					5
Aang_Foundation	20251105_mem-mito	Aang_Foundation/20251105_mem-mito/fish1_24hpf_roi1/LVScripts					1
Aang_Foundation	20251105_mem-mito	Aang_Foundation/20251105_mem-mito/fish1_24hpf_roi1/Logs					1
Aang_Foundation	20251105_mem-mito	Aang_Foundation/20251105_mem-mito/fish1_24hpf_roi1/perf					1
Aang_Foundation	20251105_mem-mito	Aang_Foundation/20251105_mem-mito/fish2_24hpf_roi1/AFFFT					2
Aang_Foundation	20251105_mem-mito	Aang_Foundation/20251105_mem-mito/fish2_24hpf_roi1/DSH1					5
Aang_Foundation	20251105_mem-mito	Aang_Foundation/20251105_mem-mito/fish2_24hpf_roi1/LVScripts					1
Aang_Foundation	20251105_mem-mito	Aang_Foundation/20251105_mem-mito/fish2_24hpf_roi1/Logs					1
Aang_Foundation	20251105_mem-mito	Aang_Foundation/20251105_mem-mito/fish2_24hpf_roi1/perf					1
Aang_Foundation	20251105_mem-mito	Aang_Foundation/20251105_mem-mito/fish2_24hpf_roi2/AFFFT					2
Aang_Foundation	20251105_mem-mito	Aang_Foundation/20251105_mem-mito/fish2_24hpf_roi2/DSH1					5
Aang_Foundation	20251105_mem-mito	Aang_Foundation/20251105_mem-mito/fish2_24hpf_roi2/Logs					1
Aang_Foundation	20251105_mem-mito	Aang_Foundation/20251105_mem-mito/fish2_24hpf_roi2/perf					1
Aang_Foundation	20251105_mem-mito	Aang_Foundation/20251105_mem-mito/fish2_24hpf_roi3/Logs					1
Aang_Foundation	20251105_mem-mito	Aang_Foundation/20251105_mem-mito/fish3_24hpf_roi1/AFFFT					2
Aang_Foundation	20251105_mem-mito	Aang_Foundation/20251105_mem-mito/fish3_24hpf_roi1/DSH1					5
Aang_Foundation	20251105_mem-mito	Aang_Foundation/20251105_mem-mito/fish3_24hpf_roi1/LVScripts					1
Aang_Foundation	20251105_mem-mito	Aang_Foundation/20251105_mem-mito/fish3_24hpf_roi1/Logs					1
Aang_Foundation	20251105_mem-mito	Aang_Foundation/20251105_mem-mito/fish3_24hpf_roi1/perf					1
Aang_Foundation	20251105_mem-mito	Aang_Foundation/20251105_mem-mito/fish3_24hpf_roi2/AFFFT					2
Aang_Foundation	20251105_mem-mito	Aang_Foundation/20251105_mem-mito/fish3_24hpf_roi2/DSH1					5
Aang_Foundation	20251105_mem-mito	Aang_Foundation/20251105_mem-mito/fish3_24hpf_roi2/LVScripts					1
Aang_Foundation	20251105_mem-mito	Aang_Foundation/20251105_mem-mito/fish3_24hpf_roi2/Logs					1
Aang_Foundation	20251105_mem-mito	Aang_Foundation/20251105_mem-mito/fish3_24hpf_roi2/perf					1
Aang_Foundation	20251105_mem-mito	Aang_Foundation/20251105_mem-mito/fish4_24hpf_roi1/AFFFT					2
Aang_Foundation	20251105_mem-mito	Aang_Foundation/20251105_mem-mito/fish4_24hpf_roi1/DSH1					5
Aang_Foundation	20251105_mem-mito	Aang_Foundation/20251105_mem-mito/fish4_24hpf_roi1/LVScripts					1
Aang_Foundation	20251105_mem-mito	Aang_Foundation/20251105_mem-mito/fish4_24hpf_roi1/Logs					1
Aang_Foundation	20251105_mem-mito	Aang_Foundation/20251105_mem-mito/fish4_24hpf_roi1/perf					1
Aang_Foundation	20251105_mem-mito	Aang_Foundation/20251105_mem-mito/fish4_24hpf_roi2/AFFFT					2
Aang_Foundation	20251105_mem-mito	Aang_Foundation/20251105_mem-mito/fish4_24hpf_roi2/DSH1					5
Aang_Foundation	20251105_mem-mito	Aang_Foundation/20251105_mem-mito/fish4_24hpf_roi2/Logs					1
Aang_Foundation	20251105_mem-mito	Aang_Foundation/20251105_mem-mito/fish4_24hpf_roi2/perf					1
Aang_Foundation	20251105_mem-mito	Aang_Foundation/20251105_mem-mito/fish5_24hpf_roi1/AFFFT					2
Aang_Foundation	20251105_mem-mito	Aang_Foundation/20251105_mem-mito/fish5_24hpf_roi1/DSH1					5
Aang_Foundation	20251105_mem-mito	Aang_Foundation/20251105_mem-mito/fish5_24hpf_roi1/LVScripts					1
Aang_Foundation	20251105_mem-mito	Aang_Foundation/20251105_mem-mito/fish5_24hpf_roi1/Logs					1
Aang_Foundation	20251105_mem-mito	Aang_Foundation/20251105_mem-mito/fish5_24hpf_roi1/perf					1
Aang_Foundation	20251105_mem-mito	Aang_Foundation/20251105_mem-mito/fish5_24hpf_roi2/AFFFT					2
Aang_Foundation	20251105_mem-mito	Aang_Foundation/20251105_mem-mito/fish5_24hpf_roi2/DSH1					5
Aang_Foundation	20251105_mem-mito	Aang_Foundation/20251105_mem-mito/fish5_24hpf_roi2/Logs					1
Aang_Foundation	20251105_mem-mito	Aang_Foundation/20251105_mem-mito/fish5_24hpf_roi2/perf					1
Aang_Foundation	20251106_mem-mito	Aang_Foundation/20251106_mem-mito/fish1_48hpf_roi1/AFFFT					2
Aang_Foundation	20251106_mem-mito	Aang_Foundation/20251106_mem-mito/fish1_48hpf_roi1/DSH1					5
Aang_Foundation	20251106_mem-mito	Aang_Foundation/20251106_mem-mito/fish1_48hpf_roi1/LVScripts					1
Aang_Foundation	20251106_mem-mito	Aang_Foundation/20251106_mem-mito/fish1_48hpf_roi1/Logs					1
Aang_Foundation	20251106_mem-mito	Aang_Foundation/20251106_mem-mito/fish1_48hpf_roi1/perf					1
Aang_Foundation	20251106_mem-mito	Aang_Foundation/20251106_mem-mito/fish1_48hpf_roi2/AFFFT					2
Aang_Foundation	20251106_mem-mito	Aang_Foundation/20251106_mem-mito/fish1_48hpf_roi2/DSH1					5
Aang_Foundation	20251106_mem-mito	Aang_Foundation/20251106_mem-mito/fish1_48hpf_roi2/LVScripts					1
Aang_Foundation	20251106_mem-mito	Aang_Foundation/20251106_mem-mito/fish1_48hpf_roi2/Logs					1
Aang_Foundation	20251106_mem-mito	Aang_Foundation/20251106_mem-mito/fish1_48hpf_roi2/perf					1
Aang_Foundation	20251106_mem-mito	Aang_Foundation/20251106_mem-mito/fish1_48hpf_roi3/AFFFT					2
Aang_Foundation	20251106_mem-mito	Aang_Foundation/20251106_mem-mito/fish1_48hpf_roi3/DSH1					5
Aang_Foundation	20251106_mem-mito	Aang_Foundation/20251106_mem-mito/fish1_48hpf_roi3/Logs					1
Aang_Foundation	20251106_mem-mito	Aang_Foundation/20251106_mem-mito/fish1_48hpf_roi4/Logs					1
Aang_Foundation	20251106_mem-mito	Aang_Foundation/20251106_mem-mito/fish2_48hpf_roi1/AFFFT					2
Aang_Foundation	20251106_mem-mito	Aang_Foundation/20251106_mem-mito/fish2_48hpf_roi1/DSH1					5
Aang_Foundation	20251106_mem-mito	Aang_Foundation/20251106_mem-mito/fish2_48hpf_roi1/LVScripts					1
Aang_Foundation	20251106_mem-mito	Aang_Foundation/20251106_mem-mito/fish2_48hpf_roi1/Logs					1
Aang_Foundation	20251106_mem-mito	Aang_Foundation/20251106_mem-mito/fish2_48hpf_roi1/perf					1
Aang_Foundation	20251106_mem-mito	Aang_Foundation/20251106_mem-mito/fish2_48hpf_roi2/AFFFT					2
Aang_Foundation	20251106_mem-mito	Aang_Foundation/20251106_mem-mito/fish2_48hpf_roi2/DSH1					5
Aang_Foundation	20251106_mem-mito	Aang_Foundation/20251106_mem-mito/fish2_48hpf_roi2/Logs					1
Aang_Foundation	20251106_mem-mito	Aang_Foundation/20251106_mem-mito/fish2_48hpf_roi2/perf					1
Aang_Foundation	20251106_mem-mito	Aang_Foundation/20251106_mem-mito/fish2_48hpf_roi3/AFFFT					2
Aang_Foundation	20251106_mem-mito	Aang_Foundation/20251106_mem-mito/fish2_48hpf_roi3/DSH1					5
Aang_Foundation	20251106_mem-mito	Aang_Foundation/20251106_mem-mito/fish2_48hpf_roi3/Logs					1
Aang_Foundation	20251106_mem-mito	Aang_Foundation/20251106_mem-mito/fish2_48hpf_roi3/perf					1
Aang_Foundation	20251106_mem-mito	Aang_Foundation/20251106_mem-mito/fish2_48hpf_roi4/AFFFT					2
Aang_Foundation	20251106_mem-mito	Aang_Foundation/20251106_mem-mito/fish2_48hpf_roi4/DSH1					5
Aang_Foundation	20251106_mem-mito	Aang_Foundation/20251106_mem-mito/fish2_48hpf_roi4/Logs					1
Aang_Foundation	20251106_mem-mito	Aang_Foundation/20251106_mem-mito/fish2_48hpf_roi4/perf					1
Aang_Foundation	20251106_mem-mito	Aang_Foundation/20251106_mem-mito/fish3_48hpf_roi1/AFFFT					2
Aang_Foundation	20251106_mem-mito	Aang_Foundation/20251106_mem-mito/fish3_48hpf_roi1/DSH1					5
Aang_Foundation	20251106_mem-mito	Aang_Foundation/20251106_mem-mito/fish3_48hpf_roi1/LVScripts					1
Aang_Foundation	20251106_mem-mito	Aang_Foundation/20251106_mem-mito/fish3_48hpf_roi1/Logs					1
Aang_Foundation	20251106_mem-mito	Aang_Foundation/20251106_mem-mito/fish3_48hpf_roi1/perf					1
Aang_Foundation	20251106_mem-mito	Aang_Foundation/20251106_mem-mito/fish3_48hpf_roi2/AFFFT					2
Aang_Foundation	20251106_mem-mito	Aang_Foundation/20251106_mem-mito/fish3_48hpf_roi2/DSH1					5
Aang_Foundation	20251106_mem-mito	Aang_Foundation/20251106_mem-mito/fish3_48hpf_roi2/Logs					1
Aang_Foundation	20251106_mem-mito	Aang_Foundation/20251106_mem-mito/fish3_48hpf_roi2/perf					1
Aang_Foundation	20251106_mem-mito	Aang_Foundation/20251106_mem-mito/fish3_48hpf_roi3/AFFFT					2
Aang_Foundation	20251106_mem-mito	Aang_Foundation/20251106_mem-mito/fish3_48hpf_roi3/DSH1					5
Aang_Foundation	20251106_mem-mito	Aang_Foundation/20251106_mem-mito/fish3_48hpf_roi3/Logs					1
Aang_Foundation	20251106_mem-mito	Aang_Foundation/20251106_mem-mito/fish3_48hpf_roi3/perf					1
Aang_Foundation	20251106_mem-mito	Aang_Foundation/20251106_mem-mito/fish4_48hpf_roi1/AFFFT					2
Aang_Foundation	20251106_mem-mito	Aang_Foundation/20251106_mem-mito/fish4_48hpf_roi1/DSH1					5
Aang_Foundation	20251106_mem-mito	Aang_Foundation/20251106_mem-mito/fish4_48hpf_roi1/LVScripts					1
Aang_Foundation	20251106_mem-mito	Aang_Foundation/20251106_mem-mito/fish4_48hpf_roi1/Logs					1
Aang_Foundation	20251106_mem-mito	Aang_Foundation/20251106_mem-mito/fish4_48hpf_roi1/perf					1
Aang_Foundation	20251106_mem-mito	Aang_Foundation/20251106_mem-mito/fish4_48hpf_roi2/AFFFT					2
Aang_Foundation	20251106_mem-mito	Aang_Foundation/20251106_mem-mito/fish4_48hpf_roi2/DSH1					5
Aang_Foundation	20251106_mem-mito	Aang_Foundation/20251106_mem-mito/fish4_48hpf_roi2/Logs					1
Aang_Foundation	20251106_mem-mito	Aang_Foundation/20251106_mem-mito/fish4_48hpf_roi2/perf					1
Aang_Foundation	20251106_mem-mito	Aang_Foundation/20251106_mem-mito/fish4_48hpf_roi3/AFFFT					2
Aang_Foundation	20251106_mem-mito	Aang_Foundation/20251106_mem-mito/fish4_48hpf_roi3/DSH1					5
Aang_Foundation	20251106_mem-mito	Aang_Foundation/20251106_mem-mito/fish4_48hpf_roi3/Logs					1
Aang_Foundation	20251106_mem-mito	Aang_Foundation/20251106_mem-mito/fish4_48hpf_roi3/perf					1
Aang_Foundation	20251106_mem-mito	Aang_Foundation/20251106_mem-mito/fish4_48hpf_roi4/AFFFT					2
Aang_Foundation	20251106_mem-mito	Aang_Foundation/20251106_mem-mito/fish4_48hpf_roi4/DSH1					5
Aang_Foundation	20251106_mem-mito	Aang_Foundation/20251106_mem-mito/fish4_48hpf_roi4/Logs					1
Aang_Foundation	20251106_mem-mito	Aang_Foundation/20251106_mem-mito/fish4_48hpf_roi4/perf					1
Aang_Foundation	20251106_mem-mito	Aang_Foundation/20251106_mem-mito/fish5_48hpf_roi1/AFFFT					2
Aang_Foundation	20251106_mem-mito	Aang_Foundation/20251106_mem-mito/fish5_48hpf_roi1/DSH1					5
Aang_Foundation	20251106_mem-mito	Aang_Foundation/20251106_mem-mito/fish5_48hpf_roi1/LVScripts					1
Aang_Foundation	20251106_mem-mito	Aang_Foundation/20251106_mem-mito/fish5_48hpf_roi1/Logs					1
Aang_Foundation	20251106_mem-mito	Aang_Foundation/20251106_mem-mito/fish5_48hpf_roi1/perf					1
Aang_Foundation	20251106_mem-mito	Aang_Foundation/20251106_mem-mito/fish5_48hpf_roi2/AFFFT					2
Aang_Foundation	20251106_mem-mito	Aang_Foundation/20251106_mem-mito/fish5_48hpf_roi2/DSH1					5
Aang_Foundation	20251106_mem-mito	Aang_Foundation/20251106_mem-mito/fish5_48hpf_roi2/Logs					1
Aang_Foundation	20251106_mem-mito	Aang_Foundation/20251106_mem-mito/fish5_48hpf_roi2/perf					1
Aang_Foundation	20251106_mem-mito	Aang_Foundation/20251106_mem-mito/fish5_48hpf_roi3/AFFFT					2
Aang_Foundation	20251106_mem-mito	Aang_Foundation/20251106_mem-mito/fish5_48hpf_roi3/DSH1					5
Aang_Foundation	20251106_mem-mito	Aang_Foundation/20251106_mem-mito/fish5_48hpf_roi3/Logs					1
Aang_Foundation	20251106_mem-mito	Aang_Foundation/20251106_mem-mito/fish5_48hpf_roi3/perf					1
Aang_Foundation	20251107_mem-kinectocore	Aang_Foundation/20251107_mem-kinectocore/fish1_72hpf_roi1/AFFFT					2
Aang_Foundation	20251107_mem-kinectocore	Aang_Foundation/20251107_mem-kinectocore/fish1_72hpf_roi1/LVScripts					1
Aang_Foundation	20251107_mem-kinectocore	Aang_Foundation/20251107_mem-kinectocore/fish1_72hpf_roi1/Logs					1
Aang_Foundation	20251107_mem-kinectocore	Aang_Foundation/20251107_mem-kinectocore/fish1_72hpf_roi1/perf					1
Aang_Foundation	20251107_mem-mito	Aang_Foundation/20251107_mem-mito/fish1_24hpf_roi1-2/AFFFT					2
Aang_Foundation	20251107_mem-mito	Aang_Foundation/20251107_mem-mito/fish1_24hpf_roi1-2/DSH1					5
Aang_Foundation	20251107_mem-mito	Aang_Foundation/20251107_mem-mito/fish1_24hpf_roi1-2/LVScripts					1
Aang_Foundation	20251107_mem-mito	Aang_Foundation/20251107_mem-mito/fish1_24hpf_roi1-2/Logs					1
Aang_Foundation	20251107_mem-mito	Aang_Foundation/20251107_mem-mito/fish1_24hpf_roi1-2/perf					1
Aang_Foundation	20251107_mem-mito	Aang_Foundation/20251107_mem-mito/fish1_24hpf_roi1/AFFFT					2
Aang_Foundation	20251107_mem-mito	Aang_Foundation/20251107_mem-mito/fish1_24hpf_roi1/DSH1					5
Aang_Foundation	20251107_mem-mito	Aang_Foundation/20251107_mem-mito/fish1_24hpf_roi1/LVScripts					1
Aang_Foundation	20251107_mem-mito	Aang_Foundation/20251107_mem-mito/fish1_24hpf_roi1/Logs					1
Aang_Foundation	20251107_mem-mito	Aang_Foundation/20251107_mem-mito/fish1_24hpf_roi1/perf					1
Aang_Foundation	20251107_mem-mito	Aang_Foundation/20251107_mem-mito/fish1_24hpf_roi2/AFFFT					2
Aang_Foundation	20251107_mem-mito	Aang_Foundation/20251107_mem-mito/fish1_24hpf_roi2/DSH1					5
Aang_Foundation	20251107_mem-mito	Aang_Foundation/20251107_mem-mito/fish1_24hpf_roi2/Logs					1
Aang_Foundation	20251107_mem-mito	Aang_Foundation/20251107_mem-mito/fish1_24hpf_roi2/perf					1
Aang_Foundation	20251107_mem-mito	Aang_Foundation/20251107_mem-mito/fish1_24hpf_roi3/AFFFT					2
Aang_Foundation	20251107_mem-mito	Aang_Foundation/20251107_mem-mito/fish1_24hpf_roi3/DSH1					5
Aang_Foundation	20251107_mem-mito	Aang_Foundation/20251107_mem-mito/fish1_24hpf_roi3/LVScripts					1
Aang_Foundation	20251107_mem-mito	Aang_Foundation/20251107_mem-mito/fish1_24hpf_roi3/Logs					1
Aang_Foundation	20251107_mem-mito	Aang_Foundation/20251107_mem-mito/fish1_24hpf_roi3/perf					1
Aang_Foundation	20251107_mem-mito	Aang_Foundation/20251107_mem-mito/fish2_24hpf_roi1/DSH1					5
Aang_Foundation	20251107_mem-mito	Aang_Foundation/20251107_mem-mito/fish2_24hpf_roi1/LVScripts					1
Aang_Foundation	20251107_mem-mito	Aang_Foundation/20251107_mem-mito/fish2_24hpf_roi1/Logs					1
Aang_Foundation	20251107_mem-mito	Aang_Foundation/20251107_mem-mito/fish2_24hpf_roi3/AFFFT					2
Aang_Foundation	20251107_mem-mito	Aang_Foundation/20251107_mem-mito/fish2_24hpf_roi3/DSH1					5
Aang_Foundation	20251107_mem-mito	Aang_Foundation/20251107_mem-mito/fish2_24hpf_roi3/LVScripts					1
Aang_Foundation	20251107_mem-mito	Aang_Foundation/20251107_mem-mito/fish2_24hpf_roi3/Logs					1
Aang_Foundation	20251107_mem-mito	Aang_Foundation/20251107_mem-mito/fish2_24hpf_roi3/perf					1
Aang_Foundation	20251107_mem-mito	Aang_Foundation/20251107_mem-mito/fish3_24hpf_roi1/AFFFT					2
Aang_Foundation	20251107_mem-mito	Aang_Foundation/20251107_mem-mito/fish3_24hpf_roi1/DSH1					5
Aang_Foundation	20251107_mem-mito	Aang_Foundation/20251107_mem-mito/fish3_24hpf_roi1/LVScripts					1
Aang_Foundation	20251107_mem-mito	Aang_Foundation/20251107_mem-mito/fish3_24hpf_roi1/Logs					1
Aang_Foundation	20251107_mem-mito	Aang_Foundation/20251107_mem-mito/fish3_24hpf_roi1/perf					1
Aang_Foundation	20251107_mem-mito	Aang_Foundation/20251107_mem-mito/fish3_24hpf_roi2/AFFFT					2
Aang_Foundation	20251107_mem-mito	Aang_Foundation/20251107_mem-mito/fish3_24hpf_roi2/DSH1					5
Aang_Foundation	20251107_mem-mito	Aang_Foundation/20251107_mem-mito/fish3_24hpf_roi2/Logs					1
Aang_Foundation	20251107_mem-mito	Aang_Foundation/20251107_mem-mito/fish3_24hpf_roi2/perf					1
Aang_Foundation	20251107_mem-mito	Aang_Foundation/20251107_mem-mito/fish4_24hpf_roi1/AFFFT					2
Aang_Foundation	20251107_mem-mito	Aang_Foundation/20251107_mem-mito/fish4_24hpf_roi1/DSH1					5
Aang_Foundation	20251107_mem-mito	Aang_Foundation/20251107_mem-mito/fish4_24hpf_roi1/Logs					1
Aang_Foundation	20251107_mem-mito	Aang_Foundation/20251107_mem-mito/fish4_24hpf_roi1/perf					1
Aang_Foundation	20251107_mem-mito	Aang_Foundation/20251107_mem-mito/fish4_24hpf_roi2/AFFFT					2
Aang_Foundation	20251107_mem-mito	Aang_Foundation/20251107_mem-mito/fish4_24hpf_roi2/DSH1					5
Aang_Foundation	20251107_mem-mito	Aang_Foundation/20251107_mem-mito/fish4_24hpf_roi2/Logs					1
Aang_Foundation	20251107_mem-mito	Aang_Foundation/20251107_mem-mito/fish4_24hpf_roi2/perf					1
Aang_Foundation	20251107_mem-mito	Aang_Foundation/20251107_mem-mito/fish5_24hpf_roi1/AFFFT					2
Aang_Foundation	20251107_mem-mito	Aang_Foundation/20251107_mem-mito/fish5_24hpf_roi1/DSH1					5
Aang_Foundation	20251107_mem-mito	Aang_Foundation/20251107_mem-mito/fish5_24hpf_roi1/Logs					1
Aang_Foundation	20251107_mem-mito	Aang_Foundation/20251107_mem-mito/fish5_24hpf_roi1/perf					1
Aang_Foundation	20251107_mem-mito	Aang_Foundation/20251107_mem-mito/fish5_24hpf_roi2/AFFFT					2
Aang_Foundation	20251107_mem-mito	Aang_Foundation/20251107_mem-mito/fish5_24hpf_roi2/DSH1					5
Aang_Foundation	20251107_mem-mito	Aang_Foundation/20251107_mem-mito/fish5_24hpf_roi2/Logs					1
Aang_Foundation	20251107_mem-mito	Aang_Foundation/20251107_mem-mito/fish5_24hpf_roi2/perf					1
Aang_Foundation	20251107_mem-mito	Aang_Foundation/20251107_mem-mito/fish6_24hpf_roi1/AFFFT					2
Aang_Foundation	20251107_mem-mito	Aang_Foundation/20251107_mem-mito/fish6_24hpf_roi1/DSH1					5
Aang_Foundation	20251107_mem-mito	Aang_Foundation/20251107_mem-mito/fish6_24hpf_roi1/Logs					1
Aang_Foundation	20251107_mem-mito	Aang_Foundation/20251107_mem-mito/fish6_24hpf_roi1/perf					1
Aang_Foundation	20251107_mem-mito	Aang_Foundation/20251107_mem-mito/fish6_24hpf_roi2/AFFFT					2
Aang_Foundation	20251107_mem-mito	Aang_Foundation/20251107_mem-mito/fish6_24hpf_roi2/DSH1					5
Aang_Foundation	20251107_mem-mito	Aang_Foundation/20251107_mem-mito/fish6_24hpf_roi2/Logs					1
Aang_Foundation	20251107_mem-mito	Aang_Foundation/20251107_mem-mito/fish6_24hpf_roi2/perf					1
Aang_Foundation	20251124_mem-histone	Aang_Foundation/20251124_mem-histone/fish2_72hpf_roi1/LVScripts					1
Aang_Foundation	20251124_mem-histone	Aang_Foundation/20251124_mem-histone/fish2_72hpf_roi1/Logs					1
Aang_Foundation	20251124_mem-histone	Aang_Foundation/20251124_mem-histone/fish2_72hpf_roi1/perf					1
Aang_Foundation	20251125_mem-histone	Aang_Foundation/20251125_mem-histone/fish1_96hpf_roi1/LVScripts					1
Aang_Foundation	20251125_mem-histone	Aang_Foundation/20251125_mem-histone/fish1_96hpf_roi1/Logs					1
Aang_Foundation	20251125_mem-histone	Aang_Foundation/20251125_mem-histone/fish1_96hpf_roi1/perf					1
Aang_Foundation	20251125_mem-histone	Aang_Foundation/20251125_mem-histone/fish1_96hpf_roi2/LVScripts					1
Aang_Foundation	20251125_mem-histone	Aang_Foundation/20251125_mem-histone/fish1_96hpf_roi2/Logs					1
Aang_Foundation	20251125_mem-histone	Aang_Foundation/20251125_mem-histone/fish1_96hpf_roi2/perf					1
Aang_Foundation	20251126_mem-histone	Aang_Foundation/20251126_mem-histone/fish1_120hpf_roi1/LVScripts					1
Aang_Foundation	20251126_mem-histone	Aang_Foundation/20251126_mem-histone/fish1_120hpf_roi1/Logs					1
Aang_Foundation	20251126_mem-histone	Aang_Foundation/20251126_mem-histone/fish1_120hpf_roi1/perf					1
Aang_Foundation	20251126_mem-histone	Aang_Foundation/20251126_mem-histone/fish2_120hpf_roi1/LVScripts					1
Aang_Foundation	20251126_mem-histone	Aang_Foundation/20251126_mem-histone/fish2_120hpf_roi1/Logs					1
Aang_Foundation	20251126_mem-histone	Aang_Foundation/20251126_mem-histone/fish2_120hpf_roi1/perf					1
Aang_Foundation	20251126_mem-histone	Aang_Foundation/20251126_mem-histone/fish2_120hpf_roi2/Logs					1
Aang_Foundation	20251126_mem-histone	Aang_Foundation/20251126_mem-histone/fish2_120hpf_roi2/perf					1
Aang_Foundation	20251128_mem-histone	Aang_Foundation/20251128_mem-histone/fish2_48hpf_roi1/LVScripts					1
Aang_Foundation	20251128_mem-histone	Aang_Foundation/20251128_mem-histone/fish2_48hpf_roi1/Logs					1
Aang_Foundation	20251128_mem-histone	Aang_Foundation/20251128_mem-histone/fish2_48hpf_roi1/perf					1
Aang_Foundation	20251128_mem-histone	Aang_Foundation/20251128_mem-histone/fish3_48hpf_roi1/Errors					1
Aang_Foundation	20251128_mem-histone	Aang_Foundation/20251128_mem-histone/fish3_48hpf_roi1/Logs					1
Aang_Foundation	20251128_mem-histone	Aang_Foundation/20251128_mem-histone/fish3_48hpf_roi1/perf					1
Aang_Foundation	20251202_mem-cytosolic	Aang_Foundation/20251202_mem-cytosolic/fish1_24hpf_roi1/LVScripts					1
Aang_Foundation	20251202_mem-cytosolic	Aang_Foundation/20251202_mem-cytosolic/fish1_24hpf_roi1/Logs					1
Aang_Foundation	20251202_mem-cytosolic	Aang_Foundation/20251202_mem-cytosolic/fish1_24hpf_roi1/perf					1
Aang_Foundation	20251202_mem-cytosolic	Aang_Foundation/20251202_mem-cytosolic/fish2_24hpf_roi1/LVScripts					1
Aang_Foundation	20251202_mem-cytosolic	Aang_Foundation/20251202_mem-cytosolic/fish2_24hpf_roi1/Logs					1
Aang_Foundation	20251202_mem-cytosolic	Aang_Foundation/20251202_mem-cytosolic/fish2_24hpf_roi1/perf					1
Aang_Foundation	20251202_mem-cytosolic	Aang_Foundation/20251202_mem-cytosolic/fish3_24hpf_roi1/Logs					1
Aang_Foundation	20251202_mem-cytosolic	Aang_Foundation/20251202_mem-cytosolic/fish3_24hpf_roi1/perf					1
Aang_Foundation	20251202_mem-cytosolic	Aang_Foundation/20251202_mem-cytosolic/fish4_24hpf_roi1/Logs					1
Aang_Foundation	20251202_mem-cytosolic	Aang_Foundation/20251202_mem-cytosolic/fish4_24hpf_roi1/perf					1
Aang_Foundation	20251202_mem-cytosolic	Aang_Foundation/20251202_mem-cytosolic/fish5_24hpf_roi1/Logs					1
Aang_Foundation	20251202_mem-cytosolic	Aang_Foundation/20251202_mem-cytosolic/fish5_24hpf_roi1/perf					1
Aang_Foundation	20251203_mem-cytosolic	Aang_Foundation/20251203_mem-cytosolic/fish1_48hpf_roi1/LVScripts					1
Aang_Foundation	20251203_mem-cytosolic	Aang_Foundation/20251203_mem-cytosolic/fish1_48hpf_roi1/Logs					1
Aang_Foundation	20251203_mem-cytosolic	Aang_Foundation/20251203_mem-cytosolic/fish1_48hpf_roi1/perf					1
Aang_Foundation	20251203_mem-cytosolic	Aang_Foundation/20251203_mem-cytosolic/fish2_48hpf_roi1/LVScripts					1
Aang_Foundation	20251203_mem-cytosolic	Aang_Foundation/20251203_mem-cytosolic/fish2_48hpf_roi1/Logs					1
Aang_Foundation	20251203_mem-cytosolic	Aang_Foundation/20251203_mem-cytosolic/fish2_48hpf_roi1/perf					1
Aang_Foundation	20251203_mem-cytosolic	Aang_Foundation/20251203_mem-cytosolic/fish3_48hpf_roi1/Logs					1
Aang_Foundation	20251203_mem-cytosolic	Aang_Foundation/20251203_mem-cytosolic/fish3_48hpf_roi1/perf					1
Aang_Foundation	20251203_mem-cytosolic	Aang_Foundation/20251203_mem-cytosolic/fish4_48hpf_roi1/Logs					1
Aang_Foundation	20251203_mem-cytosolic	Aang_Foundation/20251203_mem-cytosolic/fish4_48hpf_roi1/perf					1
Aang_Foundation	20251204_cdk_sensor_red_mem_red_nuc	Aang_Foundation/20251204_cdk_sensor_red_mem_red_nuc/fish1_24hpf_roi1/AFFFT					2
Aang_Foundation	20251204_cdk_sensor_red_mem_red_nuc	Aang_Foundation/20251204_cdk_sensor_red_mem_red_nuc/fish1_24hpf_roi1/Chromatic_Shift_Corrected				.zarr	11694
Aang_Foundation	20251204_cdk_sensor_red_mem_red_nuc	Aang_Foundation/20251204_cdk_sensor_red_mem_red_nuc/fish1_24hpf_roi1/DSH1					5
Aang_Foundation	20251204_cdk_sensor_red_mem_red_nuc	Aang_Foundation/20251204_cdk_sensor_red_mem_red_nuc/fish1_24hpf_roi1/Logs					1
Aang_Foundation	20251204_cdk_sensor_red_mem_red_nuc	Aang_Foundation/20251204_cdk_sensor_red_mem_red_nuc/fish1_24hpf_roi1/perf					1
Aang_Foundation	20251204_cdk_sensor_red_mem_red_nuc	Aang_Foundation/20251204_cdk_sensor_red_mem_red_nuc/fish1_24hpf_roi1/tmp					1
Aang_Foundation	20251204_cdk_sensor_red_mem_red_nuc	Aang_Foundation/20251204_cdk_sensor_red_mem_red_nuc/fish3_24hpf_roi1/AFFFT					2
Aang_Foundation	20251204_cdk_sensor_red_mem_red_nuc	Aang_Foundation/20251204_cdk_sensor_red_mem_red_nuc/fish3_24hpf_roi1/DSH1					5
Aang_Foundation	20251204_cdk_sensor_red_mem_red_nuc	Aang_Foundation/20251204_cdk_sensor_red_mem_red_nuc/fish3_24hpf_roi1/Logs					1
Aang_Foundation	20251204_cdk_sensor_red_mem_red_nuc	Aang_Foundation/20251204_cdk_sensor_red_mem_red_nuc/fish3_24hpf_roi1/perf					1
Aang_Foundation	20251204_cdk_sensor_red_mem_red_nuc	Aang_Foundation/20251204_cdk_sensor_red_mem_red_nuc/fish6_24hpf_roi1/AFFFT					2
Aang_Foundation	20251204_cdk_sensor_red_mem_red_nuc	Aang_Foundation/20251204_cdk_sensor_red_mem_red_nuc/fish6_24hpf_roi1/DSH1					5
Aang_Foundation	20251204_cdk_sensor_red_mem_red_nuc	Aang_Foundation/20251204_cdk_sensor_red_mem_red_nuc/fish6_24hpf_roi1/LVScripts					1
Aang_Foundation	20251204_cdk_sensor_red_mem_red_nuc	Aang_Foundation/20251204_cdk_sensor_red_mem_red_nuc/fish6_24hpf_roi1/Logs					1
Aang_Foundation	20251204_cdk_sensor_red_mem_red_nuc	Aang_Foundation/20251204_cdk_sensor_red_mem_red_nuc/fish6_24hpf_roi1/perf					1
Aang_Foundation	20251205_mem-histone	Aang_Foundation/20251205_mem-histone/fish1_96hpf_roi1/AFFFT					2
Aang_Foundation	20251205_mem-histone	Aang_Foundation/20251205_mem-histone/fish1_96hpf_roi1/DSH1					5
Aang_Foundation	20251205_mem-histone	Aang_Foundation/20251205_mem-histone/fish1_96hpf_roi1/LVScripts					1
Aang_Foundation	20251205_mem-histone	Aang_Foundation/20251205_mem-histone/fish1_96hpf_roi1/Logs					1
Aang_Foundation	20251205_mem-histone	Aang_Foundation/20251205_mem-histone/fish1_96hpf_roi1/perf					1
Aang_Foundation	20251205_mem-histone	Aang_Foundation/20251205_mem-histone/fish1_96hpf_roi2/AFFFT					2
Aang_Foundation	20251205_mem-histone	Aang_Foundation/20251205_mem-histone/fish1_96hpf_roi2/DSH1					5
Aang_Foundation	20251205_mem-histone	Aang_Foundation/20251205_mem-histone/fish1_96hpf_roi2/Logs					1
Aang_Foundation	20251205_mem-histone	Aang_Foundation/20251205_mem-histone/fish1_96hpf_roi2/perf					1
Aang_Foundation	20251205_mem-histone	Aang_Foundation/20251205_mem-histone/fish1_96hpf_roi3/AFFFT					2
Aang_Foundation	20251205_mem-histone	Aang_Foundation/20251205_mem-histone/fish1_96hpf_roi3/DSH1					5
Aang_Foundation	20251205_mem-histone	Aang_Foundation/20251205_mem-histone/fish1_96hpf_roi3/Logs					1
Aang_Foundation	20251205_mem-histone	Aang_Foundation/20251205_mem-histone/fish1_96hpf_roi3/perf					1
Aang_Foundation	20251205_mem-histone	Aang_Foundation/20251205_mem-histone/fish1_96hpf_roi4/AFFFT					2
Aang_Foundation	20251205_mem-histone	Aang_Foundation/20251205_mem-histone/fish1_96hpf_roi4/DSH1					5
Aang_Foundation	20251205_mem-histone	Aang_Foundation/20251205_mem-histone/fish1_96hpf_roi4/Logs					1
Aang_Foundation	20251205_mem-histone	Aang_Foundation/20251205_mem-histone/fish1_96hpf_roi4/perf					1
Aang_Foundation	20251205_mem-histone	Aang_Foundation/20251205_mem-histone/fish2_96hpf_roi1/AFFFT					2
Aang_Foundation	20251205_mem-histone	Aang_Foundation/20251205_mem-histone/fish2_96hpf_roi1/DSH1					5
Aang_Foundation	20251205_mem-histone	Aang_Foundation/20251205_mem-histone/fish2_96hpf_roi1/Logs					1
Aang_Foundation	20251205_mem-histone	Aang_Foundation/20251205_mem-histone/fish2_96hpf_roi1/perf					1
Aang_Foundation	20251205_mem-histone	Aang_Foundation/20251205_mem-histone/fish2_96hpf_roi2/AFFFT					2
Aang_Foundation	20251205_mem-histone	Aang_Foundation/20251205_mem-histone/fish2_96hpf_roi2/DSH1					5
Aang_Foundation	20251205_mem-histone	Aang_Foundation/20251205_mem-histone/fish2_96hpf_roi2/Logs					1
Aang_Foundation	20251205_mem-histone	Aang_Foundation/20251205_mem-histone/fish2_96hpf_roi2/perf					1
Aang_Foundation	20251205_mem-histone	Aang_Foundation/20251205_mem-histone/fish2_96hpf_roi3/AFFFT					2
Aang_Foundation	20251205_mem-histone	Aang_Foundation/20251205_mem-histone/fish2_96hpf_roi3/DSH1					5
Aang_Foundation	20251205_mem-histone	Aang_Foundation/20251205_mem-histone/fish2_96hpf_roi3/Logs					1
Aang_Foundation	20251205_mem-histone	Aang_Foundation/20251205_mem-histone/fish2_96hpf_roi3/perf					1
Aang_Foundation	20251205_mem-histone	Aang_Foundation/20251205_mem-histone/fish2_96hpf_roi4/AFFFT					2
Aang_Foundation	20251205_mem-histone	Aang_Foundation/20251205_mem-histone/fish2_96hpf_roi4/DSH1					5
Aang_Foundation	20251205_mem-histone	Aang_Foundation/20251205_mem-histone/fish2_96hpf_roi4/Logs					1
Aang_Foundation	20251205_mem-histone	Aang_Foundation/20251205_mem-histone/fish2_96hpf_roi4/perf					1
Aang_Foundation	20251208_mem	Aang_Foundation/20251208_mem/fish1_24hpf_roi1/AFFFT					2
Aang_Foundation	20251208_mem	Aang_Foundation/20251208_mem/fish1_24hpf_roi1/AFFFTCAM2					1
Aang_Foundation	20251208_mem	Aang_Foundation/20251208_mem/fish1_24hpf_roi1/DSH1					6
Aang_Foundation	20251208_mem	Aang_Foundation/20251208_mem/fish1_24hpf_roi1/DSH1CAM2					1
Aang_Foundation	20251208_mem	Aang_Foundation/20251208_mem/fish1_24hpf_roi1/LVScripts					1
Aang_Foundation	20251208_mem	Aang_Foundation/20251208_mem/fish1_24hpf_roi1/Logs					1
Aang_Foundation	20251208_mem	Aang_Foundation/20251208_mem/fish1_24hpf_roi1/perf					1
Aang_Foundation	20251208_mem	Aang_Foundation/20251208_mem/fish1_24hpf_roi2/AFFFT					2
Aang_Foundation	20251208_mem	Aang_Foundation/20251208_mem/fish1_24hpf_roi2/AFFFTCAM2					1
Aang_Foundation	20251208_mem	Aang_Foundation/20251208_mem/fish1_24hpf_roi2/DSH1					5
Aang_Foundation	20251208_mem	Aang_Foundation/20251208_mem/fish1_24hpf_roi2/DSH1CAM2					1
Aang_Foundation	20251208_mem	Aang_Foundation/20251208_mem/fish1_24hpf_roi2/LVScripts					1
Aang_Foundation	20251208_mem	Aang_Foundation/20251208_mem/fish1_24hpf_roi2/Logs					1
Aang_Foundation	20251208_mem	Aang_Foundation/20251208_mem/fish1_24hpf_roi2/perf					1
Aang_Foundation	20251208_mem	Aang_Foundation/20251208_mem/fish2_24hpf_roi1/AFFFT					2
Aang_Foundation	20251208_mem	Aang_Foundation/20251208_mem/fish2_24hpf_roi1/AFFFTCAM2					1
Aang_Foundation	20251208_mem	Aang_Foundation/20251208_mem/fish2_24hpf_roi1/DSH1					5
Aang_Foundation	20251208_mem	Aang_Foundation/20251208_mem/fish2_24hpf_roi1/DSH1CAM2					1
Aang_Foundation	20251208_mem	Aang_Foundation/20251208_mem/fish2_24hpf_roi1/Logs					1
Aang_Foundation	20251208_mem	Aang_Foundation/20251208_mem/fish2_24hpf_roi1/perf					1
Aang_Foundation	20251208_mem	Aang_Foundation/20251208_mem/fish3_24hpf_roi1/AFFFT					2
Aang_Foundation	20251208_mem	Aang_Foundation/20251208_mem/fish3_24hpf_roi1/AFFFTCAM2					1
Aang_Foundation	20251208_mem	Aang_Foundation/20251208_mem/fish3_24hpf_roi1/DSH1					5
Aang_Foundation	20251208_mem	Aang_Foundation/20251208_mem/fish3_24hpf_roi1/DSH1CAM2					1
Aang_Foundation	20251208_mem	Aang_Foundation/20251208_mem/fish3_24hpf_roi1/Logs					1
Aang_Foundation	20251208_mem	Aang_Foundation/20251208_mem/fish3_24hpf_roi1/perf					1
Aang_Foundation	20251208_mem	Aang_Foundation/20251208_mem/fish4_24hpf_roi1/AFFFT					2
Aang_Foundation	20251208_mem	Aang_Foundation/20251208_mem/fish4_24hpf_roi1/AFFFTCAM2					1
Aang_Foundation	20251208_mem	Aang_Foundation/20251208_mem/fish4_24hpf_roi1/DSH1					5
Aang_Foundation	20251208_mem	Aang_Foundation/20251208_mem/fish4_24hpf_roi1/DSH1CAM2					1
Aang_Foundation	20251208_mem	Aang_Foundation/20251208_mem/fish4_24hpf_roi1/LVScripts					1
Aang_Foundation	20251208_mem	Aang_Foundation/20251208_mem/fish4_24hpf_roi1/Logs					1
Aang_Foundation	20251208_mem	Aang_Foundation/20251208_mem/fish4_24hpf_roi1/perf					1
Aang_Foundation	20251209_mem-histone	Aang_Foundation/20251209_mem-histone/fish2_24hpf_roi1/DSH1					5
Aang_Foundation	20251209_mem-histone	Aang_Foundation/20251209_mem-histone/fish2_24hpf_roi1/DSH1CAM2					1
Aang_Foundation	20251209_mem-histone	Aang_Foundation/20251209_mem-histone/fish2_24hpf_roi1/Logs					1
Aang_Foundation	20251209_mem-histone	Aang_Foundation/20251209_mem-histone/fish2_24hpf_roi1/perf					1
Aang_Foundation	20251209_mem-histone	Aang_Foundation/20251209_mem-histone/fish3_24hpf_roi1/DSH1					5
Aang_Foundation	20251209_mem-histone	Aang_Foundation/20251209_mem-histone/fish3_24hpf_roi1/DSH1CAM2					1
Aang_Foundation	20251209_mem-histone	Aang_Foundation/20251209_mem-histone/fish3_24hpf_roi1/LVScripts					1
Aang_Foundation	20251209_mem-histone	Aang_Foundation/20251209_mem-histone/fish3_24hpf_roi1/Logs					1
Aang_Foundation	20251209_mem-histone	Aang_Foundation/20251209_mem-histone/fish3_24hpf_roi1/perf					1
Aang_Foundation	20251209_mem-histone	Aang_Foundation/20251209_mem-histone/fish4_24hpf_roi1/AFFFT					2
Aang_Foundation	20251209_mem-histone	Aang_Foundation/20251209_mem-histone/fish4_24hpf_roi1/AFFFTCAM2					1
Aang_Foundation	20251209_mem-histone	Aang_Foundation/20251209_mem-histone/fish4_24hpf_roi1/DSH1					5
Aang_Foundation	20251209_mem-histone	Aang_Foundation/20251209_mem-histone/fish4_24hpf_roi1/DSH1CAM2					1
Aang_Foundation	20251209_mem-histone	Aang_Foundation/20251209_mem-histone/fish4_24hpf_roi1/LVScripts					1
Aang_Foundation	20251209_mem-histone	Aang_Foundation/20251209_mem-histone/fish4_24hpf_roi1/Logs					1
Aang_Foundation	20251209_mem-histone	Aang_Foundation/20251209_mem-histone/fish4_24hpf_roi1/perf					1
Aang_Foundation	20251210_mem-histone	Aang_Foundation/20251210_mem-histone/fish1_48hpf_roi1/DSH1					5
Aang_Foundation	20251210_mem-histone	Aang_Foundation/20251210_mem-histone/fish1_48hpf_roi1/DSH1CAM2					1
Aang_Foundation	20251210_mem-histone	Aang_Foundation/20251210_mem-histone/fish1_48hpf_roi1/LVScripts					1
Aang_Foundation	20251210_mem-histone	Aang_Foundation/20251210_mem-histone/fish1_48hpf_roi1/Logs					1
Aang_Foundation	20251210_mem-histone	Aang_Foundation/20251210_mem-histone/fish1_48hpf_roi1/perf					1
Aang_Foundation	20251210_mem-histone	Aang_Foundation/20251210_mem-histone/fish2_48hpf_roi1/Logs					1
Aang_Foundation	20251210_mem-histone	Aang_Foundation/20251210_mem-histone/fish4_48hpf_roi1-2/DSH1					5
Aang_Foundation	20251210_mem-histone	Aang_Foundation/20251210_mem-histone/fish4_48hpf_roi1-2/DSH1CAM2					1
Aang_Foundation	20251210_mem-histone	Aang_Foundation/20251210_mem-histone/fish4_48hpf_roi1-2/LVScripts					1
Aang_Foundation	20251210_mem-histone	Aang_Foundation/20251210_mem-histone/fish4_48hpf_roi1-2/Logs					1
Aang_Foundation	20251210_mem-histone	Aang_Foundation/20251210_mem-histone/fish4_48hpf_roi1-2/perf					1
Aang_Foundation	20251210_mem-histone	Aang_Foundation/20251210_mem-histone/fish4_48hpf_roi1/DSH1					5
Aang_Foundation	20251210_mem-histone	Aang_Foundation/20251210_mem-histone/fish4_48hpf_roi1/DSH1CAM2					1
Aang_Foundation	20251210_mem-histone	Aang_Foundation/20251210_mem-histone/fish4_48hpf_roi1/Logs					1
Aang_Foundation	20251210_mem-histone	Aang_Foundation/20251210_mem-histone/fish4_48hpf_roi1/perf					1
Aang_Foundation	20251211_mem-histone	Aang_Foundation/20251211_mem-histone/fish1_72hpf_roi1/DSH1					5
Aang_Foundation	20251211_mem-histone	Aang_Foundation/20251211_mem-histone/fish1_72hpf_roi1/DSH1CAM2					1
Aang_Foundation	20251211_mem-histone	Aang_Foundation/20251211_mem-histone/fish1_72hpf_roi1/LVScripts					1
Aang_Foundation	20251211_mem-histone	Aang_Foundation/20251211_mem-histone/fish1_72hpf_roi1/Logs					1
Aang_Foundation	20251211_mem-histone	Aang_Foundation/20251211_mem-histone/fish1_72hpf_roi1/perf					1
Aang_Foundation	20251211_mem-histone	Aang_Foundation/20251211_mem-histone/fish3_72hpf_roi1/DSH1					5
Aang_Foundation	20251211_mem-histone	Aang_Foundation/20251211_mem-histone/fish3_72hpf_roi1/DSH1CAM2					1
Aang_Foundation	20251211_mem-histone	Aang_Foundation/20251211_mem-histone/fish3_72hpf_roi1/LVScripts					1
Aang_Foundation	20251211_mem-histone	Aang_Foundation/20251211_mem-histone/fish3_72hpf_roi1/Logs					1
Aang_Foundation	20251211_mem-histone	Aang_Foundation/20251211_mem-histone/fish3_72hpf_roi1/perf					1
Aang_Foundation	20251212_mem-histone	Aang_Foundation/20251212_mem-histone/fish2_96hpf_roi1/DSH1					5
Aang_Foundation	20251212_mem-histone	Aang_Foundation/20251212_mem-histone/fish2_96hpf_roi1/DSH1CAM2					1
Aang_Foundation	20251212_mem-histone	Aang_Foundation/20251212_mem-histone/fish2_96hpf_roi1/LVScripts					1
Aang_Foundation	20251212_mem-histone	Aang_Foundation/20251212_mem-histone/fish2_96hpf_roi1/Logs					1
Aang_Foundation	20251212_mem-histone	Aang_Foundation/20251212_mem-histone/fish2_96hpf_roi1/perf					1
Aang_Foundation	20251212_mem-histone	Aang_Foundation/20251212_mem-histone/fish3_96hpf_roi1/DSH1					5
Aang_Foundation	20251212_mem-histone	Aang_Foundation/20251212_mem-histone/fish3_96hpf_roi1/DSH1CAM2					1
Aang_Foundation	20251212_mem-histone	Aang_Foundation/20251212_mem-histone/fish3_96hpf_roi1/LVScripts					1
Aang_Foundation	20251212_mem-histone	Aang_Foundation/20251212_mem-histone/fish3_96hpf_roi1/Logs					1
Aang_Foundation	20251212_mem-histone	Aang_Foundation/20251212_mem-histone/fish3_96hpf_roi1/perf					1
Aang_Foundation	20251216_mem-histone	Aang_Foundation/20251216_mem-histone/fish1_24hpf_roi1/DSH1					5
Aang_Foundation	20251216_mem-histone	Aang_Foundation/20251216_mem-histone/fish1_24hpf_roi1/DSH1CAM2					1
Aang_Foundation	20251216_mem-histone	Aang_Foundation/20251216_mem-histone/fish1_24hpf_roi1/LVScripts					1
Aang_Foundation	20251216_mem-histone	Aang_Foundation/20251216_mem-histone/fish1_24hpf_roi1/Logs					1
Aang_Foundation	20251216_mem-histone	Aang_Foundation/20251216_mem-histone/fish1_24hpf_roi1/perf					1
Aang_Foundation	20251216_mem-histone	Aang_Foundation/20251216_mem-histone/fish2_24hpf_roi1/DSH1					5
Aang_Foundation	20251216_mem-histone	Aang_Foundation/20251216_mem-histone/fish2_24hpf_roi1/DSH1CAM2					1
Aang_Foundation	20251216_mem-histone	Aang_Foundation/20251216_mem-histone/fish2_24hpf_roi1/LVScripts					1
Aang_Foundation	20251216_mem-histone	Aang_Foundation/20251216_mem-histone/fish2_24hpf_roi1/Logs					1
Aang_Foundation	20251216_mem-histone	Aang_Foundation/20251216_mem-histone/fish2_24hpf_roi1/perf					1
Aang_Foundation	20251216_mem-histone	Aang_Foundation/20251216_mem-histone/fish3_24hpf_roi1/DSH1					5
Aang_Foundation	20251216_mem-histone	Aang_Foundation/20251216_mem-histone/fish3_24hpf_roi1/DSH1CAM2					1
Aang_Foundation	20251216_mem-histone	Aang_Foundation/20251216_mem-histone/fish3_24hpf_roi1/Logs					1
Aang_Foundation	20251216_mem-histone	Aang_Foundation/20251216_mem-histone/fish3_24hpf_roi1/perf					1
Aang_Foundation	20251216_mem-histone	Aang_Foundation/20251216_mem-histone/fish4_24hpf_roi1-2/DSH1					5
Aang_Foundation	20251216_mem-histone	Aang_Foundation/20251216_mem-histone/fish4_24hpf_roi1-2/DSH1CAM2					1
Aang_Foundation	20251216_mem-histone	Aang_Foundation/20251216_mem-histone/fish4_24hpf_roi1-2/LVScripts					1
Aang_Foundation	20251216_mem-histone	Aang_Foundation/20251216_mem-histone/fish4_24hpf_roi1-2/Logs					1
Aang_Foundation	20251216_mem-histone	Aang_Foundation/20251216_mem-histone/fish4_24hpf_roi1-2/perf					1
Aang_Foundation	20251216_mem-histone	Aang_Foundation/20251216_mem-histone/fish4_24hpf_roi1/DSH1					5
Aang_Foundation	20251216_mem-histone	Aang_Foundation/20251216_mem-histone/fish4_24hpf_roi1/DSH1CAM2					1
Aang_Foundation	20251216_mem-histone	Aang_Foundation/20251216_mem-histone/fish4_24hpf_roi1/Errors					1
Aang_Foundation	20251216_mem-histone	Aang_Foundation/20251216_mem-histone/fish4_24hpf_roi1/LVScripts					1
Aang_Foundation	20251216_mem-histone	Aang_Foundation/20251216_mem-histone/fish4_24hpf_roi1/Logs					1
Aang_Foundation	20251216_mem-histone	Aang_Foundation/20251216_mem-histone/fish4_24hpf_roi1/perf					1
Aang_Foundation	20251216_mem-histone	Aang_Foundation/20251216_mem-histone/fish5_24hpf_roi1/Logs					1
Aang_Foundation	20251217_mem-histone	Aang_Foundation/20251217_mem-histone/fish1_48hpf_roi1/DSH1					5
Aang_Foundation	20251217_mem-histone	Aang_Foundation/20251217_mem-histone/fish1_48hpf_roi1/DSH1CAM2					1
Aang_Foundation	20251217_mem-histone	Aang_Foundation/20251217_mem-histone/fish1_48hpf_roi1/LVScripts					1
Aang_Foundation	20251217_mem-histone	Aang_Foundation/20251217_mem-histone/fish1_48hpf_roi1/Logs					1
Aang_Foundation	20251217_mem-histone	Aang_Foundation/20251217_mem-histone/fish1_48hpf_roi1/perf					1
Aang_Foundation	20251217_mem-histone	Aang_Foundation/20251217_mem-histone/fish2_48hpf_roi1/DSH1					5
Aang_Foundation	20251217_mem-histone	Aang_Foundation/20251217_mem-histone/fish2_48hpf_roi1/DSH1CAM2					1
Aang_Foundation	20251217_mem-histone	Aang_Foundation/20251217_mem-histone/fish2_48hpf_roi1/LVScripts					1
Aang_Foundation	20251217_mem-histone	Aang_Foundation/20251217_mem-histone/fish2_48hpf_roi1/Logs					1
Aang_Foundation	20251217_mem-histone	Aang_Foundation/20251217_mem-histone/fish2_48hpf_roi1/perf					1
Aang_Foundation	20251217_mem-histone	Aang_Foundation/20251217_mem-histone/fish3_48hpf_roi1/DSH1					5
Aang_Foundation	20251217_mem-histone	Aang_Foundation/20251217_mem-histone/fish3_48hpf_roi1/DSH1CAM2					1
Aang_Foundation	20251217_mem-histone	Aang_Foundation/20251217_mem-histone/fish3_48hpf_roi1/Logs					1
Aang_Foundation	20251217_mem-histone	Aang_Foundation/20251217_mem-histone/fish3_48hpf_roi1/perf					1
Aang_Foundation	20251217_mem-histone	Aang_Foundation/20251217_mem-histone/fish4_48hpf_roi1/DSH1					5
Aang_Foundation	20251217_mem-histone	Aang_Foundation/20251217_mem-histone/fish4_48hpf_roi1/DSH1CAM2					1
Aang_Foundation	20251217_mem-histone	Aang_Foundation/20251217_mem-histone/fish4_48hpf_roi1/LVScripts					1
Aang_Foundation	20251217_mem-histone	Aang_Foundation/20251217_mem-histone/fish4_48hpf_roi1/Logs					1
Aang_Foundation	20251217_mem-histone	Aang_Foundation/20251217_mem-histone/fish4_48hpf_roi1/perf					1
Aang_Foundation	20251219_mem-histone	Aang_Foundation/20251219_mem-histone/fish1_96hpf_roi1/DSH1					5
Aang_Foundation	20251219_mem-histone	Aang_Foundation/20251219_mem-histone/fish1_96hpf_roi1/DSH1CAM2					1
Aang_Foundation	20251219_mem-histone	Aang_Foundation/20251219_mem-histone/fish1_96hpf_roi1/LVScripts					1
Aang_Foundation	20251219_mem-histone	Aang_Foundation/20251219_mem-histone/fish1_96hpf_roi1/Logs					1
Aang_Foundation	20251219_mem-histone	Aang_Foundation/20251219_mem-histone/fish1_96hpf_roi1/perf					1
Aang_Foundation	20251219_mem-histone	Aang_Foundation/20251219_mem-histone/fish3_96hpf_roi5/DSH1					5
Aang_Foundation	20251219_mem-histone	Aang_Foundation/20251219_mem-histone/fish3_96hpf_roi5/DSH1CAM2					1
Aang_Foundation	20251219_mem-histone	Aang_Foundation/20251219_mem-histone/fish3_96hpf_roi5/LVScripts					1
Aang_Foundation	20251219_mem-histone	Aang_Foundation/20251219_mem-histone/fish3_96hpf_roi5/Logs					1
Aang_Foundation	20251219_mem-histone	Aang_Foundation/20251219_mem-histone/fish3_96hpf_roi5/perf					1
Aang_Foundation	20251219_mem-histone	Aang_Foundation/20251219_mem-histone/fish3_96hpf_roi6/DSH1					5
Aang_Foundation	20251219_mem-histone	Aang_Foundation/20251219_mem-histone/fish3_96hpf_roi6/DSH1CAM2					1
Aang_Foundation	20251219_mem-histone	Aang_Foundation/20251219_mem-histone/fish3_96hpf_roi6/LVScripts					1
Aang_Foundation	20251219_mem-histone	Aang_Foundation/20251219_mem-histone/fish3_96hpf_roi6/Logs					1
Aang_Foundation	20251219_mem-histone	Aang_Foundation/20251219_mem-histone/fish3_96hpf_roi6/perf					1
Aang_Foundation	20251222_mem-histone	Aang_Foundation/20251222_mem-histone/fish1_72hpf_roi1/DSH1					5
Aang_Foundation	20251222_mem-histone	Aang_Foundation/20251222_mem-histone/fish1_72hpf_roi1/DSH1CAM2					1
Aang_Foundation	20251222_mem-histone	Aang_Foundation/20251222_mem-histone/fish1_72hpf_roi1/LVScripts					1
Aang_Foundation	20251222_mem-histone	Aang_Foundation/20251222_mem-histone/fish1_72hpf_roi1/Logs					1
Aang_Foundation	20251222_mem-histone	Aang_Foundation/20251222_mem-histone/fish1_72hpf_roi1/perf					1
Aang_Foundation	20251222_mem-histone	Aang_Foundation/20251222_mem-histone/fish1_72hpf_roi2/Logs					1
Korra_Foundation	20250428_mem_histone	Korra_Foundation/20250428_mem_histone/fish1_72hpf/roi1_tail					18
Korra_Foundation	20250428_mem_histone	Korra_Foundation/20250428_mem_histone/fish1_72hpf/roi2_hindbrain_spine					18
Korra_Foundation	20250429_mem_cytosol	Korra_Foundation/20250429_mem_cytosol/fish1_24hpf/roi1					16
Korra_Foundation	20250429_mem_cytosol	Korra_Foundation/20250429_mem_cytosol/fish1_24hpf/roi1_test					16
Korra_Foundation	20250429_mem_cytosol	Korra_Foundation/20250429_mem_cytosol/fish2_48hpf/roi1					16
Korra_Foundation	20250429_mem_cytosol	Korra_Foundation/20250429_mem_cytosol/fish3_mem-halo_24hpf/roi1					16
Korra_Foundation	20250429_mem_cytosol	Korra_Foundation/20250429_mem_cytosol/fish3_mem-halo_24hpf/roi2					16
Korra_Foundation	20250429_mem_cytosol	Korra_Foundation/20250429_mem_cytosol/fish4_mem-halo_48hpf/roi1				.zarr	3365
Korra_Foundation	20250429_mem_cytosol	Korra_Foundation/20250429_mem_cytosol/fish4_mem-halo_48hpf/roi2				.zarr	4644
Korra_Foundation	20250429_mem_cytosol	Korra_Foundation/20250429_mem_cytosol/fish4_mem-halo_48hpf/roi3				.zarr	6010
Korra_Foundation	20250505_fish_transplant	Korra_Foundation/20250505_fish_transplant/0505_fish1_14somite/AF					5
Korra_Foundation	20250505_fish_transplant	Korra_Foundation/20250505_fish_transplant/0505_fish1_14somite/AFCAM2					1
Korra_Foundation	20250505_fish_transplant	Korra_Foundation/20250505_fish_transplant/0505_fish1_14somite/DSH1					5
Korra_Foundation	20250505_fish_transplant	Korra_Foundation/20250505_fish_transplant/0505_fish1_14somite/DSH1CAM2					1
Korra_Foundation	20250505_fish_transplant	Korra_Foundation/20250505_fish_transplant/0505_fish1_14somite/LVScripts					1
Korra_Foundation	20250505_fish_transplant	Korra_Foundation/20250505_fish_transplant/0505_fish1_14somite/Logs					1
Korra_Foundation	20250505_fish_transplant	Korra_Foundation/20250505_fish_transplant/0505_fish1_14somite/job_logs					1
Korra_Foundation	20250505_fish_transplant	Korra_Foundation/20250505_fish_transplant/0505_fish1_14somite/matlab_stitch_xcorr				.zarr	468
Korra_Foundation	20250505_fish_transplant	Korra_Foundation/20250505_fish_transplant/0505_fish1_14somite/perf					1
Korra_Foundation	20250505_fish_transplant	Korra_Foundation/20250505_fish_transplant/0505_fish1_14somite/tmp					1
Korra_Foundation	20250505_fish_transplant	Korra_Foundation/20250505_fish_transplant/0505_fish1_14somite/zarr				.zarr	2703
Korra_Foundation	20250505_fish_transplant	Korra_Foundation/20250505_fish_transplant/0506_fish1_memSG_lamp-SG_transmSC_14somite/AF					5
Korra_Foundation	20250505_fish_transplant	Korra_Foundation/20250505_fish_transplant/0506_fish1_memSG_lamp-SG_transmSC_14somite/AFCAM2					1
Korra_Foundation	20250505_fish_transplant	Korra_Foundation/20250505_fish_transplant/0506_fish1_memSG_lamp-SG_transmSC_14somite/DSH1					5
Korra_Foundation	20250505_fish_transplant	Korra_Foundation/20250505_fish_transplant/0506_fish1_memSG_lamp-SG_transmSC_14somite/DSH1CAM2					1
Korra_Foundation	20250505_fish_transplant	Korra_Foundation/20250505_fish_transplant/0506_fish1_memSG_lamp-SG_transmSC_14somite/LVScripts					1
Korra_Foundation	20250505_fish_transplant	Korra_Foundation/20250505_fish_transplant/0506_fish1_memSG_lamp-SG_transmSC_14somite/Logs					1
Korra_Foundation	20250505_fish_transplant	Korra_Foundation/20250505_fish_transplant/0506_fish1_memSG_lamp-SG_transmSC_14somite/job_logs					1
Korra_Foundation	20250505_fish_transplant	Korra_Foundation/20250505_fish_transplant/0506_fish1_memSG_lamp-SG_transmSC_14somite/matlab_stitch_xcorr				.zarr	82
Korra_Foundation	20250505_fish_transplant	Korra_Foundation/20250505_fish_transplant/0506_fish1_memSG_lamp-SG_transmSC_14somite/perf					1
Korra_Foundation	20250505_fish_transplant	Korra_Foundation/20250505_fish_transplant/0506_fish1_memSG_lamp-SG_transmSC_14somite/tmp					1
Korra_Foundation	20250505_fish_transplant	Korra_Foundation/20250505_fish_transplant/0506_fish1_memSG_lamp-SG_transmSC_14somite/zarr				.zarr	579
Korra_Foundation	20250505_fish_transplant	Korra_Foundation/20250505_fish_transplant/0506_fish2_memSG_vemHalo_transmSC/AF					5
Korra_Foundation	20250505_fish_transplant	Korra_Foundation/20250505_fish_transplant/0506_fish2_memSG_vemHalo_transmSC/AFCAM2					1
Korra_Foundation	20250505_fish_transplant	Korra_Foundation/20250505_fish_transplant/0506_fish2_memSG_vemHalo_transmSC/DSH1					5
Korra_Foundation	20250505_fish_transplant	Korra_Foundation/20250505_fish_transplant/0506_fish2_memSG_vemHalo_transmSC/DSH1CAM2					1
Korra_Foundation	20250505_fish_transplant	Korra_Foundation/20250505_fish_transplant/0506_fish2_memSG_vemHalo_transmSC/LVScripts					1
Korra_Foundation	20250505_fish_transplant	Korra_Foundation/20250505_fish_transplant/0506_fish2_memSG_vemHalo_transmSC/Logs					1
Korra_Foundation	20250505_fish_transplant	Korra_Foundation/20250505_fish_transplant/0506_fish2_memSG_vemHalo_transmSC/job_logs					1
Korra_Foundation	20250505_fish_transplant	Korra_Foundation/20250505_fish_transplant/0506_fish2_memSG_vemHalo_transmSC/matlab_stitch_xcorr				.zarr	918
Korra_Foundation	20250505_fish_transplant	Korra_Foundation/20250505_fish_transplant/0506_fish2_memSG_vemHalo_transmSC/perf					1
Korra_Foundation	20250505_fish_transplant	Korra_Foundation/20250505_fish_transplant/0506_fish2_memSG_vemHalo_transmSC/tmp					1
Korra_Foundation	20250505_fish_transplant	Korra_Foundation/20250505_fish_transplant/0506_fish2_memSG_vemHalo_transmSC/zarr				.zarr;.zarr_a88ef935-a1d6-403b-8f03-3501d4b7e597	5404
Korra_Foundation	20250505_fish_transplant	Korra_Foundation/20250505_fish_transplant/0507_fish1_mchilada_mitoHalo_transmSG/DSR				.zarr	650
Korra_Foundation	20250505_fish_transplant	Korra_Foundation/20250505_fish_transplant/0507_fish1_mchilada_mitoHalo_transmSG/LVScripts					1
Korra_Foundation	20250505_fish_transplant	Korra_Foundation/20250505_fish_transplant/0507_fish1_mchilada_mitoHalo_transmSG/Logs					1
Korra_Foundation	20250505_fish_transplant	Korra_Foundation/20250505_fish_transplant/0507_fish1_mchilada_mitoHalo_transmSG/job_logs					1
Korra_Foundation	20250505_fish_transplant	Korra_Foundation/20250505_fish_transplant/0507_fish1_mchilada_mitoHalo_transmSG/matlab_stitch_xcorr				.zarr	341
Korra_Foundation	20250505_fish_transplant	Korra_Foundation/20250505_fish_transplant/0507_fish1_mchilada_mitoHalo_transmSG/perf					1
Korra_Foundation	20250505_fish_transplant	Korra_Foundation/20250505_fish_transplant/0507_fish1_mchilada_mitoHalo_transmSG/tmp					1
Korra_Foundation	20250505_fish_transplant	Korra_Foundation/20250505_fish_transplant/0507_fish1_mchilada_mitoHalo_transmSG/zarr				.zarr;.zarr_f06a0c7e-85b2-4fb9-ae1e-180da38a29d2	328
Korra_Foundation	20250505_fish_transplant	Korra_Foundation/20250505_fish_transplant/0507_fish2_mchilada_lifeactHalo_transmSG/Errors					1
Korra_Foundation	20250505_fish_transplant	Korra_Foundation/20250505_fish_transplant/0507_fish2_mchilada_lifeactHalo_transmSG/LVScripts					1
Korra_Foundation	20250505_fish_transplant	Korra_Foundation/20250505_fish_transplant/0507_fish2_mchilada_lifeactHalo_transmSG/Logs					1
Korra_Foundation	20250505_fish_transplant	Korra_Foundation/20250505_fish_transplant/0507_fish2_mchilada_lifeactHalo_transmSG/perf					1
Korra_Foundation	20250505_fish_transplant	Korra_Foundation/20250505_fish_transplant/0508_fish1_mem-mchilada_transmSG/LVScripts					1
Korra_Foundation	20250505_fish_transplant	Korra_Foundation/20250505_fish_transplant/0508_fish1_mem-mchilada_transmSG/Logs					1
Korra_Foundation	20250505_fish_transplant	Korra_Foundation/20250505_fish_transplant/0508_fish1_mem-mchilada_transmSG/job_logs					1
Korra_Foundation	20250505_fish_transplant	Korra_Foundation/20250505_fish_transplant/0508_fish1_mem-mchilada_transmSG/matlab_stitch_xcorr				.zarr	923
Korra_Foundation	20250505_fish_transplant	Korra_Foundation/20250505_fish_transplant/0508_fish1_mem-mchilada_transmSG/perf					1
Korra_Foundation	20250505_fish_transplant	Korra_Foundation/20250505_fish_transplant/0508_fish1_mem-mchilada_transmSG/tmp					1
Korra_Foundation	20250505_fish_transplant	Korra_Foundation/20250505_fish_transplant/0508_fish1_mem-mchilada_transmSG/zarr				.zarr	903
Korra_Foundation	20250505_fish_transplant	Korra_Foundation/20250505_fish_transplant/0508_fish2_mem-mchilada_transmSG/LVScripts					1
Korra_Foundation	20250505_fish_transplant	Korra_Foundation/20250505_fish_transplant/0508_fish2_mem-mchilada_transmSG/Logs					1
Korra_Foundation	20250505_fish_transplant	Korra_Foundation/20250505_fish_transplant/0508_fish2_mem-mchilada_transmSG/job_logs					1
Korra_Foundation	20250505_fish_transplant	Korra_Foundation/20250505_fish_transplant/0508_fish2_mem-mchilada_transmSG/matlab_decon					2
Korra_Foundation	20250505_fish_transplant	Korra_Foundation/20250505_fish_transplant/0508_fish2_mem-mchilada_transmSG/matlab_stitch_xcorr				.zarr	922
Korra_Foundation	20250505_fish_transplant	Korra_Foundation/20250505_fish_transplant/0508_fish2_mem-mchilada_transmSG/perf					1
Korra_Foundation	20250505_fish_transplant	Korra_Foundation/20250505_fish_transplant/0508_fish2_mem-mchilada_transmSG/tmp					1
Korra_Foundation	20250505_fish_transplant	Korra_Foundation/20250505_fish_transplant/0508_fish2_mem-mchilada_transmSG/zarr				.zarr;.zarr_cea133a5-a21b-4fa6-94f2-ecbe62de6bfb	904
Korra_Foundation	20250505_fish_transplant	Korra_Foundation/20250505_fish_transplant/0509_fish1_transmSG_lifeactHalo/LVScripts					1
Korra_Foundation	20250505_fish_transplant	Korra_Foundation/20250505_fish_transplant/0509_fish1_transmSG_lifeactHalo/Logs					1
Korra_Foundation	20250505_fish_transplant	Korra_Foundation/20250505_fish_transplant/0509_fish1_transmSG_lifeactHalo/perf					1
Korra_Foundation	20250505_fish_transplant	Korra_Foundation/20250505_fish_transplant/0509_fish2_transmSG_lifeactHalo/LVScripts					1
Korra_Foundation	20250505_fish_transplant	Korra_Foundation/20250505_fish_transplant/0509_fish2_transmSG_lifeactHalo/Logs					1
Korra_Foundation	20250505_fish_transplant	Korra_Foundation/20250505_fish_transplant/0509_fish2_transmSG_lifeactHalo/perf					1
Korra_Foundation	20250513_skittles	Korra_Foundation/20250513_skittles/fish1/roi1				.zarr	94
Korra_Foundation	20250513_skittles	Korra_Foundation/20250513_skittles/fish1/roi2					19
Korra_Foundation	20250513_skittles	Korra_Foundation/20250513_skittles/fish1/roi2_2					21
Korra_Foundation	20250513_skittles	Korra_Foundation/20250513_skittles/fish10/roi1					15
Korra_Foundation	20250513_skittles	Korra_Foundation/20250513_skittles/fish11/roi1					15
Korra_Foundation	20250513_skittles	Korra_Foundation/20250513_skittles/fish11/roi1_test					16
Korra_Foundation	20250513_skittles	Korra_Foundation/20250513_skittles/fish12/roi1				.zarr	64
Korra_Foundation	20250513_skittles	Korra_Foundation/20250513_skittles/fish12/roi2				.zarr	63
Korra_Foundation	20250513_skittles	Korra_Foundation/20250513_skittles/fish12/roi3				.zarr	90
Korra_Foundation	20250513_skittles	Korra_Foundation/20250513_skittles/fish13/roi1				.zarr	64
Korra_Foundation	20250513_skittles	Korra_Foundation/20250513_skittles/fish13/roi2				.zarr	63
Korra_Foundation	20250513_skittles	Korra_Foundation/20250513_skittles/fish13/roi3				.zarr	63
Korra_Foundation	20250513_skittles	Korra_Foundation/20250513_skittles/fish13/roi4				.zarr	63
Korra_Foundation	20250513_skittles	Korra_Foundation/20250513_skittles/fish14/roi1_brain				.zarr	82
Korra_Foundation	20250513_skittles	Korra_Foundation/20250513_skittles/fish14/roi2_tailbud				.zarr	90
Korra_Foundation	20250513_skittles	Korra_Foundation/20250513_skittles/fish15/roi1				.zarr	195
Korra_Foundation	20250513_skittles	Korra_Foundation/20250513_skittles/fish15/roi2				.zarr	147
Korra_Foundation	20250513_skittles	Korra_Foundation/20250513_skittles/fish15/roi3				.zarr	143
Korra_Foundation	20250513_skittles	Korra_Foundation/20250513_skittles/fish15/roi4				.zarr	143
Korra_Foundation	20250513_skittles	Korra_Foundation/20250513_skittles/fish16/roi1_brain				.zarr	89
Korra_Foundation	20250513_skittles	Korra_Foundation/20250513_skittles/fish2/roi1					16
Korra_Foundation	20250513_skittles	Korra_Foundation/20250513_skittles/fish2/roi2					16
Korra_Foundation	20250513_skittles	Korra_Foundation/20250513_skittles/fish2/roi3					2
Korra_Foundation	20250513_skittles	Korra_Foundation/20250513_skittles/fish3/roi1				.zarr	123
Korra_Foundation	20250513_skittles	Korra_Foundation/20250513_skittles/fish3/roi2				.zarr	143
Korra_Foundation	20250513_skittles	Korra_Foundation/20250513_skittles/fish3/roi3				.zarr	144
Korra_Foundation	20250513_skittles	Korra_Foundation/20250513_skittles/fish3/roi4				.zarr	148
Korra_Foundation	20250513_skittles	Korra_Foundation/20250513_skittles/fish4/DSR					1
Korra_Foundation	20250513_skittles	Korra_Foundation/20250513_skittles/fish4/roi1				.zarr;.zarr_1d65d382-e0d9-4777-aaa3-19dff48ff300;.zarr_5702ff93-693c-4773-bc7d-5eb7e83efe60;.zarr_eb919013-c738-4d3d-b4a7-49b48ebf06b7;.zarr_f5c98289-abe9-4551-8ffb-4f5f7d9fe7e6	86
Korra_Foundation	20250513_skittles	Korra_Foundation/20250513_skittles/fish4/roi2				.zarr	130
Korra_Foundation	20250513_skittles	Korra_Foundation/20250513_skittles/fish4/roi3				.zarr	82
Korra_Foundation	20250513_skittles	Korra_Foundation/20250513_skittles/fish5/roi1				.zarr	267
Korra_Foundation	20250513_skittles	Korra_Foundation/20250513_skittles/fish5/roi2				.zarr	82
Korra_Foundation	20250513_skittles	Korra_Foundation/20250513_skittles/fish5/roi3				.zarr	81
Korra_Foundation	20250513_skittles	Korra_Foundation/20250513_skittles/fish5/roi4				.zarr	81
Korra_Foundation	20250513_skittles	Korra_Foundation/20250513_skittles/fish5/roi5				.zarr	81
Korra_Foundation	20250513_skittles	Korra_Foundation/20250513_skittles/fish5/roi6				.zarr	81
Korra_Foundation	20250513_skittles	Korra_Foundation/20250513_skittles/fish5/roi7				.zarr	82
Korra_Foundation	20250513_skittles	Korra_Foundation/20250513_skittles/fish6/roi1				.zarr	85
Korra_Foundation	20250513_skittles	Korra_Foundation/20250513_skittles/fish6/roi2				.zarr;.zarr_3fd5cd9e-0024-4c14-be32-97ce3d4a6a26	83
Korra_Foundation	20250513_skittles	Korra_Foundation/20250513_skittles/fish6/roi3				.zarr	81
Korra_Foundation	20250513_skittles	Korra_Foundation/20250513_skittles/fish6/roi4				.zarr	82
Korra_Foundation	20250513_skittles	Korra_Foundation/20250513_skittles/fish7/roi1_ear_brain				.zarr	130
Korra_Foundation	20250513_skittles	Korra_Foundation/20250513_skittles/fish7/roi2_brain				.zarr	83
Korra_Foundation	20250513_skittles	Korra_Foundation/20250513_skittles/fish8/roi1					16
Korra_Foundation	20250513_skittles	Korra_Foundation/20250513_skittles/fish9/roi1					16
Korra_Foundation	20250520_mem_histone	Korra_Foundation/20250520_mem_histone/fish2/roi1					18
Korra_Foundation	20250520_mem_histone	Korra_Foundation/20250520_mem_histone/fish4/roi1_tailbud				.zarr	1036
Korra_Foundation	20250520_mem_histone	Korra_Foundation/20250520_mem_histone/fish4/roi1_tailbud_2					18
Korra_Foundation	20250520_mem_histone	Korra_Foundation/20250520_mem_histone/fish5/roi1_tailbud					18
Korra_Foundation	20250521_skittles_no-membrane	Korra_Foundation/20250521_skittles_no-membrane/fish1/DSR					2
Korra_Foundation	20250521_skittles_no-membrane	Korra_Foundation/20250521_skittles_no-membrane/fish1/LVScripts					1
Korra_Foundation	20250521_skittles_no-membrane	Korra_Foundation/20250521_skittles_no-membrane/fish1/Logs					1
Korra_Foundation	20250521_skittles_no-membrane	Korra_Foundation/20250521_skittles_no-membrane/fish1/job_logs					1
Korra_Foundation	20250521_skittles_no-membrane	Korra_Foundation/20250521_skittles_no-membrane/fish1/perf					1
Korra_Foundation	20250521_skittles_no-membrane	Korra_Foundation/20250521_skittles_no-membrane/fish1/tmp					1
Korra_Foundation	20250521_skittles_no-membrane	Korra_Foundation/20250521_skittles_no-membrane/fish2/roi1					6
Korra_Foundation	20250521_skittles_no-membrane	Korra_Foundation/20250521_skittles_no-membrane/fish2/roi2					6
Korra_Foundation	20250521_skittles_no-membrane	Korra_Foundation/20250521_skittles_no-membrane/fish3/roi1					6
Korra_Foundation	20250521_skittles_no-membrane	Korra_Foundation/20250521_skittles_no-membrane/fish4/roi1					6
Korra_Foundation	20250521_skittles_no-membrane	Korra_Foundation/20250521_skittles_no-membrane/fish4/roi2					8
Korra_Foundation	20250522_skittlez	Korra_Foundation/20250522_skittlez/fish1/roi1				.zarr	57
Korra_Foundation	20250522_skittlez	Korra_Foundation/20250522_skittlez/fish1/roi2				.zarr	55
Korra_Foundation	20250522_skittlez	Korra_Foundation/20250522_skittlez/fish2/roi1				.zarr;.zarr_d0d67567-334b-4fb6-83f9-cebc7c039997	56
Korra_Foundation	20250522_skittlez	Korra_Foundation/20250522_skittlez/fish2/roi2				.zarr	55
Korra_Foundation	20250522_skittlez	Korra_Foundation/20250522_skittlez/fish3/roi1				.zarr	55
Korra_Foundation	20250522_skittlez	Korra_Foundation/20250522_skittlez/fish3/roi2				.zarr	55
Korra_Foundation	20250522_skittlez	Korra_Foundation/20250522_skittlez/fish3/roi3				.zarr	55
Korra_Foundation	20250522_skittlez	Korra_Foundation/20250522_skittlez/fish4/roi1				.zarr	56
Korra_Foundation	20250522_skittlez	Korra_Foundation/20250522_skittlez/fish4/roi2				.zarr	55
Korra_Foundation	20250522_skittlez	Korra_Foundation/20250522_skittlez/fish5/roi1				.zarr	68
Korra_Foundation	20250522_skittlez	Korra_Foundation/20250522_skittlez/fish6/roi1				.zarr	56
Korra_Foundation	20250522_skittlez	Korra_Foundation/20250522_skittlez/fish6/roi2				.zarr	55
Korra_Foundation	20250522_skittlez	Korra_Foundation/20250522_skittlez/fish7/roi1				.zarr	55
Korra_Foundation	20250522_skittlez	Korra_Foundation/20250522_skittlez/fish7/roi2				.zarr	55
Korra_Foundation	20250522_skittlez	Korra_Foundation/20250522_skittlez/fish7/roi3				.zarr	55
Korra_Foundation	20250522_skittlez	Korra_Foundation/20250522_skittlez/fish8/roi1				.zarr	55
Korra_Foundation	20250522_skittlez	Korra_Foundation/20250522_skittlez/fish8/roi2				.zarr	55
Korra_Foundation	20250522_skittlez	Korra_Foundation/20250522_skittlez/fish8/roi3				.zarr	55
Korra_Foundation	20250522_skittlez	Korra_Foundation/20250522_skittlez/fish9/roi1				.zarr	61
Korra_Foundation	20250522_skittlez	Korra_Foundation/20250522_skittlez/job_logs/20250609_141807_Image_List_Generator					1
Korra_Foundation	20250523_mem_histone	Korra_Foundation/20250523_mem_histone/fish1/roi1					16
Korra_Foundation	20250523_mem_histone	Korra_Foundation/20250523_mem_histone/fish2/roi1					17
Korra_Foundation	20250523_mem_histone	Korra_Foundation/20250523_mem_histone/fish3/roi1					16
Korra_Foundation	20250523_mem_histone	Korra_Foundation/20250523_mem_histone/fish4/roi1					16
Korra_Foundation	20250523_mem_histone	Korra_Foundation/20250523_mem_histone/fish5/roi1					18
Korra_Foundation	20250523_mem_histone	Korra_Foundation/20250523_mem_histone/fish6_test/r1					17
Korra_Foundation	20250523_mem_histone	Korra_Foundation/20250523_mem_histone/fish6_test/r2					17
Korra_Foundation	20250528_mem-histone	Korra_Foundation/20250528_mem-histone/fish1/roi1_spine					18
Korra_Foundation	20250528_mem-histone	Korra_Foundation/20250528_mem-histone/fish2/roi1_brain					18
Korra_Foundation	20250528_mem-histone	Korra_Foundation/20250528_mem-histone/fish3/roi2_spine					18
Korra_Foundation	20250528_skittlez	Korra_Foundation/20250528_skittlez/fish1/roi1					17
Korra_Foundation	20250528_skittlez	Korra_Foundation/20250528_skittlez/fish1/roi2					17
Korra_Foundation	20250529_skittlez	Korra_Foundation/20250529_skittlez/fish10_roi1/AF					5
Korra_Foundation	20250529_skittlez	Korra_Foundation/20250529_skittlez/fish10_roi1/AFCAM2					1
Korra_Foundation	20250529_skittlez	Korra_Foundation/20250529_skittlez/fish10_roi1/DSH1					5
Korra_Foundation	20250529_skittlez	Korra_Foundation/20250529_skittlez/fish10_roi1/DSH1CAM2					1
Korra_Foundation	20250529_skittlez	Korra_Foundation/20250529_skittlez/fish10_roi1/Logs					1
Korra_Foundation	20250529_skittlez	Korra_Foundation/20250529_skittlez/fish10_roi1/job_logs					1
Korra_Foundation	20250529_skittlez	Korra_Foundation/20250529_skittlez/fish10_roi1/matlab_stitch_xcorr				.zarr	20
Korra_Foundation	20250529_skittlez	Korra_Foundation/20250529_skittlez/fish10_roi1/matlab_stitch_xcorr_2				.zarr	23
Korra_Foundation	20250529_skittlez	Korra_Foundation/20250529_skittlez/fish10_roi1/perf					1
Korra_Foundation	20250529_skittlez	Korra_Foundation/20250529_skittlez/fish10_roi1/tmp					1
Korra_Foundation	20250529_skittlez	Korra_Foundation/20250529_skittlez/fish10_roi1/zarr				.zarr	21
Korra_Foundation	20250529_skittlez	Korra_Foundation/20250529_skittlez/fish11_roi1_eye/AF					5
Korra_Foundation	20250529_skittlez	Korra_Foundation/20250529_skittlez/fish11_roi1_eye/AFCAM2					1
Korra_Foundation	20250529_skittlez	Korra_Foundation/20250529_skittlez/fish11_roi1_eye/DSH1					5
Korra_Foundation	20250529_skittlez	Korra_Foundation/20250529_skittlez/fish11_roi1_eye/DSH1CAM2					1
Korra_Foundation	20250529_skittlez	Korra_Foundation/20250529_skittlez/fish11_roi1_eye/LVScripts					1
Korra_Foundation	20250529_skittlez	Korra_Foundation/20250529_skittlez/fish11_roi1_eye/Logs					1
Korra_Foundation	20250529_skittlez	Korra_Foundation/20250529_skittlez/fish11_roi1_eye/job_logs					1
Korra_Foundation	20250529_skittlez	Korra_Foundation/20250529_skittlez/fish11_roi1_eye/matlab_stitch_xcorr				.zarr	20
Korra_Foundation	20250529_skittlez	Korra_Foundation/20250529_skittlez/fish11_roi1_eye/matlab_stitch_xcorr_2				.zarr	22
Korra_Foundation	20250529_skittlez	Korra_Foundation/20250529_skittlez/fish11_roi1_eye/perf					1
Korra_Foundation	20250529_skittlez	Korra_Foundation/20250529_skittlez/fish11_roi1_eye/tmp					1
Korra_Foundation	20250529_skittlez	Korra_Foundation/20250529_skittlez/fish11_roi1_eye/zarr				.zarr	14
Korra_Foundation	20250529_skittlez	Korra_Foundation/20250529_skittlez/fish11_roi1_eye_2/AF					5
Korra_Foundation	20250529_skittlez	Korra_Foundation/20250529_skittlez/fish11_roi1_eye_2/AFCAM2					1
Korra_Foundation	20250529_skittlez	Korra_Foundation/20250529_skittlez/fish11_roi1_eye_2/DSH1					5
Korra_Foundation	20250529_skittlez	Korra_Foundation/20250529_skittlez/fish11_roi1_eye_2/DSH1CAM2					1
Korra_Foundation	20250529_skittlez	Korra_Foundation/20250529_skittlez/fish11_roi1_eye_2/LVScripts					1
Korra_Foundation	20250529_skittlez	Korra_Foundation/20250529_skittlez/fish11_roi1_eye_2/Logs					1
Korra_Foundation	20250529_skittlez	Korra_Foundation/20250529_skittlez/fish11_roi1_eye_2/job_logs					1
Korra_Foundation	20250529_skittlez	Korra_Foundation/20250529_skittlez/fish11_roi1_eye_2/matlab_stitch_xcorr				.zarr	20
Korra_Foundation	20250529_skittlez	Korra_Foundation/20250529_skittlez/fish11_roi1_eye_2/matlab_stitch_xcorr_2				.zarr	22
Korra_Foundation	20250529_skittlez	Korra_Foundation/20250529_skittlez/fish11_roi1_eye_2/perf					1
Korra_Foundation	20250529_skittlez	Korra_Foundation/20250529_skittlez/fish11_roi1_eye_2/tmp					1
Korra_Foundation	20250529_skittlez	Korra_Foundation/20250529_skittlez/fish11_roi1_eye_2/zarr				.zarr	21
Korra_Foundation	20250529_skittlez	Korra_Foundation/20250529_skittlez/fish12_roi1/AF					5
Korra_Foundation	20250529_skittlez	Korra_Foundation/20250529_skittlez/fish12_roi1/AFCAM2					1
Korra_Foundation	20250529_skittlez	Korra_Foundation/20250529_skittlez/fish12_roi1/DSH1					5
Korra_Foundation	20250529_skittlez	Korra_Foundation/20250529_skittlez/fish12_roi1/DSH1CAM2					1
Korra_Foundation	20250529_skittlez	Korra_Foundation/20250529_skittlez/fish12_roi1/Logs					1
Korra_Foundation	20250529_skittlez	Korra_Foundation/20250529_skittlez/fish12_roi1/job_logs					1
Korra_Foundation	20250529_skittlez	Korra_Foundation/20250529_skittlez/fish12_roi1/matlab_stitch_xcorr				.zarr	20
Korra_Foundation	20250529_skittlez	Korra_Foundation/20250529_skittlez/fish12_roi1/matlab_stitch_xcorr_2				.zarr	22
Korra_Foundation	20250529_skittlez	Korra_Foundation/20250529_skittlez/fish12_roi1/perf					1
Korra_Foundation	20250529_skittlez	Korra_Foundation/20250529_skittlez/fish12_roi1/tmp					1
Korra_Foundation	20250529_skittlez	Korra_Foundation/20250529_skittlez/fish12_roi1/zarr				.zarr	21
Korra_Foundation	20250529_skittlez	Korra_Foundation/20250529_skittlez/fish13_roi1/AF					5
Korra_Foundation	20250529_skittlez	Korra_Foundation/20250529_skittlez/fish13_roi1/AFCAM2					1
Korra_Foundation	20250529_skittlez	Korra_Foundation/20250529_skittlez/fish13_roi1/DSH1					5
Korra_Foundation	20250529_skittlez	Korra_Foundation/20250529_skittlez/fish13_roi1/DSH1CAM2					1
Korra_Foundation	20250529_skittlez	Korra_Foundation/20250529_skittlez/fish13_roi1/Logs					1
Korra_Foundation	20250529_skittlez	Korra_Foundation/20250529_skittlez/fish13_roi1/job_logs					1
Korra_Foundation	20250529_skittlez	Korra_Foundation/20250529_skittlez/fish13_roi1/matlab_stitch_xcorr				.zarr	20
Korra_Foundation	20250529_skittlez	Korra_Foundation/20250529_skittlez/fish13_roi1/matlab_stitch_xcorr_2				.zarr	22
Korra_Foundation	20250529_skittlez	Korra_Foundation/20250529_skittlez/fish13_roi1/perf					1
Korra_Foundation	20250529_skittlez	Korra_Foundation/20250529_skittlez/fish13_roi1/tmp					1
Korra_Foundation	20250529_skittlez	Korra_Foundation/20250529_skittlez/fish13_roi1/zarr				.zarr	21
Korra_Foundation	20250529_skittlez	Korra_Foundation/20250529_skittlez/fish14_roi1/AF					5
Korra_Foundation	20250529_skittlez	Korra_Foundation/20250529_skittlez/fish14_roi1/AFCAM2					1
Korra_Foundation	20250529_skittlez	Korra_Foundation/20250529_skittlez/fish14_roi1/DSH1					5
Korra_Foundation	20250529_skittlez	Korra_Foundation/20250529_skittlez/fish14_roi1/DSH1CAM2					1
Korra_Foundation	20250529_skittlez	Korra_Foundation/20250529_skittlez/fish14_roi1/Logs					1
Korra_Foundation	20250529_skittlez	Korra_Foundation/20250529_skittlez/fish14_roi1/job_logs					1
Korra_Foundation	20250529_skittlez	Korra_Foundation/20250529_skittlez/fish14_roi1/matlab_stitch_xcorr				.zarr	20
Korra_Foundation	20250529_skittlez	Korra_Foundation/20250529_skittlez/fish14_roi1/matlab_stitch_xcorr_2				.zarr	22
Korra_Foundation	20250529_skittlez	Korra_Foundation/20250529_skittlez/fish14_roi1/perf					1
Korra_Foundation	20250529_skittlez	Korra_Foundation/20250529_skittlez/fish14_roi1/tmp					1
Korra_Foundation	20250529_skittlez	Korra_Foundation/20250529_skittlez/fish14_roi1/zarr				.zarr	21
Korra_Foundation	20250529_skittlez	Korra_Foundation/20250529_skittlez/fish14_roi2/AF					5
Korra_Foundation	20250529_skittlez	Korra_Foundation/20250529_skittlez/fish14_roi2/AFCAM2					1
Korra_Foundation	20250529_skittlez	Korra_Foundation/20250529_skittlez/fish14_roi2/DSH1					5
Korra_Foundation	20250529_skittlez	Korra_Foundation/20250529_skittlez/fish14_roi2/DSH1CAM2					1
Korra_Foundation	20250529_skittlez	Korra_Foundation/20250529_skittlez/fish14_roi2/Logs					1
Korra_Foundation	20250529_skittlez	Korra_Foundation/20250529_skittlez/fish14_roi2/job_logs					1
Korra_Foundation	20250529_skittlez	Korra_Foundation/20250529_skittlez/fish14_roi2/matlab_stitch_xcorr				.zarr	20
Korra_Foundation	20250529_skittlez	Korra_Foundation/20250529_skittlez/fish14_roi2/matlab_stitch_xcorr_2				.zarr	22
Korra_Foundation	20250529_skittlez	Korra_Foundation/20250529_skittlez/fish14_roi2/perf					1
Korra_Foundation	20250529_skittlez	Korra_Foundation/20250529_skittlez/fish14_roi2/tmp					1
Korra_Foundation	20250529_skittlez	Korra_Foundation/20250529_skittlez/fish14_roi2/zarr				.zarr	21
Korra_Foundation	20250529_skittlez	Korra_Foundation/20250529_skittlez/fish14_roi3/AF					5
Korra_Foundation	20250529_skittlez	Korra_Foundation/20250529_skittlez/fish14_roi3/AFCAM2					1
Korra_Foundation	20250529_skittlez	Korra_Foundation/20250529_skittlez/fish14_roi3/DSH1					5
Korra_Foundation	20250529_skittlez	Korra_Foundation/20250529_skittlez/fish14_roi3/DSH1CAM2					1
Korra_Foundation	20250529_skittlez	Korra_Foundation/20250529_skittlez/fish14_roi3/Logs					1
Korra_Foundation	20250529_skittlez	Korra_Foundation/20250529_skittlez/fish14_roi3/job_logs					1
Korra_Foundation	20250529_skittlez	Korra_Foundation/20250529_skittlez/fish14_roi3/matlab_stitch_xcorr					5
Korra_Foundation	20250529_skittlez	Korra_Foundation/20250529_skittlez/fish14_roi3/matlab_stitch_xcorr_2				.zarr	22
Korra_Foundation	20250529_skittlez	Korra_Foundation/20250529_skittlez/fish14_roi3/perf					1
Korra_Foundation	20250529_skittlez	Korra_Foundation/20250529_skittlez/fish14_roi3/tmp					1
Korra_Foundation	20250529_skittlez	Korra_Foundation/20250529_skittlez/fish14_roi3/zarr				.zarr	21
Korra_Foundation	20250529_skittlez	Korra_Foundation/20250529_skittlez/fish15_roi1/AF					5
Korra_Foundation	20250529_skittlez	Korra_Foundation/20250529_skittlez/fish15_roi1/AFCAM2					1
Korra_Foundation	20250529_skittlez	Korra_Foundation/20250529_skittlez/fish15_roi1/DSH1					5
Korra_Foundation	20250529_skittlez	Korra_Foundation/20250529_skittlez/fish15_roi1/DSH1CAM2					1
Korra_Foundation	20250529_skittlez	Korra_Foundation/20250529_skittlez/fish15_roi1/Logs					1
Korra_Foundation	20250529_skittlez	Korra_Foundation/20250529_skittlez/fish15_roi1/job_logs					1
Korra_Foundation	20250529_skittlez	Korra_Foundation/20250529_skittlez/fish15_roi1/matlab_stitch_xcorr				.zarr	20
Korra_Foundation	20250529_skittlez	Korra_Foundation/20250529_skittlez/fish15_roi1/matlab_stitch_xcorr_2				.zarr	22
Korra_Foundation	20250529_skittlez	Korra_Foundation/20250529_skittlez/fish15_roi1/perf					1
Korra_Foundation	20250529_skittlez	Korra_Foundation/20250529_skittlez/fish15_roi1/tmp					1
Korra_Foundation	20250529_skittlez	Korra_Foundation/20250529_skittlez/fish15_roi1/zarr				.zarr	33
Korra_Foundation	20250529_skittlez	Korra_Foundation/20250529_skittlez/fish1_roi1/AF					5
Korra_Foundation	20250529_skittlez	Korra_Foundation/20250529_skittlez/fish1_roi1/AFCAM2					1
Korra_Foundation	20250529_skittlez	Korra_Foundation/20250529_skittlez/fish1_roi1/DSH1					5
Korra_Foundation	20250529_skittlez	Korra_Foundation/20250529_skittlez/fish1_roi1/DSH1CAM2					1
Korra_Foundation	20250529_skittlez	Korra_Foundation/20250529_skittlez/fish1_roi1/LVScripts					1
Korra_Foundation	20250529_skittlez	Korra_Foundation/20250529_skittlez/fish1_roi1/Logs					1
Korra_Foundation	20250529_skittlez	Korra_Foundation/20250529_skittlez/fish1_roi1/job_logs					4
Korra_Foundation	20250529_skittlez	Korra_Foundation/20250529_skittlez/fish1_roi1/matlab_stitch_xcorr				.zarr	20
Korra_Foundation	20250529_skittlez	Korra_Foundation/20250529_skittlez/fish1_roi1/matlab_stitch_xcorr_2				.zarr	22
Korra_Foundation	20250529_skittlez	Korra_Foundation/20250529_skittlez/fish1_roi1/perf					1
Korra_Foundation	20250529_skittlez	Korra_Foundation/20250529_skittlez/fish1_roi1/tmp					1
Korra_Foundation	20250529_skittlez	Korra_Foundation/20250529_skittlez/fish1_roi1/zarr				.zarr	21
Korra_Foundation	20250529_skittlez	Korra_Foundation/20250529_skittlez/fish1_roi2/AF					5
Korra_Foundation	20250529_skittlez	Korra_Foundation/20250529_skittlez/fish1_roi2/AFCAM2					1
Korra_Foundation	20250529_skittlez	Korra_Foundation/20250529_skittlez/fish1_roi2/DSH1					5
Korra_Foundation	20250529_skittlez	Korra_Foundation/20250529_skittlez/fish1_roi2/DSH1CAM2					1
Korra_Foundation	20250529_skittlez	Korra_Foundation/20250529_skittlez/fish1_roi2/Logs					1
Korra_Foundation	20250529_skittlez	Korra_Foundation/20250529_skittlez/fish1_roi2/job_logs					1
Korra_Foundation	20250529_skittlez	Korra_Foundation/20250529_skittlez/fish1_roi2/matlab_stitch_xcorr				.zarr	20
Korra_Foundation	20250529_skittlez	Korra_Foundation/20250529_skittlez/fish1_roi2/matlab_stitch_xcorr_2				.zarr	22
Korra_Foundation	20250529_skittlez	Korra_Foundation/20250529_skittlez/fish1_roi2/perf					1
Korra_Foundation	20250529_skittlez	Korra_Foundation/20250529_skittlez/fish1_roi2/tmp					1
Korra_Foundation	20250529_skittlez	Korra_Foundation/20250529_skittlez/fish1_roi2/zarr				.zarr	21
Korra_Foundation	20250529_skittlez	Korra_Foundation/20250529_skittlez/fish1_roi3/AF					5
Korra_Foundation	20250529_skittlez	Korra_Foundation/20250529_skittlez/fish1_roi3/AFCAM2					1
Korra_Foundation	20250529_skittlez	Korra_Foundation/20250529_skittlez/fish1_roi3/DSH1					5
Korra_Foundation	20250529_skittlez	Korra_Foundation/20250529_skittlez/fish1_roi3/DSH1CAM2					1
Korra_Foundation	20250529_skittlez	Korra_Foundation/20250529_skittlez/fish1_roi3/Logs					1
Korra_Foundation	20250529_skittlez	Korra_Foundation/20250529_skittlez/fish1_roi3/job_logs					1
Korra_Foundation	20250529_skittlez	Korra_Foundation/20250529_skittlez/fish1_roi3/matlab_stitch_xcorr				.zarr	20
Korra_Foundation	20250529_skittlez	Korra_Foundation/20250529_skittlez/fish1_roi3/matlab_stitch_xcorr_2				.zarr	22
Korra_Foundation	20250529_skittlez	Korra_Foundation/20250529_skittlez/fish1_roi3/perf					1
Korra_Foundation	20250529_skittlez	Korra_Foundation/20250529_skittlez/fish1_roi3/tmp					1
Korra_Foundation	20250529_skittlez	Korra_Foundation/20250529_skittlez/fish1_roi3/zarr				.zarr	21
Korra_Foundation	20250529_skittlez	Korra_Foundation/20250529_skittlez/fish2_roi1/AF					5
Korra_Foundation	20250529_skittlez	Korra_Foundation/20250529_skittlez/fish2_roi1/AFCAM2					1
Korra_Foundation	20250529_skittlez	Korra_Foundation/20250529_skittlez/fish2_roi1/DSH1					5
Korra_Foundation	20250529_skittlez	Korra_Foundation/20250529_skittlez/fish2_roi1/DSH1CAM2					1
Korra_Foundation	20250529_skittlez	Korra_Foundation/20250529_skittlez/fish2_roi1/Logs					1
Korra_Foundation	20250529_skittlez	Korra_Foundation/20250529_skittlez/fish2_roi1/job_logs					1
Korra_Foundation	20250529_skittlez	Korra_Foundation/20250529_skittlez/fish2_roi1/matlab_stitch_xcorr				.zarr	20
Korra_Foundation	20250529_skittlez	Korra_Foundation/20250529_skittlez/fish2_roi1/matlab_stitch_xcorr_2				.zarr	22
Korra_Foundation	20250529_skittlez	Korra_Foundation/20250529_skittlez/fish2_roi1/perf					1
Korra_Foundation	20250529_skittlez	Korra_Foundation/20250529_skittlez/fish2_roi1/tmp					1
Korra_Foundation	20250529_skittlez	Korra_Foundation/20250529_skittlez/fish2_roi1/zarr				.zarr	27
Korra_Foundation	20250529_skittlez	Korra_Foundation/20250529_skittlez/fish2_roi2/AF					5
Korra_Foundation	20250529_skittlez	Korra_Foundation/20250529_skittlez/fish2_roi2/AFCAM2					1
Korra_Foundation	20250529_skittlez	Korra_Foundation/20250529_skittlez/fish2_roi2/DSH1					5
Korra_Foundation	20250529_skittlez	Korra_Foundation/20250529_skittlez/fish2_roi2/DSH1CAM2					1
Korra_Foundation	20250529_skittlez	Korra_Foundation/20250529_skittlez/fish2_roi2/Logs					1
Korra_Foundation	20250529_skittlez	Korra_Foundation/20250529_skittlez/fish2_roi2/job_logs					1
Korra_Foundation	20250529_skittlez	Korra_Foundation/20250529_skittlez/fish2_roi2/matlab_stitch_xcorr				.zarr	20
Korra_Foundation	20250529_skittlez	Korra_Foundation/20250529_skittlez/fish2_roi2/matlab_stitch_xcorr_2				.zarr	22
Korra_Foundation	20250529_skittlez	Korra_Foundation/20250529_skittlez/fish2_roi2/perf					1
Korra_Foundation	20250529_skittlez	Korra_Foundation/20250529_skittlez/fish2_roi2/tmp					2
Korra_Foundation	20250529_skittlez	Korra_Foundation/20250529_skittlez/fish2_roi2/zarr				.zarr	27
Korra_Foundation	20250529_skittlez	Korra_Foundation/20250529_skittlez/fish4_roi1/AF					5
Korra_Foundation	20250529_skittlez	Korra_Foundation/20250529_skittlez/fish4_roi1/AFCAM2					1
Korra_Foundation	20250529_skittlez	Korra_Foundation/20250529_skittlez/fish4_roi1/DSH1					5
Korra_Foundation	20250529_skittlez	Korra_Foundation/20250529_skittlez/fish4_roi1/DSH1CAM2					1
Korra_Foundation	20250529_skittlez	Korra_Foundation/20250529_skittlez/fish4_roi1/LVScripts					1
Korra_Foundation	20250529_skittlez	Korra_Foundation/20250529_skittlez/fish4_roi1/Logs					1
Korra_Foundation	20250529_skittlez	Korra_Foundation/20250529_skittlez/fish4_roi1/job_logs					1
Korra_Foundation	20250529_skittlez	Korra_Foundation/20250529_skittlez/fish4_roi1/matlab_stitch_xcorr				.zarr	20
Korra_Foundation	20250529_skittlez	Korra_Foundation/20250529_skittlez/fish4_roi1/matlab_stitch_xcorr_2				.zarr	22
Korra_Foundation	20250529_skittlez	Korra_Foundation/20250529_skittlez/fish4_roi1/perf					1
Korra_Foundation	20250529_skittlez	Korra_Foundation/20250529_skittlez/fish4_roi1/tmp					1
Korra_Foundation	20250529_skittlez	Korra_Foundation/20250529_skittlez/fish4_roi1/zarr				.zarr	27
Korra_Foundation	20250529_skittlez	Korra_Foundation/20250529_skittlez/fish5_roi1/AF					5
Korra_Foundation	20250529_skittlez	Korra_Foundation/20250529_skittlez/fish5_roi1/AFCAM2					1
Korra_Foundation	20250529_skittlez	Korra_Foundation/20250529_skittlez/fish5_roi1/DSH1					5
Korra_Foundation	20250529_skittlez	Korra_Foundation/20250529_skittlez/fish5_roi1/DSH1CAM2					1
Korra_Foundation	20250529_skittlez	Korra_Foundation/20250529_skittlez/fish5_roi1/Logs					1
Korra_Foundation	20250529_skittlez	Korra_Foundation/20250529_skittlez/fish5_roi1/job_logs					1
Korra_Foundation	20250529_skittlez	Korra_Foundation/20250529_skittlez/fish5_roi1/matlab_stitch_xcorr				.zarr	20
Korra_Foundation	20250529_skittlez	Korra_Foundation/20250529_skittlez/fish5_roi1/matlab_stitch_xcorr_2				.zarr	22
Korra_Foundation	20250529_skittlez	Korra_Foundation/20250529_skittlez/fish5_roi1/perf					1
Korra_Foundation	20250529_skittlez	Korra_Foundation/20250529_skittlez/fish5_roi1/tmp					1
Korra_Foundation	20250529_skittlez	Korra_Foundation/20250529_skittlez/fish5_roi1/zarr				.zarr	27
Korra_Foundation	20250529_skittlez	Korra_Foundation/20250529_skittlez/fish5_roi2/AF					5
Korra_Foundation	20250529_skittlez	Korra_Foundation/20250529_skittlez/fish5_roi2/AFCAM2					1
Korra_Foundation	20250529_skittlez	Korra_Foundation/20250529_skittlez/fish5_roi2/DSH1					5
Korra_Foundation	20250529_skittlez	Korra_Foundation/20250529_skittlez/fish5_roi2/DSH1CAM2					1
Korra_Foundation	20250529_skittlez	Korra_Foundation/20250529_skittlez/fish5_roi2/Logs					1
Korra_Foundation	20250529_skittlez	Korra_Foundation/20250529_skittlez/fish5_roi2/job_logs					1
Korra_Foundation	20250529_skittlez	Korra_Foundation/20250529_skittlez/fish5_roi2/matlab_stitch_xcorr				.zarr	20
Korra_Foundation	20250529_skittlez	Korra_Foundation/20250529_skittlez/fish5_roi2/matlab_stitch_xcorr_2				.zarr	22
Korra_Foundation	20250529_skittlez	Korra_Foundation/20250529_skittlez/fish5_roi2/perf					1
Korra_Foundation	20250529_skittlez	Korra_Foundation/20250529_skittlez/fish5_roi2/tmp					1
Korra_Foundation	20250529_skittlez	Korra_Foundation/20250529_skittlez/fish5_roi2/zarr				.zarr	27
Korra_Foundation	20250529_skittlez	Korra_Foundation/20250529_skittlez/fish6_roi1/AF					5
Korra_Foundation	20250529_skittlez	Korra_Foundation/20250529_skittlez/fish6_roi1/AFCAM2					1
Korra_Foundation	20250529_skittlez	Korra_Foundation/20250529_skittlez/fish6_roi1/DSH1					5
Korra_Foundation	20250529_skittlez	Korra_Foundation/20250529_skittlez/fish6_roi1/DSH1CAM2					1
Korra_Foundation	20250529_skittlez	Korra_Foundation/20250529_skittlez/fish6_roi1/Logs					1
Korra_Foundation	20250529_skittlez	Korra_Foundation/20250529_skittlez/fish6_roi1/job_logs					1
Korra_Foundation	20250529_skittlez	Korra_Foundation/20250529_skittlez/fish6_roi1/matlab_stitch_xcorr				.zarr	20
Korra_Foundation	20250529_skittlez	Korra_Foundation/20250529_skittlez/fish6_roi1/matlab_stitch_xcorr_2				.zarr	22
Korra_Foundation	20250529_skittlez	Korra_Foundation/20250529_skittlez/fish6_roi1/perf					1
Korra_Foundation	20250529_skittlez	Korra_Foundation/20250529_skittlez/fish6_roi1/tmp					1
Korra_Foundation	20250529_skittlez	Korra_Foundation/20250529_skittlez/fish6_roi1/zarr				.zarr	27
Korra_Foundation	20250529_skittlez	Korra_Foundation/20250529_skittlez/fish7_roi1/AF					5
Korra_Foundation	20250529_skittlez	Korra_Foundation/20250529_skittlez/fish7_roi1/AFCAM2					1
Korra_Foundation	20250529_skittlez	Korra_Foundation/20250529_skittlez/fish7_roi1/DSH1					5
Korra_Foundation	20250529_skittlez	Korra_Foundation/20250529_skittlez/fish7_roi1/DSH1CAM2					1
Korra_Foundation	20250529_skittlez	Korra_Foundation/20250529_skittlez/fish7_roi1/LVScripts					1
Korra_Foundation	20250529_skittlez	Korra_Foundation/20250529_skittlez/fish7_roi1/Logs					1
Korra_Foundation	20250529_skittlez	Korra_Foundation/20250529_skittlez/fish7_roi1/job_logs					1
Korra_Foundation	20250529_skittlez	Korra_Foundation/20250529_skittlez/fish7_roi1/matlab_stitch_xcorr					5
Korra_Foundation	20250529_skittlez	Korra_Foundation/20250529_skittlez/fish7_roi1/matlab_stitch_xcorr_2				.zarr	22
Korra_Foundation	20250529_skittlez	Korra_Foundation/20250529_skittlez/fish7_roi1/perf					1
Korra_Foundation	20250529_skittlez	Korra_Foundation/20250529_skittlez/fish7_roi1/tmp					1
Korra_Foundation	20250529_skittlez	Korra_Foundation/20250529_skittlez/fish7_roi1/zarr				.zarr	14
Korra_Foundation	20250529_skittlez	Korra_Foundation/20250529_skittlez/fish8_roi1/AF					5
Korra_Foundation	20250529_skittlez	Korra_Foundation/20250529_skittlez/fish8_roi1/AFCAM2					1
Korra_Foundation	20250529_skittlez	Korra_Foundation/20250529_skittlez/fish8_roi1/DSH1					5
Korra_Foundation	20250529_skittlez	Korra_Foundation/20250529_skittlez/fish8_roi1/DSH1CAM2					1
Korra_Foundation	20250529_skittlez	Korra_Foundation/20250529_skittlez/fish8_roi1/Logs					1
Korra_Foundation	20250529_skittlez	Korra_Foundation/20250529_skittlez/fish8_roi1/job_logs					1
Korra_Foundation	20250529_skittlez	Korra_Foundation/20250529_skittlez/fish8_roi1/matlab_stitch_xcorr					5
Korra_Foundation	20250529_skittlez	Korra_Foundation/20250529_skittlez/fish8_roi1/matlab_stitch_xcorr_2				.zarr	22
Korra_Foundation	20250529_skittlez	Korra_Foundation/20250529_skittlez/fish8_roi1/perf					1
Korra_Foundation	20250529_skittlez	Korra_Foundation/20250529_skittlez/fish8_roi1/tmp					1
Korra_Foundation	20250529_skittlez	Korra_Foundation/20250529_skittlez/fish8_roi1/zarr				.zarr	21
Korra_Foundation	20250529_skittlez	Korra_Foundation/20250529_skittlez/fish9_roi1/AF					5
Korra_Foundation	20250529_skittlez	Korra_Foundation/20250529_skittlez/fish9_roi1/AFCAM2					1
Korra_Foundation	20250529_skittlez	Korra_Foundation/20250529_skittlez/fish9_roi1/DSH1					5
Korra_Foundation	20250529_skittlez	Korra_Foundation/20250529_skittlez/fish9_roi1/DSH1CAM2					1
Korra_Foundation	20250529_skittlez	Korra_Foundation/20250529_skittlez/fish9_roi1/Logs					1
Korra_Foundation	20250529_skittlez	Korra_Foundation/20250529_skittlez/fish9_roi1/job_logs					1
Korra_Foundation	20250529_skittlez	Korra_Foundation/20250529_skittlez/fish9_roi1/matlab_stitch_xcorr					5
Korra_Foundation	20250529_skittlez	Korra_Foundation/20250529_skittlez/fish9_roi1/matlab_stitch_xcorr_2				.zarr	22
Korra_Foundation	20250529_skittlez	Korra_Foundation/20250529_skittlez/fish9_roi1/perf					1
Korra_Foundation	20250529_skittlez	Korra_Foundation/20250529_skittlez/fish9_roi1/tmp					1
Korra_Foundation	20250529_skittlez	Korra_Foundation/20250529_skittlez/fish9_roi1/zarr				.zarr	21
Korra_Foundation	20250529_skittlez	Korra_Foundation/20250529_skittlez/fish9_roi2/AF					5
Korra_Foundation	20250529_skittlez	Korra_Foundation/20250529_skittlez/fish9_roi2/AFCAM2					1
Korra_Foundation	20250529_skittlez	Korra_Foundation/20250529_skittlez/fish9_roi2/DSH1					5
Korra_Foundation	20250529_skittlez	Korra_Foundation/20250529_skittlez/fish9_roi2/DSH1CAM2					1
Korra_Foundation	20250529_skittlez	Korra_Foundation/20250529_skittlez/fish9_roi2/Logs					1
Korra_Foundation	20250529_skittlez	Korra_Foundation/20250529_skittlez/fish9_roi2/job_logs					1
Korra_Foundation	20250529_skittlez	Korra_Foundation/20250529_skittlez/fish9_roi2/matlab_stitch_xcorr				.zarr	20
Korra_Foundation	20250529_skittlez	Korra_Foundation/20250529_skittlez/fish9_roi2/matlab_stitch_xcorr_2				.zarr	22
Korra_Foundation	20250529_skittlez	Korra_Foundation/20250529_skittlez/fish9_roi2/perf					1
Korra_Foundation	20250529_skittlez	Korra_Foundation/20250529_skittlez/fish9_roi2/tmp					1
Korra_Foundation	20250529_skittlez	Korra_Foundation/20250529_skittlez/fish9_roi2/zarr				.zarr	21
Korra_Foundation	20250529_skittlez	Korra_Foundation/20250529_skittlez/job_logs/20250603_165835_Image_List_Generator					1
Korra_Foundation	20250529_skittlez	Korra_Foundation/20250529_skittlez/job_logs/20250603_170006_Image_List_Generator					1
Korra_Foundation	20250529_skittlez	Korra_Foundation/20250529_skittlez/job_logs/20250604_150446_Image_List_Generator					1
Korra_Foundation	20250529_skittlez	Korra_Foundation/20250529_skittlez/job_logs/20250604_152322_Image_List_Generator					1
Korra_Foundation	20250530_mem-histone	Korra_Foundation/20250530_mem-histone/fish1_roi1-2/AF					5
Korra_Foundation	20250530_mem-histone	Korra_Foundation/20250530_mem-histone/fish1_roi1-2/AFCAM2					1
Korra_Foundation	20250530_mem-histone	Korra_Foundation/20250530_mem-histone/fish1_roi1-2/DSH1					5
Korra_Foundation	20250530_mem-histone	Korra_Foundation/20250530_mem-histone/fish1_roi1-2/DSH1CAM2					1
Korra_Foundation	20250530_mem-histone	Korra_Foundation/20250530_mem-histone/fish1_roi1-2/LVScripts					1
Korra_Foundation	20250530_mem-histone	Korra_Foundation/20250530_mem-histone/fish1_roi1-2/Logs					1
Korra_Foundation	20250530_mem-histone	Korra_Foundation/20250530_mem-histone/fish1_roi1-2/job_logs					1
Korra_Foundation	20250530_mem-histone	Korra_Foundation/20250530_mem-histone/fish1_roi1-2/perf					1
Korra_Foundation	20250530_mem-histone	Korra_Foundation/20250530_mem-histone/fish1_roi1-2/tmp					1
Korra_Foundation	20250530_mem-histone	Korra_Foundation/20250530_mem-histone/fish1_roi1/AF					5
Korra_Foundation	20250530_mem-histone	Korra_Foundation/20250530_mem-histone/fish1_roi1/AFCAM2					1
Korra_Foundation	20250530_mem-histone	Korra_Foundation/20250530_mem-histone/fish1_roi1/DSH1					5
Korra_Foundation	20250530_mem-histone	Korra_Foundation/20250530_mem-histone/fish1_roi1/DSH1CAM2					1
Korra_Foundation	20250530_mem-histone	Korra_Foundation/20250530_mem-histone/fish1_roi1/LVScripts					1
Korra_Foundation	20250530_mem-histone	Korra_Foundation/20250530_mem-histone/fish1_roi1/Logs					1
Korra_Foundation	20250530_mem-histone	Korra_Foundation/20250530_mem-histone/fish1_roi1/job_logs					1
Korra_Foundation	20250530_mem-histone	Korra_Foundation/20250530_mem-histone/fish1_roi1/perf					1
Korra_Foundation	20250530_mem-histone	Korra_Foundation/20250530_mem-histone/fish1_roi1/tmp					1
Korra_Foundation	20250530_mem-histone	Korra_Foundation/20250530_mem-histone/fish2_roi1/AF					5
Korra_Foundation	20250530_mem-histone	Korra_Foundation/20250530_mem-histone/fish2_roi1/AFCAM2					2
Korra_Foundation	20250530_mem-histone	Korra_Foundation/20250530_mem-histone/fish2_roi1/DSH1					5
Korra_Foundation	20250530_mem-histone	Korra_Foundation/20250530_mem-histone/fish2_roi1/DSH1CAM2					1
Korra_Foundation	20250530_mem-histone	Korra_Foundation/20250530_mem-histone/fish2_roi1/LVScripts					1
Korra_Foundation	20250530_mem-histone	Korra_Foundation/20250530_mem-histone/fish2_roi1/Logs					1
Korra_Foundation	20250530_mem-histone	Korra_Foundation/20250530_mem-histone/fish2_roi1/job_logs					1
Korra_Foundation	20250530_mem-histone	Korra_Foundation/20250530_mem-histone/fish2_roi1/perf					1
Korra_Foundation	20250530_mem-histone	Korra_Foundation/20250530_mem-histone/fish2_roi1/tmp					1
Korra_Foundation	20250602_mem	Korra_Foundation/20250602_mem/fish2_roi1/AF					5
Korra_Foundation	20250602_mem	Korra_Foundation/20250602_mem/fish2_roi1/AFCAM2					1
Korra_Foundation	20250602_mem	Korra_Foundation/20250602_mem/fish2_roi1/DSH1					5
Korra_Foundation	20250602_mem	Korra_Foundation/20250602_mem/fish2_roi1/DSH1CAM2					1
Korra_Foundation	20250602_mem	Korra_Foundation/20250602_mem/fish2_roi1/LVScripts					1
Korra_Foundation	20250602_mem	Korra_Foundation/20250602_mem/fish2_roi1/Logs					1
Korra_Foundation	20250602_mem	Korra_Foundation/20250602_mem/fish2_roi1/perf					1
Korra_Foundation	20250603_skittlez	Korra_Foundation/20250603_skittlez/fish10_roi1/AF					5
Korra_Foundation	20250603_skittlez	Korra_Foundation/20250603_skittlez/fish10_roi1/AFCAM2					1
Korra_Foundation	20250603_skittlez	Korra_Foundation/20250603_skittlez/fish10_roi1/DSH1					5
Korra_Foundation	20250603_skittlez	Korra_Foundation/20250603_skittlez/fish10_roi1/DSH1CAM2					1
Korra_Foundation	20250603_skittlez	Korra_Foundation/20250603_skittlez/fish10_roi1/LVScripts					1
Korra_Foundation	20250603_skittlez	Korra_Foundation/20250603_skittlez/fish10_roi1/Logs					1
Korra_Foundation	20250603_skittlez	Korra_Foundation/20250603_skittlez/fish10_roi1/job_logs					1
Korra_Foundation	20250603_skittlez	Korra_Foundation/20250603_skittlez/fish10_roi1/matlab_stitch_xcorr				.zarr	17
Korra_Foundation	20250603_skittlez	Korra_Foundation/20250603_skittlez/fish10_roi1/perf					1
Korra_Foundation	20250603_skittlez	Korra_Foundation/20250603_skittlez/fish10_roi1/tmp					1
Korra_Foundation	20250603_skittlez	Korra_Foundation/20250603_skittlez/fish10_roi1/zarr				.zarr	33
Korra_Foundation	20250603_skittlez	Korra_Foundation/20250603_skittlez/fish11_roi1/AF					5
Korra_Foundation	20250603_skittlez	Korra_Foundation/20250603_skittlez/fish11_roi1/AFCAM2					1
Korra_Foundation	20250603_skittlez	Korra_Foundation/20250603_skittlez/fish11_roi1/DSH1					5
Korra_Foundation	20250603_skittlez	Korra_Foundation/20250603_skittlez/fish11_roi1/DSH1CAM2					1
Korra_Foundation	20250603_skittlez	Korra_Foundation/20250603_skittlez/fish11_roi1/Logs					1
Korra_Foundation	20250603_skittlez	Korra_Foundation/20250603_skittlez/fish11_roi1/job_logs					1
Korra_Foundation	20250603_skittlez	Korra_Foundation/20250603_skittlez/fish11_roi1/matlab_stitch_xcorr				.zarr	17
Korra_Foundation	20250603_skittlez	Korra_Foundation/20250603_skittlez/fish11_roi1/perf					1
Korra_Foundation	20250603_skittlez	Korra_Foundation/20250603_skittlez/fish11_roi1/tmp					1
Korra_Foundation	20250603_skittlez	Korra_Foundation/20250603_skittlez/fish11_roi1/zarr				.zarr	21
Korra_Foundation	20250603_skittlez	Korra_Foundation/20250603_skittlez/fish12_roi1/AF					5
Korra_Foundation	20250603_skittlez	Korra_Foundation/20250603_skittlez/fish12_roi1/AFCAM2					1
Korra_Foundation	20250603_skittlez	Korra_Foundation/20250603_skittlez/fish12_roi1/DSH1					5
Korra_Foundation	20250603_skittlez	Korra_Foundation/20250603_skittlez/fish12_roi1/DSH1CAM2					1
Korra_Foundation	20250603_skittlez	Korra_Foundation/20250603_skittlez/fish12_roi1/Logs					1
Korra_Foundation	20250603_skittlez	Korra_Foundation/20250603_skittlez/fish12_roi1/job_logs					1
Korra_Foundation	20250603_skittlez	Korra_Foundation/20250603_skittlez/fish12_roi1/matlab_stitch_xcorr				.zarr	17
Korra_Foundation	20250603_skittlez	Korra_Foundation/20250603_skittlez/fish12_roi1/perf					1
Korra_Foundation	20250603_skittlez	Korra_Foundation/20250603_skittlez/fish12_roi1/tmp					1
Korra_Foundation	20250603_skittlez	Korra_Foundation/20250603_skittlez/fish12_roi1/zarr				.zarr	45
Korra_Foundation	20250603_skittlez	Korra_Foundation/20250603_skittlez/fish13_roi1/AF					5
Korra_Foundation	20250603_skittlez	Korra_Foundation/20250603_skittlez/fish13_roi1/AFCAM2					1
Korra_Foundation	20250603_skittlez	Korra_Foundation/20250603_skittlez/fish13_roi1/DSH1					5
Korra_Foundation	20250603_skittlez	Korra_Foundation/20250603_skittlez/fish13_roi1/DSH1CAM2					1
Korra_Foundation	20250603_skittlez	Korra_Foundation/20250603_skittlez/fish13_roi1/Logs					1
Korra_Foundation	20250603_skittlez	Korra_Foundation/20250603_skittlez/fish13_roi1/job_logs					1
Korra_Foundation	20250603_skittlez	Korra_Foundation/20250603_skittlez/fish13_roi1/matlab_stitch_xcorr				.zarr	17
Korra_Foundation	20250603_skittlez	Korra_Foundation/20250603_skittlez/fish13_roi1/perf					1
Korra_Foundation	20250603_skittlez	Korra_Foundation/20250603_skittlez/fish13_roi1/tmp					1
Korra_Foundation	20250603_skittlez	Korra_Foundation/20250603_skittlez/fish13_roi1/zarr				.zarr	21
Korra_Foundation	20250603_skittlez	Korra_Foundation/20250603_skittlez/fish14_roi1/AF					5
Korra_Foundation	20250603_skittlez	Korra_Foundation/20250603_skittlez/fish14_roi1/AFCAM2					1
Korra_Foundation	20250603_skittlez	Korra_Foundation/20250603_skittlez/fish14_roi1/DSH1					5
Korra_Foundation	20250603_skittlez	Korra_Foundation/20250603_skittlez/fish14_roi1/DSH1CAM2					1
Korra_Foundation	20250603_skittlez	Korra_Foundation/20250603_skittlez/fish14_roi1/Logs					1
Korra_Foundation	20250603_skittlez	Korra_Foundation/20250603_skittlez/fish14_roi1/job_logs					1
Korra_Foundation	20250603_skittlez	Korra_Foundation/20250603_skittlez/fish14_roi1/matlab_stitch_xcorr				.zarr	17
Korra_Foundation	20250603_skittlez	Korra_Foundation/20250603_skittlez/fish14_roi1/perf					1
Korra_Foundation	20250603_skittlez	Korra_Foundation/20250603_skittlez/fish14_roi1/tmp					1
Korra_Foundation	20250603_skittlez	Korra_Foundation/20250603_skittlez/fish14_roi1/zarr				.zarr	57
Korra_Foundation	20250603_skittlez	Korra_Foundation/20250603_skittlez/fish15_roi1/AF					5
Korra_Foundation	20250603_skittlez	Korra_Foundation/20250603_skittlez/fish15_roi1/AFCAM2					1
Korra_Foundation	20250603_skittlez	Korra_Foundation/20250603_skittlez/fish15_roi1/DSH1					5
Korra_Foundation	20250603_skittlez	Korra_Foundation/20250603_skittlez/fish15_roi1/DSH1CAM2					1
Korra_Foundation	20250603_skittlez	Korra_Foundation/20250603_skittlez/fish15_roi1/Logs					1
Korra_Foundation	20250603_skittlez	Korra_Foundation/20250603_skittlez/fish15_roi1/job_logs					1
Korra_Foundation	20250603_skittlez	Korra_Foundation/20250603_skittlez/fish15_roi1/matlab_stitch_xcorr				.zarr	17
Korra_Foundation	20250603_skittlez	Korra_Foundation/20250603_skittlez/fish15_roi1/perf					1
Korra_Foundation	20250603_skittlez	Korra_Foundation/20250603_skittlez/fish15_roi1/tmp					1
Korra_Foundation	20250603_skittlez	Korra_Foundation/20250603_skittlez/fish15_roi1/zarr				.zarr;.zarr_3bbaf918-505c-4706-ac1b-43d44594a37c	40
Korra_Foundation	20250603_skittlez	Korra_Foundation/20250603_skittlez/fish16_roi1/AF					5
Korra_Foundation	20250603_skittlez	Korra_Foundation/20250603_skittlez/fish16_roi1/AFCAM2					1
Korra_Foundation	20250603_skittlez	Korra_Foundation/20250603_skittlez/fish16_roi1/DSH1					5
Korra_Foundation	20250603_skittlez	Korra_Foundation/20250603_skittlez/fish16_roi1/DSH1CAM2					1
Korra_Foundation	20250603_skittlez	Korra_Foundation/20250603_skittlez/fish16_roi1/Logs					1
Korra_Foundation	20250603_skittlez	Korra_Foundation/20250603_skittlez/fish16_roi1/job_logs					1
Korra_Foundation	20250603_skittlez	Korra_Foundation/20250603_skittlez/fish16_roi1/matlab_stitch_xcorr				.zarr	17
Korra_Foundation	20250603_skittlez	Korra_Foundation/20250603_skittlez/fish16_roi1/perf					1
Korra_Foundation	20250603_skittlez	Korra_Foundation/20250603_skittlez/fish16_roi1/tmp					1
Korra_Foundation	20250603_skittlez	Korra_Foundation/20250603_skittlez/fish16_roi1/zarr				.zarr	27
Korra_Foundation	20250603_skittlez	Korra_Foundation/20250603_skittlez/fish1_roi1/Logs					1
Korra_Foundation	20250603_skittlez	Korra_Foundation/20250603_skittlez/fish1_roi1/matlab_stitch_xcorr					3
Korra_Foundation	20250603_skittlez	Korra_Foundation/20250603_skittlez/fish1_roi1_1/AF					5
Korra_Foundation	20250603_skittlez	Korra_Foundation/20250603_skittlez/fish1_roi1_1/AFCAM2					1
Korra_Foundation	20250603_skittlez	Korra_Foundation/20250603_skittlez/fish1_roi1_1/DSH1					5
Korra_Foundation	20250603_skittlez	Korra_Foundation/20250603_skittlez/fish1_roi1_1/DSH1CAM2					1
Korra_Foundation	20250603_skittlez	Korra_Foundation/20250603_skittlez/fish1_roi1_1/Logs					1
Korra_Foundation	20250603_skittlez	Korra_Foundation/20250603_skittlez/fish1_roi1_1/job_logs					1
Korra_Foundation	20250603_skittlez	Korra_Foundation/20250603_skittlez/fish1_roi1_1/matlab_stitch_xcorr				.zarr	17
Korra_Foundation	20250603_skittlez	Korra_Foundation/20250603_skittlez/fish1_roi1_1/perf					1
Korra_Foundation	20250603_skittlez	Korra_Foundation/20250603_skittlez/fish1_roi1_1/tmp					1
Korra_Foundation	20250603_skittlez	Korra_Foundation/20250603_skittlez/fish1_roi1_1/zarr				.zarr	21
Korra_Foundation	20250603_skittlez	Korra_Foundation/20250603_skittlez/fish2_roi1/AF					5
Korra_Foundation	20250603_skittlez	Korra_Foundation/20250603_skittlez/fish2_roi1/AFCAM2					1
Korra_Foundation	20250603_skittlez	Korra_Foundation/20250603_skittlez/fish2_roi1/DSH1					5
Korra_Foundation	20250603_skittlez	Korra_Foundation/20250603_skittlez/fish2_roi1/DSH1CAM2					1
Korra_Foundation	20250603_skittlez	Korra_Foundation/20250603_skittlez/fish2_roi1/Logs					1
Korra_Foundation	20250603_skittlez	Korra_Foundation/20250603_skittlez/fish2_roi1/matlab_stitch_xcorr					3
Korra_Foundation	20250603_skittlez	Korra_Foundation/20250603_skittlez/fish2_roi1/perf					1
Korra_Foundation	20250603_skittlez	Korra_Foundation/20250603_skittlez/fish2_roi1_1/AF					5
Korra_Foundation	20250603_skittlez	Korra_Foundation/20250603_skittlez/fish2_roi1_1/AFCAM2					1
Korra_Foundation	20250603_skittlez	Korra_Foundation/20250603_skittlez/fish2_roi1_1/DSH1					5
Korra_Foundation	20250603_skittlez	Korra_Foundation/20250603_skittlez/fish2_roi1_1/DSH1CAM2					1
Korra_Foundation	20250603_skittlez	Korra_Foundation/20250603_skittlez/fish2_roi1_1/LVScripts					1
Korra_Foundation	20250603_skittlez	Korra_Foundation/20250603_skittlez/fish2_roi1_1/Logs					1
Korra_Foundation	20250603_skittlez	Korra_Foundation/20250603_skittlez/fish2_roi1_1/job_logs					1
Korra_Foundation	20250603_skittlez	Korra_Foundation/20250603_skittlez/fish2_roi1_1/matlab_stitch_xcorr				.zarr	17
Korra_Foundation	20250603_skittlez	Korra_Foundation/20250603_skittlez/fish2_roi1_1/perf					1
Korra_Foundation	20250603_skittlez	Korra_Foundation/20250603_skittlez/fish2_roi1_1/tmp					1
Korra_Foundation	20250603_skittlez	Korra_Foundation/20250603_skittlez/fish2_roi1_1/zarr				.zarr	21
Korra_Foundation	20250603_skittlez	Korra_Foundation/20250603_skittlez/fish3_roi1/AF					5
Korra_Foundation	20250603_skittlez	Korra_Foundation/20250603_skittlez/fish3_roi1/AFCAM2					1
Korra_Foundation	20250603_skittlez	Korra_Foundation/20250603_skittlez/fish3_roi1/DSH1					5
Korra_Foundation	20250603_skittlez	Korra_Foundation/20250603_skittlez/fish3_roi1/DSH1CAM2					1
Korra_Foundation	20250603_skittlez	Korra_Foundation/20250603_skittlez/fish3_roi1/Logs					1
Korra_Foundation	20250603_skittlez	Korra_Foundation/20250603_skittlez/fish3_roi1/job_logs					1
Korra_Foundation	20250603_skittlez	Korra_Foundation/20250603_skittlez/fish3_roi1/matlab_stitch_xcorr				.zarr	17
Korra_Foundation	20250603_skittlez	Korra_Foundation/20250603_skittlez/fish3_roi1/perf					1
Korra_Foundation	20250603_skittlez	Korra_Foundation/20250603_skittlez/fish3_roi1/tmp					1
Korra_Foundation	20250603_skittlez	Korra_Foundation/20250603_skittlez/fish3_roi1/zarr				.zarr	27
Korra_Foundation	20250603_skittlez	Korra_Foundation/20250603_skittlez/fish4_roi1/AF					5
Korra_Foundation	20250603_skittlez	Korra_Foundation/20250603_skittlez/fish4_roi1/AFCAM2					1
Korra_Foundation	20250603_skittlez	Korra_Foundation/20250603_skittlez/fish4_roi1/DSH1					5
Korra_Foundation	20250603_skittlez	Korra_Foundation/20250603_skittlez/fish4_roi1/DSH1CAM2					1
Korra_Foundation	20250603_skittlez	Korra_Foundation/20250603_skittlez/fish4_roi1/Logs					1
Korra_Foundation	20250603_skittlez	Korra_Foundation/20250603_skittlez/fish4_roi1/job_logs					1
Korra_Foundation	20250603_skittlez	Korra_Foundation/20250603_skittlez/fish4_roi1/matlab_stitch_xcorr				.zarr	17
Korra_Foundation	20250603_skittlez	Korra_Foundation/20250603_skittlez/fish4_roi1/perf					1
Korra_Foundation	20250603_skittlez	Korra_Foundation/20250603_skittlez/fish4_roi1/tmp					1
Korra_Foundation	20250603_skittlez	Korra_Foundation/20250603_skittlez/fish4_roi1/zarr				.zarr	39
Korra_Foundation	20250603_skittlez	Korra_Foundation/20250603_skittlez/fish6_roi1/AF					5
Korra_Foundation	20250603_skittlez	Korra_Foundation/20250603_skittlez/fish6_roi1/AFCAM2					1
Korra_Foundation	20250603_skittlez	Korra_Foundation/20250603_skittlez/fish6_roi1/DSH1					5
Korra_Foundation	20250603_skittlez	Korra_Foundation/20250603_skittlez/fish6_roi1/DSH1CAM2					1
Korra_Foundation	20250603_skittlez	Korra_Foundation/20250603_skittlez/fish6_roi1/Logs					1
Korra_Foundation	20250603_skittlez	Korra_Foundation/20250603_skittlez/fish6_roi1/job_logs					1
Korra_Foundation	20250603_skittlez	Korra_Foundation/20250603_skittlez/fish6_roi1/matlab_stitch_xcorr				.zarr	17
Korra_Foundation	20250603_skittlez	Korra_Foundation/20250603_skittlez/fish6_roi1/perf					1
Korra_Foundation	20250603_skittlez	Korra_Foundation/20250603_skittlez/fish6_roi1/tmp					1
Korra_Foundation	20250603_skittlez	Korra_Foundation/20250603_skittlez/fish6_roi1/zarr				.zarr	51
Korra_Foundation	20250603_skittlez	Korra_Foundation/20250603_skittlez/fish7_roi1/AF					5
Korra_Foundation	20250603_skittlez	Korra_Foundation/20250603_skittlez/fish7_roi1/AFCAM2					1
Korra_Foundation	20250603_skittlez	Korra_Foundation/20250603_skittlez/fish7_roi1/DSH1					5
Korra_Foundation	20250603_skittlez	Korra_Foundation/20250603_skittlez/fish7_roi1/DSH1CAM2					1
Korra_Foundation	20250603_skittlez	Korra_Foundation/20250603_skittlez/fish7_roi1/Logs					1
Korra_Foundation	20250603_skittlez	Korra_Foundation/20250603_skittlez/fish7_roi1/job_logs					1
Korra_Foundation	20250603_skittlez	Korra_Foundation/20250603_skittlez/fish7_roi1/matlab_stitch_xcorr				.zarr	17
Korra_Foundation	20250603_skittlez	Korra_Foundation/20250603_skittlez/fish7_roi1/perf					1
Korra_Foundation	20250603_skittlez	Korra_Foundation/20250603_skittlez/fish7_roi1/tmp					1
Korra_Foundation	20250603_skittlez	Korra_Foundation/20250603_skittlez/fish7_roi1/zarr				.zarr	33
Korra_Foundation	20250603_skittlez	Korra_Foundation/20250603_skittlez/fish8_roi1/AF					5
Korra_Foundation	20250603_skittlez	Korra_Foundation/20250603_skittlez/fish8_roi1/AFCAM2					1
Korra_Foundation	20250603_skittlez	Korra_Foundation/20250603_skittlez/fish8_roi1/DSH1					5
Korra_Foundation	20250603_skittlez	Korra_Foundation/20250603_skittlez/fish8_roi1/DSH1CAM2					1
Korra_Foundation	20250603_skittlez	Korra_Foundation/20250603_skittlez/fish8_roi1/LVScripts					1
Korra_Foundation	20250603_skittlez	Korra_Foundation/20250603_skittlez/fish8_roi1/Logs					1
Korra_Foundation	20250603_skittlez	Korra_Foundation/20250603_skittlez/fish8_roi1/job_logs					1
Korra_Foundation	20250603_skittlez	Korra_Foundation/20250603_skittlez/fish8_roi1/matlab_stitch_xcorr				.zarr	17
Korra_Foundation	20250603_skittlez	Korra_Foundation/20250603_skittlez/fish8_roi1/perf					1
Korra_Foundation	20250603_skittlez	Korra_Foundation/20250603_skittlez/fish8_roi1/tmp					1
Korra_Foundation	20250603_skittlez	Korra_Foundation/20250603_skittlez/fish8_roi1/zarr				.zarr	21
Korra_Foundation	20250603_skittlez	Korra_Foundation/20250603_skittlez/fish9_roi1/AF					5
Korra_Foundation	20250603_skittlez	Korra_Foundation/20250603_skittlez/fish9_roi1/AFCAM2					1
Korra_Foundation	20250603_skittlez	Korra_Foundation/20250603_skittlez/fish9_roi1/DSH1					5
Korra_Foundation	20250603_skittlez	Korra_Foundation/20250603_skittlez/fish9_roi1/DSH1CAM2					1
Korra_Foundation	20250603_skittlez	Korra_Foundation/20250603_skittlez/fish9_roi1/LVScripts					1
Korra_Foundation	20250603_skittlez	Korra_Foundation/20250603_skittlez/fish9_roi1/Logs					1
Korra_Foundation	20250603_skittlez	Korra_Foundation/20250603_skittlez/fish9_roi1/job_logs					1
Korra_Foundation	20250603_skittlez	Korra_Foundation/20250603_skittlez/fish9_roi1/matlab_stitch_xcorr				.zarr	17
Korra_Foundation	20250603_skittlez	Korra_Foundation/20250603_skittlez/fish9_roi1/perf					1
Korra_Foundation	20250603_skittlez	Korra_Foundation/20250603_skittlez/fish9_roi1/tmp					1
Korra_Foundation	20250603_skittlez	Korra_Foundation/20250603_skittlez/fish9_roi1/zarr				.zarr	21
Korra_Foundation	20250603_skittlez	Korra_Foundation/20250603_skittlez/fish9_roi2/AF					5
Korra_Foundation	20250603_skittlez	Korra_Foundation/20250603_skittlez/fish9_roi2/AFCAM2					1
Korra_Foundation	20250603_skittlez	Korra_Foundation/20250603_skittlez/fish9_roi2/DSH1					5
Korra_Foundation	20250603_skittlez	Korra_Foundation/20250603_skittlez/fish9_roi2/DSH1CAM2					1
Korra_Foundation	20250603_skittlez	Korra_Foundation/20250603_skittlez/fish9_roi2/LVScripts					1
Korra_Foundation	20250603_skittlez	Korra_Foundation/20250603_skittlez/fish9_roi2/Logs					1
Korra_Foundation	20250603_skittlez	Korra_Foundation/20250603_skittlez/fish9_roi2/job_logs					1
Korra_Foundation	20250603_skittlez	Korra_Foundation/20250603_skittlez/fish9_roi2/matlab_stitch_xcorr				.zarr	17
Korra_Foundation	20250603_skittlez	Korra_Foundation/20250603_skittlez/fish9_roi2/perf					1
Korra_Foundation	20250603_skittlez	Korra_Foundation/20250603_skittlez/fish9_roi2/tmp					1
Korra_Foundation	20250603_skittlez	Korra_Foundation/20250603_skittlez/fish9_roi2/zarr				.zarr	21
Korra_Foundation	20250603_skittlez	Korra_Foundation/20250603_skittlez/fish9_roi3/AF					5
Korra_Foundation	20250603_skittlez	Korra_Foundation/20250603_skittlez/fish9_roi3/AFCAM2					1
Korra_Foundation	20250603_skittlez	Korra_Foundation/20250603_skittlez/fish9_roi3/DSH1					5
Korra_Foundation	20250603_skittlez	Korra_Foundation/20250603_skittlez/fish9_roi3/DSH1CAM2					1
Korra_Foundation	20250603_skittlez	Korra_Foundation/20250603_skittlez/fish9_roi3/Logs					1
Korra_Foundation	20250603_skittlez	Korra_Foundation/20250603_skittlez/fish9_roi3/job_logs					1
Korra_Foundation	20250603_skittlez	Korra_Foundation/20250603_skittlez/fish9_roi3/matlab_stitch_xcorr				.zarr	17
Korra_Foundation	20250603_skittlez	Korra_Foundation/20250603_skittlez/fish9_roi3/perf					1
Korra_Foundation	20250603_skittlez	Korra_Foundation/20250603_skittlez/fish9_roi3/tmp					1
Korra_Foundation	20250603_skittlez	Korra_Foundation/20250603_skittlez/fish9_roi3/zarr				.zarr	21
Korra_Foundation	20250603_skittlez	Korra_Foundation/20250603_skittlez/job_logs/20250609_142729_Image_List_Generator					1
Korra_Foundation	20250605_skittlez	Korra_Foundation/20250605_skittlez/fish10_roi1/AF					5
Korra_Foundation	20250605_skittlez	Korra_Foundation/20250605_skittlez/fish10_roi1/AFCAM2					1
Korra_Foundation	20250605_skittlez	Korra_Foundation/20250605_skittlez/fish10_roi1/DSH1					5
Korra_Foundation	20250605_skittlez	Korra_Foundation/20250605_skittlez/fish10_roi1/DSH1CAM2					1
Korra_Foundation	20250605_skittlez	Korra_Foundation/20250605_skittlez/fish10_roi1/Logs					1
Korra_Foundation	20250605_skittlez	Korra_Foundation/20250605_skittlez/fish10_roi1/job_logs					1
Korra_Foundation	20250605_skittlez	Korra_Foundation/20250605_skittlez/fish10_roi1/matlab_stitch_xcorr				.zarr	17
Korra_Foundation	20250605_skittlez	Korra_Foundation/20250605_skittlez/fish10_roi1/perf					1
Korra_Foundation	20250605_skittlez	Korra_Foundation/20250605_skittlez/fish10_roi1/tmp					1
Korra_Foundation	20250605_skittlez	Korra_Foundation/20250605_skittlez/fish10_roi1/zarr				.zarr	21
Korra_Foundation	20250605_skittlez	Korra_Foundation/20250605_skittlez/fish10_roi2/AF					5
Korra_Foundation	20250605_skittlez	Korra_Foundation/20250605_skittlez/fish10_roi2/AFCAM2					1
Korra_Foundation	20250605_skittlez	Korra_Foundation/20250605_skittlez/fish10_roi2/DSH1					5
Korra_Foundation	20250605_skittlez	Korra_Foundation/20250605_skittlez/fish10_roi2/DSH1CAM2					1
Korra_Foundation	20250605_skittlez	Korra_Foundation/20250605_skittlez/fish10_roi2/Logs					1
Korra_Foundation	20250605_skittlez	Korra_Foundation/20250605_skittlez/fish10_roi2/job_logs					1
Korra_Foundation	20250605_skittlez	Korra_Foundation/20250605_skittlez/fish10_roi2/matlab_stitch_xcorr				.zarr	17
Korra_Foundation	20250605_skittlez	Korra_Foundation/20250605_skittlez/fish10_roi2/perf					1
Korra_Foundation	20250605_skittlez	Korra_Foundation/20250605_skittlez/fish10_roi2/tmp					1
Korra_Foundation	20250605_skittlez	Korra_Foundation/20250605_skittlez/fish10_roi2/zarr				.zarr	21
Korra_Foundation	20250605_skittlez	Korra_Foundation/20250605_skittlez/fish11_roi1/AF					5
Korra_Foundation	20250605_skittlez	Korra_Foundation/20250605_skittlez/fish11_roi1/AFCAM2					1
Korra_Foundation	20250605_skittlez	Korra_Foundation/20250605_skittlez/fish11_roi1/DSH1					5
Korra_Foundation	20250605_skittlez	Korra_Foundation/20250605_skittlez/fish11_roi1/DSH1CAM2					1
Korra_Foundation	20250605_skittlez	Korra_Foundation/20250605_skittlez/fish11_roi1/LVScripts					1
Korra_Foundation	20250605_skittlez	Korra_Foundation/20250605_skittlez/fish11_roi1/Logs					1
Korra_Foundation	20250605_skittlez	Korra_Foundation/20250605_skittlez/fish11_roi1/job_logs					1
Korra_Foundation	20250605_skittlez	Korra_Foundation/20250605_skittlez/fish11_roi1/matlab_stitch_xcorr				.zarr	17
Korra_Foundation	20250605_skittlez	Korra_Foundation/20250605_skittlez/fish11_roi1/perf					1
Korra_Foundation	20250605_skittlez	Korra_Foundation/20250605_skittlez/fish11_roi1/tmp					1
Korra_Foundation	20250605_skittlez	Korra_Foundation/20250605_skittlez/fish11_roi1/zarr				.zarr	21
Korra_Foundation	20250605_skittlez	Korra_Foundation/20250605_skittlez/fish11_roi2/AF					5
Korra_Foundation	20250605_skittlez	Korra_Foundation/20250605_skittlez/fish11_roi2/AFCAM2					1
Korra_Foundation	20250605_skittlez	Korra_Foundation/20250605_skittlez/fish11_roi2/DSH1					5
Korra_Foundation	20250605_skittlez	Korra_Foundation/20250605_skittlez/fish11_roi2/DSH1CAM2					1
Korra_Foundation	20250605_skittlez	Korra_Foundation/20250605_skittlez/fish11_roi2/Logs					1
Korra_Foundation	20250605_skittlez	Korra_Foundation/20250605_skittlez/fish11_roi2/job_logs					1
Korra_Foundation	20250605_skittlez	Korra_Foundation/20250605_skittlez/fish11_roi2/matlab_stitch_xcorr				.zarr	17
Korra_Foundation	20250605_skittlez	Korra_Foundation/20250605_skittlez/fish11_roi2/perf					1
Korra_Foundation	20250605_skittlez	Korra_Foundation/20250605_skittlez/fish11_roi2/tmp					1
Korra_Foundation	20250605_skittlez	Korra_Foundation/20250605_skittlez/fish11_roi2/zarr				.zarr	27
Korra_Foundation	20250605_skittlez	Korra_Foundation/20250605_skittlez/fish12_roi1/AF					5
Korra_Foundation	20250605_skittlez	Korra_Foundation/20250605_skittlez/fish12_roi1/AFCAM2					1
Korra_Foundation	20250605_skittlez	Korra_Foundation/20250605_skittlez/fish12_roi1/DSH1					5
Korra_Foundation	20250605_skittlez	Korra_Foundation/20250605_skittlez/fish12_roi1/DSH1CAM2					1
Korra_Foundation	20250605_skittlez	Korra_Foundation/20250605_skittlez/fish12_roi1/Logs					1
Korra_Foundation	20250605_skittlez	Korra_Foundation/20250605_skittlez/fish12_roi1/job_logs					1
Korra_Foundation	20250605_skittlez	Korra_Foundation/20250605_skittlez/fish12_roi1/matlab_stitch_xcorr				.zarr	17
Korra_Foundation	20250605_skittlez	Korra_Foundation/20250605_skittlez/fish12_roi1/perf					1
Korra_Foundation	20250605_skittlez	Korra_Foundation/20250605_skittlez/fish12_roi1/tmp					1
Korra_Foundation	20250605_skittlez	Korra_Foundation/20250605_skittlez/fish12_roi1/zarr				.zarr	21
Korra_Foundation	20250605_skittlez	Korra_Foundation/20250605_skittlez/fish13_roi1/AF					5
Korra_Foundation	20250605_skittlez	Korra_Foundation/20250605_skittlez/fish13_roi1/AFCAM2					1
Korra_Foundation	20250605_skittlez	Korra_Foundation/20250605_skittlez/fish13_roi1/DSH1					5
Korra_Foundation	20250605_skittlez	Korra_Foundation/20250605_skittlez/fish13_roi1/DSH1CAM2					1
Korra_Foundation	20250605_skittlez	Korra_Foundation/20250605_skittlez/fish13_roi1/Logs					1
Korra_Foundation	20250605_skittlez	Korra_Foundation/20250605_skittlez/fish13_roi1/job_logs					1
Korra_Foundation	20250605_skittlez	Korra_Foundation/20250605_skittlez/fish13_roi1/matlab_stitch_xcorr				.zarr	17
Korra_Foundation	20250605_skittlez	Korra_Foundation/20250605_skittlez/fish13_roi1/perf					1
Korra_Foundation	20250605_skittlez	Korra_Foundation/20250605_skittlez/fish13_roi1/tmp					1
Korra_Foundation	20250605_skittlez	Korra_Foundation/20250605_skittlez/fish13_roi1/zarr				.zarr	21
Korra_Foundation	20250605_skittlez	Korra_Foundation/20250605_skittlez/fish13_roi2/AF					5
Korra_Foundation	20250605_skittlez	Korra_Foundation/20250605_skittlez/fish13_roi2/AFCAM2					1
Korra_Foundation	20250605_skittlez	Korra_Foundation/20250605_skittlez/fish13_roi2/DSH1					5
Korra_Foundation	20250605_skittlez	Korra_Foundation/20250605_skittlez/fish13_roi2/DSH1CAM2					1
Korra_Foundation	20250605_skittlez	Korra_Foundation/20250605_skittlez/fish13_roi2/Logs					1
Korra_Foundation	20250605_skittlez	Korra_Foundation/20250605_skittlez/fish13_roi2/job_logs					1
Korra_Foundation	20250605_skittlez	Korra_Foundation/20250605_skittlez/fish13_roi2/matlab_stitch_xcorr				.zarr	17
Korra_Foundation	20250605_skittlez	Korra_Foundation/20250605_skittlez/fish13_roi2/perf					1
Korra_Foundation	20250605_skittlez	Korra_Foundation/20250605_skittlez/fish13_roi2/tmp					1
Korra_Foundation	20250605_skittlez	Korra_Foundation/20250605_skittlez/fish13_roi2/zarr				.zarr	21
Korra_Foundation	20250605_skittlez	Korra_Foundation/20250605_skittlez/fish14_roi1/AF					5
Korra_Foundation	20250605_skittlez	Korra_Foundation/20250605_skittlez/fish14_roi1/AFCAM2					1
Korra_Foundation	20250605_skittlez	Korra_Foundation/20250605_skittlez/fish14_roi1/DSH1					5
Korra_Foundation	20250605_skittlez	Korra_Foundation/20250605_skittlez/fish14_roi1/DSH1CAM2					1
Korra_Foundation	20250605_skittlez	Korra_Foundation/20250605_skittlez/fish14_roi1/Logs					1
Korra_Foundation	20250605_skittlez	Korra_Foundation/20250605_skittlez/fish14_roi1/job_logs					1
Korra_Foundation	20250605_skittlez	Korra_Foundation/20250605_skittlez/fish14_roi1/matlab_stitch_xcorr				.zarr	17
Korra_Foundation	20250605_skittlez	Korra_Foundation/20250605_skittlez/fish14_roi1/perf					1
Korra_Foundation	20250605_skittlez	Korra_Foundation/20250605_skittlez/fish14_roi1/tmp					1
Korra_Foundation	20250605_skittlez	Korra_Foundation/20250605_skittlez/fish14_roi1/zarr				.zarr	21
Korra_Foundation	20250605_skittlez	Korra_Foundation/20250605_skittlez/fish1_roi1/AF					5
Korra_Foundation	20250605_skittlez	Korra_Foundation/20250605_skittlez/fish1_roi1/AFCAM2					1
Korra_Foundation	20250605_skittlez	Korra_Foundation/20250605_skittlez/fish1_roi1/DSH1					5
Korra_Foundation	20250605_skittlez	Korra_Foundation/20250605_skittlez/fish1_roi1/DSH1CAM2					1
Korra_Foundation	20250605_skittlez	Korra_Foundation/20250605_skittlez/fish1_roi1/LVScripts					1
Korra_Foundation	20250605_skittlez	Korra_Foundation/20250605_skittlez/fish1_roi1/Logs					1
Korra_Foundation	20250605_skittlez	Korra_Foundation/20250605_skittlez/fish1_roi1/job_logs					1
Korra_Foundation	20250605_skittlez	Korra_Foundation/20250605_skittlez/fish1_roi1/matlab_stitch_xcorr				.zarr	17
Korra_Foundation	20250605_skittlez	Korra_Foundation/20250605_skittlez/fish1_roi1/perf					1
Korra_Foundation	20250605_skittlez	Korra_Foundation/20250605_skittlez/fish1_roi1/tmp					1
Korra_Foundation	20250605_skittlez	Korra_Foundation/20250605_skittlez/fish1_roi1/zarr				.zarr	27
Korra_Foundation	20250605_skittlez	Korra_Foundation/20250605_skittlez/fish2_roi1/AF					5
Korra_Foundation	20250605_skittlez	Korra_Foundation/20250605_skittlez/fish2_roi1/AFCAM2					1
Korra_Foundation	20250605_skittlez	Korra_Foundation/20250605_skittlez/fish2_roi1/DSH1					5
Korra_Foundation	20250605_skittlez	Korra_Foundation/20250605_skittlez/fish2_roi1/DSH1CAM2					1
Korra_Foundation	20250605_skittlez	Korra_Foundation/20250605_skittlez/fish2_roi1/LVScripts					1
Korra_Foundation	20250605_skittlez	Korra_Foundation/20250605_skittlez/fish2_roi1/Logs					1
Korra_Foundation	20250605_skittlez	Korra_Foundation/20250605_skittlez/fish2_roi1/job_logs					1
Korra_Foundation	20250605_skittlez	Korra_Foundation/20250605_skittlez/fish2_roi1/matlab_stitch_xcorr				.zarr	17
Korra_Foundation	20250605_skittlez	Korra_Foundation/20250605_skittlez/fish2_roi1/perf					1
Korra_Foundation	20250605_skittlez	Korra_Foundation/20250605_skittlez/fish2_roi1/tmp					1
Korra_Foundation	20250605_skittlez	Korra_Foundation/20250605_skittlez/fish2_roi1/zarr				.zarr	21
Korra_Foundation	20250605_skittlez	Korra_Foundation/20250605_skittlez/fish2_roi12/AF					5
Korra_Foundation	20250605_skittlez	Korra_Foundation/20250605_skittlez/fish2_roi12/AFCAM2					1
Korra_Foundation	20250605_skittlez	Korra_Foundation/20250605_skittlez/fish2_roi12/DSH1					5
Korra_Foundation	20250605_skittlez	Korra_Foundation/20250605_skittlez/fish2_roi12/DSH1CAM2					1
Korra_Foundation	20250605_skittlez	Korra_Foundation/20250605_skittlez/fish2_roi12/Logs					1
Korra_Foundation	20250605_skittlez	Korra_Foundation/20250605_skittlez/fish2_roi12/job_logs					1
Korra_Foundation	20250605_skittlez	Korra_Foundation/20250605_skittlez/fish2_roi12/matlab_stitch_xcorr				.zarr	17
Korra_Foundation	20250605_skittlez	Korra_Foundation/20250605_skittlez/fish2_roi12/perf					1
Korra_Foundation	20250605_skittlez	Korra_Foundation/20250605_skittlez/fish2_roi12/tmp					1
Korra_Foundation	20250605_skittlez	Korra_Foundation/20250605_skittlez/fish2_roi12/zarr				.zarr	21
Korra_Foundation	20250605_skittlez	Korra_Foundation/20250605_skittlez/fish3_roi12/AF					5
Korra_Foundation	20250605_skittlez	Korra_Foundation/20250605_skittlez/fish3_roi12/AFCAM2					1
Korra_Foundation	20250605_skittlez	Korra_Foundation/20250605_skittlez/fish3_roi12/DSH1					5
Korra_Foundation	20250605_skittlez	Korra_Foundation/20250605_skittlez/fish3_roi12/DSH1CAM2					1
Korra_Foundation	20250605_skittlez	Korra_Foundation/20250605_skittlez/fish3_roi12/Logs					1
Korra_Foundation	20250605_skittlez	Korra_Foundation/20250605_skittlez/fish3_roi12/job_logs					1
Korra_Foundation	20250605_skittlez	Korra_Foundation/20250605_skittlez/fish3_roi12/matlab_stitch_xcorr				.zarr	17
Korra_Foundation	20250605_skittlez	Korra_Foundation/20250605_skittlez/fish3_roi12/perf					1
Korra_Foundation	20250605_skittlez	Korra_Foundation/20250605_skittlez/fish3_roi12/tmp					1
Korra_Foundation	20250605_skittlez	Korra_Foundation/20250605_skittlez/fish3_roi12/zarr				.zarr	21
Korra_Foundation	20250605_skittlez	Korra_Foundation/20250605_skittlez/fish3_roi2/AF					5
Korra_Foundation	20250605_skittlez	Korra_Foundation/20250605_skittlez/fish3_roi2/AFCAM2					1
Korra_Foundation	20250605_skittlez	Korra_Foundation/20250605_skittlez/fish3_roi2/DSH1					5
Korra_Foundation	20250605_skittlez	Korra_Foundation/20250605_skittlez/fish3_roi2/DSH1CAM2					1
Korra_Foundation	20250605_skittlez	Korra_Foundation/20250605_skittlez/fish3_roi2/Logs					1
Korra_Foundation	20250605_skittlez	Korra_Foundation/20250605_skittlez/fish3_roi2/job_logs					1
Korra_Foundation	20250605_skittlez	Korra_Foundation/20250605_skittlez/fish3_roi2/matlab_stitch_xcorr				.zarr	17
Korra_Foundation	20250605_skittlez	Korra_Foundation/20250605_skittlez/fish3_roi2/perf					1
Korra_Foundation	20250605_skittlez	Korra_Foundation/20250605_skittlez/fish3_roi2/tmp					1
Korra_Foundation	20250605_skittlez	Korra_Foundation/20250605_skittlez/fish3_roi2/zarr				.zarr	21
Korra_Foundation	20250605_skittlez	Korra_Foundation/20250605_skittlez/fish4_roi1/AF					5
Korra_Foundation	20250605_skittlez	Korra_Foundation/20250605_skittlez/fish4_roi1/AFCAM2					1
Korra_Foundation	20250605_skittlez	Korra_Foundation/20250605_skittlez/fish4_roi1/DSH1					5
Korra_Foundation	20250605_skittlez	Korra_Foundation/20250605_skittlez/fish4_roi1/DSH1CAM2					1
Korra_Foundation	20250605_skittlez	Korra_Foundation/20250605_skittlez/fish4_roi1/Logs					1
Korra_Foundation	20250605_skittlez	Korra_Foundation/20250605_skittlez/fish4_roi1/job_logs					1
Korra_Foundation	20250605_skittlez	Korra_Foundation/20250605_skittlez/fish4_roi1/matlab_stitch_xcorr				.zarr	17
Korra_Foundation	20250605_skittlez	Korra_Foundation/20250605_skittlez/fish4_roi1/perf					1
Korra_Foundation	20250605_skittlez	Korra_Foundation/20250605_skittlez/fish4_roi1/tmp					1
Korra_Foundation	20250605_skittlez	Korra_Foundation/20250605_skittlez/fish4_roi1/zarr				.zarr	21
Korra_Foundation	20250605_skittlez	Korra_Foundation/20250605_skittlez/fish5_roi1/AF					5
Korra_Foundation	20250605_skittlez	Korra_Foundation/20250605_skittlez/fish5_roi1/AFCAM2					1
Korra_Foundation	20250605_skittlez	Korra_Foundation/20250605_skittlez/fish5_roi1/DSH1					5
Korra_Foundation	20250605_skittlez	Korra_Foundation/20250605_skittlez/fish5_roi1/DSH1CAM2					1
Korra_Foundation	20250605_skittlez	Korra_Foundation/20250605_skittlez/fish5_roi1/Logs					1
Korra_Foundation	20250605_skittlez	Korra_Foundation/20250605_skittlez/fish5_roi1/job_logs					1
Korra_Foundation	20250605_skittlez	Korra_Foundation/20250605_skittlez/fish5_roi1/matlab_stitch_xcorr				.zarr	17
Korra_Foundation	20250605_skittlez	Korra_Foundation/20250605_skittlez/fish5_roi1/perf					1
Korra_Foundation	20250605_skittlez	Korra_Foundation/20250605_skittlez/fish5_roi1/tmp					1
Korra_Foundation	20250605_skittlez	Korra_Foundation/20250605_skittlez/fish5_roi1/zarr				.zarr	14
Korra_Foundation	20250605_skittlez	Korra_Foundation/20250605_skittlez/fish5_roi2/AF					5
Korra_Foundation	20250605_skittlez	Korra_Foundation/20250605_skittlez/fish5_roi2/AFCAM2					1
Korra_Foundation	20250605_skittlez	Korra_Foundation/20250605_skittlez/fish5_roi2/DSH1					5
Korra_Foundation	20250605_skittlez	Korra_Foundation/20250605_skittlez/fish5_roi2/DSH1CAM2					1
Korra_Foundation	20250605_skittlez	Korra_Foundation/20250605_skittlez/fish5_roi2/Logs					1
Korra_Foundation	20250605_skittlez	Korra_Foundation/20250605_skittlez/fish5_roi2/job_logs					1
Korra_Foundation	20250605_skittlez	Korra_Foundation/20250605_skittlez/fish5_roi2/matlab_stitch_xcorr				.zarr	17
Korra_Foundation	20250605_skittlez	Korra_Foundation/20250605_skittlez/fish5_roi2/perf					1
Korra_Foundation	20250605_skittlez	Korra_Foundation/20250605_skittlez/fish5_roi2/tmp					1
Korra_Foundation	20250605_skittlez	Korra_Foundation/20250605_skittlez/fish5_roi2/zarr				.zarr	14
Korra_Foundation	20250605_skittlez	Korra_Foundation/20250605_skittlez/fish6_roi1/AF					5
Korra_Foundation	20250605_skittlez	Korra_Foundation/20250605_skittlez/fish6_roi1/AFCAM2					1
Korra_Foundation	20250605_skittlez	Korra_Foundation/20250605_skittlez/fish6_roi1/DSH1					5
Korra_Foundation	20250605_skittlez	Korra_Foundation/20250605_skittlez/fish6_roi1/DSH1CAM2					1
Korra_Foundation	20250605_skittlez	Korra_Foundation/20250605_skittlez/fish6_roi1/Logs					1
Korra_Foundation	20250605_skittlez	Korra_Foundation/20250605_skittlez/fish6_roi1/job_logs					1
Korra_Foundation	20250605_skittlez	Korra_Foundation/20250605_skittlez/fish6_roi1/matlab_stitch_xcorr				.zarr	17
Korra_Foundation	20250605_skittlez	Korra_Foundation/20250605_skittlez/fish6_roi1/perf					1
Korra_Foundation	20250605_skittlez	Korra_Foundation/20250605_skittlez/fish6_roi1/tmp					1
Korra_Foundation	20250605_skittlez	Korra_Foundation/20250605_skittlez/fish6_roi1/zarr				.zarr	21
Korra_Foundation	20250605_skittlez	Korra_Foundation/20250605_skittlez/fish7_roi1/AF					5
Korra_Foundation	20250605_skittlez	Korra_Foundation/20250605_skittlez/fish7_roi1/AFCAM2					1
Korra_Foundation	20250605_skittlez	Korra_Foundation/20250605_skittlez/fish7_roi1/DSH1					5
Korra_Foundation	20250605_skittlez	Korra_Foundation/20250605_skittlez/fish7_roi1/DSH1CAM2					1
Korra_Foundation	20250605_skittlez	Korra_Foundation/20250605_skittlez/fish7_roi1/LVScripts					1
Korra_Foundation	20250605_skittlez	Korra_Foundation/20250605_skittlez/fish7_roi1/Logs					1
Korra_Foundation	20250605_skittlez	Korra_Foundation/20250605_skittlez/fish7_roi1/job_logs					1
Korra_Foundation	20250605_skittlez	Korra_Foundation/20250605_skittlez/fish7_roi1/matlab_stitch_xcorr				.zarr	17
Korra_Foundation	20250605_skittlez	Korra_Foundation/20250605_skittlez/fish7_roi1/perf					1
Korra_Foundation	20250605_skittlez	Korra_Foundation/20250605_skittlez/fish7_roi1/tmp					1
Korra_Foundation	20250605_skittlez	Korra_Foundation/20250605_skittlez/fish7_roi1/zarr				.zarr	21
Korra_Foundation	20250605_skittlez	Korra_Foundation/20250605_skittlez/fish8_roi1/AF					5
Korra_Foundation	20250605_skittlez	Korra_Foundation/20250605_skittlez/fish8_roi1/AFCAM2					1
Korra_Foundation	20250605_skittlez	Korra_Foundation/20250605_skittlez/fish8_roi1/DSH1					5
Korra_Foundation	20250605_skittlez	Korra_Foundation/20250605_skittlez/fish8_roi1/DSH1CAM2					1
Korra_Foundation	20250605_skittlez	Korra_Foundation/20250605_skittlez/fish8_roi1/Logs					1
Korra_Foundation	20250605_skittlez	Korra_Foundation/20250605_skittlez/fish8_roi1/job_logs					1
Korra_Foundation	20250605_skittlez	Korra_Foundation/20250605_skittlez/fish8_roi1/matlab_stitch_xcorr				.zarr	17
Korra_Foundation	20250605_skittlez	Korra_Foundation/20250605_skittlez/fish8_roi1/perf					1
Korra_Foundation	20250605_skittlez	Korra_Foundation/20250605_skittlez/fish8_roi1/tmp					1
Korra_Foundation	20250605_skittlez	Korra_Foundation/20250605_skittlez/fish8_roi1/zarr				.zarr	14
Korra_Foundation	20250605_skittlez	Korra_Foundation/20250605_skittlez/fish9_roi1/AF					5
Korra_Foundation	20250605_skittlez	Korra_Foundation/20250605_skittlez/fish9_roi1/AFCAM2					1
Korra_Foundation	20250605_skittlez	Korra_Foundation/20250605_skittlez/fish9_roi1/DSH1					5
Korra_Foundation	20250605_skittlez	Korra_Foundation/20250605_skittlez/fish9_roi1/DSH1CAM2					1
Korra_Foundation	20250605_skittlez	Korra_Foundation/20250605_skittlez/fish9_roi1/Logs					1
Korra_Foundation	20250605_skittlez	Korra_Foundation/20250605_skittlez/fish9_roi1/job_logs					1
Korra_Foundation	20250605_skittlez	Korra_Foundation/20250605_skittlez/fish9_roi1/matlab_stitch_xcorr				.zarr	17
Korra_Foundation	20250605_skittlez	Korra_Foundation/20250605_skittlez/fish9_roi1/perf					1
Korra_Foundation	20250605_skittlez	Korra_Foundation/20250605_skittlez/fish9_roi1/tmp					1
Korra_Foundation	20250605_skittlez	Korra_Foundation/20250605_skittlez/fish9_roi1/zarr				.zarr	21
Korra_Foundation	20250605_skittlez	Korra_Foundation/20250605_skittlez/fish9_roi2/AF					5
Korra_Foundation	20250605_skittlez	Korra_Foundation/20250605_skittlez/fish9_roi2/AFCAM2					1
Korra_Foundation	20250605_skittlez	Korra_Foundation/20250605_skittlez/fish9_roi2/DSH1					5
Korra_Foundation	20250605_skittlez	Korra_Foundation/20250605_skittlez/fish9_roi2/DSH1CAM2					1
Korra_Foundation	20250605_skittlez	Korra_Foundation/20250605_skittlez/fish9_roi2/Logs					1
Korra_Foundation	20250605_skittlez	Korra_Foundation/20250605_skittlez/fish9_roi2/job_logs					1
Korra_Foundation	20250605_skittlez	Korra_Foundation/20250605_skittlez/fish9_roi2/matlab_stitch_xcorr				.zarr	17
Korra_Foundation	20250605_skittlez	Korra_Foundation/20250605_skittlez/fish9_roi2/perf					1
Korra_Foundation	20250605_skittlez	Korra_Foundation/20250605_skittlez/fish9_roi2/tmp					1
Korra_Foundation	20250605_skittlez	Korra_Foundation/20250605_skittlez/fish9_roi2/zarr				.zarr	21
Korra_Foundation	20250605_skittlez	Korra_Foundation/20250605_skittlez/job_logs/20250609_142744_Image_List_Generator					1
Korra_Foundation	20250606_skittlez	Korra_Foundation/20250606_skittlez/fish10_roi1/AF					5
Korra_Foundation	20250606_skittlez	Korra_Foundation/20250606_skittlez/fish10_roi1/AFCAM2					1
Korra_Foundation	20250606_skittlez	Korra_Foundation/20250606_skittlez/fish10_roi1/DSH1					5
Korra_Foundation	20250606_skittlez	Korra_Foundation/20250606_skittlez/fish10_roi1/DSH1CAM2					1
Korra_Foundation	20250606_skittlez	Korra_Foundation/20250606_skittlez/fish10_roi1/Logs					1
Korra_Foundation	20250606_skittlez	Korra_Foundation/20250606_skittlez/fish10_roi1/job_logs					1
Korra_Foundation	20250606_skittlez	Korra_Foundation/20250606_skittlez/fish10_roi1/matlab_stitch_xcorr				.zarr	20
Korra_Foundation	20250606_skittlez	Korra_Foundation/20250606_skittlez/fish10_roi1/perf					1
Korra_Foundation	20250606_skittlez	Korra_Foundation/20250606_skittlez/fish10_roi1/tmp					1
Korra_Foundation	20250606_skittlez	Korra_Foundation/20250606_skittlez/fish10_roi1/zarr				.zarr	21
Korra_Foundation	20250606_skittlez	Korra_Foundation/20250606_skittlez/fish11_roi1/AF					5
Korra_Foundation	20250606_skittlez	Korra_Foundation/20250606_skittlez/fish11_roi1/AFCAM2					1
Korra_Foundation	20250606_skittlez	Korra_Foundation/20250606_skittlez/fish11_roi1/DSH1					5
Korra_Foundation	20250606_skittlez	Korra_Foundation/20250606_skittlez/fish11_roi1/DSH1CAM2					1
Korra_Foundation	20250606_skittlez	Korra_Foundation/20250606_skittlez/fish11_roi1/Logs					1
Korra_Foundation	20250606_skittlez	Korra_Foundation/20250606_skittlez/fish11_roi1/job_logs					1
Korra_Foundation	20250606_skittlez	Korra_Foundation/20250606_skittlez/fish11_roi1/matlab_stitch_xcorr				.zarr	19
Korra_Foundation	20250606_skittlez	Korra_Foundation/20250606_skittlez/fish11_roi1/perf					1
Korra_Foundation	20250606_skittlez	Korra_Foundation/20250606_skittlez/fish11_roi1/tmp					1
Korra_Foundation	20250606_skittlez	Korra_Foundation/20250606_skittlez/fish11_roi1/zarr				.zarr	21
Korra_Foundation	20250606_skittlez	Korra_Foundation/20250606_skittlez/fish11_roi2/AF					5
Korra_Foundation	20250606_skittlez	Korra_Foundation/20250606_skittlez/fish11_roi2/AFCAM2					1
Korra_Foundation	20250606_skittlez	Korra_Foundation/20250606_skittlez/fish11_roi2/DSH1					5
Korra_Foundation	20250606_skittlez	Korra_Foundation/20250606_skittlez/fish11_roi2/DSH1CAM2					1
Korra_Foundation	20250606_skittlez	Korra_Foundation/20250606_skittlez/fish11_roi2/Logs					1
Korra_Foundation	20250606_skittlez	Korra_Foundation/20250606_skittlez/fish11_roi2/job_logs					1
Korra_Foundation	20250606_skittlez	Korra_Foundation/20250606_skittlez/fish11_roi2/matlab_stitch_xcorr				.zarr	19
Korra_Foundation	20250606_skittlez	Korra_Foundation/20250606_skittlez/fish11_roi2/perf					1
Korra_Foundation	20250606_skittlez	Korra_Foundation/20250606_skittlez/fish11_roi2/tmp					1
Korra_Foundation	20250606_skittlez	Korra_Foundation/20250606_skittlez/fish11_roi2/zarr				.zarr	21
Korra_Foundation	20250606_skittlez	Korra_Foundation/20250606_skittlez/fish12_roi1/AF					5
Korra_Foundation	20250606_skittlez	Korra_Foundation/20250606_skittlez/fish12_roi1/AFCAM2					1
Korra_Foundation	20250606_skittlez	Korra_Foundation/20250606_skittlez/fish12_roi1/DSH1					5
Korra_Foundation	20250606_skittlez	Korra_Foundation/20250606_skittlez/fish12_roi1/DSH1CAM2					1
Korra_Foundation	20250606_skittlez	Korra_Foundation/20250606_skittlez/fish12_roi1/Logs					1
Korra_Foundation	20250606_skittlez	Korra_Foundation/20250606_skittlez/fish12_roi1/job_logs					1
Korra_Foundation	20250606_skittlez	Korra_Foundation/20250606_skittlez/fish12_roi1/matlab_stitch_xcorr				.zarr	19
Korra_Foundation	20250606_skittlez	Korra_Foundation/20250606_skittlez/fish12_roi1/perf					1
Korra_Foundation	20250606_skittlez	Korra_Foundation/20250606_skittlez/fish12_roi1/tmp					1
Korra_Foundation	20250606_skittlez	Korra_Foundation/20250606_skittlez/fish12_roi1/zarr				.zarr	21
Korra_Foundation	20250606_skittlez	Korra_Foundation/20250606_skittlez/fish12_roi2/AF					5
Korra_Foundation	20250606_skittlez	Korra_Foundation/20250606_skittlez/fish12_roi2/AFCAM2					1
Korra_Foundation	20250606_skittlez	Korra_Foundation/20250606_skittlez/fish12_roi2/DSH1					5
Korra_Foundation	20250606_skittlez	Korra_Foundation/20250606_skittlez/fish12_roi2/DSH1CAM2					1
Korra_Foundation	20250606_skittlez	Korra_Foundation/20250606_skittlez/fish12_roi2/Logs					1
Korra_Foundation	20250606_skittlez	Korra_Foundation/20250606_skittlez/fish12_roi2/job_logs					1
Korra_Foundation	20250606_skittlez	Korra_Foundation/20250606_skittlez/fish12_roi2/matlab_stitch_xcorr				.zarr	19
Korra_Foundation	20250606_skittlez	Korra_Foundation/20250606_skittlez/fish12_roi2/perf					1
Korra_Foundation	20250606_skittlez	Korra_Foundation/20250606_skittlez/fish12_roi2/tmp					1
Korra_Foundation	20250606_skittlez	Korra_Foundation/20250606_skittlez/fish12_roi2/zarr				.zarr	21
Korra_Foundation	20250606_skittlez	Korra_Foundation/20250606_skittlez/fish13_roi1/AF					5
Korra_Foundation	20250606_skittlez	Korra_Foundation/20250606_skittlez/fish13_roi1/AFCAM2					1
Korra_Foundation	20250606_skittlez	Korra_Foundation/20250606_skittlez/fish13_roi1/DSH1					5
Korra_Foundation	20250606_skittlez	Korra_Foundation/20250606_skittlez/fish13_roi1/DSH1CAM2					1
Korra_Foundation	20250606_skittlez	Korra_Foundation/20250606_skittlez/fish13_roi1/LVScripts					1
Korra_Foundation	20250606_skittlez	Korra_Foundation/20250606_skittlez/fish13_roi1/Logs					1
Korra_Foundation	20250606_skittlez	Korra_Foundation/20250606_skittlez/fish13_roi1/job_logs					1
Korra_Foundation	20250606_skittlez	Korra_Foundation/20250606_skittlez/fish13_roi1/matlab_stitch_xcorr				.zarr	19
Korra_Foundation	20250606_skittlez	Korra_Foundation/20250606_skittlez/fish13_roi1/perf					1
Korra_Foundation	20250606_skittlez	Korra_Foundation/20250606_skittlez/fish13_roi1/tmp					1
Korra_Foundation	20250606_skittlez	Korra_Foundation/20250606_skittlez/fish13_roi1/zarr				.zarr;.zarr_73da8421-4dc9-43fc-ac18-f6eefed118a4	22
Korra_Foundation	20250606_skittlez	Korra_Foundation/20250606_skittlez/fish13_roi2/AF					5
Korra_Foundation	20250606_skittlez	Korra_Foundation/20250606_skittlez/fish13_roi2/AFCAM2					1
Korra_Foundation	20250606_skittlez	Korra_Foundation/20250606_skittlez/fish13_roi2/DSH1					5
Korra_Foundation	20250606_skittlez	Korra_Foundation/20250606_skittlez/fish13_roi2/DSH1CAM2					1
Korra_Foundation	20250606_skittlez	Korra_Foundation/20250606_skittlez/fish13_roi2/Logs					1
Korra_Foundation	20250606_skittlez	Korra_Foundation/20250606_skittlez/fish13_roi2/job_logs					1
Korra_Foundation	20250606_skittlez	Korra_Foundation/20250606_skittlez/fish13_roi2/matlab_stitch_xcorr				.zarr	19
Korra_Foundation	20250606_skittlez	Korra_Foundation/20250606_skittlez/fish13_roi2/perf					1
Korra_Foundation	20250606_skittlez	Korra_Foundation/20250606_skittlez/fish13_roi2/tmp					1
Korra_Foundation	20250606_skittlez	Korra_Foundation/20250606_skittlez/fish13_roi2/zarr				.zarr	21
Korra_Foundation	20250606_skittlez	Korra_Foundation/20250606_skittlez/fish14_roi1/AF					5
Korra_Foundation	20250606_skittlez	Korra_Foundation/20250606_skittlez/fish14_roi1/AFCAM2					1
Korra_Foundation	20250606_skittlez	Korra_Foundation/20250606_skittlez/fish14_roi1/DSH1					5
Korra_Foundation	20250606_skittlez	Korra_Foundation/20250606_skittlez/fish14_roi1/DSH1CAM2					1
Korra_Foundation	20250606_skittlez	Korra_Foundation/20250606_skittlez/fish14_roi1/Logs					1
Korra_Foundation	20250606_skittlez	Korra_Foundation/20250606_skittlez/fish14_roi1/job_logs					1
Korra_Foundation	20250606_skittlez	Korra_Foundation/20250606_skittlez/fish14_roi1/matlab_stitch_xcorr				.zarr	19
Korra_Foundation	20250606_skittlez	Korra_Foundation/20250606_skittlez/fish14_roi1/perf					1
Korra_Foundation	20250606_skittlez	Korra_Foundation/20250606_skittlez/fish14_roi1/tmp					1
Korra_Foundation	20250606_skittlez	Korra_Foundation/20250606_skittlez/fish14_roi1/zarr				.zarr	21
Korra_Foundation	20250606_skittlez	Korra_Foundation/20250606_skittlez/fish14_roi2/AF					5
Korra_Foundation	20250606_skittlez	Korra_Foundation/20250606_skittlez/fish14_roi2/AFCAM2					1
Korra_Foundation	20250606_skittlez	Korra_Foundation/20250606_skittlez/fish14_roi2/DSH1					5
Korra_Foundation	20250606_skittlez	Korra_Foundation/20250606_skittlez/fish14_roi2/DSH1CAM2					1
Korra_Foundation	20250606_skittlez	Korra_Foundation/20250606_skittlez/fish14_roi2/Logs					1
Korra_Foundation	20250606_skittlez	Korra_Foundation/20250606_skittlez/fish14_roi2/job_logs					1
Korra_Foundation	20250606_skittlez	Korra_Foundation/20250606_skittlez/fish14_roi2/matlab_stitch_xcorr				.zarr	19
Korra_Foundation	20250606_skittlez	Korra_Foundation/20250606_skittlez/fish14_roi2/perf					1
Korra_Foundation	20250606_skittlez	Korra_Foundation/20250606_skittlez/fish14_roi2/tmp					1
Korra_Foundation	20250606_skittlez	Korra_Foundation/20250606_skittlez/fish14_roi2/zarr				.zarr	21
Korra_Foundation	20250606_skittlez	Korra_Foundation/20250606_skittlez/fish14_roi3/AF					5
Korra_Foundation	20250606_skittlez	Korra_Foundation/20250606_skittlez/fish14_roi3/AFCAM2					1
Korra_Foundation	20250606_skittlez	Korra_Foundation/20250606_skittlez/fish14_roi3/DSH1					5
Korra_Foundation	20250606_skittlez	Korra_Foundation/20250606_skittlez/fish14_roi3/DSH1CAM2					1
Korra_Foundation	20250606_skittlez	Korra_Foundation/20250606_skittlez/fish14_roi3/Logs					1
Korra_Foundation	20250606_skittlez	Korra_Foundation/20250606_skittlez/fish14_roi3/job_logs					1
Korra_Foundation	20250606_skittlez	Korra_Foundation/20250606_skittlez/fish14_roi3/matlab_stitch_xcorr				.zarr	19
Korra_Foundation	20250606_skittlez	Korra_Foundation/20250606_skittlez/fish14_roi3/perf					1
Korra_Foundation	20250606_skittlez	Korra_Foundation/20250606_skittlez/fish14_roi3/tmp					1
Korra_Foundation	20250606_skittlez	Korra_Foundation/20250606_skittlez/fish14_roi3/zarr				.zarr	21
Korra_Foundation	20250606_skittlez	Korra_Foundation/20250606_skittlez/fish15_roi1/AF					5
Korra_Foundation	20250606_skittlez	Korra_Foundation/20250606_skittlez/fish15_roi1/AFCAM2					1
Korra_Foundation	20250606_skittlez	Korra_Foundation/20250606_skittlez/fish15_roi1/DSH1					5
Korra_Foundation	20250606_skittlez	Korra_Foundation/20250606_skittlez/fish15_roi1/DSH1CAM2					1
Korra_Foundation	20250606_skittlez	Korra_Foundation/20250606_skittlez/fish15_roi1/Logs					1
Korra_Foundation	20250606_skittlez	Korra_Foundation/20250606_skittlez/fish15_roi1/job_logs					1
Korra_Foundation	20250606_skittlez	Korra_Foundation/20250606_skittlez/fish15_roi1/matlab_stitch_xcorr				.zarr	19
Korra_Foundation	20250606_skittlez	Korra_Foundation/20250606_skittlez/fish15_roi1/perf					1
Korra_Foundation	20250606_skittlez	Korra_Foundation/20250606_skittlez/fish15_roi1/tmp					1
Korra_Foundation	20250606_skittlez	Korra_Foundation/20250606_skittlez/fish15_roi1/zarr				.zarr	21
Korra_Foundation	20250606_skittlez	Korra_Foundation/20250606_skittlez/fish15_roi2/AF					5
Korra_Foundation	20250606_skittlez	Korra_Foundation/20250606_skittlez/fish15_roi2/AFCAM2					1
Korra_Foundation	20250606_skittlez	Korra_Foundation/20250606_skittlez/fish15_roi2/DSH1					5
Korra_Foundation	20250606_skittlez	Korra_Foundation/20250606_skittlez/fish15_roi2/DSH1CAM2					1
Korra_Foundation	20250606_skittlez	Korra_Foundation/20250606_skittlez/fish15_roi2/Logs					1
Korra_Foundation	20250606_skittlez	Korra_Foundation/20250606_skittlez/fish15_roi2/job_logs					1
Korra_Foundation	20250606_skittlez	Korra_Foundation/20250606_skittlez/fish15_roi2/matlab_stitch_xcorr				.zarr	19
Korra_Foundation	20250606_skittlez	Korra_Foundation/20250606_skittlez/fish15_roi2/perf					1
Korra_Foundation	20250606_skittlez	Korra_Foundation/20250606_skittlez/fish15_roi2/tmp					1
Korra_Foundation	20250606_skittlez	Korra_Foundation/20250606_skittlez/fish15_roi2/zarr				.zarr	21
Korra_Foundation	20250606_skittlez	Korra_Foundation/20250606_skittlez/fish15_roi3/AF					5
Korra_Foundation	20250606_skittlez	Korra_Foundation/20250606_skittlez/fish15_roi3/AFCAM2					1
Korra_Foundation	20250606_skittlez	Korra_Foundation/20250606_skittlez/fish15_roi3/DSH1					5
Korra_Foundation	20250606_skittlez	Korra_Foundation/20250606_skittlez/fish15_roi3/DSH1CAM2					1
Korra_Foundation	20250606_skittlez	Korra_Foundation/20250606_skittlez/fish15_roi3/Logs					1
Korra_Foundation	20250606_skittlez	Korra_Foundation/20250606_skittlez/fish15_roi3/job_logs					1
Korra_Foundation	20250606_skittlez	Korra_Foundation/20250606_skittlez/fish15_roi3/matlab_stitch_xcorr				.zarr	19
Korra_Foundation	20250606_skittlez	Korra_Foundation/20250606_skittlez/fish15_roi3/perf					1
Korra_Foundation	20250606_skittlez	Korra_Foundation/20250606_skittlez/fish15_roi3/tmp					1
Korra_Foundation	20250606_skittlez	Korra_Foundation/20250606_skittlez/fish15_roi3/zarr				.zarr;.zarr_ee27bb10-94a6-4b7c-a1c2-366abdaeb45c	22
Korra_Foundation	20250606_skittlez	Korra_Foundation/20250606_skittlez/fish1_roi1/AF					5
Korra_Foundation	20250606_skittlez	Korra_Foundation/20250606_skittlez/fish1_roi1/AFCAM2					1
Korra_Foundation	20250606_skittlez	Korra_Foundation/20250606_skittlez/fish1_roi1/DSH1					5
Korra_Foundation	20250606_skittlez	Korra_Foundation/20250606_skittlez/fish1_roi1/DSH1CAM2					1
Korra_Foundation	20250606_skittlez	Korra_Foundation/20250606_skittlez/fish1_roi1/LVScripts					1
Korra_Foundation	20250606_skittlez	Korra_Foundation/20250606_skittlez/fish1_roi1/Logs					1
Korra_Foundation	20250606_skittlez	Korra_Foundation/20250606_skittlez/fish1_roi1/job_logs					1
Korra_Foundation	20250606_skittlez	Korra_Foundation/20250606_skittlez/fish1_roi1/matlab_stitch_xcorr				.zarr	19
Korra_Foundation	20250606_skittlez	Korra_Foundation/20250606_skittlez/fish1_roi1/perf					1
Korra_Foundation	20250606_skittlez	Korra_Foundation/20250606_skittlez/fish1_roi1/tmp					1
Korra_Foundation	20250606_skittlez	Korra_Foundation/20250606_skittlez/fish1_roi1/zarr				.zarr	21
Korra_Foundation	20250606_skittlez	Korra_Foundation/20250606_skittlez/fish2_roi1/AF					5
Korra_Foundation	20250606_skittlez	Korra_Foundation/20250606_skittlez/fish2_roi1/AFCAM2					1
Korra_Foundation	20250606_skittlez	Korra_Foundation/20250606_skittlez/fish2_roi1/DSH1					5
Korra_Foundation	20250606_skittlez	Korra_Foundation/20250606_skittlez/fish2_roi1/DSH1CAM2					1
Korra_Foundation	20250606_skittlez	Korra_Foundation/20250606_skittlez/fish2_roi1/Logs					1
Korra_Foundation	20250606_skittlez	Korra_Foundation/20250606_skittlez/fish2_roi1/job_logs					1
Korra_Foundation	20250606_skittlez	Korra_Foundation/20250606_skittlez/fish2_roi1/matlab_stitch_xcorr				.zarr	19
Korra_Foundation	20250606_skittlez	Korra_Foundation/20250606_skittlez/fish2_roi1/perf					1
Korra_Foundation	20250606_skittlez	Korra_Foundation/20250606_skittlez/fish2_roi1/tmp					1
Korra_Foundation	20250606_skittlez	Korra_Foundation/20250606_skittlez/fish2_roi1/zarr				.zarr	21
Korra_Foundation	20250606_skittlez	Korra_Foundation/20250606_skittlez/fish3_roi1/AF					5
Korra_Foundation	20250606_skittlez	Korra_Foundation/20250606_skittlez/fish3_roi1/AFCAM2					1
Korra_Foundation	20250606_skittlez	Korra_Foundation/20250606_skittlez/fish3_roi1/DSH1					5
Korra_Foundation	20250606_skittlez	Korra_Foundation/20250606_skittlez/fish3_roi1/DSH1CAM2					1
Korra_Foundation	20250606_skittlez	Korra_Foundation/20250606_skittlez/fish3_roi1/Logs					1
Korra_Foundation	20250606_skittlez	Korra_Foundation/20250606_skittlez/fish3_roi1/job_logs					1
Korra_Foundation	20250606_skittlez	Korra_Foundation/20250606_skittlez/fish3_roi1/matlab_stitch_xcorr				.zarr	19
Korra_Foundation	20250606_skittlez	Korra_Foundation/20250606_skittlez/fish3_roi1/perf					1
Korra_Foundation	20250606_skittlez	Korra_Foundation/20250606_skittlez/fish3_roi1/tmp					1
Korra_Foundation	20250606_skittlez	Korra_Foundation/20250606_skittlez/fish3_roi1/zarr				.zarr	21
Korra_Foundation	20250606_skittlez	Korra_Foundation/20250606_skittlez/fish4_roi1/AF					5
Korra_Foundation	20250606_skittlez	Korra_Foundation/20250606_skittlez/fish4_roi1/AFCAM2					1
Korra_Foundation	20250606_skittlez	Korra_Foundation/20250606_skittlez/fish4_roi1/DSH1					5
Korra_Foundation	20250606_skittlez	Korra_Foundation/20250606_skittlez/fish4_roi1/DSH1CAM2					1
Korra_Foundation	20250606_skittlez	Korra_Foundation/20250606_skittlez/fish4_roi1/Logs					1
Korra_Foundation	20250606_skittlez	Korra_Foundation/20250606_skittlez/fish4_roi1/job_logs					1
Korra_Foundation	20250606_skittlez	Korra_Foundation/20250606_skittlez/fish4_roi1/matlab_stitch_xcorr				.zarr	19
Korra_Foundation	20250606_skittlez	Korra_Foundation/20250606_skittlez/fish4_roi1/perf					1
Korra_Foundation	20250606_skittlez	Korra_Foundation/20250606_skittlez/fish4_roi1/tmp					1
Korra_Foundation	20250606_skittlez	Korra_Foundation/20250606_skittlez/fish4_roi1/zarr				.zarr	21
Korra_Foundation	20250606_skittlez	Korra_Foundation/20250606_skittlez/fish6_roi1/AF					5
Korra_Foundation	20250606_skittlez	Korra_Foundation/20250606_skittlez/fish6_roi1/AFCAM2					1
Korra_Foundation	20250606_skittlez	Korra_Foundation/20250606_skittlez/fish6_roi1/DSH1					5
Korra_Foundation	20250606_skittlez	Korra_Foundation/20250606_skittlez/fish6_roi1/DSH1CAM2					1
Korra_Foundation	20250606_skittlez	Korra_Foundation/20250606_skittlez/fish6_roi1/Logs					1
Korra_Foundation	20250606_skittlez	Korra_Foundation/20250606_skittlez/fish6_roi1/job_logs					1
Korra_Foundation	20250606_skittlez	Korra_Foundation/20250606_skittlez/fish6_roi1/matlab_stitch_xcorr				.zarr	19
Korra_Foundation	20250606_skittlez	Korra_Foundation/20250606_skittlez/fish6_roi1/perf					1
Korra_Foundation	20250606_skittlez	Korra_Foundation/20250606_skittlez/fish6_roi1/tmp					1
Korra_Foundation	20250606_skittlez	Korra_Foundation/20250606_skittlez/fish6_roi1/zarr				.zarr	21
Korra_Foundation	20250606_skittlez	Korra_Foundation/20250606_skittlez/fish7_roi1/AF					5
Korra_Foundation	20250606_skittlez	Korra_Foundation/20250606_skittlez/fish7_roi1/AFCAM2					1
Korra_Foundation	20250606_skittlez	Korra_Foundation/20250606_skittlez/fish7_roi1/DSH1					5
Korra_Foundation	20250606_skittlez	Korra_Foundation/20250606_skittlez/fish7_roi1/DSH1CAM2					1
Korra_Foundation	20250606_skittlez	Korra_Foundation/20250606_skittlez/fish7_roi1/Logs					1
Korra_Foundation	20250606_skittlez	Korra_Foundation/20250606_skittlez/fish7_roi1/job_logs					1
Korra_Foundation	20250606_skittlez	Korra_Foundation/20250606_skittlez/fish7_roi1/matlab_stitch_xcorr				.zarr	19
Korra_Foundation	20250606_skittlez	Korra_Foundation/20250606_skittlez/fish7_roi1/perf					1
Korra_Foundation	20250606_skittlez	Korra_Foundation/20250606_skittlez/fish7_roi1/tmp					1
Korra_Foundation	20250606_skittlez	Korra_Foundation/20250606_skittlez/fish7_roi1/zarr				.zarr	21
Korra_Foundation	20250606_skittlez	Korra_Foundation/20250606_skittlez/fish7_roi2/AF					5
Korra_Foundation	20250606_skittlez	Korra_Foundation/20250606_skittlez/fish7_roi2/AFCAM2					1
Korra_Foundation	20250606_skittlez	Korra_Foundation/20250606_skittlez/fish7_roi2/DSH1					5
Korra_Foundation	20250606_skittlez	Korra_Foundation/20250606_skittlez/fish7_roi2/DSH1CAM2					1
Korra_Foundation	20250606_skittlez	Korra_Foundation/20250606_skittlez/fish7_roi2/Logs					1
Korra_Foundation	20250606_skittlez	Korra_Foundation/20250606_skittlez/fish7_roi2/job_logs					1
Korra_Foundation	20250606_skittlez	Korra_Foundation/20250606_skittlez/fish7_roi2/matlab_stitch_xcorr				.zarr	19
Korra_Foundation	20250606_skittlez	Korra_Foundation/20250606_skittlez/fish7_roi2/perf					1
Korra_Foundation	20250606_skittlez	Korra_Foundation/20250606_skittlez/fish7_roi2/tmp					1
Korra_Foundation	20250606_skittlez	Korra_Foundation/20250606_skittlez/fish7_roi2/zarr				.zarr	21
Korra_Foundation	20250606_skittlez	Korra_Foundation/20250606_skittlez/fish8_roi1/AF					5
Korra_Foundation	20250606_skittlez	Korra_Foundation/20250606_skittlez/fish8_roi1/AFCAM2					1
Korra_Foundation	20250606_skittlez	Korra_Foundation/20250606_skittlez/fish8_roi1/DSH1					5
Korra_Foundation	20250606_skittlez	Korra_Foundation/20250606_skittlez/fish8_roi1/DSH1CAM2					1
Korra_Foundation	20250606_skittlez	Korra_Foundation/20250606_skittlez/fish8_roi1/LVScripts					1
Korra_Foundation	20250606_skittlez	Korra_Foundation/20250606_skittlez/fish8_roi1/Logs					1
Korra_Foundation	20250606_skittlez	Korra_Foundation/20250606_skittlez/fish8_roi1/job_logs					1
Korra_Foundation	20250606_skittlez	Korra_Foundation/20250606_skittlez/fish8_roi1/matlab_stitch_xcorr				.zarr	19
Korra_Foundation	20250606_skittlez	Korra_Foundation/20250606_skittlez/fish8_roi1/perf					1
Korra_Foundation	20250606_skittlez	Korra_Foundation/20250606_skittlez/fish8_roi1/tmp					1
Korra_Foundation	20250606_skittlez	Korra_Foundation/20250606_skittlez/fish8_roi1/zarr				.zarr	21
Korra_Foundation	20250606_skittlez	Korra_Foundation/20250606_skittlez/fish9_roi1/AF					5
Korra_Foundation	20250606_skittlez	Korra_Foundation/20250606_skittlez/fish9_roi1/AFCAM2					1
Korra_Foundation	20250606_skittlez	Korra_Foundation/20250606_skittlez/fish9_roi1/DSH1					5
Korra_Foundation	20250606_skittlez	Korra_Foundation/20250606_skittlez/fish9_roi1/DSH1CAM2					1
Korra_Foundation	20250606_skittlez	Korra_Foundation/20250606_skittlez/fish9_roi1/LVScripts					1
Korra_Foundation	20250606_skittlez	Korra_Foundation/20250606_skittlez/fish9_roi1/Logs					1
Korra_Foundation	20250606_skittlez	Korra_Foundation/20250606_skittlez/fish9_roi1/job_logs					1
Korra_Foundation	20250606_skittlez	Korra_Foundation/20250606_skittlez/fish9_roi1/matlab_stitch_xcorr				.zarr	19
Korra_Foundation	20250606_skittlez	Korra_Foundation/20250606_skittlez/fish9_roi1/perf					1
Korra_Foundation	20250606_skittlez	Korra_Foundation/20250606_skittlez/fish9_roi1/tmp					1
Korra_Foundation	20250606_skittlez	Korra_Foundation/20250606_skittlez/fish9_roi1/zarr				.zarr	21
Korra_Foundation	20250606_skittlez	Korra_Foundation/20250606_skittlez/fish9_roi2/AF					5
Korra_Foundation	20250606_skittlez	Korra_Foundation/20250606_skittlez/fish9_roi2/AFCAM2					1
Korra_Foundation	20250606_skittlez	Korra_Foundation/20250606_skittlez/fish9_roi2/DSH1					5
Korra_Foundation	20250606_skittlez	Korra_Foundation/20250606_skittlez/fish9_roi2/DSH1CAM2					1
Korra_Foundation	20250606_skittlez	Korra_Foundation/20250606_skittlez/fish9_roi2/Logs					1
Korra_Foundation	20250606_skittlez	Korra_Foundation/20250606_skittlez/fish9_roi2/job_logs					1
Korra_Foundation	20250606_skittlez	Korra_Foundation/20250606_skittlez/fish9_roi2/matlab_stitch_xcorr				.zarr	19
Korra_Foundation	20250606_skittlez	Korra_Foundation/20250606_skittlez/fish9_roi2/perf					1
Korra_Foundation	20250606_skittlez	Korra_Foundation/20250606_skittlez/fish9_roi2/tmp					1
Korra_Foundation	20250606_skittlez	Korra_Foundation/20250606_skittlez/fish9_roi2/zarr				.zarr	21
Korra_Foundation	20250606_skittlez	Korra_Foundation/20250606_skittlez/job_logs/20250609_142804_Image_List_Generator					1
Korra_Foundation	20250609_mem-histone	Korra_Foundation/20250609_mem-histone/fish11_72hpf_roi1/AF					5
Korra_Foundation	20250609_mem-histone	Korra_Foundation/20250609_mem-histone/fish11_72hpf_roi1/AFCAM2					1
Korra_Foundation	20250609_mem-histone	Korra_Foundation/20250609_mem-histone/fish11_72hpf_roi1/DSH1					5
Korra_Foundation	20250609_mem-histone	Korra_Foundation/20250609_mem-histone/fish11_72hpf_roi1/DSH1CAM2					2
Korra_Foundation	20250609_mem-histone	Korra_Foundation/20250609_mem-histone/fish11_72hpf_roi1/LVScripts					1
Korra_Foundation	20250609_mem-histone	Korra_Foundation/20250609_mem-histone/fish11_72hpf_roi1/Logs					1
Korra_Foundation	20250609_mem-histone	Korra_Foundation/20250609_mem-histone/fish11_72hpf_roi1/job_logs					1
Korra_Foundation	20250609_mem-histone	Korra_Foundation/20250609_mem-histone/fish11_72hpf_roi1/perf					1
Korra_Foundation	20250609_mem-histone	Korra_Foundation/20250609_mem-histone/fish11_72hpf_roi1/tmp					1
Korra_Foundation	20250609_mem-histone	Korra_Foundation/20250609_mem-histone/fish2_24hpf_roi1/AF					5
Korra_Foundation	20250609_mem-histone	Korra_Foundation/20250609_mem-histone/fish2_24hpf_roi1/AFCAM2					1
Korra_Foundation	20250609_mem-histone	Korra_Foundation/20250609_mem-histone/fish2_24hpf_roi1/DSH1					5
Korra_Foundation	20250609_mem-histone	Korra_Foundation/20250609_mem-histone/fish2_24hpf_roi1/DSH1CAM2					1
Korra_Foundation	20250609_mem-histone	Korra_Foundation/20250609_mem-histone/fish2_24hpf_roi1/LVScripts					1
Korra_Foundation	20250609_mem-histone	Korra_Foundation/20250609_mem-histone/fish2_24hpf_roi1/Logs					1
Korra_Foundation	20250609_mem-histone	Korra_Foundation/20250609_mem-histone/fish2_24hpf_roi1/perf					1
Korra_Foundation	20250609_mem-histone	Korra_Foundation/20250609_mem-histone/fish2_24hpf_roi2/AF					5
Korra_Foundation	20250609_mem-histone	Korra_Foundation/20250609_mem-histone/fish2_24hpf_roi2/AFCAM2					1
Korra_Foundation	20250609_mem-histone	Korra_Foundation/20250609_mem-histone/fish2_24hpf_roi2/DSH1					5
Korra_Foundation	20250609_mem-histone	Korra_Foundation/20250609_mem-histone/fish2_24hpf_roi2/DSH1CAM2					1
Korra_Foundation	20250609_mem-histone	Korra_Foundation/20250609_mem-histone/fish2_24hpf_roi2/LVScripts					1
Korra_Foundation	20250609_mem-histone	Korra_Foundation/20250609_mem-histone/fish2_24hpf_roi2/Logs					1
Korra_Foundation	20250609_mem-histone	Korra_Foundation/20250609_mem-histone/fish2_24hpf_roi2/perf					1
Korra_Foundation	20250609_mem-histone	Korra_Foundation/20250609_mem-histone/fish3_24hpf_roi1/AF					5
Korra_Foundation	20250609_mem-histone	Korra_Foundation/20250609_mem-histone/fish3_24hpf_roi1/AFCAM2					1
Korra_Foundation	20250609_mem-histone	Korra_Foundation/20250609_mem-histone/fish3_24hpf_roi1/DSH1					5
Korra_Foundation	20250609_mem-histone	Korra_Foundation/20250609_mem-histone/fish3_24hpf_roi1/DSH1CAM2					1
Korra_Foundation	20250609_mem-histone	Korra_Foundation/20250609_mem-histone/fish3_24hpf_roi1/Logs					1
Korra_Foundation	20250609_mem-histone	Korra_Foundation/20250609_mem-histone/fish3_24hpf_roi1/perf					1
Korra_Foundation	20250609_mem-histone	Korra_Foundation/20250609_mem-histone/fish4_24hpf_roi1/AF					5
Korra_Foundation	20250609_mem-histone	Korra_Foundation/20250609_mem-histone/fish4_24hpf_roi1/AFCAM2					1
Korra_Foundation	20250609_mem-histone	Korra_Foundation/20250609_mem-histone/fish4_24hpf_roi1/DSH1					5
Korra_Foundation	20250609_mem-histone	Korra_Foundation/20250609_mem-histone/fish4_24hpf_roi1/DSH1CAM2					1
Korra_Foundation	20250609_mem-histone	Korra_Foundation/20250609_mem-histone/fish4_24hpf_roi1/Logs					1
Korra_Foundation	20250609_mem-histone	Korra_Foundation/20250609_mem-histone/fish4_24hpf_roi1/perf					1
Korra_Foundation	20250609_mem-histone	Korra_Foundation/20250609_mem-histone/fish5_24hpf_roi1/AF					5
Korra_Foundation	20250609_mem-histone	Korra_Foundation/20250609_mem-histone/fish5_24hpf_roi1/AFCAM2					1
Korra_Foundation	20250609_mem-histone	Korra_Foundation/20250609_mem-histone/fish5_24hpf_roi1/DSH1					5
Korra_Foundation	20250609_mem-histone	Korra_Foundation/20250609_mem-histone/fish5_24hpf_roi1/DSH1CAM2					1
Korra_Foundation	20250609_mem-histone	Korra_Foundation/20250609_mem-histone/fish5_24hpf_roi1/Logs					1
Korra_Foundation	20250609_mem-histone	Korra_Foundation/20250609_mem-histone/fish5_24hpf_roi1/perf					1
Korra_Foundation	20250609_mem-histone	Korra_Foundation/20250609_mem-histone/fish5_48hpf_roi2/AF					5
Korra_Foundation	20250609_mem-histone	Korra_Foundation/20250609_mem-histone/fish5_48hpf_roi2/AFCAM2					1
Korra_Foundation	20250609_mem-histone	Korra_Foundation/20250609_mem-histone/fish5_48hpf_roi2/DSH1					5
Korra_Foundation	20250609_mem-histone	Korra_Foundation/20250609_mem-histone/fish5_48hpf_roi2/DSH1CAM2					1
Korra_Foundation	20250609_mem-histone	Korra_Foundation/20250609_mem-histone/fish5_48hpf_roi2/LVScripts					1
Korra_Foundation	20250609_mem-histone	Korra_Foundation/20250609_mem-histone/fish5_48hpf_roi2/Logs					1
Korra_Foundation	20250609_mem-histone	Korra_Foundation/20250609_mem-histone/fish5_48hpf_roi2/perf					1
Korra_Foundation	20250609_mem-histone	Korra_Foundation/20250609_mem-histone/fish6_48hpf_roi1/AF					5
Korra_Foundation	20250609_mem-histone	Korra_Foundation/20250609_mem-histone/fish6_48hpf_roi1/AFCAM2					1
Korra_Foundation	20250609_mem-histone	Korra_Foundation/20250609_mem-histone/fish6_48hpf_roi1/DSH1					5
Korra_Foundation	20250609_mem-histone	Korra_Foundation/20250609_mem-histone/fish6_48hpf_roi1/DSH1CAM2					1
Korra_Foundation	20250609_mem-histone	Korra_Foundation/20250609_mem-histone/fish6_48hpf_roi1/LVScripts					1
Korra_Foundation	20250609_mem-histone	Korra_Foundation/20250609_mem-histone/fish6_48hpf_roi1/Logs					1
Korra_Foundation	20250609_mem-histone	Korra_Foundation/20250609_mem-histone/fish6_48hpf_roi1/perf					1
Korra_Foundation	20250609_mem-histone	Korra_Foundation/20250609_mem-histone/fish6_48hpf_roi2/AF					5
Korra_Foundation	20250609_mem-histone	Korra_Foundation/20250609_mem-histone/fish6_48hpf_roi2/AFCAM2					1
Korra_Foundation	20250609_mem-histone	Korra_Foundation/20250609_mem-histone/fish6_48hpf_roi2/DSH1					5
Korra_Foundation	20250609_mem-histone	Korra_Foundation/20250609_mem-histone/fish6_48hpf_roi2/DSH1CAM2					1
Korra_Foundation	20250609_mem-histone	Korra_Foundation/20250609_mem-histone/fish6_48hpf_roi2/LVScripts					1
Korra_Foundation	20250609_mem-histone	Korra_Foundation/20250609_mem-histone/fish6_48hpf_roi2/Logs					1
Korra_Foundation	20250609_mem-histone	Korra_Foundation/20250609_mem-histone/fish6_48hpf_roi2/perf					1
Korra_Foundation	20250612_skittlez	Korra_Foundation/20250612_skittlez/fish1_roi1/AF					5
Korra_Foundation	20250612_skittlez	Korra_Foundation/20250612_skittlez/fish1_roi1/AFCAM2					1
Korra_Foundation	20250612_skittlez	Korra_Foundation/20250612_skittlez/fish1_roi1/DSH1					5
Korra_Foundation	20250612_skittlez	Korra_Foundation/20250612_skittlez/fish1_roi1/DSH1CAM2					1
Korra_Foundation	20250612_skittlez	Korra_Foundation/20250612_skittlez/fish1_roi1/LVScripts					1
Korra_Foundation	20250612_skittlez	Korra_Foundation/20250612_skittlez/fish1_roi1/Logs					1
Korra_Foundation	20250612_skittlez	Korra_Foundation/20250612_skittlez/fish1_roi1/perf					1
Korra_Foundation	20250612_skittlez	Korra_Foundation/20250612_skittlez/fish2_roi1/AF					5
Korra_Foundation	20250612_skittlez	Korra_Foundation/20250612_skittlez/fish2_roi1/AFCAM2					1
Korra_Foundation	20250612_skittlez	Korra_Foundation/20250612_skittlez/fish2_roi1/DSH1					5
Korra_Foundation	20250612_skittlez	Korra_Foundation/20250612_skittlez/fish2_roi1/DSH1CAM2					1
Korra_Foundation	20250612_skittlez	Korra_Foundation/20250612_skittlez/fish2_roi1/LVScripts					1
Korra_Foundation	20250612_skittlez	Korra_Foundation/20250612_skittlez/fish2_roi1/Logs					1
Korra_Foundation	20250612_skittlez	Korra_Foundation/20250612_skittlez/fish2_roi1/perf					1
Korra_Foundation	20250612_skittlez	Korra_Foundation/20250612_skittlez/fish3_roi1/AF					5
Korra_Foundation	20250612_skittlez	Korra_Foundation/20250612_skittlez/fish3_roi1/AFCAM2					1
Korra_Foundation	20250612_skittlez	Korra_Foundation/20250612_skittlez/fish3_roi1/DSH1					5
Korra_Foundation	20250612_skittlez	Korra_Foundation/20250612_skittlez/fish3_roi1/DSH1CAM2					1
Korra_Foundation	20250612_skittlez	Korra_Foundation/20250612_skittlez/fish3_roi1/Logs					1
Korra_Foundation	20250612_skittlez	Korra_Foundation/20250612_skittlez/fish3_roi1/perf					1
Korra_Foundation	20250612_skittlez	Korra_Foundation/20250612_skittlez/fish4_roi1/AF					5
Korra_Foundation	20250612_skittlez	Korra_Foundation/20250612_skittlez/fish4_roi1/AFCAM2					1
Korra_Foundation	20250612_skittlez	Korra_Foundation/20250612_skittlez/fish4_roi1/DSH1					5
Korra_Foundation	20250612_skittlez	Korra_Foundation/20250612_skittlez/fish4_roi1/DSH1CAM2					1
Korra_Foundation	20250612_skittlez	Korra_Foundation/20250612_skittlez/fish4_roi1/Logs					1
Korra_Foundation	20250612_skittlez	Korra_Foundation/20250612_skittlez/fish4_roi1/perf					1
Korra_Foundation	20250612_skittlez	Korra_Foundation/20250612_skittlez/fish5_roi1/AF					5
Korra_Foundation	20250612_skittlez	Korra_Foundation/20250612_skittlez/fish5_roi1/AFCAM2					1
Korra_Foundation	20250612_skittlez	Korra_Foundation/20250612_skittlez/fish5_roi1/DSH1					5
Korra_Foundation	20250612_skittlez	Korra_Foundation/20250612_skittlez/fish5_roi1/DSH1CAM2					1
Korra_Foundation	20250612_skittlez	Korra_Foundation/20250612_skittlez/fish5_roi1/Logs					1
Korra_Foundation	20250612_skittlez	Korra_Foundation/20250612_skittlez/fish5_roi1/perf					1
Korra_Foundation	20250612_skittlez	Korra_Foundation/20250612_skittlez/fish5_roi2/AF					5
Korra_Foundation	20250612_skittlez	Korra_Foundation/20250612_skittlez/fish5_roi2/AFCAM2					1
Korra_Foundation	20250612_skittlez	Korra_Foundation/20250612_skittlez/fish5_roi2/DSH1					5
Korra_Foundation	20250612_skittlez	Korra_Foundation/20250612_skittlez/fish5_roi2/DSH1CAM2					1
Korra_Foundation	20250612_skittlez	Korra_Foundation/20250612_skittlez/fish5_roi2/Logs					1
Korra_Foundation	20250612_skittlez	Korra_Foundation/20250612_skittlez/fish5_roi2/perf					1
Korra_Foundation	20250612_skittlez	Korra_Foundation/20250612_skittlez/fish5_roi3/AF					5
Korra_Foundation	20250612_skittlez	Korra_Foundation/20250612_skittlez/fish5_roi3/AFCAM2					1
Korra_Foundation	20250612_skittlez	Korra_Foundation/20250612_skittlez/fish5_roi3/DSH1					5
Korra_Foundation	20250612_skittlez	Korra_Foundation/20250612_skittlez/fish5_roi3/DSH1CAM2					1
Korra_Foundation	20250612_skittlez	Korra_Foundation/20250612_skittlez/fish5_roi3/Logs					1
Korra_Foundation	20250612_skittlez	Korra_Foundation/20250612_skittlez/fish5_roi3/perf					1
Korra_Foundation	20250612_skittlez	Korra_Foundation/20250612_skittlez/fish6_roi1/AF					5
Korra_Foundation	20250612_skittlez	Korra_Foundation/20250612_skittlez/fish6_roi1/AFCAM2					1
Korra_Foundation	20250612_skittlez	Korra_Foundation/20250612_skittlez/fish6_roi1/DSH1					5
Korra_Foundation	20250612_skittlez	Korra_Foundation/20250612_skittlez/fish6_roi1/DSH1CAM2					1
Korra_Foundation	20250612_skittlez	Korra_Foundation/20250612_skittlez/fish6_roi1/Logs					1
Korra_Foundation	20250612_skittlez	Korra_Foundation/20250612_skittlez/fish6_roi1/perf					1
Korra_Foundation	20250612_skittlez	Korra_Foundation/20250612_skittlez/fish7_roi1/AF					5
Korra_Foundation	20250612_skittlez	Korra_Foundation/20250612_skittlez/fish7_roi1/AFCAM2					1
Korra_Foundation	20250612_skittlez	Korra_Foundation/20250612_skittlez/fish7_roi1/DSH1					5
Korra_Foundation	20250612_skittlez	Korra_Foundation/20250612_skittlez/fish7_roi1/DSH1CAM2					1
Korra_Foundation	20250612_skittlez	Korra_Foundation/20250612_skittlez/fish7_roi1/Logs					1
Korra_Foundation	20250612_skittlez	Korra_Foundation/20250612_skittlez/fish7_roi1/perf					1
Korra_Foundation	20250612_skittlez	Korra_Foundation/20250612_skittlez/fish8_roi1/AF					5
Korra_Foundation	20250612_skittlez	Korra_Foundation/20250612_skittlez/fish8_roi1/AFCAM2					1
Korra_Foundation	20250612_skittlez	Korra_Foundation/20250612_skittlez/fish8_roi1/DSH1					5
Korra_Foundation	20250612_skittlez	Korra_Foundation/20250612_skittlez/fish8_roi1/DSH1CAM2					1
Korra_Foundation	20250612_skittlez	Korra_Foundation/20250612_skittlez/fish8_roi1/Logs					1
Korra_Foundation	20250612_skittlez	Korra_Foundation/20250612_skittlez/fish8_roi1/perf					1
Korra_Foundation	20250613_skittlez	Korra_Foundation/20250613_skittlez/fish10_roi1/AF					5
Korra_Foundation	20250613_skittlez	Korra_Foundation/20250613_skittlez/fish10_roi1/AFCAM2					1
Korra_Foundation	20250613_skittlez	Korra_Foundation/20250613_skittlez/fish10_roi1/DSH1					5
Korra_Foundation	20250613_skittlez	Korra_Foundation/20250613_skittlez/fish10_roi1/DSH1CAM2					1
Korra_Foundation	20250613_skittlez	Korra_Foundation/20250613_skittlez/fish10_roi1/Logs					1
Korra_Foundation	20250613_skittlez	Korra_Foundation/20250613_skittlez/fish10_roi1/perf					1
Korra_Foundation	20250613_skittlez	Korra_Foundation/20250613_skittlez/fish11_roi1/AF					5
Korra_Foundation	20250613_skittlez	Korra_Foundation/20250613_skittlez/fish11_roi1/AFCAM2					1
Korra_Foundation	20250613_skittlez	Korra_Foundation/20250613_skittlez/fish11_roi1/DSH1					5
Korra_Foundation	20250613_skittlez	Korra_Foundation/20250613_skittlez/fish11_roi1/DSH1CAM2					1
Korra_Foundation	20250613_skittlez	Korra_Foundation/20250613_skittlez/fish11_roi1/Logs					1
Korra_Foundation	20250613_skittlez	Korra_Foundation/20250613_skittlez/fish11_roi1/perf					1
Korra_Foundation	20250613_skittlez	Korra_Foundation/20250613_skittlez/fish12_roi1/AF					5
Korra_Foundation	20250613_skittlez	Korra_Foundation/20250613_skittlez/fish12_roi1/AFCAM2					1
Korra_Foundation	20250613_skittlez	Korra_Foundation/20250613_skittlez/fish12_roi1/DSH1					5
Korra_Foundation	20250613_skittlez	Korra_Foundation/20250613_skittlez/fish12_roi1/DSH1CAM2					1
Korra_Foundation	20250613_skittlez	Korra_Foundation/20250613_skittlez/fish12_roi1/Logs					1
Korra_Foundation	20250613_skittlez	Korra_Foundation/20250613_skittlez/fish12_roi1/perf					1
Korra_Foundation	20250613_skittlez	Korra_Foundation/20250613_skittlez/fish13_roi1/Logs					1
Korra_Foundation	20250613_skittlez	Korra_Foundation/20250613_skittlez/fish1_roi1/AF					5
Korra_Foundation	20250613_skittlez	Korra_Foundation/20250613_skittlez/fish1_roi1/AFCAM2					1
Korra_Foundation	20250613_skittlez	Korra_Foundation/20250613_skittlez/fish1_roi1/DSH1					5
Korra_Foundation	20250613_skittlez	Korra_Foundation/20250613_skittlez/fish1_roi1/DSH1CAM2					1
Korra_Foundation	20250613_skittlez	Korra_Foundation/20250613_skittlez/fish1_roi1/LVScripts					1
Korra_Foundation	20250613_skittlez	Korra_Foundation/20250613_skittlez/fish1_roi1/Logs					1
Korra_Foundation	20250613_skittlez	Korra_Foundation/20250613_skittlez/fish1_roi1/perf					1
Korra_Foundation	20250613_skittlez	Korra_Foundation/20250613_skittlez/fish2_roi1/AF					5
Korra_Foundation	20250613_skittlez	Korra_Foundation/20250613_skittlez/fish2_roi1/AFCAM2					1
Korra_Foundation	20250613_skittlez	Korra_Foundation/20250613_skittlez/fish2_roi1/DSH1					5
Korra_Foundation	20250613_skittlez	Korra_Foundation/20250613_skittlez/fish2_roi1/DSH1CAM2					1
Korra_Foundation	20250613_skittlez	Korra_Foundation/20250613_skittlez/fish2_roi1/Logs					1
Korra_Foundation	20250613_skittlez	Korra_Foundation/20250613_skittlez/fish2_roi1/perf					1
Korra_Foundation	20250613_skittlez	Korra_Foundation/20250613_skittlez/fish3_roi1/AF					5
Korra_Foundation	20250613_skittlez	Korra_Foundation/20250613_skittlez/fish3_roi1/AFCAM2					1
Korra_Foundation	20250613_skittlez	Korra_Foundation/20250613_skittlez/fish3_roi1/DSH1					5
Korra_Foundation	20250613_skittlez	Korra_Foundation/20250613_skittlez/fish3_roi1/DSH1CAM2					1
Korra_Foundation	20250613_skittlez	Korra_Foundation/20250613_skittlez/fish3_roi1/Logs					1
Korra_Foundation	20250613_skittlez	Korra_Foundation/20250613_skittlez/fish3_roi1/perf					1
Korra_Foundation	20250613_skittlez	Korra_Foundation/20250613_skittlez/fish4_roi1/AF					5
Korra_Foundation	20250613_skittlez	Korra_Foundation/20250613_skittlez/fish4_roi1/AFCAM2					1
Korra_Foundation	20250613_skittlez	Korra_Foundation/20250613_skittlez/fish4_roi1/DSH1					5
Korra_Foundation	20250613_skittlez	Korra_Foundation/20250613_skittlez/fish4_roi1/DSH1CAM2					1
Korra_Foundation	20250613_skittlez	Korra_Foundation/20250613_skittlez/fish4_roi1/Logs					1
Korra_Foundation	20250613_skittlez	Korra_Foundation/20250613_skittlez/fish4_roi1/perf					1
Korra_Foundation	20250613_skittlez	Korra_Foundation/20250613_skittlez/fish5_roi1/AF					5
Korra_Foundation	20250613_skittlez	Korra_Foundation/20250613_skittlez/fish5_roi1/AFCAM2					1
Korra_Foundation	20250613_skittlez	Korra_Foundation/20250613_skittlez/fish5_roi1/DSH1					5
Korra_Foundation	20250613_skittlez	Korra_Foundation/20250613_skittlez/fish5_roi1/DSH1CAM2					1
Korra_Foundation	20250613_skittlez	Korra_Foundation/20250613_skittlez/fish5_roi1/Logs					1
Korra_Foundation	20250613_skittlez	Korra_Foundation/20250613_skittlez/fish5_roi1/perf					1
Korra_Foundation	20250613_skittlez	Korra_Foundation/20250613_skittlez/fish6_roi1/AF					5
Korra_Foundation	20250613_skittlez	Korra_Foundation/20250613_skittlez/fish6_roi1/AFCAM2					1
Korra_Foundation	20250613_skittlez	Korra_Foundation/20250613_skittlez/fish6_roi1/DSH1					5
Korra_Foundation	20250613_skittlez	Korra_Foundation/20250613_skittlez/fish6_roi1/DSH1CAM2					1
Korra_Foundation	20250613_skittlez	Korra_Foundation/20250613_skittlez/fish6_roi1/LVScripts					1
Korra_Foundation	20250613_skittlez	Korra_Foundation/20250613_skittlez/fish6_roi1/Logs					1
Korra_Foundation	20250613_skittlez	Korra_Foundation/20250613_skittlez/fish6_roi1/perf					1
Korra_Foundation	20250613_skittlez	Korra_Foundation/20250613_skittlez/fish7_roi/AF					5
Korra_Foundation	20250613_skittlez	Korra_Foundation/20250613_skittlez/fish7_roi/AFCAM2					1
Korra_Foundation	20250613_skittlez	Korra_Foundation/20250613_skittlez/fish7_roi/DSH1					5
Korra_Foundation	20250613_skittlez	Korra_Foundation/20250613_skittlez/fish7_roi/DSH1CAM2					1
Korra_Foundation	20250613_skittlez	Korra_Foundation/20250613_skittlez/fish7_roi/LVScripts					1
Korra_Foundation	20250613_skittlez	Korra_Foundation/20250613_skittlez/fish7_roi/Logs					1
Korra_Foundation	20250613_skittlez	Korra_Foundation/20250613_skittlez/fish7_roi/perf					1
Korra_Foundation	20250613_skittlez	Korra_Foundation/20250613_skittlez/fish8_roi1/AF					5
Korra_Foundation	20250613_skittlez	Korra_Foundation/20250613_skittlez/fish8_roi1/AFCAM2					1
Korra_Foundation	20250613_skittlez	Korra_Foundation/20250613_skittlez/fish8_roi1/DSH1					5
Korra_Foundation	20250613_skittlez	Korra_Foundation/20250613_skittlez/fish8_roi1/DSH1CAM2					1
Korra_Foundation	20250613_skittlez	Korra_Foundation/20250613_skittlez/fish8_roi1/Logs					1
Korra_Foundation	20250613_skittlez	Korra_Foundation/20250613_skittlez/fish8_roi1/perf					1
Korra_Foundation	20250613_skittlez	Korra_Foundation/20250613_skittlez/fish9_roi1/AF					5
Korra_Foundation	20250613_skittlez	Korra_Foundation/20250613_skittlez/fish9_roi1/AFCAM2					1
Korra_Foundation	20250613_skittlez	Korra_Foundation/20250613_skittlez/fish9_roi1/DSH1					5
Korra_Foundation	20250613_skittlez	Korra_Foundation/20250613_skittlez/fish9_roi1/DSH1CAM2					1
Korra_Foundation	20250613_skittlez	Korra_Foundation/20250613_skittlez/fish9_roi1/LVScripts					1
Korra_Foundation	20250613_skittlez	Korra_Foundation/20250613_skittlez/fish9_roi1/Logs					1
Korra_Foundation	20250613_skittlez	Korra_Foundation/20250613_skittlez/fish9_roi1/perf					1
Korra_Foundation	20250616_mem-histone	Korra_Foundation/20250616_mem-histone/fish1_24hpf_roi1_brain/AF					5
Korra_Foundation	20250616_mem-histone	Korra_Foundation/20250616_mem-histone/fish1_24hpf_roi1_brain/AFCAM2					1
Korra_Foundation	20250616_mem-histone	Korra_Foundation/20250616_mem-histone/fish1_24hpf_roi1_brain/DSH1					5
Korra_Foundation	20250616_mem-histone	Korra_Foundation/20250616_mem-histone/fish1_24hpf_roi1_brain/DSH1CAM2					1
Korra_Foundation	20250616_mem-histone	Korra_Foundation/20250616_mem-histone/fish1_24hpf_roi1_brain/LVScripts					1
Korra_Foundation	20250616_mem-histone	Korra_Foundation/20250616_mem-histone/fish1_24hpf_roi1_brain/Logs					1
Korra_Foundation	20250616_mem-histone	Korra_Foundation/20250616_mem-histone/fish1_24hpf_roi1_brain/perf					1
Korra_Foundation	20250616_mem-histone	Korra_Foundation/20250616_mem-histone/fish1_72hpf_roi1-ear/AF					5
Korra_Foundation	20250616_mem-histone	Korra_Foundation/20250616_mem-histone/fish1_72hpf_roi1-ear/AFCAM2					1
Korra_Foundation	20250616_mem-histone	Korra_Foundation/20250616_mem-histone/fish1_72hpf_roi1-ear/DSH1					5
Korra_Foundation	20250616_mem-histone	Korra_Foundation/20250616_mem-histone/fish1_72hpf_roi1-ear/DSH1CAM2					1
Korra_Foundation	20250616_mem-histone	Korra_Foundation/20250616_mem-histone/fish1_72hpf_roi1-ear/LVScripts					1
Korra_Foundation	20250616_mem-histone	Korra_Foundation/20250616_mem-histone/fish1_72hpf_roi1-ear/Logs					1
Korra_Foundation	20250616_mem-histone	Korra_Foundation/20250616_mem-histone/fish1_72hpf_roi1-ear/perf					1
Korra_Foundation	20250616_mem-histone	Korra_Foundation/20250616_mem-histone/fish1_72hpf_roi2_muscle/AF					5
Korra_Foundation	20250616_mem-histone	Korra_Foundation/20250616_mem-histone/fish1_72hpf_roi2_muscle/AFCAM2					1
Korra_Foundation	20250616_mem-histone	Korra_Foundation/20250616_mem-histone/fish1_72hpf_roi2_muscle/DSH1					5
Korra_Foundation	20250616_mem-histone	Korra_Foundation/20250616_mem-histone/fish1_72hpf_roi2_muscle/DSH1CAM2					1
Korra_Foundation	20250616_mem-histone	Korra_Foundation/20250616_mem-histone/fish1_72hpf_roi2_muscle/LVScripts					1
Korra_Foundation	20250616_mem-histone	Korra_Foundation/20250616_mem-histone/fish1_72hpf_roi2_muscle/Logs					1
Korra_Foundation	20250616_mem-histone	Korra_Foundation/20250616_mem-histone/fish1_72hpf_roi2_muscle/perf					1
Korra_Foundation	20250616_mem-histone	Korra_Foundation/20250616_mem-histone/fish2_24hpf_roi1_brain/AF					5
Korra_Foundation	20250616_mem-histone	Korra_Foundation/20250616_mem-histone/fish2_24hpf_roi1_brain/AFCAM2					1
Korra_Foundation	20250616_mem-histone	Korra_Foundation/20250616_mem-histone/fish2_24hpf_roi1_brain/DSH1					5
Korra_Foundation	20250616_mem-histone	Korra_Foundation/20250616_mem-histone/fish2_24hpf_roi1_brain/DSH1CAM2					1
Korra_Foundation	20250616_mem-histone	Korra_Foundation/20250616_mem-histone/fish2_24hpf_roi1_brain/LVScripts					1
Korra_Foundation	20250616_mem-histone	Korra_Foundation/20250616_mem-histone/fish2_24hpf_roi1_brain/Logs					1
Korra_Foundation	20250616_mem-histone	Korra_Foundation/20250616_mem-histone/fish2_24hpf_roi1_brain/perf					1
Korra_Foundation	20250616_mem-histone	Korra_Foundation/20250616_mem-histone/fish3_24hpf_roi1_brain/AF					5
Korra_Foundation	20250616_mem-histone	Korra_Foundation/20250616_mem-histone/fish3_24hpf_roi1_brain/AFCAM2					1
Korra_Foundation	20250616_mem-histone	Korra_Foundation/20250616_mem-histone/fish3_24hpf_roi1_brain/DSH1					5
Korra_Foundation	20250616_mem-histone	Korra_Foundation/20250616_mem-histone/fish3_24hpf_roi1_brain/DSH1CAM2					1
Korra_Foundation	20250616_mem-histone	Korra_Foundation/20250616_mem-histone/fish3_24hpf_roi1_brain/LVScripts					1
Korra_Foundation	20250616_mem-histone	Korra_Foundation/20250616_mem-histone/fish3_24hpf_roi1_brain/Logs					1
Korra_Foundation	20250616_mem-histone	Korra_Foundation/20250616_mem-histone/fish3_24hpf_roi1_brain/perf					1
Korra_Foundation	20250616_mem-histone	Korra_Foundation/20250616_mem-histone/fish4_24hpf_roi1_brain/AF					5
Korra_Foundation	20250616_mem-histone	Korra_Foundation/20250616_mem-histone/fish4_24hpf_roi1_brain/AFCAM2					1
Korra_Foundation	20250616_mem-histone	Korra_Foundation/20250616_mem-histone/fish4_24hpf_roi1_brain/DSH1					5
Korra_Foundation	20250616_mem-histone	Korra_Foundation/20250616_mem-histone/fish4_24hpf_roi1_brain/DSH1CAM2					1
Korra_Foundation	20250616_mem-histone	Korra_Foundation/20250616_mem-histone/fish4_24hpf_roi1_brain/Logs					1
Korra_Foundation	20250616_mem-histone	Korra_Foundation/20250616_mem-histone/fish4_24hpf_roi1_brain/perf					1
Korra_Foundation	20250618_skittlez	Korra_Foundation/20250618_skittlez/fish10_roi1/AF					5
Korra_Foundation	20250618_skittlez	Korra_Foundation/20250618_skittlez/fish10_roi1/AFCAM2					1
Korra_Foundation	20250618_skittlez	Korra_Foundation/20250618_skittlez/fish10_roi1/DSH1					5
Korra_Foundation	20250618_skittlez	Korra_Foundation/20250618_skittlez/fish10_roi1/DSH1CAM2					1
Korra_Foundation	20250618_skittlez	Korra_Foundation/20250618_skittlez/fish10_roi1/Logs					1
Korra_Foundation	20250618_skittlez	Korra_Foundation/20250618_skittlez/fish10_roi1/perf					1
Korra_Foundation	20250618_skittlez	Korra_Foundation/20250618_skittlez/fish10_roi2/AF					5
Korra_Foundation	20250618_skittlez	Korra_Foundation/20250618_skittlez/fish10_roi2/AFCAM2					1
Korra_Foundation	20250618_skittlez	Korra_Foundation/20250618_skittlez/fish10_roi2/DSH1					5
Korra_Foundation	20250618_skittlez	Korra_Foundation/20250618_skittlez/fish10_roi2/DSH1CAM2					1
Korra_Foundation	20250618_skittlez	Korra_Foundation/20250618_skittlez/fish10_roi2/LVScripts					1
Korra_Foundation	20250618_skittlez	Korra_Foundation/20250618_skittlez/fish10_roi2/Logs					1
Korra_Foundation	20250618_skittlez	Korra_Foundation/20250618_skittlez/fish10_roi2/perf					1
Korra_Foundation	20250618_skittlez	Korra_Foundation/20250618_skittlez/fish10_roi3/AF					5
Korra_Foundation	20250618_skittlez	Korra_Foundation/20250618_skittlez/fish10_roi3/AFCAM2					1
Korra_Foundation	20250618_skittlez	Korra_Foundation/20250618_skittlez/fish10_roi3/DSH1					5
Korra_Foundation	20250618_skittlez	Korra_Foundation/20250618_skittlez/fish10_roi3/DSH1CAM2					1
Korra_Foundation	20250618_skittlez	Korra_Foundation/20250618_skittlez/fish10_roi3/Logs					1
Korra_Foundation	20250618_skittlez	Korra_Foundation/20250618_skittlez/fish10_roi3/perf					1
Korra_Foundation	20250618_skittlez	Korra_Foundation/20250618_skittlez/fish10_roi4/AF					5
Korra_Foundation	20250618_skittlez	Korra_Foundation/20250618_skittlez/fish10_roi4/AFCAM2					1
Korra_Foundation	20250618_skittlez	Korra_Foundation/20250618_skittlez/fish10_roi4/DSH1					5
Korra_Foundation	20250618_skittlez	Korra_Foundation/20250618_skittlez/fish10_roi4/DSH1CAM2					1
Korra_Foundation	20250618_skittlez	Korra_Foundation/20250618_skittlez/fish10_roi4/Logs					1
Korra_Foundation	20250618_skittlez	Korra_Foundation/20250618_skittlez/fish10_roi4/perf					1
Korra_Foundation	20250618_skittlez	Korra_Foundation/20250618_skittlez/fish11_roi1/AF					5
Korra_Foundation	20250618_skittlez	Korra_Foundation/20250618_skittlez/fish11_roi1/AFCAM2					1
Korra_Foundation	20250618_skittlez	Korra_Foundation/20250618_skittlez/fish11_roi1/DSH1					5
Korra_Foundation	20250618_skittlez	Korra_Foundation/20250618_skittlez/fish11_roi1/DSH1CAM2					1
Korra_Foundation	20250618_skittlez	Korra_Foundation/20250618_skittlez/fish11_roi1/Logs					1
Korra_Foundation	20250618_skittlez	Korra_Foundation/20250618_skittlez/fish11_roi1/perf					1
Korra_Foundation	20250618_skittlez	Korra_Foundation/20250618_skittlez/fish1_roi1/AF					5
Korra_Foundation	20250618_skittlez	Korra_Foundation/20250618_skittlez/fish1_roi1/AFCAM2					1
Korra_Foundation	20250618_skittlez	Korra_Foundation/20250618_skittlez/fish1_roi1/DSH1					5
Korra_Foundation	20250618_skittlez	Korra_Foundation/20250618_skittlez/fish1_roi1/DSH1CAM2					1
Korra_Foundation	20250618_skittlez	Korra_Foundation/20250618_skittlez/fish1_roi1/LVScripts					1
Korra_Foundation	20250618_skittlez	Korra_Foundation/20250618_skittlez/fish1_roi1/Logs					1
Korra_Foundation	20250618_skittlez	Korra_Foundation/20250618_skittlez/fish1_roi1/perf					1
Korra_Foundation	20250618_skittlez	Korra_Foundation/20250618_skittlez/fish1_roi1_2/AF					5
Korra_Foundation	20250618_skittlez	Korra_Foundation/20250618_skittlez/fish1_roi1_2/AFCAM2					1
Korra_Foundation	20250618_skittlez	Korra_Foundation/20250618_skittlez/fish1_roi1_2/DSH1					5
Korra_Foundation	20250618_skittlez	Korra_Foundation/20250618_skittlez/fish1_roi1_2/DSH1CAM2					1
Korra_Foundation	20250618_skittlez	Korra_Foundation/20250618_skittlez/fish1_roi1_2/Logs					1
Korra_Foundation	20250618_skittlez	Korra_Foundation/20250618_skittlez/fish1_roi1_2/perf					1
Korra_Foundation	20250618_skittlez	Korra_Foundation/20250618_skittlez/fish2_roi1/AF					5
Korra_Foundation	20250618_skittlez	Korra_Foundation/20250618_skittlez/fish2_roi1/AFCAM2					1
Korra_Foundation	20250618_skittlez	Korra_Foundation/20250618_skittlez/fish2_roi1/DSH1					5
Korra_Foundation	20250618_skittlez	Korra_Foundation/20250618_skittlez/fish2_roi1/DSH1CAM2					1
Korra_Foundation	20250618_skittlez	Korra_Foundation/20250618_skittlez/fish2_roi1/LVScripts					1
Korra_Foundation	20250618_skittlez	Korra_Foundation/20250618_skittlez/fish2_roi1/Logs					1
Korra_Foundation	20250618_skittlez	Korra_Foundation/20250618_skittlez/fish2_roi1/perf					1
Korra_Foundation	20250618_skittlez	Korra_Foundation/20250618_skittlez/fish3_roi1/AF					5
Korra_Foundation	20250618_skittlez	Korra_Foundation/20250618_skittlez/fish3_roi1/AFCAM2					1
Korra_Foundation	20250618_skittlez	Korra_Foundation/20250618_skittlez/fish3_roi1/DSH1					5
Korra_Foundation	20250618_skittlez	Korra_Foundation/20250618_skittlez/fish3_roi1/DSH1CAM2					1
Korra_Foundation	20250618_skittlez	Korra_Foundation/20250618_skittlez/fish3_roi1/LVScripts					1
Korra_Foundation	20250618_skittlez	Korra_Foundation/20250618_skittlez/fish3_roi1/Logs					1
Korra_Foundation	20250618_skittlez	Korra_Foundation/20250618_skittlez/fish3_roi1/perf					1
Korra_Foundation	20250618_skittlez	Korra_Foundation/20250618_skittlez/fish4_roi1/AF					5
Korra_Foundation	20250618_skittlez	Korra_Foundation/20250618_skittlez/fish4_roi1/AFCAM2					1
Korra_Foundation	20250618_skittlez	Korra_Foundation/20250618_skittlez/fish4_roi1/DSH1					5
Korra_Foundation	20250618_skittlez	Korra_Foundation/20250618_skittlez/fish4_roi1/DSH1CAM2					1
Korra_Foundation	20250618_skittlez	Korra_Foundation/20250618_skittlez/fish4_roi1/Logs					1
Korra_Foundation	20250618_skittlez	Korra_Foundation/20250618_skittlez/fish4_roi1/perf					1
Korra_Foundation	20250618_skittlez	Korra_Foundation/20250618_skittlez/fish5_roi1/AF					5
Korra_Foundation	20250618_skittlez	Korra_Foundation/20250618_skittlez/fish5_roi1/AFCAM2					1
Korra_Foundation	20250618_skittlez	Korra_Foundation/20250618_skittlez/fish5_roi1/DSH1					5
Korra_Foundation	20250618_skittlez	Korra_Foundation/20250618_skittlez/fish5_roi1/DSH1CAM2					1
Korra_Foundation	20250618_skittlez	Korra_Foundation/20250618_skittlez/fish5_roi1/Logs					1
Korra_Foundation	20250618_skittlez	Korra_Foundation/20250618_skittlez/fish5_roi1/perf					1
Korra_Foundation	20250618_skittlez	Korra_Foundation/20250618_skittlez/fish6_roi1/AF					5
Korra_Foundation	20250618_skittlez	Korra_Foundation/20250618_skittlez/fish6_roi1/AFCAM2					1
Korra_Foundation	20250618_skittlez	Korra_Foundation/20250618_skittlez/fish6_roi1/DSH1					5
Korra_Foundation	20250618_skittlez	Korra_Foundation/20250618_skittlez/fish6_roi1/DSH1CAM2					1
Korra_Foundation	20250618_skittlez	Korra_Foundation/20250618_skittlez/fish6_roi1/LVScripts					1
Korra_Foundation	20250618_skittlez	Korra_Foundation/20250618_skittlez/fish6_roi1/Logs					1
Korra_Foundation	20250618_skittlez	Korra_Foundation/20250618_skittlez/fish6_roi1/perf					1
Korra_Foundation	20250618_skittlez	Korra_Foundation/20250618_skittlez/fish6_roi2/AF					5
Korra_Foundation	20250618_skittlez	Korra_Foundation/20250618_skittlez/fish6_roi2/AFCAM2					1
Korra_Foundation	20250618_skittlez	Korra_Foundation/20250618_skittlez/fish6_roi2/DSH1					5
Korra_Foundation	20250618_skittlez	Korra_Foundation/20250618_skittlez/fish6_roi2/DSH1CAM2					1
Korra_Foundation	20250618_skittlez	Korra_Foundation/20250618_skittlez/fish6_roi2/Logs					1
Korra_Foundation	20250618_skittlez	Korra_Foundation/20250618_skittlez/fish6_roi2/perf					1
Korra_Foundation	20250618_skittlez	Korra_Foundation/20250618_skittlez/fish7_roi1/AF					5
Korra_Foundation	20250618_skittlez	Korra_Foundation/20250618_skittlez/fish7_roi1/AFCAM2					1
Korra_Foundation	20250618_skittlez	Korra_Foundation/20250618_skittlez/fish7_roi1/DSH1					5
Korra_Foundation	20250618_skittlez	Korra_Foundation/20250618_skittlez/fish7_roi1/DSH1CAM2					1
Korra_Foundation	20250618_skittlez	Korra_Foundation/20250618_skittlez/fish7_roi1/Logs					1
Korra_Foundation	20250618_skittlez	Korra_Foundation/20250618_skittlez/fish7_roi1/perf					1
Korra_Foundation	20250618_skittlez	Korra_Foundation/20250618_skittlez/fish7_roi2/AF					5
Korra_Foundation	20250618_skittlez	Korra_Foundation/20250618_skittlez/fish7_roi2/AFCAM2					1
Korra_Foundation	20250618_skittlez	Korra_Foundation/20250618_skittlez/fish7_roi2/DSH1					5
Korra_Foundation	20250618_skittlez	Korra_Foundation/20250618_skittlez/fish7_roi2/DSH1CAM2					1
Korra_Foundation	20250618_skittlez	Korra_Foundation/20250618_skittlez/fish7_roi2/Logs					1
Korra_Foundation	20250618_skittlez	Korra_Foundation/20250618_skittlez/fish7_roi2/perf					1
Korra_Foundation	20250618_skittlez	Korra_Foundation/20250618_skittlez/fish7_roi3/AF					5
Korra_Foundation	20250618_skittlez	Korra_Foundation/20250618_skittlez/fish7_roi3/AFCAM2					1
Korra_Foundation	20250618_skittlez	Korra_Foundation/20250618_skittlez/fish7_roi3/DSH1					5
Korra_Foundation	20250618_skittlez	Korra_Foundation/20250618_skittlez/fish7_roi3/DSH1CAM2					1
Korra_Foundation	20250618_skittlez	Korra_Foundation/20250618_skittlez/fish7_roi3/Logs					1
Korra_Foundation	20250618_skittlez	Korra_Foundation/20250618_skittlez/fish7_roi3/perf					1
Korra_Foundation	20250618_skittlez	Korra_Foundation/20250618_skittlez/fish7_roi4/AF					5
Korra_Foundation	20250618_skittlez	Korra_Foundation/20250618_skittlez/fish7_roi4/AFCAM2					1
Korra_Foundation	20250618_skittlez	Korra_Foundation/20250618_skittlez/fish7_roi4/DSH1					5
Korra_Foundation	20250618_skittlez	Korra_Foundation/20250618_skittlez/fish7_roi4/DSH1CAM2					1
Korra_Foundation	20250618_skittlez	Korra_Foundation/20250618_skittlez/fish7_roi4/Logs					1
Korra_Foundation	20250618_skittlez	Korra_Foundation/20250618_skittlez/fish7_roi4/perf					1
Korra_Foundation	20250618_skittlez	Korra_Foundation/20250618_skittlez/fish8_roi1/AF					5
Korra_Foundation	20250618_skittlez	Korra_Foundation/20250618_skittlez/fish8_roi1/AFCAM2					1
Korra_Foundation	20250618_skittlez	Korra_Foundation/20250618_skittlez/fish8_roi1/DSH1					5
Korra_Foundation	20250618_skittlez	Korra_Foundation/20250618_skittlez/fish8_roi1/DSH1CAM2					1
Korra_Foundation	20250618_skittlez	Korra_Foundation/20250618_skittlez/fish8_roi1/Logs					1
Korra_Foundation	20250618_skittlez	Korra_Foundation/20250618_skittlez/fish8_roi1/perf					1
Korra_Foundation	20250618_skittlez	Korra_Foundation/20250618_skittlez/fish8_roi2/AF					5
Korra_Foundation	20250618_skittlez	Korra_Foundation/20250618_skittlez/fish8_roi2/AFCAM2					1
Korra_Foundation	20250618_skittlez	Korra_Foundation/20250618_skittlez/fish8_roi2/DSH1					5
Korra_Foundation	20250618_skittlez	Korra_Foundation/20250618_skittlez/fish8_roi2/DSH1CAM2					1
Korra_Foundation	20250618_skittlez	Korra_Foundation/20250618_skittlez/fish8_roi2/Logs					1
Korra_Foundation	20250618_skittlez	Korra_Foundation/20250618_skittlez/fish8_roi2/perf					1
Korra_Foundation	20250618_skittlez	Korra_Foundation/20250618_skittlez/fish8_roi3/AF					5
Korra_Foundation	20250618_skittlez	Korra_Foundation/20250618_skittlez/fish8_roi3/AFCAM2					1
Korra_Foundation	20250618_skittlez	Korra_Foundation/20250618_skittlez/fish8_roi3/DSH1					5
Korra_Foundation	20250618_skittlez	Korra_Foundation/20250618_skittlez/fish8_roi3/DSH1CAM2					1
Korra_Foundation	20250618_skittlez	Korra_Foundation/20250618_skittlez/fish8_roi3/Logs					1
Korra_Foundation	20250618_skittlez	Korra_Foundation/20250618_skittlez/fish8_roi3/perf					1
Korra_Foundation	20250618_skittlez	Korra_Foundation/20250618_skittlez/fish8_roi4/AF					5
Korra_Foundation	20250618_skittlez	Korra_Foundation/20250618_skittlez/fish8_roi4/AFCAM2					1
Korra_Foundation	20250618_skittlez	Korra_Foundation/20250618_skittlez/fish8_roi4/DSH1					5
Korra_Foundation	20250618_skittlez	Korra_Foundation/20250618_skittlez/fish8_roi4/DSH1CAM2					1
Korra_Foundation	20250618_skittlez	Korra_Foundation/20250618_skittlez/fish8_roi4/Logs					1
Korra_Foundation	20250618_skittlez	Korra_Foundation/20250618_skittlez/fish8_roi4/perf					1
Korra_Foundation	20250618_skittlez	Korra_Foundation/20250618_skittlez/fish9_roi1/AF					5
Korra_Foundation	20250618_skittlez	Korra_Foundation/20250618_skittlez/fish9_roi1/AFCAM2					1
Korra_Foundation	20250618_skittlez	Korra_Foundation/20250618_skittlez/fish9_roi1/DSH1					5
Korra_Foundation	20250618_skittlez	Korra_Foundation/20250618_skittlez/fish9_roi1/DSH1CAM2					1
Korra_Foundation	20250618_skittlez	Korra_Foundation/20250618_skittlez/fish9_roi1/Logs					1
Korra_Foundation	20250618_skittlez	Korra_Foundation/20250618_skittlez/fish9_roi1/perf					1
Korra_Foundation	20250618_skittlez	Korra_Foundation/20250618_skittlez/fish9_roi2/AF					5
Korra_Foundation	20250618_skittlez	Korra_Foundation/20250618_skittlez/fish9_roi2/AFCAM2					1
Korra_Foundation	20250618_skittlez	Korra_Foundation/20250618_skittlez/fish9_roi2/DSH1					5
Korra_Foundation	20250618_skittlez	Korra_Foundation/20250618_skittlez/fish9_roi2/DSH1CAM2					1
Korra_Foundation	20250618_skittlez	Korra_Foundation/20250618_skittlez/fish9_roi2/Logs					1
Korra_Foundation	20250618_skittlez	Korra_Foundation/20250618_skittlez/fish9_roi2/perf					1
Korra_Foundation	20250619_skittlez	Korra_Foundation/20250619_skittlez/fish1_roi1/AF					5
Korra_Foundation	20250619_skittlez	Korra_Foundation/20250619_skittlez/fish1_roi1/AFCAM2					1
Korra_Foundation	20250619_skittlez	Korra_Foundation/20250619_skittlez/fish1_roi1/DSH1					5
Korra_Foundation	20250619_skittlez	Korra_Foundation/20250619_skittlez/fish1_roi1/DSH1CAM2					1
Korra_Foundation	20250619_skittlez	Korra_Foundation/20250619_skittlez/fish1_roi1/LVScripts					1
Korra_Foundation	20250619_skittlez	Korra_Foundation/20250619_skittlez/fish1_roi1/Logs					1
Korra_Foundation	20250619_skittlez	Korra_Foundation/20250619_skittlez/fish1_roi1/perf					1
Korra_Foundation	20250619_skittlez	Korra_Foundation/20250619_skittlez/fish1_roi2/AF					5
Korra_Foundation	20250619_skittlez	Korra_Foundation/20250619_skittlez/fish1_roi2/AFCAM2					1
Korra_Foundation	20250619_skittlez	Korra_Foundation/20250619_skittlez/fish1_roi2/DSH1					5
Korra_Foundation	20250619_skittlez	Korra_Foundation/20250619_skittlez/fish1_roi2/DSH1CAM2					1
Korra_Foundation	20250619_skittlez	Korra_Foundation/20250619_skittlez/fish1_roi2/Logs					1
Korra_Foundation	20250619_skittlez	Korra_Foundation/20250619_skittlez/fish1_roi2/perf					1
Korra_Foundation	20250619_skittlez	Korra_Foundation/20250619_skittlez/fish2_roi1/AF					5
Korra_Foundation	20250619_skittlez	Korra_Foundation/20250619_skittlez/fish2_roi1/AFCAM2					1
Korra_Foundation	20250619_skittlez	Korra_Foundation/20250619_skittlez/fish2_roi1/DSH1					5
Korra_Foundation	20250619_skittlez	Korra_Foundation/20250619_skittlez/fish2_roi1/DSH1CAM2					1
Korra_Foundation	20250619_skittlez	Korra_Foundation/20250619_skittlez/fish2_roi1/Logs					1
Korra_Foundation	20250619_skittlez	Korra_Foundation/20250619_skittlez/fish2_roi1/perf					1
Korra_Foundation	20250619_skittlez	Korra_Foundation/20250619_skittlez/fish3_roi1/AF					5
Korra_Foundation	20250619_skittlez	Korra_Foundation/20250619_skittlez/fish3_roi1/AFCAM2					1
Korra_Foundation	20250619_skittlez	Korra_Foundation/20250619_skittlez/fish3_roi1/DSH1					5
Korra_Foundation	20250619_skittlez	Korra_Foundation/20250619_skittlez/fish3_roi1/DSH1CAM2					1
Korra_Foundation	20250619_skittlez	Korra_Foundation/20250619_skittlez/fish3_roi1/Logs					1
Korra_Foundation	20250619_skittlez	Korra_Foundation/20250619_skittlez/fish3_roi1/perf					1
Korra_Foundation	20250619_skittlez	Korra_Foundation/20250619_skittlez/fish3_roi2/AF					5
Korra_Foundation	20250619_skittlez	Korra_Foundation/20250619_skittlez/fish3_roi2/AFCAM2					1
Korra_Foundation	20250619_skittlez	Korra_Foundation/20250619_skittlez/fish3_roi2/DSH1					5
Korra_Foundation	20250619_skittlez	Korra_Foundation/20250619_skittlez/fish3_roi2/DSH1CAM2					1
Korra_Foundation	20250619_skittlez	Korra_Foundation/20250619_skittlez/fish3_roi2/Logs					1
Korra_Foundation	20250619_skittlez	Korra_Foundation/20250619_skittlez/fish3_roi2/perf					1
Korra_Foundation	20250619_skittlez	Korra_Foundation/20250619_skittlez/fish4_roi1/AF					5
Korra_Foundation	20250619_skittlez	Korra_Foundation/20250619_skittlez/fish4_roi1/AFCAM2					1
Korra_Foundation	20250619_skittlez	Korra_Foundation/20250619_skittlez/fish4_roi1/DSH1					5
Korra_Foundation	20250619_skittlez	Korra_Foundation/20250619_skittlez/fish4_roi1/DSH1CAM2					1
Korra_Foundation	20250619_skittlez	Korra_Foundation/20250619_skittlez/fish4_roi1/LVScripts					1
Korra_Foundation	20250619_skittlez	Korra_Foundation/20250619_skittlez/fish4_roi1/Logs					1
Korra_Foundation	20250619_skittlez	Korra_Foundation/20250619_skittlez/fish4_roi1/perf					1
Korra_Foundation	20250619_skittlez	Korra_Foundation/20250619_skittlez/fish5_roi1/AF					5
Korra_Foundation	20250619_skittlez	Korra_Foundation/20250619_skittlez/fish5_roi1/AFCAM2					1
Korra_Foundation	20250619_skittlez	Korra_Foundation/20250619_skittlez/fish5_roi1/DSH1					5
Korra_Foundation	20250619_skittlez	Korra_Foundation/20250619_skittlez/fish5_roi1/DSH1CAM2					1
Korra_Foundation	20250619_skittlez	Korra_Foundation/20250619_skittlez/fish5_roi1/Logs					1
Korra_Foundation	20250619_skittlez	Korra_Foundation/20250619_skittlez/fish5_roi1/perf					1
Korra_Foundation	20250619_skittlez	Korra_Foundation/20250619_skittlez/fish5_roi2/AF					5
Korra_Foundation	20250619_skittlez	Korra_Foundation/20250619_skittlez/fish5_roi2/AFCAM2					1
Korra_Foundation	20250619_skittlez	Korra_Foundation/20250619_skittlez/fish5_roi2/DSH1					5
Korra_Foundation	20250619_skittlez	Korra_Foundation/20250619_skittlez/fish5_roi2/DSH1CAM2					1
Korra_Foundation	20250619_skittlez	Korra_Foundation/20250619_skittlez/fish5_roi2/Logs					1
Korra_Foundation	20250619_skittlez	Korra_Foundation/20250619_skittlez/fish5_roi2/perf					1
Korra_Foundation	20250620_mitomSG	Korra_Foundation/20250620_mitomSG/fish1_roi1/DSR					7
Korra_Foundation	20250620_mitomSG	Korra_Foundation/20250620_mitomSG/fish1_roi1/LVScripts					1
Korra_Foundation	20250620_mitomSG	Korra_Foundation/20250620_mitomSG/fish1_roi1/Logs					1
Korra_Foundation	20250620_mitomSG	Korra_Foundation/20250620_mitomSG/fish1_roi1/job_logs					1
Korra_Foundation	20250620_mitomSG	Korra_Foundation/20250620_mitomSG/fish1_roi1/matlab_decon				.zarr	5
Korra_Foundation	20250620_mitomSG	Korra_Foundation/20250620_mitomSG/fish1_roi1/matlab_decon_1				.zarr	5
Korra_Foundation	20250620_mitomSG	Korra_Foundation/20250620_mitomSG/fish1_roi1/matlab_decon_2				.zarr	5
Korra_Foundation	20250620_mitomSG	Korra_Foundation/20250620_mitomSG/fish1_roi1/matlab_decon_5				.zarr	5
Korra_Foundation	20250620_mitomSG	Korra_Foundation/20250620_mitomSG/fish1_roi1/perf					1
Korra_Foundation	20250620_mitomSG	Korra_Foundation/20250620_mitomSG/fish1_roi1/tmp					3
Korra_Foundation	20250624_skittlez_Chris_x_Liam	Korra_Foundation/20250624_skittlez_Chris_x_Liam/fish2_roi1/AF					5
Korra_Foundation	20250624_skittlez_Chris_x_Liam	Korra_Foundation/20250624_skittlez_Chris_x_Liam/fish2_roi1/AFCAM2					1
Korra_Foundation	20250624_skittlez_Chris_x_Liam	Korra_Foundation/20250624_skittlez_Chris_x_Liam/fish2_roi1/DSH1					5
Korra_Foundation	20250624_skittlez_Chris_x_Liam	Korra_Foundation/20250624_skittlez_Chris_x_Liam/fish2_roi1/DSH1CAM2					1
Korra_Foundation	20250624_skittlez_Chris_x_Liam	Korra_Foundation/20250624_skittlez_Chris_x_Liam/fish2_roi1/LVScripts					1
Korra_Foundation	20250624_skittlez_Chris_x_Liam	Korra_Foundation/20250624_skittlez_Chris_x_Liam/fish2_roi1/Logs					1
Korra_Foundation	20250624_skittlez_Chris_x_Liam	Korra_Foundation/20250624_skittlez_Chris_x_Liam/fish2_roi1/perf					1
Korra_Foundation	20250624_skittlez_Chris_x_Liam	Korra_Foundation/20250624_skittlez_Chris_x_Liam/fish3_roi1/AF					5
Korra_Foundation	20250624_skittlez_Chris_x_Liam	Korra_Foundation/20250624_skittlez_Chris_x_Liam/fish3_roi1/AFCAM2					1
Korra_Foundation	20250624_skittlez_Chris_x_Liam	Korra_Foundation/20250624_skittlez_Chris_x_Liam/fish3_roi1/DSH1					5
Korra_Foundation	20250624_skittlez_Chris_x_Liam	Korra_Foundation/20250624_skittlez_Chris_x_Liam/fish3_roi1/DSH1CAM2					1
Korra_Foundation	20250624_skittlez_Chris_x_Liam	Korra_Foundation/20250624_skittlez_Chris_x_Liam/fish3_roi1/Logs					1
Korra_Foundation	20250624_skittlez_Chris_x_Liam	Korra_Foundation/20250624_skittlez_Chris_x_Liam/fish3_roi1/perf					1
Korra_Foundation	20250624_skittlez_Chris_x_Liam	Korra_Foundation/20250624_skittlez_Chris_x_Liam/fish3_roi2/AF					5
Korra_Foundation	20250624_skittlez_Chris_x_Liam	Korra_Foundation/20250624_skittlez_Chris_x_Liam/fish3_roi2/AFCAM2					1
Korra_Foundation	20250624_skittlez_Chris_x_Liam	Korra_Foundation/20250624_skittlez_Chris_x_Liam/fish3_roi2/DSH1					5
Korra_Foundation	20250624_skittlez_Chris_x_Liam	Korra_Foundation/20250624_skittlez_Chris_x_Liam/fish3_roi2/DSH1CAM2					1
Korra_Foundation	20250624_skittlez_Chris_x_Liam	Korra_Foundation/20250624_skittlez_Chris_x_Liam/fish3_roi2/Logs					1
Korra_Foundation	20250624_skittlez_Chris_x_Liam	Korra_Foundation/20250624_skittlez_Chris_x_Liam/fish3_roi2/perf					1
Korra_Foundation	20250624_skittlez_Chris_x_Liam	Korra_Foundation/20250624_skittlez_Chris_x_Liam/fish3_roi3/AF					5
Korra_Foundation	20250624_skittlez_Chris_x_Liam	Korra_Foundation/20250624_skittlez_Chris_x_Liam/fish3_roi3/AFCAM2					1
Korra_Foundation	20250624_skittlez_Chris_x_Liam	Korra_Foundation/20250624_skittlez_Chris_x_Liam/fish3_roi3/DSH1					5
Korra_Foundation	20250624_skittlez_Chris_x_Liam	Korra_Foundation/20250624_skittlez_Chris_x_Liam/fish3_roi3/DSH1CAM2					1
Korra_Foundation	20250624_skittlez_Chris_x_Liam	Korra_Foundation/20250624_skittlez_Chris_x_Liam/fish3_roi3/Logs					1
Korra_Foundation	20250624_skittlez_Chris_x_Liam	Korra_Foundation/20250624_skittlez_Chris_x_Liam/fish3_roi3/perf					1
Korra_Foundation	20250624_skittlez_Chris_x_Liam	Korra_Foundation/20250624_skittlez_Chris_x_Liam/fish4_roi1/AF					5
Korra_Foundation	20250624_skittlez_Chris_x_Liam	Korra_Foundation/20250624_skittlez_Chris_x_Liam/fish4_roi1/AFCAM2					1
Korra_Foundation	20250624_skittlez_Chris_x_Liam	Korra_Foundation/20250624_skittlez_Chris_x_Liam/fish4_roi1/DSH1					5
Korra_Foundation	20250624_skittlez_Chris_x_Liam	Korra_Foundation/20250624_skittlez_Chris_x_Liam/fish4_roi1/DSH1CAM2					1
Korra_Foundation	20250624_skittlez_Chris_x_Liam	Korra_Foundation/20250624_skittlez_Chris_x_Liam/fish4_roi1/Logs					1
Korra_Foundation	20250624_skittlez_Chris_x_Liam	Korra_Foundation/20250624_skittlez_Chris_x_Liam/fish4_roi1/perf					1
Korra_Foundation	20250624_skittlez_Chris_x_Liam	Korra_Foundation/20250624_skittlez_Chris_x_Liam/fish4_roi2/AF					5
Korra_Foundation	20250624_skittlez_Chris_x_Liam	Korra_Foundation/20250624_skittlez_Chris_x_Liam/fish4_roi2/AFCAM2					1
Korra_Foundation	20250624_skittlez_Chris_x_Liam	Korra_Foundation/20250624_skittlez_Chris_x_Liam/fish4_roi2/DSH1					5
Korra_Foundation	20250624_skittlez_Chris_x_Liam	Korra_Foundation/20250624_skittlez_Chris_x_Liam/fish4_roi2/DSH1CAM2					1
Korra_Foundation	20250624_skittlez_Chris_x_Liam	Korra_Foundation/20250624_skittlez_Chris_x_Liam/fish4_roi2/Logs					1
Korra_Foundation	20250624_skittlez_Chris_x_Liam	Korra_Foundation/20250624_skittlez_Chris_x_Liam/fish4_roi2/perf					1
Korra_Foundation	20250624_skittlez_Chris_x_Liam	Korra_Foundation/20250624_skittlez_Chris_x_Liam/fish4_roi3/AF					5
Korra_Foundation	20250624_skittlez_Chris_x_Liam	Korra_Foundation/20250624_skittlez_Chris_x_Liam/fish4_roi3/AFCAM2					1
Korra_Foundation	20250624_skittlez_Chris_x_Liam	Korra_Foundation/20250624_skittlez_Chris_x_Liam/fish4_roi3/DSH1					5
Korra_Foundation	20250624_skittlez_Chris_x_Liam	Korra_Foundation/20250624_skittlez_Chris_x_Liam/fish4_roi3/DSH1CAM2					1
Korra_Foundation	20250624_skittlez_Chris_x_Liam	Korra_Foundation/20250624_skittlez_Chris_x_Liam/fish4_roi3/Logs					1
Korra_Foundation	20250624_skittlez_Chris_x_Liam	Korra_Foundation/20250624_skittlez_Chris_x_Liam/fish4_roi3/perf					1
Korra_Foundation	20250624_skittlez_Chris_x_Liam	Korra_Foundation/20250624_skittlez_Chris_x_Liam/fish4_roi4/AF					5
Korra_Foundation	20250624_skittlez_Chris_x_Liam	Korra_Foundation/20250624_skittlez_Chris_x_Liam/fish4_roi4/AFCAM2					1
Korra_Foundation	20250624_skittlez_Chris_x_Liam	Korra_Foundation/20250624_skittlez_Chris_x_Liam/fish4_roi4/DSH1					5
Korra_Foundation	20250624_skittlez_Chris_x_Liam	Korra_Foundation/20250624_skittlez_Chris_x_Liam/fish4_roi4/DSH1CAM2					1
Korra_Foundation	20250624_skittlez_Chris_x_Liam	Korra_Foundation/20250624_skittlez_Chris_x_Liam/fish4_roi4/Logs					1
Korra_Foundation	20250624_skittlez_Chris_x_Liam	Korra_Foundation/20250624_skittlez_Chris_x_Liam/fish4_roi4/perf					1
Korra_Foundation	20250624_skittlez_Chris_x_Liam	Korra_Foundation/20250624_skittlez_Chris_x_Liam/fish5_roi1-1/AF					5
Korra_Foundation	20250624_skittlez_Chris_x_Liam	Korra_Foundation/20250624_skittlez_Chris_x_Liam/fish5_roi1-1/AFCAM2					1
Korra_Foundation	20250624_skittlez_Chris_x_Liam	Korra_Foundation/20250624_skittlez_Chris_x_Liam/fish5_roi1-1/DSH1					5
Korra_Foundation	20250624_skittlez_Chris_x_Liam	Korra_Foundation/20250624_skittlez_Chris_x_Liam/fish5_roi1-1/DSH1CAM2					1
Korra_Foundation	20250624_skittlez_Chris_x_Liam	Korra_Foundation/20250624_skittlez_Chris_x_Liam/fish5_roi1-1/LVScripts					1
Korra_Foundation	20250624_skittlez_Chris_x_Liam	Korra_Foundation/20250624_skittlez_Chris_x_Liam/fish5_roi1-1/Logs					1
Korra_Foundation	20250624_skittlez_Chris_x_Liam	Korra_Foundation/20250624_skittlez_Chris_x_Liam/fish5_roi1-1/perf					1
Korra_Foundation	20250624_skittlez_Chris_x_Liam	Korra_Foundation/20250624_skittlez_Chris_x_Liam/fish5_roi1/AF					5
Korra_Foundation	20250624_skittlez_Chris_x_Liam	Korra_Foundation/20250624_skittlez_Chris_x_Liam/fish5_roi1/AFCAM2					1
Korra_Foundation	20250624_skittlez_Chris_x_Liam	Korra_Foundation/20250624_skittlez_Chris_x_Liam/fish5_roi1/DSH1					5
Korra_Foundation	20250624_skittlez_Chris_x_Liam	Korra_Foundation/20250624_skittlez_Chris_x_Liam/fish5_roi1/DSH1CAM2					2
Korra_Foundation	20250624_skittlez_Chris_x_Liam	Korra_Foundation/20250624_skittlez_Chris_x_Liam/fish5_roi1/LVScripts					1
Korra_Foundation	20250624_skittlez_Chris_x_Liam	Korra_Foundation/20250624_skittlez_Chris_x_Liam/fish5_roi1/Logs					1
Korra_Foundation	20250624_skittlez_Chris_x_Liam	Korra_Foundation/20250624_skittlez_Chris_x_Liam/fish5_roi1/perf					1
Korra_Foundation	20250624_skittlez_Chris_x_Liam	Korra_Foundation/20250624_skittlez_Chris_x_Liam/fish6_roi1/AF					5
Korra_Foundation	20250624_skittlez_Chris_x_Liam	Korra_Foundation/20250624_skittlez_Chris_x_Liam/fish6_roi1/AFCAM2					1
Korra_Foundation	20250624_skittlez_Chris_x_Liam	Korra_Foundation/20250624_skittlez_Chris_x_Liam/fish6_roi1/DSH1					5
Korra_Foundation	20250624_skittlez_Chris_x_Liam	Korra_Foundation/20250624_skittlez_Chris_x_Liam/fish6_roi1/DSH1CAM2					1
Korra_Foundation	20250624_skittlez_Chris_x_Liam	Korra_Foundation/20250624_skittlez_Chris_x_Liam/fish6_roi1/Logs					1
Korra_Foundation	20250624_skittlez_Chris_x_Liam	Korra_Foundation/20250624_skittlez_Chris_x_Liam/fish6_roi1/perf					1
Korra_Foundation	20250624_skittlez_Chris_x_Liam	Korra_Foundation/20250624_skittlez_Chris_x_Liam/fish6_roi2/AF					5
Korra_Foundation	20250624_skittlez_Chris_x_Liam	Korra_Foundation/20250624_skittlez_Chris_x_Liam/fish6_roi2/AFCAM2					1
Korra_Foundation	20250624_skittlez_Chris_x_Liam	Korra_Foundation/20250624_skittlez_Chris_x_Liam/fish6_roi2/DSH1					5
Korra_Foundation	20250624_skittlez_Chris_x_Liam	Korra_Foundation/20250624_skittlez_Chris_x_Liam/fish6_roi2/DSH1CAM2					1
Korra_Foundation	20250624_skittlez_Chris_x_Liam	Korra_Foundation/20250624_skittlez_Chris_x_Liam/fish6_roi2/Logs					1
Korra_Foundation	20250624_skittlez_Chris_x_Liam	Korra_Foundation/20250624_skittlez_Chris_x_Liam/fish6_roi2/perf					1
Korra_Foundation	20250624_skittlez_Chris_x_Liam	Korra_Foundation/20250624_skittlez_Chris_x_Liam/fish6_roi3/AF					5
Korra_Foundation	20250624_skittlez_Chris_x_Liam	Korra_Foundation/20250624_skittlez_Chris_x_Liam/fish6_roi3/AFCAM2					1
Korra_Foundation	20250624_skittlez_Chris_x_Liam	Korra_Foundation/20250624_skittlez_Chris_x_Liam/fish6_roi3/DSH1					5
Korra_Foundation	20250624_skittlez_Chris_x_Liam	Korra_Foundation/20250624_skittlez_Chris_x_Liam/fish6_roi3/DSH1CAM2					1
Korra_Foundation	20250624_skittlez_Chris_x_Liam	Korra_Foundation/20250624_skittlez_Chris_x_Liam/fish6_roi3/Logs					1
Korra_Foundation	20250624_skittlez_Chris_x_Liam	Korra_Foundation/20250624_skittlez_Chris_x_Liam/fish6_roi3/perf					1
Korra_Foundation	20250624_skittlez_Chris_x_Liam	Korra_Foundation/20250624_skittlez_Chris_x_Liam/fish7_roi1/AF					5
Korra_Foundation	20250624_skittlez_Chris_x_Liam	Korra_Foundation/20250624_skittlez_Chris_x_Liam/fish7_roi1/AFCAM2					1
Korra_Foundation	20250624_skittlez_Chris_x_Liam	Korra_Foundation/20250624_skittlez_Chris_x_Liam/fish7_roi1/DSH1					5
Korra_Foundation	20250624_skittlez_Chris_x_Liam	Korra_Foundation/20250624_skittlez_Chris_x_Liam/fish7_roi1/DSH1CAM2					1
Korra_Foundation	20250624_skittlez_Chris_x_Liam	Korra_Foundation/20250624_skittlez_Chris_x_Liam/fish7_roi1/Logs					1
Korra_Foundation	20250624_skittlez_Chris_x_Liam	Korra_Foundation/20250624_skittlez_Chris_x_Liam/fish7_roi1/perf					1
Korra_Foundation	20250624_skittlez_Chris_x_Liam	Korra_Foundation/20250624_skittlez_Chris_x_Liam/fish7_roi2/AF					5
Korra_Foundation	20250624_skittlez_Chris_x_Liam	Korra_Foundation/20250624_skittlez_Chris_x_Liam/fish7_roi2/AFCAM2					1
Korra_Foundation	20250624_skittlez_Chris_x_Liam	Korra_Foundation/20250624_skittlez_Chris_x_Liam/fish7_roi2/DSH1					5
Korra_Foundation	20250624_skittlez_Chris_x_Liam	Korra_Foundation/20250624_skittlez_Chris_x_Liam/fish7_roi2/DSH1CAM2					1
Korra_Foundation	20250624_skittlez_Chris_x_Liam	Korra_Foundation/20250624_skittlez_Chris_x_Liam/fish7_roi2/Logs					1
Korra_Foundation	20250624_skittlez_Chris_x_Liam	Korra_Foundation/20250624_skittlez_Chris_x_Liam/fish7_roi2/perf					1
Korra_Foundation	20250624_skittlez_Chris_x_Liam	Korra_Foundation/20250624_skittlez_Chris_x_Liam/fish7_roi3/AF					5
Korra_Foundation	20250624_skittlez_Chris_x_Liam	Korra_Foundation/20250624_skittlez_Chris_x_Liam/fish7_roi3/AFCAM2					1
Korra_Foundation	20250624_skittlez_Chris_x_Liam	Korra_Foundation/20250624_skittlez_Chris_x_Liam/fish7_roi3/DSH1					5
Korra_Foundation	20250624_skittlez_Chris_x_Liam	Korra_Foundation/20250624_skittlez_Chris_x_Liam/fish7_roi3/DSH1CAM2					1
Korra_Foundation	20250624_skittlez_Chris_x_Liam	Korra_Foundation/20250624_skittlez_Chris_x_Liam/fish7_roi3/Logs					1
Korra_Foundation	20250624_skittlez_Chris_x_Liam	Korra_Foundation/20250624_skittlez_Chris_x_Liam/fish7_roi3/perf					1
Korra_Foundation	20250624_skittlez_Chris_x_Liam	Korra_Foundation/20250624_skittlez_Chris_x_Liam/fish7_roi4/AF					5
Korra_Foundation	20250624_skittlez_Chris_x_Liam	Korra_Foundation/20250624_skittlez_Chris_x_Liam/fish7_roi4/AFCAM2					1
Korra_Foundation	20250624_skittlez_Chris_x_Liam	Korra_Foundation/20250624_skittlez_Chris_x_Liam/fish7_roi4/DSH1					5
Korra_Foundation	20250624_skittlez_Chris_x_Liam	Korra_Foundation/20250624_skittlez_Chris_x_Liam/fish7_roi4/DSH1CAM2					1
Korra_Foundation	20250624_skittlez_Chris_x_Liam	Korra_Foundation/20250624_skittlez_Chris_x_Liam/fish7_roi4/Logs					1
Korra_Foundation	20250624_skittlez_Chris_x_Liam	Korra_Foundation/20250624_skittlez_Chris_x_Liam/fish7_roi4/perf					1
Korra_Foundation	20250624_skittlez_Issac_x_Ken	Korra_Foundation/20250624_skittlez_Issac_x_Ken/fish1_roi1/AF					5
Korra_Foundation	20250624_skittlez_Issac_x_Ken	Korra_Foundation/20250624_skittlez_Issac_x_Ken/fish1_roi1/AFCAM2					1
Korra_Foundation	20250624_skittlez_Issac_x_Ken	Korra_Foundation/20250624_skittlez_Issac_x_Ken/fish1_roi1/DSH1					5
Korra_Foundation	20250624_skittlez_Issac_x_Ken	Korra_Foundation/20250624_skittlez_Issac_x_Ken/fish1_roi1/DSH1CAM2					1
Korra_Foundation	20250624_skittlez_Issac_x_Ken	Korra_Foundation/20250624_skittlez_Issac_x_Ken/fish1_roi1/LVScripts					1
Korra_Foundation	20250624_skittlez_Issac_x_Ken	Korra_Foundation/20250624_skittlez_Issac_x_Ken/fish1_roi1/Logs					1
Korra_Foundation	20250624_skittlez_Issac_x_Ken	Korra_Foundation/20250624_skittlez_Issac_x_Ken/fish1_roi1/perf					1
Korra_Foundation	20250624_skittlez_Issac_x_Ken	Korra_Foundation/20250624_skittlez_Issac_x_Ken/fish2_roi1/AF					5
Korra_Foundation	20250624_skittlez_Issac_x_Ken	Korra_Foundation/20250624_skittlez_Issac_x_Ken/fish2_roi1/AFCAM2					1
Korra_Foundation	20250624_skittlez_Issac_x_Ken	Korra_Foundation/20250624_skittlez_Issac_x_Ken/fish2_roi1/DSH1					5
Korra_Foundation	20250624_skittlez_Issac_x_Ken	Korra_Foundation/20250624_skittlez_Issac_x_Ken/fish2_roi1/DSH1CAM2					1
Korra_Foundation	20250624_skittlez_Issac_x_Ken	Korra_Foundation/20250624_skittlez_Issac_x_Ken/fish2_roi1/Logs					1
Korra_Foundation	20250624_skittlez_Issac_x_Ken	Korra_Foundation/20250624_skittlez_Issac_x_Ken/fish2_roi1/perf					1
Korra_Foundation	20250624_skittlez_Issac_x_Ken	Korra_Foundation/20250624_skittlez_Issac_x_Ken/fish2_roi2/AF					5
Korra_Foundation	20250624_skittlez_Issac_x_Ken	Korra_Foundation/20250624_skittlez_Issac_x_Ken/fish2_roi2/AFCAM2					1
Korra_Foundation	20250624_skittlez_Issac_x_Ken	Korra_Foundation/20250624_skittlez_Issac_x_Ken/fish2_roi2/DSH1					5
Korra_Foundation	20250624_skittlez_Issac_x_Ken	Korra_Foundation/20250624_skittlez_Issac_x_Ken/fish2_roi2/DSH1CAM2					1
Korra_Foundation	20250624_skittlez_Issac_x_Ken	Korra_Foundation/20250624_skittlez_Issac_x_Ken/fish2_roi2/Logs					1
Korra_Foundation	20250624_skittlez_Issac_x_Ken	Korra_Foundation/20250624_skittlez_Issac_x_Ken/fish2_roi2/perf					1
Korra_Foundation	20250624_skittlez_Issac_x_Ken	Korra_Foundation/20250624_skittlez_Issac_x_Ken/fish3_roi1/AF					5
Korra_Foundation	20250624_skittlez_Issac_x_Ken	Korra_Foundation/20250624_skittlez_Issac_x_Ken/fish3_roi1/AFCAM2					1
Korra_Foundation	20250624_skittlez_Issac_x_Ken	Korra_Foundation/20250624_skittlez_Issac_x_Ken/fish3_roi1/DSH1					5
Korra_Foundation	20250624_skittlez_Issac_x_Ken	Korra_Foundation/20250624_skittlez_Issac_x_Ken/fish3_roi1/DSH1CAM2					1
Korra_Foundation	20250624_skittlez_Issac_x_Ken	Korra_Foundation/20250624_skittlez_Issac_x_Ken/fish3_roi1/Logs					1
Korra_Foundation	20250624_skittlez_Issac_x_Ken	Korra_Foundation/20250624_skittlez_Issac_x_Ken/fish3_roi1/perf					1
Korra_Foundation	20250624_skittlez_Issac_x_Ken	Korra_Foundation/20250624_skittlez_Issac_x_Ken/fish4_roi1/AF					5
Korra_Foundation	20250624_skittlez_Issac_x_Ken	Korra_Foundation/20250624_skittlez_Issac_x_Ken/fish4_roi1/AFCAM2					1
Korra_Foundation	20250624_skittlez_Issac_x_Ken	Korra_Foundation/20250624_skittlez_Issac_x_Ken/fish4_roi1/DSH1					5
Korra_Foundation	20250624_skittlez_Issac_x_Ken	Korra_Foundation/20250624_skittlez_Issac_x_Ken/fish4_roi1/DSH1CAM2					1
Korra_Foundation	20250624_skittlez_Issac_x_Ken	Korra_Foundation/20250624_skittlez_Issac_x_Ken/fish4_roi1/Logs					1
Korra_Foundation	20250624_skittlez_Issac_x_Ken	Korra_Foundation/20250624_skittlez_Issac_x_Ken/fish4_roi1/perf					1
Korra_Foundation	20250625_skittlez	Korra_Foundation/20250625_skittlez/fish1_roi1/AF					5
Korra_Foundation	20250625_skittlez	Korra_Foundation/20250625_skittlez/fish1_roi1/AFCAM2					1
Korra_Foundation	20250625_skittlez	Korra_Foundation/20250625_skittlez/fish1_roi1/DSH1					5
Korra_Foundation	20250625_skittlez	Korra_Foundation/20250625_skittlez/fish1_roi1/DSH1CAM2					1
Korra_Foundation	20250625_skittlez	Korra_Foundation/20250625_skittlez/fish1_roi1/LVScripts					1
Korra_Foundation	20250625_skittlez	Korra_Foundation/20250625_skittlez/fish1_roi1/Logs					1
Korra_Foundation	20250625_skittlez	Korra_Foundation/20250625_skittlez/fish1_roi1/perf					1
Korra_Foundation	20250625_skittlez	Korra_Foundation/20250625_skittlez/fish1_roi2/AF					5
Korra_Foundation	20250625_skittlez	Korra_Foundation/20250625_skittlez/fish1_roi2/AFCAM2					1
Korra_Foundation	20250625_skittlez	Korra_Foundation/20250625_skittlez/fish1_roi2/DSH1					5
Korra_Foundation	20250625_skittlez	Korra_Foundation/20250625_skittlez/fish1_roi2/DSH1CAM2					1
Korra_Foundation	20250625_skittlez	Korra_Foundation/20250625_skittlez/fish1_roi2/Logs					1
Korra_Foundation	20250625_skittlez	Korra_Foundation/20250625_skittlez/fish1_roi2/perf					1
Korra_Foundation	20250625_skittlez	Korra_Foundation/20250625_skittlez/fish3_roi1/AF					5
Korra_Foundation	20250625_skittlez	Korra_Foundation/20250625_skittlez/fish3_roi1/AFCAM2					1
Korra_Foundation	20250625_skittlez	Korra_Foundation/20250625_skittlez/fish3_roi1/DSH1					5
Korra_Foundation	20250625_skittlez	Korra_Foundation/20250625_skittlez/fish3_roi1/DSH1CAM2					1
Korra_Foundation	20250625_skittlez	Korra_Foundation/20250625_skittlez/fish3_roi1/Logs					1
Korra_Foundation	20250625_skittlez	Korra_Foundation/20250625_skittlez/fish3_roi1/perf					1
Korra_Foundation	20250625_skittlez	Korra_Foundation/20250625_skittlez/fish4_roi1/AF					5
Korra_Foundation	20250625_skittlez	Korra_Foundation/20250625_skittlez/fish4_roi1/AFCAM2					1
Korra_Foundation	20250625_skittlez	Korra_Foundation/20250625_skittlez/fish4_roi1/DSH1					5
Korra_Foundation	20250625_skittlez	Korra_Foundation/20250625_skittlez/fish4_roi1/DSH1CAM2					1
Korra_Foundation	20250625_skittlez	Korra_Foundation/20250625_skittlez/fish4_roi1/Logs					1
Korra_Foundation	20250625_skittlez	Korra_Foundation/20250625_skittlez/fish4_roi1/perf					1
Korra_Foundation	20250625_skittlez	Korra_Foundation/20250625_skittlez/fish5_roi1/AF					5
Korra_Foundation	20250625_skittlez	Korra_Foundation/20250625_skittlez/fish5_roi1/AFCAM2					1
Korra_Foundation	20250625_skittlez	Korra_Foundation/20250625_skittlez/fish5_roi1/DSH1					5
Korra_Foundation	20250625_skittlez	Korra_Foundation/20250625_skittlez/fish5_roi1/DSH1CAM2					1
Korra_Foundation	20250625_skittlez	Korra_Foundation/20250625_skittlez/fish5_roi1/Logs					1
Korra_Foundation	20250625_skittlez	Korra_Foundation/20250625_skittlez/fish5_roi1/perf					1
Korra_Foundation	20250625_skittlez	Korra_Foundation/20250625_skittlez/fish5_roi2/AF					5
Korra_Foundation	20250625_skittlez	Korra_Foundation/20250625_skittlez/fish5_roi2/AFCAM2					1
Korra_Foundation	20250625_skittlez	Korra_Foundation/20250625_skittlez/fish5_roi2/DSH1					5
Korra_Foundation	20250625_skittlez	Korra_Foundation/20250625_skittlez/fish5_roi2/DSH1CAM2					1
Korra_Foundation	20250625_skittlez	Korra_Foundation/20250625_skittlez/fish5_roi2/Logs					1
Korra_Foundation	20250625_skittlez	Korra_Foundation/20250625_skittlez/fish5_roi2/perf					1
Korra_Foundation	20250625_skittlez	Korra_Foundation/20250625_skittlez/fish7_roi1/AF					5
Korra_Foundation	20250625_skittlez	Korra_Foundation/20250625_skittlez/fish7_roi1/AFCAM2					1
Korra_Foundation	20250625_skittlez	Korra_Foundation/20250625_skittlez/fish7_roi1/DSH1					5
Korra_Foundation	20250625_skittlez	Korra_Foundation/20250625_skittlez/fish7_roi1/DSH1CAM2					1
Korra_Foundation	20250625_skittlez	Korra_Foundation/20250625_skittlez/fish7_roi1/Logs					1
Korra_Foundation	20250625_skittlez	Korra_Foundation/20250625_skittlez/fish7_roi1/perf					1
Korra_Foundation	20250625_skittlez	Korra_Foundation/20250625_skittlez/fish8_roi1/AF					5
Korra_Foundation	20250625_skittlez	Korra_Foundation/20250625_skittlez/fish8_roi1/AFCAM2					1
Korra_Foundation	20250625_skittlez	Korra_Foundation/20250625_skittlez/fish8_roi1/DSH1					5
Korra_Foundation	20250625_skittlez	Korra_Foundation/20250625_skittlez/fish8_roi1/DSH1CAM2					1
Korra_Foundation	20250625_skittlez	Korra_Foundation/20250625_skittlez/fish8_roi1/Logs					1
Korra_Foundation	20250625_skittlez	Korra_Foundation/20250625_skittlez/fish8_roi1/perf					1
Korra_Foundation	20250625_skittlez	Korra_Foundation/20250625_skittlez/fish8_roi2/AF					5
Korra_Foundation	20250625_skittlez	Korra_Foundation/20250625_skittlez/fish8_roi2/AFCAM2					1
Korra_Foundation	20250625_skittlez	Korra_Foundation/20250625_skittlez/fish8_roi2/DSH1					5
Korra_Foundation	20250625_skittlez	Korra_Foundation/20250625_skittlez/fish8_roi2/DSH1CAM2					1
Korra_Foundation	20250625_skittlez	Korra_Foundation/20250625_skittlez/fish8_roi2/Logs					1
Korra_Foundation	20250625_skittlez	Korra_Foundation/20250625_skittlez/fish8_roi2/perf					1
Korra_Foundation	20250625_skittlez	Korra_Foundation/20250625_skittlez/fish9_roi1/AF					5
Korra_Foundation	20250625_skittlez	Korra_Foundation/20250625_skittlez/fish9_roi1/AFCAM2					1
Korra_Foundation	20250625_skittlez	Korra_Foundation/20250625_skittlez/fish9_roi1/DSH1					5
Korra_Foundation	20250625_skittlez	Korra_Foundation/20250625_skittlez/fish9_roi1/DSH1CAM2					1
Korra_Foundation	20250625_skittlez	Korra_Foundation/20250625_skittlez/fish9_roi1/Logs					1
Korra_Foundation	20250625_skittlez	Korra_Foundation/20250625_skittlez/fish9_roi1/perf					1
Korra_Foundation	20250626_mem-histone	Korra_Foundation/20250626_mem-histone/fish1_48hpf_brain/AF					5
Korra_Foundation	20250626_mem-histone	Korra_Foundation/20250626_mem-histone/fish1_48hpf_brain/AFCAM2					1
Korra_Foundation	20250626_mem-histone	Korra_Foundation/20250626_mem-histone/fish1_48hpf_brain/DSH1					5
Korra_Foundation	20250626_mem-histone	Korra_Foundation/20250626_mem-histone/fish1_48hpf_brain/DSH1CAM2					1
Korra_Foundation	20250626_mem-histone	Korra_Foundation/20250626_mem-histone/fish1_48hpf_brain/LVScripts					1
Korra_Foundation	20250626_mem-histone	Korra_Foundation/20250626_mem-histone/fish1_48hpf_brain/Logs					1
Korra_Foundation	20250626_mem-histone	Korra_Foundation/20250626_mem-histone/fish1_48hpf_brain/job_logs					1
Korra_Foundation	20250626_mem-histone	Korra_Foundation/20250626_mem-histone/fish1_48hpf_brain/perf					1
Korra_Foundation	20250626_mem-histone	Korra_Foundation/20250626_mem-histone/fish1_48hpf_brain/tmp					1
Korra_Foundation	20250626_mem-histone	Korra_Foundation/20250626_mem-histone/fish3_48hpf_hindbrain-to-tail/AF					5
Korra_Foundation	20250626_mem-histone	Korra_Foundation/20250626_mem-histone/fish3_48hpf_hindbrain-to-tail/AFCAM2					1
Korra_Foundation	20250626_mem-histone	Korra_Foundation/20250626_mem-histone/fish3_48hpf_hindbrain-to-tail/DSH1					5
Korra_Foundation	20250626_mem-histone	Korra_Foundation/20250626_mem-histone/fish3_48hpf_hindbrain-to-tail/DSH1CAM2					1
Korra_Foundation	20250626_mem-histone	Korra_Foundation/20250626_mem-histone/fish3_48hpf_hindbrain-to-tail/LVScripts					1
Korra_Foundation	20250626_mem-histone	Korra_Foundation/20250626_mem-histone/fish3_48hpf_hindbrain-to-tail/Logs					1
Korra_Foundation	20250626_mem-histone	Korra_Foundation/20250626_mem-histone/fish3_48hpf_hindbrain-to-tail/job_logs					1
Korra_Foundation	20250626_mem-histone	Korra_Foundation/20250626_mem-histone/fish3_48hpf_hindbrain-to-tail/perf					1
Korra_Foundation	20250626_mem-histone	Korra_Foundation/20250626_mem-histone/fish3_48hpf_hindbrain-to-tail/tmp					1
Korra_Foundation	20250627_skittlez	Korra_Foundation/20250627_skittlez/fish10_roi1/AF					5
Korra_Foundation	20250627_skittlez	Korra_Foundation/20250627_skittlez/fish10_roi1/AFCAM2					1
Korra_Foundation	20250627_skittlez	Korra_Foundation/20250627_skittlez/fish10_roi1/DSH1					5
Korra_Foundation	20250627_skittlez	Korra_Foundation/20250627_skittlez/fish10_roi1/DSH1CAM2					1
Korra_Foundation	20250627_skittlez	Korra_Foundation/20250627_skittlez/fish10_roi1/Logs					1
Korra_Foundation	20250627_skittlez	Korra_Foundation/20250627_skittlez/fish10_roi1/perf					1
Korra_Foundation	20250627_skittlez	Korra_Foundation/20250627_skittlez/fish1_roi1/AF					5
Korra_Foundation	20250627_skittlez	Korra_Foundation/20250627_skittlez/fish1_roi1/AFCAM2					1
Korra_Foundation	20250627_skittlez	Korra_Foundation/20250627_skittlez/fish1_roi1/DSH1					5
Korra_Foundation	20250627_skittlez	Korra_Foundation/20250627_skittlez/fish1_roi1/DSH1CAM2					1
Korra_Foundation	20250627_skittlez	Korra_Foundation/20250627_skittlez/fish1_roi1/LVScripts					1
Korra_Foundation	20250627_skittlez	Korra_Foundation/20250627_skittlez/fish1_roi1/Logs					1
Korra_Foundation	20250627_skittlez	Korra_Foundation/20250627_skittlez/fish1_roi1/perf					1
Korra_Foundation	20250627_skittlez	Korra_Foundation/20250627_skittlez/fish1_roi2/AF					5
Korra_Foundation	20250627_skittlez	Korra_Foundation/20250627_skittlez/fish1_roi2/AFCAM2					1
Korra_Foundation	20250627_skittlez	Korra_Foundation/20250627_skittlez/fish1_roi2/DSH1					5
Korra_Foundation	20250627_skittlez	Korra_Foundation/20250627_skittlez/fish1_roi2/DSH1CAM2					1
Korra_Foundation	20250627_skittlez	Korra_Foundation/20250627_skittlez/fish1_roi2/Logs					1
Korra_Foundation	20250627_skittlez	Korra_Foundation/20250627_skittlez/fish1_roi2/perf					1
Korra_Foundation	20250627_skittlez	Korra_Foundation/20250627_skittlez/fish1_roi3/AF					5
Korra_Foundation	20250627_skittlez	Korra_Foundation/20250627_skittlez/fish1_roi3/AFCAM2					1
Korra_Foundation	20250627_skittlez	Korra_Foundation/20250627_skittlez/fish1_roi3/DSH1					5
Korra_Foundation	20250627_skittlez	Korra_Foundation/20250627_skittlez/fish1_roi3/DSH1CAM2					1
Korra_Foundation	20250627_skittlez	Korra_Foundation/20250627_skittlez/fish1_roi3/Logs					1
Korra_Foundation	20250627_skittlez	Korra_Foundation/20250627_skittlez/fish1_roi3/perf					1
Korra_Foundation	20250627_skittlez	Korra_Foundation/20250627_skittlez/fish2_roi1/AF					5
Korra_Foundation	20250627_skittlez	Korra_Foundation/20250627_skittlez/fish2_roi1/AFCAM2					1
Korra_Foundation	20250627_skittlez	Korra_Foundation/20250627_skittlez/fish2_roi1/DSH1					5
Korra_Foundation	20250627_skittlez	Korra_Foundation/20250627_skittlez/fish2_roi1/DSH1CAM2					1
Korra_Foundation	20250627_skittlez	Korra_Foundation/20250627_skittlez/fish2_roi1/Logs					1
Korra_Foundation	20250627_skittlez	Korra_Foundation/20250627_skittlez/fish2_roi1/perf					1
Korra_Foundation	20250627_skittlez	Korra_Foundation/20250627_skittlez/fish3_roi1/AF					5
Korra_Foundation	20250627_skittlez	Korra_Foundation/20250627_skittlez/fish3_roi1/AFCAM2					1
Korra_Foundation	20250627_skittlez	Korra_Foundation/20250627_skittlez/fish3_roi1/DSH1					5
Korra_Foundation	20250627_skittlez	Korra_Foundation/20250627_skittlez/fish3_roi1/DSH1CAM2					1
Korra_Foundation	20250627_skittlez	Korra_Foundation/20250627_skittlez/fish3_roi1/Logs					1
Korra_Foundation	20250627_skittlez	Korra_Foundation/20250627_skittlez/fish3_roi1/perf					1
Korra_Foundation	20250627_skittlez	Korra_Foundation/20250627_skittlez/fish4_roi1/AF					5
Korra_Foundation	20250627_skittlez	Korra_Foundation/20250627_skittlez/fish4_roi1/AFCAM2					1
Korra_Foundation	20250627_skittlez	Korra_Foundation/20250627_skittlez/fish4_roi1/DSH1					5
Korra_Foundation	20250627_skittlez	Korra_Foundation/20250627_skittlez/fish4_roi1/DSH1CAM2					1
Korra_Foundation	20250627_skittlez	Korra_Foundation/20250627_skittlez/fish4_roi1/Logs					1
Korra_Foundation	20250627_skittlez	Korra_Foundation/20250627_skittlez/fish4_roi1/perf					1
Korra_Foundation	20250627_skittlez	Korra_Foundation/20250627_skittlez/fish4_roi2/AF					5
Korra_Foundation	20250627_skittlez	Korra_Foundation/20250627_skittlez/fish4_roi2/AFCAM2					1
Korra_Foundation	20250627_skittlez	Korra_Foundation/20250627_skittlez/fish4_roi2/DSH1					5
Korra_Foundation	20250627_skittlez	Korra_Foundation/20250627_skittlez/fish4_roi2/DSH1CAM2					1
Korra_Foundation	20250627_skittlez	Korra_Foundation/20250627_skittlez/fish4_roi2/Logs					1
Korra_Foundation	20250627_skittlez	Korra_Foundation/20250627_skittlez/fish4_roi2/perf					1
Korra_Foundation	20250627_skittlez	Korra_Foundation/20250627_skittlez/fish5_roi1/AF					5
Korra_Foundation	20250627_skittlez	Korra_Foundation/20250627_skittlez/fish5_roi1/AFCAM2					1
Korra_Foundation	20250627_skittlez	Korra_Foundation/20250627_skittlez/fish5_roi1/DSH1					5
Korra_Foundation	20250627_skittlez	Korra_Foundation/20250627_skittlez/fish5_roi1/DSH1CAM2					1
Korra_Foundation	20250627_skittlez	Korra_Foundation/20250627_skittlez/fish5_roi1/Logs					1
Korra_Foundation	20250627_skittlez	Korra_Foundation/20250627_skittlez/fish5_roi1/perf					1
Korra_Foundation	20250627_skittlez	Korra_Foundation/20250627_skittlez/fish7_roi1/AF					5
Korra_Foundation	20250627_skittlez	Korra_Foundation/20250627_skittlez/fish7_roi1/AFCAM2					1
Korra_Foundation	20250627_skittlez	Korra_Foundation/20250627_skittlez/fish7_roi1/DSH1					5
Korra_Foundation	20250627_skittlez	Korra_Foundation/20250627_skittlez/fish7_roi1/DSH1CAM2					1
Korra_Foundation	20250627_skittlez	Korra_Foundation/20250627_skittlez/fish7_roi1/Logs					1
Korra_Foundation	20250627_skittlez	Korra_Foundation/20250627_skittlez/fish7_roi1/perf					1
Korra_Foundation	20250627_skittlez	Korra_Foundation/20250627_skittlez/fish8_roi1/AF					5
Korra_Foundation	20250627_skittlez	Korra_Foundation/20250627_skittlez/fish8_roi1/AFCAM2					1
Korra_Foundation	20250627_skittlez	Korra_Foundation/20250627_skittlez/fish8_roi1/DSH1					5
Korra_Foundation	20250627_skittlez	Korra_Foundation/20250627_skittlez/fish8_roi1/DSH1CAM2					1
Korra_Foundation	20250627_skittlez	Korra_Foundation/20250627_skittlez/fish8_roi1/Logs					1
Korra_Foundation	20250627_skittlez	Korra_Foundation/20250627_skittlez/fish8_roi1/perf					1
Korra_Foundation	20250627_skittlez	Korra_Foundation/20250627_skittlez/fish9_roi1/AF					5
Korra_Foundation	20250627_skittlez	Korra_Foundation/20250627_skittlez/fish9_roi1/AFCAM2					1
Korra_Foundation	20250627_skittlez	Korra_Foundation/20250627_skittlez/fish9_roi1/DSH1					5
Korra_Foundation	20250627_skittlez	Korra_Foundation/20250627_skittlez/fish9_roi1/DSH1CAM2					1
Korra_Foundation	20250627_skittlez	Korra_Foundation/20250627_skittlez/fish9_roi1/Logs					1
Korra_Foundation	20250627_skittlez	Korra_Foundation/20250627_skittlez/fish9_roi1/perf					1
Korra_Foundation	20250715_mem_organelle	Korra_Foundation/20250715_mem_organelle/fish1_mem_sg_mito_msc3/roi1					16
Korra_Foundation	20250715_mem_organelle	Korra_Foundation/20250715_mem_organelle/fish1_mem_sg_mito_msc3/roi2					16
Korra_Foundation	20250715_mem_organelle	Korra_Foundation/20250715_mem_organelle/fish2_24hpf_mem_mito_msc3_er_halo/roi1_eye					16
Korra_Foundation	20250715_mem_organelle	Korra_Foundation/20250715_mem_organelle/fish3_24hpf_mem_mito_msc3_er_halo/roi1					16
Korra_Foundation	20250715_mem_organelle	Korra_Foundation/20250715_mem_organelle/fish3_24hpf_mem_mito_msc3_er_halo/roi2					15
Korra_Foundation	20250715_mem_organelle	Korra_Foundation/20250715_mem_organelle/fish4_24hpf_mem_mito_msc3_er_halo/roi1					15
Korra_Foundation	20250715_mem_organelle	Korra_Foundation/20250715_mem_organelle/fish4_24hpf_mem_mito_msc3_er_halo/roi2					15
Korra_Foundation	20250715_mem_organelle	Korra_Foundation/20250715_mem_organelle/fish4_24hpf_mem_mito_msc3_er_halo/roi3					15
Korra_Foundation	20250715_mem_organelle	Korra_Foundation/20250715_mem_organelle/fish5_48hpf_mem_mito_halo_er_msc2/roi1					16
Korra_Foundation	20250715_mem_organelle	Korra_Foundation/20250715_mem_organelle/fish5_48hpf_mem_mito_halo_er_msc2/roi2					18
Korra_Foundation	20250715_mem_organelle	Korra_Foundation/20250715_mem_organelle/fish5_48hpf_mem_mito_halo_er_msc2/roi3					15
Korra_Foundation	20250715_mem_organelle	Korra_Foundation/20250715_mem_organelle/fish5_48hpf_mem_mito_halo_er_msc2/roi4					15
Korra_Foundation	20250715_mem_organelle	Korra_Foundation/20250715_mem_organelle/fish6_48hpf_mem_mito_halo_er_msc2/roi1					16
Korra_Foundation	20250715_mem_organelle	Korra_Foundation/20250715_mem_organelle/fish6_48hpf_mem_mito_halo_er_msc2/roi2					17
Korra_Foundation	20250715_mem_organelle	Korra_Foundation/20250715_mem_organelle/fish6_48hpf_mem_mito_halo_er_msc2/roi3					15
Korra_Foundation	20250715_mem_organelle	Korra_Foundation/20250715_mem_organelle/fish6_48hpf_mem_mito_halo_er_msc2/roi4					15
Korra_Foundation	20250715_mem_organelle	Korra_Foundation/20250715_mem_organelle/fish6_48hpf_mem_mito_halo_er_msc2/roi5					15
Korra_Foundation	20250715_mem_organelle	Korra_Foundation/20250715_mem_organelle/fish7_48hpf_mem_mito_halo_er_msc2/roi1					15
Korra_Foundation	20250715_mem_organelle	Korra_Foundation/20250715_mem_organelle/fish8_72hpf_mem_mito_msc3_er_halo/roi1					16
Korra_Foundation	20250715_mem_organelle	Korra_Foundation/20250715_mem_organelle/fish8_72hpf_mem_mito_msc3_er_halo/roi2					15
Korra_Foundation	20250715_mem_organelle	Korra_Foundation/20250715_mem_organelle/fish8_72hpf_mem_mito_msc3_er_halo/roi3					15
Korra_Foundation	20250718_histone_mSC3_transgenic_test	Korra_Foundation/20250718_histone_mSC3_transgenic_test/fish1/LVScripts					1
Korra_Foundation	20250718_histone_mSC3_transgenic_test	Korra_Foundation/20250718_histone_mSC3_transgenic_test/fish1/Logs					1
Korra_Foundation	20250718_histone_mSC3_transgenic_test	Korra_Foundation/20250718_histone_mSC3_transgenic_test/fish1/perf					1
Korra_Foundation	20250718_histone_mSC3_transgenic_test	Korra_Foundation/20250718_histone_mSC3_transgenic_test/fish2/LVScripts					1
Korra_Foundation	20250718_histone_mSC3_transgenic_test	Korra_Foundation/20250718_histone_mSC3_transgenic_test/fish2/Logs					1
Korra_Foundation	20250718_histone_mSC3_transgenic_test	Korra_Foundation/20250718_histone_mSC3_transgenic_test/fish2/perf					1
Korra_Foundation	20250718_histone_mSC3_transgenic_test	Korra_Foundation/20250718_histone_mSC3_transgenic_test/fish3/LVScripts					1
Korra_Foundation	20250718_histone_mSC3_transgenic_test	Korra_Foundation/20250718_histone_mSC3_transgenic_test/fish3/Logs					1
Korra_Foundation	20250718_histone_mSC3_transgenic_test	Korra_Foundation/20250718_histone_mSC3_transgenic_test/fish3/perf					1
Korra_Foundation	20250723_mem-halo_ER-mSG	Korra_Foundation/20250723_mem-halo_ER-mSG/fish3_48hpf/roi1_mb				.zarr	29
Korra_Foundation	20250723_mem-halo_ER-mSG	Korra_Foundation/20250723_mem-halo_ER-mSG/fish3_48hpf/roi2				.zarr	22
Korra_Foundation	20250723_mem-halo_ER-mSG	Korra_Foundation/20250723_mem-halo_ER-mSG/fish3_48hpf/roi3				.zarr	22
Korra_Foundation	20250723_mem-halo_ER-mSG	Korra_Foundation/20250723_mem-halo_ER-mSG/fish3_48hpf/roi4				.zarr	21
Korra_Foundation	20250723_mem-halo_ER-mSG	Korra_Foundation/20250723_mem-halo_ER-mSG/fish3_48hpf/roi5				.zarr	21
Korra_Foundation	20250723_mem-halo_ER-mSG	Korra_Foundation/20250723_mem-halo_ER-mSG/fish3_48hpf/roi6				.zarr	21
Korra_Foundation	20250724_mem-mchilada_er-mSG	Korra_Foundation/20250724_mem-mchilada_er-mSG/fish1_24hpf/roi1				.zarr	24
Korra_Foundation	20250724_mem-mchilada_er-mSG	Korra_Foundation/20250724_mem-mchilada_er-mSG/fish1_24hpf/roi1_2				.zarr	24
Korra_Foundation	20250724_mem-mchilada_er-mSG	Korra_Foundation/20250724_mem-mchilada_er-mSG/fish1_24hpf/roi1_3				.zarr	22
Korra_Foundation	20250724_mem-mchilada_er-mSG	Korra_Foundation/20250724_mem-mchilada_er-mSG/fish1_24hpf/roi2				.zarr	23
Korra_Foundation	20250728_mem-histone	Korra_Foundation/20250728_mem-histone/fish1_roi1/AF					5
Korra_Foundation	20250728_mem-histone	Korra_Foundation/20250728_mem-histone/fish1_roi1/AFCAM2					1
Korra_Foundation	20250728_mem-histone	Korra_Foundation/20250728_mem-histone/fish1_roi1/DSH1					5
Korra_Foundation	20250728_mem-histone	Korra_Foundation/20250728_mem-histone/fish1_roi1/DSH1CAM2					1
Korra_Foundation	20250728_mem-histone	Korra_Foundation/20250728_mem-histone/fish1_roi1/LVScripts					1
Korra_Foundation	20250728_mem-histone	Korra_Foundation/20250728_mem-histone/fish1_roi1/Logs					1
Korra_Foundation	20250728_mem-histone	Korra_Foundation/20250728_mem-histone/fish1_roi1/perf					1
Korra_Foundation	20250728_mem-histone	Korra_Foundation/20250728_mem-histone/fish1_roi1/tmp					3
Korra_Foundation	20250728_mem-histone	Korra_Foundation/20250728_mem-histone/fish1_roi2/AF					5
Korra_Foundation	20250728_mem-histone	Korra_Foundation/20250728_mem-histone/fish1_roi2/AFCAM2					1
Korra_Foundation	20250728_mem-histone	Korra_Foundation/20250728_mem-histone/fish1_roi2/DSH1					5
Korra_Foundation	20250728_mem-histone	Korra_Foundation/20250728_mem-histone/fish1_roi2/DSH1CAM2					1
Korra_Foundation	20250728_mem-histone	Korra_Foundation/20250728_mem-histone/fish1_roi2/LVScripts					1
Korra_Foundation	20250728_mem-histone	Korra_Foundation/20250728_mem-histone/fish1_roi2/Logs					1
Korra_Foundation	20250728_mem-histone	Korra_Foundation/20250728_mem-histone/fish1_roi2/perf					1
Korra_Foundation	20250728_mem-histone	Korra_Foundation/20250728_mem-histone/fish1_roi2/tmp					1
Korra_Foundation	20250801_mem-PCNA	Korra_Foundation/20250801_mem-PCNA/fish1_roi1/AF					5
Korra_Foundation	20250801_mem-PCNA	Korra_Foundation/20250801_mem-PCNA/fish1_roi1/AFCAM2					1
Korra_Foundation	20250801_mem-PCNA	Korra_Foundation/20250801_mem-PCNA/fish1_roi1/DSH1					5
Korra_Foundation	20250801_mem-PCNA	Korra_Foundation/20250801_mem-PCNA/fish1_roi1/DSH1CAM2					1
Korra_Foundation	20250801_mem-PCNA	Korra_Foundation/20250801_mem-PCNA/fish1_roi1/LVScripts					1
Korra_Foundation	20250801_mem-PCNA	Korra_Foundation/20250801_mem-PCNA/fish1_roi1/Logs					1
Korra_Foundation	20250801_mem-PCNA	Korra_Foundation/20250801_mem-PCNA/fish1_roi1/perf					1
Korra_Foundation	20250801_mem-PCNA	Korra_Foundation/20250801_mem-PCNA/fish1_roi1/tmp					1
Korra_Foundation	20250801_mem-PCNA	Korra_Foundation/20250801_mem-PCNA/fish2_roi1/AF					5
Korra_Foundation	20250801_mem-PCNA	Korra_Foundation/20250801_mem-PCNA/fish2_roi1/AFCAM2					1
Korra_Foundation	20250801_mem-PCNA	Korra_Foundation/20250801_mem-PCNA/fish2_roi1/Chromatic_Shift_Corrected				.zarr	3323
Korra_Foundation	20250801_mem-PCNA	Korra_Foundation/20250801_mem-PCNA/fish2_roi1/DSH1					5
Korra_Foundation	20250801_mem-PCNA	Korra_Foundation/20250801_mem-PCNA/fish2_roi1/DSH1CAM2					1
Korra_Foundation	20250801_mem-PCNA	Korra_Foundation/20250801_mem-PCNA/fish2_roi1/LVScripts					1
Korra_Foundation	20250801_mem-PCNA	Korra_Foundation/20250801_mem-PCNA/fish2_roi1/Logs					1
Korra_Foundation	20250801_mem-PCNA	Korra_Foundation/20250801_mem-PCNA/fish2_roi1/perf					1
Korra_Foundation	20250801_mem-PCNA	Korra_Foundation/20250801_mem-PCNA/fish2_roi1/tmp					1
Korra_Foundation	20250801_mem-PCNA	Korra_Foundation/20250801_mem-PCNA/fish3_72hpf_roi1/AF					5
Korra_Foundation	20250801_mem-PCNA	Korra_Foundation/20250801_mem-PCNA/fish3_72hpf_roi1/AFCAM2					1
Korra_Foundation	20250801_mem-PCNA	Korra_Foundation/20250801_mem-PCNA/fish3_72hpf_roi1/DSH1					5
Korra_Foundation	20250801_mem-PCNA	Korra_Foundation/20250801_mem-PCNA/fish3_72hpf_roi1/DSH1CAM2					1
Korra_Foundation	20250801_mem-PCNA	Korra_Foundation/20250801_mem-PCNA/fish3_72hpf_roi1/LVScripts					1
Korra_Foundation	20250801_mem-PCNA	Korra_Foundation/20250801_mem-PCNA/fish3_72hpf_roi1/Logs					1
Korra_Foundation	20250801_mem-PCNA	Korra_Foundation/20250801_mem-PCNA/fish3_72hpf_roi1/perf					1
Korra_Foundation	20250801_mem-PCNA	Korra_Foundation/20250801_mem-PCNA/fish3_72hpf_roi1/tmp					1
Korra_Foundation	20250801_mem-histone	Korra_Foundation/20250801_mem-histone/fish1_roi1/AF					5
Korra_Foundation	20250801_mem-histone	Korra_Foundation/20250801_mem-histone/fish1_roi1/AFCAM2					1
Korra_Foundation	20250801_mem-histone	Korra_Foundation/20250801_mem-histone/fish1_roi1/DSH1					5
Korra_Foundation	20250801_mem-histone	Korra_Foundation/20250801_mem-histone/fish1_roi1/DSH1CAM2					1
Korra_Foundation	20250801_mem-histone	Korra_Foundation/20250801_mem-histone/fish1_roi1/LVScripts					1
Korra_Foundation	20250801_mem-histone	Korra_Foundation/20250801_mem-histone/fish1_roi1/Logs					1
Korra_Foundation	20250801_mem-histone	Korra_Foundation/20250801_mem-histone/fish1_roi1/perf					1
Korra_Foundation	20250801_mem-histone	Korra_Foundation/20250801_mem-histone/fish2_roi1/Logs					1
Korra_Foundation	20250805_mem-histone	Korra_Foundation/20250805_mem-histone/fish1_24hpf/AF					5
Korra_Foundation	20250805_mem-histone	Korra_Foundation/20250805_mem-histone/fish1_24hpf/AFCAM2					1
Korra_Foundation	20250805_mem-histone	Korra_Foundation/20250805_mem-histone/fish1_24hpf/Chromatic_Shift_Corrected				.zarr	13398
Korra_Foundation	20250805_mem-histone	Korra_Foundation/20250805_mem-histone/fish1_24hpf/Chromatic_Shift_Corrected_bak				.zarr	84
Korra_Foundation	20250805_mem-histone	Korra_Foundation/20250805_mem-histone/fish1_24hpf/DSH1					5
Korra_Foundation	20250805_mem-histone	Korra_Foundation/20250805_mem-histone/fish1_24hpf/DSH1CAM2					1
Korra_Foundation	20250805_mem-histone	Korra_Foundation/20250805_mem-histone/fish1_24hpf/LVScripts					1
Korra_Foundation	20250805_mem-histone	Korra_Foundation/20250805_mem-histone/fish1_24hpf/Logs					1
Korra_Foundation	20250805_mem-histone	Korra_Foundation/20250805_mem-histone/fish1_24hpf/perf					1
Korra_Foundation	20250805_mem-histone	Korra_Foundation/20250805_mem-histone/fish1_24hpf/tmp					4
Korra_Foundation	20250805_mem-histone	Korra_Foundation/20250805_mem-histone/fish2_36hpf/AF					5
Korra_Foundation	20250805_mem-histone	Korra_Foundation/20250805_mem-histone/fish2_36hpf/AFCAM2					1
Korra_Foundation	20250805_mem-histone	Korra_Foundation/20250805_mem-histone/fish2_36hpf/DSH1					5
Korra_Foundation	20250805_mem-histone	Korra_Foundation/20250805_mem-histone/fish2_36hpf/DSH1CAM2					1
Korra_Foundation	20250805_mem-histone	Korra_Foundation/20250805_mem-histone/fish2_36hpf/LVScripts					1
Korra_Foundation	20250805_mem-histone	Korra_Foundation/20250805_mem-histone/fish2_36hpf/Logs					1
Korra_Foundation	20250805_mem-histone	Korra_Foundation/20250805_mem-histone/fish2_36hpf/perf					1
Korra_Foundation	20250805_mem-histone	Korra_Foundation/20250805_mem-histone/fish3_48hpf/AF					5
Korra_Foundation	20250805_mem-histone	Korra_Foundation/20250805_mem-histone/fish3_48hpf/AFCAM2					1
Korra_Foundation	20250805_mem-histone	Korra_Foundation/20250805_mem-histone/fish3_48hpf/DSH1					5
Korra_Foundation	20250805_mem-histone	Korra_Foundation/20250805_mem-histone/fish3_48hpf/DSH1CAM2					1
Korra_Foundation	20250805_mem-histone	Korra_Foundation/20250805_mem-histone/fish3_48hpf/LVScripts					1
Korra_Foundation	20250805_mem-histone	Korra_Foundation/20250805_mem-histone/fish3_48hpf/Logs					1
Korra_Foundation	20250805_mem-histone	Korra_Foundation/20250805_mem-histone/fish3_48hpf/perf					1
Korra_Foundation	20250805_mem-histone	Korra_Foundation/20250805_mem-histone/fish4_48hpf/AF					5
Korra_Foundation	20250805_mem-histone	Korra_Foundation/20250805_mem-histone/fish4_48hpf/AFCAM2					1
Korra_Foundation	20250805_mem-histone	Korra_Foundation/20250805_mem-histone/fish4_48hpf/DSH1					5
Korra_Foundation	20250805_mem-histone	Korra_Foundation/20250805_mem-histone/fish4_48hpf/DSH1CAM2					1
Korra_Foundation	20250805_mem-histone	Korra_Foundation/20250805_mem-histone/fish4_48hpf/Logs					1
Korra_Foundation	20250805_mem-histone	Korra_Foundation/20250805_mem-histone/fish4_48hpf/perf					1
Korra_Foundation	20250811_mem_cytosol_test	Korra_Foundation/20250811_mem_cytosol_test/fish1_86/DSR					1
Korra_Foundation	20250811_mem_cytosol_test	Korra_Foundation/20250811_mem_cytosol_test/fish1_86/LVScripts					1
Korra_Foundation	20250811_mem_cytosol_test	Korra_Foundation/20250811_mem_cytosol_test/fish1_86/Logs					1
Korra_Foundation	20250811_mem_cytosol_test	Korra_Foundation/20250811_mem_cytosol_test/fish1_86/perf					1
Korra_Foundation	20250811_mem_cytosol_test	Korra_Foundation/20250811_mem_cytosol_test/fish2_144/DSR					2
Korra_Foundation	20250811_mem_cytosol_test	Korra_Foundation/20250811_mem_cytosol_test/fish2_144/LVScripts					1
Korra_Foundation	20250811_mem_cytosol_test	Korra_Foundation/20250811_mem_cytosol_test/fish2_144/Logs					1
Korra_Foundation	20250811_mem_cytosol_test	Korra_Foundation/20250811_mem_cytosol_test/fish2_144/job_logs					1
Korra_Foundation	20250811_mem_cytosol_test	Korra_Foundation/20250811_mem_cytosol_test/fish2_144/perf					1
Korra_Foundation	20250811_mem_cytosol_test	Korra_Foundation/20250811_mem_cytosol_test/fish2_144/tmp					1
Korra_Foundation	20250811_mem_cytosol_test	Korra_Foundation/20250811_mem_cytosol_test/fish3_145/DSR					2
Korra_Foundation	20250811_mem_cytosol_test	Korra_Foundation/20250811_mem_cytosol_test/fish3_145/LVScripts					1
Korra_Foundation	20250811_mem_cytosol_test	Korra_Foundation/20250811_mem_cytosol_test/fish3_145/Logs					1
Korra_Foundation	20250811_mem_cytosol_test	Korra_Foundation/20250811_mem_cytosol_test/fish3_145/perf					1
Korra_Foundation	20251007_mem-histone	Korra_Foundation/20251007_mem-histone/fish1_48hpf_roi1/AF					5
Korra_Foundation	20251007_mem-histone	Korra_Foundation/20251007_mem-histone/fish1_48hpf_roi1/AFCAM2					1
Korra_Foundation	20251007_mem-histone	Korra_Foundation/20251007_mem-histone/fish1_48hpf_roi1/DSH1					5
Korra_Foundation	20251007_mem-histone	Korra_Foundation/20251007_mem-histone/fish1_48hpf_roi1/LVScripts					1
Korra_Foundation	20251007_mem-histone	Korra_Foundation/20251007_mem-histone/fish1_48hpf_roi1/Logs					1
Korra_Foundation	20251007_mem-histone	Korra_Foundation/20251007_mem-histone/fish1_48hpf_roi1/perf					1
Korra_Foundation	20251007_mem-histone	Korra_Foundation/20251007_mem-histone/fish1_48hpf_roi1_test/AF					5
Korra_Foundation	20251007_mem-histone	Korra_Foundation/20251007_mem-histone/fish1_48hpf_roi1_test/AFCAM2					1
Korra_Foundation	20251007_mem-histone	Korra_Foundation/20251007_mem-histone/fish1_48hpf_roi1_test/DSH1					5
Korra_Foundation	20251007_mem-histone	Korra_Foundation/20251007_mem-histone/fish1_48hpf_roi1_test/LVScripts					1
Korra_Foundation	20251007_mem-histone	Korra_Foundation/20251007_mem-histone/fish1_48hpf_roi1_test/Logs					1
Korra_Foundation	20251007_mem-histone	Korra_Foundation/20251007_mem-histone/fish1_48hpf_roi1_test/perf					1
Korra_Foundation	20251007_mem-histone	Korra_Foundation/20251007_mem-histone/fish1_48hpf_roi1test/AF					5
Korra_Foundation	20251007_mem-histone	Korra_Foundation/20251007_mem-histone/fish1_48hpf_roi1test/AFCAM2					1
Korra_Foundation	20251007_mem-histone	Korra_Foundation/20251007_mem-histone/fish1_48hpf_roi1test/DSH1					5
Korra_Foundation	20251007_mem-histone	Korra_Foundation/20251007_mem-histone/fish1_48hpf_roi1test/DSH1CAM2					1
Korra_Foundation	20251007_mem-histone	Korra_Foundation/20251007_mem-histone/fish1_48hpf_roi1test/LVScripts					1
Korra_Foundation	20251007_mem-histone	Korra_Foundation/20251007_mem-histone/fish1_48hpf_roi1test/Logs					1
Korra_Foundation	20251007_mem-histone	Korra_Foundation/20251007_mem-histone/fish1_48hpf_roi1test/perf					1
Korra_Foundation	20251007_mem-histone	Korra_Foundation/20251007_mem-histone/fish2_48hpf_roi1_test/DSH1					5
Korra_Foundation	20251007_mem-histone	Korra_Foundation/20251007_mem-histone/fish2_48hpf_roi1_test/LVScripts					1
Korra_Foundation	20251007_mem-histone	Korra_Foundation/20251007_mem-histone/fish2_48hpf_roi1_test/Logs					1
Korra_Foundation	20251007_mem-histone	Korra_Foundation/20251007_mem-histone/fish3_48hpf_roi1/AF					5
Korra_Foundation	20251007_mem-histone	Korra_Foundation/20251007_mem-histone/fish3_48hpf_roi1/AFCAM2					1
Korra_Foundation	20251007_mem-histone	Korra_Foundation/20251007_mem-histone/fish3_48hpf_roi1/DSH1					6
Korra_Foundation	20251007_mem-histone	Korra_Foundation/20251007_mem-histone/fish3_48hpf_roi1/Errors					1
Korra_Foundation	20251007_mem-histone	Korra_Foundation/20251007_mem-histone/fish3_48hpf_roi1/LVScripts					1
Korra_Foundation	20251007_mem-histone	Korra_Foundation/20251007_mem-histone/fish3_48hpf_roi1/Logs					1
Korra_Foundation	20251007_mem-histone	Korra_Foundation/20251007_mem-histone/fish3_48hpf_roi1/perf					1
Korra_Foundation	20251007_mem-histone	Korra_Foundation/20251007_mem-histone/fish3_48hpf_roi1_test/AF					5
Korra_Foundation	20251007_mem-histone	Korra_Foundation/20251007_mem-histone/fish3_48hpf_roi1_test/AFCAM2					1
Korra_Foundation	20251007_mem-histone	Korra_Foundation/20251007_mem-histone/fish3_48hpf_roi1_test/DSH1					5
Korra_Foundation	20251007_mem-histone	Korra_Foundation/20251007_mem-histone/fish3_48hpf_roi1_test/LVScripts					1
Korra_Foundation	20251007_mem-histone	Korra_Foundation/20251007_mem-histone/fish3_48hpf_roi1_test/Logs					1
Korra_Foundation	20251007_mem-histone	Korra_Foundation/20251007_mem-histone/fish3_48hpf_roi1_test/perf					1
Korra_Foundation	20251007_mem-histone	Korra_Foundation/20251007_mem-histone/fish3_48hpf_roi2/AF					5
Korra_Foundation	20251007_mem-histone	Korra_Foundation/20251007_mem-histone/fish3_48hpf_roi2/AFCAM2					1
Korra_Foundation	20251007_mem-histone	Korra_Foundation/20251007_mem-histone/fish3_48hpf_roi2/DSH1					5
Korra_Foundation	20251007_mem-histone	Korra_Foundation/20251007_mem-histone/fish3_48hpf_roi2/LVScripts					1
Korra_Foundation	20251007_mem-histone	Korra_Foundation/20251007_mem-histone/fish3_48hpf_roi2/Logs					1
Korra_Foundation	20251007_mem-histone	Korra_Foundation/20251007_mem-histone/fish3_48hpf_roi2/perf					1
Korra_Foundation	20251007_mem-histone	Korra_Foundation/20251007_mem-histone/fish3_48hpf_roi2_test/AF					5
Korra_Foundation	20251007_mem-histone	Korra_Foundation/20251007_mem-histone/fish3_48hpf_roi2_test/AFCAM2					1
Korra_Foundation	20251007_mem-histone	Korra_Foundation/20251007_mem-histone/fish3_48hpf_roi2_test/DSH1					5
Korra_Foundation	20251007_mem-histone	Korra_Foundation/20251007_mem-histone/fish3_48hpf_roi2_test/LVScripts					1
Korra_Foundation	20251007_mem-histone	Korra_Foundation/20251007_mem-histone/fish3_48hpf_roi2_test/Logs					1
Korra_Foundation	20251007_mem-histone	Korra_Foundation/20251007_mem-histone/fish3_48hpf_roi2_test/perf					1
Korra_Foundation	20251009_skittlez	Korra_Foundation/20251009_skittlez/fish1_roi1/LVScripts					1
Korra_Foundation	20251009_skittlez	Korra_Foundation/20251009_skittlez/fish1_roi1/Logs					1
Korra_Foundation	20251009_skittlez	Korra_Foundation/20251009_skittlez/fish1_roi1/perf					1
Korra_Foundation	20251010_mem-histone	Korra_Foundation/20251010_mem-histone/fish1_24hpf_roi1/AF					5
Korra_Foundation	20251010_mem-histone	Korra_Foundation/20251010_mem-histone/fish1_24hpf_roi1/AFCAM2					1
Korra_Foundation	20251010_mem-histone	Korra_Foundation/20251010_mem-histone/fish1_24hpf_roi1/LVScripts					1
Korra_Foundation	20251010_mem-histone	Korra_Foundation/20251010_mem-histone/fish1_24hpf_roi1/Logs					1
Korra_Foundation	20251010_mem-histone	Korra_Foundation/20251010_mem-histone/fish1_24hpf_roi1/job_logs					1
Korra_Foundation	20251010_mem-histone	Korra_Foundation/20251010_mem-histone/fish1_24hpf_roi1/perf					1
Korra_Foundation	20251010_mem-histone	Korra_Foundation/20251010_mem-histone/fish1_24hpf_roi1/tmp					1
Korra_Foundation	20251013_mem-histone	Korra_Foundation/20251013_mem-histone/fish1_96hpf_roi0_test/AF					5
Korra_Foundation	20251013_mem-histone	Korra_Foundation/20251013_mem-histone/fish1_96hpf_roi0_test/AFCAM2					1
Korra_Foundation	20251013_mem-histone	Korra_Foundation/20251013_mem-histone/fish1_96hpf_roi0_test/LVScripts					1
Korra_Foundation	20251013_mem-histone	Korra_Foundation/20251013_mem-histone/fish1_96hpf_roi0_test/Logs					1
Korra_Foundation	20251013_mem-histone	Korra_Foundation/20251013_mem-histone/fish1_96hpf_roi0_test/perf					1
Korra_Foundation	20251013_mem-histone	Korra_Foundation/20251013_mem-histone/fish1_96hpf_roi0_test/tmp					1
Korra_Foundation	20251013_mem-histone	Korra_Foundation/20251013_mem-histone/fish1_96hpf_roi1/AF					5
Korra_Foundation	20251013_mem-histone	Korra_Foundation/20251013_mem-histone/fish1_96hpf_roi1/AFCAM2					1
Korra_Foundation	20251013_mem-histone	Korra_Foundation/20251013_mem-histone/fish1_96hpf_roi1/DSH1					5
Korra_Foundation	20251013_mem-histone	Korra_Foundation/20251013_mem-histone/fish1_96hpf_roi1/LVScripts					1
Korra_Foundation	20251013_mem-histone	Korra_Foundation/20251013_mem-histone/fish1_96hpf_roi1/Logs					1
Korra_Foundation	20251013_mem-histone	Korra_Foundation/20251013_mem-histone/fish1_96hpf_roi1/perf					1
Korra_Foundation	20251013_mem-histone	Korra_Foundation/20251013_mem-histone/fish1_96hpf_roi1/tmp					1
Korra_Foundation	20251013_mem-histone	Korra_Foundation/20251013_mem-histone/fish1_96hpf_roi2/AF					5
Korra_Foundation	20251013_mem-histone	Korra_Foundation/20251013_mem-histone/fish1_96hpf_roi2/AFCAM2					1
Korra_Foundation	20251013_mem-histone	Korra_Foundation/20251013_mem-histone/fish1_96hpf_roi2/DSH1					5
Korra_Foundation	20251013_mem-histone	Korra_Foundation/20251013_mem-histone/fish1_96hpf_roi2/LVScripts					1
Korra_Foundation	20251013_mem-histone	Korra_Foundation/20251013_mem-histone/fish1_96hpf_roi2/Logs					1
Korra_Foundation	20251013_mem-histone	Korra_Foundation/20251013_mem-histone/fish1_96hpf_roi2/perf					1
Korra_Foundation	20251013_mem-histone	Korra_Foundation/20251013_mem-histone/fish1_96hpf_roi2/tmp					1
Korra_Foundation	20251013_mem-histone	Korra_Foundation/20251013_mem-histone/fish1_96hpf_roi3/AF					5
Korra_Foundation	20251013_mem-histone	Korra_Foundation/20251013_mem-histone/fish1_96hpf_roi3/AFCAM2					1
Korra_Foundation	20251013_mem-histone	Korra_Foundation/20251013_mem-histone/fish1_96hpf_roi3/DSH1					5
Korra_Foundation	20251013_mem-histone	Korra_Foundation/20251013_mem-histone/fish1_96hpf_roi3/LVScripts					1
Korra_Foundation	20251013_mem-histone	Korra_Foundation/20251013_mem-histone/fish1_96hpf_roi3/Logs					1
Korra_Foundation	20251013_mem-histone	Korra_Foundation/20251013_mem-histone/fish1_96hpf_roi3/perf					1
Korra_Foundation	20251013_mem-histone	Korra_Foundation/20251013_mem-histone/fish1_96hpf_roi3/tmp					1
Korra_Foundation	20251013_mem-histone	Korra_Foundation/20251013_mem-histone/fish2_96hpf_roi1/AF					5
Korra_Foundation	20251013_mem-histone	Korra_Foundation/20251013_mem-histone/fish2_96hpf_roi1/AFCAM2					1
Korra_Foundation	20251013_mem-histone	Korra_Foundation/20251013_mem-histone/fish2_96hpf_roi1/DSH1					5
Korra_Foundation	20251013_mem-histone	Korra_Foundation/20251013_mem-histone/fish2_96hpf_roi1/LVScripts					1
Korra_Foundation	20251013_mem-histone	Korra_Foundation/20251013_mem-histone/fish2_96hpf_roi1/Logs					1
Korra_Foundation	20251013_mem-histone	Korra_Foundation/20251013_mem-histone/fish2_96hpf_roi1/job_logs					1
Korra_Foundation	20251013_mem-histone	Korra_Foundation/20251013_mem-histone/fish2_96hpf_roi1/perf					1
Korra_Foundation	20251013_mem-histone	Korra_Foundation/20251013_mem-histone/fish2_96hpf_roi1/tmp					1
Korra_Foundation	20251013_mem-histone	Korra_Foundation/20251013_mem-histone/fish2_96hpf_roi2/AF					5
Korra_Foundation	20251013_mem-histone	Korra_Foundation/20251013_mem-histone/fish2_96hpf_roi2/AFCAM2					1
Korra_Foundation	20251013_mem-histone	Korra_Foundation/20251013_mem-histone/fish2_96hpf_roi2/DSH1					5
Korra_Foundation	20251013_mem-histone	Korra_Foundation/20251013_mem-histone/fish2_96hpf_roi2/Logs					1
Korra_Foundation	20251013_mem-histone	Korra_Foundation/20251013_mem-histone/fish2_96hpf_roi2/job_logs					1
Korra_Foundation	20251013_mem-histone	Korra_Foundation/20251013_mem-histone/fish2_96hpf_roi2/perf					1
Korra_Foundation	20251013_mem-histone	Korra_Foundation/20251013_mem-histone/fish2_96hpf_roi2/tmp					1
Korra_Foundation	20251013_mem-histone	Korra_Foundation/20251013_mem-histone/fish3_96hpf_roi1/AF					5
Korra_Foundation	20251013_mem-histone	Korra_Foundation/20251013_mem-histone/fish3_96hpf_roi1/AFCAM2					1
Korra_Foundation	20251013_mem-histone	Korra_Foundation/20251013_mem-histone/fish3_96hpf_roi1/DSH1					5
Korra_Foundation	20251013_mem-histone	Korra_Foundation/20251013_mem-histone/fish3_96hpf_roi1/Logs					1
Korra_Foundation	20251013_mem-histone	Korra_Foundation/20251013_mem-histone/fish3_96hpf_roi1/perf					1
Korra_Foundation	20251013_mem-histone	Korra_Foundation/20251013_mem-histone/fish3_96hpf_roi1/tmp					1
Korra_Foundation	20251013_mem-histone	Korra_Foundation/20251013_mem-histone/fish3_96hpf_roi2/AF					5
Korra_Foundation	20251013_mem-histone	Korra_Foundation/20251013_mem-histone/fish3_96hpf_roi2/AFCAM2					1
Korra_Foundation	20251013_mem-histone	Korra_Foundation/20251013_mem-histone/fish3_96hpf_roi2/DSH1					5
Korra_Foundation	20251013_mem-histone	Korra_Foundation/20251013_mem-histone/fish3_96hpf_roi2/Logs					1
Korra_Foundation	20251013_mem-histone	Korra_Foundation/20251013_mem-histone/fish3_96hpf_roi2/perf					1
Korra_Foundation	20251013_mem-histone	Korra_Foundation/20251013_mem-histone/fish3_96hpf_roi2/tmp					1
Korra_Foundation	20251013_mem-histone	Korra_Foundation/20251013_mem-histone/fish3_96hpf_roi3/AF					5
Korra_Foundation	20251013_mem-histone	Korra_Foundation/20251013_mem-histone/fish3_96hpf_roi3/AFCAM2					1
Korra_Foundation	20251013_mem-histone	Korra_Foundation/20251013_mem-histone/fish3_96hpf_roi3/DSH1					5
Korra_Foundation	20251013_mem-histone	Korra_Foundation/20251013_mem-histone/fish3_96hpf_roi3/Logs					1
Korra_Foundation	20251013_mem-histone	Korra_Foundation/20251013_mem-histone/fish3_96hpf_roi3/perf					1
Korra_Foundation	20251013_mem-histone	Korra_Foundation/20251013_mem-histone/fish3_96hpf_roi3/tmp					1
Korra_Foundation	20251015_mem-histone	Korra_Foundation/20251015_mem-histone/fish1_48hpf_roi1/AF					5
Korra_Foundation	20251015_mem-histone	Korra_Foundation/20251015_mem-histone/fish1_48hpf_roi1/AFCAM2					1
Korra_Foundation	20251015_mem-histone	Korra_Foundation/20251015_mem-histone/fish1_48hpf_roi1/DSH1					5
Korra_Foundation	20251015_mem-histone	Korra_Foundation/20251015_mem-histone/fish1_48hpf_roi1/LVScripts					1
Korra_Foundation	20251015_mem-histone	Korra_Foundation/20251015_mem-histone/fish1_48hpf_roi1/Logs					1
Korra_Foundation	20251015_mem-histone	Korra_Foundation/20251015_mem-histone/fish1_48hpf_roi1/job_logs					1
Korra_Foundation	20251015_mem-histone	Korra_Foundation/20251015_mem-histone/fish1_48hpf_roi1/perf					1
Korra_Foundation	20251015_mem-histone	Korra_Foundation/20251015_mem-histone/fish1_48hpf_roi1/tmp					1
Korra_Foundation	20251015_mem-histone	Korra_Foundation/20251015_mem-histone/fish2_48hpf_roi1/AF					5
Korra_Foundation	20251015_mem-histone	Korra_Foundation/20251015_mem-histone/fish2_48hpf_roi1/AFCAM2					1
Korra_Foundation	20251015_mem-histone	Korra_Foundation/20251015_mem-histone/fish2_48hpf_roi1/DSH1					5
Korra_Foundation	20251015_mem-histone	Korra_Foundation/20251015_mem-histone/fish2_48hpf_roi1/LVScripts					1
Korra_Foundation	20251015_mem-histone	Korra_Foundation/20251015_mem-histone/fish2_48hpf_roi1/Logs					1
Korra_Foundation	20251015_mem-histone	Korra_Foundation/20251015_mem-histone/fish2_48hpf_roi1/job_logs					1
Korra_Foundation	20251015_mem-histone	Korra_Foundation/20251015_mem-histone/fish2_48hpf_roi1/perf					1
Korra_Foundation	20251015_mem-histone	Korra_Foundation/20251015_mem-histone/fish2_48hpf_roi1/tmp					1
Korra_Foundation	20251015_mem-histone	Korra_Foundation/20251015_mem-histone/fish3_48hpf_roi1/AF					5
Korra_Foundation	20251015_mem-histone	Korra_Foundation/20251015_mem-histone/fish3_48hpf_roi1/AFCAM2					1
Korra_Foundation	20251015_mem-histone	Korra_Foundation/20251015_mem-histone/fish3_48hpf_roi1/DSH1					5
Korra_Foundation	20251015_mem-histone	Korra_Foundation/20251015_mem-histone/fish3_48hpf_roi1/LVScripts					1
Korra_Foundation	20251015_mem-histone	Korra_Foundation/20251015_mem-histone/fish3_48hpf_roi1/Logs					1
Korra_Foundation	20251015_mem-histone	Korra_Foundation/20251015_mem-histone/fish3_48hpf_roi1/job_logs					1
Korra_Foundation	20251015_mem-histone	Korra_Foundation/20251015_mem-histone/fish3_48hpf_roi1/perf					1
Korra_Foundation	20251015_mem-histone	Korra_Foundation/20251015_mem-histone/fish3_48hpf_roi1/tmp					1
Korra_Foundation	20251015_mem-histone	Korra_Foundation/20251015_mem-histone/fish3_48hpf_roi2/AF					5
Korra_Foundation	20251015_mem-histone	Korra_Foundation/20251015_mem-histone/fish3_48hpf_roi2/AFCAM2					1
Korra_Foundation	20251015_mem-histone	Korra_Foundation/20251015_mem-histone/fish3_48hpf_roi2/DSH1					5
Korra_Foundation	20251015_mem-histone	Korra_Foundation/20251015_mem-histone/fish3_48hpf_roi2/Logs					1
Korra_Foundation	20251015_mem-histone	Korra_Foundation/20251015_mem-histone/fish3_48hpf_roi2/job_logs					1
Korra_Foundation	20251015_mem-histone	Korra_Foundation/20251015_mem-histone/fish3_48hpf_roi2/perf					1
Korra_Foundation	20251015_mem-histone	Korra_Foundation/20251015_mem-histone/fish3_48hpf_roi2/tmp					1
Korra_Foundation	20251015_mem-histone	Korra_Foundation/20251015_mem-histone/fish4_48hpf_roi1/AF					5
Korra_Foundation	20251015_mem-histone	Korra_Foundation/20251015_mem-histone/fish4_48hpf_roi1/AFCAM2					1
Korra_Foundation	20251015_mem-histone	Korra_Foundation/20251015_mem-histone/fish4_48hpf_roi1/DSH1					5
Korra_Foundation	20251015_mem-histone	Korra_Foundation/20251015_mem-histone/fish4_48hpf_roi1/LVScripts					1
Korra_Foundation	20251015_mem-histone	Korra_Foundation/20251015_mem-histone/fish4_48hpf_roi1/Logs					1
Korra_Foundation	20251015_mem-histone	Korra_Foundation/20251015_mem-histone/fish4_48hpf_roi1/job_logs					1
Korra_Foundation	20251015_mem-histone	Korra_Foundation/20251015_mem-histone/fish4_48hpf_roi1/perf					1
Korra_Foundation	20251015_mem-histone	Korra_Foundation/20251015_mem-histone/fish4_48hpf_roi1/tmp					1
Korra_Foundation	20251016_mem-histone	Korra_Foundation/20251016_mem-histone/fish1_72hpf_roi1/AF					5
Korra_Foundation	20251016_mem-histone	Korra_Foundation/20251016_mem-histone/fish1_72hpf_roi1/AFCAM2					1
Korra_Foundation	20251016_mem-histone	Korra_Foundation/20251016_mem-histone/fish1_72hpf_roi1/DSH1					5
Korra_Foundation	20251016_mem-histone	Korra_Foundation/20251016_mem-histone/fish1_72hpf_roi1/LVScripts					1
Korra_Foundation	20251016_mem-histone	Korra_Foundation/20251016_mem-histone/fish1_72hpf_roi1/Logs					1
Korra_Foundation	20251016_mem-histone	Korra_Foundation/20251016_mem-histone/fish1_72hpf_roi1/job_logs					1
Korra_Foundation	20251016_mem-histone	Korra_Foundation/20251016_mem-histone/fish1_72hpf_roi1/perf					1
Korra_Foundation	20251016_mem-histone	Korra_Foundation/20251016_mem-histone/fish1_72hpf_roi1/tmp					1
Korra_Foundation	20251016_mem-histone	Korra_Foundation/20251016_mem-histone/fish2_72hpf_roi1/AF					5
Korra_Foundation	20251016_mem-histone	Korra_Foundation/20251016_mem-histone/fish2_72hpf_roi1/AFCAM2					1
Korra_Foundation	20251016_mem-histone	Korra_Foundation/20251016_mem-histone/fish2_72hpf_roi1/DSH1					5
Korra_Foundation	20251016_mem-histone	Korra_Foundation/20251016_mem-histone/fish2_72hpf_roi1/LVScripts					1
Korra_Foundation	20251016_mem-histone	Korra_Foundation/20251016_mem-histone/fish2_72hpf_roi1/Logs					1
Korra_Foundation	20251016_mem-histone	Korra_Foundation/20251016_mem-histone/fish2_72hpf_roi1/job_logs					1
Korra_Foundation	20251016_mem-histone	Korra_Foundation/20251016_mem-histone/fish2_72hpf_roi1/perf					1
Korra_Foundation	20251016_mem-histone	Korra_Foundation/20251016_mem-histone/fish2_72hpf_roi1/tmp					1
Korra_Foundation	20251016_mem-histone	Korra_Foundation/20251016_mem-histone/fish2_72hpf_roi2/AF					5
Korra_Foundation	20251016_mem-histone	Korra_Foundation/20251016_mem-histone/fish2_72hpf_roi2/AFCAM2					1
Korra_Foundation	20251016_mem-histone	Korra_Foundation/20251016_mem-histone/fish2_72hpf_roi2/DSH1					5
Korra_Foundation	20251016_mem-histone	Korra_Foundation/20251016_mem-histone/fish2_72hpf_roi2/LVScripts					1
Korra_Foundation	20251016_mem-histone	Korra_Foundation/20251016_mem-histone/fish2_72hpf_roi2/Logs					1
Korra_Foundation	20251016_mem-histone	Korra_Foundation/20251016_mem-histone/fish2_72hpf_roi2/job_logs					1
Korra_Foundation	20251016_mem-histone	Korra_Foundation/20251016_mem-histone/fish2_72hpf_roi2/perf					1
Korra_Foundation	20251016_mem-histone	Korra_Foundation/20251016_mem-histone/fish2_72hpf_roi2/tmp					1
Korra_Foundation	20251016_mem-histone	Korra_Foundation/20251016_mem-histone/fish2_72hpf_roi3/AF					5
Korra_Foundation	20251016_mem-histone	Korra_Foundation/20251016_mem-histone/fish2_72hpf_roi3/AFCAM2					1
Korra_Foundation	20251016_mem-histone	Korra_Foundation/20251016_mem-histone/fish2_72hpf_roi3/DSH1					5
Korra_Foundation	20251016_mem-histone	Korra_Foundation/20251016_mem-histone/fish2_72hpf_roi3/LVScripts					1
Korra_Foundation	20251016_mem-histone	Korra_Foundation/20251016_mem-histone/fish2_72hpf_roi3/Logs					1
Korra_Foundation	20251016_mem-histone	Korra_Foundation/20251016_mem-histone/fish2_72hpf_roi3/job_logs					1
Korra_Foundation	20251016_mem-histone	Korra_Foundation/20251016_mem-histone/fish2_72hpf_roi3/perf					1
Korra_Foundation	20251016_mem-histone	Korra_Foundation/20251016_mem-histone/fish2_72hpf_roi3/tmp					1
Korra_Foundation	20251016_mem-histone	Korra_Foundation/20251016_mem-histone/fish3_72hpf_roi1/AF					5
Korra_Foundation	20251016_mem-histone	Korra_Foundation/20251016_mem-histone/fish3_72hpf_roi1/AFCAM2					1
Korra_Foundation	20251016_mem-histone	Korra_Foundation/20251016_mem-histone/fish3_72hpf_roi1/DSH1					5
Korra_Foundation	20251016_mem-histone	Korra_Foundation/20251016_mem-histone/fish3_72hpf_roi1/DSR_annotation_pipeline					2
Korra_Foundation	20251016_mem-histone	Korra_Foundation/20251016_mem-histone/fish3_72hpf_roi1/Logs					1
Korra_Foundation	20251016_mem-histone	Korra_Foundation/20251016_mem-histone/fish3_72hpf_roi1/job_logs					1
Korra_Foundation	20251016_mem-histone	Korra_Foundation/20251016_mem-histone/fish3_72hpf_roi1/perf					1
Korra_Foundation	20251016_mem-histone	Korra_Foundation/20251016_mem-histone/fish3_72hpf_roi1/tmp					1
Korra_Foundation	20251016_mem-histone	Korra_Foundation/20251016_mem-histone/fish3_72hpf_roi2/AF					5
Korra_Foundation	20251016_mem-histone	Korra_Foundation/20251016_mem-histone/fish3_72hpf_roi2/AFCAM2					1
Korra_Foundation	20251016_mem-histone	Korra_Foundation/20251016_mem-histone/fish3_72hpf_roi2/DSH1					5
Korra_Foundation	20251016_mem-histone	Korra_Foundation/20251016_mem-histone/fish3_72hpf_roi2/Logs					1
Korra_Foundation	20251016_mem-histone	Korra_Foundation/20251016_mem-histone/fish3_72hpf_roi2/perf					1
Korra_Foundation	20251016_mem-histone	Korra_Foundation/20251016_mem-histone/fish3_72hpf_roi2/tmp					1
Korra_Foundation	20251017_microtubules	Korra_Foundation/20251017_microtubules/fish2_24hpf_roi1_test/AF					5
Korra_Foundation	20251017_microtubules	Korra_Foundation/20251017_microtubules/fish2_24hpf_roi1_test/AFCAM2					1
Korra_Foundation	20251017_microtubules	Korra_Foundation/20251017_microtubules/fish2_24hpf_roi1_test/DSH1					5
Korra_Foundation	20251017_microtubules	Korra_Foundation/20251017_microtubules/fish2_24hpf_roi1_test/LVScripts					1
Korra_Foundation	20251017_microtubules	Korra_Foundation/20251017_microtubules/fish2_24hpf_roi1_test/Logs					1
Korra_Foundation	20251017_microtubules	Korra_Foundation/20251017_microtubules/fish2_24hpf_roi1_test/perf					1
Korra_Foundation	20251020_mem-histone	Korra_Foundation/20251020_mem-histone/fish1_72hpf_roi1/AF					5
Korra_Foundation	20251020_mem-histone	Korra_Foundation/20251020_mem-histone/fish1_72hpf_roi1/AFCAM2					1
Korra_Foundation	20251020_mem-histone	Korra_Foundation/20251020_mem-histone/fish1_72hpf_roi1/DSH1					5
Korra_Foundation	20251020_mem-histone	Korra_Foundation/20251020_mem-histone/fish1_72hpf_roi1/LVScripts					1
Korra_Foundation	20251020_mem-histone	Korra_Foundation/20251020_mem-histone/fish1_72hpf_roi1/Logs					1
Korra_Foundation	20251020_mem-histone	Korra_Foundation/20251020_mem-histone/fish1_72hpf_roi1/job_logs					1
Korra_Foundation	20251020_mem-histone	Korra_Foundation/20251020_mem-histone/fish1_72hpf_roi1/perf					1
Korra_Foundation	20251020_mem-histone	Korra_Foundation/20251020_mem-histone/fish1_72hpf_roi1/tmp					1
Korra_Foundation	20251020_mem-histone	Korra_Foundation/20251020_mem-histone/fish1_72hpf_roi2/AF					5
Korra_Foundation	20251020_mem-histone	Korra_Foundation/20251020_mem-histone/fish1_72hpf_roi2/AFCAM2					1
Korra_Foundation	20251020_mem-histone	Korra_Foundation/20251020_mem-histone/fish1_72hpf_roi2/DSH1					5
Korra_Foundation	20251020_mem-histone	Korra_Foundation/20251020_mem-histone/fish1_72hpf_roi2/LVScripts					1
Korra_Foundation	20251020_mem-histone	Korra_Foundation/20251020_mem-histone/fish1_72hpf_roi2/Logs					1
Korra_Foundation	20251020_mem-histone	Korra_Foundation/20251020_mem-histone/fish1_72hpf_roi2/job_logs					1
Korra_Foundation	20251020_mem-histone	Korra_Foundation/20251020_mem-histone/fish1_72hpf_roi2/perf					1
Korra_Foundation	20251020_mem-histone	Korra_Foundation/20251020_mem-histone/fish1_72hpf_roi2/tmp					1
Korra_Foundation	20251020_mem-histone	Korra_Foundation/20251020_mem-histone/fish1_72hpf_roi3/AF					5
Korra_Foundation	20251020_mem-histone	Korra_Foundation/20251020_mem-histone/fish1_72hpf_roi3/AFCAM2					1
Korra_Foundation	20251020_mem-histone	Korra_Foundation/20251020_mem-histone/fish1_72hpf_roi3/DSH1					5
Korra_Foundation	20251020_mem-histone	Korra_Foundation/20251020_mem-histone/fish1_72hpf_roi3/Logs					1
Korra_Foundation	20251020_mem-histone	Korra_Foundation/20251020_mem-histone/fish1_72hpf_roi3/job_logs					1
Korra_Foundation	20251020_mem-histone	Korra_Foundation/20251020_mem-histone/fish1_72hpf_roi3/perf					1
Korra_Foundation	20251020_mem-histone	Korra_Foundation/20251020_mem-histone/fish1_72hpf_roi3/tmp					1
Korra_Foundation	20251020_mem-histone	Korra_Foundation/20251020_mem-histone/fish1_72hpf_roi4/AF					5
Korra_Foundation	20251020_mem-histone	Korra_Foundation/20251020_mem-histone/fish1_72hpf_roi4/AFCAM2					1
Korra_Foundation	20251020_mem-histone	Korra_Foundation/20251020_mem-histone/fish1_72hpf_roi4/DSH1					5
Korra_Foundation	20251020_mem-histone	Korra_Foundation/20251020_mem-histone/fish1_72hpf_roi4/Logs					1
Korra_Foundation	20251020_mem-histone	Korra_Foundation/20251020_mem-histone/fish1_72hpf_roi4/job_logs					1
Korra_Foundation	20251020_mem-histone	Korra_Foundation/20251020_mem-histone/fish1_72hpf_roi4/perf					1
Korra_Foundation	20251020_mem-histone	Korra_Foundation/20251020_mem-histone/fish1_72hpf_roi4/tmp					1
Korra_Foundation	20251020_mem-histone	Korra_Foundation/20251020_mem-histone/fish1_72hpf_roi5/AF					5
Korra_Foundation	20251020_mem-histone	Korra_Foundation/20251020_mem-histone/fish1_72hpf_roi5/AFCAM2					1
Korra_Foundation	20251020_mem-histone	Korra_Foundation/20251020_mem-histone/fish1_72hpf_roi5/DSH1					5
Korra_Foundation	20251020_mem-histone	Korra_Foundation/20251020_mem-histone/fish1_72hpf_roi5/Logs					1
Korra_Foundation	20251020_mem-histone	Korra_Foundation/20251020_mem-histone/fish1_72hpf_roi5/perf					1
Korra_Foundation	20251020_mem-histone	Korra_Foundation/20251020_mem-histone/fish1_72hpf_roi5/tmp					1
Korra_Foundation	20251020_mem-histone	Korra_Foundation/20251020_mem-histone/fish2_72hpf_roi1/AF					5
Korra_Foundation	20251020_mem-histone	Korra_Foundation/20251020_mem-histone/fish2_72hpf_roi1/AFCAM2					1
Korra_Foundation	20251020_mem-histone	Korra_Foundation/20251020_mem-histone/fish2_72hpf_roi1/DSH1					5
Korra_Foundation	20251020_mem-histone	Korra_Foundation/20251020_mem-histone/fish2_72hpf_roi1/Logs					1
Korra_Foundation	20251020_mem-histone	Korra_Foundation/20251020_mem-histone/fish2_72hpf_roi1/job_logs					1
Korra_Foundation	20251020_mem-histone	Korra_Foundation/20251020_mem-histone/fish2_72hpf_roi1/perf					1
Korra_Foundation	20251020_mem-histone	Korra_Foundation/20251020_mem-histone/fish2_72hpf_roi1/tmp					1
Korra_Foundation	20251020_mem-histone	Korra_Foundation/20251020_mem-histone/fish2_72hpf_roi2/AF					5
Korra_Foundation	20251020_mem-histone	Korra_Foundation/20251020_mem-histone/fish2_72hpf_roi2/AFCAM2					1
Korra_Foundation	20251020_mem-histone	Korra_Foundation/20251020_mem-histone/fish2_72hpf_roi2/DSH1					5
Korra_Foundation	20251020_mem-histone	Korra_Foundation/20251020_mem-histone/fish2_72hpf_roi2/Logs					1
Korra_Foundation	20251020_mem-histone	Korra_Foundation/20251020_mem-histone/fish2_72hpf_roi2/job_logs					1
Korra_Foundation	20251020_mem-histone	Korra_Foundation/20251020_mem-histone/fish2_72hpf_roi2/perf					1
Korra_Foundation	20251020_mem-histone	Korra_Foundation/20251020_mem-histone/fish2_72hpf_roi2/tmp					1
Korra_Foundation	20251020_mem-histone	Korra_Foundation/20251020_mem-histone/fish2_72hpf_roi3/AF					5
Korra_Foundation	20251020_mem-histone	Korra_Foundation/20251020_mem-histone/fish2_72hpf_roi3/AFCAM2					1
Korra_Foundation	20251020_mem-histone	Korra_Foundation/20251020_mem-histone/fish2_72hpf_roi3/Chromatic_Shift_Corrected				.zarr	318
Korra_Foundation	20251020_mem-histone	Korra_Foundation/20251020_mem-histone/fish2_72hpf_roi3/DSH1					5
Korra_Foundation	20251020_mem-histone	Korra_Foundation/20251020_mem-histone/fish2_72hpf_roi3/LVScripts					1
Korra_Foundation	20251020_mem-histone	Korra_Foundation/20251020_mem-histone/fish2_72hpf_roi3/Logs					1
Korra_Foundation	20251020_mem-histone	Korra_Foundation/20251020_mem-histone/fish2_72hpf_roi3/job_logs					1
Korra_Foundation	20251020_mem-histone	Korra_Foundation/20251020_mem-histone/fish2_72hpf_roi3/perf					1
Korra_Foundation	20251020_mem-histone	Korra_Foundation/20251020_mem-histone/fish2_72hpf_roi3/tmp					1
Korra_Foundation	20251022_mem-histone	Korra_Foundation/20251022_mem-histone/fish1_24hpf_roi2/AF					5
Korra_Foundation	20251022_mem-histone	Korra_Foundation/20251022_mem-histone/fish1_24hpf_roi2/AFCAM2					1
Korra_Foundation	20251022_mem-histone	Korra_Foundation/20251022_mem-histone/fish1_24hpf_roi2/DSH1					5
Korra_Foundation	20251022_mem-histone	Korra_Foundation/20251022_mem-histone/fish1_24hpf_roi2/LVScripts					1
Korra_Foundation	20251022_mem-histone	Korra_Foundation/20251022_mem-histone/fish1_24hpf_roi2/Logs					1
Korra_Foundation	20251022_mem-histone	Korra_Foundation/20251022_mem-histone/fish1_24hpf_roi2/job_logs					1
Korra_Foundation	20251022_mem-histone	Korra_Foundation/20251022_mem-histone/fish1_24hpf_roi2/perf					1
Korra_Foundation	20251022_mem-histone	Korra_Foundation/20251022_mem-histone/fish1_24hpf_roi2/tmp					1
Korra_Foundation	20251022_mem-histone	Korra_Foundation/20251022_mem-histone/fish1_24hpf_roi3/AF					5
Korra_Foundation	20251022_mem-histone	Korra_Foundation/20251022_mem-histone/fish1_24hpf_roi3/AFCAM2					1
Korra_Foundation	20251022_mem-histone	Korra_Foundation/20251022_mem-histone/fish1_24hpf_roi3/DSH1					5
Korra_Foundation	20251022_mem-histone	Korra_Foundation/20251022_mem-histone/fish1_24hpf_roi3/Logs					1
Korra_Foundation	20251022_mem-histone	Korra_Foundation/20251022_mem-histone/fish1_24hpf_roi3/job_logs					1
Korra_Foundation	20251022_mem-histone	Korra_Foundation/20251022_mem-histone/fish1_24hpf_roi3/perf					1
Korra_Foundation	20251022_mem-histone	Korra_Foundation/20251022_mem-histone/fish1_24hpf_roi3/tmp					1
Korra_Foundation	20251022_mem-histone	Korra_Foundation/20251022_mem-histone/fish2_24hpf_roi1/AF					5
Korra_Foundation	20251022_mem-histone	Korra_Foundation/20251022_mem-histone/fish2_24hpf_roi1/AFCAM2					1
Korra_Foundation	20251022_mem-histone	Korra_Foundation/20251022_mem-histone/fish2_24hpf_roi1/DSH1					5
Korra_Foundation	20251022_mem-histone	Korra_Foundation/20251022_mem-histone/fish2_24hpf_roi1/Logs					1
Korra_Foundation	20251022_mem-histone	Korra_Foundation/20251022_mem-histone/fish2_24hpf_roi1/job_logs					1
Korra_Foundation	20251022_mem-histone	Korra_Foundation/20251022_mem-histone/fish2_24hpf_roi1/perf					1
Korra_Foundation	20251022_mem-histone	Korra_Foundation/20251022_mem-histone/fish2_24hpf_roi1/tmp					1
Korra_Foundation	20251022_mem-histone	Korra_Foundation/20251022_mem-histone/fish2_24hpf_roi2/AF					5
Korra_Foundation	20251022_mem-histone	Korra_Foundation/20251022_mem-histone/fish2_24hpf_roi2/AFCAM2					1
Korra_Foundation	20251022_mem-histone	Korra_Foundation/20251022_mem-histone/fish2_24hpf_roi2/DSH1					5
Korra_Foundation	20251022_mem-histone	Korra_Foundation/20251022_mem-histone/fish2_24hpf_roi2/Logs					1
Korra_Foundation	20251022_mem-histone	Korra_Foundation/20251022_mem-histone/fish2_24hpf_roi2/job_logs					1
Korra_Foundation	20251022_mem-histone	Korra_Foundation/20251022_mem-histone/fish2_24hpf_roi2/perf					1
Korra_Foundation	20251022_mem-histone	Korra_Foundation/20251022_mem-histone/fish2_24hpf_roi2/tmp					1
Korra_Foundation	20251022_mem-histone	Korra_Foundation/20251022_mem-histone/fish2_24hpf_roi3/AF					5
Korra_Foundation	20251022_mem-histone	Korra_Foundation/20251022_mem-histone/fish2_24hpf_roi3/AFCAM2					1
Korra_Foundation	20251022_mem-histone	Korra_Foundation/20251022_mem-histone/fish2_24hpf_roi3/DSH1					5
Korra_Foundation	20251022_mem-histone	Korra_Foundation/20251022_mem-histone/fish2_24hpf_roi3/Logs					1
Korra_Foundation	20251022_mem-histone	Korra_Foundation/20251022_mem-histone/fish2_24hpf_roi3/perf					1
Korra_Foundation	20251022_mem-histone	Korra_Foundation/20251022_mem-histone/fish2_24hpf_roi3/tmp					1
Korra_Foundation	20251022_mem-histone	Korra_Foundation/20251022_mem-histone/fish3_24hpf_roi1/AF					5
Korra_Foundation	20251022_mem-histone	Korra_Foundation/20251022_mem-histone/fish3_24hpf_roi1/AFCAM2					1
Korra_Foundation	20251022_mem-histone	Korra_Foundation/20251022_mem-histone/fish3_24hpf_roi1/DSH1					5
Korra_Foundation	20251022_mem-histone	Korra_Foundation/20251022_mem-histone/fish3_24hpf_roi1/Logs					1
Korra_Foundation	20251022_mem-histone	Korra_Foundation/20251022_mem-histone/fish3_24hpf_roi1/perf					1
Korra_Foundation	20251022_mem-histone	Korra_Foundation/20251022_mem-histone/fish3_24hpf_roi1/tmp					1
Korra_Foundation	20251022_mem-histone	Korra_Foundation/20251022_mem-histone/fish3_24hpf_roi2/AF					5
Korra_Foundation	20251022_mem-histone	Korra_Foundation/20251022_mem-histone/fish3_24hpf_roi2/AFCAM2					1
Korra_Foundation	20251022_mem-histone	Korra_Foundation/20251022_mem-histone/fish3_24hpf_roi2/DSH1					5
Korra_Foundation	20251022_mem-histone	Korra_Foundation/20251022_mem-histone/fish3_24hpf_roi2/Logs					1
Korra_Foundation	20251022_mem-histone	Korra_Foundation/20251022_mem-histone/fish3_24hpf_roi2/perf					1
Korra_Foundation	20251022_mem-histone	Korra_Foundation/20251022_mem-histone/fish3_24hpf_roi2/tmp					1
Korra_Foundation	20251022_mem-histone	Korra_Foundation/20251022_mem-histone/fish4_24hpf_roi1/AF					5
Korra_Foundation	20251022_mem-histone	Korra_Foundation/20251022_mem-histone/fish4_24hpf_roi1/AFCAM2					1
Korra_Foundation	20251022_mem-histone	Korra_Foundation/20251022_mem-histone/fish4_24hpf_roi1/DSH1					5
Korra_Foundation	20251022_mem-histone	Korra_Foundation/20251022_mem-histone/fish4_24hpf_roi1/Logs					1
Korra_Foundation	20251022_mem-histone	Korra_Foundation/20251022_mem-histone/fish4_24hpf_roi1/job_logs					1
Korra_Foundation	20251022_mem-histone	Korra_Foundation/20251022_mem-histone/fish4_24hpf_roi1/perf					1
Korra_Foundation	20251022_mem-histone	Korra_Foundation/20251022_mem-histone/fish4_24hpf_roi1/tmp					1
Korra_Foundation	20251022_mem-histone	Korra_Foundation/20251022_mem-histone/fish4_24hpf_roi2/AF					5
Korra_Foundation	20251022_mem-histone	Korra_Foundation/20251022_mem-histone/fish4_24hpf_roi2/AFCAM2					1
Korra_Foundation	20251022_mem-histone	Korra_Foundation/20251022_mem-histone/fish4_24hpf_roi2/DSH1					5
Korra_Foundation	20251022_mem-histone	Korra_Foundation/20251022_mem-histone/fish4_24hpf_roi2/Logs					1
Korra_Foundation	20251022_mem-histone	Korra_Foundation/20251022_mem-histone/fish4_24hpf_roi2/job_logs					1
Korra_Foundation	20251022_mem-histone	Korra_Foundation/20251022_mem-histone/fish4_24hpf_roi2/perf					1
Korra_Foundation	20251022_mem-histone	Korra_Foundation/20251022_mem-histone/fish4_24hpf_roi2/tmp					1
Korra_Foundation	20251022_mem-histone	Korra_Foundation/20251022_mem-histone/fish4_24hpf_roi3/AF					5
Korra_Foundation	20251022_mem-histone	Korra_Foundation/20251022_mem-histone/fish4_24hpf_roi3/AFCAM2					1
Korra_Foundation	20251022_mem-histone	Korra_Foundation/20251022_mem-histone/fish4_24hpf_roi3/DSH1					5
Korra_Foundation	20251022_mem-histone	Korra_Foundation/20251022_mem-histone/fish4_24hpf_roi3/Logs					1
Korra_Foundation	20251022_mem-histone	Korra_Foundation/20251022_mem-histone/fish4_24hpf_roi3/job_logs					1
Korra_Foundation	20251022_mem-histone	Korra_Foundation/20251022_mem-histone/fish4_24hpf_roi3/perf					1
Korra_Foundation	20251022_mem-histone	Korra_Foundation/20251022_mem-histone/fish4_24hpf_roi3/tmp					1
Korra_Foundation	20251024_mem-histone	Korra_Foundation/20251024_mem-histone/fish2_72hpf_roi1/AF					5
Korra_Foundation	20251024_mem-histone	Korra_Foundation/20251024_mem-histone/fish2_72hpf_roi1/AFCAM2					1
Korra_Foundation	20251024_mem-histone	Korra_Foundation/20251024_mem-histone/fish2_72hpf_roi1/DSH1					5
Korra_Foundation	20251024_mem-histone	Korra_Foundation/20251024_mem-histone/fish2_72hpf_roi1/LVScripts					1
Korra_Foundation	20251024_mem-histone	Korra_Foundation/20251024_mem-histone/fish2_72hpf_roi1/Logs					1
Korra_Foundation	20251024_mem-histone	Korra_Foundation/20251024_mem-histone/fish2_72hpf_roi1/job_logs					1
Korra_Foundation	20251024_mem-histone	Korra_Foundation/20251024_mem-histone/fish2_72hpf_roi1/perf					1
Korra_Foundation	20251024_mem-histone	Korra_Foundation/20251024_mem-histone/fish2_72hpf_roi1/tmp					1
Korra_Foundation	20251024_mem-histone	Korra_Foundation/20251024_mem-histone/fish2_72hpf_roi2/AF					5
Korra_Foundation	20251024_mem-histone	Korra_Foundation/20251024_mem-histone/fish2_72hpf_roi2/AFCAM2					1
Korra_Foundation	20251024_mem-histone	Korra_Foundation/20251024_mem-histone/fish2_72hpf_roi2/DSH1					5
Korra_Foundation	20251024_mem-histone	Korra_Foundation/20251024_mem-histone/fish2_72hpf_roi2/Logs					1
Korra_Foundation	20251024_mem-histone	Korra_Foundation/20251024_mem-histone/fish2_72hpf_roi2/job_logs					1
Korra_Foundation	20251024_mem-histone	Korra_Foundation/20251024_mem-histone/fish2_72hpf_roi2/perf					1
Korra_Foundation	20251024_mem-histone	Korra_Foundation/20251024_mem-histone/fish2_72hpf_roi2/tmp					1
Korra_Foundation	20251024_mem-histone	Korra_Foundation/20251024_mem-histone/fish2_72hpf_roi3/AF					5
Korra_Foundation	20251024_mem-histone	Korra_Foundation/20251024_mem-histone/fish2_72hpf_roi3/AFCAM2					1
Korra_Foundation	20251024_mem-histone	Korra_Foundation/20251024_mem-histone/fish2_72hpf_roi3/DSH1					5
Korra_Foundation	20251024_mem-histone	Korra_Foundation/20251024_mem-histone/fish2_72hpf_roi3/Logs					1
Korra_Foundation	20251024_mem-histone	Korra_Foundation/20251024_mem-histone/fish2_72hpf_roi3/job_logs					1
Korra_Foundation	20251024_mem-histone	Korra_Foundation/20251024_mem-histone/fish2_72hpf_roi3/perf					1
Korra_Foundation	20251024_mem-histone	Korra_Foundation/20251024_mem-histone/fish2_72hpf_roi3/tmp					1
Korra_Foundation	20251024_mem-histone	Korra_Foundation/20251024_mem-histone/fish3_72hpf_roi1/AF					5
Korra_Foundation	20251024_mem-histone	Korra_Foundation/20251024_mem-histone/fish3_72hpf_roi1/AFCAM2					1
Korra_Foundation	20251024_mem-histone	Korra_Foundation/20251024_mem-histone/fish3_72hpf_roi1/DSH1					5
Korra_Foundation	20251024_mem-histone	Korra_Foundation/20251024_mem-histone/fish3_72hpf_roi1/Logs					1
Korra_Foundation	20251024_mem-histone	Korra_Foundation/20251024_mem-histone/fish3_72hpf_roi1/job_logs					1
Korra_Foundation	20251024_mem-histone	Korra_Foundation/20251024_mem-histone/fish3_72hpf_roi1/perf					1
Korra_Foundation	20251024_mem-histone	Korra_Foundation/20251024_mem-histone/fish3_72hpf_roi1/tmp					1
Korra_Foundation	20251024_mem-histone	Korra_Foundation/20251024_mem-histone/fish3_72hpf_roi2/AF					5
Korra_Foundation	20251024_mem-histone	Korra_Foundation/20251024_mem-histone/fish3_72hpf_roi2/AFCAM2					1
Korra_Foundation	20251024_mem-histone	Korra_Foundation/20251024_mem-histone/fish3_72hpf_roi2/DSH1					5
Korra_Foundation	20251024_mem-histone	Korra_Foundation/20251024_mem-histone/fish3_72hpf_roi2/Logs					1
Korra_Foundation	20251024_mem-histone	Korra_Foundation/20251024_mem-histone/fish3_72hpf_roi2/job_logs					1
Korra_Foundation	20251024_mem-histone	Korra_Foundation/20251024_mem-histone/fish3_72hpf_roi2/perf					1
Korra_Foundation	20251024_mem-histone	Korra_Foundation/20251024_mem-histone/fish3_72hpf_roi2/tmp					1
Korra_Foundation	20251024_mem-histone	Korra_Foundation/20251024_mem-histone/fish3_72hpf_roi3/AF					5
Korra_Foundation	20251024_mem-histone	Korra_Foundation/20251024_mem-histone/fish3_72hpf_roi3/AFCAM2					1
Korra_Foundation	20251024_mem-histone	Korra_Foundation/20251024_mem-histone/fish3_72hpf_roi3/DSH1					5
Korra_Foundation	20251024_mem-histone	Korra_Foundation/20251024_mem-histone/fish3_72hpf_roi3/Logs					1
Korra_Foundation	20251024_mem-histone	Korra_Foundation/20251024_mem-histone/fish3_72hpf_roi3/job_logs					1
Korra_Foundation	20251024_mem-histone	Korra_Foundation/20251024_mem-histone/fish3_72hpf_roi3/perf					1
Korra_Foundation	20251024_mem-histone	Korra_Foundation/20251024_mem-histone/fish3_72hpf_roi3/tmp					1
Korra_Foundation	20251024_mem-histone	Korra_Foundation/20251024_mem-histone/fish3_72hpf_roi4/AF					5
Korra_Foundation	20251024_mem-histone	Korra_Foundation/20251024_mem-histone/fish3_72hpf_roi4/AFCAM2					1
Korra_Foundation	20251024_mem-histone	Korra_Foundation/20251024_mem-histone/fish3_72hpf_roi4/DSH1					5
Korra_Foundation	20251024_mem-histone	Korra_Foundation/20251024_mem-histone/fish3_72hpf_roi4/Logs					1
Korra_Foundation	20251024_mem-histone	Korra_Foundation/20251024_mem-histone/fish3_72hpf_roi4/job_logs					1
Korra_Foundation	20251024_mem-histone	Korra_Foundation/20251024_mem-histone/fish3_72hpf_roi4/perf					1
Korra_Foundation	20251024_mem-histone	Korra_Foundation/20251024_mem-histone/fish3_72hpf_roi4/tmp					1
Korra_Foundation	20251024_mem-histone	Korra_Foundation/20251024_mem-histone/fish3_72hpf_roi5/AF					5
Korra_Foundation	20251024_mem-histone	Korra_Foundation/20251024_mem-histone/fish3_72hpf_roi5/AFCAM2					1
Korra_Foundation	20251024_mem-histone	Korra_Foundation/20251024_mem-histone/fish3_72hpf_roi5/DSH1					5
Korra_Foundation	20251024_mem-histone	Korra_Foundation/20251024_mem-histone/fish3_72hpf_roi5/Logs					1
Korra_Foundation	20251024_mem-histone	Korra_Foundation/20251024_mem-histone/fish3_72hpf_roi5/job_logs					1
Korra_Foundation	20251024_mem-histone	Korra_Foundation/20251024_mem-histone/fish3_72hpf_roi5/perf					1
Korra_Foundation	20251024_mem-histone	Korra_Foundation/20251024_mem-histone/fish3_72hpf_roi5/tmp					1
Korra_Foundation	20251027_mem-histone	Korra_Foundation/20251027_mem-histone/fish3_72hpf_roi1/AF					5
Korra_Foundation	20251027_mem-histone	Korra_Foundation/20251027_mem-histone/fish3_72hpf_roi1/AFCAM2					1
Korra_Foundation	20251027_mem-histone	Korra_Foundation/20251027_mem-histone/fish3_72hpf_roi1/DSH1					5
Korra_Foundation	20251027_mem-histone	Korra_Foundation/20251027_mem-histone/fish3_72hpf_roi1/LVScripts					1
Korra_Foundation	20251027_mem-histone	Korra_Foundation/20251027_mem-histone/fish3_72hpf_roi1/Logs					1
Korra_Foundation	20251027_mem-histone	Korra_Foundation/20251027_mem-histone/fish3_72hpf_roi1/perf					1
Korra_Foundation	20251027_mem-histone	Korra_Foundation/20251027_mem-histone/fish3_72hpf_roi1/tmp					1
Korra_Foundation	20251027_mem-histone	Korra_Foundation/20251027_mem-histone/fish3_72hpf_roi2/AF					5
Korra_Foundation	20251027_mem-histone	Korra_Foundation/20251027_mem-histone/fish3_72hpf_roi2/AFCAM2					1
Korra_Foundation	20251027_mem-histone	Korra_Foundation/20251027_mem-histone/fish3_72hpf_roi2/DSH1					5
Korra_Foundation	20251027_mem-histone	Korra_Foundation/20251027_mem-histone/fish3_72hpf_roi2/Logs					1
Korra_Foundation	20251027_mem-histone	Korra_Foundation/20251027_mem-histone/fish3_72hpf_roi2/perf					1
Korra_Foundation	20251027_mem-histone	Korra_Foundation/20251027_mem-histone/fish3_72hpf_roi2/tmp					1
Korra_Foundation	20251027_mem-histone	Korra_Foundation/20251027_mem-histone/fish3_72hpf_roi3/AF					5
Korra_Foundation	20251027_mem-histone	Korra_Foundation/20251027_mem-histone/fish3_72hpf_roi3/AFCAM2					1
Korra_Foundation	20251027_mem-histone	Korra_Foundation/20251027_mem-histone/fish3_72hpf_roi3/DSH1					5
Korra_Foundation	20251027_mem-histone	Korra_Foundation/20251027_mem-histone/fish3_72hpf_roi3/Logs					1
Korra_Foundation	20251027_mem-histone	Korra_Foundation/20251027_mem-histone/fish3_72hpf_roi3/perf					1
Korra_Foundation	20251027_mem-histone	Korra_Foundation/20251027_mem-histone/fish3_72hpf_roi3/tmp					1
Korra_Foundation	20251027_mem-histone	Korra_Foundation/20251027_mem-histone/fish3_72hpf_roi4/AF					5
Korra_Foundation	20251027_mem-histone	Korra_Foundation/20251027_mem-histone/fish3_72hpf_roi4/AFCAM2					1
Korra_Foundation	20251027_mem-histone	Korra_Foundation/20251027_mem-histone/fish3_72hpf_roi4/DSH1					5
Korra_Foundation	20251027_mem-histone	Korra_Foundation/20251027_mem-histone/fish3_72hpf_roi4/Logs					1
Korra_Foundation	20251027_mem-histone	Korra_Foundation/20251027_mem-histone/fish3_72hpf_roi4/perf					1
Korra_Foundation	20251027_mem-histone	Korra_Foundation/20251027_mem-histone/fish3_72hpf_roi4/tmp					1
Korra_Foundation	20251029_mem-histone	Korra_Foundation/20251029_mem-histone/fish2_24hpf_roi1/AF					5
Korra_Foundation	20251029_mem-histone	Korra_Foundation/20251029_mem-histone/fish2_24hpf_roi1/AFCAM2					1
Korra_Foundation	20251029_mem-histone	Korra_Foundation/20251029_mem-histone/fish2_24hpf_roi1/DSH1					5
Korra_Foundation	20251029_mem-histone	Korra_Foundation/20251029_mem-histone/fish2_24hpf_roi1/LVScripts					1
Korra_Foundation	20251029_mem-histone	Korra_Foundation/20251029_mem-histone/fish2_24hpf_roi1/Logs					1
Korra_Foundation	20251029_mem-histone	Korra_Foundation/20251029_mem-histone/fish2_24hpf_roi1/perf					1
Korra_Foundation	20251029_mem-histone	Korra_Foundation/20251029_mem-histone/fish3_24hpf_roi1/AF					5
Korra_Foundation	20251029_mem-histone	Korra_Foundation/20251029_mem-histone/fish3_24hpf_roi1/AFCAM2					1
Korra_Foundation	20251029_mem-histone	Korra_Foundation/20251029_mem-histone/fish3_24hpf_roi1/DSH1					5
Korra_Foundation	20251029_mem-histone	Korra_Foundation/20251029_mem-histone/fish3_24hpf_roi1/Logs					1
Korra_Foundation	20251029_mem-histone	Korra_Foundation/20251029_mem-histone/fish3_24hpf_roi1/perf					1
Korra_Foundation	20251029_mem-histone	Korra_Foundation/20251029_mem-histone/fish5_24hpf_roi1/AF					5
Korra_Foundation	20251029_mem-histone	Korra_Foundation/20251029_mem-histone/fish5_24hpf_roi1/AFCAM2					1
Korra_Foundation	20251029_mem-histone	Korra_Foundation/20251029_mem-histone/fish5_24hpf_roi1/DSH1					5
Korra_Foundation	20251029_mem-histone	Korra_Foundation/20251029_mem-histone/fish5_24hpf_roi1/LVScripts					1
Korra_Foundation	20251029_mem-histone	Korra_Foundation/20251029_mem-histone/fish5_24hpf_roi1/Logs					1
Korra_Foundation	20251029_mem-histone	Korra_Foundation/20251029_mem-histone/fish5_24hpf_roi1/perf					1
Korra_Foundation	20251029_mem-histone	Korra_Foundation/20251029_mem-histone/fish5_24hpf_roi2/AF					5
Korra_Foundation	20251029_mem-histone	Korra_Foundation/20251029_mem-histone/fish5_24hpf_roi2/AFCAM2					1
Korra_Foundation	20251029_mem-histone	Korra_Foundation/20251029_mem-histone/fish5_24hpf_roi2/DSH1					5
Korra_Foundation	20251029_mem-histone	Korra_Foundation/20251029_mem-histone/fish5_24hpf_roi2/Logs					1
Korra_Foundation	20251029_mem-histone	Korra_Foundation/20251029_mem-histone/fish5_24hpf_roi2/perf					1
Korra_Foundation	20251106_mem-mito	Korra_Foundation/20251106_mem-mito/fish1_48hpf_roi1/AF					5
Korra_Foundation	20251106_mem-mito	Korra_Foundation/20251106_mem-mito/fish1_48hpf_roi1/AFCAM2					1
Korra_Foundation	20251106_mem-mito	Korra_Foundation/20251106_mem-mito/fish1_48hpf_roi1/DSH1					5
Korra_Foundation	20251106_mem-mito	Korra_Foundation/20251106_mem-mito/fish1_48hpf_roi1/LVScripts					1
Korra_Foundation	20251106_mem-mito	Korra_Foundation/20251106_mem-mito/fish1_48hpf_roi1/Logs					1
Korra_Foundation	20251106_mem-mito	Korra_Foundation/20251106_mem-mito/fish1_48hpf_roi1/perf					1
Korra_Foundation	20251106_mem-mito	Korra_Foundation/20251106_mem-mito/fish1_48hpf_roi2/AF					5
Korra_Foundation	20251106_mem-mito	Korra_Foundation/20251106_mem-mito/fish1_48hpf_roi2/AFCAM2					1
Korra_Foundation	20251106_mem-mito	Korra_Foundation/20251106_mem-mito/fish1_48hpf_roi2/DSH1					5
Korra_Foundation	20251106_mem-mito	Korra_Foundation/20251106_mem-mito/fish1_48hpf_roi2/LVScripts					1
Korra_Foundation	20251106_mem-mito	Korra_Foundation/20251106_mem-mito/fish1_48hpf_roi2/Logs					1
Korra_Foundation	20251106_mem-mito	Korra_Foundation/20251106_mem-mito/fish1_48hpf_roi2/perf					1
Korra_Foundation	20251106_mem-mito	Korra_Foundation/20251106_mem-mito/fish1_48hpf_roi3/AF					5
Korra_Foundation	20251106_mem-mito	Korra_Foundation/20251106_mem-mito/fish1_48hpf_roi3/AFCAM2					1
Korra_Foundation	20251106_mem-mito	Korra_Foundation/20251106_mem-mito/fish1_48hpf_roi3/DSH1					5
Korra_Foundation	20251106_mem-mito	Korra_Foundation/20251106_mem-mito/fish1_48hpf_roi3/Logs					1
Korra_Foundation	20251106_mem-mito	Korra_Foundation/20251106_mem-mito/fish1_48hpf_roi3/perf					1
Korra_Foundation	20251106_mem-mito	Korra_Foundation/20251106_mem-mito/fish1_48hpf_roi4/AF					5
Korra_Foundation	20251106_mem-mito	Korra_Foundation/20251106_mem-mito/fish1_48hpf_roi4/AFCAM2					1
Korra_Foundation	20251106_mem-mito	Korra_Foundation/20251106_mem-mito/fish1_48hpf_roi4/DSH1					5
Korra_Foundation	20251106_mem-mito	Korra_Foundation/20251106_mem-mito/fish1_48hpf_roi4/Logs					1
Korra_Foundation	20251106_mem-mito	Korra_Foundation/20251106_mem-mito/fish1_48hpf_roi4/perf					1
Korra_Foundation	20251106_mem-mito	Korra_Foundation/20251106_mem-mito/fish1_48hpf_roi5/AF					5
Korra_Foundation	20251106_mem-mito	Korra_Foundation/20251106_mem-mito/fish1_48hpf_roi5/AFCAM2					1
Korra_Foundation	20251106_mem-mito	Korra_Foundation/20251106_mem-mito/fish1_48hpf_roi5/DSH1					5
Korra_Foundation	20251106_mem-mito	Korra_Foundation/20251106_mem-mito/fish1_48hpf_roi5/Logs					1
Korra_Foundation	20251106_mem-mito	Korra_Foundation/20251106_mem-mito/fish1_48hpf_roi5/perf					1
Korra_Foundation	20251106_mem-mito	Korra_Foundation/20251106_mem-mito/fish2_48hpf_roi1/AF					5
Korra_Foundation	20251106_mem-mito	Korra_Foundation/20251106_mem-mito/fish2_48hpf_roi1/AFCAM2					1
Korra_Foundation	20251106_mem-mito	Korra_Foundation/20251106_mem-mito/fish2_48hpf_roi1/DSH1					5
Korra_Foundation	20251106_mem-mito	Korra_Foundation/20251106_mem-mito/fish2_48hpf_roi1/LVScripts					1
Korra_Foundation	20251106_mem-mito	Korra_Foundation/20251106_mem-mito/fish2_48hpf_roi1/Logs					1
Korra_Foundation	20251106_mem-mito	Korra_Foundation/20251106_mem-mito/fish2_48hpf_roi1/perf					1
Korra_Foundation	20251106_mem-mito	Korra_Foundation/20251106_mem-mito/fish2_48hpf_roi2/AF					5
Korra_Foundation	20251106_mem-mito	Korra_Foundation/20251106_mem-mito/fish2_48hpf_roi2/AFCAM2					1
Korra_Foundation	20251106_mem-mito	Korra_Foundation/20251106_mem-mito/fish2_48hpf_roi2/DSH1					5
Korra_Foundation	20251106_mem-mito	Korra_Foundation/20251106_mem-mito/fish2_48hpf_roi2/Logs					1
Korra_Foundation	20251106_mem-mito	Korra_Foundation/20251106_mem-mito/fish2_48hpf_roi2/perf					1
Korra_Foundation	20251106_mem-mito	Korra_Foundation/20251106_mem-mito/fish2_48hpf_roi3/AF					5
Korra_Foundation	20251106_mem-mito	Korra_Foundation/20251106_mem-mito/fish2_48hpf_roi3/AFCAM2					1
Korra_Foundation	20251106_mem-mito	Korra_Foundation/20251106_mem-mito/fish2_48hpf_roi3/DSH1					5
Korra_Foundation	20251106_mem-mito	Korra_Foundation/20251106_mem-mito/fish2_48hpf_roi3/Logs					1
Korra_Foundation	20251106_mem-mito	Korra_Foundation/20251106_mem-mito/fish2_48hpf_roi3/perf					1
Korra_Foundation	20251106_mem-mito	Korra_Foundation/20251106_mem-mito/fish2_48hpf_roi4/AF					5
Korra_Foundation	20251106_mem-mito	Korra_Foundation/20251106_mem-mito/fish2_48hpf_roi4/AFCAM2					1
Korra_Foundation	20251106_mem-mito	Korra_Foundation/20251106_mem-mito/fish2_48hpf_roi4/DSH1					5
Korra_Foundation	20251106_mem-mito	Korra_Foundation/20251106_mem-mito/fish2_48hpf_roi4/Logs					1
Korra_Foundation	20251106_mem-mito	Korra_Foundation/20251106_mem-mito/fish2_48hpf_roi4/perf					1
Korra_Foundation	20251106_mem-mito	Korra_Foundation/20251106_mem-mito/fish2_48hpf_roi5/AF					5
Korra_Foundation	20251106_mem-mito	Korra_Foundation/20251106_mem-mito/fish2_48hpf_roi5/AFCAM2					1
Korra_Foundation	20251106_mem-mito	Korra_Foundation/20251106_mem-mito/fish2_48hpf_roi5/DSH1					5
Korra_Foundation	20251106_mem-mito	Korra_Foundation/20251106_mem-mito/fish2_48hpf_roi5/Logs					1
Korra_Foundation	20251106_mem-mito	Korra_Foundation/20251106_mem-mito/fish2_48hpf_roi5/perf					1
Korra_Foundation	20251107_mem-centrioles	Korra_Foundation/20251107_mem-centrioles/fish2_72hpf_roi1/AF					5
Korra_Foundation	20251107_mem-centrioles	Korra_Foundation/20251107_mem-centrioles/fish2_72hpf_roi1/DSH1					5
Korra_Foundation	20251107_mem-centrioles	Korra_Foundation/20251107_mem-centrioles/fish2_72hpf_roi1/LVScripts					1
Korra_Foundation	20251107_mem-centrioles	Korra_Foundation/20251107_mem-centrioles/fish2_72hpf_roi1/Logs					1
Korra_Foundation	20251110_mem-histone	Korra_Foundation/20251110_mem-histone/fish1_48hpf_roi1/AF					5
Korra_Foundation	20251110_mem-histone	Korra_Foundation/20251110_mem-histone/fish1_48hpf_roi1/AFCAM2					1
Korra_Foundation	20251110_mem-histone	Korra_Foundation/20251110_mem-histone/fish1_48hpf_roi1/DSH1					5
Korra_Foundation	20251110_mem-histone	Korra_Foundation/20251110_mem-histone/fish1_48hpf_roi1/LVScripts					1
Korra_Foundation	20251110_mem-histone	Korra_Foundation/20251110_mem-histone/fish1_48hpf_roi1/Logs					1
Korra_Foundation	20251110_mem-histone	Korra_Foundation/20251110_mem-histone/fish1_48hpf_roi1/perf					1
Korra_Foundation	20251110_mem-histone	Korra_Foundation/20251110_mem-histone/fish1_48hpf_roi2/AF					5
Korra_Foundation	20251110_mem-histone	Korra_Foundation/20251110_mem-histone/fish1_48hpf_roi2/AFCAM2					1
Korra_Foundation	20251110_mem-histone	Korra_Foundation/20251110_mem-histone/fish1_48hpf_roi2/DSH1					5
Korra_Foundation	20251110_mem-histone	Korra_Foundation/20251110_mem-histone/fish1_48hpf_roi2/LVScripts					1
Korra_Foundation	20251110_mem-histone	Korra_Foundation/20251110_mem-histone/fish1_48hpf_roi2/Logs					1
Korra_Foundation	20251110_mem-histone	Korra_Foundation/20251110_mem-histone/fish1_48hpf_roi2/perf					1
Korra_Foundation	20251110_mem-histone	Korra_Foundation/20251110_mem-histone/fish1_48hpf_roi2/tmp					1
Korra_Foundation	20251110_mem-histone	Korra_Foundation/20251110_mem-histone/fish2_48hpf_roi1-2/AF					5
Korra_Foundation	20251110_mem-histone	Korra_Foundation/20251110_mem-histone/fish2_48hpf_roi1-2/AFCAM2					1
Korra_Foundation	20251110_mem-histone	Korra_Foundation/20251110_mem-histone/fish2_48hpf_roi1-2/DSH1					5
Korra_Foundation	20251110_mem-histone	Korra_Foundation/20251110_mem-histone/fish2_48hpf_roi1-2/LVScripts					1
Korra_Foundation	20251110_mem-histone	Korra_Foundation/20251110_mem-histone/fish2_48hpf_roi1-2/Logs					1
Korra_Foundation	20251110_mem-histone	Korra_Foundation/20251110_mem-histone/fish2_48hpf_roi1-2/perf					1
Korra_Foundation	20251110_mem-histone	Korra_Foundation/20251110_mem-histone/fish2_48hpf_roi1-2/tmp					1
Korra_Foundation	20251110_mem-histone	Korra_Foundation/20251110_mem-histone/fish2_48hpf_roi1/AF					5
Korra_Foundation	20251110_mem-histone	Korra_Foundation/20251110_mem-histone/fish2_48hpf_roi1/AFCAM2					1
Korra_Foundation	20251110_mem-histone	Korra_Foundation/20251110_mem-histone/fish2_48hpf_roi1/DSH1					5
Korra_Foundation	20251110_mem-histone	Korra_Foundation/20251110_mem-histone/fish2_48hpf_roi1/LVScripts					1
Korra_Foundation	20251110_mem-histone	Korra_Foundation/20251110_mem-histone/fish2_48hpf_roi1/Logs					1
Korra_Foundation	20251110_mem-histone	Korra_Foundation/20251110_mem-histone/fish2_48hpf_roi1/perf					1
Korra_Foundation	20251110_mem-histone	Korra_Foundation/20251110_mem-histone/fish3_48hpf_roi1/AF					5
Korra_Foundation	20251110_mem-histone	Korra_Foundation/20251110_mem-histone/fish3_48hpf_roi1/AFCAM2					1
Korra_Foundation	20251110_mem-histone	Korra_Foundation/20251110_mem-histone/fish3_48hpf_roi1/DSH1					5
Korra_Foundation	20251110_mem-histone	Korra_Foundation/20251110_mem-histone/fish3_48hpf_roi1/LVScripts					1
Korra_Foundation	20251110_mem-histone	Korra_Foundation/20251110_mem-histone/fish3_48hpf_roi1/Logs					1
Korra_Foundation	20251110_mem-histone	Korra_Foundation/20251110_mem-histone/fish3_48hpf_roi1/perf					1
Korra_Foundation	20251110_mem-histone	Korra_Foundation/20251110_mem-histone/fish3_48hpf_roi1/tmp					1
Korra_Foundation	20251110_mem-histone	Korra_Foundation/20251110_mem-histone/fish4_48hpf_roi1/AF					5
Korra_Foundation	20251110_mem-histone	Korra_Foundation/20251110_mem-histone/fish4_48hpf_roi1/AFCAM2					1
Korra_Foundation	20251110_mem-histone	Korra_Foundation/20251110_mem-histone/fish4_48hpf_roi1/Chromatic_Shift_Corrected				.zarr	439
Korra_Foundation	20251110_mem-histone	Korra_Foundation/20251110_mem-histone/fish4_48hpf_roi1/DSH1					5
Korra_Foundation	20251110_mem-histone	Korra_Foundation/20251110_mem-histone/fish4_48hpf_roi1/Logs					1
Korra_Foundation	20251110_mem-histone	Korra_Foundation/20251110_mem-histone/fish4_48hpf_roi1/perf					1
Korra_Foundation	20251110_mem-histone	Korra_Foundation/20251110_mem-histone/fish4_48hpf_roi1/tmp					1
Korra_Foundation	20251112_mem-mito	Korra_Foundation/20251112_mem-mito/fish2_48hpf_roi1/AF					5
Korra_Foundation	20251112_mem-mito	Korra_Foundation/20251112_mem-mito/fish2_48hpf_roi1/AFCAM2					1
Korra_Foundation	20251112_mem-mito	Korra_Foundation/20251112_mem-mito/fish2_48hpf_roi1/DSH1					5
Korra_Foundation	20251112_mem-mito	Korra_Foundation/20251112_mem-mito/fish2_48hpf_roi1/Logs					1
Korra_Foundation	20251112_mem-mito	Korra_Foundation/20251112_mem-mito/fish2_48hpf_roi1/perf					1
Korra_Foundation	20251112_mem-mito	Korra_Foundation/20251112_mem-mito/fish2_48hpf_roi2/AF					5
Korra_Foundation	20251112_mem-mito	Korra_Foundation/20251112_mem-mito/fish2_48hpf_roi2/AFCAM2					1
Korra_Foundation	20251112_mem-mito	Korra_Foundation/20251112_mem-mito/fish2_48hpf_roi2/DSH1					5
Korra_Foundation	20251112_mem-mito	Korra_Foundation/20251112_mem-mito/fish2_48hpf_roi2/Logs					1
Korra_Foundation	20251112_mem-mito	Korra_Foundation/20251112_mem-mito/fish2_48hpf_roi2/perf					1
Korra_Foundation	20251112_mem-mito	Korra_Foundation/20251112_mem-mito/fish2_48hpf_roi3/AF					5
Korra_Foundation	20251112_mem-mito	Korra_Foundation/20251112_mem-mito/fish2_48hpf_roi3/AFCAM2					1
Korra_Foundation	20251112_mem-mito	Korra_Foundation/20251112_mem-mito/fish2_48hpf_roi3/DSH1					5
Korra_Foundation	20251112_mem-mito	Korra_Foundation/20251112_mem-mito/fish2_48hpf_roi3/LVScripts					1
Korra_Foundation	20251112_mem-mito	Korra_Foundation/20251112_mem-mito/fish2_48hpf_roi3/Logs					1
Korra_Foundation	20251112_mem-mito	Korra_Foundation/20251112_mem-mito/fish2_48hpf_roi3/perf					1
Korra_Foundation	20251112_mem-mito	Korra_Foundation/20251112_mem-mito/fish3_48hpf_roi1/AF					5
Korra_Foundation	20251112_mem-mito	Korra_Foundation/20251112_mem-mito/fish3_48hpf_roi1/DSH1					5
Korra_Foundation	20251112_mem-mito	Korra_Foundation/20251112_mem-mito/fish3_48hpf_roi1/LVScripts					1
Korra_Foundation	20251112_mem-mito	Korra_Foundation/20251112_mem-mito/fish3_48hpf_roi1/Logs					1
Korra_Foundation	20251112_mem-mito	Korra_Foundation/20251112_mem-mito/fish3_48hpf_roi1/perf					1
Korra_Foundation	20251112_mem-mito	Korra_Foundation/20251112_mem-mito/fish3_48hpf_roi2/AF					5
Korra_Foundation	20251112_mem-mito	Korra_Foundation/20251112_mem-mito/fish3_48hpf_roi2/DSH1					5
Korra_Foundation	20251112_mem-mito	Korra_Foundation/20251112_mem-mito/fish3_48hpf_roi2/Logs					1
Korra_Foundation	20251112_mem-mito	Korra_Foundation/20251112_mem-mito/fish3_48hpf_roi2/perf					1
Korra_Foundation	20251112_mem-mito	Korra_Foundation/20251112_mem-mito/fish3_48hpf_roi3/AF					5
Korra_Foundation	20251112_mem-mito	Korra_Foundation/20251112_mem-mito/fish3_48hpf_roi3/DSH1					5
Korra_Foundation	20251112_mem-mito	Korra_Foundation/20251112_mem-mito/fish3_48hpf_roi3/Logs					1
Korra_Foundation	20251112_mem-mito	Korra_Foundation/20251112_mem-mito/fish3_48hpf_roi3/perf					1
Korra_Foundation	20251112_mem-mito	Korra_Foundation/20251112_mem-mito/fish3_48hpf_roi4/AF					5
Korra_Foundation	20251112_mem-mito	Korra_Foundation/20251112_mem-mito/fish3_48hpf_roi4/DSH1					5
Korra_Foundation	20251112_mem-mito	Korra_Foundation/20251112_mem-mito/fish3_48hpf_roi4/Logs					1
Korra_Foundation	20251112_mem-mito	Korra_Foundation/20251112_mem-mito/fish3_48hpf_roi4/perf					1
Korra_Foundation	20251112_mem-mito	Korra_Foundation/20251112_mem-mito/fish4_48hpf_roi1/AF					5
Korra_Foundation	20251112_mem-mito	Korra_Foundation/20251112_mem-mito/fish4_48hpf_roi1/DSH1					5
Korra_Foundation	20251112_mem-mito	Korra_Foundation/20251112_mem-mito/fish4_48hpf_roi1/LVScripts					1
Korra_Foundation	20251112_mem-mito	Korra_Foundation/20251112_mem-mito/fish4_48hpf_roi1/Logs					1
Korra_Foundation	20251112_mem-mito	Korra_Foundation/20251112_mem-mito/fish4_48hpf_roi1/perf					1
Korra_Foundation	20251112_mem-mito	Korra_Foundation/20251112_mem-mito/fish4_48hpf_roi2/AF					5
Korra_Foundation	20251112_mem-mito	Korra_Foundation/20251112_mem-mito/fish4_48hpf_roi2/DSH1					5
Korra_Foundation	20251112_mem-mito	Korra_Foundation/20251112_mem-mito/fish4_48hpf_roi2/Logs					1
Korra_Foundation	20251112_mem-mito	Korra_Foundation/20251112_mem-mito/fish4_48hpf_roi2/perf					1
Korra_Foundation	20251112_mem-mito	Korra_Foundation/20251112_mem-mito/fish4_48hpf_roi3/AF					5
Korra_Foundation	20251112_mem-mito	Korra_Foundation/20251112_mem-mito/fish4_48hpf_roi3/DSH1					5
Korra_Foundation	20251112_mem-mito	Korra_Foundation/20251112_mem-mito/fish4_48hpf_roi3/Logs					1
Korra_Foundation	20251112_mem-mito	Korra_Foundation/20251112_mem-mito/fish4_48hpf_roi3/perf					1
Korra_Foundation	20251113_mem-histone	Korra_Foundation/20251113_mem-histone/fish1_120hpf_roi1/AF					5
Korra_Foundation	20251113_mem-histone	Korra_Foundation/20251113_mem-histone/fish1_120hpf_roi1/AFCAM2					1
Korra_Foundation	20251113_mem-histone	Korra_Foundation/20251113_mem-histone/fish1_120hpf_roi1/DSH1					5
Korra_Foundation	20251113_mem-histone	Korra_Foundation/20251113_mem-histone/fish1_120hpf_roi1/LVScripts					1
Korra_Foundation	20251113_mem-histone	Korra_Foundation/20251113_mem-histone/fish1_120hpf_roi1/Logs					1
Korra_Foundation	20251113_mem-histone	Korra_Foundation/20251113_mem-histone/fish1_120hpf_roi1/perf					1
Korra_Foundation	20251113_mem-histone	Korra_Foundation/20251113_mem-histone/fish2_120hpf_roi1/AF					5
Korra_Foundation	20251113_mem-histone	Korra_Foundation/20251113_mem-histone/fish2_120hpf_roi1/AFCAM2					1
Korra_Foundation	20251113_mem-histone	Korra_Foundation/20251113_mem-histone/fish2_120hpf_roi1/DSH1					5
Korra_Foundation	20251113_mem-histone	Korra_Foundation/20251113_mem-histone/fish2_120hpf_roi1/LVScripts					1
Korra_Foundation	20251113_mem-histone	Korra_Foundation/20251113_mem-histone/fish2_120hpf_roi1/Logs					1
Korra_Foundation	20251113_mem-histone	Korra_Foundation/20251113_mem-histone/fish2_120hpf_roi1/perf					1
Korra_Foundation	20251114_mem-mito_mount1	Korra_Foundation/20251114_mem-mito_mount1/fish1_24hpf_roi1/AF					5
Korra_Foundation	20251114_mem-mito_mount1	Korra_Foundation/20251114_mem-mito_mount1/fish1_24hpf_roi1/AFCAM2					1
Korra_Foundation	20251114_mem-mito_mount1	Korra_Foundation/20251114_mem-mito_mount1/fish1_24hpf_roi1/DSH1					5
Korra_Foundation	20251114_mem-mito_mount1	Korra_Foundation/20251114_mem-mito_mount1/fish1_24hpf_roi1/LVScripts					1
Korra_Foundation	20251114_mem-mito_mount1	Korra_Foundation/20251114_mem-mito_mount1/fish1_24hpf_roi1/Logs					1
Korra_Foundation	20251114_mem-mito_mount1	Korra_Foundation/20251114_mem-mito_mount1/fish1_24hpf_roi1/perf					1
Korra_Foundation	20251114_mem-mito_mount1	Korra_Foundation/20251114_mem-mito_mount1/fish1_24hpf_roi2/AF					5
Korra_Foundation	20251114_mem-mito_mount1	Korra_Foundation/20251114_mem-mito_mount1/fish1_24hpf_roi2/AFCAM2					1
Korra_Foundation	20251114_mem-mito_mount1	Korra_Foundation/20251114_mem-mito_mount1/fish1_24hpf_roi2/DSH1					5
Korra_Foundation	20251114_mem-mito_mount1	Korra_Foundation/20251114_mem-mito_mount1/fish1_24hpf_roi2/LVScripts					1
Korra_Foundation	20251114_mem-mito_mount1	Korra_Foundation/20251114_mem-mito_mount1/fish1_24hpf_roi2/Logs					1
Korra_Foundation	20251114_mem-mito_mount1	Korra_Foundation/20251114_mem-mito_mount1/fish1_24hpf_roi2/perf					1
Korra_Foundation	20251114_mem-mito_mount1	Korra_Foundation/20251114_mem-mito_mount1/fish2_24hpf_roi1/AF					5
Korra_Foundation	20251114_mem-mito_mount1	Korra_Foundation/20251114_mem-mito_mount1/fish2_24hpf_roi1/AFCAM2					1
Korra_Foundation	20251114_mem-mito_mount1	Korra_Foundation/20251114_mem-mito_mount1/fish2_24hpf_roi1/DSH1					5
Korra_Foundation	20251114_mem-mito_mount1	Korra_Foundation/20251114_mem-mito_mount1/fish2_24hpf_roi1/Logs					1
Korra_Foundation	20251114_mem-mito_mount1	Korra_Foundation/20251114_mem-mito_mount1/fish2_24hpf_roi1/perf					1
Korra_Foundation	20251114_mem-mito_mount1	Korra_Foundation/20251114_mem-mito_mount1/fish2_24hpf_roi2/AF					5
Korra_Foundation	20251114_mem-mito_mount1	Korra_Foundation/20251114_mem-mito_mount1/fish2_24hpf_roi2/AFCAM2					1
Korra_Foundation	20251114_mem-mito_mount1	Korra_Foundation/20251114_mem-mito_mount1/fish2_24hpf_roi2/DSH1					5
Korra_Foundation	20251114_mem-mito_mount1	Korra_Foundation/20251114_mem-mito_mount1/fish2_24hpf_roi2/Logs					1
Korra_Foundation	20251114_mem-mito_mount1	Korra_Foundation/20251114_mem-mito_mount1/fish2_24hpf_roi2/perf					1
Korra_Foundation	20251114_mem-mito_mount1	Korra_Foundation/20251114_mem-mito_mount1/fish2_24hpf_roi3/AF					5
Korra_Foundation	20251114_mem-mito_mount1	Korra_Foundation/20251114_mem-mito_mount1/fish2_24hpf_roi3/AFCAM2					1
Korra_Foundation	20251114_mem-mito_mount1	Korra_Foundation/20251114_mem-mito_mount1/fish2_24hpf_roi3/DSH1					5
Korra_Foundation	20251114_mem-mito_mount1	Korra_Foundation/20251114_mem-mito_mount1/fish2_24hpf_roi3/Logs					1
Korra_Foundation	20251114_mem-mito_mount1	Korra_Foundation/20251114_mem-mito_mount1/fish2_24hpf_roi3/perf					1
Korra_Foundation	20251114_mem-mito_mount1	Korra_Foundation/20251114_mem-mito_mount1/fish3_24hpf_roi1/AF					5
Korra_Foundation	20251114_mem-mito_mount1	Korra_Foundation/20251114_mem-mito_mount1/fish3_24hpf_roi1/AFCAM2					1
Korra_Foundation	20251114_mem-mito_mount1	Korra_Foundation/20251114_mem-mito_mount1/fish3_24hpf_roi1/DSH1					5
Korra_Foundation	20251114_mem-mito_mount1	Korra_Foundation/20251114_mem-mito_mount1/fish3_24hpf_roi1/Logs					1
Korra_Foundation	20251114_mem-mito_mount1	Korra_Foundation/20251114_mem-mito_mount1/fish3_24hpf_roi1/perf					1
Korra_Foundation	20251114_mem-mito_mount1	Korra_Foundation/20251114_mem-mito_mount1/fish3_24hpf_roi2/AF					5
Korra_Foundation	20251114_mem-mito_mount1	Korra_Foundation/20251114_mem-mito_mount1/fish3_24hpf_roi2/AFCAM2					1
Korra_Foundation	20251114_mem-mito_mount1	Korra_Foundation/20251114_mem-mito_mount1/fish3_24hpf_roi2/DSH1					5
Korra_Foundation	20251114_mem-mito_mount1	Korra_Foundation/20251114_mem-mito_mount1/fish3_24hpf_roi2/LVScripts					1
Korra_Foundation	20251114_mem-mito_mount1	Korra_Foundation/20251114_mem-mito_mount1/fish3_24hpf_roi2/Logs					1
Korra_Foundation	20251114_mem-mito_mount1	Korra_Foundation/20251114_mem-mito_mount1/fish3_24hpf_roi2/perf					1
Korra_Foundation	20251114_mem-mito_mount1	Korra_Foundation/20251114_mem-mito_mount1/fish3_24hpf_roi3/AF					5
Korra_Foundation	20251114_mem-mito_mount1	Korra_Foundation/20251114_mem-mito_mount1/fish3_24hpf_roi3/AFCAM2					1
Korra_Foundation	20251114_mem-mito_mount1	Korra_Foundation/20251114_mem-mito_mount1/fish3_24hpf_roi3/DSH1					5
Korra_Foundation	20251114_mem-mito_mount1	Korra_Foundation/20251114_mem-mito_mount1/fish3_24hpf_roi3/Logs					1
Korra_Foundation	20251114_mem-mito_mount1	Korra_Foundation/20251114_mem-mito_mount1/fish3_24hpf_roi3/perf					1
Korra_Foundation	20251114_mem-mito_mount1	Korra_Foundation/20251114_mem-mito_mount1/fish4_24hpf_roi1/AF					5
Korra_Foundation	20251114_mem-mito_mount1	Korra_Foundation/20251114_mem-mito_mount1/fish4_24hpf_roi1/AFCAM2					1
Korra_Foundation	20251114_mem-mito_mount1	Korra_Foundation/20251114_mem-mito_mount1/fish4_24hpf_roi1/DSH1					5
Korra_Foundation	20251114_mem-mito_mount1	Korra_Foundation/20251114_mem-mito_mount1/fish4_24hpf_roi1/LVScripts					1
Korra_Foundation	20251114_mem-mito_mount1	Korra_Foundation/20251114_mem-mito_mount1/fish4_24hpf_roi1/Logs					1
Korra_Foundation	20251114_mem-mito_mount1	Korra_Foundation/20251114_mem-mito_mount1/fish4_24hpf_roi1/perf					1
Korra_Foundation	20251114_mem-mito_mount1	Korra_Foundation/20251114_mem-mito_mount1/fish4_24hpf_roi2/AF					5
Korra_Foundation	20251114_mem-mito_mount1	Korra_Foundation/20251114_mem-mito_mount1/fish4_24hpf_roi2/AFCAM2					1
Korra_Foundation	20251114_mem-mito_mount1	Korra_Foundation/20251114_mem-mito_mount1/fish4_24hpf_roi2/DSH1					5
Korra_Foundation	20251114_mem-mito_mount1	Korra_Foundation/20251114_mem-mito_mount1/fish4_24hpf_roi2/Logs					1
Korra_Foundation	20251114_mem-mito_mount1	Korra_Foundation/20251114_mem-mito_mount1/fish4_24hpf_roi2/perf					1
Korra_Foundation	20251114_mem-mito_mount1	Korra_Foundation/20251114_mem-mito_mount1/fish4_24hpf_roi3/AF					5
Korra_Foundation	20251114_mem-mito_mount1	Korra_Foundation/20251114_mem-mito_mount1/fish4_24hpf_roi3/AFCAM2					1
Korra_Foundation	20251114_mem-mito_mount1	Korra_Foundation/20251114_mem-mito_mount1/fish4_24hpf_roi3/DSH1					5
Korra_Foundation	20251114_mem-mito_mount1	Korra_Foundation/20251114_mem-mito_mount1/fish4_24hpf_roi3/Logs					1
Korra_Foundation	20251114_mem-mito_mount1	Korra_Foundation/20251114_mem-mito_mount1/fish4_24hpf_roi3/perf					1
Korra_Foundation	20251114_mem-mito_mount2	Korra_Foundation/20251114_mem-mito_mount2/fish1_24hpf_roi1/AF					5
Korra_Foundation	20251114_mem-mito_mount2	Korra_Foundation/20251114_mem-mito_mount2/fish1_24hpf_roi1/AFCAM2					1
Korra_Foundation	20251114_mem-mito_mount2	Korra_Foundation/20251114_mem-mito_mount2/fish1_24hpf_roi1/DSH1					5
Korra_Foundation	20251114_mem-mito_mount2	Korra_Foundation/20251114_mem-mito_mount2/fish1_24hpf_roi1/LVScripts					1
Korra_Foundation	20251114_mem-mito_mount2	Korra_Foundation/20251114_mem-mito_mount2/fish1_24hpf_roi1/Logs					1
Korra_Foundation	20251114_mem-mito_mount2	Korra_Foundation/20251114_mem-mito_mount2/fish1_24hpf_roi1/perf					1
Korra_Foundation	20251114_mem-mito_mount2	Korra_Foundation/20251114_mem-mito_mount2/fish1_24hpf_roi2/AF					5
Korra_Foundation	20251114_mem-mito_mount2	Korra_Foundation/20251114_mem-mito_mount2/fish1_24hpf_roi2/AFCAM2					1
Korra_Foundation	20251114_mem-mito_mount2	Korra_Foundation/20251114_mem-mito_mount2/fish1_24hpf_roi2/DSH1					5
Korra_Foundation	20251114_mem-mito_mount2	Korra_Foundation/20251114_mem-mito_mount2/fish1_24hpf_roi2/Logs					1
Korra_Foundation	20251114_mem-mito_mount2	Korra_Foundation/20251114_mem-mito_mount2/fish1_24hpf_roi2/perf					1
Korra_Foundation	20251114_mem-mito_mount2	Korra_Foundation/20251114_mem-mito_mount2/fish2_24hpf_roi1/AF					5
Korra_Foundation	20251114_mem-mito_mount2	Korra_Foundation/20251114_mem-mito_mount2/fish2_24hpf_roi1/AFCAM2					1
Korra_Foundation	20251114_mem-mito_mount2	Korra_Foundation/20251114_mem-mito_mount2/fish2_24hpf_roi1/DSH1					5
Korra_Foundation	20251114_mem-mito_mount2	Korra_Foundation/20251114_mem-mito_mount2/fish2_24hpf_roi1/Logs					1
Korra_Foundation	20251114_mem-mito_mount2	Korra_Foundation/20251114_mem-mito_mount2/fish2_24hpf_roi1/perf					1
Korra_Foundation	20251114_mem-mito_mount2	Korra_Foundation/20251114_mem-mito_mount2/fish2_24hpf_roi2/AF					5
Korra_Foundation	20251114_mem-mito_mount2	Korra_Foundation/20251114_mem-mito_mount2/fish2_24hpf_roi2/AFCAM2					1
Korra_Foundation	20251114_mem-mito_mount2	Korra_Foundation/20251114_mem-mito_mount2/fish2_24hpf_roi2/DSH1					5
Korra_Foundation	20251114_mem-mito_mount2	Korra_Foundation/20251114_mem-mito_mount2/fish2_24hpf_roi2/Logs					1
Korra_Foundation	20251114_mem-mito_mount2	Korra_Foundation/20251114_mem-mito_mount2/fish2_24hpf_roi2/perf					1
Korra_Foundation	20251114_mem-mito_mount2	Korra_Foundation/20251114_mem-mito_mount2/fish4_24hpf_roi1/AF					5
Korra_Foundation	20251114_mem-mito_mount2	Korra_Foundation/20251114_mem-mito_mount2/fish4_24hpf_roi1/AFCAM2					1
Korra_Foundation	20251114_mem-mito_mount2	Korra_Foundation/20251114_mem-mito_mount2/fish4_24hpf_roi1/DSH1					5
Korra_Foundation	20251114_mem-mito_mount2	Korra_Foundation/20251114_mem-mito_mount2/fish4_24hpf_roi1/Logs					1
Korra_Foundation	20251114_mem-mito_mount2	Korra_Foundation/20251114_mem-mito_mount2/fish4_24hpf_roi1/perf					1
Korra_Foundation	20251114_mem-mito_mount2	Korra_Foundation/20251114_mem-mito_mount2/fish4_24hpf_roi2/AF					5
Korra_Foundation	20251114_mem-mito_mount2	Korra_Foundation/20251114_mem-mito_mount2/fish4_24hpf_roi2/AFCAM2					1
Korra_Foundation	20251114_mem-mito_mount2	Korra_Foundation/20251114_mem-mito_mount2/fish4_24hpf_roi2/DSH1					5
Korra_Foundation	20251114_mem-mito_mount2	Korra_Foundation/20251114_mem-mito_mount2/fish4_24hpf_roi2/Logs					1
Korra_Foundation	20251114_mem-mito_mount2	Korra_Foundation/20251114_mem-mito_mount2/fish4_24hpf_roi2/perf					1
Korra_Foundation	20251114_mem-mito_mount2	Korra_Foundation/20251114_mem-mito_mount2/fish4_24hpf_roi3/AF					5
Korra_Foundation	20251114_mem-mito_mount2	Korra_Foundation/20251114_mem-mito_mount2/fish4_24hpf_roi3/AFCAM2					1
Korra_Foundation	20251114_mem-mito_mount2	Korra_Foundation/20251114_mem-mito_mount2/fish4_24hpf_roi3/DSH1					5
Korra_Foundation	20251114_mem-mito_mount2	Korra_Foundation/20251114_mem-mito_mount2/fish4_24hpf_roi3/Logs					1
Korra_Foundation	20251114_mem-mito_mount2	Korra_Foundation/20251114_mem-mito_mount2/fish4_24hpf_roi3/perf					1
Korra_Foundation	20251114_mem-mito_mount2	Korra_Foundation/20251114_mem-mito_mount2/fish5_24hpf_roi1/AF					5
Korra_Foundation	20251114_mem-mito_mount2	Korra_Foundation/20251114_mem-mito_mount2/fish5_24hpf_roi1/AFCAM2					1
Korra_Foundation	20251114_mem-mito_mount2	Korra_Foundation/20251114_mem-mito_mount2/fish5_24hpf_roi1/DSH1					5
Korra_Foundation	20251114_mem-mito_mount2	Korra_Foundation/20251114_mem-mito_mount2/fish5_24hpf_roi1/Logs					1
Korra_Foundation	20251114_mem-mito_mount2	Korra_Foundation/20251114_mem-mito_mount2/fish5_24hpf_roi1/perf					1
Korra_Foundation	20251114_mem-mito_mount2	Korra_Foundation/20251114_mem-mito_mount2/fish5_24hpf_roi2/AF					5
Korra_Foundation	20251114_mem-mito_mount2	Korra_Foundation/20251114_mem-mito_mount2/fish5_24hpf_roi2/AFCAM2					1
Korra_Foundation	20251114_mem-mito_mount2	Korra_Foundation/20251114_mem-mito_mount2/fish5_24hpf_roi2/DSH1					5
Korra_Foundation	20251114_mem-mito_mount2	Korra_Foundation/20251114_mem-mito_mount2/fish5_24hpf_roi2/Logs					1
Korra_Foundation	20251114_mem-mito_mount2	Korra_Foundation/20251114_mem-mito_mount2/fish5_24hpf_roi2/perf					1
Korra_Foundation	20251114_mem-mito_mount2	Korra_Foundation/20251114_mem-mito_mount2/fish5_24hpf_roi3/AF					5
Korra_Foundation	20251114_mem-mito_mount2	Korra_Foundation/20251114_mem-mito_mount2/fish5_24hpf_roi3/AFCAM2					1
Korra_Foundation	20251114_mem-mito_mount2	Korra_Foundation/20251114_mem-mito_mount2/fish5_24hpf_roi3/DSH1					5
Korra_Foundation	20251114_mem-mito_mount2	Korra_Foundation/20251114_mem-mito_mount2/fish5_24hpf_roi3/Logs					1
Korra_Foundation	20251114_mem-mito_mount2	Korra_Foundation/20251114_mem-mito_mount2/fish5_24hpf_roi3/perf					1
Korra_Foundation	20251114_mem-mito_mount2	Korra_Foundation/20251114_mem-mito_mount2/fish6_24hpf_roi1/AF					5
Korra_Foundation	20251114_mem-mito_mount2	Korra_Foundation/20251114_mem-mito_mount2/fish6_24hpf_roi1/AFCAM2					1
Korra_Foundation	20251114_mem-mito_mount2	Korra_Foundation/20251114_mem-mito_mount2/fish6_24hpf_roi1/DSH1					5
Korra_Foundation	20251114_mem-mito_mount2	Korra_Foundation/20251114_mem-mito_mount2/fish6_24hpf_roi1/Logs					1
Korra_Foundation	20251114_mem-mito_mount2	Korra_Foundation/20251114_mem-mito_mount2/fish6_24hpf_roi1/perf					1
Korra_Foundation	20251114_mem-mito_mount2	Korra_Foundation/20251114_mem-mito_mount2/fish6_24hpf_roi2/AF					5
Korra_Foundation	20251114_mem-mito_mount2	Korra_Foundation/20251114_mem-mito_mount2/fish6_24hpf_roi2/AFCAM2					1
Korra_Foundation	20251114_mem-mito_mount2	Korra_Foundation/20251114_mem-mito_mount2/fish6_24hpf_roi2/DSH1					5
Korra_Foundation	20251114_mem-mito_mount2	Korra_Foundation/20251114_mem-mito_mount2/fish6_24hpf_roi2/LVScripts					1
Korra_Foundation	20251114_mem-mito_mount2	Korra_Foundation/20251114_mem-mito_mount2/fish6_24hpf_roi2/Logs					1
Korra_Foundation	20251114_mem-mito_mount2	Korra_Foundation/20251114_mem-mito_mount2/fish6_24hpf_roi2/perf					1
Korra_Foundation	20251117_mem-histone	Korra_Foundation/20251117_mem-histone/fish1_48hpf_roi1/AF					5
Korra_Foundation	20251117_mem-histone	Korra_Foundation/20251117_mem-histone/fish1_48hpf_roi1/AFCAM2					1
Korra_Foundation	20251117_mem-histone	Korra_Foundation/20251117_mem-histone/fish1_48hpf_roi1/DSH1					5
Korra_Foundation	20251117_mem-histone	Korra_Foundation/20251117_mem-histone/fish1_48hpf_roi1/LVScripts					1
Korra_Foundation	20251117_mem-histone	Korra_Foundation/20251117_mem-histone/fish1_48hpf_roi1/Logs					1
Korra_Foundation	20251117_mem-histone	Korra_Foundation/20251117_mem-histone/fish1_48hpf_roi1/perf					1
Korra_Foundation	20251121_mem-histone	Korra_Foundation/20251121_mem-histone/fish1_48hpf_roi1-2/AF					5
Korra_Foundation	20251121_mem-histone	Korra_Foundation/20251121_mem-histone/fish1_48hpf_roi1-2/AFCAM2					1
Korra_Foundation	20251121_mem-histone	Korra_Foundation/20251121_mem-histone/fish1_48hpf_roi1-2/DSH1					5
Korra_Foundation	20251121_mem-histone	Korra_Foundation/20251121_mem-histone/fish1_48hpf_roi1-2/LVScripts					1
Korra_Foundation	20251121_mem-histone	Korra_Foundation/20251121_mem-histone/fish1_48hpf_roi1-2/Logs					1
Korra_Foundation	20251121_mem-histone	Korra_Foundation/20251121_mem-histone/fish1_48hpf_roi1-2/perf					1
Korra_Foundation	20251121_mem-histone	Korra_Foundation/20251121_mem-histone/fish1_48hpf_roi1/AF					5
Korra_Foundation	20251121_mem-histone	Korra_Foundation/20251121_mem-histone/fish1_48hpf_roi1/AFCAM2					1
Korra_Foundation	20251121_mem-histone	Korra_Foundation/20251121_mem-histone/fish1_48hpf_roi1/DSH1					5
Korra_Foundation	20251121_mem-histone	Korra_Foundation/20251121_mem-histone/fish1_48hpf_roi1/LVScripts					1
Korra_Foundation	20251121_mem-histone	Korra_Foundation/20251121_mem-histone/fish1_48hpf_roi1/Logs					1
Korra_Foundation	20251121_mem-histone	Korra_Foundation/20251121_mem-histone/fish1_48hpf_roi1/perf					1
Korra_Foundation	20251121_mem-histone	Korra_Foundation/20251121_mem-histone/fish1_48hpf_roi2/AF					5
Korra_Foundation	20251121_mem-histone	Korra_Foundation/20251121_mem-histone/fish1_48hpf_roi2/AFCAM2					1
Korra_Foundation	20251121_mem-histone	Korra_Foundation/20251121_mem-histone/fish1_48hpf_roi2/DSH1					5
Korra_Foundation	20251121_mem-histone	Korra_Foundation/20251121_mem-histone/fish1_48hpf_roi2/LVScripts					1
Korra_Foundation	20251121_mem-histone	Korra_Foundation/20251121_mem-histone/fish1_48hpf_roi2/Logs					1
Korra_Foundation	20251121_mem-histone	Korra_Foundation/20251121_mem-histone/fish1_48hpf_roi2/perf					1
Korra_Foundation	20251121_mem-histone	Korra_Foundation/20251121_mem-histone/fish2_48hpf_roi1/AF					5
Korra_Foundation	20251121_mem-histone	Korra_Foundation/20251121_mem-histone/fish2_48hpf_roi1/AFCAM2					1
Korra_Foundation	20251121_mem-histone	Korra_Foundation/20251121_mem-histone/fish2_48hpf_roi1/DSH1					5
Korra_Foundation	20251121_mem-histone	Korra_Foundation/20251121_mem-histone/fish2_48hpf_roi1/Logs					1
Korra_Foundation	20251121_mem-histone	Korra_Foundation/20251121_mem-histone/fish2_48hpf_roi1/perf					1
Korra_Foundation	20251124_mem-histone	Korra_Foundation/20251124_mem-histone/fish1_72hpf_roi1/LVScripts					1
Korra_Foundation	20251124_mem-histone	Korra_Foundation/20251124_mem-histone/fish1_72hpf_roi1/Logs					1
Korra_Foundation	20251124_mem-histone	Korra_Foundation/20251124_mem-histone/fish1_72hpf_roi1/perf					1
Korra_Foundation	20251125_mem-histone	Korra_Foundation/20251125_mem-histone/fish1_96hpf_roi1-2/AF					5
Korra_Foundation	20251125_mem-histone	Korra_Foundation/20251125_mem-histone/fish1_96hpf_roi1-2/AFCAM2					1
Korra_Foundation	20251125_mem-histone	Korra_Foundation/20251125_mem-histone/fish1_96hpf_roi1-2/DSH1					5
Korra_Foundation	20251125_mem-histone	Korra_Foundation/20251125_mem-histone/fish1_96hpf_roi1-2/LVScripts					1
Korra_Foundation	20251125_mem-histone	Korra_Foundation/20251125_mem-histone/fish1_96hpf_roi1-2/Logs					1
Korra_Foundation	20251125_mem-histone	Korra_Foundation/20251125_mem-histone/fish1_96hpf_roi1-2/perf					1
Korra_Foundation	20251125_mem-histone	Korra_Foundation/20251125_mem-histone/fish1_96hpf_roi1-3/AF					5
Korra_Foundation	20251125_mem-histone	Korra_Foundation/20251125_mem-histone/fish1_96hpf_roi1-3/AFCAM2					1
Korra_Foundation	20251125_mem-histone	Korra_Foundation/20251125_mem-histone/fish1_96hpf_roi1-3/DSH1					5
Korra_Foundation	20251125_mem-histone	Korra_Foundation/20251125_mem-histone/fish1_96hpf_roi1-3/LVScripts					1
Korra_Foundation	20251125_mem-histone	Korra_Foundation/20251125_mem-histone/fish1_96hpf_roi1-3/Logs					1
Korra_Foundation	20251125_mem-histone	Korra_Foundation/20251125_mem-histone/fish1_96hpf_roi1-3/perf					1
Korra_Foundation	20251125_mem-histone	Korra_Foundation/20251125_mem-histone/fish1_96hpf_roi1-4/AF					5
Korra_Foundation	20251125_mem-histone	Korra_Foundation/20251125_mem-histone/fish1_96hpf_roi1-4/AFCAM2					1
Korra_Foundation	20251125_mem-histone	Korra_Foundation/20251125_mem-histone/fish1_96hpf_roi1-4/DSH1					5
Korra_Foundation	20251125_mem-histone	Korra_Foundation/20251125_mem-histone/fish1_96hpf_roi1-4/LVScripts					1
Korra_Foundation	20251125_mem-histone	Korra_Foundation/20251125_mem-histone/fish1_96hpf_roi1-4/Logs					1
Korra_Foundation	20251125_mem-histone	Korra_Foundation/20251125_mem-histone/fish1_96hpf_roi1-4/perf					1
Korra_Foundation	20251125_mem-histone	Korra_Foundation/20251125_mem-histone/fish1_96hpf_roi1/AF					5
Korra_Foundation	20251125_mem-histone	Korra_Foundation/20251125_mem-histone/fish1_96hpf_roi1/DSH1					5
Korra_Foundation	20251125_mem-histone	Korra_Foundation/20251125_mem-histone/fish1_96hpf_roi1/LVScripts					1
Korra_Foundation	20251125_mem-histone	Korra_Foundation/20251125_mem-histone/fish1_96hpf_roi1/Logs					1
Korra_Foundation	20251125_mem-histone	Korra_Foundation/20251125_mem-histone/fish1_96hpf_roi1/perf					1
Korra_Foundation	20251126_mem-histone	Korra_Foundation/20251126_mem-histone/fish1_120hpf_roi1/AF					5
Korra_Foundation	20251126_mem-histone	Korra_Foundation/20251126_mem-histone/fish1_120hpf_roi1/DSH1					5
Korra_Foundation	20251126_mem-histone	Korra_Foundation/20251126_mem-histone/fish1_120hpf_roi1/LVScripts					1
Korra_Foundation	20251126_mem-histone	Korra_Foundation/20251126_mem-histone/fish1_120hpf_roi1/Logs					1
Korra_Foundation	20251126_mem-histone	Korra_Foundation/20251126_mem-histone/fish1_120hpf_roi1/perf					1
Korra_Foundation	20251126_mem-histone	Korra_Foundation/20251126_mem-histone/fish2_120hpf_roi1/Logs					1
Korra_Foundation	20251126_mem-histone	Korra_Foundation/20251126_mem-histone/fish2_120hpf_roi1/perf					1
Korra_Foundation	20251128_mem-histone	Korra_Foundation/20251128_mem-histone/fish1_120hpf_roi1/Logs					1
Korra_Foundation	20251128_mem-histone	Korra_Foundation/20251128_mem-histone/fish1_120hpf_roi1/perf					1
Korra_Foundation	20251128_mem-histone	Korra_Foundation/20251128_mem-histone/fish2_120hpf_roi1/LVScripts					1
Korra_Foundation	20251128_mem-histone	Korra_Foundation/20251128_mem-histone/fish2_120hpf_roi1/Logs					1
Korra_Foundation	20251128_mem-histone	Korra_Foundation/20251128_mem-histone/fish2_120hpf_roi1/perf					1
Korra_Foundation	20251202_mem-cytosolic	Korra_Foundation/20251202_mem-cytosolic/fish1_24hpf_roi1/LVScripts					1
Korra_Foundation	20251202_mem-cytosolic	Korra_Foundation/20251202_mem-cytosolic/fish1_24hpf_roi1/Logs					1
Korra_Foundation	20251202_mem-cytosolic	Korra_Foundation/20251202_mem-cytosolic/fish1_24hpf_roi1/perf					1
Korra_Foundation	20251202_mem-cytosolic	Korra_Foundation/20251202_mem-cytosolic/fish1_24hpf_roi2/LVScripts					1
Korra_Foundation	20251202_mem-cytosolic	Korra_Foundation/20251202_mem-cytosolic/fish1_24hpf_roi2/Logs					1
Korra_Foundation	20251202_mem-cytosolic	Korra_Foundation/20251202_mem-cytosolic/fish1_24hpf_roi2/perf					1
Korra_Foundation	20251202_mem-cytosolic	Korra_Foundation/20251202_mem-cytosolic/fish4_24hpf_roi1/Logs					1
Korra_Foundation	20251202_mem-cytosolic	Korra_Foundation/20251202_mem-cytosolic/fish4_24hpf_roi1/perf					1
Korra_Foundation	20251202_mem-cytosolic	Korra_Foundation/20251202_mem-cytosolic/fish5_24hpf_roi1/Logs					1
Korra_Foundation	20251202_mem-cytosolic	Korra_Foundation/20251202_mem-cytosolic/fish5_24hpf_roi1/perf					1
Korra_Foundation	20251202_mem-cytosolic	Korra_Foundation/20251202_mem-cytosolic/fish6_24hpf_roi1/Logs					1
Korra_Foundation	20251202_mem-cytosolic	Korra_Foundation/20251202_mem-cytosolic/fish6_24hpf_roi1/perf					1
Korra_Foundation	20251203_mem-cytosolic	Korra_Foundation/20251203_mem-cytosolic/fish1_48hpf_roi1/LVScripts					1
Korra_Foundation	20251203_mem-cytosolic	Korra_Foundation/20251203_mem-cytosolic/fish1_48hpf_roi1/Logs					1
Korra_Foundation	20251203_mem-cytosolic	Korra_Foundation/20251203_mem-cytosolic/fish1_48hpf_roi1/perf					1
Korra_Foundation	20251203_mem-cytosolic	Korra_Foundation/20251203_mem-cytosolic/fish2_48hpf_roi1/LVScripts					1
Korra_Foundation	20251203_mem-cytosolic	Korra_Foundation/20251203_mem-cytosolic/fish2_48hpf_roi1/Logs					1
Korra_Foundation	20251203_mem-cytosolic	Korra_Foundation/20251203_mem-cytosolic/fish2_48hpf_roi1/perf					1
Korra_Foundation	20251203_mem-cytosolic	Korra_Foundation/20251203_mem-cytosolic/fish3_48hpf_roi1/Logs					1
Korra_Foundation	20251203_mem-cytosolic	Korra_Foundation/20251203_mem-cytosolic/fish3_48hpf_roi1/perf					1
Korra_Foundation	20251203_mem-cytosolic	Korra_Foundation/20251203_mem-cytosolic/fish4_48hpf_roi1/Logs					1
Korra_Foundation	20251203_mem-cytosolic	Korra_Foundation/20251203_mem-cytosolic/fish4_48hpf_roi1/perf					1
Korra_Foundation	20251204_mem_histone	Korra_Foundation/20251204_mem_histone/fish1_72hpf_roi1/AF					5
Korra_Foundation	20251204_mem_histone	Korra_Foundation/20251204_mem_histone/fish1_72hpf_roi1/AFCAM2					1
Korra_Foundation	20251204_mem_histone	Korra_Foundation/20251204_mem_histone/fish1_72hpf_roi1/DSH1					5
Korra_Foundation	20251204_mem_histone	Korra_Foundation/20251204_mem_histone/fish1_72hpf_roi1/LVScripts					1
Korra_Foundation	20251204_mem_histone	Korra_Foundation/20251204_mem_histone/fish1_72hpf_roi1/Logs					1
Korra_Foundation	20251204_mem_histone	Korra_Foundation/20251204_mem_histone/fish1_72hpf_roi1/perf					1
Korra_Foundation	20251204_mem_histone	Korra_Foundation/20251204_mem_histone/fish1_72hpf_roi2/AF					5
Korra_Foundation	20251204_mem_histone	Korra_Foundation/20251204_mem_histone/fish1_72hpf_roi2/AFCAM2					1
Korra_Foundation	20251204_mem_histone	Korra_Foundation/20251204_mem_histone/fish1_72hpf_roi2/DSH1					5
Korra_Foundation	20251204_mem_histone	Korra_Foundation/20251204_mem_histone/fish1_72hpf_roi2/LVScripts					1
Korra_Foundation	20251204_mem_histone	Korra_Foundation/20251204_mem_histone/fish1_72hpf_roi2/Logs					1
Korra_Foundation	20251204_mem_histone	Korra_Foundation/20251204_mem_histone/fish1_72hpf_roi2/perf					1
Korra_Foundation	20251204_mem_histone	Korra_Foundation/20251204_mem_histone/fish1_72hpf_roi3/AF					5
Korra_Foundation	20251204_mem_histone	Korra_Foundation/20251204_mem_histone/fish1_72hpf_roi3/AFCAM2					1
Korra_Foundation	20251204_mem_histone	Korra_Foundation/20251204_mem_histone/fish1_72hpf_roi3/DSH1					5
Korra_Foundation	20251204_mem_histone	Korra_Foundation/20251204_mem_histone/fish1_72hpf_roi3/LVScripts					1
Korra_Foundation	20251204_mem_histone	Korra_Foundation/20251204_mem_histone/fish1_72hpf_roi3/Logs					1
Korra_Foundation	20251204_mem_histone	Korra_Foundation/20251204_mem_histone/fish1_72hpf_roi3/perf					1
Korra_Foundation	20251204_mem_histone	Korra_Foundation/20251204_mem_histone/fish1_72hpf_roi4/AF					5
Korra_Foundation	20251204_mem_histone	Korra_Foundation/20251204_mem_histone/fish1_72hpf_roi4/AFCAM2					1
Korra_Foundation	20251204_mem_histone	Korra_Foundation/20251204_mem_histone/fish1_72hpf_roi4/DSH1					5
Korra_Foundation	20251204_mem_histone	Korra_Foundation/20251204_mem_histone/fish1_72hpf_roi4/Logs					1
Korra_Foundation	20251204_mem_histone	Korra_Foundation/20251204_mem_histone/fish1_72hpf_roi4/perf					1
Korra_Foundation	20251204_mem_histone	Korra_Foundation/20251204_mem_histone/fish1_72hpf_roi5/AF					5
Korra_Foundation	20251204_mem_histone	Korra_Foundation/20251204_mem_histone/fish1_72hpf_roi5/AFCAM2					1
Korra_Foundation	20251204_mem_histone	Korra_Foundation/20251204_mem_histone/fish1_72hpf_roi5/DSH1					5
Korra_Foundation	20251204_mem_histone	Korra_Foundation/20251204_mem_histone/fish1_72hpf_roi5/Logs					1
Korra_Foundation	20251204_mem_histone	Korra_Foundation/20251204_mem_histone/fish1_72hpf_roi5/perf					1
Korra_Foundation	20251204_mem_histone	Korra_Foundation/20251204_mem_histone/fish1_72hpf_roi6/AF					5
Korra_Foundation	20251204_mem_histone	Korra_Foundation/20251204_mem_histone/fish1_72hpf_roi6/AFCAM2					1
Korra_Foundation	20251204_mem_histone	Korra_Foundation/20251204_mem_histone/fish1_72hpf_roi6/DSH1					5
Korra_Foundation	20251204_mem_histone	Korra_Foundation/20251204_mem_histone/fish1_72hpf_roi6/Logs					1
Korra_Foundation	20251204_mem_histone	Korra_Foundation/20251204_mem_histone/fish1_72hpf_roi6/perf					1
Korra_Foundation	20251204_mem_histone	Korra_Foundation/20251204_mem_histone/fish1_72hpf_roi7/AF					5
Korra_Foundation	20251204_mem_histone	Korra_Foundation/20251204_mem_histone/fish1_72hpf_roi7/AFCAM2					1
Korra_Foundation	20251204_mem_histone	Korra_Foundation/20251204_mem_histone/fish1_72hpf_roi7/DSH1					5
Korra_Foundation	20251204_mem_histone	Korra_Foundation/20251204_mem_histone/fish1_72hpf_roi7/Logs					1
Korra_Foundation	20251204_mem_histone	Korra_Foundation/20251204_mem_histone/fish1_72hpf_roi7/perf					1
Korra_Foundation	20251204_mem_histone	Korra_Foundation/20251204_mem_histone/fish1_72hpf_roi8/AF					5
Korra_Foundation	20251204_mem_histone	Korra_Foundation/20251204_mem_histone/fish1_72hpf_roi8/AFCAM2					1
Korra_Foundation	20251204_mem_histone	Korra_Foundation/20251204_mem_histone/fish1_72hpf_roi8/DSH1					5
Korra_Foundation	20251204_mem_histone	Korra_Foundation/20251204_mem_histone/fish1_72hpf_roi8/Logs					1
Korra_Foundation	20251204_mem_histone	Korra_Foundation/20251204_mem_histone/fish1_72hpf_roi8/perf					1
Korra_Foundation	20251204_mem_histone	Korra_Foundation/20251204_mem_histone/fish1_72hpf_roi9/AF					5
Korra_Foundation	20251204_mem_histone	Korra_Foundation/20251204_mem_histone/fish1_72hpf_roi9/AFCAM2					1
Korra_Foundation	20251204_mem_histone	Korra_Foundation/20251204_mem_histone/fish1_72hpf_roi9/DSH1					5
Korra_Foundation	20251204_mem_histone	Korra_Foundation/20251204_mem_histone/fish1_72hpf_roi9/Logs					1
Korra_Foundation	20251204_mem_histone	Korra_Foundation/20251204_mem_histone/fish1_72hpf_roi9/perf					1
Korra_Foundation	20251204_mem_histone	Korra_Foundation/20251204_mem_histone/fish3_72hpf_roi1/AF					5
Korra_Foundation	20251204_mem_histone	Korra_Foundation/20251204_mem_histone/fish3_72hpf_roi1/AFCAM2					1
Korra_Foundation	20251204_mem_histone	Korra_Foundation/20251204_mem_histone/fish3_72hpf_roi1/DSH1					5
Korra_Foundation	20251204_mem_histone	Korra_Foundation/20251204_mem_histone/fish3_72hpf_roi1/LVScripts					1
Korra_Foundation	20251204_mem_histone	Korra_Foundation/20251204_mem_histone/fish3_72hpf_roi1/Logs					1
Korra_Foundation	20251204_mem_histone	Korra_Foundation/20251204_mem_histone/fish3_72hpf_roi1/perf					1
Korra_Foundation	20251204_mem_histone	Korra_Foundation/20251204_mem_histone/fish3_72hpf_roi2/AF					5
Korra_Foundation	20251204_mem_histone	Korra_Foundation/20251204_mem_histone/fish3_72hpf_roi2/AFCAM2					1
Korra_Foundation	20251204_mem_histone	Korra_Foundation/20251204_mem_histone/fish3_72hpf_roi2/DSH1					5
Korra_Foundation	20251204_mem_histone	Korra_Foundation/20251204_mem_histone/fish3_72hpf_roi2/Logs					1
Korra_Foundation	20251204_mem_histone	Korra_Foundation/20251204_mem_histone/fish3_72hpf_roi2/perf					1
Korra_Foundation	20251205_mem-histone	Korra_Foundation/20251205_mem-histone/fish1_96hpf_roi1/AF					5
Korra_Foundation	20251205_mem-histone	Korra_Foundation/20251205_mem-histone/fish1_96hpf_roi1/AFCAM2					1
Korra_Foundation	20251205_mem-histone	Korra_Foundation/20251205_mem-histone/fish1_96hpf_roi1/DSH1					5
Korra_Foundation	20251205_mem-histone	Korra_Foundation/20251205_mem-histone/fish1_96hpf_roi1/LVScripts					1
Korra_Foundation	20251205_mem-histone	Korra_Foundation/20251205_mem-histone/fish1_96hpf_roi1/Logs					1
Korra_Foundation	20251205_mem-histone	Korra_Foundation/20251205_mem-histone/fish1_96hpf_roi1/perf					1
Korra_Foundation	20251205_mem-histone	Korra_Foundation/20251205_mem-histone/fish1_96hpf_roi2/AF					5
Korra_Foundation	20251205_mem-histone	Korra_Foundation/20251205_mem-histone/fish1_96hpf_roi2/AFCAM2					1
Korra_Foundation	20251205_mem-histone	Korra_Foundation/20251205_mem-histone/fish1_96hpf_roi2/DSH1					5
Korra_Foundation	20251205_mem-histone	Korra_Foundation/20251205_mem-histone/fish1_96hpf_roi2/Logs					1
Korra_Foundation	20251205_mem-histone	Korra_Foundation/20251205_mem-histone/fish1_96hpf_roi2/perf					1
Korra_Foundation	20251205_mem-histone	Korra_Foundation/20251205_mem-histone/fish1_96hpf_roi3/AF					5
Korra_Foundation	20251205_mem-histone	Korra_Foundation/20251205_mem-histone/fish1_96hpf_roi3/AFCAM2					1
Korra_Foundation	20251205_mem-histone	Korra_Foundation/20251205_mem-histone/fish1_96hpf_roi3/DSH1					5
Korra_Foundation	20251205_mem-histone	Korra_Foundation/20251205_mem-histone/fish1_96hpf_roi3/Logs					1
Korra_Foundation	20251205_mem-histone	Korra_Foundation/20251205_mem-histone/fish1_96hpf_roi3/perf					1
Korra_Foundation	20251205_mem-histone	Korra_Foundation/20251205_mem-histone/fish2_96hpf_roi1/AF					5
Korra_Foundation	20251205_mem-histone	Korra_Foundation/20251205_mem-histone/fish2_96hpf_roi1/AFCAM2					1
Korra_Foundation	20251205_mem-histone	Korra_Foundation/20251205_mem-histone/fish2_96hpf_roi1/DSH1					5
Korra_Foundation	20251205_mem-histone	Korra_Foundation/20251205_mem-histone/fish2_96hpf_roi1/Logs					1
Korra_Foundation	20251205_mem-histone	Korra_Foundation/20251205_mem-histone/fish2_96hpf_roi1/perf					1
Korra_Foundation	20251205_mem-histone	Korra_Foundation/20251205_mem-histone/fish2_96hpf_roi2/AF					5
Korra_Foundation	20251205_mem-histone	Korra_Foundation/20251205_mem-histone/fish2_96hpf_roi2/AFCAM2					1
Korra_Foundation	20251205_mem-histone	Korra_Foundation/20251205_mem-histone/fish2_96hpf_roi2/DSH1					5
Korra_Foundation	20251205_mem-histone	Korra_Foundation/20251205_mem-histone/fish2_96hpf_roi2/Logs					1
Korra_Foundation	20251205_mem-histone	Korra_Foundation/20251205_mem-histone/fish2_96hpf_roi2/perf					1
Korra_Foundation	20251205_mem-histone	Korra_Foundation/20251205_mem-histone/fish2_96hpf_roi3/AF					5
Korra_Foundation	20251205_mem-histone	Korra_Foundation/20251205_mem-histone/fish2_96hpf_roi3/AFCAM2					1
Korra_Foundation	20251205_mem-histone	Korra_Foundation/20251205_mem-histone/fish2_96hpf_roi3/DSH1					5
Korra_Foundation	20251205_mem-histone	Korra_Foundation/20251205_mem-histone/fish2_96hpf_roi3/Logs					1
Korra_Foundation	20251205_mem-histone	Korra_Foundation/20251205_mem-histone/fish2_96hpf_roi3/perf					1
Korra_Foundation	20251208_mem-histone	Korra_Foundation/20251208_mem-histone/fish1_24hpf_roi1-2/AF					5
Korra_Foundation	20251208_mem-histone	Korra_Foundation/20251208_mem-histone/fish1_24hpf_roi1-2/AFCAM2					1
Korra_Foundation	20251208_mem-histone	Korra_Foundation/20251208_mem-histone/fish1_24hpf_roi1-2/DSH1					5
Korra_Foundation	20251208_mem-histone	Korra_Foundation/20251208_mem-histone/fish1_24hpf_roi1-2/LVScripts					1
Korra_Foundation	20251208_mem-histone	Korra_Foundation/20251208_mem-histone/fish1_24hpf_roi1-2/Logs					1
Korra_Foundation	20251208_mem-histone	Korra_Foundation/20251208_mem-histone/fish1_24hpf_roi1-2/perf					1
Korra_Foundation	20251208_mem-histone	Korra_Foundation/20251208_mem-histone/fish1_24hpf_roi1/AF					5
Korra_Foundation	20251208_mem-histone	Korra_Foundation/20251208_mem-histone/fish1_24hpf_roi1/AFCAM2					1
Korra_Foundation	20251208_mem-histone	Korra_Foundation/20251208_mem-histone/fish1_24hpf_roi1/DSH1					5
Korra_Foundation	20251208_mem-histone	Korra_Foundation/20251208_mem-histone/fish1_24hpf_roi1/LVScripts					1
Korra_Foundation	20251208_mem-histone	Korra_Foundation/20251208_mem-histone/fish1_24hpf_roi1/Logs					1
Korra_Foundation	20251208_mem-histone	Korra_Foundation/20251208_mem-histone/fish1_24hpf_roi1/perf					1
Korra_Foundation	20251208_mem-histone	Korra_Foundation/20251208_mem-histone/fish4_24hpf_roi2/AF					5
Korra_Foundation	20251208_mem-histone	Korra_Foundation/20251208_mem-histone/fish4_24hpf_roi2/AFCAM2					1
Korra_Foundation	20251208_mem-histone	Korra_Foundation/20251208_mem-histone/fish4_24hpf_roi2/DSH1					5
Korra_Foundation	20251208_mem-histone	Korra_Foundation/20251208_mem-histone/fish4_24hpf_roi2/LVScripts					1
Korra_Foundation	20251208_mem-histone	Korra_Foundation/20251208_mem-histone/fish4_24hpf_roi2/Logs					1
Korra_Foundation	20251208_mem-histone	Korra_Foundation/20251208_mem-histone/fish4_24hpf_roi2/perf					1
Korra_Foundation	20251209_mem-histone	Korra_Foundation/20251209_mem-histone/fish1_24hpf_roi1/AF					5
Korra_Foundation	20251209_mem-histone	Korra_Foundation/20251209_mem-histone/fish1_24hpf_roi1/AFCAM2					1
Korra_Foundation	20251209_mem-histone	Korra_Foundation/20251209_mem-histone/fish1_24hpf_roi1/DSH1					5
Korra_Foundation	20251209_mem-histone	Korra_Foundation/20251209_mem-histone/fish1_24hpf_roi1/LVScripts					1
Korra_Foundation	20251209_mem-histone	Korra_Foundation/20251209_mem-histone/fish1_24hpf_roi1/Logs					1
Korra_Foundation	20251209_mem-histone	Korra_Foundation/20251209_mem-histone/fish1_24hpf_roi1/perf					1
Korra_Foundation	20251209_mem-histone	Korra_Foundation/20251209_mem-histone/fish2_24hpf_roi1/AF					5
Korra_Foundation	20251209_mem-histone	Korra_Foundation/20251209_mem-histone/fish2_24hpf_roi1/DSH1					5
Korra_Foundation	20251209_mem-histone	Korra_Foundation/20251209_mem-histone/fish2_24hpf_roi1/Logs					1
Korra_Foundation	20251209_mem-histone	Korra_Foundation/20251209_mem-histone/fish3_48hpf_roi1/AF					5
Korra_Foundation	20251209_mem-histone	Korra_Foundation/20251209_mem-histone/fish3_48hpf_roi1/AFCAM2					1
Korra_Foundation	20251209_mem-histone	Korra_Foundation/20251209_mem-histone/fish3_48hpf_roi1/DSH1					5
Korra_Foundation	20251209_mem-histone	Korra_Foundation/20251209_mem-histone/fish3_48hpf_roi1/LVScripts					1
Korra_Foundation	20251209_mem-histone	Korra_Foundation/20251209_mem-histone/fish3_48hpf_roi1/Logs					1
Korra_Foundation	20251209_mem-histone	Korra_Foundation/20251209_mem-histone/fish3_48hpf_roi1/perf					1
Korra_Foundation	20251210_mem-histone	Korra_Foundation/20251210_mem-histone/fish1_48hpf_roi1/AF					5
Korra_Foundation	20251210_mem-histone	Korra_Foundation/20251210_mem-histone/fish1_48hpf_roi1/AFCAM2					1
Korra_Foundation	20251210_mem-histone	Korra_Foundation/20251210_mem-histone/fish1_48hpf_roi1/DSH1					5
Korra_Foundation	20251210_mem-histone	Korra_Foundation/20251210_mem-histone/fish1_48hpf_roi1/LVScripts					1
Korra_Foundation	20251210_mem-histone	Korra_Foundation/20251210_mem-histone/fish1_48hpf_roi1/Logs					1
Korra_Foundation	20251210_mem-histone	Korra_Foundation/20251210_mem-histone/fish1_48hpf_roi1/perf					1
Korra_Foundation	20251210_mem-histone	Korra_Foundation/20251210_mem-histone/fish2_48hpf_roi1/AF					5
Korra_Foundation	20251210_mem-histone	Korra_Foundation/20251210_mem-histone/fish2_48hpf_roi1/AFCAM2					1
Korra_Foundation	20251210_mem-histone	Korra_Foundation/20251210_mem-histone/fish2_48hpf_roi1/DSH1					5
Korra_Foundation	20251210_mem-histone	Korra_Foundation/20251210_mem-histone/fish2_48hpf_roi1/Logs					1
Korra_Foundation	20251210_mem-histone	Korra_Foundation/20251210_mem-histone/fish2_48hpf_roi1/perf					1
Korra_Foundation	20251210_mem-histone	Korra_Foundation/20251210_mem-histone/fish2_48hpf_roi2/AF					5
Korra_Foundation	20251210_mem-histone	Korra_Foundation/20251210_mem-histone/fish2_48hpf_roi2/AFCAM2					1
Korra_Foundation	20251210_mem-histone	Korra_Foundation/20251210_mem-histone/fish2_48hpf_roi2/DSH1					5
Korra_Foundation	20251210_mem-histone	Korra_Foundation/20251210_mem-histone/fish2_48hpf_roi2/LVScripts					1
Korra_Foundation	20251210_mem-histone	Korra_Foundation/20251210_mem-histone/fish2_48hpf_roi2/Logs					1
Korra_Foundation	20251210_mem-histone	Korra_Foundation/20251210_mem-histone/fish2_48hpf_roi2/perf					1
Korra_Foundation	20251210_mem-histone	Korra_Foundation/20251210_mem-histone/fish3_48hpf_roi1/AF					5
Korra_Foundation	20251210_mem-histone	Korra_Foundation/20251210_mem-histone/fish3_48hpf_roi1/AFCAM2					1
Korra_Foundation	20251210_mem-histone	Korra_Foundation/20251210_mem-histone/fish3_48hpf_roi1/DSH1					5
Korra_Foundation	20251210_mem-histone	Korra_Foundation/20251210_mem-histone/fish3_48hpf_roi1/LVScripts					1
Korra_Foundation	20251210_mem-histone	Korra_Foundation/20251210_mem-histone/fish3_48hpf_roi1/Logs					1
Korra_Foundation	20251210_mem-histone	Korra_Foundation/20251210_mem-histone/fish3_48hpf_roi1/perf					1
Korra_Foundation	20251211_mem-histone	Korra_Foundation/20251211_mem-histone/fish1_72hpf_roi1/AF					5
Korra_Foundation	20251211_mem-histone	Korra_Foundation/20251211_mem-histone/fish1_72hpf_roi1/AFCAM2					1
Korra_Foundation	20251211_mem-histone	Korra_Foundation/20251211_mem-histone/fish1_72hpf_roi1/DSH1					5
Korra_Foundation	20251211_mem-histone	Korra_Foundation/20251211_mem-histone/fish1_72hpf_roi1/LVScripts					1
Korra_Foundation	20251211_mem-histone	Korra_Foundation/20251211_mem-histone/fish1_72hpf_roi1/Logs					1
Korra_Foundation	20251211_mem-histone	Korra_Foundation/20251211_mem-histone/fish1_72hpf_roi1/perf					1
Korra_Foundation	20251211_mem-histone	Korra_Foundation/20251211_mem-histone/fish2_72hpf_roi1/AF					5
Korra_Foundation	20251211_mem-histone	Korra_Foundation/20251211_mem-histone/fish2_72hpf_roi1/AFCAM2					1
Korra_Foundation	20251211_mem-histone	Korra_Foundation/20251211_mem-histone/fish2_72hpf_roi1/DSH1					5
Korra_Foundation	20251211_mem-histone	Korra_Foundation/20251211_mem-histone/fish2_72hpf_roi1/LVScripts					1
Korra_Foundation	20251211_mem-histone	Korra_Foundation/20251211_mem-histone/fish2_72hpf_roi1/Logs					1
Korra_Foundation	20251211_mem-histone	Korra_Foundation/20251211_mem-histone/fish2_72hpf_roi1/perf					1
Korra_Foundation	20251212_mem-histone	Korra_Foundation/20251212_mem-histone/fish1_72hpf_roi1/AF					5
Korra_Foundation	20251212_mem-histone	Korra_Foundation/20251212_mem-histone/fish1_72hpf_roi1/AFCAM2					1
Korra_Foundation	20251212_mem-histone	Korra_Foundation/20251212_mem-histone/fish1_72hpf_roi1/DSH1					6
Korra_Foundation	20251212_mem-histone	Korra_Foundation/20251212_mem-histone/fish1_72hpf_roi1/LVScripts					1
Korra_Foundation	20251212_mem-histone	Korra_Foundation/20251212_mem-histone/fish1_72hpf_roi1/Logs					1
Korra_Foundation	20251212_mem-histone	Korra_Foundation/20251212_mem-histone/fish1_72hpf_roi1/perf					1
Korra_Foundation	20251212_mem-histone	Korra_Foundation/20251212_mem-histone/fish2_72hpf_roi1/AF					5
Korra_Foundation	20251212_mem-histone	Korra_Foundation/20251212_mem-histone/fish2_72hpf_roi1/AFCAM2					1
Korra_Foundation	20251212_mem-histone	Korra_Foundation/20251212_mem-histone/fish2_72hpf_roi1/DSH1					5
Korra_Foundation	20251212_mem-histone	Korra_Foundation/20251212_mem-histone/fish2_72hpf_roi1/LVScripts					1
Korra_Foundation	20251212_mem-histone	Korra_Foundation/20251212_mem-histone/fish2_72hpf_roi1/Logs					1
Korra_Foundation	20251212_mem-histone	Korra_Foundation/20251212_mem-histone/fish2_72hpf_roi1/perf					1
Korra_Foundation	20251212_mem-histone	Korra_Foundation/20251212_mem-histone/fish3_72hpf_roi1/AF					5
Korra_Foundation	20251212_mem-histone	Korra_Foundation/20251212_mem-histone/fish3_72hpf_roi1/AFCAM2					1
Korra_Foundation	20251212_mem-histone	Korra_Foundation/20251212_mem-histone/fish3_72hpf_roi1/DSH1					5
Korra_Foundation	20251212_mem-histone	Korra_Foundation/20251212_mem-histone/fish3_72hpf_roi1/Logs					1
Korra_Foundation	20251212_mem-histone	Korra_Foundation/20251212_mem-histone/fish3_72hpf_roi1/perf					1
Korra_Foundation	20251216_mem-histone	Korra_Foundation/20251216_mem-histone/fish1_24hpf_roi1/AF					5
Korra_Foundation	20251216_mem-histone	Korra_Foundation/20251216_mem-histone/fish1_24hpf_roi1/AFCAM2					1
Korra_Foundation	20251216_mem-histone	Korra_Foundation/20251216_mem-histone/fish1_24hpf_roi1/DSH1					5
Korra_Foundation	20251216_mem-histone	Korra_Foundation/20251216_mem-histone/fish1_24hpf_roi1/LVScripts					1
Korra_Foundation	20251216_mem-histone	Korra_Foundation/20251216_mem-histone/fish1_24hpf_roi1/Logs					1
Korra_Foundation	20251216_mem-histone	Korra_Foundation/20251216_mem-histone/fish1_24hpf_roi1/perf					1
Korra_Foundation	20251216_mem-histone	Korra_Foundation/20251216_mem-histone/fish2_24hpf_roi1/AF					5
Korra_Foundation	20251216_mem-histone	Korra_Foundation/20251216_mem-histone/fish2_24hpf_roi1/AFCAM2					1
Korra_Foundation	20251216_mem-histone	Korra_Foundation/20251216_mem-histone/fish2_24hpf_roi1/DSH1					5
Korra_Foundation	20251216_mem-histone	Korra_Foundation/20251216_mem-histone/fish2_24hpf_roi1/LVScripts					1
Korra_Foundation	20251216_mem-histone	Korra_Foundation/20251216_mem-histone/fish2_24hpf_roi1/Logs					1
Korra_Foundation	20251216_mem-histone	Korra_Foundation/20251216_mem-histone/fish2_24hpf_roi1/perf					1
Korra_Foundation	20251216_mem-histone	Korra_Foundation/20251216_mem-histone/fish3_24hpf_roi1/AF					5
Korra_Foundation	20251216_mem-histone	Korra_Foundation/20251216_mem-histone/fish3_24hpf_roi1/AFCAM2					1
Korra_Foundation	20251216_mem-histone	Korra_Foundation/20251216_mem-histone/fish3_24hpf_roi1/DSH1					5
Korra_Foundation	20251216_mem-histone	Korra_Foundation/20251216_mem-histone/fish3_24hpf_roi1/LVScripts					1
Korra_Foundation	20251216_mem-histone	Korra_Foundation/20251216_mem-histone/fish3_24hpf_roi1/Logs					1
Korra_Foundation	20251216_mem-histone	Korra_Foundation/20251216_mem-histone/fish3_24hpf_roi1/perf					1
Korra_Foundation	20251216_mem-histone	Korra_Foundation/20251216_mem-histone/fish4_24hpf_roi1/AF					5
Korra_Foundation	20251216_mem-histone	Korra_Foundation/20251216_mem-histone/fish4_24hpf_roi1/AFCAM2					1
Korra_Foundation	20251216_mem-histone	Korra_Foundation/20251216_mem-histone/fish4_24hpf_roi1/DSH1					5
Korra_Foundation	20251216_mem-histone	Korra_Foundation/20251216_mem-histone/fish4_24hpf_roi1/Logs					1
Korra_Foundation	20251216_mem-histone	Korra_Foundation/20251216_mem-histone/fish4_24hpf_roi1/perf					1
Korra_Foundation	20251216_mem-histone	Korra_Foundation/20251216_mem-histone/fish5_24hpf_roi1/AF					5
Korra_Foundation	20251216_mem-histone	Korra_Foundation/20251216_mem-histone/fish5_24hpf_roi1/AFCAM2					1
Korra_Foundation	20251216_mem-histone	Korra_Foundation/20251216_mem-histone/fish5_24hpf_roi1/DSH1					5
Korra_Foundation	20251216_mem-histone	Korra_Foundation/20251216_mem-histone/fish5_24hpf_roi1/LVScripts					1
Korra_Foundation	20251216_mem-histone	Korra_Foundation/20251216_mem-histone/fish5_24hpf_roi1/Logs					1
Korra_Foundation	20251216_mem-histone	Korra_Foundation/20251216_mem-histone/fish5_24hpf_roi1/perf					1
Korra_Foundation	20251217_mem-histone	Korra_Foundation/20251217_mem-histone/fish1_48hpf_roi1/AF					5
Korra_Foundation	20251217_mem-histone	Korra_Foundation/20251217_mem-histone/fish1_48hpf_roi1/AFCAM2					1
Korra_Foundation	20251217_mem-histone	Korra_Foundation/20251217_mem-histone/fish1_48hpf_roi1/DSH1					5
Korra_Foundation	20251217_mem-histone	Korra_Foundation/20251217_mem-histone/fish1_48hpf_roi1/LVScripts					1
Korra_Foundation	20251217_mem-histone	Korra_Foundation/20251217_mem-histone/fish1_48hpf_roi1/Logs					1
Korra_Foundation	20251217_mem-histone	Korra_Foundation/20251217_mem-histone/fish1_48hpf_roi1/perf					1
Korra_Foundation	20251217_mem-histone	Korra_Foundation/20251217_mem-histone/fish4_48hpf_roi1/Logs					1
Korra_Foundation	20251218_mem-histone	Korra_Foundation/20251218_mem-histone/fish1_72hpf_roi1/AF					5
Korra_Foundation	20251218_mem-histone	Korra_Foundation/20251218_mem-histone/fish1_72hpf_roi1/AFCAM2					1
Korra_Foundation	20251218_mem-histone	Korra_Foundation/20251218_mem-histone/fish1_72hpf_roi1/DSH1					5
Korra_Foundation	20251218_mem-histone	Korra_Foundation/20251218_mem-histone/fish1_72hpf_roi1/Logs					1
Korra_Foundation	20251218_mem-histone	Korra_Foundation/20251218_mem-histone/fish1_72hpf_roi1/perf					1
Korra_Foundation	20251218_mem-histone	Korra_Foundation/20251218_mem-histone/fish1_72hpf_roi2/AF					5
Korra_Foundation	20251218_mem-histone	Korra_Foundation/20251218_mem-histone/fish1_72hpf_roi2/AFCAM2					1
Korra_Foundation	20251218_mem-histone	Korra_Foundation/20251218_mem-histone/fish1_72hpf_roi2/DSH1					5
Korra_Foundation	20251218_mem-histone	Korra_Foundation/20251218_mem-histone/fish1_72hpf_roi2/Logs					1
Korra_Foundation	20251218_mem-histone	Korra_Foundation/20251218_mem-histone/fish1_72hpf_roi2/perf					1
Korra_Foundation	20251218_mem-histone	Korra_Foundation/20251218_mem-histone/fish1_72hpf_roi3/AF					5
Korra_Foundation	20251218_mem-histone	Korra_Foundation/20251218_mem-histone/fish1_72hpf_roi3/AFCAM2					1
Korra_Foundation	20251218_mem-histone	Korra_Foundation/20251218_mem-histone/fish1_72hpf_roi3/DSH1					5
Korra_Foundation	20251218_mem-histone	Korra_Foundation/20251218_mem-histone/fish1_72hpf_roi3/Logs					1
Korra_Foundation	20251218_mem-histone	Korra_Foundation/20251218_mem-histone/fish1_72hpf_roi3/perf					1
Korra_Foundation	20251218_mem-histone	Korra_Foundation/20251218_mem-histone/fish2_72hpf_roi1_eye/AF					5
Korra_Foundation	20251218_mem-histone	Korra_Foundation/20251218_mem-histone/fish2_72hpf_roi1_eye/AFCAM2					1
Korra_Foundation	20251218_mem-histone	Korra_Foundation/20251218_mem-histone/fish2_72hpf_roi1_eye/DSH1					5
Korra_Foundation	20251218_mem-histone	Korra_Foundation/20251218_mem-histone/fish2_72hpf_roi1_eye/LVScripts					1
Korra_Foundation	20251218_mem-histone	Korra_Foundation/20251218_mem-histone/fish2_72hpf_roi1_eye/Logs					1
Korra_Foundation	20251218_mem-histone	Korra_Foundation/20251218_mem-histone/fish2_72hpf_roi1_eye/perf					1
Korra_Foundation	20251218_mem-histone	Korra_Foundation/20251218_mem-histone/fish3_72hpf_roi1/AF					5
Korra_Foundation	20251218_mem-histone	Korra_Foundation/20251218_mem-histone/fish3_72hpf_roi1/AFCAM2					1
Korra_Foundation	20251218_mem-histone	Korra_Foundation/20251218_mem-histone/fish3_72hpf_roi1/DSH1					5
Korra_Foundation	20251218_mem-histone	Korra_Foundation/20251218_mem-histone/fish3_72hpf_roi1/LVScripts					1
Korra_Foundation	20251218_mem-histone	Korra_Foundation/20251218_mem-histone/fish3_72hpf_roi1/Logs					1
Korra_Foundation	20251218_mem-histone	Korra_Foundation/20251218_mem-histone/fish3_72hpf_roi1/perf					1
Korra_Foundation	20251218_mem-histone	Korra_Foundation/20251218_mem-histone/fish3_72hpf_roi2/AF					5
Korra_Foundation	20251218_mem-histone	Korra_Foundation/20251218_mem-histone/fish3_72hpf_roi2/AFCAM2					1
Korra_Foundation	20251218_mem-histone	Korra_Foundation/20251218_mem-histone/fish3_72hpf_roi2/DSH1					5
Korra_Foundation	20251218_mem-histone	Korra_Foundation/20251218_mem-histone/fish3_72hpf_roi2/Logs					1
Korra_Foundation	20251218_mem-histone	Korra_Foundation/20251218_mem-histone/fish3_72hpf_roi2/perf					1
Korra_Foundation	20251218_mem-histone	Korra_Foundation/20251218_mem-histone/fish3_72hpf_roi3/AF					5
Korra_Foundation	20251218_mem-histone	Korra_Foundation/20251218_mem-histone/fish3_72hpf_roi3/AFCAM2					1
Korra_Foundation	20251218_mem-histone	Korra_Foundation/20251218_mem-histone/fish3_72hpf_roi3/DSH1					5
Korra_Foundation	20251218_mem-histone	Korra_Foundation/20251218_mem-histone/fish3_72hpf_roi3/Logs					1
Korra_Foundation	20251218_mem-histone	Korra_Foundation/20251218_mem-histone/fish3_72hpf_roi3/perf					1
Korra_Foundation	20251222_mem-histone	Korra_Foundation/20251222_mem-histone/fish1_72hpf_roi1/AF					5
Korra_Foundation	20251222_mem-histone	Korra_Foundation/20251222_mem-histone/fish1_72hpf_roi1/AFCAM2					1
Korra_Foundation	20251222_mem-histone	Korra_Foundation/20251222_mem-histone/fish1_72hpf_roi1/DSH1					5
Korra_Foundation	20251222_mem-histone	Korra_Foundation/20251222_mem-histone/fish1_72hpf_roi1/LVScripts					1
Korra_Foundation	20251222_mem-histone	Korra_Foundation/20251222_mem-histone/fish1_72hpf_roi1/Logs					1
Korra_Foundation	20251222_mem-histone	Korra_Foundation/20251222_mem-histone/fish1_72hpf_roi1/perf					1
