foundation	experiment_key	roi_folder	cams	channels	wavelengths_nm	file_exts	n_paths
Aang_Foundation	20250722_mem-halo_er-mSG	Aang_Foundation/20250722_mem-halo_er-mSG/fish1_24hpf_roi1					6
Aang_Foundation	20250722_mem-halo_er-mSG	Aang_Foundation/20250722_mem-halo_er-mSG/fish1_24hpf_roi2					4
Aang_Foundation	20250722_mem-halo_er-mSG	Aang_Foundation/20250722_mem-halo_er-mSG/fish1_24hpf_roi3					8
Aang_Foundation	20250722_mem-halo_er-mSG	Aang_Foundation/20250722_mem-halo_er-mSG/fish1_24hpf_roi4					4
Aang_Foundation	20250722_mem-halo_er-mSG	Aang_Foundation/20250722_mem-halo_er-mSG/fish1_24hpf_roi5					6
Aang_Foundation	20250722_mem-halo_er-mSG	Aang_Foundation/20250722_mem-halo_er-mSG/fish2_24hpf_roi1					6
Aang_Foundation	20250722_mem-halo_er-mSG	Aang_Foundation/20250722_mem-halo_er-mSG/fish2_24hpf_roi2					3
Aang_Foundation	20250722_mem-halo_er-mSG	Aang_Foundation/20250722_mem-halo_er-mSG/fish2_24hpf_roi3					3
Aang_Foundation	20250722_mem-halo_er-mSG	Aang_Foundation/20250722_mem-halo_er-mSG/fish2_24hpf_roi4					3
Aang_Foundation	20250722_mrna_mito-mSG_mem-mChilada	Aang_Foundation/20250722_mrna_mito-mSG_mem-mChilada/fish1_roi1					13
Aang_Foundation	20250722_mrna_mito-mSG_mem-mChilada	Aang_Foundation/20250722_mrna_mito-mSG_mem-mChilada/fish1_roi2					10
Aang_Foundation	20250722_mrna_mito-mSG_mem-mChilada	Aang_Foundation/20250722_mrna_mito-mSG_mem-mChilada/fish1_roi3					10
Aang_Foundation	20250722_mrna_mito-mSG_mem-mChilada	Aang_Foundation/20250722_mrna_mito-mSG_mem-mChilada/fish2_48hpf_roi1					10
Aang_Foundation	20250722_mrna_mito-mSG_mem-mChilada	Aang_Foundation/20250722_mrna_mito-mSG_mem-mChilada/fish2_48hpf_roi2					10
Aang_Foundation	20250722_mrna_mito-mSG_mem-mChilada	Aang_Foundation/20250722_mrna_mito-mSG_mem-mChilada/fish2_48hpf_roi3					10
Aang_Foundation	20250722_mrna_mito-mSG_mem-mChilada	Aang_Foundation/20250722_mrna_mito-mSG_mem-mChilada/fish2_48hpf_roi4					10
Aang_Foundation	20250722_mrna_mito-mSG_mem-mChilada	Aang_Foundation/20250722_mrna_mito-mSG_mem-mChilada/fish2_48hpf_roi5					10
Aang_Foundation	20250722_mrna_mito-mSG_mem-mChilada	Aang_Foundation/20250722_mrna_mito-mSG_mem-mChilada/fish3_48hpf_roi1					9
Aang_Foundation	20250722_mrna_mito-mSG_mem-mChilada	Aang_Foundation/20250722_mrna_mito-mSG_mem-mChilada/fish3_48hpf_roi2					9
Aang_Foundation	20250722_mrna_mito-mSG_mem-mChilada	Aang_Foundation/20250722_mrna_mito-mSG_mem-mChilada/fish3_48hpf_roi3					9
Aang_Foundation	20250722_mrna_mito-mSG_mem-mChilada	Aang_Foundation/20250722_mrna_mito-mSG_mem-mChilada/fish3_48hpf_roi4					9
Aang_Foundation	20250723_er-mSG_mem-mChilada	Aang_Foundation/20250723_er-mSG_mem-mChilada/fish1_24hpf_roi1					12
Aang_Foundation	20250805_lifeact_mem-halo	Aang_Foundation/20250805_lifeact_mem-halo/fish1_48hpf_roi1					6
Aang_Foundation	20250805_lifeact_mem-halo	Aang_Foundation/20250805_lifeact_mem-halo/fish1_48hpf_roi2					6
Aang_Foundation	20250805_lifeact_mem-halo	Aang_Foundation/20250805_lifeact_mem-halo/fish1_48hpf_roi3					5
Aang_Foundation	20250805_lifeact_mem-halo	Aang_Foundation/20250805_lifeact_mem-halo/fish1_48hpf_roi4					5
Aang_Foundation	20250805_lifeact_mem-halo	Aang_Foundation/20250805_lifeact_mem-halo/fish1_48hpf_roi5					5
Aang_Foundation	20250805_mito_mem-halo	Aang_Foundation/20250805_mito_mem-halo/fish1_24hpf_roi1					8
Aang_Foundation	20250805_mito_mem-halo	Aang_Foundation/20250805_mito_mem-halo/fish1_24hpf_roi2					7
Aang_Foundation	20250805_mito_mem-halo	Aang_Foundation/20250805_mito_mem-halo/fish2_24hpf_roi1					6
Aang_Foundation	20250805_mito_mem-halo	Aang_Foundation/20250805_mito_mem-halo/fish2_24hpf_roi2					6
Aang_Foundation	20250805_mito_mem-halo	Aang_Foundation/20250805_mito_mem-halo/fish2_24hpf_roi3					6
Aang_Foundation	20250805_mito_mem-halo	Aang_Foundation/20250805_mito_mem-halo/fish3_24hpf_roi1					6
Aang_Foundation	20250805_mito_mem-halo	Aang_Foundation/20250805_mito_mem-halo/fish3_24hpf_roi2					6
Aang_Foundation	20250808_mem_organelle	Aang_Foundation/20250808_mem_organelle/fish1_24hpf_mem-mchilada_lyso-mSG/roi1					6
Aang_Foundation	20250808_mem_organelle	Aang_Foundation/20250808_mem_organelle/fish1_24hpf_mem-mchilada_lyso-mSG/roi1_1					6
Aang_Foundation	20250808_mem_organelle	Aang_Foundation/20250808_mem_organelle/fish1_24hpf_mem-mchilada_lyso-mSG/roi1_test					4
Aang_Foundation	20250808_mem_organelle	Aang_Foundation/20250808_mem_organelle/fish1_24hpf_mem-mchilada_lyso-mSG/roi2					6
Aang_Foundation	20250808_mem_organelle	Aang_Foundation/20250808_mem_organelle/fish1_24hpf_mem-mchilada_lyso-mSG/roi3					6
Aang_Foundation	20250808_mem_organelle	Aang_Foundation/20250808_mem_organelle/fish2_24hpf_mem-mchilada_lyso-mSG/roi1					6
Aang_Foundation	20250808_mem_organelle	Aang_Foundation/20250808_mem_organelle/fish2_24hpf_mem-mchilada_lyso-mSG/roi2					5
Aang_Foundation	20250808_mem_organelle	Aang_Foundation/20250808_mem_organelle/fish2_24hpf_mem-mchilada_lyso-mSG/roi3					5
Aang_Foundation	20250808_mem_organelle	Aang_Foundation/20250808_mem_organelle/fish3_24hpf_mem-mchilada_mito-mSG/roi1					8
Aang_Foundation	20250808_mem_organelle	Aang_Foundation/20250808_mem_organelle/fish3_24hpf_mem-mchilada_mito-mSG/roi2					6
Aang_Foundation	20250808_mem_organelle	Aang_Foundation/20250808_mem_organelle/fish3_24hpf_mem-mchilada_mito-mSG/roi3					6
Aang_Foundation	20250808_mem_organelle	Aang_Foundation/20250808_mem_organelle/fish3_24hpf_mem-mchilada_mito-mSG/roi4					6
Aang_Foundation	20250808_mem_organelle	Aang_Foundation/20250808_mem_organelle/fish4_24hpf_mem-mchilada_mito-mSG/roi1					7
Aang_Foundation	20250808_mem_organelle	Aang_Foundation/20250808_mem_organelle/fish4_24hpf_mem-mchilada_mito-mSG/roi2					7
Aang_Foundation	20250808_mem_organelle	Aang_Foundation/20250808_mem_organelle/fish4_24hpf_mem-mchilada_mito-mSG/roi3					6
Aang_Foundation	20250808_mem_organelle	Aang_Foundation/20250808_mem_organelle/fish4_24hpf_mem-mchilada_mito-mSG/roi4					6
Aang_Foundation	20250808_mem_organelle	Aang_Foundation/20250808_mem_organelle/fish4_24hpf_mem-mchilada_mito-mSG/roi5					6
Aang_Foundation	20250808_mem_organelle	Aang_Foundation/20250808_mem_organelle/fish4_24hpf_mem-mchilada_mito-mSG/roi6					6
Aang_Foundation	20250808_mem_organelle	Aang_Foundation/20250808_mem_organelle/fish4_24hpf_mem-mchilada_mito-mSG/roi7					6
Aang_Foundation	20250808_mem_organelle	Aang_Foundation/20250808_mem_organelle/fish4_24hpf_mem-mchilada_mito-mSG/roi8					6
Aang_Foundation	20250808_mem_organelle	Aang_Foundation/20250808_mem_organelle/fish4_24hpf_mem-mchilada_mito-mSG/roi9					5
Aang_Foundation	20250819_mem_ER	Aang_Foundation/20250819_mem_ER/fish1_24hpf_roi2					8
Aang_Foundation	20250819_mem_ER	Aang_Foundation/20250819_mem_ER/fish1_24hpf_roi3					8
Aang_Foundation	20250819_mem_ER	Aang_Foundation/20250819_mem_ER/fish1_24hpf_roi4					8
Aang_Foundation	20250819_mem_ER	Aang_Foundation/20250819_mem_ER/fish1_24hpf_roi5					8
Aang_Foundation	20250819_mem_ER	Aang_Foundation/20250819_mem_ER/fish2_24hpf_roi1					8
Aang_Foundation	20250819_mem_ER	Aang_Foundation/20250819_mem_ER/fish2_24hpf_roi2					7
Aang_Foundation	20250819_mem_ER	Aang_Foundation/20250819_mem_ER/fish2_24hpf_roi3					8
Aang_Foundation	20250819_mem_ER	Aang_Foundation/20250819_mem_ER/roi1_newscripttest					8
Aang_Foundation	20250819_mem_mito	Aang_Foundation/20250819_mem_mito/fish1_24hpf_roi1					8
Aang_Foundation	20250819_mem_mito	Aang_Foundation/20250819_mem_mito/fish1_24hpf_roi2					7
Aang_Foundation	20250819_mem_mito	Aang_Foundation/20250819_mem_mito/fish1_24hpf_roi3					8
Aang_Foundation	20250819_mem_mito	Aang_Foundation/20250819_mem_mito/fish1_24hpf_roi4					7
Aang_Foundation	20250819_mem_mito	Aang_Foundation/20250819_mem_mito/fish1_24hpf_roi5					7
Aang_Foundation	20250819_mem_mito	Aang_Foundation/20250819_mem_mito/fish1_24hpf_roi6					7
Aang_Foundation	20250819_mem_mito	Aang_Foundation/20250819_mem_mito/fish1_24hpf_roi7					7
Aang_Foundation	20250819_mem_mito	Aang_Foundation/20250819_mem_mito/fish1_24hpf_roi8					7
Aang_Foundation	20250819_mem_mito	Aang_Foundation/20250819_mem_mito/fish2_24hpf_roi1					8
Aang_Foundation	20250819_mem_mito	Aang_Foundation/20250819_mem_mito/fish2_24hpf_roi2					8
Aang_Foundation	20250819_mem_mito	Aang_Foundation/20250819_mem_mito/fish3_24hpf_roi1					8
Aang_Foundation	20250819_mem_mito	Aang_Foundation/20250819_mem_mito/fish4_48hpf_roi1					13
Aang_Foundation	20250819_mem_mito	Aang_Foundation/20250819_mem_mito/fish4_48hpf_roi3					13
Aang_Foundation	20250819_mem_mito	Aang_Foundation/20250819_mem_mito/fish4_48hpf_roi4					12
Aang_Foundation	20250819_mem_mito	Aang_Foundation/20250819_mem_mito/fish4_48hpf_roi5					12
Aang_Foundation	20250819_mem_mito	Aang_Foundation/20250819_mem_mito/fish4_48hpf_roi6					13
Aang_Foundation	20250819_mem_mito	Aang_Foundation/20250819_mem_mito/fish4_48hpf_roi7					12
Aang_Foundation	20250819_mem_mito	Aang_Foundation/20250819_mem_mito/fish4_48hpf_roi8					12
Aang_Foundation	20250819_mem_mito	Aang_Foundation/20250819_mem_mito/fish5_48hpf_roi1					1
Aang_Foundation	20250819_mem_mito	Aang_Foundation/20250819_mem_mito/fish5_48hpf_roi10					1
Aang_Foundation	20250819_mem_mito	Aang_Foundation/20250819_mem_mito/fish5_48hpf_roi11					13
Aang_Foundation	20250819_mem_mito	Aang_Foundation/20250819_mem_mito/fish5_48hpf_roi12					12
Aang_Foundation	20250819_mem_mito	Aang_Foundation/20250819_mem_mito/fish5_48hpf_roi13					1
Aang_Foundation	20250819_mem_mito	Aang_Foundation/20250819_mem_mito/fish5_48hpf_roi14					1
Aang_Foundation	20250819_mem_mito	Aang_Foundation/20250819_mem_mito/fish5_48hpf_roi15					1
Aang_Foundation	20250819_mem_mito	Aang_Foundation/20250819_mem_mito/fish5_48hpf_roi16					1
Aang_Foundation	20250819_mem_mito	Aang_Foundation/20250819_mem_mito/fish5_48hpf_roi17					2
Aang_Foundation	20250819_mem_mito	Aang_Foundation/20250819_mem_mito/fish5_48hpf_roi2					1
Aang_Foundation	20250819_mem_mito	Aang_Foundation/20250819_mem_mito/fish5_48hpf_roi3					8
Aang_Foundation	20250819_mem_mito	Aang_Foundation/20250819_mem_mito/fish5_48hpf_roi4					1
Aang_Foundation	20250819_mem_mito	Aang_Foundation/20250819_mem_mito/fish5_48hpf_roi5					1
Aang_Foundation	20250819_mem_mito	Aang_Foundation/20250819_mem_mito/fish5_48hpf_roi6					1
Aang_Foundation	20250819_mem_mito	Aang_Foundation/20250819_mem_mito/fish5_48hpf_roi7					1
Aang_Foundation	20250819_mem_mito	Aang_Foundation/20250819_mem_mito/fish5_48hpf_roi8					1
Aang_Foundation	20250819_mem_mito	Aang_Foundation/20250819_mem_mito/fish5_48hpf_roi9					1
Aang_Foundation	20250819_mem_mito	Aang_Foundation/20250819_mem_mito/fish6_48hpf_roi1					13
Aang_Foundation	20250819_mem_mito	Aang_Foundation/20250819_mem_mito/fish6_48hpf_roi2					12
Aang_Foundation	20250819_mem_mito	Aang_Foundation/20250819_mem_mito/fish6_48hpf_roi3					12
Aang_Foundation	20250819_mem_mito	Aang_Foundation/20250819_mem_mito/fish6_48hpf_roi4					12
Aang_Foundation	20250819_mem_mito	Aang_Foundation/20250819_mem_mito/fish6_48hpf_roi5					12
Aang_Foundation	20250821_mem_mito	Aang_Foundation/20250821_mem_mito/fish1_24hpf_roi1					13
Aang_Foundation	20250821_mem_mito	Aang_Foundation/20250821_mem_mito/fish1_24hpf_roi2					13
Aang_Foundation	20250821_mem_mito	Aang_Foundation/20250821_mem_mito/fish2_24hpf_roi1					12
Aang_Foundation	20250821_mem_mito	Aang_Foundation/20250821_mem_mito/fish2_24hpf_roi2					12
Aang_Foundation	20250821_mem_mito	Aang_Foundation/20250821_mem_mito/fish3_24hpf_roi1					12
Aang_Foundation	20250821_mem_mito	Aang_Foundation/20250821_mem_mito/fish3_24hpf_roi2					12
Aang_Foundation	20250821_mem_mito	Aang_Foundation/20250821_mem_mito/fish4_24hpf_roi1					13
Aang_Foundation	20250821_mem_mito	Aang_Foundation/20250821_mem_mito/fish4_24hpf_roi2					12
Aang_Foundation	20250821_mem_mito	Aang_Foundation/20250821_mem_mito/fish5_24hpf_roi1					8
Aang_Foundation	20250821_mem_mito	Aang_Foundation/20250821_mem_mito/fish6_24hpf_roi1					13
Aang_Foundation	20250821_mem_mito	Aang_Foundation/20250821_mem_mito/fish6_24hpf_roi2					12
Aang_Foundation	20250821_mem_mito	Aang_Foundation/20250821_mem_mito/fish7_48hpf_roi1					13
Aang_Foundation	20250821_mem_mito	Aang_Foundation/20250821_mem_mito/fish7_48hpf_roi2					12
Aang_Foundation	20250821_mem_mito	Aang_Foundation/20250821_mem_mito/fish8_48hpf_roi1					13
Aang_Foundation	20250821_mem_mito	Aang_Foundation/20250821_mem_mito/fish8_48hpf_roi2					12
Aang_Foundation	20250821_mem_mito	Aang_Foundation/20250821_mem_mito/fish8_48hpf_roi3					5
Aang_Foundation	20250826_mem_actin	Aang_Foundation/20250826_mem_actin/fish1_24hpf_roi1					13
Aang_Foundation	20250826_mem_actin	Aang_Foundation/20250826_mem_actin/fish1_24hpf_roi2					13
Aang_Foundation	20250826_mem_actin	Aang_Foundation/20250826_mem_actin/fish2_24hpf_roi1					12
Aang_Foundation	20250826_mem_actin	Aang_Foundation/20250826_mem_actin/fish3_24hpf_roi1					13
Aang_Foundation	20250826_mem_actin	Aang_Foundation/20250826_mem_actin/fish3_24hpf_roi2					12
Aang_Foundation	20250826_mem_actin	Aang_Foundation/20250826_mem_actin/fish5_24hpf_roi1					12
Aang_Foundation	20250826_mem_actin	Aang_Foundation/20250826_mem_actin/fish5_24hpf_roi2					12
Aang_Foundation	20250826_mem_actin	Aang_Foundation/20250826_mem_actin/fish6_24hpf_roi1					13
Aang_Foundation	20250827_mem_actin	Aang_Foundation/20250827_mem_actin/fish3_48hpf_roi1					13
Aang_Foundation	20250827_mem_actin	Aang_Foundation/20250827_mem_actin/fish3_48hpf_roi2					13
Aang_Foundation	20250827_mem_actin	Aang_Foundation/20250827_mem_actin/fish5_48hpf_roi1					13
Aang_Foundation	20250827_mem_actin	Aang_Foundation/20250827_mem_actin/fish5_48hpf_roi2					12
Aang_Foundation	20250827_mem_actin	Aang_Foundation/20250827_mem_actin/fish5_48hpf_roi3					12
Aang_Foundation	20250828_mem_actin	Aang_Foundation/20250828_mem_actin/fish1_24hpf_roi1					13
Aang_Foundation	20250828_mem_actin	Aang_Foundation/20250828_mem_actin/fish1_24hpf_roi1-2					13
Aang_Foundation	20250828_mem_actin	Aang_Foundation/20250828_mem_actin/fish1_24hpf_roi2					13
Aang_Foundation	20250828_mem_actin	Aang_Foundation/20250828_mem_actin/fish1_24hpf_roi3					12
Aang_Foundation	20250828_mem_actin	Aang_Foundation/20250828_mem_actin/fish2_24hpf_roi1					12
Aang_Foundation	20250828_mem_actin	Aang_Foundation/20250828_mem_actin/fish2_24hpf_roi2					13
Aang_Foundation	20250828_mem_actin	Aang_Foundation/20250828_mem_actin/fish2_24hpf_roi2-2					13
Aang_Foundation	20250828_mem_actin	Aang_Foundation/20250828_mem_actin/fish2_24hpf_roi3					2
Aang_Foundation	20250828_mem_actin	Aang_Foundation/20250828_mem_actin/fish3_24hpf_roi1					2
Aang_Foundation	20250828_mem_actin	Aang_Foundation/20250828_mem_actin/fish4_24hpf_roi1					12
Aang_Foundation	20250828_mem_actin	Aang_Foundation/20250828_mem_actin/fish4_24hpf_roi2					12
Aang_Foundation	20250828_mem_actin	Aang_Foundation/20250828_mem_actin/fish5_24hpf_roi1					12
Aang_Foundation	20250828_mem_actin	Aang_Foundation/20250828_mem_actin/fish5_24hpf_roi2					12
Aang_Foundation	20250828_mem_actin	Aang_Foundation/20250828_mem_actin/fish5_24hpf_roi3					12
Aang_Foundation	20250828_mem_actin	Aang_Foundation/20250828_mem_actin/fish6_24hpf_roi1					13
Aang_Foundation	20250828_mem_actin	Aang_Foundation/20250828_mem_actin/fish6_24hpf_roi2					12
Aang_Foundation	20250903_lifeact-mSG	Aang_Foundation/20250903_lifeact-mSG/fish1_24hpf_roi1					13
Aang_Foundation	20250903_lifeact-mSG	Aang_Foundation/20250903_lifeact-mSG/fish1_24hpf_roi2					13
Aang_Foundation	20250903_lifeact-mSG	Aang_Foundation/20250903_lifeact-mSG/fish1_24hpf_roi3					13
Aang_Foundation	20250903_lifeact-mSG	Aang_Foundation/20250903_lifeact-mSG/fish1_24hpf_roi3_2					13
Aang_Foundation	20250903_lifeact-mSG	Aang_Foundation/20250903_lifeact-mSG/fish2_24hpf_roi1					13
Aang_Foundation	20250903_lifeact-mSG	Aang_Foundation/20250903_lifeact-mSG/fish2_24hpf_roi2					13
Aang_Foundation	20250904_lifeact-mSG	Aang_Foundation/20250904_lifeact-mSG/fish1_24hpf_roi1					13
Aang_Foundation	20250904_lifeact-mSG	Aang_Foundation/20250904_lifeact-mSG/fish1_24hpf_roi2					13
Aang_Foundation	20250904_lifeact-mSG	Aang_Foundation/20250904_lifeact-mSG/fish1_24hpf_roi3					13
Aang_Foundation	20250904_lifeact-mSG	Aang_Foundation/20250904_lifeact-mSG/fish1_24hpf_roi4					13
Aang_Foundation	20250904_lifeact-mSG	Aang_Foundation/20250904_lifeact-mSG/fish1_24hpf_roi5					13
Aang_Foundation	20250905_lifeact-mSG	Aang_Foundation/20250905_lifeact-mSG/fish2_72hpf_roi1					13
Aang_Foundation	20250905_lifeact-mSG	Aang_Foundation/20250905_lifeact-mSG/fish2_72hpf_roi2					13
Aang_Foundation	20250905_lifeact-mSG	Aang_Foundation/20250905_lifeact-mSG/fish2_72hpf_roi3					13
Aang_Foundation	20250905_lifeact-mSG	Aang_Foundation/20250905_lifeact-mSG/fish2_72hpf_roi4					13
Aang_Foundation	20250908_mem-mito	Aang_Foundation/20250908_mem-mito/fish1_24hpf_roi1					13
Aang_Foundation	20250908_mem-mito	Aang_Foundation/20250908_mem-mito/fish1_24hpf_roi2					13
Aang_Foundation	20250908_mem-mito	Aang_Foundation/20250908_mem-mito/fish1_24hpf_roi3					13
Aang_Foundation	20250908_mem-mito	Aang_Foundation/20250908_mem-mito/fish1_24hpf_roi4					13
Aang_Foundation	20250908_mem-mito	Aang_Foundation/20250908_mem-mito/fish2_24hpf_roi1					13
Aang_Foundation	20250908_mem-mito	Aang_Foundation/20250908_mem-mito/fish2_24hpf_roi2					12
Aang_Foundation	20250908_mem-mito	Aang_Foundation/20250908_mem-mito/fish2_24hpf_roi3					13
Aang_Foundation	20250908_mem-mito	Aang_Foundation/20250908_mem-mito/fish2_72hpf_roi1					13
Aang_Foundation	20250908_mem-mito	Aang_Foundation/20250908_mem-mito/fish2_72hpf_roi2					13
Aang_Foundation	20250908_mem-mito	Aang_Foundation/20250908_mem-mito/fish2_72hpf_roi3					12
Aang_Foundation	20250908_mem-mito	Aang_Foundation/20250908_mem-mito/fish2_72hpf_roi4					12
Aang_Foundation	20250908_mem-mito	Aang_Foundation/20250908_mem-mito/fish2_72hpf_roi5					12
Aang_Foundation	20250908_mem-mito	Aang_Foundation/20250908_mem-mito/fish3_24hpf_roi1					1
Aang_Foundation	20250908_mem-mito	Aang_Foundation/20250908_mem-mito/fish3_24hpf_roi2					1
Aang_Foundation	20250908_mem-mito	Aang_Foundation/20250908_mem-mito/fish4_24hpf_roi1					13
Aang_Foundation	20250908_mem-mito	Aang_Foundation/20250908_mem-mito/fish4_24hpf_roi2					12
Aang_Foundation	20250908_mem-mito	Aang_Foundation/20250908_mem-mito/fish4_24hpf_roi3					12
Aang_Foundation	20250908_mem-mito	Aang_Foundation/20250908_mem-mito/fish5_24hpf_roi1					13
Aang_Foundation	20250908_mem-mito	Aang_Foundation/20250908_mem-mito/fish5_24hpf_roi2					12
Aang_Foundation	20250908_mem-mito	Aang_Foundation/20250908_mem-mito/fish5_24hpf_roi3					12
Aang_Foundation	20250908_mem-mito	Aang_Foundation/20250908_mem-mito/fish5_24hpf_roi4					12
Aang_Foundation	20250908_mem-mito	Aang_Foundation/20250908_mem-mito/fish6_24hpf_roi1					13
Aang_Foundation	20250908_mem-mito	Aang_Foundation/20250908_mem-mito/fish6_24hpf_roi2					12
Aang_Foundation	20250908_mem-mito	Aang_Foundation/20250908_mem-mito/fish6_24hpf_roi3					12
Aang_Foundation	20250911_mem-mito	Aang_Foundation/20250911_mem-mito/fish1_48hpf_roi1					13
Aang_Foundation	20250911_mem-mito	Aang_Foundation/20250911_mem-mito/fish1_48hpf_roi2					13
Aang_Foundation	20250911_mem-mito	Aang_Foundation/20250911_mem-mito/fish1_48hpf_roi3					13
Aang_Foundation	20250911_mem-mito	Aang_Foundation/20250911_mem-mito/fish1_48hpf_roi4					12
Aang_Foundation	20250911_mem-mito	Aang_Foundation/20250911_mem-mito/fish1_48hpf_roi5					12
Aang_Foundation	20250911_mem-mito	Aang_Foundation/20250911_mem-mito/fish2_48hpf_roi1					12
Aang_Foundation	20250911_mem-mito	Aang_Foundation/20250911_mem-mito/fish2_48hpf_roi2					12
Aang_Foundation	20250911_mem-mito	Aang_Foundation/20250911_mem-mito/fish2_48hpf_roi3					12
Aang_Foundation	20250912_mem-mito	Aang_Foundation/20250912_mem-mito/fish1_72hpf_roi1					13
Aang_Foundation	20250912_mem-mito	Aang_Foundation/20250912_mem-mito/fish1_72hpf_roi2					12
Aang_Foundation	20250912_mem-mito	Aang_Foundation/20250912_mem-mito/fish1_72hpf_roi3					12
Aang_Foundation	20250912_mem-mito	Aang_Foundation/20250912_mem-mito/fish1_72hpf_roi4					12
Aang_Foundation	20250912_mem-mito	Aang_Foundation/20250912_mem-mito/fish2_72hpf_roi1					13
Aang_Foundation	20250912_mem-mito	Aang_Foundation/20250912_mem-mito/fish2_72hpf_roi2					12
Aang_Foundation	20250912_mem-mito	Aang_Foundation/20250912_mem-mito/fish2_72hpf_roi3					12
Aang_Foundation	20250912_mem-mito	Aang_Foundation/20250912_mem-mito/fish2_72hpf_roi4					12
Aang_Foundation	20250912_mem-mito	Aang_Foundation/20250912_mem-mito/fish3_72hpf_roi1					13
Aang_Foundation	20250912_mem-mito	Aang_Foundation/20250912_mem-mito/fish3_72hpf_roi10					12
Aang_Foundation	20250912_mem-mito	Aang_Foundation/20250912_mem-mito/fish3_72hpf_roi11					12
Aang_Foundation	20250912_mem-mito	Aang_Foundation/20250912_mem-mito/fish3_72hpf_roi12					12
Aang_Foundation	20250912_mem-mito	Aang_Foundation/20250912_mem-mito/fish3_72hpf_roi2					12
Aang_Foundation	20250912_mem-mito	Aang_Foundation/20250912_mem-mito/fish3_72hpf_roi3					12
Aang_Foundation	20250912_mem-mito	Aang_Foundation/20250912_mem-mito/fish3_72hpf_roi4					12
Aang_Foundation	20250912_mem-mito	Aang_Foundation/20250912_mem-mito/fish3_72hpf_roi5					12
Aang_Foundation	20250912_mem-mito	Aang_Foundation/20250912_mem-mito/fish3_72hpf_roi6					12
Aang_Foundation	20250912_mem-mito	Aang_Foundation/20250912_mem-mito/fish3_72hpf_roi7					12
Aang_Foundation	20250912_mem-mito	Aang_Foundation/20250912_mem-mito/fish3_72hpf_roi8					12
Aang_Foundation	20250912_mem-mito	Aang_Foundation/20250912_mem-mito/fish3_72hpf_roi9					13
Aang_Foundation	20250912_mem-mito	Aang_Foundation/20250912_mem-mito/fish4_72hpf_roi1					13
Aang_Foundation	20250912_mem-mito	Aang_Foundation/20250912_mem-mito/fish4_72hpf_roi2					12
Aang_Foundation	20250912_mem-mito	Aang_Foundation/20250912_mem-mito/fish4_72hpf_roi3					12
Aang_Foundation	20250912_mem-mito	Aang_Foundation/20250912_mem-mito/fish4_72hpf_roi4					12
Aang_Foundation	20250912_mem-mito	Aang_Foundation/20250912_mem-mito/fish4_72hpf_roi5					12
Aang_Foundation	20250912_mem-mito	Aang_Foundation/20250912_mem-mito/fish4_72hpf_roi6					14
Aang_Foundation	20250915_mem-mito	Aang_Foundation/20250915_mem-mito/fish1_72hpf_roi1					13
Aang_Foundation	20250915_mem-mito	Aang_Foundation/20250915_mem-mito/fish1_72hpf_roi2					13
Aang_Foundation	20250915_mem-mito	Aang_Foundation/20250915_mem-mito/fish1_72hpf_roi3					13
Aang_Foundation	20250915_mem-mito	Aang_Foundation/20250915_mem-mito/fish1_72hpf_roi4					13
Aang_Foundation	20250915_mem-mito	Aang_Foundation/20250915_mem-mito/fish1_72hpf_roi5					13
Aang_Foundation	20250915_mem-mito	Aang_Foundation/20250915_mem-mito/fish2_72hpf_roi1					13
Aang_Foundation	20250915_mem-mito	Aang_Foundation/20250915_mem-mito/fish2_72hpf_roi2					13
Aang_Foundation	20250915_mem-mito	Aang_Foundation/20250915_mem-mito/fish2_72hpf_roi3					13
Aang_Foundation	20250915_mem-mito	Aang_Foundation/20250915_mem-mito/fish3_72hpf_roi1					13
Aang_Foundation	20250915_mem-mito	Aang_Foundation/20250915_mem-mito/fish3_72hpf_roi2					12
Aang_Foundation	20250915_mem-mito	Aang_Foundation/20250915_mem-mito/fish3_72hpf_roi3					12
Aang_Foundation	20250915_mem-mito	Aang_Foundation/20250915_mem-mito/fish3_72hpf_roi4					12
Aang_Foundation	20250915_mem-mito	Aang_Foundation/20250915_mem-mito/fish3_72hpf_roi5					12
Aang_Foundation	20250915_mem-mito	Aang_Foundation/20250915_mem-mito/fish3_72hpf_roi6					12
Aang_Foundation	20250915_mem-mito	Aang_Foundation/20250915_mem-mito/fish3_72hpf_roi7					12
Aang_Foundation	20250915_mem-mito	Aang_Foundation/20250915_mem-mito/fish5_72hpf_roi1					13
Aang_Foundation	20250915_mem-mito	Aang_Foundation/20250915_mem-mito/fish5_72hpf_roi2					12
Aang_Foundation	20250915_mem-mito	Aang_Foundation/20250915_mem-mito/fish5_72hpf_roi3					12
Aang_Foundation	20250917_mem-mito	Aang_Foundation/20250917_mem-mito/fish1_48hpf_roi1					13
Aang_Foundation	20250917_mem-mito	Aang_Foundation/20250917_mem-mito/fish1_48hpf_roi2					12
Aang_Foundation	20250917_mem-mito	Aang_Foundation/20250917_mem-mito/fish2_48hpf_roi1					13
Aang_Foundation	20250917_mem-mito	Aang_Foundation/20250917_mem-mito/fish2_48hpf_roi2					12
Aang_Foundation	20250917_mem-mito	Aang_Foundation/20250917_mem-mito/fish3_48hpf_roi1					13
Aang_Foundation	20250917_mem-mito	Aang_Foundation/20250917_mem-mito/fish3_48hpf_roi2					12
Aang_Foundation	20250917_mem-mito	Aang_Foundation/20250917_mem-mito/fish3_48hpf_roi3					12
Aang_Foundation	20250917_mem-mito	Aang_Foundation/20250917_mem-mito/fish3_48hpf_roi4					12
Aang_Foundation	20250917_mem-mito	Aang_Foundation/20250917_mem-mito/fish4_48hpf_roi1					13
Aang_Foundation	20250917_mem-mito	Aang_Foundation/20250917_mem-mito/fish4_48hpf_roi2					12
Aang_Foundation	20250917_mem-mito	Aang_Foundation/20250917_mem-mito/fish4_48hpf_roi3					12
Aang_Foundation	20250917_mem-mito	Aang_Foundation/20250917_mem-mito/fish4_48hpf_roi4					12
Aang_Foundation	20250917_mem-mito	Aang_Foundation/20250917_mem-mito/fish4_48hpf_roi5					12
Aang_Foundation	20250917_mem-mito	Aang_Foundation/20250917_mem-mito/fish4_48hpf_roi6					12
Aang_Foundation	20250917_mem-mito	Aang_Foundation/20250917_mem-mito/fish5_48hpf_roi1					12
Aang_Foundation	20250917_mem-mito	Aang_Foundation/20250917_mem-mito/fish5_48hpf_roi2					12
Aang_Foundation	20250917_mem-mito	Aang_Foundation/20250917_mem-mito/fish5_48hpf_roi3					12
Aang_Foundation	20250917_mem-mito	Aang_Foundation/20250917_mem-mito/fish5_48hpf_roi4					12
Aang_Foundation	20250917_mem-mito	Aang_Foundation/20250917_mem-mito/fish5_48hpf_roi5					12
Aang_Foundation	20250917_mem-mito	Aang_Foundation/20250917_mem-mito/fish6_48hpf_roi1					12
Aang_Foundation	20250917_mem-mito	Aang_Foundation/20250917_mem-mito/fish6_48hpf_roi2					12
Aang_Foundation	20250918_mem-mito	Aang_Foundation/20250918_mem-mito/fish1_72hpf_roi1					13
Aang_Foundation	20250918_mem-mito	Aang_Foundation/20250918_mem-mito/fish1_72hpf_roi2					12
Aang_Foundation	20250918_mem-mito	Aang_Foundation/20250918_mem-mito/fish1_72hpf_roi3					12
Aang_Foundation	20250918_mem-mito	Aang_Foundation/20250918_mem-mito/fish1_72hpf_roi4					12
Aang_Foundation	20250918_mem-mito	Aang_Foundation/20250918_mem-mito/fish1_72hpf_roi5					12
Aang_Foundation	20250918_mem-mito	Aang_Foundation/20250918_mem-mito/fish1_72hpf_roi6					12
Aang_Foundation	20250918_mem-mito	Aang_Foundation/20250918_mem-mito/fish2_72hpf_roi1					13
Aang_Foundation	20250918_mem-mito	Aang_Foundation/20250918_mem-mito/fish2_72hpf_roi2					12
Aang_Foundation	20250918_mem-mito	Aang_Foundation/20250918_mem-mito/fish2_72hpf_roi3					12
Aang_Foundation	20250918_mem-mito	Aang_Foundation/20250918_mem-mito/fish2_72hpf_roi4					12
Aang_Foundation	20250918_mem-mito	Aang_Foundation/20250918_mem-mito/fish3_72hpf_roi1					12
Aang_Foundation	20250918_mem-mito	Aang_Foundation/20250918_mem-mito/fish3_72hpf_roi10					12
Aang_Foundation	20250918_mem-mito	Aang_Foundation/20250918_mem-mito/fish3_72hpf_roi11					12
Aang_Foundation	20250918_mem-mito	Aang_Foundation/20250918_mem-mito/fish3_72hpf_roi2					12
Aang_Foundation	20250918_mem-mito	Aang_Foundation/20250918_mem-mito/fish3_72hpf_roi3					12
Aang_Foundation	20250918_mem-mito	Aang_Foundation/20250918_mem-mito/fish3_72hpf_roi4					12
Aang_Foundation	20250918_mem-mito	Aang_Foundation/20250918_mem-mito/fish3_72hpf_roi5					13
Aang_Foundation	20250918_mem-mito	Aang_Foundation/20250918_mem-mito/fish3_72hpf_roi6					12
Aang_Foundation	20250918_mem-mito	Aang_Foundation/20250918_mem-mito/fish3_72hpf_roi7					12
Aang_Foundation	20250918_mem-mito	Aang_Foundation/20250918_mem-mito/fish3_72hpf_roi8					12
Aang_Foundation	20250918_mem-mito	Aang_Foundation/20250918_mem-mito/fish3_72hpf_roi9					12
Aang_Foundation	20250918_mem-mito	Aang_Foundation/20250918_mem-mito/fish5_72hpf_roi1					12
Aang_Foundation	20250918_mem-mito	Aang_Foundation/20250918_mem-mito/fish5_72hpf_roi2					12
Aang_Foundation	20250918_mem-mito	Aang_Foundation/20250918_mem-mito/fish5_72hpf_roi3					12
Aang_Foundation	20250918_mem-mito	Aang_Foundation/20250918_mem-mito/fish5_72hpf_roi4					12
Aang_Foundation	20250918_mem-mito	Aang_Foundation/20250918_mem-mito/fish6_72hpf_roi1					12
Aang_Foundation	20250919_mem-mito	Aang_Foundation/20250919_mem-mito/fish1_24hpf_roi1					13
Aang_Foundation	20250919_mem-mito	Aang_Foundation/20250919_mem-mito/fish1_24hpf_roi2					13
Aang_Foundation	20250919_mem-mito	Aang_Foundation/20250919_mem-mito/fish1_24hpf_roi3					12
Aang_Foundation	20250919_mem-mito	Aang_Foundation/20250919_mem-mito/fish2_24hpf_roi1					12
Aang_Foundation	20250919_mem-mito	Aang_Foundation/20250919_mem-mito/fish2_24hpf_roi2					12
Aang_Foundation	20250919_mem-mito	Aang_Foundation/20250919_mem-mito/fish2_24hpf_roi3					12
Aang_Foundation	20250919_mem-mito	Aang_Foundation/20250919_mem-mito/fish4_24hpf_roi1					7
Aang_Foundation	20250919_mem-mito	Aang_Foundation/20250919_mem-mito/fish4_24hpf_roi2					7
Aang_Foundation	20250919_mem-mito	Aang_Foundation/20250919_mem-mito/fish4_24hpf_roi3					7
Aang_Foundation	20250919_mem-mito	Aang_Foundation/20250919_mem-mito/fish5_24hpf_roi1					7
Aang_Foundation	20250919_mem-mito	Aang_Foundation/20250919_mem-mito/fish5_24hpf_roi2					8
Aang_Foundation	20250919_mem-mito	Aang_Foundation/20250919_mem-mito/fish5_24hpf_roi3					8
Aang_Foundation	20250919_mem-mito	Aang_Foundation/20250919_mem-mito/fish5_24hpf_roi4					7
Aang_Foundation	20250919_mem-mito	Aang_Foundation/20250919_mem-mito/fish7_24hpf_roi1					8
Aang_Foundation	20250919_mem-mito	Aang_Foundation/20250919_mem-mito/fish7_24hpf_roi2					7
Aang_Foundation	20250919_mem-mito	Aang_Foundation/20250919_mem-mito/fish7_24hpf_roi3					7
Aang_Foundation	20250919_mem-mito	Aang_Foundation/20250919_mem-mito/fish7_24hpf_roi4					7
Aang_Foundation	20250919_mem-mito	Aang_Foundation/20250919_mem-mito/fish7_24hpf_roi5					7
Aang_Foundation	20250919_mem-mito	Aang_Foundation/20250919_mem-mito/fish8_24hpf_roi1					7
Aang_Foundation	20250919_mem-mito	Aang_Foundation/20250919_mem-mito/fish8_24hpf_roi2					7
Aang_Foundation	20250919_mem-mito	Aang_Foundation/20250919_mem-mito/fish8_24hpf_roi3					7
Aang_Foundation	20250919_mem-mito	Aang_Foundation/20250919_mem-mito/fish8_24hpf_roi4					7
Aang_Foundation	20250919_mem-mito	Aang_Foundation/20250919_mem-mito/fish8_24hpf_roi5					9
Aang_Foundation	20250922_mem-mito	Aang_Foundation/20250922_mem-mito/fish1_72hpf_roi1					13
Aang_Foundation	20250922_mem-mito	Aang_Foundation/20250922_mem-mito/fish1_72hpf_roi2					13
Aang_Foundation	20250922_mem-mito	Aang_Foundation/20250922_mem-mito/fish1_72hpf_roi3					12
Aang_Foundation	20250922_mem-mito	Aang_Foundation/20250922_mem-mito/fish1_72hpf_roi4					12
Aang_Foundation	20250922_mem-mito	Aang_Foundation/20250922_mem-mito/fish1_72hpf_roi5					12
Aang_Foundation	20250922_mem-mito	Aang_Foundation/20250922_mem-mito/fish1_72hpf_roi6					13
Aang_Foundation	20250922_mem-mito	Aang_Foundation/20250922_mem-mito/fish1_72hpf_roi7					12
Aang_Foundation	20250922_mem-mito	Aang_Foundation/20250922_mem-mito/fish1_72hpf_roi8					12
Aang_Foundation	20250922_mem-mito	Aang_Foundation/20250922_mem-mito/fish2_72hpf_roi1					8
Aang_Foundation	20250922_mem-mito	Aang_Foundation/20250922_mem-mito/fish2_72hpf_roi2					7
Aang_Foundation	20250922_mem-mito	Aang_Foundation/20250922_mem-mito/fish2_72hpf_roi3					7
Aang_Foundation	20250922_mem-mito	Aang_Foundation/20250922_mem-mito/fish2_72hpf_roi4					7
Aang_Foundation	20250922_mem-mito	Aang_Foundation/20250922_mem-mito/fish4_72hpf_roi1					7
Aang_Foundation	20250922_mem-mito	Aang_Foundation/20250922_mem-mito/fish4_72hpf_roi2					5
Aang_Foundation	20250922_mem-mito	Aang_Foundation/20250922_mem-mito/fish4_72hpf_roi3					1
Aang_Foundation	20250922_mem-mito	Aang_Foundation/20250922_mem-mito/fish5_72hpf_roi1					8
Aang_Foundation	20250922_mem-mito	Aang_Foundation/20250922_mem-mito/fish5_72hpf_roi2					7
Aang_Foundation	20250922_mem-mito	Aang_Foundation/20250922_mem-mito/fish5_72hpf_roi3					7
Aang_Foundation	20250922_mem-mito	Aang_Foundation/20250922_mem-mito/fish5_72hpf_roi4					7
Aang_Foundation	20250924_mem-mito	Aang_Foundation/20250924_mem-mito/fish1_24hpf_roi1					13
Aang_Foundation	20250924_mem-mito	Aang_Foundation/20250924_mem-mito/fish1_24hpf_roi2					12
Aang_Foundation	20250924_mem-mito	Aang_Foundation/20250924_mem-mito/fish1_24hpf_roi3					12
Aang_Foundation	20250924_mem-mito	Aang_Foundation/20250924_mem-mito/fish1_24hpf_roi4					13
Aang_Foundation	20250924_mem-mito	Aang_Foundation/20250924_mem-mito/fish1_24hpf_roi5					13
Aang_Foundation	20250924_mem-mito	Aang_Foundation/20250924_mem-mito/fish1_24hpf_roi6					13
Aang_Foundation	20250924_mem-mito	Aang_Foundation/20250924_mem-mito/fish2_24hpf_roi1					12
Aang_Foundation	20250924_mem-mito	Aang_Foundation/20250924_mem-mito/fish2_24hpf_roi2					12
Aang_Foundation	20250924_mem-mito	Aang_Foundation/20250924_mem-mito/fish3_24hpf_roi1					13
Aang_Foundation	20250924_mem-mito	Aang_Foundation/20250924_mem-mito/fish3_24hpf_roi1_test					13
Aang_Foundation	20250924_mem-mito	Aang_Foundation/20250924_mem-mito/fish3_24hpf_roi3					12
Aang_Foundation	20250924_mem-mito	Aang_Foundation/20250924_mem-mito/fish3_24hpf_roi4					12
Aang_Foundation	20250924_mem-mito	Aang_Foundation/20250924_mem-mito/fish3_24hpf_roi5					12
Aang_Foundation	20250924_mem-mito	Aang_Foundation/20250924_mem-mito/fish3_24hpf_roi6					12
Aang_Foundation	20250924_mem-mito	Aang_Foundation/20250924_mem-mito/fish3_24hpf_roi7					12
Aang_Foundation	20250924_mem-mito	Aang_Foundation/20250924_mem-mito/fish4_24hpf_roi1					13
Aang_Foundation	20250924_mem-mito	Aang_Foundation/20250924_mem-mito/fish4_24hpf_roi2					12
Aang_Foundation	20250924_mem-mito	Aang_Foundation/20250924_mem-mito/fish4_24hpf_roi3					13
Aang_Foundation	20250925_mem-mito	Aang_Foundation/20250925_mem-mito/fish1_48hpf_roi1					13
Aang_Foundation	20250925_mem-mito	Aang_Foundation/20250925_mem-mito/fish1_48hpf_roi2					13
Aang_Foundation	20250925_mem-mito	Aang_Foundation/20250925_mem-mito/fish1_48hpf_roi3					12
Aang_Foundation	20250925_mem-mito	Aang_Foundation/20250925_mem-mito/fish3_48hpf_roi1					13
Aang_Foundation	20250925_mem-mito	Aang_Foundation/20250925_mem-mito/fish3_48hpf_roi2					12
Aang_Foundation	20250925_mem-mito	Aang_Foundation/20250925_mem-mito/fish3_48hpf_roi3					12
Aang_Foundation	20250925_mem-mito	Aang_Foundation/20250925_mem-mito/fish3_48hpf_roi4					12
Aang_Foundation	20250926_mem-mito	Aang_Foundation/20250926_mem-mito/fish1_48hpf_roi1					13
Aang_Foundation	20250926_mem-mito	Aang_Foundation/20250926_mem-mito/fish1_48hpf_roi2					13
Aang_Foundation	20250926_mem-mito	Aang_Foundation/20250926_mem-mito/fish1_48hpf_roi3					13
Aang_Foundation	20250926_mem-mito	Aang_Foundation/20250926_mem-mito/fish1_48hpf_roi4					12
Aang_Foundation	20250926_mem-mito	Aang_Foundation/20250926_mem-mito/fish2_48hpf_roi1					13
Aang_Foundation	20250926_mem-mito	Aang_Foundation/20250926_mem-mito/fish2_48hpf_roi2					13
Aang_Foundation	20250926_mem-mito	Aang_Foundation/20250926_mem-mito/fish2_48hpf_roi3					12
Aang_Foundation	20250926_mem-mito	Aang_Foundation/20250926_mem-mito/fish2_48hpf_roi4					12
Aang_Foundation	20250926_mem-mito	Aang_Foundation/20250926_mem-mito/fish2_48hpf_roi5					1
Aang_Foundation	20250926_mem-mito	Aang_Foundation/20250926_mem-mito/fish3_48hpf_roi1					13
Aang_Foundation	20250926_mem-mito	Aang_Foundation/20250926_mem-mito/fish3_48hpf_roi2					12
Aang_Foundation	20250926_mem-mito	Aang_Foundation/20250926_mem-mito/fish3_48hpf_roi3					12
Aang_Foundation	20250926_mem-mito	Aang_Foundation/20250926_mem-mito/fish3_48hpf_roi4					12
Aang_Foundation	20250926_mem-mito	Aang_Foundation/20250926_mem-mito/fish_48hpf_roi1					13
Aang_Foundation	20250926_mem-mito	Aang_Foundation/20250926_mem-mito/fish_48hpf_roi2					12
Aang_Foundation	20250926_mem-mito	Aang_Foundation/20250926_mem-mito/fish_48hpf_roi3					12
Aang_Foundation	20250926_mem-mito	Aang_Foundation/20250926_mem-mito/fish_48hpf_roi4					14
Aang_Foundation	20251001_mem-histone	Aang_Foundation/20251001_mem-histone/fish1_24hpf_roi1					11
Aang_Foundation	20251001_mem-histone	Aang_Foundation/20251001_mem-histone/fish1_24hpf_roi2					11
Aang_Foundation	20251001_mem-histone	Aang_Foundation/20251001_mem-histone/fish2_24hpf_roi1					11
Aang_Foundation	20251001_mem-histone	Aang_Foundation/20251001_mem-histone/fish2_24hpf_roi2					10
Aang_Foundation	20251001_mem-histone	Aang_Foundation/20251001_mem-histone/fish2_24hpf_roi3					10
Aang_Foundation	20251001_mem-histone	Aang_Foundation/20251001_mem-histone/fish4_24hpf_roi1					10
Aang_Foundation	20251001_mem-histone	Aang_Foundation/20251001_mem-histone/fish4_24hpf_roi2					10
Aang_Foundation	20251001_mem-histone	Aang_Foundation/20251001_mem-histone/fish5_24hpf_roi1					10
Aang_Foundation	20251001_mem-histone	Aang_Foundation/20251001_mem-histone/fish5_24hpf_roi2					10
Aang_Foundation	20251001_mem-histone	Aang_Foundation/20251001_mem-histone/fish5_24hpf_roi3					10
Aang_Foundation	20251001_mem-histone	Aang_Foundation/20251001_mem-histone/fish5_24hpf_roi4					10
Aang_Foundation	20251002_mem_mito	Aang_Foundation/20251002_mem_mito/fish10_24hpf_roi1					13
Aang_Foundation	20251002_mem_mito	Aang_Foundation/20251002_mem_mito/fish10_24hpf_roi2					12
Aang_Foundation	20251002_mem_mito	Aang_Foundation/20251002_mem_mito/fish11_24hpf_roi1					13
Aang_Foundation	20251002_mem_mito	Aang_Foundation/20251002_mem_mito/fish11_24hpf_roi2					12
Aang_Foundation	20251002_mem_mito	Aang_Foundation/20251002_mem_mito/fish11_24hpf_roi3					12
Aang_Foundation	20251002_mem_mito	Aang_Foundation/20251002_mem_mito/fish12_24hpf_roi1					12
Aang_Foundation	20251002_mem_mito	Aang_Foundation/20251002_mem_mito/fish12_24hpf_roi2					12
Aang_Foundation	20251002_mem_mito	Aang_Foundation/20251002_mem_mito/fish12_24hpf_roi3					12
Aang_Foundation	20251002_mem_mito	Aang_Foundation/20251002_mem_mito/fish12_24hpf_roi4					12
Aang_Foundation	20251002_mem_mito	Aang_Foundation/20251002_mem_mito/fish1_24hpf_roi1					13
Aang_Foundation	20251002_mem_mito	Aang_Foundation/20251002_mem_mito/fish3_24hpf_roi1					13
Aang_Foundation	20251002_mem_mito	Aang_Foundation/20251002_mem_mito/fish3_24hpf_roi2					13
Aang_Foundation	20251002_mem_mito	Aang_Foundation/20251002_mem_mito/fish5_24hpf_roi1					13
Aang_Foundation	20251002_mem_mito	Aang_Foundation/20251002_mem_mito/fish5_24hpf_roi2					12
Aang_Foundation	20251002_mem_mito	Aang_Foundation/20251002_mem_mito/fish5_24hpf_roi3					12
Aang_Foundation	20251002_mem_mito	Aang_Foundation/20251002_mem_mito/fish6_24hpf_roi1					13
Aang_Foundation	20251002_mem_mito	Aang_Foundation/20251002_mem_mito/fish6_24hpf_roi2					12
Aang_Foundation	20251002_mem_mito	Aang_Foundation/20251002_mem_mito/fish6_24hpf_roi3					13
Aang_Foundation	20251002_mem_mito	Aang_Foundation/20251002_mem_mito/fish7_24hpf_roi1					13
Aang_Foundation	20251002_mem_mito	Aang_Foundation/20251002_mem_mito/fish7_24hpf_roi2					12
Aang_Foundation	20251002_mem_mito	Aang_Foundation/20251002_mem_mito/fish8_24hpf_roi1					12
Aang_Foundation	20251002_mem_mito	Aang_Foundation/20251002_mem_mito/fish8_24hpf_roi2					12
Aang_Foundation	20251002_mem_mito	Aang_Foundation/20251002_mem_mito/fish9_24hpf_roi1					12
Aang_Foundation	20251002_mem_mito	Aang_Foundation/20251002_mem_mito/fish9_24hpf_roi2					12
Aang_Foundation	20251003_mem_tester	Aang_Foundation/20251003_mem_tester/fish1_48hpf_xscan_roi1_brain					6
Aang_Foundation	20251003_mem_tester	Aang_Foundation/20251003_mem_tester/fish1_48hpf_xscan_roi1_brain_2					2
Aang_Foundation	20251003_mem_tester	Aang_Foundation/20251003_mem_tester/fish1_48hpf_xscan_roi2_spine_muscle					6
Aang_Foundation	20251003_mem_tester	Aang_Foundation/20251003_mem_tester/fish1_48hpf_xscan_roi3_spine_muscle_tail					6
Aang_Foundation	20251003_mem_tester	Aang_Foundation/20251003_mem_tester/fish1_48hpf_xscan_roi4_spine_muscle_tail					6
Aang_Foundation	20251003_mem_tester	Aang_Foundation/20251003_mem_tester/fish1_48hpf_xscan_roi5_spine_muscle_tail					6
Aang_Foundation	20251003_mem_tester	Aang_Foundation/20251003_mem_tester/fish1_48hpf_xscan_roi6_spine_muscle_tail					5
Aang_Foundation	20251003_mem_tester	Aang_Foundation/20251003_mem_tester/fish1_48hpf_xscan_roi7_spine_muscle_tail					5
Aang_Foundation	20251006_mem_histone	Aang_Foundation/20251006_mem_histone/fish1_24hpf_roi1					11
Aang_Foundation	20251006_mem_histone	Aang_Foundation/20251006_mem_histone/fish1_24hpf_roi2					11
Aang_Foundation	20251006_mem_histone	Aang_Foundation/20251006_mem_histone/fish1_24hpf_roi3					10
Aang_Foundation	20251006_mem_histone	Aang_Foundation/20251006_mem_histone/fish1_24hpf_roi4					11
Aang_Foundation	20251006_mem_histone	Aang_Foundation/20251006_mem_histone/fish3_24hpf_roi1					11
Aang_Foundation	20251006_mem_histone	Aang_Foundation/20251006_mem_histone/fish3_24hpf_roi2					11
Aang_Foundation	20251006_mem_histone	Aang_Foundation/20251006_mem_histone/fish4_24hpf_roi1					10
Aang_Foundation	20251006_mem_histone	Aang_Foundation/20251006_mem_histone/fish4_24hpf_roi2					10
Aang_Foundation	20251006_mem_histone	Aang_Foundation/20251006_mem_histone/fish4_24hpf_roi3					10
Aang_Foundation	20251006_mem_histone	Aang_Foundation/20251006_mem_histone/fish6_24hpf_roi1					10
Aang_Foundation	20251006_mem_histone	Aang_Foundation/20251006_mem_histone/fish6_24hpf_roi2					10
Aang_Foundation	20251007_mem_histone	Aang_Foundation/20251007_mem_histone/fish2_48hpf_roi1					11
Aang_Foundation	20251007_mem_histone	Aang_Foundation/20251007_mem_histone/fish2_48hpf_roi2					12
Aang_Foundation	20251007_mem_histone	Aang_Foundation/20251007_mem_histone/fish2_48hpf_roi2_test					11
Aang_Foundation	20251007_mem_histone	Aang_Foundation/20251007_mem_histone/fish2_48hpf_roi3					11
Aang_Foundation	20251007_mem_histone	Aang_Foundation/20251007_mem_histone/fish2_48hpf_roi4					10
Aang_Foundation	20251007_mem_histone	Aang_Foundation/20251007_mem_histone/fish2_48hpf_roi5					10
Aang_Foundation	20251007_mem_histone	Aang_Foundation/20251007_mem_histone/fish3_48hpf_roi1					11
Aang_Foundation	20251009_mem-mito	Aang_Foundation/20251009_mem-mito/fish3_48hpf_roi1					11
Aang_Foundation	20251009_mem-mito	Aang_Foundation/20251009_mem-mito/fish3_48hpf_roi2					11
Aang_Foundation	20251009_mem-mito	Aang_Foundation/20251009_mem-mito/fish3_48hpf_roi3					11
Aang_Foundation	20251009_mem-mito	Aang_Foundation/20251009_mem-mito/fish3_48hpf_roi4					10
Aang_Foundation	20251010_mem-mito	Aang_Foundation/20251010_mem-mito/fish1_24hpf_roi1					11
Aang_Foundation	20251010_mem-mito	Aang_Foundation/20251010_mem-mito/fish1_24hpf_roi2					11
Aang_Foundation	20251010_mem-mito	Aang_Foundation/20251010_mem-mito/fish2_24hpf_roi1					11
Aang_Foundation	20251010_mem-mito	Aang_Foundation/20251010_mem-mito/fish2_24hpf_roi2					10
Aang_Foundation	20251010_mem-mito	Aang_Foundation/20251010_mem-mito/fish3_24hpf_roi1					11
Aang_Foundation	20251010_mem-mito	Aang_Foundation/20251010_mem-mito/fish3_24hpf_roi2					10
Aang_Foundation	20251010_mem-mito	Aang_Foundation/20251010_mem-mito/fish4_24hpf_roi1					10
Aang_Foundation	20251010_mem-mito	Aang_Foundation/20251010_mem-mito/fish4_24hpf_roi2					10
Aang_Foundation	20251010_mem-mito	Aang_Foundation/20251010_mem-mito/fish5_24hpf_roi1					11
Aang_Foundation	20251010_mem-mito	Aang_Foundation/20251010_mem-mito/fish5_24hpf_roi2					10
Aang_Foundation	20251010_mem-mito	Aang_Foundation/20251010_mem-mito/fish6_24hpf_roi1					10
Aang_Foundation	20251010_mem-mito	Aang_Foundation/20251010_mem-mito/fish6_24hpf_roi2					10
Aang_Foundation	20251013_mem-histone	Aang_Foundation/20251013_mem-histone/fish1_96hpf_roi1					11
Aang_Foundation	20251013_mem-histone	Aang_Foundation/20251013_mem-histone/fish1_96hpf_roi3					11
Aang_Foundation	20251013_mem-histone	Aang_Foundation/20251013_mem-histone/fish3_96hpf_roi1					11
Aang_Foundation	20251013_mem-histone	Aang_Foundation/20251013_mem-histone/fish3_96hpf_roi2					10
Aang_Foundation	20251013_mem-histone	Aang_Foundation/20251013_mem-histone/fish3_96hpf_roi3					10
Aang_Foundation	20251013_mem-histone	Aang_Foundation/20251013_mem-histone/fish3_96hpf_roi4					10
Aang_Foundation	20251015_mem-histone	Aang_Foundation/20251015_mem-histone/fish1_48hpf_roi1					11
Aang_Foundation	20251015_mem-histone	Aang_Foundation/20251015_mem-histone/fish1_48hpf_roi2					10
Aang_Foundation	20251015_mem-histone	Aang_Foundation/20251015_mem-histone/fish1_48hpf_roi3					10
Aang_Foundation	20251015_mem-histone	Aang_Foundation/20251015_mem-histone/fish2_48hpf_roi1					10
Aang_Foundation	20251015_mem-histone	Aang_Foundation/20251015_mem-histone/fish3_48hpf_roi1					11
Aang_Foundation	20251015_mem-histone	Aang_Foundation/20251015_mem-histone/fish3_48hpf_roi2					10
Aang_Foundation	20251015_mem-histone	Aang_Foundation/20251015_mem-histone/fish4_48hpf_roi1					10
Aang_Foundation	20251015_mem-histone	Aang_Foundation/20251015_mem-histone/fish4_48hpf_roi2					10
Aang_Foundation	20251015_mem-histone	Aang_Foundation/20251015_mem-histone/fish4_48hpf_roi3					10
Aang_Foundation	20251015_mem-histone	Aang_Foundation/20251015_mem-histone/fish5_48hpf_roi1					11
Aang_Foundation	20251015_mem-histone	Aang_Foundation/20251015_mem-histone/fish6_48hpf_roi1					10
Aang_Foundation	20251016_mem-mito	Aang_Foundation/20251016_mem-mito/fish1_72hpf_roi1					11
Aang_Foundation	20251016_mem-mito_v2	Aang_Foundation/20251016_mem-mito_v2/fish1_72hpf_roi1					11
Aang_Foundation	20251016_mem-mito_v2	Aang_Foundation/20251016_mem-mito_v2/fish1_72hpf_roi2					11
Aang_Foundation	20251017_nuclear_envelope	Aang_Foundation/20251017_nuclear_envelope/fish1_24hpf_roi1_test					11
Aang_Foundation	20251017_nuclear_envelope	Aang_Foundation/20251017_nuclear_envelope/fish1_24hpf_roi1_test_SIM					11
Aang_Foundation	20251020_mem-histone	Aang_Foundation/20251020_mem-histone/fish1_72hpf_roi1					11
Aang_Foundation	20251020_mem-histone	Aang_Foundation/20251020_mem-histone/fish1_72hpf_roi2					10
Aang_Foundation	20251020_mem-histone	Aang_Foundation/20251020_mem-histone/fish1_72hpf_roi3					10
Aang_Foundation	20251020_mem-histone	Aang_Foundation/20251020_mem-histone/fish1_72hpf_roi4					10
Aang_Foundation	20251020_mem-histone	Aang_Foundation/20251020_mem-histone/fish1_72hpf_roi5					10
Aang_Foundation	20251020_mem-histone	Aang_Foundation/20251020_mem-histone/fish1_72hpf_roi6					10
Aang_Foundation	20251020_mem-histone	Aang_Foundation/20251020_mem-histone/fish1_72hpf_roi7					10
Aang_Foundation	20251020_mem-histone	Aang_Foundation/20251020_mem-histone/fish2_72hpf_roi1					11
Aang_Foundation	20251020_mem-histone	Aang_Foundation/20251020_mem-histone/fish2_72hpf_roi2					11
Aang_Foundation	20251020_mem-histone	Aang_Foundation/20251020_mem-histone/fish3_72hpf_roi1					11
Aang_Foundation	20251020_mem-histone	Aang_Foundation/20251020_mem-histone/fish3_72hpf_roi2					11
Aang_Foundation	20251020_mem-histone	Aang_Foundation/20251020_mem-histone/fish3_72hpf_roi3					10
Aang_Foundation	20251021_mem-mito	Aang_Foundation/20251021_mem-mito/fish1_24hpf_roi1					11
Aang_Foundation	20251021_mem-mito	Aang_Foundation/20251021_mem-mito/fish1_24hpf_roi2					11
Aang_Foundation	20251021_mem-mito	Aang_Foundation/20251021_mem-mito/fish2_24hpf_roi1					11
Aang_Foundation	20251021_mem-mito	Aang_Foundation/20251021_mem-mito/fish2_24hpf_roi2					10
Aang_Foundation	20251021_mem-mito	Aang_Foundation/20251021_mem-mito/fish3_24hpf_roi1					10
Aang_Foundation	20251021_mem-mito	Aang_Foundation/20251021_mem-mito/fish3_24hpf_roi2					10
Aang_Foundation	20251021_mem-mito	Aang_Foundation/20251021_mem-mito/fish4_24hpf_roi1					10
Aang_Foundation	20251021_mem-mito	Aang_Foundation/20251021_mem-mito/fish5_24hpf_roi1					10
Aang_Foundation	20251021_mem-mito	Aang_Foundation/20251021_mem-mito/fish6_24hpf_roi1					10
Aang_Foundation	20251021_mem-mito	Aang_Foundation/20251021_mem-mito/fish6_24hpf_roi2					10
Aang_Foundation	20251021_mem-mito_v2	Aang_Foundation/20251021_mem-mito_v2/fish1_24hpf_roi1					11
Aang_Foundation	20251021_mem-mito_v2	Aang_Foundation/20251021_mem-mito_v2/fish2_24hpf_roi1					11
Aang_Foundation	20251021_mem-mito_v2	Aang_Foundation/20251021_mem-mito_v2/fish2_24hpf_roi2					10
Aang_Foundation	20251021_mem-mito_v2	Aang_Foundation/20251021_mem-mito_v2/fish4_24hpf_roi1					10
Aang_Foundation	20251021_mem-mito_v2	Aang_Foundation/20251021_mem-mito_v2/fish4_24hpf_roi2					10
Aang_Foundation	20251021_mem-mito_v2	Aang_Foundation/20251021_mem-mito_v2/fish4_24hpf_roi3					10
Aang_Foundation	20251021_mem-mito_v2	Aang_Foundation/20251021_mem-mito_v2/fish4_24hpf_roi4					10
Aang_Foundation	20251022_mem-mito	Aang_Foundation/20251022_mem-mito/fish1_48hpf_roi1					11
Aang_Foundation	20251022_mem-mito	Aang_Foundation/20251022_mem-mito/fish3_48hpf_roi1					11
Aang_Foundation	20251022_mem-mito	Aang_Foundation/20251022_mem-mito/fish3_48hpf_roi2					10
Aang_Foundation	20251022_mem-mito	Aang_Foundation/20251022_mem-mito/fish4_48hpf_roi1					10
Aang_Foundation	20251023_mem-mito	Aang_Foundation/20251023_mem-mito/fish1_24hpf_roi1					13
Aang_Foundation	20251023_mem-mito	Aang_Foundation/20251023_mem-mito/fish1_24hpf_roi2					11
Aang_Foundation	20251023_mem-mito	Aang_Foundation/20251023_mem-mito/fish3_24hpf_roi1					11
Aang_Foundation	20251027_mem-histone	Aang_Foundation/20251027_mem-histone/fish1_120hpf_roi1					11
Aang_Foundation	20251027_mem-histone	Aang_Foundation/20251027_mem-histone/fish1_120hpf_roi2					11
Aang_Foundation	20251027_mem-histone	Aang_Foundation/20251027_mem-histone/fish3_120hpf_roi1					11
Aang_Foundation	20251027_mem-histone	Aang_Foundation/20251027_mem-histone/fish3_120hpf_roi2					11
Aang_Foundation	20251027_mem-histone	Aang_Foundation/20251027_mem-histone/fish3_120hpf_roi3					10
Aang_Foundation	20251027_mem-histone	Aang_Foundation/20251027_mem-histone/fish3_120hpf_roi4					10
Aang_Foundation	20251027_mem-histone	Aang_Foundation/20251027_mem-histone/fish3_120hpf_roi5					10
Aang_Foundation	20251027_mem-histone	Aang_Foundation/20251027_mem-histone/fish3_120hpf_roi6					10
Aang_Foundation	20251027_mem-histone	Aang_Foundation/20251027_mem-histone/fish3_120hpf_roi7					10
Aang_Foundation	20251028_mem-mito	Aang_Foundation/20251028_mem-mito/fish1_24hpf_roi1					11
Aang_Foundation	20251028_mem-peroxi	Aang_Foundation/20251028_mem-peroxi/fish1_24hpf_roi1					11
Aang_Foundation	20251028_mem-peroxi	Aang_Foundation/20251028_mem-peroxi/fish4_24hpf_roi1					11
Aang_Foundation	20251028_mem-peroxi	Aang_Foundation/20251028_mem-peroxi/fish4_24hpf_roi2					10
Aang_Foundation	20251028_mem-peroxi	Aang_Foundation/20251028_mem-peroxi/fish5_24hpf_roi1					10
Aang_Foundation	20251028_mem-peroxi	Aang_Foundation/20251028_mem-peroxi/fish5_24hpf_roi2					10
Aang_Foundation	20251028_mem-peroxi2	Aang_Foundation/20251028_mem-peroxi2/fish1_24hpf_roi1					11
Aang_Foundation	20251028_mem-peroxi2	Aang_Foundation/20251028_mem-peroxi2/fish2_24hpf_roi1					11
Aang_Foundation	20251028_mem-peroxi2	Aang_Foundation/20251028_mem-peroxi2/fish4_24hpf_roi1					11
Aang_Foundation	20251028_mem-peroxi2	Aang_Foundation/20251028_mem-peroxi2/fish5_24hpf_roi1					11
Aang_Foundation	20251028_mem-peroxi2	Aang_Foundation/20251028_mem-peroxi2/fish6_24hpf_roi1					10
Aang_Foundation	20251029_peroxi	Aang_Foundation/20251029_peroxi/fish1_roi1					1
Aang_Foundation	20251105_mem-mito	Aang_Foundation/20251105_mem-mito/fish1_24hpf_roi1					11
Aang_Foundation	20251105_mem-mito	Aang_Foundation/20251105_mem-mito/fish2_24hpf_roi1					11
Aang_Foundation	20251105_mem-mito	Aang_Foundation/20251105_mem-mito/fish2_24hpf_roi2					10
Aang_Foundation	20251105_mem-mito	Aang_Foundation/20251105_mem-mito/fish2_24hpf_roi3					2
Aang_Foundation	20251105_mem-mito	Aang_Foundation/20251105_mem-mito/fish3_24hpf_roi1					11
Aang_Foundation	20251105_mem-mito	Aang_Foundation/20251105_mem-mito/fish3_24hpf_roi2					11
Aang_Foundation	20251105_mem-mito	Aang_Foundation/20251105_mem-mito/fish4_24hpf_roi1					11
Aang_Foundation	20251105_mem-mito	Aang_Foundation/20251105_mem-mito/fish4_24hpf_roi2					10
Aang_Foundation	20251105_mem-mito	Aang_Foundation/20251105_mem-mito/fish5_24hpf_roi1					11
Aang_Foundation	20251105_mem-mito	Aang_Foundation/20251105_mem-mito/fish5_24hpf_roi2					10
Aang_Foundation	20251106_mem-mito	Aang_Foundation/20251106_mem-mito/fish1_48hpf_roi1					11
Aang_Foundation	20251106_mem-mito	Aang_Foundation/20251106_mem-mito/fish1_48hpf_roi2					11
Aang_Foundation	20251106_mem-mito	Aang_Foundation/20251106_mem-mito/fish1_48hpf_roi3					9
Aang_Foundation	20251106_mem-mito	Aang_Foundation/20251106_mem-mito/fish1_48hpf_roi4					2
Aang_Foundation	20251106_mem-mito	Aang_Foundation/20251106_mem-mito/fish2_48hpf_roi1					11
Aang_Foundation	20251106_mem-mito	Aang_Foundation/20251106_mem-mito/fish2_48hpf_roi2					10
Aang_Foundation	20251106_mem-mito	Aang_Foundation/20251106_mem-mito/fish2_48hpf_roi3					10
Aang_Foundation	20251106_mem-mito	Aang_Foundation/20251106_mem-mito/fish2_48hpf_roi4					10
Aang_Foundation	20251106_mem-mito	Aang_Foundation/20251106_mem-mito/fish3_48hpf_roi1					11
Aang_Foundation	20251106_mem-mito	Aang_Foundation/20251106_mem-mito/fish3_48hpf_roi2					10
Aang_Foundation	20251106_mem-mito	Aang_Foundation/20251106_mem-mito/fish3_48hpf_roi3					10
Aang_Foundation	20251106_mem-mito	Aang_Foundation/20251106_mem-mito/fish4_48hpf_roi1					11
Aang_Foundation	20251106_mem-mito	Aang_Foundation/20251106_mem-mito/fish4_48hpf_roi2					10
Aang_Foundation	20251106_mem-mito	Aang_Foundation/20251106_mem-mito/fish4_48hpf_roi3					10
Aang_Foundation	20251106_mem-mito	Aang_Foundation/20251106_mem-mito/fish4_48hpf_roi4					10
Aang_Foundation	20251106_mem-mito	Aang_Foundation/20251106_mem-mito/fish5_48hpf_roi1					11
Aang_Foundation	20251106_mem-mito	Aang_Foundation/20251106_mem-mito/fish5_48hpf_roi2					10
Aang_Foundation	20251106_mem-mito	Aang_Foundation/20251106_mem-mito/fish5_48hpf_roi3					10
Aang_Foundation	20251107_mem-kinectocore	Aang_Foundation/20251107_mem-kinectocore/fish1_72hpf_roi1					6
Aang_Foundation	20251107_mem-mito	Aang_Foundation/20251107_mem-mito/fish1_24hpf_roi1					11
Aang_Foundation	20251107_mem-mito	Aang_Foundation/20251107_mem-mito/fish1_24hpf_roi1-2					11
Aang_Foundation	20251107_mem-mito	Aang_Foundation/20251107_mem-mito/fish1_24hpf_roi2					10
Aang_Foundation	20251107_mem-mito	Aang_Foundation/20251107_mem-mito/fish1_24hpf_roi3					11
Aang_Foundation	20251107_mem-mito	Aang_Foundation/20251107_mem-mito/fish2_24hpf_roi1					8
Aang_Foundation	20251107_mem-mito	Aang_Foundation/20251107_mem-mito/fish2_24hpf_roi2					1
Aang_Foundation	20251107_mem-mito	Aang_Foundation/20251107_mem-mito/fish2_24hpf_roi3					11
Aang_Foundation	20251107_mem-mito	Aang_Foundation/20251107_mem-mito/fish3_24hpf_roi1					11
Aang_Foundation	20251107_mem-mito	Aang_Foundation/20251107_mem-mito/fish3_24hpf_roi2					10
Aang_Foundation	20251107_mem-mito	Aang_Foundation/20251107_mem-mito/fish4_24hpf_roi1					10
Aang_Foundation	20251107_mem-mito	Aang_Foundation/20251107_mem-mito/fish4_24hpf_roi2					10
Aang_Foundation	20251107_mem-mito	Aang_Foundation/20251107_mem-mito/fish5_24hpf_roi1					10
Aang_Foundation	20251107_mem-mito	Aang_Foundation/20251107_mem-mito/fish5_24hpf_roi2					10
Aang_Foundation	20251107_mem-mito	Aang_Foundation/20251107_mem-mito/fish6_24hpf_roi1					10
Aang_Foundation	20251107_mem-mito	Aang_Foundation/20251107_mem-mito/fish6_24hpf_roi2					10
Aang_Foundation	20251124_mem-histone	Aang_Foundation/20251124_mem-histone/fish2_72hpf_roi1					4
Aang_Foundation	20251125_mem-histone	Aang_Foundation/20251125_mem-histone/fish1_96hpf_roi1					4
Aang_Foundation	20251125_mem-histone	Aang_Foundation/20251125_mem-histone/fish1_96hpf_roi2					4
Aang_Foundation	20251126_mem-histone	Aang_Foundation/20251126_mem-histone/fish1_120hpf_roi1					4
Aang_Foundation	20251126_mem-histone	Aang_Foundation/20251126_mem-histone/fish2_120hpf_roi1					4
Aang_Foundation	20251126_mem-histone	Aang_Foundation/20251126_mem-histone/fish2_120hpf_roi2					3
Aang_Foundation	20251128_mem-histone	Aang_Foundation/20251128_mem-histone/fish2_48hpf_roi1					4
Aang_Foundation	20251128_mem-histone	Aang_Foundation/20251128_mem-histone/fish3_48hpf_roi1					4
Aang_Foundation	20251202_mem-cytosolic	Aang_Foundation/20251202_mem-cytosolic/fish1_24hpf_roi1					4
Aang_Foundation	20251202_mem-cytosolic	Aang_Foundation/20251202_mem-cytosolic/fish2_24hpf_roi1					4
Aang_Foundation	20251202_mem-cytosolic	Aang_Foundation/20251202_mem-cytosolic/fish3_24hpf_roi1					3
Aang_Foundation	20251202_mem-cytosolic	Aang_Foundation/20251202_mem-cytosolic/fish4_24hpf_roi1					3
Aang_Foundation	20251202_mem-cytosolic	Aang_Foundation/20251202_mem-cytosolic/fish5_24hpf_roi1					3
Aang_Foundation	20251203_mem-cytosolic	Aang_Foundation/20251203_mem-cytosolic/fish1_48hpf_roi1					4
Aang_Foundation	20251203_mem-cytosolic	Aang_Foundation/20251203_mem-cytosolic/fish2_48hpf_roi1					4
Aang_Foundation	20251203_mem-cytosolic	Aang_Foundation/20251203_mem-cytosolic/fish3_48hpf_roi1					3
Aang_Foundation	20251203_mem-cytosolic	Aang_Foundation/20251203_mem-cytosolic/fish4_48hpf_roi1					3
Aang_Foundation	20251204_cdk_sensor_red_mem_red_nuc	Aang_Foundation/20251204_cdk_sensor_red_mem_red_nuc/fish1_24hpf_roi1				zarr	11705
Aang_Foundation	20251204_cdk_sensor_red_mem_red_nuc	Aang_Foundation/20251204_cdk_sensor_red_mem_red_nuc/fish3_24hpf_roi1					10
Aang_Foundation	20251204_cdk_sensor_red_mem_red_nuc	Aang_Foundation/20251204_cdk_sensor_red_mem_red_nuc/fish6_24hpf_roi1					11
Aang_Foundation	20251205_mem-histone	Aang_Foundation/20251205_mem-histone/fish1_96hpf_roi1					11
Aang_Foundation	20251205_mem-histone	Aang_Foundation/20251205_mem-histone/fish1_96hpf_roi2					10
Aang_Foundation	20251205_mem-histone	Aang_Foundation/20251205_mem-histone/fish1_96hpf_roi3					10
Aang_Foundation	20251205_mem-histone	Aang_Foundation/20251205_mem-histone/fish1_96hpf_roi4					10
Aang_Foundation	20251205_mem-histone	Aang_Foundation/20251205_mem-histone/fish2_96hpf_roi1					10
Aang_Foundation	20251205_mem-histone	Aang_Foundation/20251205_mem-histone/fish2_96hpf_roi2					10
Aang_Foundation	20251205_mem-histone	Aang_Foundation/20251205_mem-histone/fish2_96hpf_roi3					10
Aang_Foundation	20251205_mem-histone	Aang_Foundation/20251205_mem-histone/fish2_96hpf_roi4					10
Aang_Foundation	20251208_mem	Aang_Foundation/20251208_mem/fish1_24hpf_roi1					14
Aang_Foundation	20251208_mem	Aang_Foundation/20251208_mem/fish1_24hpf_roi2					13
Aang_Foundation	20251208_mem	Aang_Foundation/20251208_mem/fish2_24hpf_roi1					12
Aang_Foundation	20251208_mem	Aang_Foundation/20251208_mem/fish2_24hpf_roi2					1
Aang_Foundation	20251208_mem	Aang_Foundation/20251208_mem/fish3_24hpf_roi1					12
Aang_Foundation	20251208_mem	Aang_Foundation/20251208_mem/fish4_24hpf_roi1					13
Aang_Foundation	20251209_mem-histone	Aang_Foundation/20251209_mem-histone/fish2_24hpf_roi1					9
Aang_Foundation	20251209_mem-histone	Aang_Foundation/20251209_mem-histone/fish2_24hpf_roi1CAM2					1
Aang_Foundation	20251209_mem-histone	Aang_Foundation/20251209_mem-histone/fish3_24hpf_roi1					10
Aang_Foundation	20251209_mem-histone	Aang_Foundation/20251209_mem-histone/fish3_24hpf_roi1CAM2					1
Aang_Foundation	20251209_mem-histone	Aang_Foundation/20251209_mem-histone/fish4_24hpf_roi1					13
Aang_Foundation	20251209_mem-histone	Aang_Foundation/20251209_mem-histone/fish4_24hpf_roi1CAM2					1
Aang_Foundation	20251210_mem-histone	Aang_Foundation/20251210_mem-histone/fish1_48hpf_roi1					10
Aang_Foundation	20251210_mem-histone	Aang_Foundation/20251210_mem-histone/fish1_48hpf_roi1CAM2					1
Aang_Foundation	20251210_mem-histone	Aang_Foundation/20251210_mem-histone/fish2_48hpf_roi1					2
Aang_Foundation	20251210_mem-histone	Aang_Foundation/20251210_mem-histone/fish4_48hpf_roi1					9
Aang_Foundation	20251210_mem-histone	Aang_Foundation/20251210_mem-histone/fish4_48hpf_roi1-2					10
Aang_Foundation	20251210_mem-histone	Aang_Foundation/20251210_mem-histone/fish4_48hpf_roi1-2CAM2					1
Aang_Foundation	20251210_mem-histone	Aang_Foundation/20251210_mem-histone/fish4_48hpf_roi1CAM2					1
Aang_Foundation	20251211_mem-histone	Aang_Foundation/20251211_mem-histone/fish1_72hpf_roi1					10
Aang_Foundation	20251211_mem-histone	Aang_Foundation/20251211_mem-histone/fish1_72hpf_roi1CAM2					1
Aang_Foundation	20251211_mem-histone	Aang_Foundation/20251211_mem-histone/fish3_72hpf_roi1					10
Aang_Foundation	20251211_mem-histone	Aang_Foundation/20251211_mem-histone/fish3_72hpf_roi1CAM2					1
Aang_Foundation	20251212_mem-histone	Aang_Foundation/20251212_mem-histone/fish2_96hpf_roi1					10
Aang_Foundation	20251212_mem-histone	Aang_Foundation/20251212_mem-histone/fish2_96hpf_roi1CAM2					1
Aang_Foundation	20251212_mem-histone	Aang_Foundation/20251212_mem-histone/fish3_96hpf_roi1					10
Aang_Foundation	20251212_mem-histone	Aang_Foundation/20251212_mem-histone/fish3_96hpf_roi1CAM2					1
Aang_Foundation	20251216_mem-histone	Aang_Foundation/20251216_mem-histone/fish1_24hpf_roi1					10
Aang_Foundation	20251216_mem-histone	Aang_Foundation/20251216_mem-histone/fish1_24hpf_roi1CAM2					1
Aang_Foundation	20251216_mem-histone	Aang_Foundation/20251216_mem-histone/fish2_24hpf_roi1					10
Aang_Foundation	20251216_mem-histone	Aang_Foundation/20251216_mem-histone/fish2_24hpf_roi1CAM2					1
Aang_Foundation	20251216_mem-histone	Aang_Foundation/20251216_mem-histone/fish3_24hpf_roi1					9
Aang_Foundation	20251216_mem-histone	Aang_Foundation/20251216_mem-histone/fish3_24hpf_roi1CAM2					1
Aang_Foundation	20251216_mem-histone	Aang_Foundation/20251216_mem-histone/fish4_24hpf_roi1					11
Aang_Foundation	20251216_mem-histone	Aang_Foundation/20251216_mem-histone/fish4_24hpf_roi1-2					10
Aang_Foundation	20251216_mem-histone	Aang_Foundation/20251216_mem-histone/fish4_24hpf_roi1-2CAM2					1
Aang_Foundation	20251216_mem-histone	Aang_Foundation/20251216_mem-histone/fish4_24hpf_roi1CAM2					1
Aang_Foundation	20251216_mem-histone	Aang_Foundation/20251216_mem-histone/fish5_24hpf_roi1					2
Aang_Foundation	20251217_mem-histone	Aang_Foundation/20251217_mem-histone/fish1_48hpf_roi1					10
Aang_Foundation	20251217_mem-histone	Aang_Foundation/20251217_mem-histone/fish1_48hpf_roi1CAM2					1
Aang_Foundation	20251217_mem-histone	Aang_Foundation/20251217_mem-histone/fish2_48hpf_roi1					10
Aang_Foundation	20251217_mem-histone	Aang_Foundation/20251217_mem-histone/fish2_48hpf_roi1CAM2					1
Aang_Foundation	20251217_mem-histone	Aang_Foundation/20251217_mem-histone/fish3_48hpf_roi1					9
Aang_Foundation	20251217_mem-histone	Aang_Foundation/20251217_mem-histone/fish3_48hpf_roi1CAM2					1
Aang_Foundation	20251217_mem-histone	Aang_Foundation/20251217_mem-histone/fish4_48hpf_roi1					10
Aang_Foundation	20251217_mem-histone	Aang_Foundation/20251217_mem-histone/fish4_48hpf_roi1CAM2					1
Aang_Foundation	20251219_mem-histone	Aang_Foundation/20251219_mem-histone/fish1_96hpf_roi1					10
Aang_Foundation	20251219_mem-histone	Aang_Foundation/20251219_mem-histone/fish1_96hpf_roi1CAM2					1
Aang_Foundation	20251219_mem-histone	Aang_Foundation/20251219_mem-histone/fish3_96hpf_roi1					1
Aang_Foundation	20251219_mem-histone	Aang_Foundation/20251219_mem-histone/fish3_96hpf_roi2					1
Aang_Foundation	20251219_mem-histone	Aang_Foundation/20251219_mem-histone/fish3_96hpf_roi3					1
Aang_Foundation	20251219_mem-histone	Aang_Foundation/20251219_mem-histone/fish3_96hpf_roi4					1
Aang_Foundation	20251219_mem-histone	Aang_Foundation/20251219_mem-histone/fish3_96hpf_roi5					10
Aang_Foundation	20251219_mem-histone	Aang_Foundation/20251219_mem-histone/fish3_96hpf_roi5CAM2					1
Aang_Foundation	20251219_mem-histone	Aang_Foundation/20251219_mem-histone/fish3_96hpf_roi6					10
Aang_Foundation	20251219_mem-histone	Aang_Foundation/20251219_mem-histone/fish3_96hpf_roi6CAM2					1
Aang_Foundation	20251222_mem-histone	Aang_Foundation/20251222_mem-histone/fish1_72hpf_roi1					10
Aang_Foundation	20251222_mem-histone	Aang_Foundation/20251222_mem-histone/fish1_72hpf_roi1CAM2					1
Aang_Foundation	20251222_mem-histone	Aang_Foundation/20251222_mem-histone/fish1_72hpf_roi2					2
Aang_Foundation	Denoising	Aang_Foundation/Denoising/20251028_peroxi/roi1_560					2
Aang_Foundation	Denoising	Aang_Foundation/Denoising/20251028_peroxi/roi1_560_10ms					4
Aang_Foundation	Denoising	Aang_Foundation/Denoising/20251028_peroxi/roi1_560_76ms					4
Aang_Foundation	Denoising	Aang_Foundation/Denoising/20251029_mem-histone/fish1_roi1					11
Aang_Foundation	Denoising	Aang_Foundation/Denoising/20251029_mem-histone/fish3_roi1					12
Aang_Foundation	Denoising	Aang_Foundation/Denoising/20251029_mem-histone/fish4_roi1					11
Aang_Foundation	Denoising	Aang_Foundation/Denoising/20251029_mem-histone/fish5_roi1					11
Aang_Foundation	Denoising	Aang_Foundation/Denoising/20251029_mem-histone/fish5_roi2					10
Aang_Foundation	Denoising	Aang_Foundation/Denoising/20251029_mem-histone/fish5_roi3					10
Aang_Foundation	Denoising	Aang_Foundation/Denoising/20251029_peroxi/fish1_roi1					11
Aang_Foundation	Denoising	Aang_Foundation/Denoising/20251029_peroxi/fish3_roi1					11
Korra_Foundation	20250428_mem_histone	Korra_Foundation/20250428_mem_histone/fish1_72hpf/roi1_tail					18
Korra_Foundation	20250428_mem_histone	Korra_Foundation/20250428_mem_histone/fish1_72hpf/roi2_hindbrain_spine					18
Korra_Foundation	20250429_mem_cytosol	Korra_Foundation/20250429_mem_cytosol/fish1_24hpf/roi1					16
Korra_Foundation	20250429_mem_cytosol	Korra_Foundation/20250429_mem_cytosol/fish1_24hpf/roi1_test					16
Korra_Foundation	20250429_mem_cytosol	Korra_Foundation/20250429_mem_cytosol/fish2_48hpf/roi1					16
Korra_Foundation	20250429_mem_cytosol	Korra_Foundation/20250429_mem_cytosol/fish3_mem-halo_24hpf/roi1					16
Korra_Foundation	20250429_mem_cytosol	Korra_Foundation/20250429_mem_cytosol/fish3_mem-halo_24hpf/roi2					16
Korra_Foundation	20250429_mem_cytosol	Korra_Foundation/20250429_mem_cytosol/fish4_mem-halo_48hpf/roi1				zarr	3365
Korra_Foundation	20250429_mem_cytosol	Korra_Foundation/20250429_mem_cytosol/fish4_mem-halo_48hpf/roi2				zarr	4644
Korra_Foundation	20250429_mem_cytosol	Korra_Foundation/20250429_mem_cytosol/fish4_mem-halo_48hpf/roi3				zarr	6010
Korra_Foundation	20250513_skittles	Korra_Foundation/20250513_skittles/fish1/roi1				zarr	94
Korra_Foundation	20250513_skittles	Korra_Foundation/20250513_skittles/fish1/roi2					19
Korra_Foundation	20250513_skittles	Korra_Foundation/20250513_skittles/fish1/roi2_2					21
Korra_Foundation	20250513_skittles	Korra_Foundation/20250513_skittles/fish10/roi1					15
Korra_Foundation	20250513_skittles	Korra_Foundation/20250513_skittles/fish11/roi1					15
Korra_Foundation	20250513_skittles	Korra_Foundation/20250513_skittles/fish11/roi1_test					16
Korra_Foundation	20250513_skittles	Korra_Foundation/20250513_skittles/fish12/roi1				zarr	64
Korra_Foundation	20250513_skittles	Korra_Foundation/20250513_skittles/fish12/roi2				zarr	63
Korra_Foundation	20250513_skittles	Korra_Foundation/20250513_skittles/fish12/roi3				zarr	90
Korra_Foundation	20250513_skittles	Korra_Foundation/20250513_skittles/fish13/roi1				zarr	64
Korra_Foundation	20250513_skittles	Korra_Foundation/20250513_skittles/fish13/roi2				zarr	63
Korra_Foundation	20250513_skittles	Korra_Foundation/20250513_skittles/fish13/roi3				zarr	63
Korra_Foundation	20250513_skittles	Korra_Foundation/20250513_skittles/fish13/roi4				zarr	63
Korra_Foundation	20250513_skittles	Korra_Foundation/20250513_skittles/fish14/roi1_brain				zarr	82
Korra_Foundation	20250513_skittles	Korra_Foundation/20250513_skittles/fish14/roi2_tailbud				zarr	90
Korra_Foundation	20250513_skittles	Korra_Foundation/20250513_skittles/fish15/roi1				zarr	195
Korra_Foundation	20250513_skittles	Korra_Foundation/20250513_skittles/fish15/roi2				zarr	147
Korra_Foundation	20250513_skittles	Korra_Foundation/20250513_skittles/fish15/roi3				zarr	143
Korra_Foundation	20250513_skittles	Korra_Foundation/20250513_skittles/fish15/roi4				zarr	143
Korra_Foundation	20250513_skittles	Korra_Foundation/20250513_skittles/fish16/roi1_brain				zarr	89
Korra_Foundation	20250513_skittles	Korra_Foundation/20250513_skittles/fish2/roi1					16
Korra_Foundation	20250513_skittles	Korra_Foundation/20250513_skittles/fish2/roi2					16
Korra_Foundation	20250513_skittles	Korra_Foundation/20250513_skittles/fish2/roi3					2
Korra_Foundation	20250513_skittles	Korra_Foundation/20250513_skittles/fish3/roi1				zarr	123
Korra_Foundation	20250513_skittles	Korra_Foundation/20250513_skittles/fish3/roi2				zarr	143
Korra_Foundation	20250513_skittles	Korra_Foundation/20250513_skittles/fish3/roi3				zarr	144
Korra_Foundation	20250513_skittles	Korra_Foundation/20250513_skittles/fish3/roi4				zarr	148
Korra_Foundation	20250513_skittles	Korra_Foundation/20250513_skittles/fish4/roi1				zarr;zarr_1d65d382-e0d9-4777-aaa3-19dff48ff300;zarr_5702ff93-693c-4773-bc7d-5eb7e83efe60;zarr_eb919013-c738-4d3d-b4a7-49b48ebf06b7;zarr_f5c98289-abe9-4551-8ffb-4f5f7d9fe7e6	86
Korra_Foundation	20250513_skittles	Korra_Foundation/20250513_skittles/fish4/roi2				zarr	130
Korra_Foundation	20250513_skittles	Korra_Foundation/20250513_skittles/fish4/roi3				zarr	82
Korra_Foundation	20250513_skittles	Korra_Foundation/20250513_skittles/fish5/roi1				zarr	267
Korra_Foundation	20250513_skittles	Korra_Foundation/20250513_skittles/fish5/roi2				zarr	82
Korra_Foundation	20250513_skittles	Korra_Foundation/20250513_skittles/fish5/roi3				zarr	81
Korra_Foundation	20250513_skittles	Korra_Foundation/20250513_skittles/fish5/roi4				zarr	81
Korra_Foundation	20250513_skittles	Korra_Foundation/20250513_skittles/fish5/roi5				zarr	81
Korra_Foundation	20250513_skittles	Korra_Foundation/20250513_skittles/fish5/roi6				zarr	81
Korra_Foundation	20250513_skittles	Korra_Foundation/20250513_skittles/fish5/roi7				zarr	82
Korra_Foundation	20250513_skittles	Korra_Foundation/20250513_skittles/fish6/roi1				zarr	85
Korra_Foundation	20250513_skittles	Korra_Foundation/20250513_skittles/fish6/roi2				zarr;zarr_3fd5cd9e-0024-4c14-be32-97ce3d4a6a26	83
Korra_Foundation	20250513_skittles	Korra_Foundation/20250513_skittles/fish6/roi3				zarr	81
Korra_Foundation	20250513_skittles	Korra_Foundation/20250513_skittles/fish6/roi4				zarr	82
Korra_Foundation	20250513_skittles	Korra_Foundation/20250513_skittles/fish7/roi1_ear_brain				zarr	130
Korra_Foundation	20250513_skittles	Korra_Foundation/20250513_skittles/fish7/roi2_brain				zarr	83
Korra_Foundation	20250513_skittles	Korra_Foundation/20250513_skittles/fish8/roi1					16
Korra_Foundation	20250513_skittles	Korra_Foundation/20250513_skittles/fish9/roi1					16
Korra_Foundation	20250520_mem_histone	Korra_Foundation/20250520_mem_histone/fish2/roi1					18
Korra_Foundation	20250520_mem_histone	Korra_Foundation/20250520_mem_histone/fish4/roi1_tailbud				zarr	1036
Korra_Foundation	20250520_mem_histone	Korra_Foundation/20250520_mem_histone/fish4/roi1_tailbud_2					18
Korra_Foundation	20250520_mem_histone	Korra_Foundation/20250520_mem_histone/fish5/roi1_tailbud					18
Korra_Foundation	20250521_skittles_no-membrane	Korra_Foundation/20250521_skittles_no-membrane/fish2/roi1					6
Korra_Foundation	20250521_skittles_no-membrane	Korra_Foundation/20250521_skittles_no-membrane/fish2/roi2					6
Korra_Foundation	20250521_skittles_no-membrane	Korra_Foundation/20250521_skittles_no-membrane/fish3/roi1					6
Korra_Foundation	20250521_skittles_no-membrane	Korra_Foundation/20250521_skittles_no-membrane/fish4/roi1					6
Korra_Foundation	20250521_skittles_no-membrane	Korra_Foundation/20250521_skittles_no-membrane/fish4/roi2					8
Korra_Foundation	20250522_skittlez	Korra_Foundation/20250522_skittlez/fish1/roi1				zarr	57
Korra_Foundation	20250522_skittlez	Korra_Foundation/20250522_skittlez/fish1/roi2				zarr	55
Korra_Foundation	20250522_skittlez	Korra_Foundation/20250522_skittlez/fish2/roi1				zarr;zarr_d0d67567-334b-4fb6-83f9-cebc7c039997	56
Korra_Foundation	20250522_skittlez	Korra_Foundation/20250522_skittlez/fish2/roi2				zarr	55
Korra_Foundation	20250522_skittlez	Korra_Foundation/20250522_skittlez/fish3/roi1				zarr	55
Korra_Foundation	20250522_skittlez	Korra_Foundation/20250522_skittlez/fish3/roi2				zarr	55
Korra_Foundation	20250522_skittlez	Korra_Foundation/20250522_skittlez/fish3/roi3				zarr	55
Korra_Foundation	20250522_skittlez	Korra_Foundation/20250522_skittlez/fish4/roi1				zarr	56
Korra_Foundation	20250522_skittlez	Korra_Foundation/20250522_skittlez/fish4/roi2				zarr	55
Korra_Foundation	20250522_skittlez	Korra_Foundation/20250522_skittlez/fish5/roi1				zarr	68
Korra_Foundation	20250522_skittlez	Korra_Foundation/20250522_skittlez/fish6/roi1				zarr	56
Korra_Foundation	20250522_skittlez	Korra_Foundation/20250522_skittlez/fish6/roi2				zarr	55
Korra_Foundation	20250522_skittlez	Korra_Foundation/20250522_skittlez/fish7/roi1				zarr	55
Korra_Foundation	20250522_skittlez	Korra_Foundation/20250522_skittlez/fish7/roi2				zarr	55
Korra_Foundation	20250522_skittlez	Korra_Foundation/20250522_skittlez/fish7/roi3				zarr	55
Korra_Foundation	20250522_skittlez	Korra_Foundation/20250522_skittlez/fish8/roi1				zarr	55
Korra_Foundation	20250522_skittlez	Korra_Foundation/20250522_skittlez/fish8/roi2				zarr	55
Korra_Foundation	20250522_skittlez	Korra_Foundation/20250522_skittlez/fish8/roi3				zarr	55
Korra_Foundation	20250522_skittlez	Korra_Foundation/20250522_skittlez/fish9/roi1				zarr	61
Korra_Foundation	20250523_mem_histone	Korra_Foundation/20250523_mem_histone/fish1/roi1					16
Korra_Foundation	20250523_mem_histone	Korra_Foundation/20250523_mem_histone/fish2/roi1					17
Korra_Foundation	20250523_mem_histone	Korra_Foundation/20250523_mem_histone/fish3/roi1					16
Korra_Foundation	20250523_mem_histone	Korra_Foundation/20250523_mem_histone/fish4/roi1					16
Korra_Foundation	20250523_mem_histone	Korra_Foundation/20250523_mem_histone/fish5/roi1					18
Korra_Foundation	20250528_mem-histone	Korra_Foundation/20250528_mem-histone/fish1/roi1_spine					18
Korra_Foundation	20250528_mem-histone	Korra_Foundation/20250528_mem-histone/fish2/roi1_brain					18
Korra_Foundation	20250528_mem-histone	Korra_Foundation/20250528_mem-histone/fish3/roi2_spine					18
Korra_Foundation	20250528_skittlez	Korra_Foundation/20250528_skittlez/fish1/roi1					17
Korra_Foundation	20250528_skittlez	Korra_Foundation/20250528_skittlez/fish1/roi2					17
Korra_Foundation	20250529_skittlez	Korra_Foundation/20250529_skittlez/fish10_roi1				zarr	81
Korra_Foundation	20250529_skittlez	Korra_Foundation/20250529_skittlez/fish11_roi1_eye				zarr	74
Korra_Foundation	20250529_skittlez	Korra_Foundation/20250529_skittlez/fish11_roi1_eye_2				zarr	81
Korra_Foundation	20250529_skittlez	Korra_Foundation/20250529_skittlez/fish12_roi1				zarr	80
Korra_Foundation	20250529_skittlez	Korra_Foundation/20250529_skittlez/fish13_roi1				zarr	80
Korra_Foundation	20250529_skittlez	Korra_Foundation/20250529_skittlez/fish14_roi1				zarr	80
Korra_Foundation	20250529_skittlez	Korra_Foundation/20250529_skittlez/fish14_roi2				zarr	80
Korra_Foundation	20250529_skittlez	Korra_Foundation/20250529_skittlez/fish14_roi3				zarr	65
Korra_Foundation	20250529_skittlez	Korra_Foundation/20250529_skittlez/fish15_roi1				zarr	92
Korra_Foundation	20250529_skittlez	Korra_Foundation/20250529_skittlez/fish1_roi1				zarr	84
Korra_Foundation	20250529_skittlez	Korra_Foundation/20250529_skittlez/fish1_roi2				zarr	80
Korra_Foundation	20250529_skittlez	Korra_Foundation/20250529_skittlez/fish1_roi3				zarr	80
Korra_Foundation	20250529_skittlez	Korra_Foundation/20250529_skittlez/fish2_roi1				zarr	86
Korra_Foundation	20250529_skittlez	Korra_Foundation/20250529_skittlez/fish2_roi2				zarr	87
Korra_Foundation	20250529_skittlez	Korra_Foundation/20250529_skittlez/fish4_roi1				zarr	87
Korra_Foundation	20250529_skittlez	Korra_Foundation/20250529_skittlez/fish5_roi1				zarr	86
Korra_Foundation	20250529_skittlez	Korra_Foundation/20250529_skittlez/fish5_roi2				zarr	86
Korra_Foundation	20250529_skittlez	Korra_Foundation/20250529_skittlez/fish6_roi1				zarr	86
Korra_Foundation	20250529_skittlez	Korra_Foundation/20250529_skittlez/fish7_roi1				zarr	59
Korra_Foundation	20250529_skittlez	Korra_Foundation/20250529_skittlez/fish8_roi1				zarr	65
Korra_Foundation	20250529_skittlez	Korra_Foundation/20250529_skittlez/fish9_roi1				zarr	65
Korra_Foundation	20250529_skittlez	Korra_Foundation/20250529_skittlez/fish9_roi2				zarr	80
Korra_Foundation	20250530_mem-histone	Korra_Foundation/20250530_mem-histone/fish1_roi1					18
Korra_Foundation	20250530_mem-histone	Korra_Foundation/20250530_mem-histone/fish1_roi1-2					18
Korra_Foundation	20250530_mem-histone	Korra_Foundation/20250530_mem-histone/fish2_roi1					19
Korra_Foundation	20250602_mem	Korra_Foundation/20250602_mem/fish2_roi1					16
Korra_Foundation	20250603_skittlez	Korra_Foundation/20250603_skittlez/fish10_roi1				zarr	68
Korra_Foundation	20250603_skittlez	Korra_Foundation/20250603_skittlez/fish11_roi1				zarr	55
Korra_Foundation	20250603_skittlez	Korra_Foundation/20250603_skittlez/fish12_roi1				zarr	79
Korra_Foundation	20250603_skittlez	Korra_Foundation/20250603_skittlez/fish13_roi1				zarr	55
Korra_Foundation	20250603_skittlez	Korra_Foundation/20250603_skittlez/fish14_roi1				zarr	91
Korra_Foundation	20250603_skittlez	Korra_Foundation/20250603_skittlez/fish15_roi1				zarr;zarr_3bbaf918-505c-4706-ac1b-43d44594a37c	74
Korra_Foundation	20250603_skittlez	Korra_Foundation/20250603_skittlez/fish16_roi1				zarr	61
Korra_Foundation	20250603_skittlez	Korra_Foundation/20250603_skittlez/fish1_roi1					5
Korra_Foundation	20250603_skittlez	Korra_Foundation/20250603_skittlez/fish1_roi1_1				zarr	55
Korra_Foundation	20250603_skittlez	Korra_Foundation/20250603_skittlez/fish2_roi1					18
Korra_Foundation	20250603_skittlez	Korra_Foundation/20250603_skittlez/fish2_roi1_1				zarr	56
Korra_Foundation	20250603_skittlez	Korra_Foundation/20250603_skittlez/fish3_roi1				zarr	61
Korra_Foundation	20250603_skittlez	Korra_Foundation/20250603_skittlez/fish4_roi1				zarr	73
Korra_Foundation	20250603_skittlez	Korra_Foundation/20250603_skittlez/fish6_roi1				zarr	85
Korra_Foundation	20250603_skittlez	Korra_Foundation/20250603_skittlez/fish7_roi1				zarr	67
Korra_Foundation	20250603_skittlez	Korra_Foundation/20250603_skittlez/fish8_roi1				zarr	56
Korra_Foundation	20250603_skittlez	Korra_Foundation/20250603_skittlez/fish9_roi1				zarr	56
Korra_Foundation	20250603_skittlez	Korra_Foundation/20250603_skittlez/fish9_roi2				zarr	56
Korra_Foundation	20250603_skittlez	Korra_Foundation/20250603_skittlez/fish9_roi3				zarr	55
Korra_Foundation	20250605_skittlez	Korra_Foundation/20250605_skittlez/fish10_roi1				zarr	55
Korra_Foundation	20250605_skittlez	Korra_Foundation/20250605_skittlez/fish10_roi2				zarr	55
Korra_Foundation	20250605_skittlez	Korra_Foundation/20250605_skittlez/fish11_roi1				zarr	56
Korra_Foundation	20250605_skittlez	Korra_Foundation/20250605_skittlez/fish11_roi2				zarr	61
Korra_Foundation	20250605_skittlez	Korra_Foundation/20250605_skittlez/fish12_roi1				zarr	55
Korra_Foundation	20250605_skittlez	Korra_Foundation/20250605_skittlez/fish13_roi1				zarr	55
Korra_Foundation	20250605_skittlez	Korra_Foundation/20250605_skittlez/fish13_roi2				zarr	55
Korra_Foundation	20250605_skittlez	Korra_Foundation/20250605_skittlez/fish14_roi1				zarr	55
Korra_Foundation	20250605_skittlez	Korra_Foundation/20250605_skittlez/fish1_roi1				zarr	62
Korra_Foundation	20250605_skittlez	Korra_Foundation/20250605_skittlez/fish2_roi1				zarr	56
Korra_Foundation	20250605_skittlez	Korra_Foundation/20250605_skittlez/fish2_roi12				zarr	55
Korra_Foundation	20250605_skittlez	Korra_Foundation/20250605_skittlez/fish3_roi12				zarr	55
Korra_Foundation	20250605_skittlez	Korra_Foundation/20250605_skittlez/fish3_roi2				zarr	55
Korra_Foundation	20250605_skittlez	Korra_Foundation/20250605_skittlez/fish4_roi1				zarr	55
Korra_Foundation	20250605_skittlez	Korra_Foundation/20250605_skittlez/fish5_roi1				zarr	48
Korra_Foundation	20250605_skittlez	Korra_Foundation/20250605_skittlez/fish5_roi2				zarr	48
Korra_Foundation	20250605_skittlez	Korra_Foundation/20250605_skittlez/fish6_roi1				zarr	55
Korra_Foundation	20250605_skittlez	Korra_Foundation/20250605_skittlez/fish7_roi1				zarr	56
Korra_Foundation	20250605_skittlez	Korra_Foundation/20250605_skittlez/fish8_roi1				zarr	48
Korra_Foundation	20250605_skittlez	Korra_Foundation/20250605_skittlez/fish9_roi1				zarr	55
Korra_Foundation	20250605_skittlez	Korra_Foundation/20250605_skittlez/fish9_roi2				zarr	55
Korra_Foundation	20250606_skittlez	Korra_Foundation/20250606_skittlez/fish10_roi1				zarr	58
Korra_Foundation	20250606_skittlez	Korra_Foundation/20250606_skittlez/fish11_roi1				zarr	57
Korra_Foundation	20250606_skittlez	Korra_Foundation/20250606_skittlez/fish11_roi2				zarr	57
Korra_Foundation	20250606_skittlez	Korra_Foundation/20250606_skittlez/fish12_roi1				zarr	57
Korra_Foundation	20250606_skittlez	Korra_Foundation/20250606_skittlez/fish12_roi2				zarr	57
Korra_Foundation	20250606_skittlez	Korra_Foundation/20250606_skittlez/fish13_roi1				zarr;zarr_73da8421-4dc9-43fc-ac18-f6eefed118a4	59
Korra_Foundation	20250606_skittlez	Korra_Foundation/20250606_skittlez/fish13_roi2				zarr	57
Korra_Foundation	20250606_skittlez	Korra_Foundation/20250606_skittlez/fish14_roi1				zarr	57
Korra_Foundation	20250606_skittlez	Korra_Foundation/20250606_skittlez/fish14_roi2				zarr	57
Korra_Foundation	20250606_skittlez	Korra_Foundation/20250606_skittlez/fish14_roi3				zarr	57
Korra_Foundation	20250606_skittlez	Korra_Foundation/20250606_skittlez/fish15_roi1				zarr	57
Korra_Foundation	20250606_skittlez	Korra_Foundation/20250606_skittlez/fish15_roi2				zarr	57
Korra_Foundation	20250606_skittlez	Korra_Foundation/20250606_skittlez/fish15_roi3				zarr;zarr_ee27bb10-94a6-4b7c-a1c2-366abdaeb45c	58
Korra_Foundation	20250606_skittlez	Korra_Foundation/20250606_skittlez/fish1_roi1				zarr	58
Korra_Foundation	20250606_skittlez	Korra_Foundation/20250606_skittlez/fish2_roi1				zarr	57
Korra_Foundation	20250606_skittlez	Korra_Foundation/20250606_skittlez/fish3_roi1				zarr	57
Korra_Foundation	20250606_skittlez	Korra_Foundation/20250606_skittlez/fish4_roi1				zarr	57
Korra_Foundation	20250606_skittlez	Korra_Foundation/20250606_skittlez/fish6_roi1				zarr	57
Korra_Foundation	20250606_skittlez	Korra_Foundation/20250606_skittlez/fish7_roi1				zarr	57
Korra_Foundation	20250606_skittlez	Korra_Foundation/20250606_skittlez/fish7_roi2				zarr	57
Korra_Foundation	20250606_skittlez	Korra_Foundation/20250606_skittlez/fish8_roi1				zarr	58
Korra_Foundation	20250606_skittlez	Korra_Foundation/20250606_skittlez/fish9_roi1				zarr	58
Korra_Foundation	20250606_skittlez	Korra_Foundation/20250606_skittlez/fish9_roi2				zarr	57
Korra_Foundation	20250609_mem-histone	Korra_Foundation/20250609_mem-histone/fish11_72hpf_roi1					19
Korra_Foundation	20250609_mem-histone	Korra_Foundation/20250609_mem-histone/fish2_24hpf_roi1					16
Korra_Foundation	20250609_mem-histone	Korra_Foundation/20250609_mem-histone/fish2_24hpf_roi2					16
Korra_Foundation	20250609_mem-histone	Korra_Foundation/20250609_mem-histone/fish3_24hpf_roi1					15
Korra_Foundation	20250609_mem-histone	Korra_Foundation/20250609_mem-histone/fish4_24hpf_roi1					15
Korra_Foundation	20250609_mem-histone	Korra_Foundation/20250609_mem-histone/fish5_24hpf_roi1					15
Korra_Foundation	20250609_mem-histone	Korra_Foundation/20250609_mem-histone/fish5_48hpf_roi2					16
Korra_Foundation	20250609_mem-histone	Korra_Foundation/20250609_mem-histone/fish6_48hpf_roi1					16
Korra_Foundation	20250609_mem-histone	Korra_Foundation/20250609_mem-histone/fish6_48hpf_roi2					16
Korra_Foundation	20250612_skittlez	Korra_Foundation/20250612_skittlez/fish1_roi1					16
Korra_Foundation	20250612_skittlez	Korra_Foundation/20250612_skittlez/fish2_roi1					16
Korra_Foundation	20250612_skittlez	Korra_Foundation/20250612_skittlez/fish3_roi1					15
Korra_Foundation	20250612_skittlez	Korra_Foundation/20250612_skittlez/fish4_roi1					15
Korra_Foundation	20250612_skittlez	Korra_Foundation/20250612_skittlez/fish5_roi1					15
Korra_Foundation	20250612_skittlez	Korra_Foundation/20250612_skittlez/fish5_roi2					15
Korra_Foundation	20250612_skittlez	Korra_Foundation/20250612_skittlez/fish5_roi3					15
Korra_Foundation	20250612_skittlez	Korra_Foundation/20250612_skittlez/fish6_roi1					15
Korra_Foundation	20250612_skittlez	Korra_Foundation/20250612_skittlez/fish7_roi1					15
Korra_Foundation	20250612_skittlez	Korra_Foundation/20250612_skittlez/fish8_roi1					15
Korra_Foundation	20250613_skittlez	Korra_Foundation/20250613_skittlez/fish10_roi1					15
Korra_Foundation	20250613_skittlez	Korra_Foundation/20250613_skittlez/fish11_roi1					15
Korra_Foundation	20250613_skittlez	Korra_Foundation/20250613_skittlez/fish12_roi1					15
Korra_Foundation	20250613_skittlez	Korra_Foundation/20250613_skittlez/fish13_roi1					2
Korra_Foundation	20250613_skittlez	Korra_Foundation/20250613_skittlez/fish1_roi1					16
Korra_Foundation	20250613_skittlez	Korra_Foundation/20250613_skittlez/fish2_roi1					15
Korra_Foundation	20250613_skittlez	Korra_Foundation/20250613_skittlez/fish3_roi1					15
Korra_Foundation	20250613_skittlez	Korra_Foundation/20250613_skittlez/fish4_roi1					15
Korra_Foundation	20250613_skittlez	Korra_Foundation/20250613_skittlez/fish5_roi1					15
Korra_Foundation	20250613_skittlez	Korra_Foundation/20250613_skittlez/fish6_roi1					16
Korra_Foundation	20250613_skittlez	Korra_Foundation/20250613_skittlez/fish7_roi					16
Korra_Foundation	20250613_skittlez	Korra_Foundation/20250613_skittlez/fish8_roi1					15
Korra_Foundation	20250613_skittlez	Korra_Foundation/20250613_skittlez/fish9_roi1					16
Korra_Foundation	20250616_mem-histone	Korra_Foundation/20250616_mem-histone/fish1_24hpf_roi1_brain					16
Korra_Foundation	20250616_mem-histone	Korra_Foundation/20250616_mem-histone/fish1_72hpf_roi1-ear					16
Korra_Foundation	20250616_mem-histone	Korra_Foundation/20250616_mem-histone/fish1_72hpf_roi2_muscle					16
Korra_Foundation	20250616_mem-histone	Korra_Foundation/20250616_mem-histone/fish2_24hpf_roi1_brain					16
Korra_Foundation	20250616_mem-histone	Korra_Foundation/20250616_mem-histone/fish3_24hpf_roi1_brain					16
Korra_Foundation	20250616_mem-histone	Korra_Foundation/20250616_mem-histone/fish4_24hpf_roi1_brain					15
Korra_Foundation	20250618_skittlez	Korra_Foundation/20250618_skittlez/fish10_roi1					15
Korra_Foundation	20250618_skittlez	Korra_Foundation/20250618_skittlez/fish10_roi2					16
Korra_Foundation	20250618_skittlez	Korra_Foundation/20250618_skittlez/fish10_roi3					15
Korra_Foundation	20250618_skittlez	Korra_Foundation/20250618_skittlez/fish10_roi4					15
Korra_Foundation	20250618_skittlez	Korra_Foundation/20250618_skittlez/fish11_roi1					15
Korra_Foundation	20250618_skittlez	Korra_Foundation/20250618_skittlez/fish1_roi1					16
Korra_Foundation	20250618_skittlez	Korra_Foundation/20250618_skittlez/fish1_roi1_2					15
Korra_Foundation	20250618_skittlez	Korra_Foundation/20250618_skittlez/fish2_roi1					16
Korra_Foundation	20250618_skittlez	Korra_Foundation/20250618_skittlez/fish3_roi1					16
Korra_Foundation	20250618_skittlez	Korra_Foundation/20250618_skittlez/fish4_roi1					15
Korra_Foundation	20250618_skittlez	Korra_Foundation/20250618_skittlez/fish5_roi1					15
Korra_Foundation	20250618_skittlez	Korra_Foundation/20250618_skittlez/fish6_roi1					16
Korra_Foundation	20250618_skittlez	Korra_Foundation/20250618_skittlez/fish6_roi2					15
Korra_Foundation	20250618_skittlez	Korra_Foundation/20250618_skittlez/fish7_roi1					15
Korra_Foundation	20250618_skittlez	Korra_Foundation/20250618_skittlez/fish7_roi2					15
Korra_Foundation	20250618_skittlez	Korra_Foundation/20250618_skittlez/fish7_roi3					15
Korra_Foundation	20250618_skittlez	Korra_Foundation/20250618_skittlez/fish7_roi4					15
Korra_Foundation	20250618_skittlez	Korra_Foundation/20250618_skittlez/fish8_roi1					15
Korra_Foundation	20250618_skittlez	Korra_Foundation/20250618_skittlez/fish8_roi2					15
Korra_Foundation	20250618_skittlez	Korra_Foundation/20250618_skittlez/fish8_roi3					15
Korra_Foundation	20250618_skittlez	Korra_Foundation/20250618_skittlez/fish8_roi4					15
Korra_Foundation	20250618_skittlez	Korra_Foundation/20250618_skittlez/fish9_roi1					15
Korra_Foundation	20250618_skittlez	Korra_Foundation/20250618_skittlez/fish9_roi2					15
Korra_Foundation	20250619_skittlez	Korra_Foundation/20250619_skittlez/fish1_roi1					16
Korra_Foundation	20250619_skittlez	Korra_Foundation/20250619_skittlez/fish1_roi2					15
Korra_Foundation	20250619_skittlez	Korra_Foundation/20250619_skittlez/fish2_roi1					15
Korra_Foundation	20250619_skittlez	Korra_Foundation/20250619_skittlez/fish3_roi1					15
Korra_Foundation	20250619_skittlez	Korra_Foundation/20250619_skittlez/fish3_roi2					15
Korra_Foundation	20250619_skittlez	Korra_Foundation/20250619_skittlez/fish4_roi1					16
Korra_Foundation	20250619_skittlez	Korra_Foundation/20250619_skittlez/fish5_roi1					15
Korra_Foundation	20250619_skittlez	Korra_Foundation/20250619_skittlez/fish5_roi2					15
Korra_Foundation	20250620_mitomSG	Korra_Foundation/20250620_mitomSG/fish1_roi1				zarr	35
Korra_Foundation	20250624_skittlez_Chris_x_Liam	Korra_Foundation/20250624_skittlez_Chris_x_Liam/fish2_roi1					16
Korra_Foundation	20250624_skittlez_Chris_x_Liam	Korra_Foundation/20250624_skittlez_Chris_x_Liam/fish3_roi1					15
Korra_Foundation	20250624_skittlez_Chris_x_Liam	Korra_Foundation/20250624_skittlez_Chris_x_Liam/fish3_roi2					15
Korra_Foundation	20250624_skittlez_Chris_x_Liam	Korra_Foundation/20250624_skittlez_Chris_x_Liam/fish3_roi3					15
Korra_Foundation	20250624_skittlez_Chris_x_Liam	Korra_Foundation/20250624_skittlez_Chris_x_Liam/fish4_roi1					15
Korra_Foundation	20250624_skittlez_Chris_x_Liam	Korra_Foundation/20250624_skittlez_Chris_x_Liam/fish4_roi2					15
Korra_Foundation	20250624_skittlez_Chris_x_Liam	Korra_Foundation/20250624_skittlez_Chris_x_Liam/fish4_roi3					15
Korra_Foundation	20250624_skittlez_Chris_x_Liam	Korra_Foundation/20250624_skittlez_Chris_x_Liam/fish4_roi4					15
Korra_Foundation	20250624_skittlez_Chris_x_Liam	Korra_Foundation/20250624_skittlez_Chris_x_Liam/fish5_roi1					17
Korra_Foundation	20250624_skittlez_Chris_x_Liam	Korra_Foundation/20250624_skittlez_Chris_x_Liam/fish5_roi1-1					16
Korra_Foundation	20250624_skittlez_Chris_x_Liam	Korra_Foundation/20250624_skittlez_Chris_x_Liam/fish6_roi1					15
Korra_Foundation	20250624_skittlez_Chris_x_Liam	Korra_Foundation/20250624_skittlez_Chris_x_Liam/fish6_roi2					15
Korra_Foundation	20250624_skittlez_Chris_x_Liam	Korra_Foundation/20250624_skittlez_Chris_x_Liam/fish6_roi3					15
Korra_Foundation	20250624_skittlez_Chris_x_Liam	Korra_Foundation/20250624_skittlez_Chris_x_Liam/fish7_roi1					15
Korra_Foundation	20250624_skittlez_Chris_x_Liam	Korra_Foundation/20250624_skittlez_Chris_x_Liam/fish7_roi2					15
Korra_Foundation	20250624_skittlez_Chris_x_Liam	Korra_Foundation/20250624_skittlez_Chris_x_Liam/fish7_roi3					15
Korra_Foundation	20250624_skittlez_Chris_x_Liam	Korra_Foundation/20250624_skittlez_Chris_x_Liam/fish7_roi4					15
Korra_Foundation	20250624_skittlez_Issac_x_Ken	Korra_Foundation/20250624_skittlez_Issac_x_Ken/fish1_roi1					16
Korra_Foundation	20250624_skittlez_Issac_x_Ken	Korra_Foundation/20250624_skittlez_Issac_x_Ken/fish2_roi1					15
Korra_Foundation	20250624_skittlez_Issac_x_Ken	Korra_Foundation/20250624_skittlez_Issac_x_Ken/fish2_roi2					15
Korra_Foundation	20250624_skittlez_Issac_x_Ken	Korra_Foundation/20250624_skittlez_Issac_x_Ken/fish3_roi1					15
Korra_Foundation	20250624_skittlez_Issac_x_Ken	Korra_Foundation/20250624_skittlez_Issac_x_Ken/fish4_roi1					15
Korra_Foundation	20250625_skittlez	Korra_Foundation/20250625_skittlez/fish1_roi1					16
Korra_Foundation	20250625_skittlez	Korra_Foundation/20250625_skittlez/fish1_roi2					15
Korra_Foundation	20250625_skittlez	Korra_Foundation/20250625_skittlez/fish3_roi1					15
Korra_Foundation	20250625_skittlez	Korra_Foundation/20250625_skittlez/fish4_roi1					15
Korra_Foundation	20250625_skittlez	Korra_Foundation/20250625_skittlez/fish5_roi1					15
Korra_Foundation	20250625_skittlez	Korra_Foundation/20250625_skittlez/fish5_roi2					15
Korra_Foundation	20250625_skittlez	Korra_Foundation/20250625_skittlez/fish7_roi1					15
Korra_Foundation	20250625_skittlez	Korra_Foundation/20250625_skittlez/fish8_roi1					15
Korra_Foundation	20250625_skittlez	Korra_Foundation/20250625_skittlez/fish8_roi2					15
Korra_Foundation	20250625_skittlez	Korra_Foundation/20250625_skittlez/fish9_roi1					15
Korra_Foundation	20250627_skittlez	Korra_Foundation/20250627_skittlez/fish10_roi1					15
Korra_Foundation	20250627_skittlez	Korra_Foundation/20250627_skittlez/fish1_roi1					16
Korra_Foundation	20250627_skittlez	Korra_Foundation/20250627_skittlez/fish1_roi2					15
Korra_Foundation	20250627_skittlez	Korra_Foundation/20250627_skittlez/fish1_roi3					15
Korra_Foundation	20250627_skittlez	Korra_Foundation/20250627_skittlez/fish2_roi1					15
Korra_Foundation	20250627_skittlez	Korra_Foundation/20250627_skittlez/fish3_roi1					15
Korra_Foundation	20250627_skittlez	Korra_Foundation/20250627_skittlez/fish4_roi1					15
Korra_Foundation	20250627_skittlez	Korra_Foundation/20250627_skittlez/fish4_roi2					15
Korra_Foundation	20250627_skittlez	Korra_Foundation/20250627_skittlez/fish5_roi1					15
Korra_Foundation	20250627_skittlez	Korra_Foundation/20250627_skittlez/fish7_roi1					15
Korra_Foundation	20250627_skittlez	Korra_Foundation/20250627_skittlez/fish8_roi1					15
Korra_Foundation	20250627_skittlez	Korra_Foundation/20250627_skittlez/fish9_roi1					15
Korra_Foundation	20250715_mem_organelle	Korra_Foundation/20250715_mem_organelle/fish1_mem_sg_mito_msc3/roi1					16
Korra_Foundation	20250715_mem_organelle	Korra_Foundation/20250715_mem_organelle/fish1_mem_sg_mito_msc3/roi2					16
Korra_Foundation	20250715_mem_organelle	Korra_Foundation/20250715_mem_organelle/fish2_24hpf_mem_mito_msc3_er_halo/roi1_eye					16
Korra_Foundation	20250715_mem_organelle	Korra_Foundation/20250715_mem_organelle/fish3_24hpf_mem_mito_msc3_er_halo/roi1					16
Korra_Foundation	20250715_mem_organelle	Korra_Foundation/20250715_mem_organelle/fish3_24hpf_mem_mito_msc3_er_halo/roi2					15
Korra_Foundation	20250715_mem_organelle	Korra_Foundation/20250715_mem_organelle/fish4_24hpf_mem_mito_msc3_er_halo/roi1					15
Korra_Foundation	20250715_mem_organelle	Korra_Foundation/20250715_mem_organelle/fish4_24hpf_mem_mito_msc3_er_halo/roi2					15
Korra_Foundation	20250715_mem_organelle	Korra_Foundation/20250715_mem_organelle/fish4_24hpf_mem_mito_msc3_er_halo/roi3					15
Korra_Foundation	20250715_mem_organelle	Korra_Foundation/20250715_mem_organelle/fish5_48hpf_mem_mito_halo_er_msc2/roi1					16
Korra_Foundation	20250715_mem_organelle	Korra_Foundation/20250715_mem_organelle/fish5_48hpf_mem_mito_halo_er_msc2/roi2					18
Korra_Foundation	20250715_mem_organelle	Korra_Foundation/20250715_mem_organelle/fish5_48hpf_mem_mito_halo_er_msc2/roi3					15
Korra_Foundation	20250715_mem_organelle	Korra_Foundation/20250715_mem_organelle/fish5_48hpf_mem_mito_halo_er_msc2/roi4					15
Korra_Foundation	20250715_mem_organelle	Korra_Foundation/20250715_mem_organelle/fish6_48hpf_mem_mito_halo_er_msc2/roi1					16
Korra_Foundation	20250715_mem_organelle	Korra_Foundation/20250715_mem_organelle/fish6_48hpf_mem_mito_halo_er_msc2/roi2					17
Korra_Foundation	20250715_mem_organelle	Korra_Foundation/20250715_mem_organelle/fish6_48hpf_mem_mito_halo_er_msc2/roi3					15
Korra_Foundation	20250715_mem_organelle	Korra_Foundation/20250715_mem_organelle/fish6_48hpf_mem_mito_halo_er_msc2/roi4					15
Korra_Foundation	20250715_mem_organelle	Korra_Foundation/20250715_mem_organelle/fish6_48hpf_mem_mito_halo_er_msc2/roi5					15
Korra_Foundation	20250715_mem_organelle	Korra_Foundation/20250715_mem_organelle/fish7_48hpf_mem_mito_halo_er_msc2/roi1					15
Korra_Foundation	20250715_mem_organelle	Korra_Foundation/20250715_mem_organelle/fish8_72hpf_mem_mito_msc3_er_halo/roi1					16
Korra_Foundation	20250715_mem_organelle	Korra_Foundation/20250715_mem_organelle/fish8_72hpf_mem_mito_msc3_er_halo/roi2					15
Korra_Foundation	20250715_mem_organelle	Korra_Foundation/20250715_mem_organelle/fish8_72hpf_mem_mito_msc3_er_halo/roi3					15
Korra_Foundation	20250723_mem-halo_ER-mSG	Korra_Foundation/20250723_mem-halo_ER-mSG/fish3_48hpf/roi1_mb				zarr	29
Korra_Foundation	20250723_mem-halo_ER-mSG	Korra_Foundation/20250723_mem-halo_ER-mSG/fish3_48hpf/roi2				zarr	22
Korra_Foundation	20250723_mem-halo_ER-mSG	Korra_Foundation/20250723_mem-halo_ER-mSG/fish3_48hpf/roi3				zarr	22
Korra_Foundation	20250723_mem-halo_ER-mSG	Korra_Foundation/20250723_mem-halo_ER-mSG/fish3_48hpf/roi4				zarr	21
Korra_Foundation	20250723_mem-halo_ER-mSG	Korra_Foundation/20250723_mem-halo_ER-mSG/fish3_48hpf/roi5				zarr	21
Korra_Foundation	20250723_mem-halo_ER-mSG	Korra_Foundation/20250723_mem-halo_ER-mSG/fish3_48hpf/roi6				zarr	21
Korra_Foundation	20250724_mem-mchilada_er-mSG	Korra_Foundation/20250724_mem-mchilada_er-mSG/fish1_24hpf/roi1				zarr	24
Korra_Foundation	20250724_mem-mchilada_er-mSG	Korra_Foundation/20250724_mem-mchilada_er-mSG/fish1_24hpf/roi1_2				zarr	24
Korra_Foundation	20250724_mem-mchilada_er-mSG	Korra_Foundation/20250724_mem-mchilada_er-mSG/fish1_24hpf/roi1_3				zarr	22
Korra_Foundation	20250724_mem-mchilada_er-mSG	Korra_Foundation/20250724_mem-mchilada_er-mSG/fish1_24hpf/roi2				zarr	23
Korra_Foundation	20250728_mem-histone	Korra_Foundation/20250728_mem-histone/fish1_roi1					19
Korra_Foundation	20250728_mem-histone	Korra_Foundation/20250728_mem-histone/fish1_roi2					17
Korra_Foundation	20250801_mem-PCNA	Korra_Foundation/20250801_mem-PCNA/fish1_roi1					17
Korra_Foundation	20250801_mem-PCNA	Korra_Foundation/20250801_mem-PCNA/fish2_roi1				zarr	3340
Korra_Foundation	20250801_mem-PCNA	Korra_Foundation/20250801_mem-PCNA/fish3_72hpf_roi1					17
Korra_Foundation	20250801_mem-histone	Korra_Foundation/20250801_mem-histone/fish1_roi1					16
Korra_Foundation	20250801_mem-histone	Korra_Foundation/20250801_mem-histone/fish2_roi1					2
Korra_Foundation	20251007_mem-histone	Korra_Foundation/20251007_mem-histone/fish1_48hpf_roi1					15
Korra_Foundation	20251007_mem-histone	Korra_Foundation/20251007_mem-histone/fish1_48hpf_roi1_test					15
Korra_Foundation	20251007_mem-histone	Korra_Foundation/20251007_mem-histone/fish1_48hpf_roi1test					16
Korra_Foundation	20251007_mem-histone	Korra_Foundation/20251007_mem-histone/fish2_48hpf_roi1_test					8
Korra_Foundation	20251007_mem-histone	Korra_Foundation/20251007_mem-histone/fish3_48hpf_roi1					17
Korra_Foundation	20251007_mem-histone	Korra_Foundation/20251007_mem-histone/fish3_48hpf_roi1_test					15
Korra_Foundation	20251007_mem-histone	Korra_Foundation/20251007_mem-histone/fish3_48hpf_roi2					15
Korra_Foundation	20251007_mem-histone	Korra_Foundation/20251007_mem-histone/fish3_48hpf_roi2_test					15
Korra_Foundation	20251009_skittlez	Korra_Foundation/20251009_skittlez/fish1_roi1					4
Korra_Foundation	20251010_mem-histone	Korra_Foundation/20251010_mem-histone/fish1_24hpf_roi1					12
Korra_Foundation	20251013_mem-histone	Korra_Foundation/20251013_mem-histone/fish1_96hpf_roi0_test					11
Korra_Foundation	20251013_mem-histone	Korra_Foundation/20251013_mem-histone/fish1_96hpf_roi1					16
Korra_Foundation	20251013_mem-histone	Korra_Foundation/20251013_mem-histone/fish1_96hpf_roi2					16
Korra_Foundation	20251013_mem-histone	Korra_Foundation/20251013_mem-histone/fish1_96hpf_roi3					16
Korra_Foundation	20251013_mem-histone	Korra_Foundation/20251013_mem-histone/fish2_96hpf_roi1					17
Korra_Foundation	20251013_mem-histone	Korra_Foundation/20251013_mem-histone/fish2_96hpf_roi2					16
Korra_Foundation	20251013_mem-histone	Korra_Foundation/20251013_mem-histone/fish3_96hpf_roi1					15
Korra_Foundation	20251013_mem-histone	Korra_Foundation/20251013_mem-histone/fish3_96hpf_roi2					15
Korra_Foundation	20251013_mem-histone	Korra_Foundation/20251013_mem-histone/fish3_96hpf_roi3					15
Korra_Foundation	20251015_mem-histone	Korra_Foundation/20251015_mem-histone/fish1_48hpf_roi1					17
Korra_Foundation	20251015_mem-histone	Korra_Foundation/20251015_mem-histone/fish2_48hpf_roi1					17
Korra_Foundation	20251015_mem-histone	Korra_Foundation/20251015_mem-histone/fish3_48hpf_roi1					17
Korra_Foundation	20251015_mem-histone	Korra_Foundation/20251015_mem-histone/fish3_48hpf_roi2					16
Korra_Foundation	20251015_mem-histone	Korra_Foundation/20251015_mem-histone/fish4_48hpf_roi1					17
Korra_Foundation	20251016_mem-histone	Korra_Foundation/20251016_mem-histone/fish1_72hpf_roi1					17
Korra_Foundation	20251016_mem-histone	Korra_Foundation/20251016_mem-histone/fish2_72hpf_roi1					17
Korra_Foundation	20251016_mem-histone	Korra_Foundation/20251016_mem-histone/fish2_72hpf_roi2					17
Korra_Foundation	20251016_mem-histone	Korra_Foundation/20251016_mem-histone/fish2_72hpf_roi3					17
Korra_Foundation	20251016_mem-histone	Korra_Foundation/20251016_mem-histone/fish3_72hpf_roi1					18
Korra_Foundation	20251016_mem-histone	Korra_Foundation/20251016_mem-histone/fish3_72hpf_roi2					15
Korra_Foundation	20251017_microtubules	Korra_Foundation/20251017_microtubules/fish2_24hpf_roi1_test					15
Korra_Foundation	20251020_mem-histone	Korra_Foundation/20251020_mem-histone/fish1_72hpf_roi1					17
Korra_Foundation	20251020_mem-histone	Korra_Foundation/20251020_mem-histone/fish1_72hpf_roi2					17
Korra_Foundation	20251020_mem-histone	Korra_Foundation/20251020_mem-histone/fish1_72hpf_roi3					16
Korra_Foundation	20251020_mem-histone	Korra_Foundation/20251020_mem-histone/fish1_72hpf_roi4					16
Korra_Foundation	20251020_mem-histone	Korra_Foundation/20251020_mem-histone/fish1_72hpf_roi5					15
Korra_Foundation	20251020_mem-histone	Korra_Foundation/20251020_mem-histone/fish2_72hpf_roi1					16
Korra_Foundation	20251020_mem-histone	Korra_Foundation/20251020_mem-histone/fish2_72hpf_roi2					16
Korra_Foundation	20251020_mem-histone	Korra_Foundation/20251020_mem-histone/fish2_72hpf_roi3				zarr	335
Korra_Foundation	20251022_mem-histone	Korra_Foundation/20251022_mem-histone/fish1_24hpf_roi2					17
Korra_Foundation	20251022_mem-histone	Korra_Foundation/20251022_mem-histone/fish1_24hpf_roi3					16
Korra_Foundation	20251022_mem-histone	Korra_Foundation/20251022_mem-histone/fish2_24hpf_roi1					16
Korra_Foundation	20251022_mem-histone	Korra_Foundation/20251022_mem-histone/fish2_24hpf_roi2					16
Korra_Foundation	20251022_mem-histone	Korra_Foundation/20251022_mem-histone/fish2_24hpf_roi3					15
Korra_Foundation	20251022_mem-histone	Korra_Foundation/20251022_mem-histone/fish3_24hpf_roi1					15
Korra_Foundation	20251022_mem-histone	Korra_Foundation/20251022_mem-histone/fish3_24hpf_roi2					15
Korra_Foundation	20251022_mem-histone	Korra_Foundation/20251022_mem-histone/fish4_24hpf_roi1					16
Korra_Foundation	20251022_mem-histone	Korra_Foundation/20251022_mem-histone/fish4_24hpf_roi2					16
Korra_Foundation	20251022_mem-histone	Korra_Foundation/20251022_mem-histone/fish4_24hpf_roi3					16
Korra_Foundation	20251024_mem-histone	Korra_Foundation/20251024_mem-histone/fish2_72hpf_roi1					17
Korra_Foundation	20251024_mem-histone	Korra_Foundation/20251024_mem-histone/fish2_72hpf_roi2					16
Korra_Foundation	20251024_mem-histone	Korra_Foundation/20251024_mem-histone/fish2_72hpf_roi3					16
Korra_Foundation	20251024_mem-histone	Korra_Foundation/20251024_mem-histone/fish3_72hpf_roi1					16
Korra_Foundation	20251024_mem-histone	Korra_Foundation/20251024_mem-histone/fish3_72hpf_roi2					16
Korra_Foundation	20251024_mem-histone	Korra_Foundation/20251024_mem-histone/fish3_72hpf_roi3					16
Korra_Foundation	20251024_mem-histone	Korra_Foundation/20251024_mem-histone/fish3_72hpf_roi4					16
Korra_Foundation	20251024_mem-histone	Korra_Foundation/20251024_mem-histone/fish3_72hpf_roi5					16
Korra_Foundation	20251027_mem-histone	Korra_Foundation/20251027_mem-histone/fish3_72hpf_roi1					16
Korra_Foundation	20251027_mem-histone	Korra_Foundation/20251027_mem-histone/fish3_72hpf_roi2					15
Korra_Foundation	20251027_mem-histone	Korra_Foundation/20251027_mem-histone/fish3_72hpf_roi3					15
Korra_Foundation	20251027_mem-histone	Korra_Foundation/20251027_mem-histone/fish3_72hpf_roi4					15
Korra_Foundation	20251029_mem-histone	Korra_Foundation/20251029_mem-histone/fish2_24hpf_roi1					15
Korra_Foundation	20251029_mem-histone	Korra_Foundation/20251029_mem-histone/fish3_24hpf_roi1					14
Korra_Foundation	20251029_mem-histone	Korra_Foundation/20251029_mem-histone/fish5_24hpf_roi1					15
Korra_Foundation	20251029_mem-histone	Korra_Foundation/20251029_mem-histone/fish5_24hpf_roi2					14
Korra_Foundation	20251106_mem-mito	Korra_Foundation/20251106_mem-mito/fish1_48hpf_roi1					15
Korra_Foundation	20251106_mem-mito	Korra_Foundation/20251106_mem-mito/fish1_48hpf_roi2					15
Korra_Foundation	20251106_mem-mito	Korra_Foundation/20251106_mem-mito/fish1_48hpf_roi3					14
Korra_Foundation	20251106_mem-mito	Korra_Foundation/20251106_mem-mito/fish1_48hpf_roi4					14
Korra_Foundation	20251106_mem-mito	Korra_Foundation/20251106_mem-mito/fish1_48hpf_roi5					14
Korra_Foundation	20251106_mem-mito	Korra_Foundation/20251106_mem-mito/fish2_48hpf_roi1					15
Korra_Foundation	20251106_mem-mito	Korra_Foundation/20251106_mem-mito/fish2_48hpf_roi2					14
Korra_Foundation	20251106_mem-mito	Korra_Foundation/20251106_mem-mito/fish2_48hpf_roi3					14
Korra_Foundation	20251106_mem-mito	Korra_Foundation/20251106_mem-mito/fish2_48hpf_roi4					14
Korra_Foundation	20251106_mem-mito	Korra_Foundation/20251106_mem-mito/fish2_48hpf_roi5					14
Korra_Foundation	20251107_mem-centrioles	Korra_Foundation/20251107_mem-centrioles/fish2_72hpf_roi1					13
Korra_Foundation	20251110_mem-histone	Korra_Foundation/20251110_mem-histone/fish1_48hpf_roi1					15
Korra_Foundation	20251110_mem-histone	Korra_Foundation/20251110_mem-histone/fish1_48hpf_roi2					16
Korra_Foundation	20251110_mem-histone	Korra_Foundation/20251110_mem-histone/fish2_48hpf_roi1					15
Korra_Foundation	20251110_mem-histone	Korra_Foundation/20251110_mem-histone/fish2_48hpf_roi1-2					16
Korra_Foundation	20251110_mem-histone	Korra_Foundation/20251110_mem-histone/fish3_48hpf_roi1					16
Korra_Foundation	20251110_mem-histone	Korra_Foundation/20251110_mem-histone/fish4_48hpf_roi1				zarr	454
Korra_Foundation	20251112_mem-mito	Korra_Foundation/20251112_mem-mito/fish2_48hpf_roi1					14
Korra_Foundation	20251112_mem-mito	Korra_Foundation/20251112_mem-mito/fish2_48hpf_roi2					14
Korra_Foundation	20251112_mem-mito	Korra_Foundation/20251112_mem-mito/fish2_48hpf_roi3					15
Korra_Foundation	20251112_mem-mito	Korra_Foundation/20251112_mem-mito/fish3_48hpf_roi1					14
Korra_Foundation	20251112_mem-mito	Korra_Foundation/20251112_mem-mito/fish3_48hpf_roi2					13
Korra_Foundation	20251112_mem-mito	Korra_Foundation/20251112_mem-mito/fish3_48hpf_roi3					13
Korra_Foundation	20251112_mem-mito	Korra_Foundation/20251112_mem-mito/fish3_48hpf_roi4					13
Korra_Foundation	20251112_mem-mito	Korra_Foundation/20251112_mem-mito/fish4_48hpf_roi1					14
Korra_Foundation	20251112_mem-mito	Korra_Foundation/20251112_mem-mito/fish4_48hpf_roi2					13
Korra_Foundation	20251112_mem-mito	Korra_Foundation/20251112_mem-mito/fish4_48hpf_roi3					13
Korra_Foundation	20251113_mem-histone	Korra_Foundation/20251113_mem-histone/fish1_120hpf_roi1					15
Korra_Foundation	20251113_mem-histone	Korra_Foundation/20251113_mem-histone/fish2_120hpf_roi1					15
Korra_Foundation	20251114_mem-mito_mount1	Korra_Foundation/20251114_mem-mito_mount1/fish1_24hpf_roi1					15
Korra_Foundation	20251114_mem-mito_mount1	Korra_Foundation/20251114_mem-mito_mount1/fish1_24hpf_roi2					15
Korra_Foundation	20251114_mem-mito_mount1	Korra_Foundation/20251114_mem-mito_mount1/fish1_24hpf_roi3					1
Korra_Foundation	20251114_mem-mito_mount1	Korra_Foundation/20251114_mem-mito_mount1/fish2_24hpf_roi1					14
Korra_Foundation	20251114_mem-mito_mount1	Korra_Foundation/20251114_mem-mito_mount1/fish2_24hpf_roi2					14
Korra_Foundation	20251114_mem-mito_mount1	Korra_Foundation/20251114_mem-mito_mount1/fish2_24hpf_roi3					14
Korra_Foundation	20251114_mem-mito_mount1	Korra_Foundation/20251114_mem-mito_mount1/fish3_24hpf_roi1					14
Korra_Foundation	20251114_mem-mito_mount1	Korra_Foundation/20251114_mem-mito_mount1/fish3_24hpf_roi2					15
Korra_Foundation	20251114_mem-mito_mount1	Korra_Foundation/20251114_mem-mito_mount1/fish3_24hpf_roi3					14
Korra_Foundation	20251114_mem-mito_mount1	Korra_Foundation/20251114_mem-mito_mount1/fish4_24hpf_roi1					15
Korra_Foundation	20251114_mem-mito_mount1	Korra_Foundation/20251114_mem-mito_mount1/fish4_24hpf_roi2					14
Korra_Foundation	20251114_mem-mito_mount1	Korra_Foundation/20251114_mem-mito_mount1/fish4_24hpf_roi3					14
Korra_Foundation	20251114_mem-mito_mount2	Korra_Foundation/20251114_mem-mito_mount2/fish1_24hpf_roi1					15
Korra_Foundation	20251114_mem-mito_mount2	Korra_Foundation/20251114_mem-mito_mount2/fish1_24hpf_roi2					14
Korra_Foundation	20251114_mem-mito_mount2	Korra_Foundation/20251114_mem-mito_mount2/fish2_24hpf_roi1					14
Korra_Foundation	20251114_mem-mito_mount2	Korra_Foundation/20251114_mem-mito_mount2/fish2_24hpf_roi2					14
Korra_Foundation	20251114_mem-mito_mount2	Korra_Foundation/20251114_mem-mito_mount2/fish4_24hpf_roi1					14
Korra_Foundation	20251114_mem-mito_mount2	Korra_Foundation/20251114_mem-mito_mount2/fish4_24hpf_roi2					14
Korra_Foundation	20251114_mem-mito_mount2	Korra_Foundation/20251114_mem-mito_mount2/fish4_24hpf_roi3					14
Korra_Foundation	20251114_mem-mito_mount2	Korra_Foundation/20251114_mem-mito_mount2/fish5_24hpf_roi1					14
Korra_Foundation	20251114_mem-mito_mount2	Korra_Foundation/20251114_mem-mito_mount2/fish5_24hpf_roi2					14
Korra_Foundation	20251114_mem-mito_mount2	Korra_Foundation/20251114_mem-mito_mount2/fish5_24hpf_roi3					14
Korra_Foundation	20251114_mem-mito_mount2	Korra_Foundation/20251114_mem-mito_mount2/fish6_24hpf_roi1					14
Korra_Foundation	20251114_mem-mito_mount2	Korra_Foundation/20251114_mem-mito_mount2/fish6_24hpf_roi2					15
Korra_Foundation	20251117_mem-histone	Korra_Foundation/20251117_mem-histone/fish1_48hpf_roi1					15
Korra_Foundation	20251121_mem-histone	Korra_Foundation/20251121_mem-histone/fish1_48hpf_roi1					15
Korra_Foundation	20251121_mem-histone	Korra_Foundation/20251121_mem-histone/fish1_48hpf_roi1-2					15
Korra_Foundation	20251121_mem-histone	Korra_Foundation/20251121_mem-histone/fish1_48hpf_roi2					15
Korra_Foundation	20251121_mem-histone	Korra_Foundation/20251121_mem-histone/fish2_48hpf_roi1					14
Korra_Foundation	20251124_mem-histone	Korra_Foundation/20251124_mem-histone/fish1_72hpf_roi1					4
Korra_Foundation	20251125_mem-histone	Korra_Foundation/20251125_mem-histone/fish1_96hpf_roi1					14
Korra_Foundation	20251125_mem-histone	Korra_Foundation/20251125_mem-histone/fish1_96hpf_roi1-2					15
Korra_Foundation	20251125_mem-histone	Korra_Foundation/20251125_mem-histone/fish1_96hpf_roi1-3					15
Korra_Foundation	20251125_mem-histone	Korra_Foundation/20251125_mem-histone/fish1_96hpf_roi1-4					15
Korra_Foundation	20251126_mem-histone	Korra_Foundation/20251126_mem-histone/fish1_120hpf_roi1					14
Korra_Foundation	20251126_mem-histone	Korra_Foundation/20251126_mem-histone/fish2_120hpf_roi1					3
Korra_Foundation	20251128_mem-histone	Korra_Foundation/20251128_mem-histone/fish1_120hpf_roi1					3
Korra_Foundation	20251128_mem-histone	Korra_Foundation/20251128_mem-histone/fish2_120hpf_roi1					4
Korra_Foundation	20251202_mem-cytosolic	Korra_Foundation/20251202_mem-cytosolic/fish1_24hpf_roi1					4
Korra_Foundation	20251202_mem-cytosolic	Korra_Foundation/20251202_mem-cytosolic/fish1_24hpf_roi2					4
Korra_Foundation	20251202_mem-cytosolic	Korra_Foundation/20251202_mem-cytosolic/fish4_24hpf_roi1					3
Korra_Foundation	20251202_mem-cytosolic	Korra_Foundation/20251202_mem-cytosolic/fish5_24hpf_roi1					3
Korra_Foundation	20251202_mem-cytosolic	Korra_Foundation/20251202_mem-cytosolic/fish6_24hpf_roi1					3
Korra_Foundation	20251203_mem-cytosolic	Korra_Foundation/20251203_mem-cytosolic/fish1_48hpf_roi1					4
Korra_Foundation	20251203_mem-cytosolic	Korra_Foundation/20251203_mem-cytosolic/fish2_48hpf_roi1					4
Korra_Foundation	20251203_mem-cytosolic	Korra_Foundation/20251203_mem-cytosolic/fish3_48hpf_roi1					3
Korra_Foundation	20251203_mem-cytosolic	Korra_Foundation/20251203_mem-cytosolic/fish4_48hpf_roi1					3
Korra_Foundation	20251204_mem_histone	Korra_Foundation/20251204_mem_histone/fish1_72hpf_roi1					15
Korra_Foundation	20251204_mem_histone	Korra_Foundation/20251204_mem_histone/fish1_72hpf_roi2					15
Korra_Foundation	20251204_mem_histone	Korra_Foundation/20251204_mem_histone/fish1_72hpf_roi3					15
Korra_Foundation	20251204_mem_histone	Korra_Foundation/20251204_mem_histone/fish1_72hpf_roi4					14
Korra_Foundation	20251204_mem_histone	Korra_Foundation/20251204_mem_histone/fish1_72hpf_roi5					14
Korra_Foundation	20251204_mem_histone	Korra_Foundation/20251204_mem_histone/fish1_72hpf_roi6					14
Korra_Foundation	20251204_mem_histone	Korra_Foundation/20251204_mem_histone/fish1_72hpf_roi7					14
Korra_Foundation	20251204_mem_histone	Korra_Foundation/20251204_mem_histone/fish1_72hpf_roi8					14
Korra_Foundation	20251204_mem_histone	Korra_Foundation/20251204_mem_histone/fish1_72hpf_roi9					14
Korra_Foundation	20251204_mem_histone	Korra_Foundation/20251204_mem_histone/fish3_72hpf_roi1					15
Korra_Foundation	20251204_mem_histone	Korra_Foundation/20251204_mem_histone/fish3_72hpf_roi2					14
Korra_Foundation	20251205_mem-histone	Korra_Foundation/20251205_mem-histone/fish1_96hpf_roi1					15
Korra_Foundation	20251205_mem-histone	Korra_Foundation/20251205_mem-histone/fish1_96hpf_roi2					14
Korra_Foundation	20251205_mem-histone	Korra_Foundation/20251205_mem-histone/fish1_96hpf_roi3					14
Korra_Foundation	20251205_mem-histone	Korra_Foundation/20251205_mem-histone/fish2_96hpf_roi1					14
Korra_Foundation	20251205_mem-histone	Korra_Foundation/20251205_mem-histone/fish2_96hpf_roi2					14
Korra_Foundation	20251205_mem-histone	Korra_Foundation/20251205_mem-histone/fish2_96hpf_roi3					14
Korra_Foundation	20251208_mem-histone	Korra_Foundation/20251208_mem-histone/fish1_24hpf_roi1					15
Korra_Foundation	20251208_mem-histone	Korra_Foundation/20251208_mem-histone/fish1_24hpf_roi1-2					15
Korra_Foundation	20251208_mem-histone	Korra_Foundation/20251208_mem-histone/fish2_24hpf_roi1					1
Korra_Foundation	20251208_mem-histone	Korra_Foundation/20251208_mem-histone/fish2_24hpf_roi2					1
Korra_Foundation	20251208_mem-histone	Korra_Foundation/20251208_mem-histone/fish3_24hpf_roi1					1
Korra_Foundation	20251208_mem-histone	Korra_Foundation/20251208_mem-histone/fish3_24hpf_roi2					1
Korra_Foundation	20251208_mem-histone	Korra_Foundation/20251208_mem-histone/fish4_24hpf_roi2					15
Korra_Foundation	20251209_mem-histone	Korra_Foundation/20251209_mem-histone/fish1_24hpf_roi1					15
Korra_Foundation	20251209_mem-histone	Korra_Foundation/20251209_mem-histone/fish2_24hpf_roi1					12
Korra_Foundation	20251209_mem-histone	Korra_Foundation/20251209_mem-histone/fish3_48hpf_roi1					15
Korra_Foundation	20251210_mem-histone	Korra_Foundation/20251210_mem-histone/fish1_48hpf_roi1					15
Korra_Foundation	20251210_mem-histone	Korra_Foundation/20251210_mem-histone/fish2_48hpf_roi1					14
Korra_Foundation	20251210_mem-histone	Korra_Foundation/20251210_mem-histone/fish2_48hpf_roi2					15
Korra_Foundation	20251210_mem-histone	Korra_Foundation/20251210_mem-histone/fish3_48hpf_roi1					15
Korra_Foundation	20251211_mem-histone	Korra_Foundation/20251211_mem-histone/fish1_72hpf_roi1					15
Korra_Foundation	20251211_mem-histone	Korra_Foundation/20251211_mem-histone/fish2_72hpf_roi1					15
Korra_Foundation	20251212_mem-histone	Korra_Foundation/20251212_mem-histone/fish1_72hpf_roi1					16
Korra_Foundation	20251212_mem-histone	Korra_Foundation/20251212_mem-histone/fish2_72hpf_roi1					15
Korra_Foundation	20251212_mem-histone	Korra_Foundation/20251212_mem-histone/fish3_72hpf_roi1					14
Korra_Foundation	20251216_mem-histone	Korra_Foundation/20251216_mem-histone/fish1_24hpf_roi1					15
Korra_Foundation	20251216_mem-histone	Korra_Foundation/20251216_mem-histone/fish2_24hpf_roi1					15
Korra_Foundation	20251216_mem-histone	Korra_Foundation/20251216_mem-histone/fish3_24hpf_roi1					15
Korra_Foundation	20251216_mem-histone	Korra_Foundation/20251216_mem-histone/fish4_24hpf_roi1					14
Korra_Foundation	20251216_mem-histone	Korra_Foundation/20251216_mem-histone/fish5_24hpf_roi1					15
Korra_Foundation	20251217_mem-histone	Korra_Foundation/20251217_mem-histone/fish1_48hpf_roi1					15
Korra_Foundation	20251217_mem-histone	Korra_Foundation/20251217_mem-histone/fish4_48hpf_roi1					2
Korra_Foundation	20251218_mem-histone	Korra_Foundation/20251218_mem-histone/fish1_72hpf_roi1					14
Korra_Foundation	20251218_mem-histone	Korra_Foundation/20251218_mem-histone/fish1_72hpf_roi2					14
Korra_Foundation	20251218_mem-histone	Korra_Foundation/20251218_mem-histone/fish1_72hpf_roi3					14
Korra_Foundation	20251218_mem-histone	Korra_Foundation/20251218_mem-histone/fish2_72hpf_roi1_eye					15
Korra_Foundation	20251218_mem-histone	Korra_Foundation/20251218_mem-histone/fish3_72hpf_roi1					15
Korra_Foundation	20251218_mem-histone	Korra_Foundation/20251218_mem-histone/fish3_72hpf_roi2					14
Korra_Foundation	20251218_mem-histone	Korra_Foundation/20251218_mem-histone/fish3_72hpf_roi3					14
Korra_Foundation	20251222_mem-histone	Korra_Foundation/20251222_mem-histone/fish1_72hpf_roi1					15
Korra_Foundation	analysis_test	Korra_Foundation/analysis_test/fish1_roi1				zarr	64
