plate_id_fk,full_path,plate_folder,fish_folder_name,roi_name,roi_anatomy_name,note
aang,/clusterfs/vast/abcabc/Aang_Foundation/Denoising/20251028_peroxi/roi1_560_10ms,aang,20251028_peroxi,roi1_560_10ms,,
aang,/clusterfs/vast/abcabc/Aang_Foundation/Denoising/20251028_peroxi/roi1_560_76ms,aang,20251028_peroxi,roi1_560_76ms,,
aang,/clusterfs/vast/abcabc/Aang_Foundation/Denoising/20251029_mem-histone/fish1_roi1,aang,20251029_mem-histone,fish1_roi1,,
aang,/clusterfs/vast/abcabc/Aang_Foundation/Denoising/20251029_mem-histone/fish3_roi1,aang,20251029_mem-histone,fish3_roi1,,
aang,/clusterfs/vast/abcabc/Aang_Foundation/Denoising/20251029_mem-histone/fish4_roi1,aang,20251029_mem-histone,fish4_roi1,,
aang,/clusterfs/vast/abcabc/Aang_Foundation/Denoising/20251029_mem-histone/fish5_roi1,aang,20251029_mem-histone,fish5_roi1,,
aang,/clusterfs/vast/abcabc/Aang_Foundation/Denoising/20251029_mem-histone/fish5_roi2,aang,20251029_mem-histone,fish5_roi2,,
aang,/clusterfs/vast/abcabc/Aang_Foundation/Denoising/20251029_mem-histone/fish5_roi3,aang,20251029_mem-histone,fish5_roi3,,
aang,/clusterfs/vast/abcabc/Aang_Foundation/Denoising/20251029_peroxi/fish1_roi1,aang,20251029_peroxi,fish1_roi1,,
aang,/clusterfs/vast/abcabc/Aang_Foundation/Denoising/20251029_peroxi/fish3_roi1,aang,20251029_peroxi,fish3_roi1,,
aang,/clusterfs/vast/abcabc/Aang_Foundation/20250721_72hpf_mrna_mSG_organelle_LLS-SIM/er_roi1,aang,er_roi1,er_roi1,,
aang,/clusterfs/vast/abcabc/Aang_Foundation/20250721_72hpf_mrna_mSG_organelle_LLS-SIM/er_roi2,aang,er_roi2,er_roi2,,
aang,/clusterfs/vast/abcabc/Aang_Foundation/20250721_72hpf_mrna_mSG_organelle_LLS-SIM/er_roi3,aang,er_roi3,er_roi3,,
aang,/clusterfs/vast/abcabc/Aang_Foundation/20251002_mem_mito/fish10_24hpf_roi1,aang,fish10_24hpf_roi1,fish10_24hpf_roi1,,
aang,/clusterfs/vast/abcabc/Aang_Foundation/20251002_mem_mito/fish10_24hpf_roi2,aang,fish10_24hpf_roi2,fish10_24hpf_roi2,,
aang,/clusterfs/vast/abcabc/Aang_Foundation/20251002_mem_mito/fish11_24hpf_roi1,aang,fish11_24hpf_roi1,fish11_24hpf_roi1,,
aang,/clusterfs/vast/abcabc/Aang_Foundation/20251002_mem_mito/fish11_24hpf_roi2,aang,fish11_24hpf_roi2,fish11_24hpf_roi2,,
aang,/clusterfs/vast/abcabc/Aang_Foundation/20251002_mem_mito/fish11_24hpf_roi3,aang,fish11_24hpf_roi3,fish11_24hpf_roi3,,
aang,/clusterfs/vast/abcabc/Aang_Foundation/20251002_mem_mito/fish12_24hpf_roi1,aang,fish12_24hpf_roi1,fish12_24hpf_roi1,,
aang,/clusterfs/vast/abcabc/Aang_Foundation/20251002_mem_mito/fish12_24hpf_roi2,aang,fish12_24hpf_roi2,fish12_24hpf_roi2,,
aang,/clusterfs/vast/abcabc/Aang_Foundation/20251002_mem_mito/fish12_24hpf_roi3,aang,fish12_24hpf_roi3,fish12_24hpf_roi3,,
aang,/clusterfs/vast/abcabc/Aang_Foundation/20251002_mem_mito/fish12_24hpf_roi4,aang,fish12_24hpf_roi4,fish12_24hpf_roi4,,
aang,/clusterfs/vast/abcabc/Aang_Foundation/20251027_mem-histone/fish1_120hpf_roi1,aang,fish1_120hpf_roi1,fish1_120hpf_roi1,,
aang,/clusterfs/vast/abcabc/Aang_Foundation/20251027_mem-histone/fish1_120hpf_roi2,aang,fish1_120hpf_roi2,fish1_120hpf_roi2,,
aang,/clusterfs/vast/abcabc/Aang_Foundation/20250808_mem_organelle/fish1_24hpf_mem-mchilada_lyso-mSG/roi1,aang,fish1_24hpf_mem-mchilada_lyso-mSG,roi1,,
aang,/clusterfs/vast/abcabc/Aang_Foundation/20250808_mem_organelle/fish1_24hpf_mem-mchilada_lyso-mSG/roi1_1,aang,fish1_24hpf_mem-mchilada_lyso-mSG,roi1_1,,
aang,/clusterfs/vast/abcabc/Aang_Foundation/20250808_mem_organelle/fish1_24hpf_mem-mchilada_lyso-mSG/roi1_test,aang,fish1_24hpf_mem-mchilada_lyso-mSG,roi1_test,,
aang,/clusterfs/vast/abcabc/Aang_Foundation/20250808_mem_organelle/fish1_24hpf_mem-mchilada_lyso-mSG/roi2,aang,fish1_24hpf_mem-mchilada_lyso-mSG,roi2,,
aang,/clusterfs/vast/abcabc/Aang_Foundation/20250808_mem_organelle/fish1_24hpf_mem-mchilada_lyso-mSG/roi3,aang,fish1_24hpf_mem-mchilada_lyso-mSG,roi3,,
aang,/clusterfs/vast/abcabc/Aang_Foundation/20250722_mem-halo_er-mSG/fish1_24hpf_roi1,aang,fish1_24hpf_roi1,fish1_24hpf_roi1,,
aang,/clusterfs/vast/abcabc/Aang_Foundation/20250723_er-mSG_mem-mChilada/fish1_24hpf_roi1,aang,fish1_24hpf_roi1,fish1_24hpf_roi1,,
aang,/clusterfs/vast/abcabc/Aang_Foundation/20250805_mito_mem-halo/fish1_24hpf_roi1,aang,fish1_24hpf_roi1,fish1_24hpf_roi1,,
aang,/clusterfs/vast/abcabc/Aang_Foundation/20250819_mem_mito/fish1_24hpf_roi1,aang,fish1_24hpf_roi1,fish1_24hpf_roi1,,
aang,/clusterfs/vast/abcabc/Aang_Foundation/20250821_mem_mito/fish1_24hpf_roi1,aang,fish1_24hpf_roi1,fish1_24hpf_roi1,,
aang,/clusterfs/vast/abcabc/Aang_Foundation/20250826_mem_actin/fish1_24hpf_roi1,aang,fish1_24hpf_roi1,fish1_24hpf_roi1,,
aang,/clusterfs/vast/abcabc/Aang_Foundation/20250828_mem_actin/fish1_24hpf_roi1,aang,fish1_24hpf_roi1,fish1_24hpf_roi1,,
aang,/clusterfs/vast/abcabc/Aang_Foundation/20250903_lifeact-mSG/fish1_24hpf_roi1,aang,fish1_24hpf_roi1,fish1_24hpf_roi1,,
aang,/clusterfs/vast/abcabc/Aang_Foundation/20250904_lifeact-mSG/fish1_24hpf_roi1,aang,fish1_24hpf_roi1,fish1_24hpf_roi1,,
aang,/clusterfs/vast/abcabc/Aang_Foundation/20250908_mem-mito/fish1_24hpf_roi1,aang,fish1_24hpf_roi1,fish1_24hpf_roi1,,
aang,/clusterfs/vast/abcabc/Aang_Foundation/20250919_mem-mito/fish1_24hpf_roi1,aang,fish1_24hpf_roi1,fish1_24hpf_roi1,,
aang,/clusterfs/vast/abcabc/Aang_Foundation/20250924_mem-mito/fish1_24hpf_roi1,aang,fish1_24hpf_roi1,fish1_24hpf_roi1,,
aang,/clusterfs/vast/abcabc/Aang_Foundation/20251001_mem-histone/fish1_24hpf_roi1,aang,fish1_24hpf_roi1,fish1_24hpf_roi1,,
aang,/clusterfs/vast/abcabc/Aang_Foundation/20251002_mem_mito/fish1_24hpf_roi1,aang,fish1_24hpf_roi1,fish1_24hpf_roi1,,
aang,/clusterfs/vast/abcabc/Aang_Foundation/20251006_mem_histone/fish1_24hpf_roi1,aang,fish1_24hpf_roi1,fish1_24hpf_roi1,,
aang,/clusterfs/vast/abcabc/Aang_Foundation/20251010_mem-mito/fish1_24hpf_roi1,aang,fish1_24hpf_roi1,fish1_24hpf_roi1,,
aang,/clusterfs/vast/abcabc/Aang_Foundation/20251021_mem-mito/fish1_24hpf_roi1,aang,fish1_24hpf_roi1,fish1_24hpf_roi1,,
aang,/clusterfs/vast/abcabc/Aang_Foundation/20251021_mem-mito_v2/fish1_24hpf_roi1,aang,fish1_24hpf_roi1,fish1_24hpf_roi1,,
aang,/clusterfs/vast/abcabc/Aang_Foundation/20251023_mem-mito/fish1_24hpf_roi1,aang,fish1_24hpf_roi1,fish1_24hpf_roi1,,
aang,/clusterfs/vast/abcabc/Aang_Foundation/20251028_mem-mito/fish1_24hpf_roi1,aang,fish1_24hpf_roi1,fish1_24hpf_roi1,,
aang,/clusterfs/vast/abcabc/Aang_Foundation/20251028_mem-peroxi/fish1_24hpf_roi1,aang,fish1_24hpf_roi1,fish1_24hpf_roi1,,
aang,/clusterfs/vast/abcabc/Aang_Foundation/20251028_mem-peroxi2/fish1_24hpf_roi1,aang,fish1_24hpf_roi1,fish1_24hpf_roi1,,
aang,/clusterfs/vast/abcabc/Aang_Foundation/20251105_mem-mito/fish1_24hpf_roi1,aang,fish1_24hpf_roi1,fish1_24hpf_roi1,,
aang,/clusterfs/vast/abcabc/Aang_Foundation/20251107_mem-mito/fish1_24hpf_roi1,aang,fish1_24hpf_roi1,fish1_24hpf_roi1,,
aang,/clusterfs/vast/abcabc/Aang_Foundation/20250828_mem_actin/fish1_24hpf_roi1-2,aang,fish1_24hpf_roi1-2,fish1_24hpf_roi1-2,,
aang,/clusterfs/vast/abcabc/Aang_Foundation/20251107_mem-mito/fish1_24hpf_roi1-2,aang,fish1_24hpf_roi1-2,fish1_24hpf_roi1-2,,
aang,/clusterfs/vast/abcabc/Aang_Foundation/20251017_nuclear_envelope/fish1_24hpf_roi1_test,aang,fish1_24hpf_roi1_test,fish1_24hpf_roi1_test,,
aang,/clusterfs/vast/abcabc/Aang_Foundation/20251017_nuclear_envelope/fish1_24hpf_roi1_test_SIM,aang,fish1_24hpf_roi1_test_SIM,fish1_24hpf_roi1_test_SIM,,
aang,/clusterfs/vast/abcabc/Aang_Foundation/20250722_mem-halo_er-mSG/fish1_24hpf_roi2,aang,fish1_24hpf_roi2,fish1_24hpf_roi2,,
aang,/clusterfs/vast/abcabc/Aang_Foundation/20250805_mito_mem-halo/fish1_24hpf_roi2,aang,fish1_24hpf_roi2,fish1_24hpf_roi2,,
aang,/clusterfs/vast/abcabc/Aang_Foundation/20250819_mem_ER/fish1_24hpf_roi2,aang,fish1_24hpf_roi2,fish1_24hpf_roi2,,
aang,/clusterfs/vast/abcabc/Aang_Foundation/20250819_mem_mito/fish1_24hpf_roi2,aang,fish1_24hpf_roi2,fish1_24hpf_roi2,,
aang,/clusterfs/vast/abcabc/Aang_Foundation/20250821_mem_mito/fish1_24hpf_roi2,aang,fish1_24hpf_roi2,fish1_24hpf_roi2,,
aang,/clusterfs/vast/abcabc/Aang_Foundation/20250826_mem_actin/fish1_24hpf_roi2,aang,fish1_24hpf_roi2,fish1_24hpf_roi2,,
aang,/clusterfs/vast/abcabc/Aang_Foundation/20250828_mem_actin/fish1_24hpf_roi2,aang,fish1_24hpf_roi2,fish1_24hpf_roi2,,
aang,/clusterfs/vast/abcabc/Aang_Foundation/20250903_lifeact-mSG/fish1_24hpf_roi2,aang,fish1_24hpf_roi2,fish1_24hpf_roi2,,
aang,/clusterfs/vast/abcabc/Aang_Foundation/20250904_lifeact-mSG/fish1_24hpf_roi2,aang,fish1_24hpf_roi2,fish1_24hpf_roi2,,
aang,/clusterfs/vast/abcabc/Aang_Foundation/20250908_mem-mito/fish1_24hpf_roi2,aang,fish1_24hpf_roi2,fish1_24hpf_roi2,,
aang,/clusterfs/vast/abcabc/Aang_Foundation/20250919_mem-mito/fish1_24hpf_roi2,aang,fish1_24hpf_roi2,fish1_24hpf_roi2,,
aang,/clusterfs/vast/abcabc/Aang_Foundation/20250924_mem-mito/fish1_24hpf_roi2,aang,fish1_24hpf_roi2,fish1_24hpf_roi2,,
aang,/clusterfs/vast/abcabc/Aang_Foundation/20251001_mem-histone/fish1_24hpf_roi2,aang,fish1_24hpf_roi2,fish1_24hpf_roi2,,
aang,/clusterfs/vast/abcabc/Aang_Foundation/20251006_mem_histone/fish1_24hpf_roi2,aang,fish1_24hpf_roi2,fish1_24hpf_roi2,,
aang,/clusterfs/vast/abcabc/Aang_Foundation/20251010_mem-mito/fish1_24hpf_roi2,aang,fish1_24hpf_roi2,fish1_24hpf_roi2,,
aang,/clusterfs/vast/abcabc/Aang_Foundation/20251021_mem-mito/fish1_24hpf_roi2,aang,fish1_24hpf_roi2,fish1_24hpf_roi2,,
aang,/clusterfs/vast/abcabc/Aang_Foundation/20251023_mem-mito/fish1_24hpf_roi2,aang,fish1_24hpf_roi2,fish1_24hpf_roi2,,
aang,/clusterfs/vast/abcabc/Aang_Foundation/20251107_mem-mito/fish1_24hpf_roi2,aang,fish1_24hpf_roi2,fish1_24hpf_roi2,,
aang,/clusterfs/vast/abcabc/Aang_Foundation/20250722_mem-halo_er-mSG/fish1_24hpf_roi3,aang,fish1_24hpf_roi3,fish1_24hpf_roi3,,
aang,/clusterfs/vast/abcabc/Aang_Foundation/20250819_mem_ER/fish1_24hpf_roi3,aang,fish1_24hpf_roi3,fish1_24hpf_roi3,,
aang,/clusterfs/vast/abcabc/Aang_Foundation/20250819_mem_mito/fish1_24hpf_roi3,aang,fish1_24hpf_roi3,fish1_24hpf_roi3,,
aang,/clusterfs/vast/abcabc/Aang_Foundation/20250828_mem_actin/fish1_24hpf_roi3,aang,fish1_24hpf_roi3,fish1_24hpf_roi3,,
aang,/clusterfs/vast/abcabc/Aang_Foundation/20250903_lifeact-mSG/fish1_24hpf_roi3,aang,fish1_24hpf_roi3,fish1_24hpf_roi3,,
aang,/clusterfs/vast/abcabc/Aang_Foundation/20250904_lifeact-mSG/fish1_24hpf_roi3,aang,fish1_24hpf_roi3,fish1_24hpf_roi3,,
aang,/clusterfs/vast/abcabc/Aang_Foundation/20250908_mem-mito/fish1_24hpf_roi3,aang,fish1_24hpf_roi3,fish1_24hpf_roi3,,
aang,/clusterfs/vast/abcabc/Aang_Foundation/20250919_mem-mito/fish1_24hpf_roi3,aang,fish1_24hpf_roi3,fish1_24hpf_roi3,,
aang,/clusterfs/vast/abcabc/Aang_Foundation/20250924_mem-mito/fish1_24hpf_roi3,aang,fish1_24hpf_roi3,fish1_24hpf_roi3,,
aang,/clusterfs/vast/abcabc/Aang_Foundation/20251006_mem_histone/fish1_24hpf_roi3,aang,fish1_24hpf_roi3,fish1_24hpf_roi3,,
aang,/clusterfs/vast/abcabc/Aang_Foundation/20251107_mem-mito/fish1_24hpf_roi3,aang,fish1_24hpf_roi3,fish1_24hpf_roi3,,
aang,/clusterfs/vast/abcabc/Aang_Foundation/20250903_lifeact-mSG/fish1_24hpf_roi3_2,aang,fish1_24hpf_roi3_2,fish1_24hpf_roi3_2,,
aang,/clusterfs/vast/abcabc/Aang_Foundation/20250722_mem-halo_er-mSG/fish1_24hpf_roi4,aang,fish1_24hpf_roi4,fish1_24hpf_roi4,,
aang,/clusterfs/vast/abcabc/Aang_Foundation/20250819_mem_ER/fish1_24hpf_roi4,aang,fish1_24hpf_roi4,fish1_24hpf_roi4,,
aang,/clusterfs/vast/abcabc/Aang_Foundation/20250819_mem_mito/fish1_24hpf_roi4,aang,fish1_24hpf_roi4,fish1_24hpf_roi4,,
aang,/clusterfs/vast/abcabc/Aang_Foundation/20250904_lifeact-mSG/fish1_24hpf_roi4,aang,fish1_24hpf_roi4,fish1_24hpf_roi4,,
aang,/clusterfs/vast/abcabc/Aang_Foundation/20250908_mem-mito/fish1_24hpf_roi4,aang,fish1_24hpf_roi4,fish1_24hpf_roi4,,
aang,/clusterfs/vast/abcabc/Aang_Foundation/20250924_mem-mito/fish1_24hpf_roi4,aang,fish1_24hpf_roi4,fish1_24hpf_roi4,,
aang,/clusterfs/vast/abcabc/Aang_Foundation/20251006_mem_histone/fish1_24hpf_roi4,aang,fish1_24hpf_roi4,fish1_24hpf_roi4,,
aang,/clusterfs/vast/abcabc/Aang_Foundation/20250722_mem-halo_er-mSG/fish1_24hpf_roi5,aang,fish1_24hpf_roi5,fish1_24hpf_roi5,,
aang,/clusterfs/vast/abcabc/Aang_Foundation/20250819_mem_ER/fish1_24hpf_roi5,aang,fish1_24hpf_roi5,fish1_24hpf_roi5,,
aang,/clusterfs/vast/abcabc/Aang_Foundation/20250819_mem_mito/fish1_24hpf_roi5,aang,fish1_24hpf_roi5,fish1_24hpf_roi5,,
aang,/clusterfs/vast/abcabc/Aang_Foundation/20250904_lifeact-mSG/fish1_24hpf_roi5,aang,fish1_24hpf_roi5,fish1_24hpf_roi5,,
aang,/clusterfs/vast/abcabc/Aang_Foundation/20250924_mem-mito/fish1_24hpf_roi5,aang,fish1_24hpf_roi5,fish1_24hpf_roi5,,
aang,/clusterfs/vast/abcabc/Aang_Foundation/20250819_mem_mito/fish1_24hpf_roi6,aang,fish1_24hpf_roi6,fish1_24hpf_roi6,,
aang,/clusterfs/vast/abcabc/Aang_Foundation/20250924_mem-mito/fish1_24hpf_roi6,aang,fish1_24hpf_roi6,fish1_24hpf_roi6,,
aang,/clusterfs/vast/abcabc/Aang_Foundation/20250819_mem_mito/fish1_24hpf_roi7,aang,fish1_24hpf_roi7,fish1_24hpf_roi7,,
aang,/clusterfs/vast/abcabc/Aang_Foundation/20250819_mem_mito/fish1_24hpf_roi8,aang,fish1_24hpf_roi8,fish1_24hpf_roi8,,
aang,/clusterfs/vast/abcabc/Aang_Foundation/20250805_lifeact_mem-halo/fish1_48hpf_roi1,aang,fish1_48hpf_roi1,fish1_48hpf_roi1,,
aang,/clusterfs/vast/abcabc/Aang_Foundation/20250911_mem-mito/fish1_48hpf_roi1,aang,fish1_48hpf_roi1,fish1_48hpf_roi1,,
aang,/clusterfs/vast/abcabc/Aang_Foundation/20250917_mem-mito/fish1_48hpf_roi1,aang,fish1_48hpf_roi1,fish1_48hpf_roi1,,
aang,/clusterfs/vast/abcabc/Aang_Foundation/20250925_mem-mito/fish1_48hpf_roi1,aang,fish1_48hpf_roi1,fish1_48hpf_roi1,,
aang,/clusterfs/vast/abcabc/Aang_Foundation/20250926_mem-mito/fish1_48hpf_roi1,aang,fish1_48hpf_roi1,fish1_48hpf_roi1,,
aang,/clusterfs/vast/abcabc/Aang_Foundation/20251015_mem-histone/fish1_48hpf_roi1,aang,fish1_48hpf_roi1,fish1_48hpf_roi1,,
aang,/clusterfs/vast/abcabc/Aang_Foundation/20251022_mem-mito/fish1_48hpf_roi1,aang,fish1_48hpf_roi1,fish1_48hpf_roi1,,
aang,/clusterfs/vast/abcabc/Aang_Foundation/20251106_mem-mito/fish1_48hpf_roi1,aang,fish1_48hpf_roi1,fish1_48hpf_roi1,,
aang,/clusterfs/vast/abcabc/Aang_Foundation/20250805_lifeact_mem-halo/fish1_48hpf_roi2,aang,fish1_48hpf_roi2,fish1_48hpf_roi2,,
aang,/clusterfs/vast/abcabc/Aang_Foundation/20250911_mem-mito/fish1_48hpf_roi2,aang,fish1_48hpf_roi2,fish1_48hpf_roi2,,
aang,/clusterfs/vast/abcabc/Aang_Foundation/20250917_mem-mito/fish1_48hpf_roi2,aang,fish1_48hpf_roi2,fish1_48hpf_roi2,,
aang,/clusterfs/vast/abcabc/Aang_Foundation/20250925_mem-mito/fish1_48hpf_roi2,aang,fish1_48hpf_roi2,fish1_48hpf_roi2,,
aang,/clusterfs/vast/abcabc/Aang_Foundation/20250926_mem-mito/fish1_48hpf_roi2,aang,fish1_48hpf_roi2,fish1_48hpf_roi2,,
aang,/clusterfs/vast/abcabc/Aang_Foundation/20251015_mem-histone/fish1_48hpf_roi2,aang,fish1_48hpf_roi2,fish1_48hpf_roi2,,
aang,/clusterfs/vast/abcabc/Aang_Foundation/20251106_mem-mito/fish1_48hpf_roi2,aang,fish1_48hpf_roi2,fish1_48hpf_roi2,,
aang,/clusterfs/vast/abcabc/Aang_Foundation/20250805_lifeact_mem-halo/fish1_48hpf_roi3,aang,fish1_48hpf_roi3,fish1_48hpf_roi3,,
aang,/clusterfs/vast/abcabc/Aang_Foundation/20250911_mem-mito/fish1_48hpf_roi3,aang,fish1_48hpf_roi3,fish1_48hpf_roi3,,
aang,/clusterfs/vast/abcabc/Aang_Foundation/20250925_mem-mito/fish1_48hpf_roi3,aang,fish1_48hpf_roi3,fish1_48hpf_roi3,,
aang,/clusterfs/vast/abcabc/Aang_Foundation/20250926_mem-mito/fish1_48hpf_roi3,aang,fish1_48hpf_roi3,fish1_48hpf_roi3,,
aang,/clusterfs/vast/abcabc/Aang_Foundation/20251015_mem-histone/fish1_48hpf_roi3,aang,fish1_48hpf_roi3,fish1_48hpf_roi3,,
aang,/clusterfs/vast/abcabc/Aang_Foundation/20250805_lifeact_mem-halo/fish1_48hpf_roi4,aang,fish1_48hpf_roi4,fish1_48hpf_roi4,,
aang,/clusterfs/vast/abcabc/Aang_Foundation/20250911_mem-mito/fish1_48hpf_roi4,aang,fish1_48hpf_roi4,fish1_48hpf_roi4,,
aang,/clusterfs/vast/abcabc/Aang_Foundation/20250926_mem-mito/fish1_48hpf_roi4,aang,fish1_48hpf_roi4,fish1_48hpf_roi4,,
aang,/clusterfs/vast/abcabc/Aang_Foundation/20250805_lifeact_mem-halo/fish1_48hpf_roi5,aang,fish1_48hpf_roi5,fish1_48hpf_roi5,,
aang,/clusterfs/vast/abcabc/Aang_Foundation/20250911_mem-mito/fish1_48hpf_roi5,aang,fish1_48hpf_roi5,fish1_48hpf_roi5,,
aang,/clusterfs/vast/abcabc/Aang_Foundation/20251003_mem_tester/fish1_48hpf_xscan_roi1_brain,aang,fish1_48hpf_xscan_roi1_brain,fish1_48hpf_xscan_roi1_brain,,
aang,/clusterfs/vast/abcabc/Aang_Foundation/20251003_mem_tester/fish1_48hpf_xscan_roi2_spine_muscle,aang,fish1_48hpf_xscan_roi2_spine_muscle,fish1_48hpf_xscan_roi2_spine_muscle,,
aang,/clusterfs/vast/abcabc/Aang_Foundation/20251003_mem_tester/fish1_48hpf_xscan_roi3_spine_muscle_tail,aang,fish1_48hpf_xscan_roi3_spine_muscle_tail,fish1_48hpf_xscan_roi3_spine_muscle_tail,,
aang,/clusterfs/vast/abcabc/Aang_Foundation/20251003_mem_tester/fish1_48hpf_xscan_roi4_spine_muscle_tail,aang,fish1_48hpf_xscan_roi4_spine_muscle_tail,fish1_48hpf_xscan_roi4_spine_muscle_tail,,
aang,/clusterfs/vast/abcabc/Aang_Foundation/20251003_mem_tester/fish1_48hpf_xscan_roi5_spine_muscle_tail,aang,fish1_48hpf_xscan_roi5_spine_muscle_tail,fish1_48hpf_xscan_roi5_spine_muscle_tail,,
aang,/clusterfs/vast/abcabc/Aang_Foundation/20251003_mem_tester/fish1_48hpf_xscan_roi6_spine_muscle_tail,aang,fish1_48hpf_xscan_roi6_spine_muscle_tail,fish1_48hpf_xscan_roi6_spine_muscle_tail,,
aang,/clusterfs/vast/abcabc/Aang_Foundation/20251003_mem_tester/fish1_48hpf_xscan_roi7_spine_muscle_tail,aang,fish1_48hpf_xscan_roi7_spine_muscle_tail,fish1_48hpf_xscan_roi7_spine_muscle_tail,,
aang,/clusterfs/vast/abcabc/Aang_Foundation/20250912_mem-mito/fish1_72hpf_roi1,aang,fish1_72hpf_roi1,fish1_72hpf_roi1,,
aang,/clusterfs/vast/abcabc/Aang_Foundation/20250915_mem-mito/fish1_72hpf_roi1,aang,fish1_72hpf_roi1,fish1_72hpf_roi1,,
aang,/clusterfs/vast/abcabc/Aang_Foundation/20250918_mem-mito/fish1_72hpf_roi1,aang,fish1_72hpf_roi1,fish1_72hpf_roi1,,
aang,/clusterfs/vast/abcabc/Aang_Foundation/20250922_mem-mito/fish1_72hpf_roi1,aang,fish1_72hpf_roi1,fish1_72hpf_roi1,,
aang,/clusterfs/vast/abcabc/Aang_Foundation/20251016_mem-mito/fish1_72hpf_roi1,aang,fish1_72hpf_roi1,fish1_72hpf_roi1,,
aang,/clusterfs/vast/abcabc/Aang_Foundation/20251016_mem-mito_v2/fish1_72hpf_roi1,aang,fish1_72hpf_roi1,fish1_72hpf_roi1,,
aang,/clusterfs/vast/abcabc/Aang_Foundation/20251020_mem-histone/fish1_72hpf_roi1,aang,fish1_72hpf_roi1,fish1_72hpf_roi1,,
aang,/clusterfs/vast/abcabc/Aang_Foundation/20251107_mem-kinectocore/fish1_72hpf_roi1,aang,fish1_72hpf_roi1,fish1_72hpf_roi1,,
aang,/clusterfs/vast/abcabc/Aang_Foundation/20250912_mem-mito/fish1_72hpf_roi2,aang,fish1_72hpf_roi2,fish1_72hpf_roi2,,
aang,/clusterfs/vast/abcabc/Aang_Foundation/20250915_mem-mito/fish1_72hpf_roi2,aang,fish1_72hpf_roi2,fish1_72hpf_roi2,,
aang,/clusterfs/vast/abcabc/Aang_Foundation/20250918_mem-mito/fish1_72hpf_roi2,aang,fish1_72hpf_roi2,fish1_72hpf_roi2,,
aang,/clusterfs/vast/abcabc/Aang_Foundation/20250922_mem-mito/fish1_72hpf_roi2,aang,fish1_72hpf_roi2,fish1_72hpf_roi2,,
aang,/clusterfs/vast/abcabc/Aang_Foundation/20251016_mem-mito_v2/fish1_72hpf_roi2,aang,fish1_72hpf_roi2,fish1_72hpf_roi2,,
aang,/clusterfs/vast/abcabc/Aang_Foundation/20251020_mem-histone/fish1_72hpf_roi2,aang,fish1_72hpf_roi2,fish1_72hpf_roi2,,
aang,/clusterfs/vast/abcabc/Aang_Foundation/20250912_mem-mito/fish1_72hpf_roi3,aang,fish1_72hpf_roi3,fish1_72hpf_roi3,,
aang,/clusterfs/vast/abcabc/Aang_Foundation/20250915_mem-mito/fish1_72hpf_roi3,aang,fish1_72hpf_roi3,fish1_72hpf_roi3,,
aang,/clusterfs/vast/abcabc/Aang_Foundation/20250918_mem-mito/fish1_72hpf_roi3,aang,fish1_72hpf_roi3,fish1_72hpf_roi3,,
aang,/clusterfs/vast/abcabc/Aang_Foundation/20250922_mem-mito/fish1_72hpf_roi3,aang,fish1_72hpf_roi3,fish1_72hpf_roi3,,
aang,/clusterfs/vast/abcabc/Aang_Foundation/20251020_mem-histone/fish1_72hpf_roi3,aang,fish1_72hpf_roi3,fish1_72hpf_roi3,,
aang,/clusterfs/vast/abcabc/Aang_Foundation/20250912_mem-mito/fish1_72hpf_roi4,aang,fish1_72hpf_roi4,fish1_72hpf_roi4,,
aang,/clusterfs/vast/abcabc/Aang_Foundation/20250915_mem-mito/fish1_72hpf_roi4,aang,fish1_72hpf_roi4,fish1_72hpf_roi4,,
aang,/clusterfs/vast/abcabc/Aang_Foundation/20250918_mem-mito/fish1_72hpf_roi4,aang,fish1_72hpf_roi4,fish1_72hpf_roi4,,
aang,/clusterfs/vast/abcabc/Aang_Foundation/20250922_mem-mito/fish1_72hpf_roi4,aang,fish1_72hpf_roi4,fish1_72hpf_roi4,,
aang,/clusterfs/vast/abcabc/Aang_Foundation/20251020_mem-histone/fish1_72hpf_roi4,aang,fish1_72hpf_roi4,fish1_72hpf_roi4,,
aang,/clusterfs/vast/abcabc/Aang_Foundation/20250915_mem-mito/fish1_72hpf_roi5,aang,fish1_72hpf_roi5,fish1_72hpf_roi5,,
aang,/clusterfs/vast/abcabc/Aang_Foundation/20250918_mem-mito/fish1_72hpf_roi5,aang,fish1_72hpf_roi5,fish1_72hpf_roi5,,
aang,/clusterfs/vast/abcabc/Aang_Foundation/20250922_mem-mito/fish1_72hpf_roi5,aang,fish1_72hpf_roi5,fish1_72hpf_roi5,,
aang,/clusterfs/vast/abcabc/Aang_Foundation/20251020_mem-histone/fish1_72hpf_roi5,aang,fish1_72hpf_roi5,fish1_72hpf_roi5,,
aang,/clusterfs/vast/abcabc/Aang_Foundation/20250918_mem-mito/fish1_72hpf_roi6,aang,fish1_72hpf_roi6,fish1_72hpf_roi6,,
aang,/clusterfs/vast/abcabc/Aang_Foundation/20250922_mem-mito/fish1_72hpf_roi6,aang,fish1_72hpf_roi6,fish1_72hpf_roi6,,
aang,/clusterfs/vast/abcabc/Aang_Foundation/20251020_mem-histone/fish1_72hpf_roi6,aang,fish1_72hpf_roi6,fish1_72hpf_roi6,,
aang,/clusterfs/vast/abcabc/Aang_Foundation/20250922_mem-mito/fish1_72hpf_roi7,aang,fish1_72hpf_roi7,fish1_72hpf_roi7,,
aang,/clusterfs/vast/abcabc/Aang_Foundation/20251020_mem-histone/fish1_72hpf_roi7,aang,fish1_72hpf_roi7,fish1_72hpf_roi7,,
aang,/clusterfs/vast/abcabc/Aang_Foundation/20250922_mem-mito/fish1_72hpf_roi8,aang,fish1_72hpf_roi8,fish1_72hpf_roi8,,
aang,/clusterfs/vast/abcabc/Aang_Foundation/20251013_mem-histone/fish1_96hpf_roi1,aang,fish1_96hpf_roi1,fish1_96hpf_roi1,,
aang,/clusterfs/vast/abcabc/Aang_Foundation/20251013_mem-histone/fish1_96hpf_roi3,aang,fish1_96hpf_roi3,fish1_96hpf_roi3,,
aang,/clusterfs/vast/abcabc/Aang_Foundation/20250722_mrna_mito-mSG_mem-mChilada/fish1_roi1,aang,fish1_roi1,fish1_roi1,,
aang,/clusterfs/vast/abcabc/Aang_Foundation/20251029_peroxi/fish1_roi1,aang,fish1_roi1,fish1_roi1,,
aang,/clusterfs/vast/abcabc/Aang_Foundation/20250722_mrna_mito-mSG_mem-mChilada/fish1_roi2,aang,fish1_roi2,fish1_roi2,,
aang,/clusterfs/vast/abcabc/Aang_Foundation/20250722_mrna_mito-mSG_mem-mChilada/fish1_roi3,aang,fish1_roi3,fish1_roi3,,
aang,/clusterfs/vast/abcabc/Aang_Foundation/20250808_mem_organelle/fish2_24hpf_mem-mchilada_lyso-mSG/roi1,aang,fish2_24hpf_mem-mchilada_lyso-mSG,roi1,,
aang,/clusterfs/vast/abcabc/Aang_Foundation/20250808_mem_organelle/fish2_24hpf_mem-mchilada_lyso-mSG/roi2,aang,fish2_24hpf_mem-mchilada_lyso-mSG,roi2,,
aang,/clusterfs/vast/abcabc/Aang_Foundation/20250808_mem_organelle/fish2_24hpf_mem-mchilada_lyso-mSG/roi3,aang,fish2_24hpf_mem-mchilada_lyso-mSG,roi3,,
aang,/clusterfs/vast/abcabc/Aang_Foundation/20250722_mem-halo_er-mSG/fish2_24hpf_roi1,aang,fish2_24hpf_roi1,fish2_24hpf_roi1,,
aang,/clusterfs/vast/abcabc/Aang_Foundation/20250805_mito_mem-halo/fish2_24hpf_roi1,aang,fish2_24hpf_roi1,fish2_24hpf_roi1,,
aang,/clusterfs/vast/abcabc/Aang_Foundation/20250819_mem_ER/fish2_24hpf_roi1,aang,fish2_24hpf_roi1,fish2_24hpf_roi1,,
aang,/clusterfs/vast/abcabc/Aang_Foundation/20250819_mem_mito/fish2_24hpf_roi1,aang,fish2_24hpf_roi1,fish2_24hpf_roi1,,
aang,/clusterfs/vast/abcabc/Aang_Foundation/20250821_mem_mito/fish2_24hpf_roi1,aang,fish2_24hpf_roi1,fish2_24hpf_roi1,,
aang,/clusterfs/vast/abcabc/Aang_Foundation/20250826_mem_actin/fish2_24hpf_roi1,aang,fish2_24hpf_roi1,fish2_24hpf_roi1,,
aang,/clusterfs/vast/abcabc/Aang_Foundation/20250828_mem_actin/fish2_24hpf_roi1,aang,fish2_24hpf_roi1,fish2_24hpf_roi1,,
aang,/clusterfs/vast/abcabc/Aang_Foundation/20250903_lifeact-mSG/fish2_24hpf_roi1,aang,fish2_24hpf_roi1,fish2_24hpf_roi1,,
aang,/clusterfs/vast/abcabc/Aang_Foundation/20250908_mem-mito/fish2_24hpf_roi1,aang,fish2_24hpf_roi1,fish2_24hpf_roi1,,
aang,/clusterfs/vast/abcabc/Aang_Foundation/20250919_mem-mito/fish2_24hpf_roi1,aang,fish2_24hpf_roi1,fish2_24hpf_roi1,,
aang,/clusterfs/vast/abcabc/Aang_Foundation/20250924_mem-mito/fish2_24hpf_roi1,aang,fish2_24hpf_roi1,fish2_24hpf_roi1,,
aang,/clusterfs/vast/abcabc/Aang_Foundation/20251001_mem-histone/fish2_24hpf_roi1,aang,fish2_24hpf_roi1,fish2_24hpf_roi1,,
aang,/clusterfs/vast/abcabc/Aang_Foundation/20251010_mem-mito/fish2_24hpf_roi1,aang,fish2_24hpf_roi1,fish2_24hpf_roi1,,
aang,/clusterfs/vast/abcabc/Aang_Foundation/20251021_mem-mito/fish2_24hpf_roi1,aang,fish2_24hpf_roi1,fish2_24hpf_roi1,,
aang,/clusterfs/vast/abcabc/Aang_Foundation/20251021_mem-mito_v2/fish2_24hpf_roi1,aang,fish2_24hpf_roi1,fish2_24hpf_roi1,,
aang,/clusterfs/vast/abcabc/Aang_Foundation/20251028_mem-peroxi2/fish2_24hpf_roi1,aang,fish2_24hpf_roi1,fish2_24hpf_roi1,,
aang,/clusterfs/vast/abcabc/Aang_Foundation/20251105_mem-mito/fish2_24hpf_roi1,aang,fish2_24hpf_roi1,fish2_24hpf_roi1,,
aang,/clusterfs/vast/abcabc/Aang_Foundation/20250722_mem-halo_er-mSG/fish2_24hpf_roi2,aang,fish2_24hpf_roi2,fish2_24hpf_roi2,,
aang,/clusterfs/vast/abcabc/Aang_Foundation/20250805_mito_mem-halo/fish2_24hpf_roi2,aang,fish2_24hpf_roi2,fish2_24hpf_roi2,,
aang,/clusterfs/vast/abcabc/Aang_Foundation/20250819_mem_ER/fish2_24hpf_roi2,aang,fish2_24hpf_roi2,fish2_24hpf_roi2,,
aang,/clusterfs/vast/abcabc/Aang_Foundation/20250819_mem_mito/fish2_24hpf_roi2,aang,fish2_24hpf_roi2,fish2_24hpf_roi2,,
aang,/clusterfs/vast/abcabc/Aang_Foundation/20250821_mem_mito/fish2_24hpf_roi2,aang,fish2_24hpf_roi2,fish2_24hpf_roi2,,
aang,/clusterfs/vast/abcabc/Aang_Foundation/20250828_mem_actin/fish2_24hpf_roi2,aang,fish2_24hpf_roi2,fish2_24hpf_roi2,,
aang,/clusterfs/vast/abcabc/Aang_Foundation/20250903_lifeact-mSG/fish2_24hpf_roi2,aang,fish2_24hpf_roi2,fish2_24hpf_roi2,,
aang,/clusterfs/vast/abcabc/Aang_Foundation/20250908_mem-mito/fish2_24hpf_roi2,aang,fish2_24hpf_roi2,fish2_24hpf_roi2,,
aang,/clusterfs/vast/abcabc/Aang_Foundation/20250919_mem-mito/fish2_24hpf_roi2,aang,fish2_24hpf_roi2,fish2_24hpf_roi2,,
aang,/clusterfs/vast/abcabc/Aang_Foundation/20250924_mem-mito/fish2_24hpf_roi2,aang,fish2_24hpf_roi2,fish2_24hpf_roi2,,
aang,/clusterfs/vast/abcabc/Aang_Foundation/20251001_mem-histone/fish2_24hpf_roi2,aang,fish2_24hpf_roi2,fish2_24hpf_roi2,,
aang,/clusterfs/vast/abcabc/Aang_Foundation/20251010_mem-mito/fish2_24hpf_roi2,aang,fish2_24hpf_roi2,fish2_24hpf_roi2,,
aang,/clusterfs/vast/abcabc/Aang_Foundation/20251021_mem-mito/fish2_24hpf_roi2,aang,fish2_24hpf_roi2,fish2_24hpf_roi2,,
aang,/clusterfs/vast/abcabc/Aang_Foundation/20251021_mem-mito_v2/fish2_24hpf_roi2,aang,fish2_24hpf_roi2,fish2_24hpf_roi2,,
aang,/clusterfs/vast/abcabc/Aang_Foundation/20251105_mem-mito/fish2_24hpf_roi2,aang,fish2_24hpf_roi2,fish2_24hpf_roi2,,
aang,/clusterfs/vast/abcabc/Aang_Foundation/20250828_mem_actin/fish2_24hpf_roi2-2,aang,fish2_24hpf_roi2-2,fish2_24hpf_roi2-2,,
aang,/clusterfs/vast/abcabc/Aang_Foundation/20250722_mem-halo_er-mSG/fish2_24hpf_roi3,aang,fish2_24hpf_roi3,fish2_24hpf_roi3,,
aang,/clusterfs/vast/abcabc/Aang_Foundation/20250805_mito_mem-halo/fish2_24hpf_roi3,aang,fish2_24hpf_roi3,fish2_24hpf_roi3,,
aang,/clusterfs/vast/abcabc/Aang_Foundation/20250819_mem_ER/fish2_24hpf_roi3,aang,fish2_24hpf_roi3,fish2_24hpf_roi3,,
aang,/clusterfs/vast/abcabc/Aang_Foundation/20250908_mem-mito/fish2_24hpf_roi3,aang,fish2_24hpf_roi3,fish2_24hpf_roi3,,
aang,/clusterfs/vast/abcabc/Aang_Foundation/20250919_mem-mito/fish2_24hpf_roi3,aang,fish2_24hpf_roi3,fish2_24hpf_roi3,,
aang,/clusterfs/vast/abcabc/Aang_Foundation/20251001_mem-histone/fish2_24hpf_roi3,aang,fish2_24hpf_roi3,fish2_24hpf_roi3,,
aang,/clusterfs/vast/abcabc/Aang_Foundation/20251107_mem-mito/fish2_24hpf_roi3,aang,fish2_24hpf_roi3,fish2_24hpf_roi3,,
aang,/clusterfs/vast/abcabc/Aang_Foundation/20250722_mem-halo_er-mSG/fish2_24hpf_roi4,aang,fish2_24hpf_roi4,fish2_24hpf_roi4,,
aang,/clusterfs/vast/abcabc/Aang_Foundation/20250722_mrna_mito-mSG_mem-mChilada/fish2_48hpf_roi1,aang,fish2_48hpf_roi1,fish2_48hpf_roi1,,
aang,/clusterfs/vast/abcabc/Aang_Foundation/20250911_mem-mito/fish2_48hpf_roi1,aang,fish2_48hpf_roi1,fish2_48hpf_roi1,,
aang,/clusterfs/vast/abcabc/Aang_Foundation/20250917_mem-mito/fish2_48hpf_roi1,aang,fish2_48hpf_roi1,fish2_48hpf_roi1,,
aang,/clusterfs/vast/abcabc/Aang_Foundation/20250926_mem-mito/fish2_48hpf_roi1,aang,fish2_48hpf_roi1,fish2_48hpf_roi1,,
aang,/clusterfs/vast/abcabc/Aang_Foundation/20251007_mem_histone/fish2_48hpf_roi1,aang,fish2_48hpf_roi1,fish2_48hpf_roi1,,
aang,/clusterfs/vast/abcabc/Aang_Foundation/20251015_mem-histone/fish2_48hpf_roi1,aang,fish2_48hpf_roi1,fish2_48hpf_roi1,,
aang,/clusterfs/vast/abcabc/Aang_Foundation/20251106_mem-mito/fish2_48hpf_roi1,aang,fish2_48hpf_roi1,fish2_48hpf_roi1,,
aang,/clusterfs/vast/abcabc/Aang_Foundation/20250722_mrna_mito-mSG_mem-mChilada/fish2_48hpf_roi2,aang,fish2_48hpf_roi2,fish2_48hpf_roi2,,
aang,/clusterfs/vast/abcabc/Aang_Foundation/20250911_mem-mito/fish2_48hpf_roi2,aang,fish2_48hpf_roi2,fish2_48hpf_roi2,,
aang,/clusterfs/vast/abcabc/Aang_Foundation/20250917_mem-mito/fish2_48hpf_roi2,aang,fish2_48hpf_roi2,fish2_48hpf_roi2,,
aang,/clusterfs/vast/abcabc/Aang_Foundation/20250926_mem-mito/fish2_48hpf_roi2,aang,fish2_48hpf_roi2,fish2_48hpf_roi2,,
aang,/clusterfs/vast/abcabc/Aang_Foundation/20251007_mem_histone/fish2_48hpf_roi2,aang,fish2_48hpf_roi2,fish2_48hpf_roi2,,
aang,/clusterfs/vast/abcabc/Aang_Foundation/20251106_mem-mito/fish2_48hpf_roi2,aang,fish2_48hpf_roi2,fish2_48hpf_roi2,,
aang,/clusterfs/vast/abcabc/Aang_Foundation/20251007_mem_histone/fish2_48hpf_roi2_test,aang,fish2_48hpf_roi2_test,fish2_48hpf_roi2_test,,
aang,/clusterfs/vast/abcabc/Aang_Foundation/20250722_mrna_mito-mSG_mem-mChilada/fish2_48hpf_roi3,aang,fish2_48hpf_roi3,fish2_48hpf_roi3,,
aang,/clusterfs/vast/abcabc/Aang_Foundation/20250911_mem-mito/fish2_48hpf_roi3,aang,fish2_48hpf_roi3,fish2_48hpf_roi3,,
aang,/clusterfs/vast/abcabc/Aang_Foundation/20250926_mem-mito/fish2_48hpf_roi3,aang,fish2_48hpf_roi3,fish2_48hpf_roi3,,
aang,/clusterfs/vast/abcabc/Aang_Foundation/20251007_mem_histone/fish2_48hpf_roi3,aang,fish2_48hpf_roi3,fish2_48hpf_roi3,,
aang,/clusterfs/vast/abcabc/Aang_Foundation/20251106_mem-mito/fish2_48hpf_roi3,aang,fish2_48hpf_roi3,fish2_48hpf_roi3,,
aang,/clusterfs/vast/abcabc/Aang_Foundation/20250722_mrna_mito-mSG_mem-mChilada/fish2_48hpf_roi4,aang,fish2_48hpf_roi4,fish2_48hpf_roi4,,
aang,/clusterfs/vast/abcabc/Aang_Foundation/20250926_mem-mito/fish2_48hpf_roi4,aang,fish2_48hpf_roi4,fish2_48hpf_roi4,,
aang,/clusterfs/vast/abcabc/Aang_Foundation/20251007_mem_histone/fish2_48hpf_roi4,aang,fish2_48hpf_roi4,fish2_48hpf_roi4,,
aang,/clusterfs/vast/abcabc/Aang_Foundation/20251106_mem-mito/fish2_48hpf_roi4,aang,fish2_48hpf_roi4,fish2_48hpf_roi4,,
aang,/clusterfs/vast/abcabc/Aang_Foundation/20250722_mrna_mito-mSG_mem-mChilada/fish2_48hpf_roi5,aang,fish2_48hpf_roi5,fish2_48hpf_roi5,,
aang,/clusterfs/vast/abcabc/Aang_Foundation/20251007_mem_histone/fish2_48hpf_roi5,aang,fish2_48hpf_roi5,fish2_48hpf_roi5,,
aang,/clusterfs/vast/abcabc/Aang_Foundation/20250905_lifeact-mSG/fish2_72hpf_roi1,aang,fish2_72hpf_roi1,fish2_72hpf_roi1,,
aang,/clusterfs/vast/abcabc/Aang_Foundation/20250908_mem-mito/fish2_72hpf_roi1,aang,fish2_72hpf_roi1,fish2_72hpf_roi1,,
aang,/clusterfs/vast/abcabc/Aang_Foundation/20250912_mem-mito/fish2_72hpf_roi1,aang,fish2_72hpf_roi1,fish2_72hpf_roi1,,
aang,/clusterfs/vast/abcabc/Aang_Foundation/20250915_mem-mito/fish2_72hpf_roi1,aang,fish2_72hpf_roi1,fish2_72hpf_roi1,,
aang,/clusterfs/vast/abcabc/Aang_Foundation/20250918_mem-mito/fish2_72hpf_roi1,aang,fish2_72hpf_roi1,fish2_72hpf_roi1,,
aang,/clusterfs/vast/abcabc/Aang_Foundation/20250922_mem-mito/fish2_72hpf_roi1,aang,fish2_72hpf_roi1,fish2_72hpf_roi1,,
aang,/clusterfs/vast/abcabc/Aang_Foundation/20251020_mem-histone/fish2_72hpf_roi1,aang,fish2_72hpf_roi1,fish2_72hpf_roi1,,
aang,/clusterfs/vast/abcabc/Aang_Foundation/20250905_lifeact-mSG/fish2_72hpf_roi2,aang,fish2_72hpf_roi2,fish2_72hpf_roi2,,
aang,/clusterfs/vast/abcabc/Aang_Foundation/20250908_mem-mito/fish2_72hpf_roi2,aang,fish2_72hpf_roi2,fish2_72hpf_roi2,,
aang,/clusterfs/vast/abcabc/Aang_Foundation/20250912_mem-mito/fish2_72hpf_roi2,aang,fish2_72hpf_roi2,fish2_72hpf_roi2,,
aang,/clusterfs/vast/abcabc/Aang_Foundation/20250915_mem-mito/fish2_72hpf_roi2,aang,fish2_72hpf_roi2,fish2_72hpf_roi2,,
aang,/clusterfs/vast/abcabc/Aang_Foundation/20250918_mem-mito/fish2_72hpf_roi2,aang,fish2_72hpf_roi2,fish2_72hpf_roi2,,
aang,/clusterfs/vast/abcabc/Aang_Foundation/20250922_mem-mito/fish2_72hpf_roi2,aang,fish2_72hpf_roi2,fish2_72hpf_roi2,,
aang,/clusterfs/vast/abcabc/Aang_Foundation/20251020_mem-histone/fish2_72hpf_roi2,aang,fish2_72hpf_roi2,fish2_72hpf_roi2,,
aang,/clusterfs/vast/abcabc/Aang_Foundation/20250905_lifeact-mSG/fish2_72hpf_roi3,aang,fish2_72hpf_roi3,fish2_72hpf_roi3,,
aang,/clusterfs/vast/abcabc/Aang_Foundation/20250908_mem-mito/fish2_72hpf_roi3,aang,fish2_72hpf_roi3,fish2_72hpf_roi3,,
aang,/clusterfs/vast/abcabc/Aang_Foundation/20250912_mem-mito/fish2_72hpf_roi3,aang,fish2_72hpf_roi3,fish2_72hpf_roi3,,
aang,/clusterfs/vast/abcabc/Aang_Foundation/20250915_mem-mito/fish2_72hpf_roi3,aang,fish2_72hpf_roi3,fish2_72hpf_roi3,,
aang,/clusterfs/vast/abcabc/Aang_Foundation/20250918_mem-mito/fish2_72hpf_roi3,aang,fish2_72hpf_roi3,fish2_72hpf_roi3,,
aang,/clusterfs/vast/abcabc/Aang_Foundation/20250922_mem-mito/fish2_72hpf_roi3,aang,fish2_72hpf_roi3,fish2_72hpf_roi3,,
aang,/clusterfs/vast/abcabc/Aang_Foundation/20250905_lifeact-mSG/fish2_72hpf_roi4,aang,fish2_72hpf_roi4,fish2_72hpf_roi4,,
aang,/clusterfs/vast/abcabc/Aang_Foundation/20250908_mem-mito/fish2_72hpf_roi4,aang,fish2_72hpf_roi4,fish2_72hpf_roi4,,
aang,/clusterfs/vast/abcabc/Aang_Foundation/20250912_mem-mito/fish2_72hpf_roi4,aang,fish2_72hpf_roi4,fish2_72hpf_roi4,,
aang,/clusterfs/vast/abcabc/Aang_Foundation/20250918_mem-mito/fish2_72hpf_roi4,aang,fish2_72hpf_roi4,fish2_72hpf_roi4,,
aang,/clusterfs/vast/abcabc/Aang_Foundation/20250922_mem-mito/fish2_72hpf_roi4,aang,fish2_72hpf_roi4,fish2_72hpf_roi4,,
aang,/clusterfs/vast/abcabc/Aang_Foundation/20250908_mem-mito/fish2_72hpf_roi5,aang,fish2_72hpf_roi5,fish2_72hpf_roi5,,
aang,/clusterfs/vast/abcabc/Aang_Foundation/20251027_mem-histone/fish3_120hpf_roi1,aang,fish3_120hpf_roi1,fish3_120hpf_roi1,,
aang,/clusterfs/vast/abcabc/Aang_Foundation/20251027_mem-histone/fish3_120hpf_roi2,aang,fish3_120hpf_roi2,fish3_120hpf_roi2,,
aang,/clusterfs/vast/abcabc/Aang_Foundation/20251027_mem-histone/fish3_120hpf_roi3,aang,fish3_120hpf_roi3,fish3_120hpf_roi3,,
aang,/clusterfs/vast/abcabc/Aang_Foundation/20251027_mem-histone/fish3_120hpf_roi4,aang,fish3_120hpf_roi4,fish3_120hpf_roi4,,
aang,/clusterfs/vast/abcabc/Aang_Foundation/20251027_mem-histone/fish3_120hpf_roi5,aang,fish3_120hpf_roi5,fish3_120hpf_roi5,,
aang,/clusterfs/vast/abcabc/Aang_Foundation/20251027_mem-histone/fish3_120hpf_roi6,aang,fish3_120hpf_roi6,fish3_120hpf_roi6,,
aang,/clusterfs/vast/abcabc/Aang_Foundation/20251027_mem-histone/fish3_120hpf_roi7,aang,fish3_120hpf_roi7,fish3_120hpf_roi7,,
aang,/clusterfs/vast/abcabc/Aang_Foundation/20250808_mem_organelle/fish3_24hpf_mem-mchilada_mito-mSG/roi1,aang,fish3_24hpf_mem-mchilada_mito-mSG,roi1,,
aang,/clusterfs/vast/abcabc/Aang_Foundation/20250808_mem_organelle/fish3_24hpf_mem-mchilada_mito-mSG/roi2,aang,fish3_24hpf_mem-mchilada_mito-mSG,roi2,,
aang,/clusterfs/vast/abcabc/Aang_Foundation/20250808_mem_organelle/fish3_24hpf_mem-mchilada_mito-mSG/roi3,aang,fish3_24hpf_mem-mchilada_mito-mSG,roi3,,
aang,/clusterfs/vast/abcabc/Aang_Foundation/20250808_mem_organelle/fish3_24hpf_mem-mchilada_mito-mSG/roi4,aang,fish3_24hpf_mem-mchilada_mito-mSG,roi4,,
aang,/clusterfs/vast/abcabc/Aang_Foundation/20250805_mito_mem-halo/fish3_24hpf_roi1,aang,fish3_24hpf_roi1,fish3_24hpf_roi1,,
aang,/clusterfs/vast/abcabc/Aang_Foundation/20250819_mem_mito/fish3_24hpf_roi1,aang,fish3_24hpf_roi1,fish3_24hpf_roi1,,
aang,/clusterfs/vast/abcabc/Aang_Foundation/20250821_mem_mito/fish3_24hpf_roi1,aang,fish3_24hpf_roi1,fish3_24hpf_roi1,,
aang,/clusterfs/vast/abcabc/Aang_Foundation/20250826_mem_actin/fish3_24hpf_roi1,aang,fish3_24hpf_roi1,fish3_24hpf_roi1,,
aang,/clusterfs/vast/abcabc/Aang_Foundation/20250924_mem-mito/fish3_24hpf_roi1,aang,fish3_24hpf_roi1,fish3_24hpf_roi1,,
aang,/clusterfs/vast/abcabc/Aang_Foundation/20251002_mem_mito/fish3_24hpf_roi1,aang,fish3_24hpf_roi1,fish3_24hpf_roi1,,
aang,/clusterfs/vast/abcabc/Aang_Foundation/20251006_mem_histone/fish3_24hpf_roi1,aang,fish3_24hpf_roi1,fish3_24hpf_roi1,,
aang,/clusterfs/vast/abcabc/Aang_Foundation/20251010_mem-mito/fish3_24hpf_roi1,aang,fish3_24hpf_roi1,fish3_24hpf_roi1,,
aang,/clusterfs/vast/abcabc/Aang_Foundation/20251021_mem-mito/fish3_24hpf_roi1,aang,fish3_24hpf_roi1,fish3_24hpf_roi1,,
aang,/clusterfs/vast/abcabc/Aang_Foundation/20251023_mem-mito/fish3_24hpf_roi1,aang,fish3_24hpf_roi1,fish3_24hpf_roi1,,
aang,/clusterfs/vast/abcabc/Aang_Foundation/20251105_mem-mito/fish3_24hpf_roi1,aang,fish3_24hpf_roi1,fish3_24hpf_roi1,,
aang,/clusterfs/vast/abcabc/Aang_Foundation/20251107_mem-mito/fish3_24hpf_roi1,aang,fish3_24hpf_roi1,fish3_24hpf_roi1,,
aang,/clusterfs/vast/abcabc/Aang_Foundation/20250924_mem-mito/fish3_24hpf_roi1_test,aang,fish3_24hpf_roi1_test,fish3_24hpf_roi1_test,,
aang,/clusterfs/vast/abcabc/Aang_Foundation/20250805_mito_mem-halo/fish3_24hpf_roi2,aang,fish3_24hpf_roi2,fish3_24hpf_roi2,,
aang,/clusterfs/vast/abcabc/Aang_Foundation/20250821_mem_mito/fish3_24hpf_roi2,aang,fish3_24hpf_roi2,fish3_24hpf_roi2,,
aang,/clusterfs/vast/abcabc/Aang_Foundation/20250826_mem_actin/fish3_24hpf_roi2,aang,fish3_24hpf_roi2,fish3_24hpf_roi2,,
aang,/clusterfs/vast/abcabc/Aang_Foundation/20251002_mem_mito/fish3_24hpf_roi2,aang,fish3_24hpf_roi2,fish3_24hpf_roi2,,
aang,/clusterfs/vast/abcabc/Aang_Foundation/20251006_mem_histone/fish3_24hpf_roi2,aang,fish3_24hpf_roi2,fish3_24hpf_roi2,,
aang,/clusterfs/vast/abcabc/Aang_Foundation/20251010_mem-mito/fish3_24hpf_roi2,aang,fish3_24hpf_roi2,fish3_24hpf_roi2,,
aang,/clusterfs/vast/abcabc/Aang_Foundation/20251021_mem-mito/fish3_24hpf_roi2,aang,fish3_24hpf_roi2,fish3_24hpf_roi2,,
aang,/clusterfs/vast/abcabc/Aang_Foundation/20251105_mem-mito/fish3_24hpf_roi2,aang,fish3_24hpf_roi2,fish3_24hpf_roi2,,
aang,/clusterfs/vast/abcabc/Aang_Foundation/20251107_mem-mito/fish3_24hpf_roi2,aang,fish3_24hpf_roi2,fish3_24hpf_roi2,,
aang,/clusterfs/vast/abcabc/Aang_Foundation/20250924_mem-mito/fish3_24hpf_roi3,aang,fish3_24hpf_roi3,fish3_24hpf_roi3,,
aang,/clusterfs/vast/abcabc/Aang_Foundation/20250924_mem-mito/fish3_24hpf_roi4,aang,fish3_24hpf_roi4,fish3_24hpf_roi4,,
aang,/clusterfs/vast/abcabc/Aang_Foundation/20250924_mem-mito/fish3_24hpf_roi5,aang,fish3_24hpf_roi5,fish3_24hpf_roi5,,
aang,/clusterfs/vast/abcabc/Aang_Foundation/20250924_mem-mito/fish3_24hpf_roi6,aang,fish3_24hpf_roi6,fish3_24hpf_roi6,,
aang,/clusterfs/vast/abcabc/Aang_Foundation/20250924_mem-mito/fish3_24hpf_roi7,aang,fish3_24hpf_roi7,fish3_24hpf_roi7,,
aang,/clusterfs/vast/abcabc/Aang_Foundation/20250722_mrna_mito-mSG_mem-mChilada/fish3_48hpf_roi1,aang,fish3_48hpf_roi1,fish3_48hpf_roi1,,
aang,/clusterfs/vast/abcabc/Aang_Foundation/20250827_mem_actin/fish3_48hpf_roi1,aang,fish3_48hpf_roi1,fish3_48hpf_roi1,,
aang,/clusterfs/vast/abcabc/Aang_Foundation/20250917_mem-mito/fish3_48hpf_roi1,aang,fish3_48hpf_roi1,fish3_48hpf_roi1,,
aang,/clusterfs/vast/abcabc/Aang_Foundation/20250925_mem-mito/fish3_48hpf_roi1,aang,fish3_48hpf_roi1,fish3_48hpf_roi1,,
aang,/clusterfs/vast/abcabc/Aang_Foundation/20250926_mem-mito/fish3_48hpf_roi1,aang,fish3_48hpf_roi1,fish3_48hpf_roi1,,
aang,/clusterfs/vast/abcabc/Aang_Foundation/20251007_mem_histone/fish3_48hpf_roi1,aang,fish3_48hpf_roi1,fish3_48hpf_roi1,,
aang,/clusterfs/vast/abcabc/Aang_Foundation/20251009_mem-mito/fish3_48hpf_roi1,aang,fish3_48hpf_roi1,fish3_48hpf_roi1,,
aang,/clusterfs/vast/abcabc/Aang_Foundation/20251015_mem-histone/fish3_48hpf_roi1,aang,fish3_48hpf_roi1,fish3_48hpf_roi1,,
aang,/clusterfs/vast/abcabc/Aang_Foundation/20251022_mem-mito/fish3_48hpf_roi1,aang,fish3_48hpf_roi1,fish3_48hpf_roi1,,
aang,/clusterfs/vast/abcabc/Aang_Foundation/20251106_mem-mito/fish3_48hpf_roi1,aang,fish3_48hpf_roi1,fish3_48hpf_roi1,,
aang,/clusterfs/vast/abcabc/Aang_Foundation/20250722_mrna_mito-mSG_mem-mChilada/fish3_48hpf_roi2,aang,fish3_48hpf_roi2,fish3_48hpf_roi2,,
aang,/clusterfs/vast/abcabc/Aang_Foundation/20250827_mem_actin/fish3_48hpf_roi2,aang,fish3_48hpf_roi2,fish3_48hpf_roi2,,
aang,/clusterfs/vast/abcabc/Aang_Foundation/20250917_mem-mito/fish3_48hpf_roi2,aang,fish3_48hpf_roi2,fish3_48hpf_roi2,,
aang,/clusterfs/vast/abcabc/Aang_Foundation/20250925_mem-mito/fish3_48hpf_roi2,aang,fish3_48hpf_roi2,fish3_48hpf_roi2,,
aang,/clusterfs/vast/abcabc/Aang_Foundation/20250926_mem-mito/fish3_48hpf_roi2,aang,fish3_48hpf_roi2,fish3_48hpf_roi2,,
aang,/clusterfs/vast/abcabc/Aang_Foundation/20251009_mem-mito/fish3_48hpf_roi2,aang,fish3_48hpf_roi2,fish3_48hpf_roi2,,
aang,/clusterfs/vast/abcabc/Aang_Foundation/20251015_mem-histone/fish3_48hpf_roi2,aang,fish3_48hpf_roi2,fish3_48hpf_roi2,,
aang,/clusterfs/vast/abcabc/Aang_Foundation/20251022_mem-mito/fish3_48hpf_roi2,aang,fish3_48hpf_roi2,fish3_48hpf_roi2,,
aang,/clusterfs/vast/abcabc/Aang_Foundation/20251106_mem-mito/fish3_48hpf_roi2,aang,fish3_48hpf_roi2,fish3_48hpf_roi2,,
aang,/clusterfs/vast/abcabc/Aang_Foundation/20250722_mrna_mito-mSG_mem-mChilada/fish3_48hpf_roi3,aang,fish3_48hpf_roi3,fish3_48hpf_roi3,,
aang,/clusterfs/vast/abcabc/Aang_Foundation/20250917_mem-mito/fish3_48hpf_roi3,aang,fish3_48hpf_roi3,fish3_48hpf_roi3,,
aang,/clusterfs/vast/abcabc/Aang_Foundation/20250925_mem-mito/fish3_48hpf_roi3,aang,fish3_48hpf_roi3,fish3_48hpf_roi3,,
aang,/clusterfs/vast/abcabc/Aang_Foundation/20250926_mem-mito/fish3_48hpf_roi3,aang,fish3_48hpf_roi3,fish3_48hpf_roi3,,
aang,/clusterfs/vast/abcabc/Aang_Foundation/20251009_mem-mito/fish3_48hpf_roi3,aang,fish3_48hpf_roi3,fish3_48hpf_roi3,,
aang,/clusterfs/vast/abcabc/Aang_Foundation/20251106_mem-mito/fish3_48hpf_roi3,aang,fish3_48hpf_roi3,fish3_48hpf_roi3,,
aang,/clusterfs/vast/abcabc/Aang_Foundation/20250722_mrna_mito-mSG_mem-mChilada/fish3_48hpf_roi4,aang,fish3_48hpf_roi4,fish3_48hpf_roi4,,
aang,/clusterfs/vast/abcabc/Aang_Foundation/20250917_mem-mito/fish3_48hpf_roi4,aang,fish3_48hpf_roi4,fish3_48hpf_roi4,,
aang,/clusterfs/vast/abcabc/Aang_Foundation/20250925_mem-mito/fish3_48hpf_roi4,aang,fish3_48hpf_roi4,fish3_48hpf_roi4,,
aang,/clusterfs/vast/abcabc/Aang_Foundation/20250926_mem-mito/fish3_48hpf_roi4,aang,fish3_48hpf_roi4,fish3_48hpf_roi4,,
aang,/clusterfs/vast/abcabc/Aang_Foundation/20251009_mem-mito/fish3_48hpf_roi4,aang,fish3_48hpf_roi4,fish3_48hpf_roi4,,
aang,/clusterfs/vast/abcabc/Aang_Foundation/20250912_mem-mito/fish3_72hpf_roi1,aang,fish3_72hpf_roi1,fish3_72hpf_roi1,,
aang,/clusterfs/vast/abcabc/Aang_Foundation/20250915_mem-mito/fish3_72hpf_roi1,aang,fish3_72hpf_roi1,fish3_72hpf_roi1,,
aang,/clusterfs/vast/abcabc/Aang_Foundation/20250918_mem-mito/fish3_72hpf_roi1,aang,fish3_72hpf_roi1,fish3_72hpf_roi1,,
aang,/clusterfs/vast/abcabc/Aang_Foundation/20251020_mem-histone/fish3_72hpf_roi1,aang,fish3_72hpf_roi1,fish3_72hpf_roi1,,
aang,/clusterfs/vast/abcabc/Aang_Foundation/20250912_mem-mito/fish3_72hpf_roi10,aang,fish3_72hpf_roi10,fish3_72hpf_roi10,,
aang,/clusterfs/vast/abcabc/Aang_Foundation/20250918_mem-mito/fish3_72hpf_roi10,aang,fish3_72hpf_roi10,fish3_72hpf_roi10,,
aang,/clusterfs/vast/abcabc/Aang_Foundation/20250912_mem-mito/fish3_72hpf_roi11,aang,fish3_72hpf_roi11,fish3_72hpf_roi11,,
aang,/clusterfs/vast/abcabc/Aang_Foundation/20250918_mem-mito/fish3_72hpf_roi11,aang,fish3_72hpf_roi11,fish3_72hpf_roi11,,
aang,/clusterfs/vast/abcabc/Aang_Foundation/20250912_mem-mito/fish3_72hpf_roi12,aang,fish3_72hpf_roi12,fish3_72hpf_roi12,,
aang,/clusterfs/vast/abcabc/Aang_Foundation/20250912_mem-mito/fish3_72hpf_roi2,aang,fish3_72hpf_roi2,fish3_72hpf_roi2,,
aang,/clusterfs/vast/abcabc/Aang_Foundation/20250915_mem-mito/fish3_72hpf_roi2,aang,fish3_72hpf_roi2,fish3_72hpf_roi2,,
aang,/clusterfs/vast/abcabc/Aang_Foundation/20250918_mem-mito/fish3_72hpf_roi2,aang,fish3_72hpf_roi2,fish3_72hpf_roi2,,
aang,/clusterfs/vast/abcabc/Aang_Foundation/20251020_mem-histone/fish3_72hpf_roi2,aang,fish3_72hpf_roi2,fish3_72hpf_roi2,,
aang,/clusterfs/vast/abcabc/Aang_Foundation/20250912_mem-mito/fish3_72hpf_roi3,aang,fish3_72hpf_roi3,fish3_72hpf_roi3,,
aang,/clusterfs/vast/abcabc/Aang_Foundation/20250915_mem-mito/fish3_72hpf_roi3,aang,fish3_72hpf_roi3,fish3_72hpf_roi3,,
aang,/clusterfs/vast/abcabc/Aang_Foundation/20250918_mem-mito/fish3_72hpf_roi3,aang,fish3_72hpf_roi3,fish3_72hpf_roi3,,
aang,/clusterfs/vast/abcabc/Aang_Foundation/20251020_mem-histone/fish3_72hpf_roi3,aang,fish3_72hpf_roi3,fish3_72hpf_roi3,,
aang,/clusterfs/vast/abcabc/Aang_Foundation/20250912_mem-mito/fish3_72hpf_roi4,aang,fish3_72hpf_roi4,fish3_72hpf_roi4,,
aang,/clusterfs/vast/abcabc/Aang_Foundation/20250915_mem-mito/fish3_72hpf_roi4,aang,fish3_72hpf_roi4,fish3_72hpf_roi4,,
aang,/clusterfs/vast/abcabc/Aang_Foundation/20250918_mem-mito/fish3_72hpf_roi4,aang,fish3_72hpf_roi4,fish3_72hpf_roi4,,
aang,/clusterfs/vast/abcabc/Aang_Foundation/20250912_mem-mito/fish3_72hpf_roi5,aang,fish3_72hpf_roi5,fish3_72hpf_roi5,,
aang,/clusterfs/vast/abcabc/Aang_Foundation/20250915_mem-mito/fish3_72hpf_roi5,aang,fish3_72hpf_roi5,fish3_72hpf_roi5,,
aang,/clusterfs/vast/abcabc/Aang_Foundation/20250918_mem-mito/fish3_72hpf_roi5,aang,fish3_72hpf_roi5,fish3_72hpf_roi5,,
aang,/clusterfs/vast/abcabc/Aang_Foundation/20250912_mem-mito/fish3_72hpf_roi6,aang,fish3_72hpf_roi6,fish3_72hpf_roi6,,
aang,/clusterfs/vast/abcabc/Aang_Foundation/20250915_mem-mito/fish3_72hpf_roi6,aang,fish3_72hpf_roi6,fish3_72hpf_roi6,,
aang,/clusterfs/vast/abcabc/Aang_Foundation/20250918_mem-mito/fish3_72hpf_roi6,aang,fish3_72hpf_roi6,fish3_72hpf_roi6,,
aang,/clusterfs/vast/abcabc/Aang_Foundation/20250912_mem-mito/fish3_72hpf_roi7,aang,fish3_72hpf_roi7,fish3_72hpf_roi7,,
aang,/clusterfs/vast/abcabc/Aang_Foundation/20250915_mem-mito/fish3_72hpf_roi7,aang,fish3_72hpf_roi7,fish3_72hpf_roi7,,
aang,/clusterfs/vast/abcabc/Aang_Foundation/20250918_mem-mito/fish3_72hpf_roi7,aang,fish3_72hpf_roi7,fish3_72hpf_roi7,,
aang,/clusterfs/vast/abcabc/Aang_Foundation/20250912_mem-mito/fish3_72hpf_roi8,aang,fish3_72hpf_roi8,fish3_72hpf_roi8,,
aang,/clusterfs/vast/abcabc/Aang_Foundation/20250918_mem-mito/fish3_72hpf_roi8,aang,fish3_72hpf_roi8,fish3_72hpf_roi8,,
aang,/clusterfs/vast/abcabc/Aang_Foundation/20250912_mem-mito/fish3_72hpf_roi9,aang,fish3_72hpf_roi9,fish3_72hpf_roi9,,
aang,/clusterfs/vast/abcabc/Aang_Foundation/20250918_mem-mito/fish3_72hpf_roi9,aang,fish3_72hpf_roi9,fish3_72hpf_roi9,,
aang,/clusterfs/vast/abcabc/Aang_Foundation/20251013_mem-histone/fish3_96hpf_roi1,aang,fish3_96hpf_roi1,fish3_96hpf_roi1,,
aang,/clusterfs/vast/abcabc/Aang_Foundation/20251013_mem-histone/fish3_96hpf_roi2,aang,fish3_96hpf_roi2,fish3_96hpf_roi2,,
aang,/clusterfs/vast/abcabc/Aang_Foundation/20251013_mem-histone/fish3_96hpf_roi3,aang,fish3_96hpf_roi3,fish3_96hpf_roi3,,
aang,/clusterfs/vast/abcabc/Aang_Foundation/20251013_mem-histone/fish3_96hpf_roi4,aang,fish3_96hpf_roi4,fish3_96hpf_roi4,,
aang,/clusterfs/vast/abcabc/Aang_Foundation/20250808_mem_organelle/fish4_24hpf_mem-mchilada_mito-mSG/roi1,aang,fish4_24hpf_mem-mchilada_mito-mSG,roi1,,
aang,/clusterfs/vast/abcabc/Aang_Foundation/20250808_mem_organelle/fish4_24hpf_mem-mchilada_mito-mSG/roi2,aang,fish4_24hpf_mem-mchilada_mito-mSG,roi2,,
aang,/clusterfs/vast/abcabc/Aang_Foundation/20250808_mem_organelle/fish4_24hpf_mem-mchilada_mito-mSG/roi3,aang,fish4_24hpf_mem-mchilada_mito-mSG,roi3,,
aang,/clusterfs/vast/abcabc/Aang_Foundation/20250808_mem_organelle/fish4_24hpf_mem-mchilada_mito-mSG/roi4,aang,fish4_24hpf_mem-mchilada_mito-mSG,roi4,,
aang,/clusterfs/vast/abcabc/Aang_Foundation/20250808_mem_organelle/fish4_24hpf_mem-mchilada_mito-mSG/roi5,aang,fish4_24hpf_mem-mchilada_mito-mSG,roi5,,
aang,/clusterfs/vast/abcabc/Aang_Foundation/20250808_mem_organelle/fish4_24hpf_mem-mchilada_mito-mSG/roi6,aang,fish4_24hpf_mem-mchilada_mito-mSG,roi6,,
aang,/clusterfs/vast/abcabc/Aang_Foundation/20250808_mem_organelle/fish4_24hpf_mem-mchilada_mito-mSG/roi7,aang,fish4_24hpf_mem-mchilada_mito-mSG,roi7,,
aang,/clusterfs/vast/abcabc/Aang_Foundation/20250808_mem_organelle/fish4_24hpf_mem-mchilada_mito-mSG/roi8,aang,fish4_24hpf_mem-mchilada_mito-mSG,roi8,,
aang,/clusterfs/vast/abcabc/Aang_Foundation/20250808_mem_organelle/fish4_24hpf_mem-mchilada_mito-mSG/roi9,aang,fish4_24hpf_mem-mchilada_mito-mSG,roi9,,
aang,/clusterfs/vast/abcabc/Aang_Foundation/20250821_mem_mito/fish4_24hpf_roi1,aang,fish4_24hpf_roi1,fish4_24hpf_roi1,,
aang,/clusterfs/vast/abcabc/Aang_Foundation/20250828_mem_actin/fish4_24hpf_roi1,aang,fish4_24hpf_roi1,fish4_24hpf_roi1,,
aang,/clusterfs/vast/abcabc/Aang_Foundation/20250908_mem-mito/fish4_24hpf_roi1,aang,fish4_24hpf_roi1,fish4_24hpf_roi1,,
aang,/clusterfs/vast/abcabc/Aang_Foundation/20250919_mem-mito/fish4_24hpf_roi1,aang,fish4_24hpf_roi1,fish4_24hpf_roi1,,
aang,/clusterfs/vast/abcabc/Aang_Foundation/20250924_mem-mito/fish4_24hpf_roi1,aang,fish4_24hpf_roi1,fish4_24hpf_roi1,,
aang,/clusterfs/vast/abcabc/Aang_Foundation/20251001_mem-histone/fish4_24hpf_roi1,aang,fish4_24hpf_roi1,fish4_24hpf_roi1,,
aang,/clusterfs/vast/abcabc/Aang_Foundation/20251006_mem_histone/fish4_24hpf_roi1,aang,fish4_24hpf_roi1,fish4_24hpf_roi1,,
aang,/clusterfs/vast/abcabc/Aang_Foundation/20251010_mem-mito/fish4_24hpf_roi1,aang,fish4_24hpf_roi1,fish4_24hpf_roi1,,
aang,/clusterfs/vast/abcabc/Aang_Foundation/20251021_mem-mito/fish4_24hpf_roi1,aang,fish4_24hpf_roi1,fish4_24hpf_roi1,,
aang,/clusterfs/vast/abcabc/Aang_Foundation/20251021_mem-mito_v2/fish4_24hpf_roi1,aang,fish4_24hpf_roi1,fish4_24hpf_roi1,,
aang,/clusterfs/vast/abcabc/Aang_Foundation/20251028_mem-peroxi/fish4_24hpf_roi1,aang,fish4_24hpf_roi1,fish4_24hpf_roi1,,
aang,/clusterfs/vast/abcabc/Aang_Foundation/20251028_mem-peroxi2/fish4_24hpf_roi1,aang,fish4_24hpf_roi1,fish4_24hpf_roi1,,
aang,/clusterfs/vast/abcabc/Aang_Foundation/20251105_mem-mito/fish4_24hpf_roi1,aang,fish4_24hpf_roi1,fish4_24hpf_roi1,,
aang,/clusterfs/vast/abcabc/Aang_Foundation/20251107_mem-mito/fish4_24hpf_roi1,aang,fish4_24hpf_roi1,fish4_24hpf_roi1,,
aang,/clusterfs/vast/abcabc/Aang_Foundation/20250821_mem_mito/fish4_24hpf_roi2,aang,fish4_24hpf_roi2,fish4_24hpf_roi2,,
aang,/clusterfs/vast/abcabc/Aang_Foundation/20250828_mem_actin/fish4_24hpf_roi2,aang,fish4_24hpf_roi2,fish4_24hpf_roi2,,
aang,/clusterfs/vast/abcabc/Aang_Foundation/20250908_mem-mito/fish4_24hpf_roi2,aang,fish4_24hpf_roi2,fish4_24hpf_roi2,,
aang,/clusterfs/vast/abcabc/Aang_Foundation/20250919_mem-mito/fish4_24hpf_roi2,aang,fish4_24hpf_roi2,fish4_24hpf_roi2,,
aang,/clusterfs/vast/abcabc/Aang_Foundation/20250924_mem-mito/fish4_24hpf_roi2,aang,fish4_24hpf_roi2,fish4_24hpf_roi2,,
aang,/clusterfs/vast/abcabc/Aang_Foundation/20251001_mem-histone/fish4_24hpf_roi2,aang,fish4_24hpf_roi2,fish4_24hpf_roi2,,
aang,/clusterfs/vast/abcabc/Aang_Foundation/20251006_mem_histone/fish4_24hpf_roi2,aang,fish4_24hpf_roi2,fish4_24hpf_roi2,,
aang,/clusterfs/vast/abcabc/Aang_Foundation/20251010_mem-mito/fish4_24hpf_roi2,aang,fish4_24hpf_roi2,fish4_24hpf_roi2,,
aang,/clusterfs/vast/abcabc/Aang_Foundation/20251021_mem-mito_v2/fish4_24hpf_roi2,aang,fish4_24hpf_roi2,fish4_24hpf_roi2,,
aang,/clusterfs/vast/abcabc/Aang_Foundation/20251028_mem-peroxi/fish4_24hpf_roi2,aang,fish4_24hpf_roi2,fish4_24hpf_roi2,,
aang,/clusterfs/vast/abcabc/Aang_Foundation/20251105_mem-mito/fish4_24hpf_roi2,aang,fish4_24hpf_roi2,fish4_24hpf_roi2,,
aang,/clusterfs/vast/abcabc/Aang_Foundation/20251107_mem-mito/fish4_24hpf_roi2,aang,fish4_24hpf_roi2,fish4_24hpf_roi2,,
aang,/clusterfs/vast/abcabc/Aang_Foundation/20250908_mem-mito/fish4_24hpf_roi3,aang,fish4_24hpf_roi3,fish4_24hpf_roi3,,
aang,/clusterfs/vast/abcabc/Aang_Foundation/20250919_mem-mito/fish4_24hpf_roi3,aang,fish4_24hpf_roi3,fish4_24hpf_roi3,,
aang,/clusterfs/vast/abcabc/Aang_Foundation/20250924_mem-mito/fish4_24hpf_roi3,aang,fish4_24hpf_roi3,fish4_24hpf_roi3,,
aang,/clusterfs/vast/abcabc/Aang_Foundation/20251006_mem_histone/fish4_24hpf_roi3,aang,fish4_24hpf_roi3,fish4_24hpf_roi3,,
aang,/clusterfs/vast/abcabc/Aang_Foundation/20251021_mem-mito_v2/fish4_24hpf_roi3,aang,fish4_24hpf_roi3,fish4_24hpf_roi3,,
aang,/clusterfs/vast/abcabc/Aang_Foundation/20251021_mem-mito_v2/fish4_24hpf_roi4,aang,fish4_24hpf_roi4,fish4_24hpf_roi4,,
aang,/clusterfs/vast/abcabc/Aang_Foundation/20250819_mem_mito/fish4_48hpf_roi1,aang,fish4_48hpf_roi1,fish4_48hpf_roi1,,
aang,/clusterfs/vast/abcabc/Aang_Foundation/20250917_mem-mito/fish4_48hpf_roi1,aang,fish4_48hpf_roi1,fish4_48hpf_roi1,,
aang,/clusterfs/vast/abcabc/Aang_Foundation/20251015_mem-histone/fish4_48hpf_roi1,aang,fish4_48hpf_roi1,fish4_48hpf_roi1,,
aang,/clusterfs/vast/abcabc/Aang_Foundation/20251022_mem-mito/fish4_48hpf_roi1,aang,fish4_48hpf_roi1,fish4_48hpf_roi1,,
aang,/clusterfs/vast/abcabc/Aang_Foundation/20251106_mem-mito/fish4_48hpf_roi1,aang,fish4_48hpf_roi1,fish4_48hpf_roi1,,
aang,/clusterfs/vast/abcabc/Aang_Foundation/20250917_mem-mito/fish4_48hpf_roi2,aang,fish4_48hpf_roi2,fish4_48hpf_roi2,,
aang,/clusterfs/vast/abcabc/Aang_Foundation/20251015_mem-histone/fish4_48hpf_roi2,aang,fish4_48hpf_roi2,fish4_48hpf_roi2,,
aang,/clusterfs/vast/abcabc/Aang_Foundation/20251106_mem-mito/fish4_48hpf_roi2,aang,fish4_48hpf_roi2,fish4_48hpf_roi2,,
aang,/clusterfs/vast/abcabc/Aang_Foundation/20250819_mem_mito/fish4_48hpf_roi3,aang,fish4_48hpf_roi3,fish4_48hpf_roi3,,
aang,/clusterfs/vast/abcabc/Aang_Foundation/20250917_mem-mito/fish4_48hpf_roi3,aang,fish4_48hpf_roi3,fish4_48hpf_roi3,,
aang,/clusterfs/vast/abcabc/Aang_Foundation/20251015_mem-histone/fish4_48hpf_roi3,aang,fish4_48hpf_roi3,fish4_48hpf_roi3,,
aang,/clusterfs/vast/abcabc/Aang_Foundation/20251106_mem-mito/fish4_48hpf_roi3,aang,fish4_48hpf_roi3,fish4_48hpf_roi3,,
aang,/clusterfs/vast/abcabc/Aang_Foundation/20250819_mem_mito/fish4_48hpf_roi4,aang,fish4_48hpf_roi4,fish4_48hpf_roi4,,
aang,/clusterfs/vast/abcabc/Aang_Foundation/20250917_mem-mito/fish4_48hpf_roi4,aang,fish4_48hpf_roi4,fish4_48hpf_roi4,,
aang,/clusterfs/vast/abcabc/Aang_Foundation/20251106_mem-mito/fish4_48hpf_roi4,aang,fish4_48hpf_roi4,fish4_48hpf_roi4,,
aang,/clusterfs/vast/abcabc/Aang_Foundation/20250819_mem_mito/fish4_48hpf_roi5,aang,fish4_48hpf_roi5,fish4_48hpf_roi5,,
aang,/clusterfs/vast/abcabc/Aang_Foundation/20250917_mem-mito/fish4_48hpf_roi5,aang,fish4_48hpf_roi5,fish4_48hpf_roi5,,
aang,/clusterfs/vast/abcabc/Aang_Foundation/20250819_mem_mito/fish4_48hpf_roi6,aang,fish4_48hpf_roi6,fish4_48hpf_roi6,,
aang,/clusterfs/vast/abcabc/Aang_Foundation/20250917_mem-mito/fish4_48hpf_roi6,aang,fish4_48hpf_roi6,fish4_48hpf_roi6,,
aang,/clusterfs/vast/abcabc/Aang_Foundation/20250819_mem_mito/fish4_48hpf_roi7,aang,fish4_48hpf_roi7,fish4_48hpf_roi7,,
aang,/clusterfs/vast/abcabc/Aang_Foundation/20250819_mem_mito/fish4_48hpf_roi8,aang,fish4_48hpf_roi8,fish4_48hpf_roi8,,
aang,/clusterfs/vast/abcabc/Aang_Foundation/20250912_mem-mito/fish4_72hpf_roi1,aang,fish4_72hpf_roi1,fish4_72hpf_roi1,,
aang,/clusterfs/vast/abcabc/Aang_Foundation/20250922_mem-mito/fish4_72hpf_roi1,aang,fish4_72hpf_roi1,fish4_72hpf_roi1,,
aang,/clusterfs/vast/abcabc/Aang_Foundation/20250912_mem-mito/fish4_72hpf_roi2,aang,fish4_72hpf_roi2,fish4_72hpf_roi2,,
aang,/clusterfs/vast/abcabc/Aang_Foundation/20250912_mem-mito/fish4_72hpf_roi3,aang,fish4_72hpf_roi3,fish4_72hpf_roi3,,
aang,/clusterfs/vast/abcabc/Aang_Foundation/20250912_mem-mito/fish4_72hpf_roi4,aang,fish4_72hpf_roi4,fish4_72hpf_roi4,,
aang,/clusterfs/vast/abcabc/Aang_Foundation/20250912_mem-mito/fish4_72hpf_roi5,aang,fish4_72hpf_roi5,fish4_72hpf_roi5,,
aang,/clusterfs/vast/abcabc/Aang_Foundation/20250912_mem-mito/fish4_72hpf_roi6,aang,fish4_72hpf_roi6,fish4_72hpf_roi6,,
aang,/clusterfs/vast/abcabc/Aang_Foundation/20250826_mem_actin/fish5_24hpf_roi1,aang,fish5_24hpf_roi1,fish5_24hpf_roi1,,
aang,/clusterfs/vast/abcabc/Aang_Foundation/20250828_mem_actin/fish5_24hpf_roi1,aang,fish5_24hpf_roi1,fish5_24hpf_roi1,,
aang,/clusterfs/vast/abcabc/Aang_Foundation/20250908_mem-mito/fish5_24hpf_roi1,aang,fish5_24hpf_roi1,fish5_24hpf_roi1,,
aang,/clusterfs/vast/abcabc/Aang_Foundation/20250919_mem-mito/fish5_24hpf_roi1,aang,fish5_24hpf_roi1,fish5_24hpf_roi1,,
aang,/clusterfs/vast/abcabc/Aang_Foundation/20251001_mem-histone/fish5_24hpf_roi1,aang,fish5_24hpf_roi1,fish5_24hpf_roi1,,
aang,/clusterfs/vast/abcabc/Aang_Foundation/20251002_mem_mito/fish5_24hpf_roi1,aang,fish5_24hpf_roi1,fish5_24hpf_roi1,,
aang,/clusterfs/vast/abcabc/Aang_Foundation/20251010_mem-mito/fish5_24hpf_roi1,aang,fish5_24hpf_roi1,fish5_24hpf_roi1,,
aang,/clusterfs/vast/abcabc/Aang_Foundation/20251021_mem-mito/fish5_24hpf_roi1,aang,fish5_24hpf_roi1,fish5_24hpf_roi1,,
aang,/clusterfs/vast/abcabc/Aang_Foundation/20251028_mem-peroxi/fish5_24hpf_roi1,aang,fish5_24hpf_roi1,fish5_24hpf_roi1,,
aang,/clusterfs/vast/abcabc/Aang_Foundation/20251028_mem-peroxi2/fish5_24hpf_roi1,aang,fish5_24hpf_roi1,fish5_24hpf_roi1,,
aang,/clusterfs/vast/abcabc/Aang_Foundation/20251105_mem-mito/fish5_24hpf_roi1,aang,fish5_24hpf_roi1,fish5_24hpf_roi1,,
aang,/clusterfs/vast/abcabc/Aang_Foundation/20251107_mem-mito/fish5_24hpf_roi1,aang,fish5_24hpf_roi1,fish5_24hpf_roi1,,
aang,/clusterfs/vast/abcabc/Aang_Foundation/20250826_mem_actin/fish5_24hpf_roi2,aang,fish5_24hpf_roi2,fish5_24hpf_roi2,,
aang,/clusterfs/vast/abcabc/Aang_Foundation/20250828_mem_actin/fish5_24hpf_roi2,aang,fish5_24hpf_roi2,fish5_24hpf_roi2,,
aang,/clusterfs/vast/abcabc/Aang_Foundation/20250908_mem-mito/fish5_24hpf_roi2,aang,fish5_24hpf_roi2,fish5_24hpf_roi2,,
aang,/clusterfs/vast/abcabc/Aang_Foundation/20250919_mem-mito/fish5_24hpf_roi2,aang,fish5_24hpf_roi2,fish5_24hpf_roi2,,
aang,/clusterfs/vast/abcabc/Aang_Foundation/20251001_mem-histone/fish5_24hpf_roi2,aang,fish5_24hpf_roi2,fish5_24hpf_roi2,,
aang,/clusterfs/vast/abcabc/Aang_Foundation/20251002_mem_mito/fish5_24hpf_roi2,aang,fish5_24hpf_roi2,fish5_24hpf_roi2,,
aang,/clusterfs/vast/abcabc/Aang_Foundation/20251010_mem-mito/fish5_24hpf_roi2,aang,fish5_24hpf_roi2,fish5_24hpf_roi2,,
aang,/clusterfs/vast/abcabc/Aang_Foundation/20251028_mem-peroxi/fish5_24hpf_roi2,aang,fish5_24hpf_roi2,fish5_24hpf_roi2,,
aang,/clusterfs/vast/abcabc/Aang_Foundation/20251105_mem-mito/fish5_24hpf_roi2,aang,fish5_24hpf_roi2,fish5_24hpf_roi2,,
aang,/clusterfs/vast/abcabc/Aang_Foundation/20251107_mem-mito/fish5_24hpf_roi2,aang,fish5_24hpf_roi2,fish5_24hpf_roi2,,
aang,/clusterfs/vast/abcabc/Aang_Foundation/20250828_mem_actin/fish5_24hpf_roi3,aang,fish5_24hpf_roi3,fish5_24hpf_roi3,,
aang,/clusterfs/vast/abcabc/Aang_Foundation/20250908_mem-mito/fish5_24hpf_roi3,aang,fish5_24hpf_roi3,fish5_24hpf_roi3,,
aang,/clusterfs/vast/abcabc/Aang_Foundation/20250919_mem-mito/fish5_24hpf_roi3,aang,fish5_24hpf_roi3,fish5_24hpf_roi3,,
aang,/clusterfs/vast/abcabc/Aang_Foundation/20251001_mem-histone/fish5_24hpf_roi3,aang,fish5_24hpf_roi3,fish5_24hpf_roi3,,
aang,/clusterfs/vast/abcabc/Aang_Foundation/20251002_mem_mito/fish5_24hpf_roi3,aang,fish5_24hpf_roi3,fish5_24hpf_roi3,,
aang,/clusterfs/vast/abcabc/Aang_Foundation/20250908_mem-mito/fish5_24hpf_roi4,aang,fish5_24hpf_roi4,fish5_24hpf_roi4,,
aang,/clusterfs/vast/abcabc/Aang_Foundation/20250919_mem-mito/fish5_24hpf_roi4,aang,fish5_24hpf_roi4,fish5_24hpf_roi4,,
aang,/clusterfs/vast/abcabc/Aang_Foundation/20251001_mem-histone/fish5_24hpf_roi4,aang,fish5_24hpf_roi4,fish5_24hpf_roi4,,
aang,/clusterfs/vast/abcabc/Aang_Foundation/20250827_mem_actin/fish5_48hpf_roi1,aang,fish5_48hpf_roi1,fish5_48hpf_roi1,,
aang,/clusterfs/vast/abcabc/Aang_Foundation/20250917_mem-mito/fish5_48hpf_roi1,aang,fish5_48hpf_roi1,fish5_48hpf_roi1,,
aang,/clusterfs/vast/abcabc/Aang_Foundation/20251015_mem-histone/fish5_48hpf_roi1,aang,fish5_48hpf_roi1,fish5_48hpf_roi1,,
aang,/clusterfs/vast/abcabc/Aang_Foundation/20251106_mem-mito/fish5_48hpf_roi1,aang,fish5_48hpf_roi1,fish5_48hpf_roi1,,
aang,/clusterfs/vast/abcabc/Aang_Foundation/20250819_mem_mito/fish5_48hpf_roi11,aang,fish5_48hpf_roi11,fish5_48hpf_roi11,,
aang,/clusterfs/vast/abcabc/Aang_Foundation/20250819_mem_mito/fish5_48hpf_roi12,aang,fish5_48hpf_roi12,fish5_48hpf_roi12,,
aang,/clusterfs/vast/abcabc/Aang_Foundation/20250827_mem_actin/fish5_48hpf_roi2,aang,fish5_48hpf_roi2,fish5_48hpf_roi2,,
aang,/clusterfs/vast/abcabc/Aang_Foundation/20250917_mem-mito/fish5_48hpf_roi2,aang,fish5_48hpf_roi2,fish5_48hpf_roi2,,
aang,/clusterfs/vast/abcabc/Aang_Foundation/20251106_mem-mito/fish5_48hpf_roi2,aang,fish5_48hpf_roi2,fish5_48hpf_roi2,,
aang,/clusterfs/vast/abcabc/Aang_Foundation/20250827_mem_actin/fish5_48hpf_roi3,aang,fish5_48hpf_roi3,fish5_48hpf_roi3,,
aang,/clusterfs/vast/abcabc/Aang_Foundation/20250917_mem-mito/fish5_48hpf_roi3,aang,fish5_48hpf_roi3,fish5_48hpf_roi3,,
aang,/clusterfs/vast/abcabc/Aang_Foundation/20251106_mem-mito/fish5_48hpf_roi3,aang,fish5_48hpf_roi3,fish5_48hpf_roi3,,
aang,/clusterfs/vast/abcabc/Aang_Foundation/20250917_mem-mito/fish5_48hpf_roi4,aang,fish5_48hpf_roi4,fish5_48hpf_roi4,,
aang,/clusterfs/vast/abcabc/Aang_Foundation/20250917_mem-mito/fish5_48hpf_roi5,aang,fish5_48hpf_roi5,fish5_48hpf_roi5,,
aang,/clusterfs/vast/abcabc/Aang_Foundation/20250915_mem-mito/fish5_72hpf_roi1,aang,fish5_72hpf_roi1,fish5_72hpf_roi1,,
aang,/clusterfs/vast/abcabc/Aang_Foundation/20250918_mem-mito/fish5_72hpf_roi1,aang,fish5_72hpf_roi1,fish5_72hpf_roi1,,
aang,/clusterfs/vast/abcabc/Aang_Foundation/20250922_mem-mito/fish5_72hpf_roi1,aang,fish5_72hpf_roi1,fish5_72hpf_roi1,,
aang,/clusterfs/vast/abcabc/Aang_Foundation/20250915_mem-mito/fish5_72hpf_roi2,aang,fish5_72hpf_roi2,fish5_72hpf_roi2,,
aang,/clusterfs/vast/abcabc/Aang_Foundation/20250918_mem-mito/fish5_72hpf_roi2,aang,fish5_72hpf_roi2,fish5_72hpf_roi2,,
aang,/clusterfs/vast/abcabc/Aang_Foundation/20250922_mem-mito/fish5_72hpf_roi2,aang,fish5_72hpf_roi2,fish5_72hpf_roi2,,
aang,/clusterfs/vast/abcabc/Aang_Foundation/20250915_mem-mito/fish5_72hpf_roi3,aang,fish5_72hpf_roi3,fish5_72hpf_roi3,,
aang,/clusterfs/vast/abcabc/Aang_Foundation/20250918_mem-mito/fish5_72hpf_roi3,aang,fish5_72hpf_roi3,fish5_72hpf_roi3,,
aang,/clusterfs/vast/abcabc/Aang_Foundation/20250922_mem-mito/fish5_72hpf_roi3,aang,fish5_72hpf_roi3,fish5_72hpf_roi3,,
aang,/clusterfs/vast/abcabc/Aang_Foundation/20250918_mem-mito/fish5_72hpf_roi4,aang,fish5_72hpf_roi4,fish5_72hpf_roi4,,
aang,/clusterfs/vast/abcabc/Aang_Foundation/20250922_mem-mito/fish5_72hpf_roi4,aang,fish5_72hpf_roi4,fish5_72hpf_roi4,,
aang,/clusterfs/vast/abcabc/Aang_Foundation/20250821_mem_mito/fish6_24hpf_roi1,aang,fish6_24hpf_roi1,fish6_24hpf_roi1,,
aang,/clusterfs/vast/abcabc/Aang_Foundation/20250826_mem_actin/fish6_24hpf_roi1,aang,fish6_24hpf_roi1,fish6_24hpf_roi1,,
aang,/clusterfs/vast/abcabc/Aang_Foundation/20250828_mem_actin/fish6_24hpf_roi1,aang,fish6_24hpf_roi1,fish6_24hpf_roi1,,
aang,/clusterfs/vast/abcabc/Aang_Foundation/20250908_mem-mito/fish6_24hpf_roi1,aang,fish6_24hpf_roi1,fish6_24hpf_roi1,,
aang,/clusterfs/vast/abcabc/Aang_Foundation/20251002_mem_mito/fish6_24hpf_roi1,aang,fish6_24hpf_roi1,fish6_24hpf_roi1,,
aang,/clusterfs/vast/abcabc/Aang_Foundation/20251006_mem_histone/fish6_24hpf_roi1,aang,fish6_24hpf_roi1,fish6_24hpf_roi1,,
aang,/clusterfs/vast/abcabc/Aang_Foundation/20251010_mem-mito/fish6_24hpf_roi1,aang,fish6_24hpf_roi1,fish6_24hpf_roi1,,
aang,/clusterfs/vast/abcabc/Aang_Foundation/20251021_mem-mito/fish6_24hpf_roi1,aang,fish6_24hpf_roi1,fish6_24hpf_roi1,,
aang,/clusterfs/vast/abcabc/Aang_Foundation/20251028_mem-peroxi2/fish6_24hpf_roi1,aang,fish6_24hpf_roi1,fish6_24hpf_roi1,,
aang,/clusterfs/vast/abcabc/Aang_Foundation/20251107_mem-mito/fish6_24hpf_roi1,aang,fish6_24hpf_roi1,fish6_24hpf_roi1,,
aang,/clusterfs/vast/abcabc/Aang_Foundation/20250821_mem_mito/fish6_24hpf_roi2,aang,fish6_24hpf_roi2,fish6_24hpf_roi2,,
aang,/clusterfs/vast/abcabc/Aang_Foundation/20250828_mem_actin/fish6_24hpf_roi2,aang,fish6_24hpf_roi2,fish6_24hpf_roi2,,
aang,/clusterfs/vast/abcabc/Aang_Foundation/20250908_mem-mito/fish6_24hpf_roi2,aang,fish6_24hpf_roi2,fish6_24hpf_roi2,,
aang,/clusterfs/vast/abcabc/Aang_Foundation/20251002_mem_mito/fish6_24hpf_roi2,aang,fish6_24hpf_roi2,fish6_24hpf_roi2,,
aang,/clusterfs/vast/abcabc/Aang_Foundation/20251006_mem_histone/fish6_24hpf_roi2,aang,fish6_24hpf_roi2,fish6_24hpf_roi2,,
aang,/clusterfs/vast/abcabc/Aang_Foundation/20251010_mem-mito/fish6_24hpf_roi2,aang,fish6_24hpf_roi2,fish6_24hpf_roi2,,
aang,/clusterfs/vast/abcabc/Aang_Foundation/20251021_mem-mito/fish6_24hpf_roi2,aang,fish6_24hpf_roi2,fish6_24hpf_roi2,,
aang,/clusterfs/vast/abcabc/Aang_Foundation/20251107_mem-mito/fish6_24hpf_roi2,aang,fish6_24hpf_roi2,fish6_24hpf_roi2,,
aang,/clusterfs/vast/abcabc/Aang_Foundation/20250908_mem-mito/fish6_24hpf_roi3,aang,fish6_24hpf_roi3,fish6_24hpf_roi3,,
aang,/clusterfs/vast/abcabc/Aang_Foundation/20251002_mem_mito/fish6_24hpf_roi3,aang,fish6_24hpf_roi3,fish6_24hpf_roi3,,
aang,/clusterfs/vast/abcabc/Aang_Foundation/20250819_mem_mito/fish6_48hpf_roi1,aang,fish6_48hpf_roi1,fish6_48hpf_roi1,,
aang,/clusterfs/vast/abcabc/Aang_Foundation/20250917_mem-mito/fish6_48hpf_roi1,aang,fish6_48hpf_roi1,fish6_48hpf_roi1,,
aang,/clusterfs/vast/abcabc/Aang_Foundation/20251015_mem-histone/fish6_48hpf_roi1,aang,fish6_48hpf_roi1,fish6_48hpf_roi1,,
aang,/clusterfs/vast/abcabc/Aang_Foundation/20250819_mem_mito/fish6_48hpf_roi2,aang,fish6_48hpf_roi2,fish6_48hpf_roi2,,
aang,/clusterfs/vast/abcabc/Aang_Foundation/20250917_mem-mito/fish6_48hpf_roi2,aang,fish6_48hpf_roi2,fish6_48hpf_roi2,,
aang,/clusterfs/vast/abcabc/Aang_Foundation/20250819_mem_mito/fish6_48hpf_roi3,aang,fish6_48hpf_roi3,fish6_48hpf_roi3,,
aang,/clusterfs/vast/abcabc/Aang_Foundation/20250819_mem_mito/fish6_48hpf_roi4,aang,fish6_48hpf_roi4,fish6_48hpf_roi4,,
aang,/clusterfs/vast/abcabc/Aang_Foundation/20250819_mem_mito/fish6_48hpf_roi5,aang,fish6_48hpf_roi5,fish6_48hpf_roi5,,
aang,/clusterfs/vast/abcabc/Aang_Foundation/20250918_mem-mito/fish6_72hpf_roi1,aang,fish6_72hpf_roi1,fish6_72hpf_roi1,,
aang,/clusterfs/vast/abcabc/Aang_Foundation/20250919_mem-mito/fish7_24hpf_roi1,aang,fish7_24hpf_roi1,fish7_24hpf_roi1,,
aang,/clusterfs/vast/abcabc/Aang_Foundation/20251002_mem_mito/fish7_24hpf_roi1,aang,fish7_24hpf_roi1,fish7_24hpf_roi1,,
aang,/clusterfs/vast/abcabc/Aang_Foundation/20250919_mem-mito/fish7_24hpf_roi2,aang,fish7_24hpf_roi2,fish7_24hpf_roi2,,
aang,/clusterfs/vast/abcabc/Aang_Foundation/20251002_mem_mito/fish7_24hpf_roi2,aang,fish7_24hpf_roi2,fish7_24hpf_roi2,,
aang,/clusterfs/vast/abcabc/Aang_Foundation/20250919_mem-mito/fish7_24hpf_roi3,aang,fish7_24hpf_roi3,fish7_24hpf_roi3,,
aang,/clusterfs/vast/abcabc/Aang_Foundation/20250919_mem-mito/fish7_24hpf_roi4,aang,fish7_24hpf_roi4,fish7_24hpf_roi4,,
aang,/clusterfs/vast/abcabc/Aang_Foundation/20250919_mem-mito/fish7_24hpf_roi5,aang,fish7_24hpf_roi5,fish7_24hpf_roi5,,
aang,/clusterfs/vast/abcabc/Aang_Foundation/20250821_mem_mito/fish7_48hpf_roi1,aang,fish7_48hpf_roi1,fish7_48hpf_roi1,,
aang,/clusterfs/vast/abcabc/Aang_Foundation/20250821_mem_mito/fish7_48hpf_roi2,aang,fish7_48hpf_roi2,fish7_48hpf_roi2,,
aang,/clusterfs/vast/abcabc/Aang_Foundation/20250919_mem-mito/fish8_24hpf_roi1,aang,fish8_24hpf_roi1,fish8_24hpf_roi1,,
aang,/clusterfs/vast/abcabc/Aang_Foundation/20251002_mem_mito/fish8_24hpf_roi1,aang,fish8_24hpf_roi1,fish8_24hpf_roi1,,
aang,/clusterfs/vast/abcabc/Aang_Foundation/20250919_mem-mito/fish8_24hpf_roi2,aang,fish8_24hpf_roi2,fish8_24hpf_roi2,,
aang,/clusterfs/vast/abcabc/Aang_Foundation/20251002_mem_mito/fish8_24hpf_roi2,aang,fish8_24hpf_roi2,fish8_24hpf_roi2,,
aang,/clusterfs/vast/abcabc/Aang_Foundation/20250919_mem-mito/fish8_24hpf_roi3,aang,fish8_24hpf_roi3,fish8_24hpf_roi3,,
aang,/clusterfs/vast/abcabc/Aang_Foundation/20250919_mem-mito/fish8_24hpf_roi4,aang,fish8_24hpf_roi4,fish8_24hpf_roi4,,
aang,/clusterfs/vast/abcabc/Aang_Foundation/20250919_mem-mito/fish8_24hpf_roi5,aang,fish8_24hpf_roi5,fish8_24hpf_roi5,,
aang,/clusterfs/vast/abcabc/Aang_Foundation/20250821_mem_mito/fish8_48hpf_roi1,aang,fish8_48hpf_roi1,fish8_48hpf_roi1,,
aang,/clusterfs/vast/abcabc/Aang_Foundation/20250821_mem_mito/fish8_48hpf_roi2,aang,fish8_48hpf_roi2,fish8_48hpf_roi2,,
aang,/clusterfs/vast/abcabc/Aang_Foundation/20250821_mem_mito/fish8_48hpf_roi3,aang,fish8_48hpf_roi3,fish8_48hpf_roi3,,
aang,/clusterfs/vast/abcabc/Aang_Foundation/20251002_mem_mito/fish9_24hpf_roi1,aang,fish9_24hpf_roi1,fish9_24hpf_roi1,,
aang,/clusterfs/vast/abcabc/Aang_Foundation/20251002_mem_mito/fish9_24hpf_roi2,aang,fish9_24hpf_roi2,fish9_24hpf_roi2,,
aang,/clusterfs/vast/abcabc/Aang_Foundation/20250926_mem-mito/fish_48hpf_roi1,aang,fish_48hpf_roi1,fish_48hpf_roi1,,
aang,/clusterfs/vast/abcabc/Aang_Foundation/20250926_mem-mito/fish_48hpf_roi2,aang,fish_48hpf_roi2,fish_48hpf_roi2,,
aang,/clusterfs/vast/abcabc/Aang_Foundation/20250926_mem-mito/fish_48hpf_roi3,aang,fish_48hpf_roi3,fish_48hpf_roi3,,
aang,/clusterfs/vast/abcabc/Aang_Foundation/20250926_mem-mito/fish_48hpf_roi4,aang,fish_48hpf_roi4,fish_48hpf_roi4,,
aang,/clusterfs/vast/abcabc/Aang_Foundation/20250721_72hpf_mrna_mSG_organelle_LLS-SIM/mito_roi1,aang,mito_roi1,mito_roi1,,
aang,/clusterfs/vast/abcabc/Aang_Foundation/20250721_72hpf_mrna_mSG_organelle_LLS-SIM/mito_roi2,aang,mito_roi2,mito_roi2,,
aang,/clusterfs/vast/abcabc/Aang_Foundation/20250819_mem_ER/roi1_newscripttest,aang,roi1_newscripttest,roi1_newscripttest,,
korra,/clusterfs/vast/abcabc/Korra_Foundation/20250513_skittles/fish1/roi1,korra,fish1,roi1,,
korra,/clusterfs/vast/abcabc/Korra_Foundation/20250522_skittlez/fish1/roi1,korra,fish1,roi1,,
korra,/clusterfs/vast/abcabc/Korra_Foundation/20250523_mem_histone/fish1/roi1,korra,fish1,roi1,,
korra,/clusterfs/vast/abcabc/Korra_Foundation/20250528_skittlez/fish1/roi1,korra,fish1,roi1,,
korra,/clusterfs/vast/abcabc/Korra_Foundation/20250528_mem-histone/fish1/roi1_spine,korra,fish1,roi1_spine,,
korra,/clusterfs/vast/abcabc/Korra_Foundation/20250513_skittles/fish1/roi2,korra,fish1,roi2,,
korra,/clusterfs/vast/abcabc/Korra_Foundation/20250522_skittlez/fish1/roi2,korra,fish1,roi2,,
korra,/clusterfs/vast/abcabc/Korra_Foundation/20250528_skittlez/fish1/roi2,korra,fish1,roi2,,
korra,/clusterfs/vast/abcabc/Korra_Foundation/20250513_skittles/fish1/roi2_2,korra,fish1,roi2_2,,
korra,/clusterfs/vast/abcabc/Korra_Foundation/20250513_skittles/fish10/roi1,korra,fish10,roi1,,
korra,/clusterfs/vast/abcabc/Korra_Foundation/20250529_skittlez/fish10_roi1,korra,fish10_roi1,fish10_roi1,,
korra,/clusterfs/vast/abcabc/Korra_Foundation/20250603_skittlez/fish10_roi1,korra,fish10_roi1,fish10_roi1,,
korra,/clusterfs/vast/abcabc/Korra_Foundation/20250605_skittlez/fish10_roi1,korra,fish10_roi1,fish10_roi1,,
korra,/clusterfs/vast/abcabc/Korra_Foundation/20250606_skittlez/fish10_roi1,korra,fish10_roi1,fish10_roi1,,
korra,/clusterfs/vast/abcabc/Korra_Foundation/20250613_skittlez/fish10_roi1,korra,fish10_roi1,fish10_roi1,,
korra,/clusterfs/vast/abcabc/Korra_Foundation/20250618_skittlez/fish10_roi1,korra,fish10_roi1,fish10_roi1,,
korra,/clusterfs/vast/abcabc/Korra_Foundation/20250627_skittlez/fish10_roi1,korra,fish10_roi1,fish10_roi1,,
korra,/clusterfs/vast/abcabc/Korra_Foundation/20250605_skittlez/fish10_roi2,korra,fish10_roi2,fish10_roi2,,
korra,/clusterfs/vast/abcabc/Korra_Foundation/20250618_skittlez/fish10_roi2,korra,fish10_roi2,fish10_roi2,,
korra,/clusterfs/vast/abcabc/Korra_Foundation/20250618_skittlez/fish10_roi3,korra,fish10_roi3,fish10_roi3,,
korra,/clusterfs/vast/abcabc/Korra_Foundation/20250618_skittlez/fish10_roi4,korra,fish10_roi4,fish10_roi4,,
korra,/clusterfs/vast/abcabc/Korra_Foundation/20250513_skittles/fish11/roi1,korra,fish11,roi1,,
korra,/clusterfs/vast/abcabc/Korra_Foundation/20250513_skittles/fish11/roi1_test,korra,fish11,roi1_test,,
korra,/clusterfs/vast/abcabc/Korra_Foundation/20250609_mem-histone/fish11_72hpf_roi1,korra,fish11_72hpf_roi1,fish11_72hpf_roi1,,
korra,/clusterfs/vast/abcabc/Korra_Foundation/20250603_skittlez/fish11_roi1,korra,fish11_roi1,fish11_roi1,,
korra,/clusterfs/vast/abcabc/Korra_Foundation/20250605_skittlez/fish11_roi1,korra,fish11_roi1,fish11_roi1,,
korra,/clusterfs/vast/abcabc/Korra_Foundation/20250606_skittlez/fish11_roi1,korra,fish11_roi1,fish11_roi1,,
korra,/clusterfs/vast/abcabc/Korra_Foundation/20250613_skittlez/fish11_roi1,korra,fish11_roi1,fish11_roi1,,
korra,/clusterfs/vast/abcabc/Korra_Foundation/20250618_skittlez/fish11_roi1,korra,fish11_roi1,fish11_roi1,,
korra,/clusterfs/vast/abcabc/Korra_Foundation/20250529_skittlez/fish11_roi1_eye,korra,fish11_roi1_eye,fish11_roi1_eye,,
korra,/clusterfs/vast/abcabc/Korra_Foundation/20250529_skittlez/fish11_roi1_eye_2,korra,fish11_roi1_eye_2,fish11_roi1_eye_2,,
korra,/clusterfs/vast/abcabc/Korra_Foundation/20250605_skittlez/fish11_roi2,korra,fish11_roi2,fish11_roi2,,
korra,/clusterfs/vast/abcabc/Korra_Foundation/20250606_skittlez/fish11_roi2,korra,fish11_roi2,fish11_roi2,,
korra,/clusterfs/vast/abcabc/Korra_Foundation/20250513_skittles/fish12/roi1,korra,fish12,roi1,,
korra,/clusterfs/vast/abcabc/Korra_Foundation/20250513_skittles/fish12/roi2,korra,fish12,roi2,,
korra,/clusterfs/vast/abcabc/Korra_Foundation/20250513_skittles/fish12/roi3,korra,fish12,roi3,,
korra,/clusterfs/vast/abcabc/Korra_Foundation/20250529_skittlez/fish12_roi1,korra,fish12_roi1,fish12_roi1,,
korra,/clusterfs/vast/abcabc/Korra_Foundation/20250603_skittlez/fish12_roi1,korra,fish12_roi1,fish12_roi1,,
korra,/clusterfs/vast/abcabc/Korra_Foundation/20250605_skittlez/fish12_roi1,korra,fish12_roi1,fish12_roi1,,
korra,/clusterfs/vast/abcabc/Korra_Foundation/20250606_skittlez/fish12_roi1,korra,fish12_roi1,fish12_roi1,,
korra,/clusterfs/vast/abcabc/Korra_Foundation/20250613_skittlez/fish12_roi1,korra,fish12_roi1,fish12_roi1,,
korra,/clusterfs/vast/abcabc/Korra_Foundation/20250606_skittlez/fish12_roi2,korra,fish12_roi2,fish12_roi2,,
korra,/clusterfs/vast/abcabc/Korra_Foundation/20250513_skittles/fish13/roi1,korra,fish13,roi1,,
korra,/clusterfs/vast/abcabc/Korra_Foundation/20250513_skittles/fish13/roi2,korra,fish13,roi2,,
korra,/clusterfs/vast/abcabc/Korra_Foundation/20250513_skittles/fish13/roi3,korra,fish13,roi3,,
korra,/clusterfs/vast/abcabc/Korra_Foundation/20250513_skittles/fish13/roi4,korra,fish13,roi4,,
korra,/clusterfs/vast/abcabc/Korra_Foundation/20250529_skittlez/fish13_roi1,korra,fish13_roi1,fish13_roi1,,
korra,/clusterfs/vast/abcabc/Korra_Foundation/20250603_skittlez/fish13_roi1,korra,fish13_roi1,fish13_roi1,,
korra,/clusterfs/vast/abcabc/Korra_Foundation/20250605_skittlez/fish13_roi1,korra,fish13_roi1,fish13_roi1,,
korra,/clusterfs/vast/abcabc/Korra_Foundation/20250606_skittlez/fish13_roi1,korra,fish13_roi1,fish13_roi1,,
korra,/clusterfs/vast/abcabc/Korra_Foundation/20250605_skittlez/fish13_roi2,korra,fish13_roi2,fish13_roi2,,
korra,/clusterfs/vast/abcabc/Korra_Foundation/20250606_skittlez/fish13_roi2,korra,fish13_roi2,fish13_roi2,,
korra,/clusterfs/vast/abcabc/Korra_Foundation/20250513_skittles/fish14/roi1_brain,korra,fish14,roi1_brain,,
korra,/clusterfs/vast/abcabc/Korra_Foundation/20250513_skittles/fish14/roi2_tailbud,korra,fish14,roi2_tailbud,,
korra,/clusterfs/vast/abcabc/Korra_Foundation/20250529_skittlez/fish14_roi1,korra,fish14_roi1,fish14_roi1,,
korra,/clusterfs/vast/abcabc/Korra_Foundation/20250603_skittlez/fish14_roi1,korra,fish14_roi1,fish14_roi1,,
korra,/clusterfs/vast/abcabc/Korra_Foundation/20250605_skittlez/fish14_roi1,korra,fish14_roi1,fish14_roi1,,
korra,/clusterfs/vast/abcabc/Korra_Foundation/20250606_skittlez/fish14_roi1,korra,fish14_roi1,fish14_roi1,,
korra,/clusterfs/vast/abcabc/Korra_Foundation/20250529_skittlez/fish14_roi2,korra,fish14_roi2,fish14_roi2,,
korra,/clusterfs/vast/abcabc/Korra_Foundation/20250606_skittlez/fish14_roi2,korra,fish14_roi2,fish14_roi2,,
korra,/clusterfs/vast/abcabc/Korra_Foundation/20250529_skittlez/fish14_roi3,korra,fish14_roi3,fish14_roi3,,
korra,/clusterfs/vast/abcabc/Korra_Foundation/20250606_skittlez/fish14_roi3,korra,fish14_roi3,fish14_roi3,,
korra,/clusterfs/vast/abcabc/Korra_Foundation/20250513_skittles/fish15/roi1,korra,fish15,roi1,,
korra,/clusterfs/vast/abcabc/Korra_Foundation/20250513_skittles/fish15/roi2,korra,fish15,roi2,,
korra,/clusterfs/vast/abcabc/Korra_Foundation/20250513_skittles/fish15/roi3,korra,fish15,roi3,,
korra,/clusterfs/vast/abcabc/Korra_Foundation/20250513_skittles/fish15/roi4,korra,fish15,roi4,,
korra,/clusterfs/vast/abcabc/Korra_Foundation/20250529_skittlez/fish15_roi1,korra,fish15_roi1,fish15_roi1,,
korra,/clusterfs/vast/abcabc/Korra_Foundation/20250603_skittlez/fish15_roi1,korra,fish15_roi1,fish15_roi1,,
korra,/clusterfs/vast/abcabc/Korra_Foundation/20250606_skittlez/fish15_roi1,korra,fish15_roi1,fish15_roi1,,
korra,/clusterfs/vast/abcabc/Korra_Foundation/20250606_skittlez/fish15_roi2,korra,fish15_roi2,fish15_roi2,,
korra,/clusterfs/vast/abcabc/Korra_Foundation/20250606_skittlez/fish15_roi3,korra,fish15_roi3,fish15_roi3,,
korra,/clusterfs/vast/abcabc/Korra_Foundation/20250513_skittles/fish16/roi1_brain,korra,fish16,roi1_brain,,
korra,/clusterfs/vast/abcabc/Korra_Foundation/20250603_skittlez/fish16_roi1,korra,fish16_roi1,fish16_roi1,,
korra,/clusterfs/vast/abcabc/Korra_Foundation/20250429_mem_cytosol/fish1_24hpf/roi1,korra,fish1_24hpf,roi1,,
korra,/clusterfs/vast/abcabc/Korra_Foundation/20250724_mem-mchilada_er-mSG/fish1_24hpf/roi1,korra,fish1_24hpf,roi1,,
korra,/clusterfs/vast/abcabc/Korra_Foundation/20250724_mem-mchilada_er-mSG/fish1_24hpf/roi1_2,korra,fish1_24hpf,roi1_2,,
korra,/clusterfs/vast/abcabc/Korra_Foundation/20250724_mem-mchilada_er-mSG/fish1_24hpf/roi1_3,korra,fish1_24hpf,roi1_3,,
korra,/clusterfs/vast/abcabc/Korra_Foundation/20250429_mem_cytosol/fish1_24hpf/roi1_test,korra,fish1_24hpf,roi1_test,,
korra,/clusterfs/vast/abcabc/Korra_Foundation/20250724_mem-mchilada_er-mSG/fish1_24hpf/roi2,korra,fish1_24hpf,roi2,,
korra,/clusterfs/vast/abcabc/Korra_Foundation/20251010_mem-histone/fish1_24hpf_roi1,korra,fish1_24hpf_roi1,fish1_24hpf_roi1,,
korra,/clusterfs/vast/abcabc/Korra_Foundation/20250616_mem-histone/fish1_24hpf_roi1_brain,korra,fish1_24hpf_roi1_brain,fish1_24hpf_roi1_brain,,
korra,/clusterfs/vast/abcabc/Korra_Foundation/20251022_mem-histone/fish1_24hpf_roi2,korra,fish1_24hpf_roi2,fish1_24hpf_roi2,,
korra,/clusterfs/vast/abcabc/Korra_Foundation/20251022_mem-histone/fish1_24hpf_roi3,korra,fish1_24hpf_roi3,fish1_24hpf_roi3,,
korra,/clusterfs/vast/abcabc/Korra_Foundation/20251007_mem-histone/fish1_48hpf_roi1,korra,fish1_48hpf_roi1,fish1_48hpf_roi1,,
korra,/clusterfs/vast/abcabc/Korra_Foundation/20251015_mem-histone/fish1_48hpf_roi1,korra,fish1_48hpf_roi1,fish1_48hpf_roi1,,
korra,/clusterfs/vast/abcabc/Korra_Foundation/20251106_mem-mito/fish1_48hpf_roi1,korra,fish1_48hpf_roi1,fish1_48hpf_roi1,,
korra,/clusterfs/vast/abcabc/Korra_Foundation/20251110_mem-histone/fish1_48hpf_roi1,korra,fish1_48hpf_roi1,fish1_48hpf_roi1,,
korra,/clusterfs/vast/abcabc/Korra_Foundation/20251007_mem-histone/fish1_48hpf_roi1_test,korra,fish1_48hpf_roi1_test,fish1_48hpf_roi1_test,,
korra,/clusterfs/vast/abcabc/Korra_Foundation/20251007_mem-histone/fish1_48hpf_roi1test,korra,fish1_48hpf_roi1test,fish1_48hpf_roi1test,,
korra,/clusterfs/vast/abcabc/Korra_Foundation/20251106_mem-mito/fish1_48hpf_roi2,korra,fish1_48hpf_roi2,fish1_48hpf_roi2,,
korra,/clusterfs/vast/abcabc/Korra_Foundation/20251110_mem-histone/fish1_48hpf_roi2,korra,fish1_48hpf_roi2,fish1_48hpf_roi2,,
korra,/clusterfs/vast/abcabc/Korra_Foundation/20251106_mem-mito/fish1_48hpf_roi3,korra,fish1_48hpf_roi3,fish1_48hpf_roi3,,
korra,/clusterfs/vast/abcabc/Korra_Foundation/20251106_mem-mito/fish1_48hpf_roi4,korra,fish1_48hpf_roi4,fish1_48hpf_roi4,,
korra,/clusterfs/vast/abcabc/Korra_Foundation/20251106_mem-mito/fish1_48hpf_roi5,korra,fish1_48hpf_roi5,fish1_48hpf_roi5,,
korra,/clusterfs/vast/abcabc/Korra_Foundation/20250428_mem_histone/fish1_72hpf/roi1_tail,korra,fish1_72hpf,roi1_tail,,
korra,/clusterfs/vast/abcabc/Korra_Foundation/20250428_mem_histone/fish1_72hpf/roi2_hindbrain_spine,korra,fish1_72hpf,roi2_hindbrain_spine,,
korra,/clusterfs/vast/abcabc/Korra_Foundation/20251016_mem-histone/fish1_72hpf_roi1,korra,fish1_72hpf_roi1,fish1_72hpf_roi1,,
korra,/clusterfs/vast/abcabc/Korra_Foundation/20251020_mem-histone/fish1_72hpf_roi1,korra,fish1_72hpf_roi1,fish1_72hpf_roi1,,
korra,/clusterfs/vast/abcabc/Korra_Foundation/20250616_mem-histone/fish1_72hpf_roi1-ear,korra,fish1_72hpf_roi1-ear,fish1_72hpf_roi1-ear,,
korra,/clusterfs/vast/abcabc/Korra_Foundation/20251020_mem-histone/fish1_72hpf_roi2,korra,fish1_72hpf_roi2,fish1_72hpf_roi2,,
korra,/clusterfs/vast/abcabc/Korra_Foundation/20250616_mem-histone/fish1_72hpf_roi2_muscle,korra,fish1_72hpf_roi2_muscle,fish1_72hpf_roi2_muscle,,
korra,/clusterfs/vast/abcabc/Korra_Foundation/20251020_mem-histone/fish1_72hpf_roi3,korra,fish1_72hpf_roi3,fish1_72hpf_roi3,,
korra,/clusterfs/vast/abcabc/Korra_Foundation/20251020_mem-histone/fish1_72hpf_roi4,korra,fish1_72hpf_roi4,fish1_72hpf_roi4,,
korra,/clusterfs/vast/abcabc/Korra_Foundation/20251020_mem-histone/fish1_72hpf_roi5,korra,fish1_72hpf_roi5,fish1_72hpf_roi5,,
korra,/clusterfs/vast/abcabc/Korra_Foundation/20251013_mem-histone/fish1_96hpf_roi0_test,korra,fish1_96hpf_roi0_test,fish1_96hpf_roi0_test,,
korra,/clusterfs/vast/abcabc/Korra_Foundation/20251013_mem-histone/fish1_96hpf_roi1,korra,fish1_96hpf_roi1,fish1_96hpf_roi1,,
korra,/clusterfs/vast/abcabc/Korra_Foundation/20251013_mem-histone/fish1_96hpf_roi2,korra,fish1_96hpf_roi2,fish1_96hpf_roi2,,
korra,/clusterfs/vast/abcabc/Korra_Foundation/20251013_mem-histone/fish1_96hpf_roi3,korra,fish1_96hpf_roi3,fish1_96hpf_roi3,,
korra,/clusterfs/vast/abcabc/Korra_Foundation/20250715_mem_organelle/fish1_mem_sg_mito_msc3/roi1,korra,fish1_mem_sg_mito_msc3,roi1,,
korra,/clusterfs/vast/abcabc/Korra_Foundation/20250715_mem_organelle/fish1_mem_sg_mito_msc3/roi2,korra,fish1_mem_sg_mito_msc3,roi2,,
korra,/clusterfs/vast/abcabc/Korra_Foundation/20250529_skittlez/fish1_roi1,korra,fish1_roi1,fish1_roi1,,
korra,/clusterfs/vast/abcabc/Korra_Foundation/20250530_mem-histone/fish1_roi1,korra,fish1_roi1,fish1_roi1,,
korra,/clusterfs/vast/abcabc/Korra_Foundation/20250605_skittlez/fish1_roi1,korra,fish1_roi1,fish1_roi1,,
korra,/clusterfs/vast/abcabc/Korra_Foundation/20250606_skittlez/fish1_roi1,korra,fish1_roi1,fish1_roi1,,
korra,/clusterfs/vast/abcabc/Korra_Foundation/20250612_skittlez/fish1_roi1,korra,fish1_roi1,fish1_roi1,,
korra,/clusterfs/vast/abcabc/Korra_Foundation/20250613_skittlez/fish1_roi1,korra,fish1_roi1,fish1_roi1,,
korra,/clusterfs/vast/abcabc/Korra_Foundation/20250618_skittlez/fish1_roi1,korra,fish1_roi1,fish1_roi1,,
korra,/clusterfs/vast/abcabc/Korra_Foundation/20250619_skittlez/fish1_roi1,korra,fish1_roi1,fish1_roi1,,
korra,/clusterfs/vast/abcabc/Korra_Foundation/20250620_mitomSG/fish1_roi1,korra,fish1_roi1,fish1_roi1,,
korra,/clusterfs/vast/abcabc/Korra_Foundation/20250624_skittlez_Issac_x_Ken/fish1_roi1,korra,fish1_roi1,fish1_roi1,,
korra,/clusterfs/vast/abcabc/Korra_Foundation/20250625_skittlez/fish1_roi1,korra,fish1_roi1,fish1_roi1,,
korra,/clusterfs/vast/abcabc/Korra_Foundation/20250627_skittlez/fish1_roi1,korra,fish1_roi1,fish1_roi1,,
korra,/clusterfs/vast/abcabc/Korra_Foundation/20250728_mem-histone/fish1_roi1,korra,fish1_roi1,fish1_roi1,,
korra,/clusterfs/vast/abcabc/Korra_Foundation/20250801_mem-PCNA/fish1_roi1,korra,fish1_roi1,fish1_roi1,,
korra,/clusterfs/vast/abcabc/Korra_Foundation/20250801_mem-histone/fish1_roi1,korra,fish1_roi1,fish1_roi1,,
korra,/clusterfs/vast/abcabc/Korra_Foundation/20251009_skittlez/fish1_roi1,korra,fish1_roi1,fish1_roi1,,
korra,/clusterfs/vast/abcabc/Korra_Foundation/analysis_test/fish1_roi1,korra,fish1_roi1,fish1_roi1,,
korra,/clusterfs/vast/abcabc/Korra_Foundation/20250530_mem-histone/fish1_roi1-2,korra,fish1_roi1-2,fish1_roi1-2,,
korra,/clusterfs/vast/abcabc/Korra_Foundation/20250603_skittlez/fish1_roi1_1,korra,fish1_roi1_1,fish1_roi1_1,,
korra,/clusterfs/vast/abcabc/Korra_Foundation/20250618_skittlez/fish1_roi1_2,korra,fish1_roi1_2,fish1_roi1_2,,
korra,/clusterfs/vast/abcabc/Korra_Foundation/20250529_skittlez/fish1_roi2,korra,fish1_roi2,fish1_roi2,,
korra,/clusterfs/vast/abcabc/Korra_Foundation/20250619_skittlez/fish1_roi2,korra,fish1_roi2,fish1_roi2,,
korra,/clusterfs/vast/abcabc/Korra_Foundation/20250625_skittlez/fish1_roi2,korra,fish1_roi2,fish1_roi2,,
korra,/clusterfs/vast/abcabc/Korra_Foundation/20250627_skittlez/fish1_roi2,korra,fish1_roi2,fish1_roi2,,
korra,/clusterfs/vast/abcabc/Korra_Foundation/20250728_mem-histone/fish1_roi2,korra,fish1_roi2,fish1_roi2,,
korra,/clusterfs/vast/abcabc/Korra_Foundation/20250529_skittlez/fish1_roi3,korra,fish1_roi3,fish1_roi3,,
korra,/clusterfs/vast/abcabc/Korra_Foundation/20250627_skittlez/fish1_roi3,korra,fish1_roi3,fish1_roi3,,
korra,/clusterfs/vast/abcabc/Korra_Foundation/20250513_skittles/fish2/roi1,korra,fish2,roi1,,
korra,/clusterfs/vast/abcabc/Korra_Foundation/20250520_mem_histone/fish2/roi1,korra,fish2,roi1,,
korra,/clusterfs/vast/abcabc/Korra_Foundation/20250521_skittles_no-membrane/fish2/roi1,korra,fish2,roi1,,
korra,/clusterfs/vast/abcabc/Korra_Foundation/20250522_skittlez/fish2/roi1,korra,fish2,roi1,,
korra,/clusterfs/vast/abcabc/Korra_Foundation/20250523_mem_histone/fish2/roi1,korra,fish2,roi1,,
korra,/clusterfs/vast/abcabc/Korra_Foundation/20250528_mem-histone/fish2/roi1_brain,korra,fish2,roi1_brain,,
korra,/clusterfs/vast/abcabc/Korra_Foundation/20250513_skittles/fish2/roi2,korra,fish2,roi2,,
korra,/clusterfs/vast/abcabc/Korra_Foundation/20250521_skittles_no-membrane/fish2/roi2,korra,fish2,roi2,,
korra,/clusterfs/vast/abcabc/Korra_Foundation/20250522_skittlez/fish2/roi2,korra,fish2,roi2,,
korra,/clusterfs/vast/abcabc/Korra_Foundation/20250715_mem_organelle/fish2_24hpf_mem_mito_msc3_er_halo/roi1_eye,korra,fish2_24hpf_mem_mito_msc3_er_halo,roi1_eye,,
korra,/clusterfs/vast/abcabc/Korra_Foundation/20250609_mem-histone/fish2_24hpf_roi1,korra,fish2_24hpf_roi1,fish2_24hpf_roi1,,
korra,/clusterfs/vast/abcabc/Korra_Foundation/20251022_mem-histone/fish2_24hpf_roi1,korra,fish2_24hpf_roi1,fish2_24hpf_roi1,,
korra,/clusterfs/vast/abcabc/Korra_Foundation/20251029_mem-histone/fish2_24hpf_roi1,korra,fish2_24hpf_roi1,fish2_24hpf_roi1,,
korra,/clusterfs/vast/abcabc/Korra_Foundation/20250616_mem-histone/fish2_24hpf_roi1_brain,korra,fish2_24hpf_roi1_brain,fish2_24hpf_roi1_brain,,
korra,/clusterfs/vast/abcabc/Korra_Foundation/20251017_microtubules/fish2_24hpf_roi1_test,korra,fish2_24hpf_roi1_test,fish2_24hpf_roi1_test,,
korra,/clusterfs/vast/abcabc/Korra_Foundation/20250609_mem-histone/fish2_24hpf_roi2,korra,fish2_24hpf_roi2,fish2_24hpf_roi2,,
korra,/clusterfs/vast/abcabc/Korra_Foundation/20251022_mem-histone/fish2_24hpf_roi2,korra,fish2_24hpf_roi2,fish2_24hpf_roi2,,
korra,/clusterfs/vast/abcabc/Korra_Foundation/20251022_mem-histone/fish2_24hpf_roi3,korra,fish2_24hpf_roi3,fish2_24hpf_roi3,,
korra,/clusterfs/vast/abcabc/Korra_Foundation/20250429_mem_cytosol/fish2_48hpf/roi1,korra,fish2_48hpf,roi1,,
korra,/clusterfs/vast/abcabc/Korra_Foundation/20251015_mem-histone/fish2_48hpf_roi1,korra,fish2_48hpf_roi1,fish2_48hpf_roi1,,
korra,/clusterfs/vast/abcabc/Korra_Foundation/20251106_mem-mito/fish2_48hpf_roi1,korra,fish2_48hpf_roi1,fish2_48hpf_roi1,,
korra,/clusterfs/vast/abcabc/Korra_Foundation/20251110_mem-histone/fish2_48hpf_roi1,korra,fish2_48hpf_roi1,fish2_48hpf_roi1,,
korra,/clusterfs/vast/abcabc/Korra_Foundation/20251112_mem-mito/fish2_48hpf_roi1,korra,fish2_48hpf_roi1,fish2_48hpf_roi1,,
korra,/clusterfs/vast/abcabc/Korra_Foundation/20251110_mem-histone/fish2_48hpf_roi1-2,korra,fish2_48hpf_roi1-2,fish2_48hpf_roi1-2,,
korra,/clusterfs/vast/abcabc/Korra_Foundation/20251106_mem-mito/fish2_48hpf_roi2,korra,fish2_48hpf_roi2,fish2_48hpf_roi2,,
korra,/clusterfs/vast/abcabc/Korra_Foundation/20251112_mem-mito/fish2_48hpf_roi2,korra,fish2_48hpf_roi2,fish2_48hpf_roi2,,
korra,/clusterfs/vast/abcabc/Korra_Foundation/20251106_mem-mito/fish2_48hpf_roi3,korra,fish2_48hpf_roi3,fish2_48hpf_roi3,,
korra,/clusterfs/vast/abcabc/Korra_Foundation/20251112_mem-mito/fish2_48hpf_roi3,korra,fish2_48hpf_roi3,fish2_48hpf_roi3,,
korra,/clusterfs/vast/abcabc/Korra_Foundation/20251106_mem-mito/fish2_48hpf_roi4,korra,fish2_48hpf_roi4,fish2_48hpf_roi4,,
korra,/clusterfs/vast/abcabc/Korra_Foundation/20251106_mem-mito/fish2_48hpf_roi5,korra,fish2_48hpf_roi5,fish2_48hpf_roi5,,
korra,/clusterfs/vast/abcabc/Korra_Foundation/20251016_mem-histone/fish2_72hpf_roi1,korra,fish2_72hpf_roi1,fish2_72hpf_roi1,,
korra,/clusterfs/vast/abcabc/Korra_Foundation/20251020_mem-histone/fish2_72hpf_roi1,korra,fish2_72hpf_roi1,fish2_72hpf_roi1,,
korra,/clusterfs/vast/abcabc/Korra_Foundation/20251024_mem-histone/fish2_72hpf_roi1,korra,fish2_72hpf_roi1,fish2_72hpf_roi1,,
korra,/clusterfs/vast/abcabc/Korra_Foundation/20251016_mem-histone/fish2_72hpf_roi2,korra,fish2_72hpf_roi2,fish2_72hpf_roi2,,
korra,/clusterfs/vast/abcabc/Korra_Foundation/20251020_mem-histone/fish2_72hpf_roi2,korra,fish2_72hpf_roi2,fish2_72hpf_roi2,,
korra,/clusterfs/vast/abcabc/Korra_Foundation/20251024_mem-histone/fish2_72hpf_roi2,korra,fish2_72hpf_roi2,fish2_72hpf_roi2,,
korra,/clusterfs/vast/abcabc/Korra_Foundation/20251016_mem-histone/fish2_72hpf_roi3,korra,fish2_72hpf_roi3,fish2_72hpf_roi3,,
korra,/clusterfs/vast/abcabc/Korra_Foundation/20251020_mem-histone/fish2_72hpf_roi3,korra,fish2_72hpf_roi3,fish2_72hpf_roi3,,
korra,/clusterfs/vast/abcabc/Korra_Foundation/20251024_mem-histone/fish2_72hpf_roi3,korra,fish2_72hpf_roi3,fish2_72hpf_roi3,,
korra,/clusterfs/vast/abcabc/Korra_Foundation/20251013_mem-histone/fish2_96hpf_roi1,korra,fish2_96hpf_roi1,fish2_96hpf_roi1,,
korra,/clusterfs/vast/abcabc/Korra_Foundation/20251013_mem-histone/fish2_96hpf_roi2,korra,fish2_96hpf_roi2,fish2_96hpf_roi2,,
korra,/clusterfs/vast/abcabc/Korra_Foundation/20250529_skittlez/fish2_roi1,korra,fish2_roi1,fish2_roi1,,
korra,/clusterfs/vast/abcabc/Korra_Foundation/20250530_mem-histone/fish2_roi1,korra,fish2_roi1,fish2_roi1,,
korra,/clusterfs/vast/abcabc/Korra_Foundation/20250602_mem/fish2_roi1,korra,fish2_roi1,fish2_roi1,,
korra,/clusterfs/vast/abcabc/Korra_Foundation/20250603_skittlez/fish2_roi1,korra,fish2_roi1,fish2_roi1,,
korra,/clusterfs/vast/abcabc/Korra_Foundation/20250605_skittlez/fish2_roi1,korra,fish2_roi1,fish2_roi1,,
korra,/clusterfs/vast/abcabc/Korra_Foundation/20250606_skittlez/fish2_roi1,korra,fish2_roi1,fish2_roi1,,
korra,/clusterfs/vast/abcabc/Korra_Foundation/20250612_skittlez/fish2_roi1,korra,fish2_roi1,fish2_roi1,,
korra,/clusterfs/vast/abcabc/Korra_Foundation/20250613_skittlez/fish2_roi1,korra,fish2_roi1,fish2_roi1,,
korra,/clusterfs/vast/abcabc/Korra_Foundation/20250618_skittlez/fish2_roi1,korra,fish2_roi1,fish2_roi1,,
korra,/clusterfs/vast/abcabc/Korra_Foundation/20250619_skittlez/fish2_roi1,korra,fish2_roi1,fish2_roi1,,
korra,/clusterfs/vast/abcabc/Korra_Foundation/20250624_skittlez_Chris_x_Liam/fish2_roi1,korra,fish2_roi1,fish2_roi1,,
korra,/clusterfs/vast/abcabc/Korra_Foundation/20250624_skittlez_Issac_x_Ken/fish2_roi1,korra,fish2_roi1,fish2_roi1,,
korra,/clusterfs/vast/abcabc/Korra_Foundation/20250627_skittlez/fish2_roi1,korra,fish2_roi1,fish2_roi1,,
korra,/clusterfs/vast/abcabc/Korra_Foundation/20250801_mem-PCNA/fish2_roi1,korra,fish2_roi1,fish2_roi1,,
korra,/clusterfs/vast/abcabc/Korra_Foundation/20250605_skittlez/fish2_roi12,korra,fish2_roi12,fish2_roi12,,
korra,/clusterfs/vast/abcabc/Korra_Foundation/20250603_skittlez/fish2_roi1_1,korra,fish2_roi1_1,fish2_roi1_1,,
korra,/clusterfs/vast/abcabc/Korra_Foundation/20250529_skittlez/fish2_roi2,korra,fish2_roi2,fish2_roi2,,
korra,/clusterfs/vast/abcabc/Korra_Foundation/20250624_skittlez_Issac_x_Ken/fish2_roi2,korra,fish2_roi2,fish2_roi2,,
korra,/clusterfs/vast/abcabc/Korra_Foundation/20250513_skittles/fish3/roi1,korra,fish3,roi1,,
korra,/clusterfs/vast/abcabc/Korra_Foundation/20250521_skittles_no-membrane/fish3/roi1,korra,fish3,roi1,,
korra,/clusterfs/vast/abcabc/Korra_Foundation/20250522_skittlez/fish3/roi1,korra,fish3,roi1,,
korra,/clusterfs/vast/abcabc/Korra_Foundation/20250523_mem_histone/fish3/roi1,korra,fish3,roi1,,
korra,/clusterfs/vast/abcabc/Korra_Foundation/20250513_skittles/fish3/roi2,korra,fish3,roi2,,
korra,/clusterfs/vast/abcabc/Korra_Foundation/20250522_skittlez/fish3/roi2,korra,fish3,roi2,,
korra,/clusterfs/vast/abcabc/Korra_Foundation/20250528_mem-histone/fish3/roi2_spine,korra,fish3,roi2_spine,,
korra,/clusterfs/vast/abcabc/Korra_Foundation/20250513_skittles/fish3/roi3,korra,fish3,roi3,,
korra,/clusterfs/vast/abcabc/Korra_Foundation/20250522_skittlez/fish3/roi3,korra,fish3,roi3,,
korra,/clusterfs/vast/abcabc/Korra_Foundation/20250513_skittles/fish3/roi4,korra,fish3,roi4,,
korra,/clusterfs/vast/abcabc/Korra_Foundation/20250715_mem_organelle/fish3_24hpf_mem_mito_msc3_er_halo/roi1,korra,fish3_24hpf_mem_mito_msc3_er_halo,roi1,,
korra,/clusterfs/vast/abcabc/Korra_Foundation/20250715_mem_organelle/fish3_24hpf_mem_mito_msc3_er_halo/roi2,korra,fish3_24hpf_mem_mito_msc3_er_halo,roi2,,
korra,/clusterfs/vast/abcabc/Korra_Foundation/20250609_mem-histone/fish3_24hpf_roi1,korra,fish3_24hpf_roi1,fish3_24hpf_roi1,,
korra,/clusterfs/vast/abcabc/Korra_Foundation/20251022_mem-histone/fish3_24hpf_roi1,korra,fish3_24hpf_roi1,fish3_24hpf_roi1,,
korra,/clusterfs/vast/abcabc/Korra_Foundation/20251029_mem-histone/fish3_24hpf_roi1,korra,fish3_24hpf_roi1,fish3_24hpf_roi1,,
korra,/clusterfs/vast/abcabc/Korra_Foundation/20250616_mem-histone/fish3_24hpf_roi1_brain,korra,fish3_24hpf_roi1_brain,fish3_24hpf_roi1_brain,,
korra,/clusterfs/vast/abcabc/Korra_Foundation/20251022_mem-histone/fish3_24hpf_roi2,korra,fish3_24hpf_roi2,fish3_24hpf_roi2,,
korra,/clusterfs/vast/abcabc/Korra_Foundation/20250723_mem-halo_ER-mSG/fish3_48hpf/roi1_mb,korra,fish3_48hpf,roi1_mb,,
korra,/clusterfs/vast/abcabc/Korra_Foundation/20250723_mem-halo_ER-mSG/fish3_48hpf/roi2,korra,fish3_48hpf,roi2,,
korra,/clusterfs/vast/abcabc/Korra_Foundation/20250723_mem-halo_ER-mSG/fish3_48hpf/roi3,korra,fish3_48hpf,roi3,,
korra,/clusterfs/vast/abcabc/Korra_Foundation/20250723_mem-halo_ER-mSG/fish3_48hpf/roi4,korra,fish3_48hpf,roi4,,
korra,/clusterfs/vast/abcabc/Korra_Foundation/20250723_mem-halo_ER-mSG/fish3_48hpf/roi5,korra,fish3_48hpf,roi5,,
korra,/clusterfs/vast/abcabc/Korra_Foundation/20250723_mem-halo_ER-mSG/fish3_48hpf/roi6,korra,fish3_48hpf,roi6,,
korra,/clusterfs/vast/abcabc/Korra_Foundation/20251007_mem-histone/fish3_48hpf_roi1,korra,fish3_48hpf_roi1,fish3_48hpf_roi1,,
korra,/clusterfs/vast/abcabc/Korra_Foundation/20251015_mem-histone/fish3_48hpf_roi1,korra,fish3_48hpf_roi1,fish3_48hpf_roi1,,
korra,/clusterfs/vast/abcabc/Korra_Foundation/20251110_mem-histone/fish3_48hpf_roi1,korra,fish3_48hpf_roi1,fish3_48hpf_roi1,,
korra,/clusterfs/vast/abcabc/Korra_Foundation/20251112_mem-mito/fish3_48hpf_roi1,korra,fish3_48hpf_roi1,fish3_48hpf_roi1,,
korra,/clusterfs/vast/abcabc/Korra_Foundation/20251007_mem-histone/fish3_48hpf_roi1_test,korra,fish3_48hpf_roi1_test,fish3_48hpf_roi1_test,,
korra,/clusterfs/vast/abcabc/Korra_Foundation/20251007_mem-histone/fish3_48hpf_roi2,korra,fish3_48hpf_roi2,fish3_48hpf_roi2,,
korra,/clusterfs/vast/abcabc/Korra_Foundation/20251015_mem-histone/fish3_48hpf_roi2,korra,fish3_48hpf_roi2,fish3_48hpf_roi2,,
korra,/clusterfs/vast/abcabc/Korra_Foundation/20251112_mem-mito/fish3_48hpf_roi2,korra,fish3_48hpf_roi2,fish3_48hpf_roi2,,
korra,/clusterfs/vast/abcabc/Korra_Foundation/20251007_mem-histone/fish3_48hpf_roi2_test,korra,fish3_48hpf_roi2_test,fish3_48hpf_roi2_test,,
korra,/clusterfs/vast/abcabc/Korra_Foundation/20251112_mem-mito/fish3_48hpf_roi3,korra,fish3_48hpf_roi3,fish3_48hpf_roi3,,
korra,/clusterfs/vast/abcabc/Korra_Foundation/20251112_mem-mito/fish3_48hpf_roi4,korra,fish3_48hpf_roi4,fish3_48hpf_roi4,,
korra,/clusterfs/vast/abcabc/Korra_Foundation/20250801_mem-PCNA/fish3_72hpf_roi1,korra,fish3_72hpf_roi1,fish3_72hpf_roi1,,
korra,/clusterfs/vast/abcabc/Korra_Foundation/20251016_mem-histone/fish3_72hpf_roi1,korra,fish3_72hpf_roi1,fish3_72hpf_roi1,,
korra,/clusterfs/vast/abcabc/Korra_Foundation/20251024_mem-histone/fish3_72hpf_roi1,korra,fish3_72hpf_roi1,fish3_72hpf_roi1,,
korra,/clusterfs/vast/abcabc/Korra_Foundation/20251027_mem-histone/fish3_72hpf_roi1,korra,fish3_72hpf_roi1,fish3_72hpf_roi1,,
korra,/clusterfs/vast/abcabc/Korra_Foundation/20251016_mem-histone/fish3_72hpf_roi2,korra,fish3_72hpf_roi2,fish3_72hpf_roi2,,
korra,/clusterfs/vast/abcabc/Korra_Foundation/20251024_mem-histone/fish3_72hpf_roi2,korra,fish3_72hpf_roi2,fish3_72hpf_roi2,,
korra,/clusterfs/vast/abcabc/Korra_Foundation/20251027_mem-histone/fish3_72hpf_roi2,korra,fish3_72hpf_roi2,fish3_72hpf_roi2,,
korra,/clusterfs/vast/abcabc/Korra_Foundation/20251024_mem-histone/fish3_72hpf_roi3,korra,fish3_72hpf_roi3,fish3_72hpf_roi3,,
korra,/clusterfs/vast/abcabc/Korra_Foundation/20251027_mem-histone/fish3_72hpf_roi3,korra,fish3_72hpf_roi3,fish3_72hpf_roi3,,
korra,/clusterfs/vast/abcabc/Korra_Foundation/20251024_mem-histone/fish3_72hpf_roi4,korra,fish3_72hpf_roi4,fish3_72hpf_roi4,,
korra,/clusterfs/vast/abcabc/Korra_Foundation/20251027_mem-histone/fish3_72hpf_roi4,korra,fish3_72hpf_roi4,fish3_72hpf_roi4,,
korra,/clusterfs/vast/abcabc/Korra_Foundation/20251024_mem-histone/fish3_72hpf_roi5,korra,fish3_72hpf_roi5,fish3_72hpf_roi5,,
korra,/clusterfs/vast/abcabc/Korra_Foundation/20251013_mem-histone/fish3_96hpf_roi1,korra,fish3_96hpf_roi1,fish3_96hpf_roi1,,
korra,/clusterfs/vast/abcabc/Korra_Foundation/20251013_mem-histone/fish3_96hpf_roi2,korra,fish3_96hpf_roi2,fish3_96hpf_roi2,,
korra,/clusterfs/vast/abcabc/Korra_Foundation/20251013_mem-histone/fish3_96hpf_roi3,korra,fish3_96hpf_roi3,fish3_96hpf_roi3,,
korra,/clusterfs/vast/abcabc/Korra_Foundation/20250429_mem_cytosol/fish3_mem-halo_24hpf/roi1,korra,fish3_mem-halo_24hpf,roi1,,
korra,/clusterfs/vast/abcabc/Korra_Foundation/20250429_mem_cytosol/fish3_mem-halo_24hpf/roi2,korra,fish3_mem-halo_24hpf,roi2,,
korra,/clusterfs/vast/abcabc/Korra_Foundation/20250603_skittlez/fish3_roi1,korra,fish3_roi1,fish3_roi1,,
korra,/clusterfs/vast/abcabc/Korra_Foundation/20250606_skittlez/fish3_roi1,korra,fish3_roi1,fish3_roi1,,
korra,/clusterfs/vast/abcabc/Korra_Foundation/20250612_skittlez/fish3_roi1,korra,fish3_roi1,fish3_roi1,,
korra,/clusterfs/vast/abcabc/Korra_Foundation/20250613_skittlez/fish3_roi1,korra,fish3_roi1,fish3_roi1,,
korra,/clusterfs/vast/abcabc/Korra_Foundation/20250618_skittlez/fish3_roi1,korra,fish3_roi1,fish3_roi1,,
korra,/clusterfs/vast/abcabc/Korra_Foundation/20250619_skittlez/fish3_roi1,korra,fish3_roi1,fish3_roi1,,
korra,/clusterfs/vast/abcabc/Korra_Foundation/20250624_skittlez_Chris_x_Liam/fish3_roi1,korra,fish3_roi1,fish3_roi1,,
korra,/clusterfs/vast/abcabc/Korra_Foundation/20250624_skittlez_Issac_x_Ken/fish3_roi1,korra,fish3_roi1,fish3_roi1,,
korra,/clusterfs/vast/abcabc/Korra_Foundation/20250625_skittlez/fish3_roi1,korra,fish3_roi1,fish3_roi1,,
korra,/clusterfs/vast/abcabc/Korra_Foundation/20250627_skittlez/fish3_roi1,korra,fish3_roi1,fish3_roi1,,
korra,/clusterfs/vast/abcabc/Korra_Foundation/20250605_skittlez/fish3_roi12,korra,fish3_roi12,fish3_roi12,,
korra,/clusterfs/vast/abcabc/Korra_Foundation/20250605_skittlez/fish3_roi2,korra,fish3_roi2,fish3_roi2,,
korra,/clusterfs/vast/abcabc/Korra_Foundation/20250619_skittlez/fish3_roi2,korra,fish3_roi2,fish3_roi2,,
korra,/clusterfs/vast/abcabc/Korra_Foundation/20250624_skittlez_Chris_x_Liam/fish3_roi2,korra,fish3_roi2,fish3_roi2,,
korra,/clusterfs/vast/abcabc/Korra_Foundation/20250624_skittlez_Chris_x_Liam/fish3_roi3,korra,fish3_roi3,fish3_roi3,,
korra,/clusterfs/vast/abcabc/Korra_Foundation/20250513_skittles/fish4/roi1,korra,fish4,roi1,,
korra,/clusterfs/vast/abcabc/Korra_Foundation/20250521_skittles_no-membrane/fish4/roi1,korra,fish4,roi1,,
korra,/clusterfs/vast/abcabc/Korra_Foundation/20250522_skittlez/fish4/roi1,korra,fish4,roi1,,
korra,/clusterfs/vast/abcabc/Korra_Foundation/20250523_mem_histone/fish4/roi1,korra,fish4,roi1,,
korra,/clusterfs/vast/abcabc/Korra_Foundation/20250520_mem_histone/fish4/roi1_tailbud,korra,fish4,roi1_tailbud,,
korra,/clusterfs/vast/abcabc/Korra_Foundation/20250520_mem_histone/fish4/roi1_tailbud_2,korra,fish4,roi1_tailbud_2,,
korra,/clusterfs/vast/abcabc/Korra_Foundation/20250513_skittles/fish4/roi2,korra,fish4,roi2,,
korra,/clusterfs/vast/abcabc/Korra_Foundation/20250521_skittles_no-membrane/fish4/roi2,korra,fish4,roi2,,
korra,/clusterfs/vast/abcabc/Korra_Foundation/20250522_skittlez/fish4/roi2,korra,fish4,roi2,,
korra,/clusterfs/vast/abcabc/Korra_Foundation/20250513_skittles/fish4/roi3,korra,fish4,roi3,,
korra,/clusterfs/vast/abcabc/Korra_Foundation/20250715_mem_organelle/fish4_24hpf_mem_mito_msc3_er_halo/roi1,korra,fish4_24hpf_mem_mito_msc3_er_halo,roi1,,
korra,/clusterfs/vast/abcabc/Korra_Foundation/20250715_mem_organelle/fish4_24hpf_mem_mito_msc3_er_halo/roi2,korra,fish4_24hpf_mem_mito_msc3_er_halo,roi2,,
korra,/clusterfs/vast/abcabc/Korra_Foundation/20250715_mem_organelle/fish4_24hpf_mem_mito_msc3_er_halo/roi3,korra,fish4_24hpf_mem_mito_msc3_er_halo,roi3,,
korra,/clusterfs/vast/abcabc/Korra_Foundation/20250609_mem-histone/fish4_24hpf_roi1,korra,fish4_24hpf_roi1,fish4_24hpf_roi1,,
korra,/clusterfs/vast/abcabc/Korra_Foundation/20251022_mem-histone/fish4_24hpf_roi1,korra,fish4_24hpf_roi1,fish4_24hpf_roi1,,
korra,/clusterfs/vast/abcabc/Korra_Foundation/20250616_mem-histone/fish4_24hpf_roi1_brain,korra,fish4_24hpf_roi1_brain,fish4_24hpf_roi1_brain,,
korra,/clusterfs/vast/abcabc/Korra_Foundation/20251022_mem-histone/fish4_24hpf_roi2,korra,fish4_24hpf_roi2,fish4_24hpf_roi2,,
korra,/clusterfs/vast/abcabc/Korra_Foundation/20251022_mem-histone/fish4_24hpf_roi3,korra,fish4_24hpf_roi3,fish4_24hpf_roi3,,
korra,/clusterfs/vast/abcabc/Korra_Foundation/20251015_mem-histone/fish4_48hpf_roi1,korra,fish4_48hpf_roi1,fish4_48hpf_roi1,,
korra,/clusterfs/vast/abcabc/Korra_Foundation/20251110_mem-histone/fish4_48hpf_roi1,korra,fish4_48hpf_roi1,fish4_48hpf_roi1,,
korra,/clusterfs/vast/abcabc/Korra_Foundation/20251112_mem-mito/fish4_48hpf_roi1,korra,fish4_48hpf_roi1,fish4_48hpf_roi1,,
korra,/clusterfs/vast/abcabc/Korra_Foundation/20251112_mem-mito/fish4_48hpf_roi2,korra,fish4_48hpf_roi2,fish4_48hpf_roi2,,
korra,/clusterfs/vast/abcabc/Korra_Foundation/20250429_mem_cytosol/fish4_mem-halo_48hpf/roi1,korra,fish4_mem-halo_48hpf,roi1,,
korra,/clusterfs/vast/abcabc/Korra_Foundation/20250429_mem_cytosol/fish4_mem-halo_48hpf/roi2,korra,fish4_mem-halo_48hpf,roi2,,
korra,/clusterfs/vast/abcabc/Korra_Foundation/20250429_mem_cytosol/fish4_mem-halo_48hpf/roi3,korra,fish4_mem-halo_48hpf,roi3,,
korra,/clusterfs/vast/abcabc/Korra_Foundation/20250529_skittlez/fish4_roi1,korra,fish4_roi1,fish4_roi1,,
korra,/clusterfs/vast/abcabc/Korra_Foundation/20250603_skittlez/fish4_roi1,korra,fish4_roi1,fish4_roi1,,
korra,/clusterfs/vast/abcabc/Korra_Foundation/20250605_skittlez/fish4_roi1,korra,fish4_roi1,fish4_roi1,,
korra,/clusterfs/vast/abcabc/Korra_Foundation/20250606_skittlez/fish4_roi1,korra,fish4_roi1,fish4_roi1,,
korra,/clusterfs/vast/abcabc/Korra_Foundation/20250612_skittlez/fish4_roi1,korra,fish4_roi1,fish4_roi1,,
korra,/clusterfs/vast/abcabc/Korra_Foundation/20250613_skittlez/fish4_roi1,korra,fish4_roi1,fish4_roi1,,
korra,/clusterfs/vast/abcabc/Korra_Foundation/20250618_skittlez/fish4_roi1,korra,fish4_roi1,fish4_roi1,,
korra,/clusterfs/vast/abcabc/Korra_Foundation/20250619_skittlez/fish4_roi1,korra,fish4_roi1,fish4_roi1,,
korra,/clusterfs/vast/abcabc/Korra_Foundation/20250624_skittlez_Chris_x_Liam/fish4_roi1,korra,fish4_roi1,fish4_roi1,,
korra,/clusterfs/vast/abcabc/Korra_Foundation/20250624_skittlez_Issac_x_Ken/fish4_roi1,korra,fish4_roi1,fish4_roi1,,
korra,/clusterfs/vast/abcabc/Korra_Foundation/20250625_skittlez/fish4_roi1,korra,fish4_roi1,fish4_roi1,,
korra,/clusterfs/vast/abcabc/Korra_Foundation/20250627_skittlez/fish4_roi1,korra,fish4_roi1,fish4_roi1,,
korra,/clusterfs/vast/abcabc/Korra_Foundation/20250624_skittlez_Chris_x_Liam/fish4_roi2,korra,fish4_roi2,fish4_roi2,,
korra,/clusterfs/vast/abcabc/Korra_Foundation/20250627_skittlez/fish4_roi2,korra,fish4_roi2,fish4_roi2,,
korra,/clusterfs/vast/abcabc/Korra_Foundation/20250624_skittlez_Chris_x_Liam/fish4_roi3,korra,fish4_roi3,fish4_roi3,,
korra,/clusterfs/vast/abcabc/Korra_Foundation/20250624_skittlez_Chris_x_Liam/fish4_roi4,korra,fish4_roi4,fish4_roi4,,
korra,/clusterfs/vast/abcabc/Korra_Foundation/20250513_skittles/fish5/roi1,korra,fish5,roi1,,
korra,/clusterfs/vast/abcabc/Korra_Foundation/20250522_skittlez/fish5/roi1,korra,fish5,roi1,,
korra,/clusterfs/vast/abcabc/Korra_Foundation/20250523_mem_histone/fish5/roi1,korra,fish5,roi1,,
korra,/clusterfs/vast/abcabc/Korra_Foundation/20250520_mem_histone/fish5/roi1_tailbud,korra,fish5,roi1_tailbud,,
korra,/clusterfs/vast/abcabc/Korra_Foundation/20250513_skittles/fish5/roi2,korra,fish5,roi2,,
korra,/clusterfs/vast/abcabc/Korra_Foundation/20250513_skittles/fish5/roi3,korra,fish5,roi3,,
korra,/clusterfs/vast/abcabc/Korra_Foundation/20250513_skittles/fish5/roi4,korra,fish5,roi4,,
korra,/clusterfs/vast/abcabc/Korra_Foundation/20250513_skittles/fish5/roi5,korra,fish5,roi5,,
korra,/clusterfs/vast/abcabc/Korra_Foundation/20250513_skittles/fish5/roi6,korra,fish5,roi6,,
korra,/clusterfs/vast/abcabc/Korra_Foundation/20250513_skittles/fish5/roi7,korra,fish5,roi7,,
korra,/clusterfs/vast/abcabc/Korra_Foundation/20250609_mem-histone/fish5_24hpf_roi1,korra,fish5_24hpf_roi1,fish5_24hpf_roi1,,
korra,/clusterfs/vast/abcabc/Korra_Foundation/20251029_mem-histone/fish5_24hpf_roi1,korra,fish5_24hpf_roi1,fish5_24hpf_roi1,,
korra,/clusterfs/vast/abcabc/Korra_Foundation/20251029_mem-histone/fish5_24hpf_roi2,korra,fish5_24hpf_roi2,fish5_24hpf_roi2,,
korra,/clusterfs/vast/abcabc/Korra_Foundation/20250715_mem_organelle/fish5_48hpf_mem_mito_halo_er_msc2/roi1,korra,fish5_48hpf_mem_mito_halo_er_msc2,roi1,,
korra,/clusterfs/vast/abcabc/Korra_Foundation/20250715_mem_organelle/fish5_48hpf_mem_mito_halo_er_msc2/roi2,korra,fish5_48hpf_mem_mito_halo_er_msc2,roi2,,
korra,/clusterfs/vast/abcabc/Korra_Foundation/20250715_mem_organelle/fish5_48hpf_mem_mito_halo_er_msc2/roi3,korra,fish5_48hpf_mem_mito_halo_er_msc2,roi3,,
korra,/clusterfs/vast/abcabc/Korra_Foundation/20250715_mem_organelle/fish5_48hpf_mem_mito_halo_er_msc2/roi4,korra,fish5_48hpf_mem_mito_halo_er_msc2,roi4,,
korra,/clusterfs/vast/abcabc/Korra_Foundation/20250609_mem-histone/fish5_48hpf_roi2,korra,fish5_48hpf_roi2,fish5_48hpf_roi2,,
korra,/clusterfs/vast/abcabc/Korra_Foundation/20250529_skittlez/fish5_roi1,korra,fish5_roi1,fish5_roi1,,
korra,/clusterfs/vast/abcabc/Korra_Foundation/20250605_skittlez/fish5_roi1,korra,fish5_roi1,fish5_roi1,,
korra,/clusterfs/vast/abcabc/Korra_Foundation/20250612_skittlez/fish5_roi1,korra,fish5_roi1,fish5_roi1,,
korra,/clusterfs/vast/abcabc/Korra_Foundation/20250613_skittlez/fish5_roi1,korra,fish5_roi1,fish5_roi1,,
korra,/clusterfs/vast/abcabc/Korra_Foundation/20250618_skittlez/fish5_roi1,korra,fish5_roi1,fish5_roi1,,
korra,/clusterfs/vast/abcabc/Korra_Foundation/20250619_skittlez/fish5_roi1,korra,fish5_roi1,fish5_roi1,,
korra,/clusterfs/vast/abcabc/Korra_Foundation/20250624_skittlez_Chris_x_Liam/fish5_roi1,korra,fish5_roi1,fish5_roi1,,
korra,/clusterfs/vast/abcabc/Korra_Foundation/20250625_skittlez/fish5_roi1,korra,fish5_roi1,fish5_roi1,,
korra,/clusterfs/vast/abcabc/Korra_Foundation/20250627_skittlez/fish5_roi1,korra,fish5_roi1,fish5_roi1,,
korra,/clusterfs/vast/abcabc/Korra_Foundation/20250624_skittlez_Chris_x_Liam/fish5_roi1-1,korra,fish5_roi1-1,fish5_roi1-1,,
korra,/clusterfs/vast/abcabc/Korra_Foundation/20250529_skittlez/fish5_roi2,korra,fish5_roi2,fish5_roi2,,
korra,/clusterfs/vast/abcabc/Korra_Foundation/20250605_skittlez/fish5_roi2,korra,fish5_roi2,fish5_roi2,,
korra,/clusterfs/vast/abcabc/Korra_Foundation/20250612_skittlez/fish5_roi2,korra,fish5_roi2,fish5_roi2,,
korra,/clusterfs/vast/abcabc/Korra_Foundation/20250619_skittlez/fish5_roi2,korra,fish5_roi2,fish5_roi2,,
korra,/clusterfs/vast/abcabc/Korra_Foundation/20250625_skittlez/fish5_roi2,korra,fish5_roi2,fish5_roi2,,
korra,/clusterfs/vast/abcabc/Korra_Foundation/20250612_skittlez/fish5_roi3,korra,fish5_roi3,fish5_roi3,,
korra,/clusterfs/vast/abcabc/Korra_Foundation/20250513_skittles/fish6/roi1,korra,fish6,roi1,,
korra,/clusterfs/vast/abcabc/Korra_Foundation/20250522_skittlez/fish6/roi1,korra,fish6,roi1,,
korra,/clusterfs/vast/abcabc/Korra_Foundation/20250513_skittles/fish6/roi2,korra,fish6,roi2,,
korra,/clusterfs/vast/abcabc/Korra_Foundation/20250522_skittlez/fish6/roi2,korra,fish6,roi2,,
korra,/clusterfs/vast/abcabc/Korra_Foundation/20250513_skittles/fish6/roi3,korra,fish6,roi3,,
korra,/clusterfs/vast/abcabc/Korra_Foundation/20250513_skittles/fish6/roi4,korra,fish6,roi4,,
korra,/clusterfs/vast/abcabc/Korra_Foundation/20250715_mem_organelle/fish6_48hpf_mem_mito_halo_er_msc2/roi1,korra,fish6_48hpf_mem_mito_halo_er_msc2,roi1,,
korra,/clusterfs/vast/abcabc/Korra_Foundation/20250715_mem_organelle/fish6_48hpf_mem_mito_halo_er_msc2/roi2,korra,fish6_48hpf_mem_mito_halo_er_msc2,roi2,,
korra,/clusterfs/vast/abcabc/Korra_Foundation/20250715_mem_organelle/fish6_48hpf_mem_mito_halo_er_msc2/roi3,korra,fish6_48hpf_mem_mito_halo_er_msc2,roi3,,
korra,/clusterfs/vast/abcabc/Korra_Foundation/20250715_mem_organelle/fish6_48hpf_mem_mito_halo_er_msc2/roi4,korra,fish6_48hpf_mem_mito_halo_er_msc2,roi4,,
korra,/clusterfs/vast/abcabc/Korra_Foundation/20250715_mem_organelle/fish6_48hpf_mem_mito_halo_er_msc2/roi5,korra,fish6_48hpf_mem_mito_halo_er_msc2,roi5,,
korra,/clusterfs/vast/abcabc/Korra_Foundation/20250609_mem-histone/fish6_48hpf_roi1,korra,fish6_48hpf_roi1,fish6_48hpf_roi1,,
korra,/clusterfs/vast/abcabc/Korra_Foundation/20250609_mem-histone/fish6_48hpf_roi2,korra,fish6_48hpf_roi2,fish6_48hpf_roi2,,
korra,/clusterfs/vast/abcabc/Korra_Foundation/20250529_skittlez/fish6_roi1,korra,fish6_roi1,fish6_roi1,,
korra,/clusterfs/vast/abcabc/Korra_Foundation/20250603_skittlez/fish6_roi1,korra,fish6_roi1,fish6_roi1,,
korra,/clusterfs/vast/abcabc/Korra_Foundation/20250605_skittlez/fish6_roi1,korra,fish6_roi1,fish6_roi1,,
korra,/clusterfs/vast/abcabc/Korra_Foundation/20250606_skittlez/fish6_roi1,korra,fish6_roi1,fish6_roi1,,
korra,/clusterfs/vast/abcabc/Korra_Foundation/20250612_skittlez/fish6_roi1,korra,fish6_roi1,fish6_roi1,,
korra,/clusterfs/vast/abcabc/Korra_Foundation/20250613_skittlez/fish6_roi1,korra,fish6_roi1,fish6_roi1,,
korra,/clusterfs/vast/abcabc/Korra_Foundation/20250618_skittlez/fish6_roi1,korra,fish6_roi1,fish6_roi1,,
korra,/clusterfs/vast/abcabc/Korra_Foundation/20250624_skittlez_Chris_x_Liam/fish6_roi1,korra,fish6_roi1,fish6_roi1,,
korra,/clusterfs/vast/abcabc/Korra_Foundation/20250618_skittlez/fish6_roi2,korra,fish6_roi2,fish6_roi2,,
korra,/clusterfs/vast/abcabc/Korra_Foundation/20250624_skittlez_Chris_x_Liam/fish6_roi2,korra,fish6_roi2,fish6_roi2,,
korra,/clusterfs/vast/abcabc/Korra_Foundation/20250624_skittlez_Chris_x_Liam/fish6_roi3,korra,fish6_roi3,fish6_roi3,,
korra,/clusterfs/vast/abcabc/Korra_Foundation/20250522_skittlez/fish7/roi1,korra,fish7,roi1,,
korra,/clusterfs/vast/abcabc/Korra_Foundation/20250513_skittles/fish7/roi1_ear_brain,korra,fish7,roi1_ear_brain,,
korra,/clusterfs/vast/abcabc/Korra_Foundation/20250522_skittlez/fish7/roi2,korra,fish7,roi2,,
korra,/clusterfs/vast/abcabc/Korra_Foundation/20250513_skittles/fish7/roi2_brain,korra,fish7,roi2_brain,,
korra,/clusterfs/vast/abcabc/Korra_Foundation/20250522_skittlez/fish7/roi3,korra,fish7,roi3,,
korra,/clusterfs/vast/abcabc/Korra_Foundation/20250715_mem_organelle/fish7_48hpf_mem_mito_halo_er_msc2/roi1,korra,fish7_48hpf_mem_mito_halo_er_msc2,roi1,,
korra,/clusterfs/vast/abcabc/Korra_Foundation/20250613_skittlez/fish7_roi,korra,fish7_roi,fish7_roi,,
korra,/clusterfs/vast/abcabc/Korra_Foundation/20250529_skittlez/fish7_roi1,korra,fish7_roi1,fish7_roi1,,
korra,/clusterfs/vast/abcabc/Korra_Foundation/20250603_skittlez/fish7_roi1,korra,fish7_roi1,fish7_roi1,,
korra,/clusterfs/vast/abcabc/Korra_Foundation/20250605_skittlez/fish7_roi1,korra,fish7_roi1,fish7_roi1,,
korra,/clusterfs/vast/abcabc/Korra_Foundation/20250606_skittlez/fish7_roi1,korra,fish7_roi1,fish7_roi1,,
korra,/clusterfs/vast/abcabc/Korra_Foundation/20250612_skittlez/fish7_roi1,korra,fish7_roi1,fish7_roi1,,
korra,/clusterfs/vast/abcabc/Korra_Foundation/20250618_skittlez/fish7_roi1,korra,fish7_roi1,fish7_roi1,,
korra,/clusterfs/vast/abcabc/Korra_Foundation/20250624_skittlez_Chris_x_Liam/fish7_roi1,korra,fish7_roi1,fish7_roi1,,
korra,/clusterfs/vast/abcabc/Korra_Foundation/20250625_skittlez/fish7_roi1,korra,fish7_roi1,fish7_roi1,,
korra,/clusterfs/vast/abcabc/Korra_Foundation/20250627_skittlez/fish7_roi1,korra,fish7_roi1,fish7_roi1,,
korra,/clusterfs/vast/abcabc/Korra_Foundation/20250606_skittlez/fish7_roi2,korra,fish7_roi2,fish7_roi2,,
korra,/clusterfs/vast/abcabc/Korra_Foundation/20250618_skittlez/fish7_roi2,korra,fish7_roi2,fish7_roi2,,
korra,/clusterfs/vast/abcabc/Korra_Foundation/20250624_skittlez_Chris_x_Liam/fish7_roi2,korra,fish7_roi2,fish7_roi2,,
korra,/clusterfs/vast/abcabc/Korra_Foundation/20250618_skittlez/fish7_roi3,korra,fish7_roi3,fish7_roi3,,
korra,/clusterfs/vast/abcabc/Korra_Foundation/20250624_skittlez_Chris_x_Liam/fish7_roi3,korra,fish7_roi3,fish7_roi3,,
korra,/clusterfs/vast/abcabc/Korra_Foundation/20250618_skittlez/fish7_roi4,korra,fish7_roi4,fish7_roi4,,
korra,/clusterfs/vast/abcabc/Korra_Foundation/20250624_skittlez_Chris_x_Liam/fish7_roi4,korra,fish7_roi4,fish7_roi4,,
korra,/clusterfs/vast/abcabc/Korra_Foundation/20250513_skittles/fish8/roi1,korra,fish8,roi1,,
korra,/clusterfs/vast/abcabc/Korra_Foundation/20250522_skittlez/fish8/roi1,korra,fish8,roi1,,
korra,/clusterfs/vast/abcabc/Korra_Foundation/20250522_skittlez/fish8/roi2,korra,fish8,roi2,,
korra,/clusterfs/vast/abcabc/Korra_Foundation/20250522_skittlez/fish8/roi3,korra,fish8,roi3,,
korra,/clusterfs/vast/abcabc/Korra_Foundation/20250715_mem_organelle/fish8_72hpf_mem_mito_msc3_er_halo/roi1,korra,fish8_72hpf_mem_mito_msc3_er_halo,roi1,,
korra,/clusterfs/vast/abcabc/Korra_Foundation/20250715_mem_organelle/fish8_72hpf_mem_mito_msc3_er_halo/roi2,korra,fish8_72hpf_mem_mito_msc3_er_halo,roi2,,
korra,/clusterfs/vast/abcabc/Korra_Foundation/20250715_mem_organelle/fish8_72hpf_mem_mito_msc3_er_halo/roi3,korra,fish8_72hpf_mem_mito_msc3_er_halo,roi3,,
korra,/clusterfs/vast/abcabc/Korra_Foundation/20250529_skittlez/fish8_roi1,korra,fish8_roi1,fish8_roi1,,
korra,/clusterfs/vast/abcabc/Korra_Foundation/20250603_skittlez/fish8_roi1,korra,fish8_roi1,fish8_roi1,,
korra,/clusterfs/vast/abcabc/Korra_Foundation/20250605_skittlez/fish8_roi1,korra,fish8_roi1,fish8_roi1,,
korra,/clusterfs/vast/abcabc/Korra_Foundation/20250606_skittlez/fish8_roi1,korra,fish8_roi1,fish8_roi1,,
korra,/clusterfs/vast/abcabc/Korra_Foundation/20250612_skittlez/fish8_roi1,korra,fish8_roi1,fish8_roi1,,
korra,/clusterfs/vast/abcabc/Korra_Foundation/20250613_skittlez/fish8_roi1,korra,fish8_roi1,fish8_roi1,,
korra,/clusterfs/vast/abcabc/Korra_Foundation/20250618_skittlez/fish8_roi1,korra,fish8_roi1,fish8_roi1,,
korra,/clusterfs/vast/abcabc/Korra_Foundation/20250625_skittlez/fish8_roi1,korra,fish8_roi1,fish8_roi1,,
korra,/clusterfs/vast/abcabc/Korra_Foundation/20250627_skittlez/fish8_roi1,korra,fish8_roi1,fish8_roi1,,
korra,/clusterfs/vast/abcabc/Korra_Foundation/20250618_skittlez/fish8_roi2,korra,fish8_roi2,fish8_roi2,,
korra,/clusterfs/vast/abcabc/Korra_Foundation/20250625_skittlez/fish8_roi2,korra,fish8_roi2,fish8_roi2,,
korra,/clusterfs/vast/abcabc/Korra_Foundation/20250618_skittlez/fish8_roi3,korra,fish8_roi3,fish8_roi3,,
korra,/clusterfs/vast/abcabc/Korra_Foundation/20250618_skittlez/fish8_roi4,korra,fish8_roi4,fish8_roi4,,
korra,/clusterfs/vast/abcabc/Korra_Foundation/20250513_skittles/fish9/roi1,korra,fish9,roi1,,
korra,/clusterfs/vast/abcabc/Korra_Foundation/20250522_skittlez/fish9/roi1,korra,fish9,roi1,,
korra,/clusterfs/vast/abcabc/Korra_Foundation/20250529_skittlez/fish9_roi1,korra,fish9_roi1,fish9_roi1,,
korra,/clusterfs/vast/abcabc/Korra_Foundation/20250603_skittlez/fish9_roi1,korra,fish9_roi1,fish9_roi1,,
korra,/clusterfs/vast/abcabc/Korra_Foundation/20250605_skittlez/fish9_roi1,korra,fish9_roi1,fish9_roi1,,
korra,/clusterfs/vast/abcabc/Korra_Foundation/20250606_skittlez/fish9_roi1,korra,fish9_roi1,fish9_roi1,,
korra,/clusterfs/vast/abcabc/Korra_Foundation/20250613_skittlez/fish9_roi1,korra,fish9_roi1,fish9_roi1,,
korra,/clusterfs/vast/abcabc/Korra_Foundation/20250618_skittlez/fish9_roi1,korra,fish9_roi1,fish9_roi1,,
korra,/clusterfs/vast/abcabc/Korra_Foundation/20250625_skittlez/fish9_roi1,korra,fish9_roi1,fish9_roi1,,
korra,/clusterfs/vast/abcabc/Korra_Foundation/20250627_skittlez/fish9_roi1,korra,fish9_roi1,fish9_roi1,,
korra,/clusterfs/vast/abcabc/Korra_Foundation/20250529_skittlez/fish9_roi2,korra,fish9_roi2,fish9_roi2,,
korra,/clusterfs/vast/abcabc/Korra_Foundation/20250603_skittlez/fish9_roi2,korra,fish9_roi2,fish9_roi2,,
korra,/clusterfs/vast/abcabc/Korra_Foundation/20250605_skittlez/fish9_roi2,korra,fish9_roi2,fish9_roi2,,
korra,/clusterfs/vast/abcabc/Korra_Foundation/20250606_skittlez/fish9_roi2,korra,fish9_roi2,fish9_roi2,,
korra,/clusterfs/vast/abcabc/Korra_Foundation/20250618_skittlez/fish9_roi2,korra,fish9_roi2,fish9_roi2,,
korra,/clusterfs/vast/abcabc/Korra_Foundation/20250603_skittlez/fish9_roi3,korra,fish9_roi3,fish9_roi3,,
