date_experiment,fish_label,roi_rel,roi_name,roi_tiffs,roi_dir,dataset,experiment_name,mount_row_index_scored,date_mount,mount_id,zf_female_genotype,zf_male_genotype,additional_plasmids_injected,additional_mrnas_injected,additonal_dye_and_chemicals,data_location,female_plasmid_base_code,female_allele,male_plasmid_base_code,male_allele,additional_plasmids_plasmid_base_code,additional_mrnas_plasmid_base_code
20250428_mem_histone,fish1_72hpf,roi1_tail,roi1_tail,3206,/clusterfs/vast/abcabc/Korra_Foundation/20250428_mem_histone/fish1_72hpf/roi1_tail,korra,mem_histone,172.0,4/28/25,,ef1a:2xLynk:tdmSG(J) (F2 of allele 301),ef1a:2xLynk:tdmSG(J) (F2 of allele 301),,mScarlet3-S2:H2B,,X:\abcabc\Korra_Foundation\20250428_mem_histone\fish1_72hpf,pDQM005,301,pDQM005,301,,pDQM117
20250428_mem_histone,fish1_72hpf,roi2_hindbrain_spine,roi2_hindbrain_spine,9760,/clusterfs/vast/abcabc/Korra_Foundation/20250428_mem_histone/fish1_72hpf/roi2_hindbrain_spine,korra,mem_histone,172.0,4/28/25,,ef1a:2xLynk:tdmSG(J) (F2 of allele 301),ef1a:2xLynk:tdmSG(J) (F2 of allele 301),,mScarlet3-S2:H2B,,X:\abcabc\Korra_Foundation\20250428_mem_histone\fish1_72hpf,pDQM005,301,pDQM005,301,,pDQM117
20250429_mem_cytosol,fish1_24hpf,roi1,roi1,6873,/clusterfs/vast/abcabc/Korra_Foundation/20250429_mem_cytosol/fish1_24hpf/roi1,korra,mem_cytosol,171.0,4/29/25,,ef1a:2xLynk:tdmSG(J) (F2 of allele 301),ef1a:2xLynk:tdmSG(J) (F2 of allele 301),ef1a:mGold2s,,,X:\abcabc\Korra_Foundation\20250429_mem_cytosol\fish1_24hpf,pDQM005,301,pDQM005,301,pDQM140,
20250429_mem_cytosol,fish1_24hpf,roi1_test,roi1_test,46,/clusterfs/vast/abcabc/Korra_Foundation/20250429_mem_cytosol/fish1_24hpf/roi1_test,korra,mem_cytosol,171.0,4/29/25,,ef1a:2xLynk:tdmSG(J) (F2 of allele 301),ef1a:2xLynk:tdmSG(J) (F2 of allele 301),ef1a:mGold2s,,,X:\abcabc\Korra_Foundation\20250429_mem_cytosol\fish1_24hpf,pDQM005,301,pDQM005,301,pDQM140,
20250429_mem_cytosol,fish2_48hpf,roi1,roi1,3180,/clusterfs/vast/abcabc/Korra_Foundation/20250429_mem_cytosol/fish2_48hpf/roi1,korra,mem_cytosol,171.0,4/29/25,,ef1a:2xLynk:tdmSG(J) (F2 of allele 301),ef1a:2xLynk:tdmSG(J) (F2 of allele 301),ef1a:mGold2s,,,X:\abcabc\Korra_Foundation\20250429_mem_cytosol\fish1_24hpf,pDQM005,301,pDQM005,301,pDQM140,
20250429_mem_cytosol,fish3_mem-halo_24hpf,roi1,roi1,18,/clusterfs/vast/abcabc/Korra_Foundation/20250429_mem_cytosol/fish3_mem-halo_24hpf/roi1,korra,mem_cytosol,171.0,4/29/25,,ef1a:2xLynk:tdmSG(J) (F2 of allele 301),ef1a:2xLynk:tdmSG(J) (F2 of allele 301),ef1a:mGold2s,,,X:\abcabc\Korra_Foundation\20250429_mem_cytosol\fish1_24hpf,pDQM005,301,pDQM005,301,pDQM140,
20250429_mem_cytosol,fish3_mem-halo_24hpf,roi2,roi2,5120,/clusterfs/vast/abcabc/Korra_Foundation/20250429_mem_cytosol/fish3_mem-halo_24hpf/roi2,korra,mem_cytosol,171.0,4/29/25,,ef1a:2xLynk:tdmSG(J) (F2 of allele 301),ef1a:2xLynk:tdmSG(J) (F2 of allele 301),ef1a:mGold2s,,,X:\abcabc\Korra_Foundation\20250429_mem_cytosol\fish1_24hpf,pDQM005,301,pDQM005,301,pDQM140,
20250429_mem_cytosol,fish4_mem-halo_48hpf,roi1,roi1,3328,/clusterfs/vast/abcabc/Korra_Foundation/20250429_mem_cytosol/fish4_mem-halo_48hpf/roi1,korra,mem_cytosol,171.0,4/29/25,,ef1a:2xLynk:tdmSG(J) (F2 of allele 301),ef1a:2xLynk:tdmSG(J) (F2 of allele 301),ef1a:mGold2s,,,X:\abcabc\Korra_Foundation\20250429_mem_cytosol\fish1_24hpf,pDQM005,301,pDQM005,301,pDQM140,
20250429_mem_cytosol,fish4_mem-halo_48hpf,roi2,roi2,4608,/clusterfs/vast/abcabc/Korra_Foundation/20250429_mem_cytosol/fish4_mem-halo_48hpf/roi2,korra,mem_cytosol,171.0,4/29/25,,ef1a:2xLynk:tdmSG(J) (F2 of allele 301),ef1a:2xLynk:tdmSG(J) (F2 of allele 301),ef1a:mGold2s,,,X:\abcabc\Korra_Foundation\20250429_mem_cytosol\fish1_24hpf,pDQM005,301,pDQM005,301,pDQM140,
20250429_mem_cytosol,fish4_mem-halo_48hpf,roi3,roi3,6056,/clusterfs/vast/abcabc/Korra_Foundation/20250429_mem_cytosol/fish4_mem-halo_48hpf/roi3,korra,mem_cytosol,171.0,4/29/25,,ef1a:2xLynk:tdmSG(J) (F2 of allele 301),ef1a:2xLynk:tdmSG(J) (F2 of allele 301),ef1a:mGold2s,,,X:\abcabc\Korra_Foundation\20250429_mem_cytosol\fish1_24hpf,pDQM005,301,pDQM005,301,pDQM140,
20250513_skittles,fish1,roi1,roi1,42,/clusterfs/vast/abcabc/Korra_Foundation/20250513_skittles/fish1/roi1,korra,skittles,159.0,5/13/25,,,,,phiC-NLS,,X:\abcabc\Korra_Foundation\20250513_skittles(fish1-3),,,,,,
20250513_skittles,fish1,roi2,roi2,38,/clusterfs/vast/abcabc/Korra_Foundation/20250513_skittles/fish1/roi2,korra,skittles,159.0,5/13/25,,,,,phiC-NLS,,X:\abcabc\Korra_Foundation\20250513_skittles(fish1-3),,,,,,
20250513_skittles,fish1,roi2_2,roi2_2,18,/clusterfs/vast/abcabc/Korra_Foundation/20250513_skittles/fish1/roi2_2,korra,skittles,159.0,5/13/25,,,,,phiC-NLS,,X:\abcabc\Korra_Foundation\20250513_skittles(fish1-3),,,,,,
20250513_skittles,fish10,roi1,roi1,240,/clusterfs/vast/abcabc/Korra_Foundation/20250513_skittles/fish10/roi1,korra,skittles,159.0,5/13/25,,,,,phiC-NLS,,X:\abcabc\Korra_Foundation\20250513_skittles(fish1-3),,,,,,
20250513_skittles,fish11,roi1,roi1,240,/clusterfs/vast/abcabc/Korra_Foundation/20250513_skittles/fish11/roi1,korra,skittles,159.0,5/13/25,,,,,phiC-NLS,,X:\abcabc\Korra_Foundation\20250513_skittles(fish1-3),,,,,,
20250513_skittles,fish11,roi1_test,roi1_test,4,/clusterfs/vast/abcabc/Korra_Foundation/20250513_skittles/fish11/roi1_test,korra,skittles,159.0,5/13/25,,,,,phiC-NLS,,X:\abcabc\Korra_Foundation\20250513_skittles(fish1-3),,,,,,
20250513_skittles,fish12,roi1,roi1,18,/clusterfs/vast/abcabc/Korra_Foundation/20250513_skittles/fish12/roi1,korra,skittles,159.0,5/13/25,,,,,phiC-NLS,,X:\abcabc\Korra_Foundation\20250513_skittles(fish1-3),,,,,,
20250513_skittles,fish12,roi2,roi2,18,/clusterfs/vast/abcabc/Korra_Foundation/20250513_skittles/fish12/roi2,korra,skittles,159.0,5/13/25,,,,,phiC-NLS,,X:\abcabc\Korra_Foundation\20250513_skittles(fish1-3),,,,,,
20250513_skittles,fish12,roi3,roi3,18,/clusterfs/vast/abcabc/Korra_Foundation/20250513_skittles/fish12/roi3,korra,skittles,159.0,5/13/25,,,,,phiC-NLS,,X:\abcabc\Korra_Foundation\20250513_skittles(fish1-3),,,,,,
20250513_skittles,fish13,roi1,roi1,18,/clusterfs/vast/abcabc/Korra_Foundation/20250513_skittles/fish13/roi1,korra,skittles,159.0,5/13/25,,,,,phiC-NLS,,X:\abcabc\Korra_Foundation\20250513_skittles(fish1-3),,,,,,
20250513_skittles,fish13,roi2,roi2,18,/clusterfs/vast/abcabc/Korra_Foundation/20250513_skittles/fish13/roi2,korra,skittles,159.0,5/13/25,,,,,phiC-NLS,,X:\abcabc\Korra_Foundation\20250513_skittles(fish1-3),,,,,,
20250513_skittles,fish13,roi3,roi3,18,/clusterfs/vast/abcabc/Korra_Foundation/20250513_skittles/fish13/roi3,korra,skittles,159.0,5/13/25,,,,,phiC-NLS,,X:\abcabc\Korra_Foundation\20250513_skittles(fish1-3),,,,,,
20250513_skittles,fish13,roi4,roi4,18,/clusterfs/vast/abcabc/Korra_Foundation/20250513_skittles/fish13/roi4,korra,skittles,159.0,5/13/25,,,,,phiC-NLS,,X:\abcabc\Korra_Foundation\20250513_skittles(fish1-3),,,,,,
20250513_skittles,fish14,roi1_brain,roi1_brain,36,/clusterfs/vast/abcabc/Korra_Foundation/20250513_skittles/fish14/roi1_brain,korra,skittles,159.0,5/13/25,,,,,phiC-NLS,,X:\abcabc\Korra_Foundation\20250513_skittles(fish1-3),,,,,,
20250513_skittles,fish14,roi2_tailbud,roi2_tailbud,18,/clusterfs/vast/abcabc/Korra_Foundation/20250513_skittles/fish14/roi2_tailbud,korra,skittles,159.0,5/13/25,,,,,phiC-NLS,,X:\abcabc\Korra_Foundation\20250513_skittles(fish1-3),,,,,,
20250513_skittles,fish15,roi1,roi1,18,/clusterfs/vast/abcabc/Korra_Foundation/20250513_skittles/fish15/roi1,korra,skittles,159.0,5/13/25,,,,,phiC-NLS,,X:\abcabc\Korra_Foundation\20250513_skittles(fish1-3),,,,,,
20250513_skittles,fish15,roi2,roi2,18,/clusterfs/vast/abcabc/Korra_Foundation/20250513_skittles/fish15/roi2,korra,skittles,159.0,5/13/25,,,,,phiC-NLS,,X:\abcabc\Korra_Foundation\20250513_skittles(fish1-3),,,,,,
20250513_skittles,fish15,roi3,roi3,18,/clusterfs/vast/abcabc/Korra_Foundation/20250513_skittles/fish15/roi3,korra,skittles,159.0,5/13/25,,,,,phiC-NLS,,X:\abcabc\Korra_Foundation\20250513_skittles(fish1-3),,,,,,
20250513_skittles,fish15,roi4,roi4,18,/clusterfs/vast/abcabc/Korra_Foundation/20250513_skittles/fish15/roi4,korra,skittles,159.0,5/13/25,,,,,phiC-NLS,,X:\abcabc\Korra_Foundation\20250513_skittles(fish1-3),,,,,,
20250513_skittles,fish16,roi1_brain,roi1_brain,18,/clusterfs/vast/abcabc/Korra_Foundation/20250513_skittles/fish16/roi1_brain,korra,skittles,159.0,5/13/25,,,,,phiC-NLS,,X:\abcabc\Korra_Foundation\20250513_skittles(fish1-3),,,,,,
20250513_skittles,fish2,roi1,roi1,17,/clusterfs/vast/abcabc/Korra_Foundation/20250513_skittles/fish2/roi1,korra,skittles,159.0,5/13/25,,,,,phiC-NLS,,X:\abcabc\Korra_Foundation\20250513_skittles(fish1-3),,,,,,
20250513_skittles,fish2,roi2,roi2,10,/clusterfs/vast/abcabc/Korra_Foundation/20250513_skittles/fish2/roi2,korra,skittles,159.0,5/13/25,,,,,phiC-NLS,,X:\abcabc\Korra_Foundation\20250513_skittles(fish1-3),,,,,,
20250513_skittles,fish3,roi1,roi1,72,/clusterfs/vast/abcabc/Korra_Foundation/20250513_skittles/fish3/roi1,korra,skittles,159.0,5/13/25,,,,,phiC-NLS,,X:\abcabc\Korra_Foundation\20250513_skittles(fish1-3),,,,,,
20250513_skittles,fish3,roi2,roi2,36,/clusterfs/vast/abcabc/Korra_Foundation/20250513_skittles/fish3/roi2,korra,skittles,159.0,5/13/25,,,,,phiC-NLS,,X:\abcabc\Korra_Foundation\20250513_skittles(fish1-3),,,,,,
20250513_skittles,fish3,roi3,roi3,36,/clusterfs/vast/abcabc/Korra_Foundation/20250513_skittles/fish3/roi3,korra,skittles,159.0,5/13/25,,,,,phiC-NLS,,X:\abcabc\Korra_Foundation\20250513_skittles(fish1-3),,,,,,
20250513_skittles,fish3,roi4,roi4,36,/clusterfs/vast/abcabc/Korra_Foundation/20250513_skittles/fish3/roi4,korra,skittles,159.0,5/13/25,,,,,phiC-NLS,,X:\abcabc\Korra_Foundation\20250513_skittles(fish1-3),,,,,,
20250513_skittles,fish4,roi1,roi1,38,/clusterfs/vast/abcabc/Korra_Foundation/20250513_skittles/fish4/roi1,korra,skittles,159.0,5/13/25,,,,,phiC-NLS,,X:\abcabc\Korra_Foundation\20250513_skittles(fish1-3),,,,,,
20250513_skittles,fish4,roi2,roi2,72,/clusterfs/vast/abcabc/Korra_Foundation/20250513_skittles/fish4/roi2,korra,skittles,159.0,5/13/25,,,,,phiC-NLS,,X:\abcabc\Korra_Foundation\20250513_skittles(fish1-3),,,,,,
20250513_skittles,fish4,roi3,roi3,36,/clusterfs/vast/abcabc/Korra_Foundation/20250513_skittles/fish4/roi3,korra,skittles,159.0,5/13/25,,,,,phiC-NLS,,X:\abcabc\Korra_Foundation\20250513_skittles(fish1-3),,,,,,
20250513_skittles,fish5,roi1,roi1,186,/clusterfs/vast/abcabc/Korra_Foundation/20250513_skittles/fish5/roi1,korra,skittles,159.0,5/13/25,,,,,phiC-NLS,,X:\abcabc\Korra_Foundation\20250513_skittles(fish1-3),,,,,,
20250513_skittles,fish5,roi2,roi2,36,/clusterfs/vast/abcabc/Korra_Foundation/20250513_skittles/fish5/roi2,korra,skittles,159.0,5/13/25,,,,,phiC-NLS,,X:\abcabc\Korra_Foundation\20250513_skittles(fish1-3),,,,,,
20250513_skittles,fish5,roi3,roi3,36,/clusterfs/vast/abcabc/Korra_Foundation/20250513_skittles/fish5/roi3,korra,skittles,159.0,5/13/25,,,,,phiC-NLS,,X:\abcabc\Korra_Foundation\20250513_skittles(fish1-3),,,,,,
20250513_skittles,fish5,roi4,roi4,36,/clusterfs/vast/abcabc/Korra_Foundation/20250513_skittles/fish5/roi4,korra,skittles,159.0,5/13/25,,,,,phiC-NLS,,X:\abcabc\Korra_Foundation\20250513_skittles(fish1-3),,,,,,
20250513_skittles,fish5,roi5,roi5,36,/clusterfs/vast/abcabc/Korra_Foundation/20250513_skittles/fish5/roi5,korra,skittles,159.0,5/13/25,,,,,phiC-NLS,,X:\abcabc\Korra_Foundation\20250513_skittles(fish1-3),,,,,,
20250513_skittles,fish5,roi6,roi6,36,/clusterfs/vast/abcabc/Korra_Foundation/20250513_skittles/fish5/roi6,korra,skittles,159.0,5/13/25,,,,,phiC-NLS,,X:\abcabc\Korra_Foundation\20250513_skittles(fish1-3),,,,,,
20250513_skittles,fish5,roi7,roi7,36,/clusterfs/vast/abcabc/Korra_Foundation/20250513_skittles/fish5/roi7,korra,skittles,159.0,5/13/25,,,,,phiC-NLS,,X:\abcabc\Korra_Foundation\20250513_skittles(fish1-3),,,,,,
20250513_skittles,fish6,roi1,roi1,36,/clusterfs/vast/abcabc/Korra_Foundation/20250513_skittles/fish6/roi1,korra,skittles,159.0,5/13/25,,,,,phiC-NLS,,X:\abcabc\Korra_Foundation\20250513_skittles(fish1-3),,,,,,
20250513_skittles,fish6,roi2,roi2,36,/clusterfs/vast/abcabc/Korra_Foundation/20250513_skittles/fish6/roi2,korra,skittles,159.0,5/13/25,,,,,phiC-NLS,,X:\abcabc\Korra_Foundation\20250513_skittles(fish1-3),,,,,,
20250513_skittles,fish6,roi3,roi3,36,/clusterfs/vast/abcabc/Korra_Foundation/20250513_skittles/fish6/roi3,korra,skittles,159.0,5/13/25,,,,,phiC-NLS,,X:\abcabc\Korra_Foundation\20250513_skittles(fish1-3),,,,,,
20250513_skittles,fish6,roi4,roi4,36,/clusterfs/vast/abcabc/Korra_Foundation/20250513_skittles/fish6/roi4,korra,skittles,159.0,5/13/25,,,,,phiC-NLS,,X:\abcabc\Korra_Foundation\20250513_skittles(fish1-3),,,,,,
20250513_skittles,fish7,roi1_ear_brain,roi1_ear_brain,72,/clusterfs/vast/abcabc/Korra_Foundation/20250513_skittles/fish7/roi1_ear_brain,korra,skittles,159.0,5/13/25,,,,,phiC-NLS,,X:\abcabc\Korra_Foundation\20250513_skittles(fish1-3),,,,,,
20250513_skittles,fish7,roi2_brain,roi2_brain,36,/clusterfs/vast/abcabc/Korra_Foundation/20250513_skittles/fish7/roi2_brain,korra,skittles,159.0,5/13/25,,,,,phiC-NLS,,X:\abcabc\Korra_Foundation\20250513_skittles(fish1-3),,,,,,
20250513_skittles,fish8,roi1,roi1,48,/clusterfs/vast/abcabc/Korra_Foundation/20250513_skittles/fish8/roi1,korra,skittles,159.0,5/13/25,,,,,phiC-NLS,,X:\abcabc\Korra_Foundation\20250513_skittles(fish1-3),,,,,,
20250513_skittles,fish9,roi1,roi1,180,/clusterfs/vast/abcabc/Korra_Foundation/20250513_skittles/fish9/roi1,korra,skittles,159.0,5/13/25,,,,,phiC-NLS,,X:\abcabc\Korra_Foundation\20250513_skittles(fish1-3),,,,,,
20250520_mem_histone,fish2,roi1,roi1,2048,/clusterfs/vast/abcabc/Korra_Foundation/20250520_mem_histone/fish2/roi1,korra,mem_histone,154.0,5/20/25,,ef1a:2xLynk:tdmSG(J) (F2 of allele 301),ef1a:2xLynk:tdmSG(J) (F2 of allele 301),,mScarlet3-S2:H2B,,X:\abcabc\Korra_Foundation\20250520_mem_histone\fish4,pDQM005,301,pDQM005,301,,pDQM117
20250520_mem_histone,fish4,roi1_tailbud,roi1_tailbud,266,/clusterfs/vast/abcabc/Korra_Foundation/20250520_mem_histone/fish4/roi1_tailbud,korra,mem_histone,154.0,5/20/25,,ef1a:2xLynk:tdmSG(J) (F2 of allele 301),ef1a:2xLynk:tdmSG(J) (F2 of allele 301),,mScarlet3-S2:H2B,,X:\abcabc\Korra_Foundation\20250520_mem_histone\fish4,pDQM005,301,pDQM005,301,,pDQM117
20250520_mem_histone,fish4,roi1_tailbud_2,roi1_tailbud_2,1026,/clusterfs/vast/abcabc/Korra_Foundation/20250520_mem_histone/fish4/roi1_tailbud_2,korra,mem_histone,154.0,5/20/25,,ef1a:2xLynk:tdmSG(J) (F2 of allele 301),ef1a:2xLynk:tdmSG(J) (F2 of allele 301),,mScarlet3-S2:H2B,,X:\abcabc\Korra_Foundation\20250520_mem_histone\fish4,pDQM005,301,pDQM005,301,,pDQM117
20250520_mem_histone,fish5,roi1_tailbud,roi1_tailbud,3040,/clusterfs/vast/abcabc/Korra_Foundation/20250520_mem_histone/fish5/roi1_tailbud,korra,mem_histone,154.0,5/20/25,,ef1a:2xLynk:tdmSG(J) (F2 of allele 301),ef1a:2xLynk:tdmSG(J) (F2 of allele 301),,mScarlet3-S2:H2B,,X:\abcabc\Korra_Foundation\20250520_mem_histone\fish4,pDQM005,301,pDQM005,301,,pDQM117
20250521_skittles_no-membrane,fish2,roi1,roi1,60,/clusterfs/vast/abcabc/Korra_Foundation/20250521_skittles_no-membrane/fish2/roi1,korra,skittles_no-membrane,153.0,5/21/25,,Dennis (F2 of allele 318),Abe (F2 of allele 309),,phiC-NLS,,X:\abcabc\Korra_Foundation\20250521_skittles_no-membrane,,381,pDQM034,309,,
20250521_skittles_no-membrane,fish2,roi2,roi2,20,/clusterfs/vast/abcabc/Korra_Foundation/20250521_skittles_no-membrane/fish2/roi2,korra,skittles_no-membrane,153.0,5/21/25,,Dennis (F2 of allele 318),Abe (F2 of allele 309),,phiC-NLS,,X:\abcabc\Korra_Foundation\20250521_skittles_no-membrane,,381,pDQM034,309,,
20250521_skittles_no-membrane,fish3,roi1,roi1,25,/clusterfs/vast/abcabc/Korra_Foundation/20250521_skittles_no-membrane/fish3/roi1,korra,skittles_no-membrane,153.0,5/21/25,,Dennis (F2 of allele 318),Abe (F2 of allele 309),,phiC-NLS,,X:\abcabc\Korra_Foundation\20250521_skittles_no-membrane,,381,pDQM034,309,,
20250521_skittles_no-membrane,fish4,roi1,roi1,30,/clusterfs/vast/abcabc/Korra_Foundation/20250521_skittles_no-membrane/fish4/roi1,korra,skittles_no-membrane,153.0,5/21/25,,Dennis (F2 of allele 318),Abe (F2 of allele 309),,phiC-NLS,,X:\abcabc\Korra_Foundation\20250521_skittles_no-membrane,,381,pDQM034,309,,
20250521_skittles_no-membrane,fish4,roi2,roi2,30,/clusterfs/vast/abcabc/Korra_Foundation/20250521_skittles_no-membrane/fish4/roi2,korra,skittles_no-membrane,153.0,5/21/25,,Dennis (F2 of allele 318),Abe (F2 of allele 309),,phiC-NLS,,X:\abcabc\Korra_Foundation\20250521_skittles_no-membrane,,381,pDQM034,309,,
20250522_skittlez,fish1,roi1,roi1,72,/clusterfs/vast/abcabc/Korra_Foundation/20250522_skittlez/fish1/roi1,korra,skittlez,151.0,5/22/25,,,,,,,X:\abcabc\Korra_Foundation\20250522_skittlez,,,,,,
20250522_skittlez,fish1,roi2,roi2,72,/clusterfs/vast/abcabc/Korra_Foundation/20250522_skittlez/fish1/roi2,korra,skittlez,151.0,5/22/25,,,,,,,X:\abcabc\Korra_Foundation\20250522_skittlez,,,,,,
20250522_skittlez,fish2,roi1,roi1,72,/clusterfs/vast/abcabc/Korra_Foundation/20250522_skittlez/fish2/roi1,korra,skittlez,151.0,5/22/25,,,,,,,X:\abcabc\Korra_Foundation\20250522_skittlez,,,,,,
20250522_skittlez,fish2,roi2,roi2,72,/clusterfs/vast/abcabc/Korra_Foundation/20250522_skittlez/fish2/roi2,korra,skittlez,151.0,5/22/25,,,,,,,X:\abcabc\Korra_Foundation\20250522_skittlez,,,,,,
20250522_skittlez,fish3,roi1,roi1,72,/clusterfs/vast/abcabc/Korra_Foundation/20250522_skittlez/fish3/roi1,korra,skittlez,151.0,5/22/25,,,,,,,X:\abcabc\Korra_Foundation\20250522_skittlez,,,,,,
20250522_skittlez,fish3,roi2,roi2,72,/clusterfs/vast/abcabc/Korra_Foundation/20250522_skittlez/fish3/roi2,korra,skittlez,151.0,5/22/25,,,,,,,X:\abcabc\Korra_Foundation\20250522_skittlez,,,,,,
20250522_skittlez,fish3,roi3,roi3,72,/clusterfs/vast/abcabc/Korra_Foundation/20250522_skittlez/fish3/roi3,korra,skittlez,151.0,5/22/25,,,,,,,X:\abcabc\Korra_Foundation\20250522_skittlez,,,,,,
20250522_skittlez,fish4,roi1,roi1,36,/clusterfs/vast/abcabc/Korra_Foundation/20250522_skittlez/fish4/roi1,korra,skittlez,151.0,5/22/25,,,,,,,X:\abcabc\Korra_Foundation\20250522_skittlez,,,,,,
20250522_skittlez,fish4,roi2,roi2,36,/clusterfs/vast/abcabc/Korra_Foundation/20250522_skittlez/fish4/roi2,korra,skittlez,151.0,5/22/25,,,,,,,X:\abcabc\Korra_Foundation\20250522_skittlez,,,,,,
20250522_skittlez,fish5,roi1,roi1,90,/clusterfs/vast/abcabc/Korra_Foundation/20250522_skittlez/fish5/roi1,korra,skittlez,151.0,5/22/25,,,,,,,X:\abcabc\Korra_Foundation\20250522_skittlez,,,,,,
20250522_skittlez,fish6,roi1,roi1,90,/clusterfs/vast/abcabc/Korra_Foundation/20250522_skittlez/fish6/roi1,korra,skittlez,151.0,5/22/25,,,,,,,X:\abcabc\Korra_Foundation\20250522_skittlez,,,,,,
20250522_skittlez,fish6,roi2,roi2,90,/clusterfs/vast/abcabc/Korra_Foundation/20250522_skittlez/fish6/roi2,korra,skittlez,151.0,5/22/25,,,,,,,X:\abcabc\Korra_Foundation\20250522_skittlez,,,,,,
20250522_skittlez,fish7,roi1,roi1,90,/clusterfs/vast/abcabc/Korra_Foundation/20250522_skittlez/fish7/roi1,korra,skittlez,151.0,5/22/25,,,,,,,X:\abcabc\Korra_Foundation\20250522_skittlez,,,,,,
20250522_skittlez,fish7,roi2,roi2,90,/clusterfs/vast/abcabc/Korra_Foundation/20250522_skittlez/fish7/roi2,korra,skittlez,151.0,5/22/25,,,,,,,X:\abcabc\Korra_Foundation\20250522_skittlez,,,,,,
20250522_skittlez,fish7,roi3,roi3,90,/clusterfs/vast/abcabc/Korra_Foundation/20250522_skittlez/fish7/roi3,korra,skittlez,151.0,5/22/25,,,,,,,X:\abcabc\Korra_Foundation\20250522_skittlez,,,,,,
20250522_skittlez,fish8,roi1,roi1,90,/clusterfs/vast/abcabc/Korra_Foundation/20250522_skittlez/fish8/roi1,korra,skittlez,151.0,5/22/25,,,,,,,X:\abcabc\Korra_Foundation\20250522_skittlez,,,,,,
20250522_skittlez,fish8,roi2,roi2,90,/clusterfs/vast/abcabc/Korra_Foundation/20250522_skittlez/fish8/roi2,korra,skittlez,151.0,5/22/25,,,,,,,X:\abcabc\Korra_Foundation\20250522_skittlez,,,,,,
20250522_skittlez,fish8,roi3,roi3,90,/clusterfs/vast/abcabc/Korra_Foundation/20250522_skittlez/fish8/roi3,korra,skittlez,151.0,5/22/25,,,,,,,X:\abcabc\Korra_Foundation\20250522_skittlez,,,,,,
20250522_skittlez,fish9,roi1,roi1,120,/clusterfs/vast/abcabc/Korra_Foundation/20250522_skittlez/fish9/roi1,korra,skittlez,151.0,5/22/25,,,,,,,X:\abcabc\Korra_Foundation\20250522_skittlez,,,,,,
20250523_mem_histone,fish1,roi1,roi1,4000,/clusterfs/vast/abcabc/Korra_Foundation/20250523_mem_histone/fish1/roi1,korra,mem_histone,149.0,5/23/25,,ef1a:2xLynk:tdmSG(J) (F2 of allele 302),ef1a:2xLynk:tdmSG(J) (F2 of allele 302),,mScarlet3-S2:H2B,,X:\abcabc\Korra_Foundation\20250523_mem_histone\fish5,pDQM005,302,pDQM005,302,,pDQM117
20250523_mem_histone,fish2,roi1,roi1,8600,/clusterfs/vast/abcabc/Korra_Foundation/20250523_mem_histone/fish2/roi1,korra,mem_histone,149.0,5/23/25,,ef1a:2xLynk:tdmSG(J) (F2 of allele 302),ef1a:2xLynk:tdmSG(J) (F2 of allele 302),,mScarlet3-S2:H2B,,X:\abcabc\Korra_Foundation\20250523_mem_histone\fish5,pDQM005,302,pDQM005,302,,pDQM117
20250523_mem_histone,fish3,roi1,roi1,4000,/clusterfs/vast/abcabc/Korra_Foundation/20250523_mem_histone/fish3/roi1,korra,mem_histone,149.0,5/23/25,,ef1a:2xLynk:tdmSG(J) (F2 of allele 302),ef1a:2xLynk:tdmSG(J) (F2 of allele 302),,mScarlet3-S2:H2B,,X:\abcabc\Korra_Foundation\20250523_mem_histone\fish5,pDQM005,302,pDQM005,302,,pDQM117
20250523_mem_histone,fish4,roi1,roi1,4000,/clusterfs/vast/abcabc/Korra_Foundation/20250523_mem_histone/fish4/roi1,korra,mem_histone,149.0,5/23/25,,ef1a:2xLynk:tdmSG(J) (F2 of allele 302),ef1a:2xLynk:tdmSG(J) (F2 of allele 302),,mScarlet3-S2:H2B,,X:\abcabc\Korra_Foundation\20250523_mem_histone\fish5,pDQM005,302,pDQM005,302,,pDQM117
20250523_mem_histone,fish5,roi1,roi1,7900,/clusterfs/vast/abcabc/Korra_Foundation/20250523_mem_histone/fish5/roi1,korra,mem_histone,149.0,5/23/25,,ef1a:2xLynk:tdmSG(J) (F2 of allele 302),ef1a:2xLynk:tdmSG(J) (F2 of allele 302),,mScarlet3-S2:H2B,,X:\abcabc\Korra_Foundation\20250523_mem_histone\fish5,pDQM005,302,pDQM005,302,,pDQM117
20250528_mem-histone,fish1,roi1_spine,roi1_spine,3192,/clusterfs/vast/abcabc/Korra_Foundation/20250528_mem-histone/fish1/roi1_spine,korra,mem-histone,147.0,5/28/25,,ef1a:2xLynk:tdmSG(J) (F2 of allele 302),ef1a:2xLynk:tdmSG(J) (F2 of allele 302),,mScarlet3-S2:H2B,,X:\abcabc\Korra_Foundation\20250528_mem-histone\fish2,pDQM005,302,pDQM005,302,,pDQM117
20250528_mem-histone,fish2,roi1_brain,roi1_brain,1300,/clusterfs/vast/abcabc/Korra_Foundation/20250528_mem-histone/fish2/roi1_brain,korra,mem-histone,147.0,5/28/25,,ef1a:2xLynk:tdmSG(J) (F2 of allele 302),ef1a:2xLynk:tdmSG(J) (F2 of allele 302),,mScarlet3-S2:H2B,,X:\abcabc\Korra_Foundation\20250528_mem-histone\fish2,pDQM005,302,pDQM005,302,,pDQM117
20250528_mem-histone,fish3,roi2_spine,roi2_spine,5642,/clusterfs/vast/abcabc/Korra_Foundation/20250528_mem-histone/fish3/roi2_spine,korra,mem-histone,147.0,5/28/25,,ef1a:2xLynk:tdmSG(J) (F2 of allele 302),ef1a:2xLynk:tdmSG(J) (F2 of allele 302),,mScarlet3-S2:H2B,,X:\abcabc\Korra_Foundation\20250528_mem-histone\fish2,pDQM005,302,pDQM005,302,,pDQM117
20250528_skittlez,fish1,roi1,roi1,24,/clusterfs/vast/abcabc/Korra_Foundation/20250528_skittlez/fish1/roi1,korra,skittlez,146.0,5/28/25,,,,,,,X:\abcabc\Korra_Foundation\20250528_skittlez\fish1,,,,,,
20250528_skittlez,fish1,roi2,roi2,24,/clusterfs/vast/abcabc/Korra_Foundation/20250528_skittlez/fish1/roi2,korra,skittlez,146.0,5/28/25,,,,,,,X:\abcabc\Korra_Foundation\20250528_skittlez\fish1,,,,,,
20250529_skittlez,fish10_roi1,fish10_roi1,fish10_roi1,96,/clusterfs/vast/abcabc/Korra_Foundation/20250529_skittlez/fish10_roi1,korra,skittlez,145.0,5/29/25,,Jim (F2 of allele 316),Ben (F2 of allele 310),,"phiC-NLS, 2xLynk:mSG, mChilada:H2B",,X:\abcabc\Korra_Foundation\20250529_skittlez,,316,,310,,
20250529_skittlez,fish11_roi1_eye,fish11_roi1_eye,fish11_roi1_eye,18,/clusterfs/vast/abcabc/Korra_Foundation/20250529_skittlez/fish11_roi1_eye,korra,skittlez,145.0,5/29/25,,Jim (F2 of allele 316),Ben (F2 of allele 310),,"phiC-NLS, 2xLynk:mSG, mChilada:H2B",,X:\abcabc\Korra_Foundation\20250529_skittlez,,316,,310,,
20250529_skittlez,fish11_roi1_eye_2,fish11_roi1_eye_2,fish11_roi1_eye_2,96,/clusterfs/vast/abcabc/Korra_Foundation/20250529_skittlez/fish11_roi1_eye_2,korra,skittlez,145.0,5/29/25,,Jim (F2 of allele 316),Ben (F2 of allele 310),,"phiC-NLS, 2xLynk:mSG, mChilada:H2B",,X:\abcabc\Korra_Foundation\20250529_skittlez,,316,,310,,
20250529_skittlez,fish12_roi1,fish12_roi1,fish12_roi1,96,/clusterfs/vast/abcabc/Korra_Foundation/20250529_skittlez/fish12_roi1,korra,skittlez,145.0,5/29/25,,Jim (F2 of allele 316),Ben (F2 of allele 310),,"phiC-NLS, 2xLynk:mSG, mChilada:H2B",,X:\abcabc\Korra_Foundation\20250529_skittlez,,316,,310,,
20250529_skittlez,fish13_roi1,fish13_roi1,fish13_roi1,96,/clusterfs/vast/abcabc/Korra_Foundation/20250529_skittlez/fish13_roi1,korra,skittlez,145.0,5/29/25,,Jim (F2 of allele 316),Ben (F2 of allele 310),,"phiC-NLS, 2xLynk:mSG, mChilada:H2B",,X:\abcabc\Korra_Foundation\20250529_skittlez,,316,,310,,
20250529_skittlez,fish14_roi1,fish14_roi1,fish14_roi1,96,/clusterfs/vast/abcabc/Korra_Foundation/20250529_skittlez/fish14_roi1,korra,skittlez,145.0,5/29/25,,Jim (F2 of allele 316),Ben (F2 of allele 310),,"phiC-NLS, 2xLynk:mSG, mChilada:H2B",,X:\abcabc\Korra_Foundation\20250529_skittlez,,316,,310,,
20250529_skittlez,fish14_roi2,fish14_roi2,fish14_roi2,96,/clusterfs/vast/abcabc/Korra_Foundation/20250529_skittlez/fish14_roi2,korra,skittlez,145.0,5/29/25,,Jim (F2 of allele 316),Ben (F2 of allele 310),,"phiC-NLS, 2xLynk:mSG, mChilada:H2B",,X:\abcabc\Korra_Foundation\20250529_skittlez,,316,,310,,
20250529_skittlez,fish14_roi3,fish14_roi3,fish14_roi3,96,/clusterfs/vast/abcabc/Korra_Foundation/20250529_skittlez/fish14_roi3,korra,skittlez,145.0,5/29/25,,Jim (F2 of allele 316),Ben (F2 of allele 310),,"phiC-NLS, 2xLynk:mSG, mChilada:H2B",,X:\abcabc\Korra_Foundation\20250529_skittlez,,316,,310,,
20250529_skittlez,fish15_roi1,fish15_roi1,fish15_roi1,144,/clusterfs/vast/abcabc/Korra_Foundation/20250529_skittlez/fish15_roi1,korra,skittlez,145.0,5/29/25,,Jim (F2 of allele 316),Ben (F2 of allele 310),,"phiC-NLS, 2xLynk:mSG, mChilada:H2B",,X:\abcabc\Korra_Foundation\20250529_skittlez,,316,,310,,
20250529_skittlez,fish1_roi1,fish1_roi1,fish1_roi1,96,/clusterfs/vast/abcabc/Korra_Foundation/20250529_skittlez/fish1_roi1,korra,skittlez,145.0,5/29/25,,Jim (F2 of allele 316),Ben (F2 of allele 310),,"phiC-NLS, 2xLynk:mSG, mChilada:H2B",,X:\abcabc\Korra_Foundation\20250529_skittlez,,316,,310,,
20250529_skittlez,fish1_roi2,fish1_roi2,fish1_roi2,96,/clusterfs/vast/abcabc/Korra_Foundation/20250529_skittlez/fish1_roi2,korra,skittlez,145.0,5/29/25,,Jim (F2 of allele 316),Ben (F2 of allele 310),,"phiC-NLS, 2xLynk:mSG, mChilada:H2B",,X:\abcabc\Korra_Foundation\20250529_skittlez,,316,,310,,
20250529_skittlez,fish1_roi3,fish1_roi3,fish1_roi3,48,/clusterfs/vast/abcabc/Korra_Foundation/20250529_skittlez/fish1_roi3,korra,skittlez,145.0,5/29/25,,Jim (F2 of allele 316),Ben (F2 of allele 310),,"phiC-NLS, 2xLynk:mSG, mChilada:H2B",,X:\abcabc\Korra_Foundation\20250529_skittlez,,316,,310,,
20250529_skittlez,fish2_roi1,fish2_roi1,fish2_roi1,90,/clusterfs/vast/abcabc/Korra_Foundation/20250529_skittlez/fish2_roi1,korra,skittlez,145.0,5/29/25,,Jim (F2 of allele 316),Ben (F2 of allele 310),,"phiC-NLS, 2xLynk:mSG, mChilada:H2B",,X:\abcabc\Korra_Foundation\20250529_skittlez,,316,,310,,
20250529_skittlez,fish2_roi2,fish2_roi2,fish2_roi2,90,/clusterfs/vast/abcabc/Korra_Foundation/20250529_skittlez/fish2_roi2,korra,skittlez,145.0,5/29/25,,Jim (F2 of allele 316),Ben (F2 of allele 310),,"phiC-NLS, 2xLynk:mSG, mChilada:H2B",,X:\abcabc\Korra_Foundation\20250529_skittlez,,316,,310,,
20250529_skittlez,fish4_roi1,fish4_roi1,fish4_roi1,90,/clusterfs/vast/abcabc/Korra_Foundation/20250529_skittlez/fish4_roi1,korra,skittlez,145.0,5/29/25,,Jim (F2 of allele 316),Ben (F2 of allele 310),,"phiC-NLS, 2xLynk:mSG, mChilada:H2B",,X:\abcabc\Korra_Foundation\20250529_skittlez,,316,,310,,
20250529_skittlez,fish5_roi1,fish5_roi1,fish5_roi1,120,/clusterfs/vast/abcabc/Korra_Foundation/20250529_skittlez/fish5_roi1,korra,skittlez,145.0,5/29/25,,Jim (F2 of allele 316),Ben (F2 of allele 310),,"phiC-NLS, 2xLynk:mSG, mChilada:H2B",,X:\abcabc\Korra_Foundation\20250529_skittlez,,316,,310,,
20250529_skittlez,fish5_roi2,fish5_roi2,fish5_roi2,120,/clusterfs/vast/abcabc/Korra_Foundation/20250529_skittlez/fish5_roi2,korra,skittlez,145.0,5/29/25,,Jim (F2 of allele 316),Ben (F2 of allele 310),,"phiC-NLS, 2xLynk:mSG, mChilada:H2B",,X:\abcabc\Korra_Foundation\20250529_skittlez,,316,,310,,
20250529_skittlez,fish6_roi1,fish6_roi1,fish6_roi1,120,/clusterfs/vast/abcabc/Korra_Foundation/20250529_skittlez/fish6_roi1,korra,skittlez,145.0,5/29/25,,Jim (F2 of allele 316),Ben (F2 of allele 310),,"phiC-NLS, 2xLynk:mSG, mChilada:H2B",,X:\abcabc\Korra_Foundation\20250529_skittlez,,316,,310,,
20250529_skittlez,fish7_roi1,fish7_roi1,fish7_roi1,72,/clusterfs/vast/abcabc/Korra_Foundation/20250529_skittlez/fish7_roi1,korra,skittlez,145.0,5/29/25,,Jim (F2 of allele 316),Ben (F2 of allele 310),,"phiC-NLS, 2xLynk:mSG, mChilada:H2B",,X:\abcabc\Korra_Foundation\20250529_skittlez,,316,,310,,
20250529_skittlez,fish8_roi1,fish8_roi1,fish8_roi1,96,/clusterfs/vast/abcabc/Korra_Foundation/20250529_skittlez/fish8_roi1,korra,skittlez,145.0,5/29/25,,Jim (F2 of allele 316),Ben (F2 of allele 310),,"phiC-NLS, 2xLynk:mSG, mChilada:H2B",,X:\abcabc\Korra_Foundation\20250529_skittlez,,316,,310,,
20250529_skittlez,fish9_roi1,fish9_roi1,fish9_roi1,96,/clusterfs/vast/abcabc/Korra_Foundation/20250529_skittlez/fish9_roi1,korra,skittlez,145.0,5/29/25,,Jim (F2 of allele 316),Ben (F2 of allele 310),,"phiC-NLS, 2xLynk:mSG, mChilada:H2B",,X:\abcabc\Korra_Foundation\20250529_skittlez,,316,,310,,
20250529_skittlez,fish9_roi2,fish9_roi2,fish9_roi2,96,/clusterfs/vast/abcabc/Korra_Foundation/20250529_skittlez/fish9_roi2,korra,skittlez,145.0,5/29/25,,Jim (F2 of allele 316),Ben (F2 of allele 310),,"phiC-NLS, 2xLynk:mSG, mChilada:H2B",,X:\abcabc\Korra_Foundation\20250529_skittlez,,316,,310,,
20250530_mem-histone,fish1_roi1,fish1_roi1,fish1_roi1,2636,/clusterfs/vast/abcabc/Korra_Foundation/20250530_mem-histone/fish1_roi1,korra,mem-histone,143.0,5/30/25,,ef1a:2xLynk:tdmSG(J) (F2 of allele 302),ef1a:2xLynk:tdmSG(J) (F2 of allele 302),,mScarlet3-S2:H2B,,X:\abcabc\Korra_Foundation\20250530_mem-histone\,pDQM005,302,pDQM005,302,,pDQM117
20250530_mem-histone,fish1_roi1-2,fish1_roi1-2,fish1_roi1-2,12200,/clusterfs/vast/abcabc/Korra_Foundation/20250530_mem-histone/fish1_roi1-2,korra,mem-histone,143.0,5/30/25,,ef1a:2xLynk:tdmSG(J) (F2 of allele 302),ef1a:2xLynk:tdmSG(J) (F2 of allele 302),,mScarlet3-S2:H2B,,X:\abcabc\Korra_Foundation\20250530_mem-histone\,pDQM005,302,pDQM005,302,,pDQM117
20250530_mem-histone,fish2_roi1,fish2_roi1,fish2_roi1,4350,/clusterfs/vast/abcabc/Korra_Foundation/20250530_mem-histone/fish2_roi1,korra,mem-histone,143.0,5/30/25,,ef1a:2xLynk:tdmSG(J) (F2 of allele 302),ef1a:2xLynk:tdmSG(J) (F2 of allele 302),,mScarlet3-S2:H2B,,X:\abcabc\Korra_Foundation\20250530_mem-histone\,pDQM005,302,pDQM005,302,,pDQM117
20250602_mem,fish2_roi1,fish2_roi1,fish2_roi1,15812,/clusterfs/vast/abcabc/Korra_Foundation/20250602_mem/fish2_roi1,korra,mem,142.0,6/2/25,,casper/rnf,ef1a:2xLynk:tdmSG(J) (F2 of allele 302),,,,X:\abcabc\Korra_Foundation\20250602_mem,,,pDQM005,302,,
20250603_skittlez,fish10_roi1,fish10_roi1,fish10_roi1,144,/clusterfs/vast/abcabc/Korra_Foundation/20250603_skittlez/fish10_roi1,korra,skittlez,141.0,6/3/25,,Liam (F2 of allele 321),Chris (F1 of allele 317),,"phiC-NLS, 2xLynk:mSG",,X:\abcabc\Korra_Foundation\20250603_skittlez,,321,pDQM034,317,,
20250603_skittlez,fish11_roi1,fish11_roi1,fish11_roi1,96,/clusterfs/vast/abcabc/Korra_Foundation/20250603_skittlez/fish11_roi1,korra,skittlez,141.0,6/3/25,,Liam (F2 of allele 321),Chris (F1 of allele 317),,"phiC-NLS, 2xLynk:mSG",,X:\abcabc\Korra_Foundation\20250603_skittlez,,321,pDQM034,317,,
20250603_skittlez,fish12_roi1,fish12_roi1,fish12_roi1,192,/clusterfs/vast/abcabc/Korra_Foundation/20250603_skittlez/fish12_roi1,korra,skittlez,141.0,6/3/25,,Liam (F2 of allele 321),Chris (F1 of allele 317),,"phiC-NLS, 2xLynk:mSG",,X:\abcabc\Korra_Foundation\20250603_skittlez,,321,pDQM034,317,,
20250603_skittlez,fish13_roi1,fish13_roi1,fish13_roi1,96,/clusterfs/vast/abcabc/Korra_Foundation/20250603_skittlez/fish13_roi1,korra,skittlez,141.0,6/3/25,,Liam (F2 of allele 321),Chris (F1 of allele 317),,"phiC-NLS, 2xLynk:mSG",,X:\abcabc\Korra_Foundation\20250603_skittlez,,321,pDQM034,317,,
20250603_skittlez,fish14_roi1,fish14_roi1,fish14_roi1,240,/clusterfs/vast/abcabc/Korra_Foundation/20250603_skittlez/fish14_roi1,korra,skittlez,141.0,6/3/25,,Liam (F2 of allele 321),Chris (F1 of allele 317),,"phiC-NLS, 2xLynk:mSG",,X:\abcabc\Korra_Foundation\20250603_skittlez,,321,pDQM034,317,,
20250603_skittlez,fish15_roi1,fish15_roi1,fish15_roi1,168,/clusterfs/vast/abcabc/Korra_Foundation/20250603_skittlez/fish15_roi1,korra,skittlez,141.0,6/3/25,,Liam (F2 of allele 321),Chris (F1 of allele 317),,"phiC-NLS, 2xLynk:mSG",,X:\abcabc\Korra_Foundation\20250603_skittlez,,321,pDQM034,317,,
20250603_skittlez,fish16_roi1,fish16_roi1,fish16_roi1,120,/clusterfs/vast/abcabc/Korra_Foundation/20250603_skittlez/fish16_roi1,korra,skittlez,141.0,6/3/25,,Liam (F2 of allele 321),Chris (F1 of allele 317),,"phiC-NLS, 2xLynk:mSG",,X:\abcabc\Korra_Foundation\20250603_skittlez,,321,pDQM034,317,,
20250603_skittlez,fish1_roi1_1,fish1_roi1_1,fish1_roi1_1,72,/clusterfs/vast/abcabc/Korra_Foundation/20250603_skittlez/fish1_roi1_1,korra,skittlez,141.0,6/3/25,,Liam (F2 of allele 321),Chris (F1 of allele 317),,"phiC-NLS, 2xLynk:mSG",,X:\abcabc\Korra_Foundation\20250603_skittlez,,321,pDQM034,317,,
20250603_skittlez,fish2_roi1,fish2_roi1,fish2_roi1,6,/clusterfs/vast/abcabc/Korra_Foundation/20250603_skittlez/fish2_roi1,korra,skittlez,141.0,6/3/25,,Liam (F2 of allele 321),Chris (F1 of allele 317),,"phiC-NLS, 2xLynk:mSG",,X:\abcabc\Korra_Foundation\20250603_skittlez,,321,pDQM034,317,,
20250603_skittlez,fish2_roi1_1,fish2_roi1_1,fish2_roi1_1,72,/clusterfs/vast/abcabc/Korra_Foundation/20250603_skittlez/fish2_roi1_1,korra,skittlez,141.0,6/3/25,,Liam (F2 of allele 321),Chris (F1 of allele 317),,"phiC-NLS, 2xLynk:mSG",,X:\abcabc\Korra_Foundation\20250603_skittlez,,321,pDQM034,317,,
20250603_skittlez,fish3_roi1,fish3_roi1,fish3_roi1,90,/clusterfs/vast/abcabc/Korra_Foundation/20250603_skittlez/fish3_roi1,korra,skittlez,141.0,6/3/25,,Liam (F2 of allele 321),Chris (F1 of allele 317),,"phiC-NLS, 2xLynk:mSG",,X:\abcabc\Korra_Foundation\20250603_skittlez,,321,pDQM034,317,,
20250603_skittlez,fish4_roi1,fish4_roi1,fish4_roi1,126,/clusterfs/vast/abcabc/Korra_Foundation/20250603_skittlez/fish4_roi1,korra,skittlez,141.0,6/3/25,,Liam (F2 of allele 321),Chris (F1 of allele 317),,"phiC-NLS, 2xLynk:mSG",,X:\abcabc\Korra_Foundation\20250603_skittlez,,321,pDQM034,317,,
20250603_skittlez,fish6_roi1,fish6_roi1,fish6_roi1,174,/clusterfs/vast/abcabc/Korra_Foundation/20250603_skittlez/fish6_roi1,korra,skittlez,141.0,6/3/25,,Liam (F2 of allele 321),Chris (F1 of allele 317),,"phiC-NLS, 2xLynk:mSG",,X:\abcabc\Korra_Foundation\20250603_skittlez,,321,pDQM034,317,,
20250603_skittlez,fish7_roi1,fish7_roi1,fish7_roi1,108,/clusterfs/vast/abcabc/Korra_Foundation/20250603_skittlez/fish7_roi1,korra,skittlez,141.0,6/3/25,,Liam (F2 of allele 321),Chris (F1 of allele 317),,"phiC-NLS, 2xLynk:mSG",,X:\abcabc\Korra_Foundation\20250603_skittlez,,321,pDQM034,317,,
20250603_skittlez,fish8_roi1,fish8_roi1,fish8_roi1,72,/clusterfs/vast/abcabc/Korra_Foundation/20250603_skittlez/fish8_roi1,korra,skittlez,141.0,6/3/25,,Liam (F2 of allele 321),Chris (F1 of allele 317),,"phiC-NLS, 2xLynk:mSG",,X:\abcabc\Korra_Foundation\20250603_skittlez,,321,pDQM034,317,,
20250603_skittlez,fish9_roi1,fish9_roi1,fish9_roi1,138,/clusterfs/vast/abcabc/Korra_Foundation/20250603_skittlez/fish9_roi1,korra,skittlez,141.0,6/3/25,,Liam (F2 of allele 321),Chris (F1 of allele 317),,"phiC-NLS, 2xLynk:mSG",,X:\abcabc\Korra_Foundation\20250603_skittlez,,321,pDQM034,317,,
20250603_skittlez,fish9_roi2,fish9_roi2,fish9_roi2,48,/clusterfs/vast/abcabc/Korra_Foundation/20250603_skittlez/fish9_roi2,korra,skittlez,141.0,6/3/25,,Liam (F2 of allele 321),Chris (F1 of allele 317),,"phiC-NLS, 2xLynk:mSG",,X:\abcabc\Korra_Foundation\20250603_skittlez,,321,pDQM034,317,,
20250603_skittlez,fish9_roi3,fish9_roi3,fish9_roi3,48,/clusterfs/vast/abcabc/Korra_Foundation/20250603_skittlez/fish9_roi3,korra,skittlez,141.0,6/3/25,,Liam (F2 of allele 321),Chris (F1 of allele 317),,"phiC-NLS, 2xLynk:mSG",,X:\abcabc\Korra_Foundation\20250603_skittlez,,321,pDQM034,317,,
20250605_skittlez,fish10_roi1,fish10_roi1,fish10_roi1,72,/clusterfs/vast/abcabc/Korra_Foundation/20250605_skittlez/fish10_roi1,korra,skittlez,140.0,6/5/25,,Dennis (F2 of allele 318),Abe (F2 of allele 309),,"phiC-NLS, 2xLynk:mSG",,X:\abcabc\Korra_Foundation\20250605_skittlez,,381,pDQM034,309,,
20250605_skittlez,fish10_roi2,fish10_roi2,fish10_roi2,72,/clusterfs/vast/abcabc/Korra_Foundation/20250605_skittlez/fish10_roi2,korra,skittlez,140.0,6/5/25,,Dennis (F2 of allele 318),Abe (F2 of allele 309),,"phiC-NLS, 2xLynk:mSG",,X:\abcabc\Korra_Foundation\20250605_skittlez,,381,pDQM034,309,,
20250605_skittlez,fish11_roi1,fish11_roi1,fish11_roi1,96,/clusterfs/vast/abcabc/Korra_Foundation/20250605_skittlez/fish11_roi1,korra,skittlez,140.0,6/5/25,,Dennis (F2 of allele 318),Abe (F2 of allele 309),,"phiC-NLS, 2xLynk:mSG",,X:\abcabc\Korra_Foundation\20250605_skittlez,,381,pDQM034,309,,
20250605_skittlez,fish11_roi2,fish11_roi2,fish11_roi2,120,/clusterfs/vast/abcabc/Korra_Foundation/20250605_skittlez/fish11_roi2,korra,skittlez,140.0,6/5/25,,Dennis (F2 of allele 318),Abe (F2 of allele 309),,"phiC-NLS, 2xLynk:mSG",,X:\abcabc\Korra_Foundation\20250605_skittlez,,381,pDQM034,309,,
20250605_skittlez,fish12_roi1,fish12_roi1,fish12_roi1,96,/clusterfs/vast/abcabc/Korra_Foundation/20250605_skittlez/fish12_roi1,korra,skittlez,140.0,6/5/25,,Dennis (F2 of allele 318),Abe (F2 of allele 309),,"phiC-NLS, 2xLynk:mSG",,X:\abcabc\Korra_Foundation\20250605_skittlez,,381,pDQM034,309,,
20250605_skittlez,fish13_roi1,fish13_roi1,fish13_roi1,96,/clusterfs/vast/abcabc/Korra_Foundation/20250605_skittlez/fish13_roi1,korra,skittlez,140.0,6/5/25,,Dennis (F2 of allele 318),Abe (F2 of allele 309),,"phiC-NLS, 2xLynk:mSG",,X:\abcabc\Korra_Foundation\20250605_skittlez,,381,pDQM034,309,,
20250605_skittlez,fish13_roi2,fish13_roi2,fish13_roi2,96,/clusterfs/vast/abcabc/Korra_Foundation/20250605_skittlez/fish13_roi2,korra,skittlez,140.0,6/5/25,,Dennis (F2 of allele 318),Abe (F2 of allele 309),,"phiC-NLS, 2xLynk:mSG",,X:\abcabc\Korra_Foundation\20250605_skittlez,,381,pDQM034,309,,
20250605_skittlez,fish14_roi1,fish14_roi1,fish14_roi1,96,/clusterfs/vast/abcabc/Korra_Foundation/20250605_skittlez/fish14_roi1,korra,skittlez,140.0,6/5/25,,Dennis (F2 of allele 318),Abe (F2 of allele 309),,"phiC-NLS, 2xLynk:mSG",,X:\abcabc\Korra_Foundation\20250605_skittlez,,381,pDQM034,309,,
20250605_skittlez,fish1_roi1,fish1_roi1,fish1_roi1,90,/clusterfs/vast/abcabc/Korra_Foundation/20250605_skittlez/fish1_roi1,korra,skittlez,140.0,6/5/25,,Dennis (F2 of allele 318),Abe (F2 of allele 309),,"phiC-NLS, 2xLynk:mSG",,X:\abcabc\Korra_Foundation\20250605_skittlez,,381,pDQM034,309,,
20250605_skittlez,fish2_roi1,fish2_roi1,fish2_roi1,72,/clusterfs/vast/abcabc/Korra_Foundation/20250605_skittlez/fish2_roi1,korra,skittlez,140.0,6/5/25,,Dennis (F2 of allele 318),Abe (F2 of allele 309),,"phiC-NLS, 2xLynk:mSG",,X:\abcabc\Korra_Foundation\20250605_skittlez,,381,pDQM034,309,,
20250605_skittlez,fish2_roi12,fish2_roi12,fish2_roi12,72,/clusterfs/vast/abcabc/Korra_Foundation/20250605_skittlez/fish2_roi12,korra,skittlez,140.0,6/5/25,,Dennis (F2 of allele 318),Abe (F2 of allele 309),,"phiC-NLS, 2xLynk:mSG",,X:\abcabc\Korra_Foundation\20250605_skittlez,,381,pDQM034,309,,
20250605_skittlez,fish3_roi12,fish3_roi12,fish3_roi12,72,/clusterfs/vast/abcabc/Korra_Foundation/20250605_skittlez/fish3_roi12,korra,skittlez,140.0,6/5/25,,Dennis (F2 of allele 318),Abe (F2 of allele 309),,"phiC-NLS, 2xLynk:mSG",,X:\abcabc\Korra_Foundation\20250605_skittlez,,381,pDQM034,309,,
20250605_skittlez,fish3_roi2,fish3_roi2,fish3_roi2,72,/clusterfs/vast/abcabc/Korra_Foundation/20250605_skittlez/fish3_roi2,korra,skittlez,140.0,6/5/25,,Dennis (F2 of allele 318),Abe (F2 of allele 309),,"phiC-NLS, 2xLynk:mSG",,X:\abcabc\Korra_Foundation\20250605_skittlez,,381,pDQM034,309,,
20250605_skittlez,fish4_roi1,fish4_roi1,fish4_roi1,72,/clusterfs/vast/abcabc/Korra_Foundation/20250605_skittlez/fish4_roi1,korra,skittlez,140.0,6/5/25,,Dennis (F2 of allele 318),Abe (F2 of allele 309),,"phiC-NLS, 2xLynk:mSG",,X:\abcabc\Korra_Foundation\20250605_skittlez,,381,pDQM034,309,,
20250605_skittlez,fish5_roi1,fish5_roi1,fish5_roi1,54,/clusterfs/vast/abcabc/Korra_Foundation/20250605_skittlez/fish5_roi1,korra,skittlez,140.0,6/5/25,,Dennis (F2 of allele 318),Abe (F2 of allele 309),,"phiC-NLS, 2xLynk:mSG",,X:\abcabc\Korra_Foundation\20250605_skittlez,,381,pDQM034,309,,
20250605_skittlez,fish5_roi2,fish5_roi2,fish5_roi2,54,/clusterfs/vast/abcabc/Korra_Foundation/20250605_skittlez/fish5_roi2,korra,skittlez,140.0,6/5/25,,Dennis (F2 of allele 318),Abe (F2 of allele 309),,"phiC-NLS, 2xLynk:mSG",,X:\abcabc\Korra_Foundation\20250605_skittlez,,381,pDQM034,309,,
20250605_skittlez,fish6_roi1,fish6_roi1,fish6_roi1,72,/clusterfs/vast/abcabc/Korra_Foundation/20250605_skittlez/fish6_roi1,korra,skittlez,140.0,6/5/25,,Dennis (F2 of allele 318),Abe (F2 of allele 309),,"phiC-NLS, 2xLynk:mSG",,X:\abcabc\Korra_Foundation\20250605_skittlez,,381,pDQM034,309,,
20250605_skittlez,fish7_roi1,fish7_roi1,fish7_roi1,72,/clusterfs/vast/abcabc/Korra_Foundation/20250605_skittlez/fish7_roi1,korra,skittlez,140.0,6/5/25,,Dennis (F2 of allele 318),Abe (F2 of allele 309),,"phiC-NLS, 2xLynk:mSG",,X:\abcabc\Korra_Foundation\20250605_skittlez,,381,pDQM034,309,,
20250605_skittlez,fish8_roi1,fish8_roi1,fish8_roi1,54,/clusterfs/vast/abcabc/Korra_Foundation/20250605_skittlez/fish8_roi1,korra,skittlez,140.0,6/5/25,,Dennis (F2 of allele 318),Abe (F2 of allele 309),,"phiC-NLS, 2xLynk:mSG",,X:\abcabc\Korra_Foundation\20250605_skittlez,,381,pDQM034,309,,
20250605_skittlez,fish9_roi1,fish9_roi1,fish9_roi1,72,/clusterfs/vast/abcabc/Korra_Foundation/20250605_skittlez/fish9_roi1,korra,skittlez,140.0,6/5/25,,Dennis (F2 of allele 318),Abe (F2 of allele 309),,"phiC-NLS, 2xLynk:mSG",,X:\abcabc\Korra_Foundation\20250605_skittlez,,381,pDQM034,309,,
20250605_skittlez,fish9_roi2,fish9_roi2,fish9_roi2,72,/clusterfs/vast/abcabc/Korra_Foundation/20250605_skittlez/fish9_roi2,korra,skittlez,140.0,6/5/25,,Dennis (F2 of allele 318),Abe (F2 of allele 309),,"phiC-NLS, 2xLynk:mSG",,X:\abcabc\Korra_Foundation\20250605_skittlez,,381,pDQM034,309,,
20250606_skittlez,fish10_roi1,fish10_roi1,fish10_roi1,72,/clusterfs/vast/abcabc/Korra_Foundation/20250606_skittlez/fish10_roi1,korra,skittlez,139.0,6/6/25,,Jim (F2 of allele 316),Ben (F2 of allele 310),,"phiC-NLS, 2xLynk:mSG",,X:\abcabc\Korra_Foundation\20250606_skittlez,,316,,310,,
20250606_skittlez,fish11_roi1,fish11_roi1,fish11_roi1,72,/clusterfs/vast/abcabc/Korra_Foundation/20250606_skittlez/fish11_roi1,korra,skittlez,139.0,6/6/25,,Jim (F2 of allele 316),Ben (F2 of allele 310),,"phiC-NLS, 2xLynk:mSG",,X:\abcabc\Korra_Foundation\20250606_skittlez,,316,,310,,
20250606_skittlez,fish11_roi2,fish11_roi2,fish11_roi2,72,/clusterfs/vast/abcabc/Korra_Foundation/20250606_skittlez/fish11_roi2,korra,skittlez,139.0,6/6/25,,Jim (F2 of allele 316),Ben (F2 of allele 310),,"phiC-NLS, 2xLynk:mSG",,X:\abcabc\Korra_Foundation\20250606_skittlez,,316,,310,,
20250606_skittlez,fish12_roi1,fish12_roi1,fish12_roi1,72,/clusterfs/vast/abcabc/Korra_Foundation/20250606_skittlez/fish12_roi1,korra,skittlez,139.0,6/6/25,,Jim (F2 of allele 316),Ben (F2 of allele 310),,"phiC-NLS, 2xLynk:mSG",,X:\abcabc\Korra_Foundation\20250606_skittlez,,316,,310,,
20250606_skittlez,fish12_roi2,fish12_roi2,fish12_roi2,72,/clusterfs/vast/abcabc/Korra_Foundation/20250606_skittlez/fish12_roi2,korra,skittlez,139.0,6/6/25,,Jim (F2 of allele 316),Ben (F2 of allele 310),,"phiC-NLS, 2xLynk:mSG",,X:\abcabc\Korra_Foundation\20250606_skittlez,,316,,310,,
20250606_skittlez,fish13_roi1,fish13_roi1,fish13_roi1,72,/clusterfs/vast/abcabc/Korra_Foundation/20250606_skittlez/fish13_roi1,korra,skittlez,139.0,6/6/25,,Jim (F2 of allele 316),Ben (F2 of allele 310),,"phiC-NLS, 2xLynk:mSG",,X:\abcabc\Korra_Foundation\20250606_skittlez,,316,,310,,
20250606_skittlez,fish13_roi2,fish13_roi2,fish13_roi2,72,/clusterfs/vast/abcabc/Korra_Foundation/20250606_skittlez/fish13_roi2,korra,skittlez,139.0,6/6/25,,Jim (F2 of allele 316),Ben (F2 of allele 310),,"phiC-NLS, 2xLynk:mSG",,X:\abcabc\Korra_Foundation\20250606_skittlez,,316,,310,,
20250606_skittlez,fish14_roi1,fish14_roi1,fish14_roi1,72,/clusterfs/vast/abcabc/Korra_Foundation/20250606_skittlez/fish14_roi1,korra,skittlez,139.0,6/6/25,,Jim (F2 of allele 316),Ben (F2 of allele 310),,"phiC-NLS, 2xLynk:mSG",,X:\abcabc\Korra_Foundation\20250606_skittlez,,316,,310,,
20250606_skittlez,fish14_roi2,fish14_roi2,fish14_roi2,72,/clusterfs/vast/abcabc/Korra_Foundation/20250606_skittlez/fish14_roi2,korra,skittlez,139.0,6/6/25,,Jim (F2 of allele 316),Ben (F2 of allele 310),,"phiC-NLS, 2xLynk:mSG",,X:\abcabc\Korra_Foundation\20250606_skittlez,,316,,310,,
20250606_skittlez,fish14_roi3,fish14_roi3,fish14_roi3,72,/clusterfs/vast/abcabc/Korra_Foundation/20250606_skittlez/fish14_roi3,korra,skittlez,139.0,6/6/25,,Jim (F2 of allele 316),Ben (F2 of allele 310),,"phiC-NLS, 2xLynk:mSG",,X:\abcabc\Korra_Foundation\20250606_skittlez,,316,,310,,
20250606_skittlez,fish15_roi1,fish15_roi1,fish15_roi1,72,/clusterfs/vast/abcabc/Korra_Foundation/20250606_skittlez/fish15_roi1,korra,skittlez,139.0,6/6/25,,Jim (F2 of allele 316),Ben (F2 of allele 310),,"phiC-NLS, 2xLynk:mSG",,X:\abcabc\Korra_Foundation\20250606_skittlez,,316,,310,,
20250606_skittlez,fish15_roi2,fish15_roi2,fish15_roi2,72,/clusterfs/vast/abcabc/Korra_Foundation/20250606_skittlez/fish15_roi2,korra,skittlez,139.0,6/6/25,,Jim (F2 of allele 316),Ben (F2 of allele 310),,"phiC-NLS, 2xLynk:mSG",,X:\abcabc\Korra_Foundation\20250606_skittlez,,316,,310,,
20250606_skittlez,fish15_roi3,fish15_roi3,fish15_roi3,72,/clusterfs/vast/abcabc/Korra_Foundation/20250606_skittlez/fish15_roi3,korra,skittlez,139.0,6/6/25,,Jim (F2 of allele 316),Ben (F2 of allele 310),,"phiC-NLS, 2xLynk:mSG",,X:\abcabc\Korra_Foundation\20250606_skittlez,,316,,310,,
20250606_skittlez,fish1_roi1,fish1_roi1,fish1_roi1,48,/clusterfs/vast/abcabc/Korra_Foundation/20250606_skittlez/fish1_roi1,korra,skittlez,139.0,6/6/25,,Jim (F2 of allele 316),Ben (F2 of allele 310),,"phiC-NLS, 2xLynk:mSG",,X:\abcabc\Korra_Foundation\20250606_skittlez,,316,,310,,
20250606_skittlez,fish2_roi1,fish2_roi1,fish2_roi1,48,/clusterfs/vast/abcabc/Korra_Foundation/20250606_skittlez/fish2_roi1,korra,skittlez,139.0,6/6/25,,Jim (F2 of allele 316),Ben (F2 of allele 310),,"phiC-NLS, 2xLynk:mSG",,X:\abcabc\Korra_Foundation\20250606_skittlez,,316,,310,,
20250606_skittlez,fish3_roi1,fish3_roi1,fish3_roi1,48,/clusterfs/vast/abcabc/Korra_Foundation/20250606_skittlez/fish3_roi1,korra,skittlez,139.0,6/6/25,,Jim (F2 of allele 316),Ben (F2 of allele 310),,"phiC-NLS, 2xLynk:mSG",,X:\abcabc\Korra_Foundation\20250606_skittlez,,316,,310,,
20250606_skittlez,fish4_roi1,fish4_roi1,fish4_roi1,48,/clusterfs/vast/abcabc/Korra_Foundation/20250606_skittlez/fish4_roi1,korra,skittlez,139.0,6/6/25,,Jim (F2 of allele 316),Ben (F2 of allele 310),,"phiC-NLS, 2xLynk:mSG",,X:\abcabc\Korra_Foundation\20250606_skittlez,,316,,310,,
20250606_skittlez,fish6_roi1,fish6_roi1,fish6_roi1,48,/clusterfs/vast/abcabc/Korra_Foundation/20250606_skittlez/fish6_roi1,korra,skittlez,139.0,6/6/25,,Jim (F2 of allele 316),Ben (F2 of allele 310),,"phiC-NLS, 2xLynk:mSG",,X:\abcabc\Korra_Foundation\20250606_skittlez,,316,,310,,
20250606_skittlez,fish7_roi1,fish7_roi1,fish7_roi1,48,/clusterfs/vast/abcabc/Korra_Foundation/20250606_skittlez/fish7_roi1,korra,skittlez,139.0,6/6/25,,Jim (F2 of allele 316),Ben (F2 of allele 310),,"phiC-NLS, 2xLynk:mSG",,X:\abcabc\Korra_Foundation\20250606_skittlez,,316,,310,,
20250606_skittlez,fish7_roi2,fish7_roi2,fish7_roi2,48,/clusterfs/vast/abcabc/Korra_Foundation/20250606_skittlez/fish7_roi2,korra,skittlez,139.0,6/6/25,,Jim (F2 of allele 316),Ben (F2 of allele 310),,"phiC-NLS, 2xLynk:mSG",,X:\abcabc\Korra_Foundation\20250606_skittlez,,316,,310,,
20250606_skittlez,fish8_roi1,fish8_roi1,fish8_roi1,48,/clusterfs/vast/abcabc/Korra_Foundation/20250606_skittlez/fish8_roi1,korra,skittlez,139.0,6/6/25,,Jim (F2 of allele 316),Ben (F2 of allele 310),,"phiC-NLS, 2xLynk:mSG",,X:\abcabc\Korra_Foundation\20250606_skittlez,,316,,310,,
20250606_skittlez,fish9_roi1,fish9_roi1,fish9_roi1,72,/clusterfs/vast/abcabc/Korra_Foundation/20250606_skittlez/fish9_roi1,korra,skittlez,139.0,6/6/25,,Jim (F2 of allele 316),Ben (F2 of allele 310),,"phiC-NLS, 2xLynk:mSG",,X:\abcabc\Korra_Foundation\20250606_skittlez,,316,,310,,
20250606_skittlez,fish9_roi2,fish9_roi2,fish9_roi2,72,/clusterfs/vast/abcabc/Korra_Foundation/20250606_skittlez/fish9_roi2,korra,skittlez,139.0,6/6/25,,Jim (F2 of allele 316),Ben (F2 of allele 310),,"phiC-NLS, 2xLynk:mSG",,X:\abcabc\Korra_Foundation\20250606_skittlez,,316,,310,,
20250609_mem-histone,fish11_72hpf_roi1,fish11_72hpf_roi1,fish11_72hpf_roi1,8168,/clusterfs/vast/abcabc/Korra_Foundation/20250609_mem-histone/fish11_72hpf_roi1,korra,mem-histone,138.0,6/9/25,,ef1a:2xLynk:tdmSG(J) (F2 of allele 301),ef1a:2xLynk:tdmSG(J) (F2 of allele 301),,mScarlet3-S2:H2B,,X:\abcabc\Korra_Foundation\20250609_mem-histone\fish11_72hpf_roi1,pDQM005,301,pDQM005,301,,pDQM117
20250609_mem-histone,fish2_24hpf_roi1,fish2_24hpf_roi1,fish2_24hpf_roi1,2880,/clusterfs/vast/abcabc/Korra_Foundation/20250609_mem-histone/fish2_24hpf_roi1,korra,mem-histone,138.0,6/9/25,,ef1a:2xLynk:tdmSG(J) (F2 of allele 301),ef1a:2xLynk:tdmSG(J) (F2 of allele 301),,mScarlet3-S2:H2B,,X:\abcabc\Korra_Foundation\20250609_mem-histone\fish11_72hpf_roi1,pDQM005,301,pDQM005,301,,pDQM117
20250609_mem-histone,fish2_24hpf_roi2,fish2_24hpf_roi2,fish2_24hpf_roi2,3520,/clusterfs/vast/abcabc/Korra_Foundation/20250609_mem-histone/fish2_24hpf_roi2,korra,mem-histone,138.0,6/9/25,,ef1a:2xLynk:tdmSG(J) (F2 of allele 301),ef1a:2xLynk:tdmSG(J) (F2 of allele 301),,mScarlet3-S2:H2B,,X:\abcabc\Korra_Foundation\20250609_mem-histone\fish11_72hpf_roi1,pDQM005,301,pDQM005,301,,pDQM117
20250609_mem-histone,fish3_24hpf_roi1,fish3_24hpf_roi1,fish3_24hpf_roi1,4000,/clusterfs/vast/abcabc/Korra_Foundation/20250609_mem-histone/fish3_24hpf_roi1,korra,mem-histone,138.0,6/9/25,,ef1a:2xLynk:tdmSG(J) (F2 of allele 301),ef1a:2xLynk:tdmSG(J) (F2 of allele 301),,mScarlet3-S2:H2B,,X:\abcabc\Korra_Foundation\20250609_mem-histone\fish11_72hpf_roi1,pDQM005,301,pDQM005,301,,pDQM117
20250609_mem-histone,fish4_24hpf_roi1,fish4_24hpf_roi1,fish4_24hpf_roi1,2560,/clusterfs/vast/abcabc/Korra_Foundation/20250609_mem-histone/fish4_24hpf_roi1,korra,mem-histone,138.0,6/9/25,,ef1a:2xLynk:tdmSG(J) (F2 of allele 301),ef1a:2xLynk:tdmSG(J) (F2 of allele 301),,mScarlet3-S2:H2B,,X:\abcabc\Korra_Foundation\20250609_mem-histone\fish11_72hpf_roi1,pDQM005,301,pDQM005,301,,pDQM117
20250609_mem-histone,fish5_24hpf_roi1,fish5_24hpf_roi1,fish5_24hpf_roi1,2560,/clusterfs/vast/abcabc/Korra_Foundation/20250609_mem-histone/fish5_24hpf_roi1,korra,mem-histone,138.0,6/9/25,,ef1a:2xLynk:tdmSG(J) (F2 of allele 301),ef1a:2xLynk:tdmSG(J) (F2 of allele 301),,mScarlet3-S2:H2B,,X:\abcabc\Korra_Foundation\20250609_mem-histone\fish11_72hpf_roi1,pDQM005,301,pDQM005,301,,pDQM117
20250609_mem-histone,fish5_48hpf_roi2,fish5_48hpf_roi2,fish5_48hpf_roi2,2560,/clusterfs/vast/abcabc/Korra_Foundation/20250609_mem-histone/fish5_48hpf_roi2,korra,mem-histone,138.0,6/9/25,,ef1a:2xLynk:tdmSG(J) (F2 of allele 301),ef1a:2xLynk:tdmSG(J) (F2 of allele 301),,mScarlet3-S2:H2B,,X:\abcabc\Korra_Foundation\20250609_mem-histone\fish11_72hpf_roi1,pDQM005,301,pDQM005,301,,pDQM117
20250609_mem-histone,fish6_48hpf_roi1,fish6_48hpf_roi1,fish6_48hpf_roi1,2080,/clusterfs/vast/abcabc/Korra_Foundation/20250609_mem-histone/fish6_48hpf_roi1,korra,mem-histone,138.0,6/9/25,,ef1a:2xLynk:tdmSG(J) (F2 of allele 301),ef1a:2xLynk:tdmSG(J) (F2 of allele 301),,mScarlet3-S2:H2B,,X:\abcabc\Korra_Foundation\20250609_mem-histone\fish11_72hpf_roi1,pDQM005,301,pDQM005,301,,pDQM117
20250609_mem-histone,fish6_48hpf_roi2,fish6_48hpf_roi2,fish6_48hpf_roi2,1600,/clusterfs/vast/abcabc/Korra_Foundation/20250609_mem-histone/fish6_48hpf_roi2,korra,mem-histone,138.0,6/9/25,,ef1a:2xLynk:tdmSG(J) (F2 of allele 301),ef1a:2xLynk:tdmSG(J) (F2 of allele 301),,mScarlet3-S2:H2B,,X:\abcabc\Korra_Foundation\20250609_mem-histone\fish11_72hpf_roi1,pDQM005,301,pDQM005,301,,pDQM117
20250612_skittlez,fish1_roi1,fish1_roi1,fish1_roi1,300,/clusterfs/vast/abcabc/Korra_Foundation/20250612_skittlez/fish1_roi1,korra,skittlez,135.0,6/12/25,,Dennis (F2 of allele 318),Abe (F2 of allele 309),,"phiC-NLS, 2xLynk:mSG",,X:\abcabc\Korra_Foundation\20250612_skittlez,,381,pDQM034,309,,
20250612_skittlez,fish2_roi1,fish2_roi1,fish2_roi1,120,/clusterfs/vast/abcabc/Korra_Foundation/20250612_skittlez/fish2_roi1,korra,skittlez,135.0,6/12/25,,Dennis (F2 of allele 318),Abe (F2 of allele 309),,"phiC-NLS, 2xLynk:mSG",,X:\abcabc\Korra_Foundation\20250612_skittlez,,381,pDQM034,309,,
20250612_skittlez,fish3_roi1,fish3_roi1,fish3_roi1,150,/clusterfs/vast/abcabc/Korra_Foundation/20250612_skittlez/fish3_roi1,korra,skittlez,135.0,6/12/25,,Dennis (F2 of allele 318),Abe (F2 of allele 309),,"phiC-NLS, 2xLynk:mSG",,X:\abcabc\Korra_Foundation\20250612_skittlez,,381,pDQM034,309,,
20250612_skittlez,fish4_roi1,fish4_roi1,fish4_roi1,270,/clusterfs/vast/abcabc/Korra_Foundation/20250612_skittlez/fish4_roi1,korra,skittlez,135.0,6/12/25,,Dennis (F2 of allele 318),Abe (F2 of allele 309),,"phiC-NLS, 2xLynk:mSG",,X:\abcabc\Korra_Foundation\20250612_skittlez,,381,pDQM034,309,,
20250612_skittlez,fish5_roi1,fish5_roi1,fish5_roi1,120,/clusterfs/vast/abcabc/Korra_Foundation/20250612_skittlez/fish5_roi1,korra,skittlez,135.0,6/12/25,,Dennis (F2 of allele 318),Abe (F2 of allele 309),,"phiC-NLS, 2xLynk:mSG",,X:\abcabc\Korra_Foundation\20250612_skittlez,,381,pDQM034,309,,
20250612_skittlez,fish5_roi2,fish5_roi2,fish5_roi2,120,/clusterfs/vast/abcabc/Korra_Foundation/20250612_skittlez/fish5_roi2,korra,skittlez,135.0,6/12/25,,Dennis (F2 of allele 318),Abe (F2 of allele 309),,"phiC-NLS, 2xLynk:mSG",,X:\abcabc\Korra_Foundation\20250612_skittlez,,381,pDQM034,309,,
20250612_skittlez,fish5_roi3,fish5_roi3,fish5_roi3,120,/clusterfs/vast/abcabc/Korra_Foundation/20250612_skittlez/fish5_roi3,korra,skittlez,135.0,6/12/25,,Dennis (F2 of allele 318),Abe (F2 of allele 309),,"phiC-NLS, 2xLynk:mSG",,X:\abcabc\Korra_Foundation\20250612_skittlez,,381,pDQM034,309,,
20250612_skittlez,fish6_roi1,fish6_roi1,fish6_roi1,120,/clusterfs/vast/abcabc/Korra_Foundation/20250612_skittlez/fish6_roi1,korra,skittlez,135.0,6/12/25,,Dennis (F2 of allele 318),Abe (F2 of allele 309),,"phiC-NLS, 2xLynk:mSG",,X:\abcabc\Korra_Foundation\20250612_skittlez,,381,pDQM034,309,,
20250612_skittlez,fish7_roi1,fish7_roi1,fish7_roi1,90,/clusterfs/vast/abcabc/Korra_Foundation/20250612_skittlez/fish7_roi1,korra,skittlez,135.0,6/12/25,,Dennis (F2 of allele 318),Abe (F2 of allele 309),,"phiC-NLS, 2xLynk:mSG",,X:\abcabc\Korra_Foundation\20250612_skittlez,,381,pDQM034,309,,
20250612_skittlez,fish8_roi1,fish8_roi1,fish8_roi1,180,/clusterfs/vast/abcabc/Korra_Foundation/20250612_skittlez/fish8_roi1,korra,skittlez,135.0,6/12/25,,Dennis (F2 of allele 318),Abe (F2 of allele 309),,"phiC-NLS, 2xLynk:mSG",,X:\abcabc\Korra_Foundation\20250612_skittlez,,381,pDQM034,309,,
20250613_skittlez,fish10_roi1,fish10_roi1,fish10_roi1,120,/clusterfs/vast/abcabc/Korra_Foundation/20250613_skittlez/fish10_roi1,korra,skittlez,134.0,6/13/25,,Jim (F2 of allele 316),Dennis (F2 of allele 318),,"phiC-NLS, 2xLynk:mSG",,X:\abcabc\Korra_Foundation\20250613_skittlez,,316,,381,,
20250613_skittlez,fish11_roi1,fish11_roi1,fish11_roi1,180,/clusterfs/vast/abcabc/Korra_Foundation/20250613_skittlez/fish11_roi1,korra,skittlez,134.0,6/13/25,,Jim (F2 of allele 316),Dennis (F2 of allele 318),,"phiC-NLS, 2xLynk:mSG",,X:\abcabc\Korra_Foundation\20250613_skittlez,,316,,381,,
20250613_skittlez,fish12_roi1,fish12_roi1,fish12_roi1,150,/clusterfs/vast/abcabc/Korra_Foundation/20250613_skittlez/fish12_roi1,korra,skittlez,134.0,6/13/25,,Jim (F2 of allele 316),Dennis (F2 of allele 318),,"phiC-NLS, 2xLynk:mSG",,X:\abcabc\Korra_Foundation\20250613_skittlez,,316,,381,,
20250613_skittlez,fish1_roi1,fish1_roi1,fish1_roi1,144,/clusterfs/vast/abcabc/Korra_Foundation/20250613_skittlez/fish1_roi1,korra,skittlez,134.0,6/13/25,,Jim (F2 of allele 316),Dennis (F2 of allele 318),,"phiC-NLS, 2xLynk:mSG",,X:\abcabc\Korra_Foundation\20250613_skittlez,,316,,381,,
20250613_skittlez,fish2_roi1,fish2_roi1,fish2_roi1,108,/clusterfs/vast/abcabc/Korra_Foundation/20250613_skittlez/fish2_roi1,korra,skittlez,134.0,6/13/25,,Jim (F2 of allele 316),Dennis (F2 of allele 318),,"phiC-NLS, 2xLynk:mSG",,X:\abcabc\Korra_Foundation\20250613_skittlez,,316,,381,,
20250613_skittlez,fish3_roi1,fish3_roi1,fish3_roi1,72,/clusterfs/vast/abcabc/Korra_Foundation/20250613_skittlez/fish3_roi1,korra,skittlez,134.0,6/13/25,,Jim (F2 of allele 316),Dennis (F2 of allele 318),,"phiC-NLS, 2xLynk:mSG",,X:\abcabc\Korra_Foundation\20250613_skittlez,,316,,381,,
20250613_skittlez,fish4_roi1,fish4_roi1,fish4_roi1,72,/clusterfs/vast/abcabc/Korra_Foundation/20250613_skittlez/fish4_roi1,korra,skittlez,134.0,6/13/25,,Jim (F2 of allele 316),Dennis (F2 of allele 318),,"phiC-NLS, 2xLynk:mSG",,X:\abcabc\Korra_Foundation\20250613_skittlez,,316,,381,,
20250613_skittlez,fish5_roi1,fish5_roi1,fish5_roi1,90,/clusterfs/vast/abcabc/Korra_Foundation/20250613_skittlez/fish5_roi1,korra,skittlez,134.0,6/13/25,,Jim (F2 of allele 316),Dennis (F2 of allele 318),,"phiC-NLS, 2xLynk:mSG",,X:\abcabc\Korra_Foundation\20250613_skittlez,,316,,381,,
20250613_skittlez,fish6_roi1,fish6_roi1,fish6_roi1,60,/clusterfs/vast/abcabc/Korra_Foundation/20250613_skittlez/fish6_roi1,korra,skittlez,134.0,6/13/25,,Jim (F2 of allele 316),Dennis (F2 of allele 318),,"phiC-NLS, 2xLynk:mSG",,X:\abcabc\Korra_Foundation\20250613_skittlez,,316,,381,,
20250613_skittlez,fish7_roi,fish7_roi,fish7_roi,108,/clusterfs/vast/abcabc/Korra_Foundation/20250613_skittlez/fish7_roi,korra,skittlez,134.0,6/13/25,,Jim (F2 of allele 316),Dennis (F2 of allele 318),,"phiC-NLS, 2xLynk:mSG",,X:\abcabc\Korra_Foundation\20250613_skittlez,,316,,381,,
20250613_skittlez,fish8_roi1,fish8_roi1,fish8_roi1,90,/clusterfs/vast/abcabc/Korra_Foundation/20250613_skittlez/fish8_roi1,korra,skittlez,134.0,6/13/25,,Jim (F2 of allele 316),Dennis (F2 of allele 318),,"phiC-NLS, 2xLynk:mSG",,X:\abcabc\Korra_Foundation\20250613_skittlez,,316,,381,,
20250613_skittlez,fish9_roi1,fish9_roi1,fish9_roi1,240,/clusterfs/vast/abcabc/Korra_Foundation/20250613_skittlez/fish9_roi1,korra,skittlez,134.0,6/13/25,,Jim (F2 of allele 316),Dennis (F2 of allele 318),,"phiC-NLS, 2xLynk:mSG",,X:\abcabc\Korra_Foundation\20250613_skittlez,,316,,381,,
20250616_mem-histone,fish1_24hpf_roi1_brain,fish1_24hpf_roi1_brain,fish1_24hpf_roi1_brain,1812,/clusterfs/vast/abcabc/Korra_Foundation/20250616_mem-histone/fish1_24hpf_roi1_brain,korra,mem-histone,133.0,6/16/25,,ef1a:2xLynk:tdmSG(J) (F2 of allele 301),ef1a:2xLynk:tdmSG(J) (F2 of allele 301),,mScarlet3-S2:H2B,,X:\abcabc\Korra_Foundation\20250616_mem-histone\fish1,pDQM005,301,pDQM005,301,,pDQM117
20250616_mem-histone,fish1_72hpf_roi1-ear,fish1_72hpf_roi1-ear,fish1_72hpf_roi1-ear,1144,/clusterfs/vast/abcabc/Korra_Foundation/20250616_mem-histone/fish1_72hpf_roi1-ear,korra,mem-histone,133.0,6/16/25,,ef1a:2xLynk:tdmSG(J) (F2 of allele 301),ef1a:2xLynk:tdmSG(J) (F2 of allele 301),,mScarlet3-S2:H2B,,X:\abcabc\Korra_Foundation\20250616_mem-histone\fish1,pDQM005,301,pDQM005,301,,pDQM117
20250616_mem-histone,fish1_72hpf_roi2_muscle,fish1_72hpf_roi2_muscle,fish1_72hpf_roi2_muscle,8600,/clusterfs/vast/abcabc/Korra_Foundation/20250616_mem-histone/fish1_72hpf_roi2_muscle,korra,mem-histone,133.0,6/16/25,,ef1a:2xLynk:tdmSG(J) (F2 of allele 301),ef1a:2xLynk:tdmSG(J) (F2 of allele 301),,mScarlet3-S2:H2B,,X:\abcabc\Korra_Foundation\20250616_mem-histone\fish1,pDQM005,301,pDQM005,301,,pDQM117
20250616_mem-histone,fish2_24hpf_roi1_brain,fish2_24hpf_roi1_brain,fish2_24hpf_roi1_brain,3248,/clusterfs/vast/abcabc/Korra_Foundation/20250616_mem-histone/fish2_24hpf_roi1_brain,korra,mem-histone,133.0,6/16/25,,ef1a:2xLynk:tdmSG(J) (F2 of allele 301),ef1a:2xLynk:tdmSG(J) (F2 of allele 301),,mScarlet3-S2:H2B,,X:\abcabc\Korra_Foundation\20250616_mem-histone\fish1,pDQM005,301,pDQM005,301,,pDQM117
20250616_mem-histone,fish3_24hpf_roi1_brain,fish3_24hpf_roi1_brain,fish3_24hpf_roi1_brain,3584,/clusterfs/vast/abcabc/Korra_Foundation/20250616_mem-histone/fish3_24hpf_roi1_brain,korra,mem-histone,133.0,6/16/25,,ef1a:2xLynk:tdmSG(J) (F2 of allele 301),ef1a:2xLynk:tdmSG(J) (F2 of allele 301),,mScarlet3-S2:H2B,,X:\abcabc\Korra_Foundation\20250616_mem-histone\fish1,pDQM005,301,pDQM005,301,,pDQM117
20250616_mem-histone,fish4_24hpf_roi1_brain,fish4_24hpf_roi1_brain,fish4_24hpf_roi1_brain,1664,/clusterfs/vast/abcabc/Korra_Foundation/20250616_mem-histone/fish4_24hpf_roi1_brain,korra,mem-histone,133.0,6/16/25,,ef1a:2xLynk:tdmSG(J) (F2 of allele 301),ef1a:2xLynk:tdmSG(J) (F2 of allele 301),,mScarlet3-S2:H2B,,X:\abcabc\Korra_Foundation\20250616_mem-histone\fish1,pDQM005,301,pDQM005,301,,pDQM117
20250618_skittlez,fish10_roi1,fish10_roi1,fish10_roi1,72,/clusterfs/vast/abcabc/Korra_Foundation/20250618_skittlez/fish10_roi1,korra,skittlez,131.0,6/18/25,,Ben (F2 of allele 310),Abe (F2 of allele 309),,"phiC-NLS, 2xLynk:mSG",,X:\abcabc\Korra_Foundation\20250618_skittlez,,310,pDQM034,309,,
20250618_skittlez,fish10_roi2,fish10_roi2,fish10_roi2,72,/clusterfs/vast/abcabc/Korra_Foundation/20250618_skittlez/fish10_roi2,korra,skittlez,131.0,6/18/25,,Ben (F2 of allele 310),Abe (F2 of allele 309),,"phiC-NLS, 2xLynk:mSG",,X:\abcabc\Korra_Foundation\20250618_skittlez,,310,pDQM034,309,,
20250618_skittlez,fish10_roi3,fish10_roi3,fish10_roi3,72,/clusterfs/vast/abcabc/Korra_Foundation/20250618_skittlez/fish10_roi3,korra,skittlez,131.0,6/18/25,,Ben (F2 of allele 310),Abe (F2 of allele 309),,"phiC-NLS, 2xLynk:mSG",,X:\abcabc\Korra_Foundation\20250618_skittlez,,310,pDQM034,309,,
20250618_skittlez,fish10_roi4,fish10_roi4,fish10_roi4,72,/clusterfs/vast/abcabc/Korra_Foundation/20250618_skittlez/fish10_roi4,korra,skittlez,131.0,6/18/25,,Ben (F2 of allele 310),Abe (F2 of allele 309),,"phiC-NLS, 2xLynk:mSG",,X:\abcabc\Korra_Foundation\20250618_skittlez,,310,pDQM034,309,,
20250618_skittlez,fish11_roi1,fish11_roi1,fish11_roi1,90,/clusterfs/vast/abcabc/Korra_Foundation/20250618_skittlez/fish11_roi1,korra,skittlez,131.0,6/18/25,,Ben (F2 of allele 310),Abe (F2 of allele 309),,"phiC-NLS, 2xLynk:mSG",,X:\abcabc\Korra_Foundation\20250618_skittlez,,310,pDQM034,309,,
20250618_skittlez,fish1_roi1,fish1_roi1,fish1_roi1,24,/clusterfs/vast/abcabc/Korra_Foundation/20250618_skittlez/fish1_roi1,korra,skittlez,131.0,6/18/25,,Ben (F2 of allele 310),Abe (F2 of allele 309),,"phiC-NLS, 2xLynk:mSG",,X:\abcabc\Korra_Foundation\20250618_skittlez,,310,pDQM034,309,,
20250618_skittlez,fish1_roi1_2,fish1_roi1_2,fish1_roi1_2,96,/clusterfs/vast/abcabc/Korra_Foundation/20250618_skittlez/fish1_roi1_2,korra,skittlez,131.0,6/18/25,,Ben (F2 of allele 310),Abe (F2 of allele 309),,"phiC-NLS, 2xLynk:mSG",,X:\abcabc\Korra_Foundation\20250618_skittlez,,310,pDQM034,309,,
20250618_skittlez,fish2_roi1,fish2_roi1,fish2_roi1,120,/clusterfs/vast/abcabc/Korra_Foundation/20250618_skittlez/fish2_roi1,korra,skittlez,131.0,6/18/25,,Ben (F2 of allele 310),Abe (F2 of allele 309),,"phiC-NLS, 2xLynk:mSG",,X:\abcabc\Korra_Foundation\20250618_skittlez,,310,pDQM034,309,,
20250618_skittlez,fish3_roi1,fish3_roi1,fish3_roi1,72,/clusterfs/vast/abcabc/Korra_Foundation/20250618_skittlez/fish3_roi1,korra,skittlez,131.0,6/18/25,,Ben (F2 of allele 310),Abe (F2 of allele 309),,"phiC-NLS, 2xLynk:mSG",,X:\abcabc\Korra_Foundation\20250618_skittlez,,310,pDQM034,309,,
20250618_skittlez,fish4_roi1,fish4_roi1,fish4_roi1,72,/clusterfs/vast/abcabc/Korra_Foundation/20250618_skittlez/fish4_roi1,korra,skittlez,131.0,6/18/25,,Ben (F2 of allele 310),Abe (F2 of allele 309),,"phiC-NLS, 2xLynk:mSG",,X:\abcabc\Korra_Foundation\20250618_skittlez,,310,pDQM034,309,,
20250618_skittlez,fish5_roi1,fish5_roi1,fish5_roi1,72,/clusterfs/vast/abcabc/Korra_Foundation/20250618_skittlez/fish5_roi1,korra,skittlez,131.0,6/18/25,,Ben (F2 of allele 310),Abe (F2 of allele 309),,"phiC-NLS, 2xLynk:mSG",,X:\abcabc\Korra_Foundation\20250618_skittlez,,310,pDQM034,309,,
20250618_skittlez,fish6_roi1,fish6_roi1,fish6_roi1,54,/clusterfs/vast/abcabc/Korra_Foundation/20250618_skittlez/fish6_roi1,korra,skittlez,131.0,6/18/25,,Ben (F2 of allele 310),Abe (F2 of allele 309),,"phiC-NLS, 2xLynk:mSG",,X:\abcabc\Korra_Foundation\20250618_skittlez,,310,pDQM034,309,,
20250618_skittlez,fish6_roi2,fish6_roi2,fish6_roi2,72,/clusterfs/vast/abcabc/Korra_Foundation/20250618_skittlez/fish6_roi2,korra,skittlez,131.0,6/18/25,,Ben (F2 of allele 310),Abe (F2 of allele 309),,"phiC-NLS, 2xLynk:mSG",,X:\abcabc\Korra_Foundation\20250618_skittlez,,310,pDQM034,309,,
20250618_skittlez,fish7_roi1,fish7_roi1,fish7_roi1,72,/clusterfs/vast/abcabc/Korra_Foundation/20250618_skittlez/fish7_roi1,korra,skittlez,131.0,6/18/25,,Ben (F2 of allele 310),Abe (F2 of allele 309),,"phiC-NLS, 2xLynk:mSG",,X:\abcabc\Korra_Foundation\20250618_skittlez,,310,pDQM034,309,,
20250618_skittlez,fish7_roi2,fish7_roi2,fish7_roi2,72,/clusterfs/vast/abcabc/Korra_Foundation/20250618_skittlez/fish7_roi2,korra,skittlez,131.0,6/18/25,,Ben (F2 of allele 310),Abe (F2 of allele 309),,"phiC-NLS, 2xLynk:mSG",,X:\abcabc\Korra_Foundation\20250618_skittlez,,310,pDQM034,309,,
20250618_skittlez,fish7_roi3,fish7_roi3,fish7_roi3,48,/clusterfs/vast/abcabc/Korra_Foundation/20250618_skittlez/fish7_roi3,korra,skittlez,131.0,6/18/25,,Ben (F2 of allele 310),Abe (F2 of allele 309),,"phiC-NLS, 2xLynk:mSG",,X:\abcabc\Korra_Foundation\20250618_skittlez,,310,pDQM034,309,,
20250618_skittlez,fish7_roi4,fish7_roi4,fish7_roi4,48,/clusterfs/vast/abcabc/Korra_Foundation/20250618_skittlez/fish7_roi4,korra,skittlez,131.0,6/18/25,,Ben (F2 of allele 310),Abe (F2 of allele 309),,"phiC-NLS, 2xLynk:mSG",,X:\abcabc\Korra_Foundation\20250618_skittlez,,310,pDQM034,309,,
20250618_skittlez,fish8_roi1,fish8_roi1,fish8_roi1,48,/clusterfs/vast/abcabc/Korra_Foundation/20250618_skittlez/fish8_roi1,korra,skittlez,131.0,6/18/25,,Ben (F2 of allele 310),Abe (F2 of allele 309),,"phiC-NLS, 2xLynk:mSG",,X:\abcabc\Korra_Foundation\20250618_skittlez,,310,pDQM034,309,,
20250618_skittlez,fish8_roi2,fish8_roi2,fish8_roi2,48,/clusterfs/vast/abcabc/Korra_Foundation/20250618_skittlez/fish8_roi2,korra,skittlez,131.0,6/18/25,,Ben (F2 of allele 310),Abe (F2 of allele 309),,"phiC-NLS, 2xLynk:mSG",,X:\abcabc\Korra_Foundation\20250618_skittlez,,310,pDQM034,309,,
20250618_skittlez,fish8_roi3,fish8_roi3,fish8_roi3,48,/clusterfs/vast/abcabc/Korra_Foundation/20250618_skittlez/fish8_roi3,korra,skittlez,131.0,6/18/25,,Ben (F2 of allele 310),Abe (F2 of allele 309),,"phiC-NLS, 2xLynk:mSG",,X:\abcabc\Korra_Foundation\20250618_skittlez,,310,pDQM034,309,,
20250618_skittlez,fish8_roi4,fish8_roi4,fish8_roi4,48,/clusterfs/vast/abcabc/Korra_Foundation/20250618_skittlez/fish8_roi4,korra,skittlez,131.0,6/18/25,,Ben (F2 of allele 310),Abe (F2 of allele 309),,"phiC-NLS, 2xLynk:mSG",,X:\abcabc\Korra_Foundation\20250618_skittlez,,310,pDQM034,309,,
20250618_skittlez,fish9_roi1,fish9_roi1,fish9_roi1,48,/clusterfs/vast/abcabc/Korra_Foundation/20250618_skittlez/fish9_roi1,korra,skittlez,131.0,6/18/25,,Ben (F2 of allele 310),Abe (F2 of allele 309),,"phiC-NLS, 2xLynk:mSG",,X:\abcabc\Korra_Foundation\20250618_skittlez,,310,pDQM034,309,,
20250618_skittlez,fish9_roi2,fish9_roi2,fish9_roi2,48,/clusterfs/vast/abcabc/Korra_Foundation/20250618_skittlez/fish9_roi2,korra,skittlez,131.0,6/18/25,,Ben (F2 of allele 310),Abe (F2 of allele 309),,"phiC-NLS, 2xLynk:mSG",,X:\abcabc\Korra_Foundation\20250618_skittlez,,310,pDQM034,309,,
20250619_skittlez,fish1_roi1,fish1_roi1,fish1_roi1,72,/clusterfs/vast/abcabc/Korra_Foundation/20250619_skittlez/fish1_roi1,korra,skittlez,130.0,6/19/25,,Dennis (F2 of allele 318),Abe (F2 of allele 309),,"phiC-NLS, 2xLynk:mSG",,X:\abcabc\Korra_Foundation\20250619_skittlez,,381,pDQM034,309,,
20250619_skittlez,fish1_roi2,fish1_roi2,fish1_roi2,72,/clusterfs/vast/abcabc/Korra_Foundation/20250619_skittlez/fish1_roi2,korra,skittlez,130.0,6/19/25,,Dennis (F2 of allele 318),Abe (F2 of allele 309),,"phiC-NLS, 2xLynk:mSG",,X:\abcabc\Korra_Foundation\20250619_skittlez,,381,pDQM034,309,,
20250619_skittlez,fish2_roi1,fish2_roi1,fish2_roi1,72,/clusterfs/vast/abcabc/Korra_Foundation/20250619_skittlez/fish2_roi1,korra,skittlez,130.0,6/19/25,,Dennis (F2 of allele 318),Abe (F2 of allele 309),,"phiC-NLS, 2xLynk:mSG",,X:\abcabc\Korra_Foundation\20250619_skittlez,,381,pDQM034,309,,
20250619_skittlez,fish3_roi1,fish3_roi1,fish3_roi1,72,/clusterfs/vast/abcabc/Korra_Foundation/20250619_skittlez/fish3_roi1,korra,skittlez,130.0,6/19/25,,Dennis (F2 of allele 318),Abe (F2 of allele 309),,"phiC-NLS, 2xLynk:mSG",,X:\abcabc\Korra_Foundation\20250619_skittlez,,381,pDQM034,309,,
20250619_skittlez,fish3_roi2,fish3_roi2,fish3_roi2,72,/clusterfs/vast/abcabc/Korra_Foundation/20250619_skittlez/fish3_roi2,korra,skittlez,130.0,6/19/25,,Dennis (F2 of allele 318),Abe (F2 of allele 309),,"phiC-NLS, 2xLynk:mSG",,X:\abcabc\Korra_Foundation\20250619_skittlez,,381,pDQM034,309,,
20250619_skittlez,fish4_roi1,fish4_roi1,fish4_roi1,108,/clusterfs/vast/abcabc/Korra_Foundation/20250619_skittlez/fish4_roi1,korra,skittlez,130.0,6/19/25,,Dennis (F2 of allele 318),Abe (F2 of allele 309),,"phiC-NLS, 2xLynk:mSG",,X:\abcabc\Korra_Foundation\20250619_skittlez,,381,pDQM034,309,,
20250619_skittlez,fish5_roi1,fish5_roi1,fish5_roi1,72,/clusterfs/vast/abcabc/Korra_Foundation/20250619_skittlez/fish5_roi1,korra,skittlez,130.0,6/19/25,,Dennis (F2 of allele 318),Abe (F2 of allele 309),,"phiC-NLS, 2xLynk:mSG",,X:\abcabc\Korra_Foundation\20250619_skittlez,,381,pDQM034,309,,
20250619_skittlez,fish5_roi2,fish5_roi2,fish5_roi2,72,/clusterfs/vast/abcabc/Korra_Foundation/20250619_skittlez/fish5_roi2,korra,skittlez,130.0,6/19/25,,Dennis (F2 of allele 318),Abe (F2 of allele 309),,"phiC-NLS, 2xLynk:mSG",,X:\abcabc\Korra_Foundation\20250619_skittlez,,381,pDQM034,309,,
20250620_mitomSG,fish1_roi1,fish1_roi1,fish1_roi1,705,/clusterfs/vast/abcabc/Korra_Foundation/20250620_mitomSG/fish1_roi1,korra,mitomSG,130.0,6/19/25,,Dennis (F2 of allele 318),Abe (F2 of allele 309),,"phiC-NLS, 2xLynk:mSG",,X:\abcabc\Korra_Foundation\20250619_skittlez,,381,pDQM034,309,,
20250624_skittlez_Chris_x_Liam,fish2_roi1,fish2_roi1,fish2_roi1,72,/clusterfs/vast/abcabc/Korra_Foundation/20250624_skittlez_Chris_x_Liam/fish2_roi1,korra,skittlez_Chris_x_Liam,129.0,6/24/25,,Liam (F2 of allele 321),Chris (F1 of allele 317),,"phiC-NLS, 2xLynk:mSG",,X:\abcabc\Korra_Foundation\20250624_skittlez_Chris_x_Liam,,321,pDQM034,317,,
20250624_skittlez_Chris_x_Liam,fish3_roi1,fish3_roi1,fish3_roi1,72,/clusterfs/vast/abcabc/Korra_Foundation/20250624_skittlez_Chris_x_Liam/fish3_roi1,korra,skittlez_Chris_x_Liam,129.0,6/24/25,,Liam (F2 of allele 321),Chris (F1 of allele 317),,"phiC-NLS, 2xLynk:mSG",,X:\abcabc\Korra_Foundation\20250624_skittlez_Chris_x_Liam,,321,pDQM034,317,,
20250624_skittlez_Chris_x_Liam,fish3_roi2,fish3_roi2,fish3_roi2,72,/clusterfs/vast/abcabc/Korra_Foundation/20250624_skittlez_Chris_x_Liam/fish3_roi2,korra,skittlez_Chris_x_Liam,129.0,6/24/25,,Liam (F2 of allele 321),Chris (F1 of allele 317),,"phiC-NLS, 2xLynk:mSG",,X:\abcabc\Korra_Foundation\20250624_skittlez_Chris_x_Liam,,321,pDQM034,317,,
20250624_skittlez_Chris_x_Liam,fish3_roi3,fish3_roi3,fish3_roi3,72,/clusterfs/vast/abcabc/Korra_Foundation/20250624_skittlez_Chris_x_Liam/fish3_roi3,korra,skittlez_Chris_x_Liam,129.0,6/24/25,,Liam (F2 of allele 321),Chris (F1 of allele 317),,"phiC-NLS, 2xLynk:mSG",,X:\abcabc\Korra_Foundation\20250624_skittlez_Chris_x_Liam,,321,pDQM034,317,,
20250624_skittlez_Chris_x_Liam,fish4_roi1,fish4_roi1,fish4_roi1,72,/clusterfs/vast/abcabc/Korra_Foundation/20250624_skittlez_Chris_x_Liam/fish4_roi1,korra,skittlez_Chris_x_Liam,129.0,6/24/25,,Liam (F2 of allele 321),Chris (F1 of allele 317),,"phiC-NLS, 2xLynk:mSG",,X:\abcabc\Korra_Foundation\20250624_skittlez_Chris_x_Liam,,321,pDQM034,317,,
20250624_skittlez_Chris_x_Liam,fish4_roi2,fish4_roi2,fish4_roi2,72,/clusterfs/vast/abcabc/Korra_Foundation/20250624_skittlez_Chris_x_Liam/fish4_roi2,korra,skittlez_Chris_x_Liam,129.0,6/24/25,,Liam (F2 of allele 321),Chris (F1 of allele 317),,"phiC-NLS, 2xLynk:mSG",,X:\abcabc\Korra_Foundation\20250624_skittlez_Chris_x_Liam,,321,pDQM034,317,,
20250624_skittlez_Chris_x_Liam,fish4_roi3,fish4_roi3,fish4_roi3,72,/clusterfs/vast/abcabc/Korra_Foundation/20250624_skittlez_Chris_x_Liam/fish4_roi3,korra,skittlez_Chris_x_Liam,129.0,6/24/25,,Liam (F2 of allele 321),Chris (F1 of allele 317),,"phiC-NLS, 2xLynk:mSG",,X:\abcabc\Korra_Foundation\20250624_skittlez_Chris_x_Liam,,321,pDQM034,317,,
20250624_skittlez_Chris_x_Liam,fish4_roi4,fish4_roi4,fish4_roi4,72,/clusterfs/vast/abcabc/Korra_Foundation/20250624_skittlez_Chris_x_Liam/fish4_roi4,korra,skittlez_Chris_x_Liam,129.0,6/24/25,,Liam (F2 of allele 321),Chris (F1 of allele 317),,"phiC-NLS, 2xLynk:mSG",,X:\abcabc\Korra_Foundation\20250624_skittlez_Chris_x_Liam,,321,pDQM034,317,,
20250624_skittlez_Chris_x_Liam,fish5_roi1,fish5_roi1,fish5_roi1,2,/clusterfs/vast/abcabc/Korra_Foundation/20250624_skittlez_Chris_x_Liam/fish5_roi1,korra,skittlez_Chris_x_Liam,129.0,6/24/25,,Liam (F2 of allele 321),Chris (F1 of allele 317),,"phiC-NLS, 2xLynk:mSG",,X:\abcabc\Korra_Foundation\20250624_skittlez_Chris_x_Liam,,321,pDQM034,317,,
20250624_skittlez_Chris_x_Liam,fish5_roi1-1,fish5_roi1-1,fish5_roi1-1,48,/clusterfs/vast/abcabc/Korra_Foundation/20250624_skittlez_Chris_x_Liam/fish5_roi1-1,korra,skittlez_Chris_x_Liam,129.0,6/24/25,,Liam (F2 of allele 321),Chris (F1 of allele 317),,"phiC-NLS, 2xLynk:mSG",,X:\abcabc\Korra_Foundation\20250624_skittlez_Chris_x_Liam,,321,pDQM034,317,,
20250624_skittlez_Chris_x_Liam,fish6_roi1,fish6_roi1,fish6_roi1,48,/clusterfs/vast/abcabc/Korra_Foundation/20250624_skittlez_Chris_x_Liam/fish6_roi1,korra,skittlez_Chris_x_Liam,129.0,6/24/25,,Liam (F2 of allele 321),Chris (F1 of allele 317),,"phiC-NLS, 2xLynk:mSG",,X:\abcabc\Korra_Foundation\20250624_skittlez_Chris_x_Liam,,321,pDQM034,317,,
20250624_skittlez_Chris_x_Liam,fish6_roi2,fish6_roi2,fish6_roi2,48,/clusterfs/vast/abcabc/Korra_Foundation/20250624_skittlez_Chris_x_Liam/fish6_roi2,korra,skittlez_Chris_x_Liam,129.0,6/24/25,,Liam (F2 of allele 321),Chris (F1 of allele 317),,"phiC-NLS, 2xLynk:mSG",,X:\abcabc\Korra_Foundation\20250624_skittlez_Chris_x_Liam,,321,pDQM034,317,,
20250624_skittlez_Chris_x_Liam,fish6_roi3,fish6_roi3,fish6_roi3,48,/clusterfs/vast/abcabc/Korra_Foundation/20250624_skittlez_Chris_x_Liam/fish6_roi3,korra,skittlez_Chris_x_Liam,129.0,6/24/25,,Liam (F2 of allele 321),Chris (F1 of allele 317),,"phiC-NLS, 2xLynk:mSG",,X:\abcabc\Korra_Foundation\20250624_skittlez_Chris_x_Liam,,321,pDQM034,317,,
20250624_skittlez_Chris_x_Liam,fish7_roi1,fish7_roi1,fish7_roi1,48,/clusterfs/vast/abcabc/Korra_Foundation/20250624_skittlez_Chris_x_Liam/fish7_roi1,korra,skittlez_Chris_x_Liam,129.0,6/24/25,,Liam (F2 of allele 321),Chris (F1 of allele 317),,"phiC-NLS, 2xLynk:mSG",,X:\abcabc\Korra_Foundation\20250624_skittlez_Chris_x_Liam,,321,pDQM034,317,,
20250624_skittlez_Chris_x_Liam,fish7_roi2,fish7_roi2,fish7_roi2,48,/clusterfs/vast/abcabc/Korra_Foundation/20250624_skittlez_Chris_x_Liam/fish7_roi2,korra,skittlez_Chris_x_Liam,129.0,6/24/25,,Liam (F2 of allele 321),Chris (F1 of allele 317),,"phiC-NLS, 2xLynk:mSG",,X:\abcabc\Korra_Foundation\20250624_skittlez_Chris_x_Liam,,321,pDQM034,317,,
20250624_skittlez_Chris_x_Liam,fish7_roi3,fish7_roi3,fish7_roi3,48,/clusterfs/vast/abcabc/Korra_Foundation/20250624_skittlez_Chris_x_Liam/fish7_roi3,korra,skittlez_Chris_x_Liam,129.0,6/24/25,,Liam (F2 of allele 321),Chris (F1 of allele 317),,"phiC-NLS, 2xLynk:mSG",,X:\abcabc\Korra_Foundation\20250624_skittlez_Chris_x_Liam,,321,pDQM034,317,,
20250624_skittlez_Chris_x_Liam,fish7_roi4,fish7_roi4,fish7_roi4,48,/clusterfs/vast/abcabc/Korra_Foundation/20250624_skittlez_Chris_x_Liam/fish7_roi4,korra,skittlez_Chris_x_Liam,129.0,6/24/25,,Liam (F2 of allele 321),Chris (F1 of allele 317),,"phiC-NLS, 2xLynk:mSG",,X:\abcabc\Korra_Foundation\20250624_skittlez_Chris_x_Liam,,321,pDQM034,317,,
20250624_skittlez_Issac_x_Ken,fish1_roi1,fish1_roi1,fish1_roi1,54,/clusterfs/vast/abcabc/Korra_Foundation/20250624_skittlez_Issac_x_Ken/fish1_roi1,korra,skittlez_Issac_x_Ken,128.0,6/24/25,,Ken (F2 of allele 320),Isaac (F2 of allele 314),,"phiC-NLS, 2xLynk:mSG",,X:\abcabc\Korra_Foundation\20250624_skittlez_Issac_x_Ken,,320,pDQM064,314,,
20250624_skittlez_Issac_x_Ken,fish2_roi1,fish2_roi1,fish2_roi1,72,/clusterfs/vast/abcabc/Korra_Foundation/20250624_skittlez_Issac_x_Ken/fish2_roi1,korra,skittlez_Issac_x_Ken,128.0,6/24/25,,Ken (F2 of allele 320),Isaac (F2 of allele 314),,"phiC-NLS, 2xLynk:mSG",,X:\abcabc\Korra_Foundation\20250624_skittlez_Issac_x_Ken,,320,pDQM064,314,,
20250624_skittlez_Issac_x_Ken,fish2_roi2,fish2_roi2,fish2_roi2,72,/clusterfs/vast/abcabc/Korra_Foundation/20250624_skittlez_Issac_x_Ken/fish2_roi2,korra,skittlez_Issac_x_Ken,128.0,6/24/25,,Ken (F2 of allele 320),Isaac (F2 of allele 314),,"phiC-NLS, 2xLynk:mSG",,X:\abcabc\Korra_Foundation\20250624_skittlez_Issac_x_Ken,,320,pDQM064,314,,
20250624_skittlez_Issac_x_Ken,fish3_roi1,fish3_roi1,fish3_roi1,60,/clusterfs/vast/abcabc/Korra_Foundation/20250624_skittlez_Issac_x_Ken/fish3_roi1,korra,skittlez_Issac_x_Ken,128.0,6/24/25,,Ken (F2 of allele 320),Isaac (F2 of allele 314),,"phiC-NLS, 2xLynk:mSG",,X:\abcabc\Korra_Foundation\20250624_skittlez_Issac_x_Ken,,320,pDQM064,314,,
20250624_skittlez_Issac_x_Ken,fish4_roi1,fish4_roi1,fish4_roi1,72,/clusterfs/vast/abcabc/Korra_Foundation/20250624_skittlez_Issac_x_Ken/fish4_roi1,korra,skittlez_Issac_x_Ken,128.0,6/24/25,,Ken (F2 of allele 320),Isaac (F2 of allele 314),,"phiC-NLS, 2xLynk:mSG",,X:\abcabc\Korra_Foundation\20250624_skittlez_Issac_x_Ken,,320,pDQM064,314,,
20250625_skittlez,fish1_roi1,fish1_roi1,fish1_roi1,72,/clusterfs/vast/abcabc/Korra_Foundation/20250625_skittlez/fish1_roi1,korra,skittlez,124.0,6/27/25,,Jim (F2 of allele 316),Ben (F2 of allele 310),,"phiC-NLS, 2xLynk:mSG",,X:\abcabc\Korra_Foundation\20250627_skittlez and 20250625_skittlez,,316,,310,,
20250625_skittlez,fish1_roi2,fish1_roi2,fish1_roi2,72,/clusterfs/vast/abcabc/Korra_Foundation/20250625_skittlez/fish1_roi2,korra,skittlez,124.0,6/27/25,,Jim (F2 of allele 316),Ben (F2 of allele 310),,"phiC-NLS, 2xLynk:mSG",,X:\abcabc\Korra_Foundation\20250627_skittlez and 20250625_skittlez,,316,,310,,
20250625_skittlez,fish3_roi1,fish3_roi1,fish3_roi1,90,/clusterfs/vast/abcabc/Korra_Foundation/20250625_skittlez/fish3_roi1,korra,skittlez,124.0,6/27/25,,Jim (F2 of allele 316),Ben (F2 of allele 310),,"phiC-NLS, 2xLynk:mSG",,X:\abcabc\Korra_Foundation\20250627_skittlez and 20250625_skittlez,,316,,310,,
20250625_skittlez,fish4_roi1,fish4_roi1,fish4_roi1,72,/clusterfs/vast/abcabc/Korra_Foundation/20250625_skittlez/fish4_roi1,korra,skittlez,124.0,6/27/25,,Jim (F2 of allele 316),Ben (F2 of allele 310),,"phiC-NLS, 2xLynk:mSG",,X:\abcabc\Korra_Foundation\20250627_skittlez and 20250625_skittlez,,316,,310,,
20250625_skittlez,fish5_roi1,fish5_roi1,fish5_roi1,72,/clusterfs/vast/abcabc/Korra_Foundation/20250625_skittlez/fish5_roi1,korra,skittlez,124.0,6/27/25,,Jim (F2 of allele 316),Ben (F2 of allele 310),,"phiC-NLS, 2xLynk:mSG",,X:\abcabc\Korra_Foundation\20250627_skittlez and 20250625_skittlez,,316,,310,,
20250625_skittlez,fish5_roi2,fish5_roi2,fish5_roi2,72,/clusterfs/vast/abcabc/Korra_Foundation/20250625_skittlez/fish5_roi2,korra,skittlez,124.0,6/27/25,,Jim (F2 of allele 316),Ben (F2 of allele 310),,"phiC-NLS, 2xLynk:mSG",,X:\abcabc\Korra_Foundation\20250627_skittlez and 20250625_skittlez,,316,,310,,
20250625_skittlez,fish7_roi1,fish7_roi1,fish7_roi1,90,/clusterfs/vast/abcabc/Korra_Foundation/20250625_skittlez/fish7_roi1,korra,skittlez,124.0,6/27/25,,Jim (F2 of allele 316),Ben (F2 of allele 310),,"phiC-NLS, 2xLynk:mSG",,X:\abcabc\Korra_Foundation\20250627_skittlez and 20250625_skittlez,,316,,310,,
20250625_skittlez,fish8_roi1,fish8_roi1,fish8_roi1,72,/clusterfs/vast/abcabc/Korra_Foundation/20250625_skittlez/fish8_roi1,korra,skittlez,124.0,6/27/25,,Jim (F2 of allele 316),Ben (F2 of allele 310),,"phiC-NLS, 2xLynk:mSG",,X:\abcabc\Korra_Foundation\20250627_skittlez and 20250625_skittlez,,316,,310,,
20250625_skittlez,fish8_roi2,fish8_roi2,fish8_roi2,72,/clusterfs/vast/abcabc/Korra_Foundation/20250625_skittlez/fish8_roi2,korra,skittlez,124.0,6/27/25,,Jim (F2 of allele 316),Ben (F2 of allele 310),,"phiC-NLS, 2xLynk:mSG",,X:\abcabc\Korra_Foundation\20250627_skittlez and 20250625_skittlez,,316,,310,,
20250625_skittlez,fish9_roi1,fish9_roi1,fish9_roi1,90,/clusterfs/vast/abcabc/Korra_Foundation/20250625_skittlez/fish9_roi1,korra,skittlez,124.0,6/27/25,,Jim (F2 of allele 316),Ben (F2 of allele 310),,"phiC-NLS, 2xLynk:mSG",,X:\abcabc\Korra_Foundation\20250627_skittlez and 20250625_skittlez,,316,,310,,
20250627_skittlez,fish10_roi1,fish10_roi1,fish10_roi1,108,/clusterfs/vast/abcabc/Korra_Foundation/20250627_skittlez/fish10_roi1,korra,skittlez,124.0,6/27/25,,Jim (F2 of allele 316),Ben (F2 of allele 310),,"phiC-NLS, 2xLynk:mSG",,X:\abcabc\Korra_Foundation\20250627_skittlez and 20250625_skittlez,,316,,310,,
20250627_skittlez,fish1_roi1,fish1_roi1,fish1_roi1,72,/clusterfs/vast/abcabc/Korra_Foundation/20250627_skittlez/fish1_roi1,korra,skittlez,124.0,6/27/25,,Jim (F2 of allele 316),Ben (F2 of allele 310),,"phiC-NLS, 2xLynk:mSG",,X:\abcabc\Korra_Foundation\20250627_skittlez and 20250625_skittlez,,316,,310,,
20250627_skittlez,fish1_roi2,fish1_roi2,fish1_roi2,72,/clusterfs/vast/abcabc/Korra_Foundation/20250627_skittlez/fish1_roi2,korra,skittlez,124.0,6/27/25,,Jim (F2 of allele 316),Ben (F2 of allele 310),,"phiC-NLS, 2xLynk:mSG",,X:\abcabc\Korra_Foundation\20250627_skittlez and 20250625_skittlez,,316,,310,,
20250627_skittlez,fish1_roi3,fish1_roi3,fish1_roi3,72,/clusterfs/vast/abcabc/Korra_Foundation/20250627_skittlez/fish1_roi3,korra,skittlez,124.0,6/27/25,,Jim (F2 of allele 316),Ben (F2 of allele 310),,"phiC-NLS, 2xLynk:mSG",,X:\abcabc\Korra_Foundation\20250627_skittlez and 20250625_skittlez,,316,,310,,
20250627_skittlez,fish2_roi1,fish2_roi1,fish2_roi1,72,/clusterfs/vast/abcabc/Korra_Foundation/20250627_skittlez/fish2_roi1,korra,skittlez,124.0,6/27/25,,Jim (F2 of allele 316),Ben (F2 of allele 310),,"phiC-NLS, 2xLynk:mSG",,X:\abcabc\Korra_Foundation\20250627_skittlez and 20250625_skittlez,,316,,310,,
20250627_skittlez,fish3_roi1,fish3_roi1,fish3_roi1,90,/clusterfs/vast/abcabc/Korra_Foundation/20250627_skittlez/fish3_roi1,korra,skittlez,124.0,6/27/25,,Jim (F2 of allele 316),Ben (F2 of allele 310),,"phiC-NLS, 2xLynk:mSG",,X:\abcabc\Korra_Foundation\20250627_skittlez and 20250625_skittlez,,316,,310,,
20250627_skittlez,fish4_roi1,fish4_roi1,fish4_roi1,72,/clusterfs/vast/abcabc/Korra_Foundation/20250627_skittlez/fish4_roi1,korra,skittlez,124.0,6/27/25,,Jim (F2 of allele 316),Ben (F2 of allele 310),,"phiC-NLS, 2xLynk:mSG",,X:\abcabc\Korra_Foundation\20250627_skittlez and 20250625_skittlez,,316,,310,,
20250627_skittlez,fish4_roi2,fish4_roi2,fish4_roi2,72,/clusterfs/vast/abcabc/Korra_Foundation/20250627_skittlez/fish4_roi2,korra,skittlez,124.0,6/27/25,,Jim (F2 of allele 316),Ben (F2 of allele 310),,"phiC-NLS, 2xLynk:mSG",,X:\abcabc\Korra_Foundation\20250627_skittlez and 20250625_skittlez,,316,,310,,
20250627_skittlez,fish5_roi1,fish5_roi1,fish5_roi1,90,/clusterfs/vast/abcabc/Korra_Foundation/20250627_skittlez/fish5_roi1,korra,skittlez,124.0,6/27/25,,Jim (F2 of allele 316),Ben (F2 of allele 310),,"phiC-NLS, 2xLynk:mSG",,X:\abcabc\Korra_Foundation\20250627_skittlez and 20250625_skittlez,,316,,310,,
20250627_skittlez,fish7_roi1,fish7_roi1,fish7_roi1,90,/clusterfs/vast/abcabc/Korra_Foundation/20250627_skittlez/fish7_roi1,korra,skittlez,124.0,6/27/25,,Jim (F2 of allele 316),Ben (F2 of allele 310),,"phiC-NLS, 2xLynk:mSG",,X:\abcabc\Korra_Foundation\20250627_skittlez and 20250625_skittlez,,316,,310,,
20250627_skittlez,fish8_roi1,fish8_roi1,fish8_roi1,90,/clusterfs/vast/abcabc/Korra_Foundation/20250627_skittlez/fish8_roi1,korra,skittlez,124.0,6/27/25,,Jim (F2 of allele 316),Ben (F2 of allele 310),,"phiC-NLS, 2xLynk:mSG",,X:\abcabc\Korra_Foundation\20250627_skittlez and 20250625_skittlez,,316,,310,,
20250627_skittlez,fish9_roi1,fish9_roi1,fish9_roi1,108,/clusterfs/vast/abcabc/Korra_Foundation/20250627_skittlez/fish9_roi1,korra,skittlez,124.0,6/27/25,,Jim (F2 of allele 316),Ben (F2 of allele 310),,"phiC-NLS, 2xLynk:mSG",,X:\abcabc\Korra_Foundation\20250627_skittlez and 20250625_skittlez,,316,,310,,
20250715_mem_organelle,fish1_mem_sg_mito_msc3,roi1,roi1,384,/clusterfs/vast/abcabc/Korra_Foundation/20250715_mem_organelle/fish1_mem_sg_mito_msc3/roi1,korra,mem_organelle,122.0,7/15/25,,ef1a:2xLynk:tdmSG(J) (F2 of allele 301),ef1a:2xLynk:tdmSG(J) (F2 of allele 301),ef1a-extended:2xCox8A:mScarlet3S2,ef1a-extended:Halo:sec61b,JF 635,X:\abcabc\Korra_Foundation\20250715_mem_organelle,pDQM005,301,pDQM005,301,MGCO-35,MGCO-40
20250715_mem_organelle,fish1_mem_sg_mito_msc3,roi2,roi2,640,/clusterfs/vast/abcabc/Korra_Foundation/20250715_mem_organelle/fish1_mem_sg_mito_msc3/roi2,korra,mem_organelle,122.0,7/15/25,,ef1a:2xLynk:tdmSG(J) (F2 of allele 301),ef1a:2xLynk:tdmSG(J) (F2 of allele 301),ef1a-extended:2xCox8A:mScarlet3S2,ef1a-extended:Halo:sec61b,JF 635,X:\abcabc\Korra_Foundation\20250715_mem_organelle,pDQM005,301,pDQM005,301,MGCO-35,MGCO-40
20250715_mem_organelle,fish2_24hpf_mem_mito_msc3_er_halo,roi1_eye,roi1_eye,1922,/clusterfs/vast/abcabc/Korra_Foundation/20250715_mem_organelle/fish2_24hpf_mem_mito_msc3_er_halo/roi1_eye,korra,mem_organelle,122.0,7/15/25,,ef1a:2xLynk:tdmSG(J) (F2 of allele 301),ef1a:2xLynk:tdmSG(J) (F2 of allele 301),ef1a-extended:2xCox8A:mScarlet3S2,ef1a-extended:Halo:sec61b,JF 635,X:\abcabc\Korra_Foundation\20250715_mem_organelle,pDQM005,301,pDQM005,301,MGCO-35,MGCO-40
20250715_mem_organelle,fish3_24hpf_mem_mito_msc3_er_halo,roi1,roi1,960,/clusterfs/vast/abcabc/Korra_Foundation/20250715_mem_organelle/fish3_24hpf_mem_mito_msc3_er_halo/roi1,korra,mem_organelle,122.0,7/15/25,,ef1a:2xLynk:tdmSG(J) (F2 of allele 301),ef1a:2xLynk:tdmSG(J) (F2 of allele 301),ef1a-extended:2xCox8A:mScarlet3S2,ef1a-extended:Halo:sec61b,JF 635,X:\abcabc\Korra_Foundation\20250715_mem_organelle,pDQM005,301,pDQM005,301,MGCO-35,MGCO-40
20250715_mem_organelle,fish3_24hpf_mem_mito_msc3_er_halo,roi2,roi2,960,/clusterfs/vast/abcabc/Korra_Foundation/20250715_mem_organelle/fish3_24hpf_mem_mito_msc3_er_halo/roi2,korra,mem_organelle,122.0,7/15/25,,ef1a:2xLynk:tdmSG(J) (F2 of allele 301),ef1a:2xLynk:tdmSG(J) (F2 of allele 301),ef1a-extended:2xCox8A:mScarlet3S2,ef1a-extended:Halo:sec61b,JF 635,X:\abcabc\Korra_Foundation\20250715_mem_organelle,pDQM005,301,pDQM005,301,MGCO-35,MGCO-40
20250715_mem_organelle,fish4_24hpf_mem_mito_msc3_er_halo,roi1,roi1,960,/clusterfs/vast/abcabc/Korra_Foundation/20250715_mem_organelle/fish4_24hpf_mem_mito_msc3_er_halo/roi1,korra,mem_organelle,122.0,7/15/25,,ef1a:2xLynk:tdmSG(J) (F2 of allele 301),ef1a:2xLynk:tdmSG(J) (F2 of allele 301),ef1a-extended:2xCox8A:mScarlet3S2,ef1a-extended:Halo:sec61b,JF 635,X:\abcabc\Korra_Foundation\20250715_mem_organelle,pDQM005,301,pDQM005,301,MGCO-35,MGCO-40
20250715_mem_organelle,fish4_24hpf_mem_mito_msc3_er_halo,roi2,roi2,960,/clusterfs/vast/abcabc/Korra_Foundation/20250715_mem_organelle/fish4_24hpf_mem_mito_msc3_er_halo/roi2,korra,mem_organelle,122.0,7/15/25,,ef1a:2xLynk:tdmSG(J) (F2 of allele 301),ef1a:2xLynk:tdmSG(J) (F2 of allele 301),ef1a-extended:2xCox8A:mScarlet3S2,ef1a-extended:Halo:sec61b,JF 635,X:\abcabc\Korra_Foundation\20250715_mem_organelle,pDQM005,301,pDQM005,301,MGCO-35,MGCO-40
20250715_mem_organelle,fish4_24hpf_mem_mito_msc3_er_halo,roi3,roi3,960,/clusterfs/vast/abcabc/Korra_Foundation/20250715_mem_organelle/fish4_24hpf_mem_mito_msc3_er_halo/roi3,korra,mem_organelle,122.0,7/15/25,,ef1a:2xLynk:tdmSG(J) (F2 of allele 301),ef1a:2xLynk:tdmSG(J) (F2 of allele 301),ef1a-extended:2xCox8A:mScarlet3S2,ef1a-extended:Halo:sec61b,JF 635,X:\abcabc\Korra_Foundation\20250715_mem_organelle,pDQM005,301,pDQM005,301,MGCO-35,MGCO-40
20250715_mem_organelle,fish5_48hpf_mem_mito_halo_er_msc2,roi1,roi1,1329,/clusterfs/vast/abcabc/Korra_Foundation/20250715_mem_organelle/fish5_48hpf_mem_mito_halo_er_msc2/roi1,korra,mem_organelle,122.0,7/15/25,,ef1a:2xLynk:tdmSG(J) (F2 of allele 301),ef1a:2xLynk:tdmSG(J) (F2 of allele 301),ef1a-extended:2xCox8A:mScarlet3S2,ef1a-extended:Halo:sec61b,JF 635,X:\abcabc\Korra_Foundation\20250715_mem_organelle,pDQM005,301,pDQM005,301,MGCO-35,MGCO-40
20250715_mem_organelle,fish5_48hpf_mem_mito_halo_er_msc2,roi2,roi2,1300,/clusterfs/vast/abcabc/Korra_Foundation/20250715_mem_organelle/fish5_48hpf_mem_mito_halo_er_msc2/roi2,korra,mem_organelle,122.0,7/15/25,,ef1a:2xLynk:tdmSG(J) (F2 of allele 301),ef1a:2xLynk:tdmSG(J) (F2 of allele 301),ef1a-extended:2xCox8A:mScarlet3S2,ef1a-extended:Halo:sec61b,JF 635,X:\abcabc\Korra_Foundation\20250715_mem_organelle,pDQM005,301,pDQM005,301,MGCO-35,MGCO-40
20250715_mem_organelle,fish5_48hpf_mem_mito_halo_er_msc2,roi3,roi3,1300,/clusterfs/vast/abcabc/Korra_Foundation/20250715_mem_organelle/fish5_48hpf_mem_mito_halo_er_msc2/roi3,korra,mem_organelle,122.0,7/15/25,,ef1a:2xLynk:tdmSG(J) (F2 of allele 301),ef1a:2xLynk:tdmSG(J) (F2 of allele 301),ef1a-extended:2xCox8A:mScarlet3S2,ef1a-extended:Halo:sec61b,JF 635,X:\abcabc\Korra_Foundation\20250715_mem_organelle,pDQM005,301,pDQM005,301,MGCO-35,MGCO-40
20250715_mem_organelle,fish5_48hpf_mem_mito_halo_er_msc2,roi4,roi4,1300,/clusterfs/vast/abcabc/Korra_Foundation/20250715_mem_organelle/fish5_48hpf_mem_mito_halo_er_msc2/roi4,korra,mem_organelle,122.0,7/15/25,,ef1a:2xLynk:tdmSG(J) (F2 of allele 301),ef1a:2xLynk:tdmSG(J) (F2 of allele 301),ef1a-extended:2xCox8A:mScarlet3S2,ef1a-extended:Halo:sec61b,JF 635,X:\abcabc\Korra_Foundation\20250715_mem_organelle,pDQM005,301,pDQM005,301,MGCO-35,MGCO-40
20250715_mem_organelle,fish6_48hpf_mem_mito_halo_er_msc2,roi1,roi1,1300,/clusterfs/vast/abcabc/Korra_Foundation/20250715_mem_organelle/fish6_48hpf_mem_mito_halo_er_msc2/roi1,korra,mem_organelle,122.0,7/15/25,,ef1a:2xLynk:tdmSG(J) (F2 of allele 301),ef1a:2xLynk:tdmSG(J) (F2 of allele 301),ef1a-extended:2xCox8A:mScarlet3S2,ef1a-extended:Halo:sec61b,JF 635,X:\abcabc\Korra_Foundation\20250715_mem_organelle,pDQM005,301,pDQM005,301,MGCO-35,MGCO-40
20250715_mem_organelle,fish6_48hpf_mem_mito_halo_er_msc2,roi2,roi2,1300,/clusterfs/vast/abcabc/Korra_Foundation/20250715_mem_organelle/fish6_48hpf_mem_mito_halo_er_msc2/roi2,korra,mem_organelle,122.0,7/15/25,,ef1a:2xLynk:tdmSG(J) (F2 of allele 301),ef1a:2xLynk:tdmSG(J) (F2 of allele 301),ef1a-extended:2xCox8A:mScarlet3S2,ef1a-extended:Halo:sec61b,JF 635,X:\abcabc\Korra_Foundation\20250715_mem_organelle,pDQM005,301,pDQM005,301,MGCO-35,MGCO-40
20250715_mem_organelle,fish6_48hpf_mem_mito_halo_er_msc2,roi3,roi3,1300,/clusterfs/vast/abcabc/Korra_Foundation/20250715_mem_organelle/fish6_48hpf_mem_mito_halo_er_msc2/roi3,korra,mem_organelle,122.0,7/15/25,,ef1a:2xLynk:tdmSG(J) (F2 of allele 301),ef1a:2xLynk:tdmSG(J) (F2 of allele 301),ef1a-extended:2xCox8A:mScarlet3S2,ef1a-extended:Halo:sec61b,JF 635,X:\abcabc\Korra_Foundation\20250715_mem_organelle,pDQM005,301,pDQM005,301,MGCO-35,MGCO-40
20250715_mem_organelle,fish6_48hpf_mem_mito_halo_er_msc2,roi4,roi4,1300,/clusterfs/vast/abcabc/Korra_Foundation/20250715_mem_organelle/fish6_48hpf_mem_mito_halo_er_msc2/roi4,korra,mem_organelle,122.0,7/15/25,,ef1a:2xLynk:tdmSG(J) (F2 of allele 301),ef1a:2xLynk:tdmSG(J) (F2 of allele 301),ef1a-extended:2xCox8A:mScarlet3S2,ef1a-extended:Halo:sec61b,JF 635,X:\abcabc\Korra_Foundation\20250715_mem_organelle,pDQM005,301,pDQM005,301,MGCO-35,MGCO-40
20250715_mem_organelle,fish6_48hpf_mem_mito_halo_er_msc2,roi5,roi5,1300,/clusterfs/vast/abcabc/Korra_Foundation/20250715_mem_organelle/fish6_48hpf_mem_mito_halo_er_msc2/roi5,korra,mem_organelle,122.0,7/15/25,,ef1a:2xLynk:tdmSG(J) (F2 of allele 301),ef1a:2xLynk:tdmSG(J) (F2 of allele 301),ef1a-extended:2xCox8A:mScarlet3S2,ef1a-extended:Halo:sec61b,JF 635,X:\abcabc\Korra_Foundation\20250715_mem_organelle,pDQM005,301,pDQM005,301,MGCO-35,MGCO-40
20250715_mem_organelle,fish7_48hpf_mem_mito_halo_er_msc2,roi1,roi1,1300,/clusterfs/vast/abcabc/Korra_Foundation/20250715_mem_organelle/fish7_48hpf_mem_mito_halo_er_msc2/roi1,korra,mem_organelle,122.0,7/15/25,,ef1a:2xLynk:tdmSG(J) (F2 of allele 301),ef1a:2xLynk:tdmSG(J) (F2 of allele 301),ef1a-extended:2xCox8A:mScarlet3S2,ef1a-extended:Halo:sec61b,JF 635,X:\abcabc\Korra_Foundation\20250715_mem_organelle,pDQM005,301,pDQM005,301,MGCO-35,MGCO-40
20250715_mem_organelle,fish8_72hpf_mem_mito_msc3_er_halo,roi1,roi1,1300,/clusterfs/vast/abcabc/Korra_Foundation/20250715_mem_organelle/fish8_72hpf_mem_mito_msc3_er_halo/roi1,korra,mem_organelle,122.0,7/15/25,,ef1a:2xLynk:tdmSG(J) (F2 of allele 301),ef1a:2xLynk:tdmSG(J) (F2 of allele 301),ef1a-extended:2xCox8A:mScarlet3S2,ef1a-extended:Halo:sec61b,JF 635,X:\abcabc\Korra_Foundation\20250715_mem_organelle,pDQM005,301,pDQM005,301,MGCO-35,MGCO-40
20250715_mem_organelle,fish8_72hpf_mem_mito_msc3_er_halo,roi2,roi2,1300,/clusterfs/vast/abcabc/Korra_Foundation/20250715_mem_organelle/fish8_72hpf_mem_mito_msc3_er_halo/roi2,korra,mem_organelle,122.0,7/15/25,,ef1a:2xLynk:tdmSG(J) (F2 of allele 301),ef1a:2xLynk:tdmSG(J) (F2 of allele 301),ef1a-extended:2xCox8A:mScarlet3S2,ef1a-extended:Halo:sec61b,JF 635,X:\abcabc\Korra_Foundation\20250715_mem_organelle,pDQM005,301,pDQM005,301,MGCO-35,MGCO-40
20250715_mem_organelle,fish8_72hpf_mem_mito_msc3_er_halo,roi3,roi3,1300,/clusterfs/vast/abcabc/Korra_Foundation/20250715_mem_organelle/fish8_72hpf_mem_mito_msc3_er_halo/roi3,korra,mem_organelle,122.0,7/15/25,,ef1a:2xLynk:tdmSG(J) (F2 of allele 301),ef1a:2xLynk:tdmSG(J) (F2 of allele 301),ef1a-extended:2xCox8A:mScarlet3S2,ef1a-extended:Halo:sec61b,JF 635,X:\abcabc\Korra_Foundation\20250715_mem_organelle,pDQM005,301,pDQM005,301,MGCO-35,MGCO-40
20250723_mem-halo_ER-mSG,fish3_48hpf,roi1_mb,roi1_mb,65,/clusterfs/vast/abcabc/Korra_Foundation/20250723_mem-halo_ER-mSG/fish3_48hpf/roi1_mb,korra,mem-halo_ER-mSG,117.0,7/23/25,,membrane Halo,membrane Halo,,mSG:sec61b,JF 635,X:\abcabc\Korra_Foundation\20250723_mem-halo_ER-mSG\fish3_48hpf,Swinburne,Swinburne,Swinburne,Swinburne,,MGCO-04
20250723_mem-halo_ER-mSG,fish3_48hpf,roi2,roi2,81,/clusterfs/vast/abcabc/Korra_Foundation/20250723_mem-halo_ER-mSG/fish3_48hpf/roi2,korra,mem-halo_ER-mSG,117.0,7/23/25,,membrane Halo,membrane Halo,,mSG:sec61b,JF 635,X:\abcabc\Korra_Foundation\20250723_mem-halo_ER-mSG\fish3_48hpf,Swinburne,Swinburne,Swinburne,Swinburne,,MGCO-04
20250723_mem-halo_ER-mSG,fish3_48hpf,roi3,roi3,227,/clusterfs/vast/abcabc/Korra_Foundation/20250723_mem-halo_ER-mSG/fish3_48hpf/roi3,korra,mem-halo_ER-mSG,117.0,7/23/25,,membrane Halo,membrane Halo,,mSG:sec61b,JF 635,X:\abcabc\Korra_Foundation\20250723_mem-halo_ER-mSG\fish3_48hpf,Swinburne,Swinburne,Swinburne,Swinburne,,MGCO-04
20250723_mem-halo_ER-mSG,fish3_48hpf,roi4,roi4,243,/clusterfs/vast/abcabc/Korra_Foundation/20250723_mem-halo_ER-mSG/fish3_48hpf/roi4,korra,mem-halo_ER-mSG,117.0,7/23/25,,membrane Halo,membrane Halo,,mSG:sec61b,JF 635,X:\abcabc\Korra_Foundation\20250723_mem-halo_ER-mSG\fish3_48hpf,Swinburne,Swinburne,Swinburne,Swinburne,,MGCO-04
20250723_mem-halo_ER-mSG,fish3_48hpf,roi5,roi5,243,/clusterfs/vast/abcabc/Korra_Foundation/20250723_mem-halo_ER-mSG/fish3_48hpf/roi5,korra,mem-halo_ER-mSG,117.0,7/23/25,,membrane Halo,membrane Halo,,mSG:sec61b,JF 635,X:\abcabc\Korra_Foundation\20250723_mem-halo_ER-mSG\fish3_48hpf,Swinburne,Swinburne,Swinburne,Swinburne,,MGCO-04
20250723_mem-halo_ER-mSG,fish3_48hpf,roi6,roi6,243,/clusterfs/vast/abcabc/Korra_Foundation/20250723_mem-halo_ER-mSG/fish3_48hpf/roi6,korra,mem-halo_ER-mSG,117.0,7/23/25,,membrane Halo,membrane Halo,,mSG:sec61b,JF 635,X:\abcabc\Korra_Foundation\20250723_mem-halo_ER-mSG\fish3_48hpf,Swinburne,Swinburne,Swinburne,Swinburne,,MGCO-04
20250724_mem-mchilada_er-mSG,fish1_24hpf,roi1,roi1,97,/clusterfs/vast/abcabc/Korra_Foundation/20250724_mem-mchilada_er-mSG/fish1_24hpf/roi1,korra,mem-mchilada_er-mSG,116.0,7/24/25,,membrane mChilada,membrane mChilada,,mSG:sec61b,,"X:\abcabc\Korra_Foundation\20250724_mem-mchilada_er-mSG, X:\abcabc\Aang_Foundation\20250723_er-mSG_mem-mChilada",pDQM082,315,pDQM082,315,,MGCO-04
20250724_mem-mchilada_er-mSG,fish1_24hpf,roi1_2,roi1_2,579,/clusterfs/vast/abcabc/Korra_Foundation/20250724_mem-mchilada_er-mSG/fish1_24hpf/roi1_2,korra,mem-mchilada_er-mSG,116.0,7/24/25,,membrane mChilada,membrane mChilada,,mSG:sec61b,,"X:\abcabc\Korra_Foundation\20250724_mem-mchilada_er-mSG, X:\abcabc\Aang_Foundation\20250723_er-mSG_mem-mChilada",pDQM082,315,pDQM082,315,,MGCO-04
20250724_mem-mchilada_er-mSG,fish1_24hpf,roi1_3,roi1_3,579,/clusterfs/vast/abcabc/Korra_Foundation/20250724_mem-mchilada_er-mSG/fish1_24hpf/roi1_3,korra,mem-mchilada_er-mSG,116.0,7/24/25,,membrane mChilada,membrane mChilada,,mSG:sec61b,,"X:\abcabc\Korra_Foundation\20250724_mem-mchilada_er-mSG, X:\abcabc\Aang_Foundation\20250723_er-mSG_mem-mChilada",pDQM082,315,pDQM082,315,,MGCO-04
20250724_mem-mchilada_er-mSG,fish1_24hpf,roi2,roi2,963,/clusterfs/vast/abcabc/Korra_Foundation/20250724_mem-mchilada_er-mSG/fish1_24hpf/roi2,korra,mem-mchilada_er-mSG,116.0,7/24/25,,membrane mChilada,membrane mChilada,,mSG:sec61b,,"X:\abcabc\Korra_Foundation\20250724_mem-mchilada_er-mSG, X:\abcabc\Aang_Foundation\20250723_er-mSG_mem-mChilada",pDQM082,315,pDQM082,315,,MGCO-04
20250728_mem-histone,fish1_roi1,fish1_roi1,fish1_roi1,2160,/clusterfs/vast/abcabc/Korra_Foundation/20250728_mem-histone/fish1_roi1,korra,mem-histone,115.0,7/28/25,,ef1a:2xLynk:tdmSG(J) (F2 of allele 301),ef1a:2xLynk:tdmSG(J) (F2 of allele 301),,tdmChilada:PCNA,,X:\abcabc\Korra_Foundation\20250728_mem-histone,pDQM005,301,pDQM005,301,,pDQM037
20250728_mem-histone,fish1_roi2,fish1_roi2,fish1_roi2,2400,/clusterfs/vast/abcabc/Korra_Foundation/20250728_mem-histone/fish1_roi2,korra,mem-histone,115.0,7/28/25,,ef1a:2xLynk:tdmSG(J) (F2 of allele 301),ef1a:2xLynk:tdmSG(J) (F2 of allele 301),,tdmChilada:PCNA,,X:\abcabc\Korra_Foundation\20250728_mem-histone,pDQM005,301,pDQM005,301,,pDQM037
20250801_mem-PCNA,fish1_roi1,fish1_roi1,fish1_roi1,1344,/clusterfs/vast/abcabc/Korra_Foundation/20250801_mem-PCNA/fish1_roi1,korra,mem-PCNA,114.0,8/1/25,,ef1a:2xLynk:tdmSG(J) (F2 of allele 301),ef1a:2xLynk:tdmSG(J) (F2 of allele 301),,tdmChilada:PCNA,,X:\abcabc\Korra_Foundation\20250801_mem-PCNA,pDQM005,301,pDQM005,301,,pDQM037
20250801_mem-PCNA,fish2_roi1,fish2_roi1,fish2_roi1,1104,/clusterfs/vast/abcabc/Korra_Foundation/20250801_mem-PCNA/fish2_roi1,korra,mem-PCNA,114.0,8/1/25,,ef1a:2xLynk:tdmSG(J) (F2 of allele 301),ef1a:2xLynk:tdmSG(J) (F2 of allele 301),,tdmChilada:PCNA,,X:\abcabc\Korra_Foundation\20250801_mem-PCNA,pDQM005,301,pDQM005,301,,pDQM037
20250801_mem-PCNA,fish3_72hpf_roi1,fish3_72hpf_roi1,fish3_72hpf_roi1,6226,/clusterfs/vast/abcabc/Korra_Foundation/20250801_mem-PCNA/fish3_72hpf_roi1,korra,mem-PCNA,114.0,8/1/25,,ef1a:2xLynk:tdmSG(J) (F2 of allele 301),ef1a:2xLynk:tdmSG(J) (F2 of allele 301),,tdmChilada:PCNA,,X:\abcabc\Korra_Foundation\20250801_mem-PCNA,pDQM005,301,pDQM005,301,,pDQM037
20250801_mem-histone,fish1_roi1,fish1_roi1,fish1_roi1,300,/clusterfs/vast/abcabc/Korra_Foundation/20250801_mem-histone/fish1_roi1,korra,mem-histone,114.0,8/1/25,,ef1a:2xLynk:tdmSG(J) (F2 of allele 301),ef1a:2xLynk:tdmSG(J) (F2 of allele 301),,tdmChilada:PCNA,,X:\abcabc\Korra_Foundation\20250801_mem-PCNA,pDQM005,301,pDQM005,301,,pDQM037
20251007_mem-histone,fish1_48hpf_roi1,fish1_48hpf_roi1,fish1_48hpf_roi1,82,/clusterfs/vast/abcabc/Korra_Foundation/20251007_mem-histone/fish1_48hpf_roi1,korra,mem-histone,40.0,10/7/25,1,ef1a:2xLynk:tdmSG(J) (F1 of allele 302),ef1a:2xLynk:tdmSG(J) (F1 of allele 304),,,,,pDQM005,302,pDQM005,304,,
20251007_mem-histone,fish1_48hpf_roi1_test,fish1_48hpf_roi1_test,fish1_48hpf_roi1_test,12,/clusterfs/vast/abcabc/Korra_Foundation/20251007_mem-histone/fish1_48hpf_roi1_test,korra,mem-histone,40.0,10/7/25,1,ef1a:2xLynk:tdmSG(J) (F1 of allele 302),ef1a:2xLynk:tdmSG(J) (F1 of allele 304),,,,,pDQM005,302,pDQM005,304,,
20251007_mem-histone,fish1_48hpf_roi1test,fish1_48hpf_roi1test,fish1_48hpf_roi1test,18,/clusterfs/vast/abcabc/Korra_Foundation/20251007_mem-histone/fish1_48hpf_roi1test,korra,mem-histone,40.0,10/7/25,1,ef1a:2xLynk:tdmSG(J) (F1 of allele 302),ef1a:2xLynk:tdmSG(J) (F1 of allele 304),,,,,pDQM005,302,pDQM005,304,,
20251007_mem-histone,fish3_48hpf_roi1,fish3_48hpf_roi1,fish3_48hpf_roi1,2880,/clusterfs/vast/abcabc/Korra_Foundation/20251007_mem-histone/fish3_48hpf_roi1,korra,mem-histone,40.0,10/7/25,1,ef1a:2xLynk:tdmSG(J) (F1 of allele 302),ef1a:2xLynk:tdmSG(J) (F1 of allele 304),,,,,pDQM005,302,pDQM005,304,,
20251007_mem-histone,fish3_48hpf_roi1_test,fish3_48hpf_roi1_test,fish3_48hpf_roi1_test,16,/clusterfs/vast/abcabc/Korra_Foundation/20251007_mem-histone/fish3_48hpf_roi1_test,korra,mem-histone,40.0,10/7/25,1,ef1a:2xLynk:tdmSG(J) (F1 of allele 302),ef1a:2xLynk:tdmSG(J) (F1 of allele 304),,,,,pDQM005,302,pDQM005,304,,
20251007_mem-histone,fish3_48hpf_roi2,fish3_48hpf_roi2,fish3_48hpf_roi2,2304,/clusterfs/vast/abcabc/Korra_Foundation/20251007_mem-histone/fish3_48hpf_roi2,korra,mem-histone,40.0,10/7/25,1,ef1a:2xLynk:tdmSG(J) (F1 of allele 302),ef1a:2xLynk:tdmSG(J) (F1 of allele 304),,,,,pDQM005,302,pDQM005,304,,
20251007_mem-histone,fish3_48hpf_roi2_test,fish3_48hpf_roi2_test,fish3_48hpf_roi2_test,52,/clusterfs/vast/abcabc/Korra_Foundation/20251007_mem-histone/fish3_48hpf_roi2_test,korra,mem-histone,40.0,10/7/25,1,ef1a:2xLynk:tdmSG(J) (F1 of allele 302),ef1a:2xLynk:tdmSG(J) (F1 of allele 304),,,,,pDQM005,302,pDQM005,304,,
20251009_skittlez,fish1_roi1,fish1_roi1,fish1_roi1,22,/clusterfs/vast/abcabc/Korra_Foundation/20251009_skittlez/fish1_roi1,korra,skittlez,35.0,10/10/25,2,ef1a:2xLynk:tdmSG(J) (F1 of allele 301),tdmScarlet3S2:H2B-tol2 (F1 of allele 324),,,,X:\abcabc\Korra_Foundation\20251010_mem-histone,pDQM005,301,pDQM133,324,,
20251010_mem-histone,fish1_24hpf_roi1,fish1_24hpf_roi1,fish1_24hpf_roi1,9216,/clusterfs/vast/abcabc/Korra_Foundation/20251010_mem-histone/fish1_24hpf_roi1,korra,mem-histone,35.0,10/10/25,2,ef1a:2xLynk:tdmSG(J) (F1 of allele 301),tdmScarlet3S2:H2B-tol2 (F1 of allele 324),,,,X:\abcabc\Korra_Foundation\20251010_mem-histone,pDQM005,301,pDQM133,324,,
20251013_mem-histone,fish1_96hpf_roi0_test,fish1_96hpf_roi0_test,fish1_96hpf_roi0_test,2986,/clusterfs/vast/abcabc/Korra_Foundation/20251013_mem-histone/fish1_96hpf_roi0_test,korra,mem-histone,33.0,10/13/25,2,ef1a:2xLynk:tdmSG(J) (F1 of allele 301),tdmScarlet3S2:H2B-tol2 (F1 of allele 324),,,,X:\abcabc\Korra_Foundation\20251013_mem-histone,pDQM005,301,pDQM133,324,,
20251013_mem-histone,fish1_96hpf_roi1,fish1_96hpf_roi1,fish1_96hpf_roi1,2880,/clusterfs/vast/abcabc/Korra_Foundation/20251013_mem-histone/fish1_96hpf_roi1,korra,mem-histone,33.0,10/13/25,2,ef1a:2xLynk:tdmSG(J) (F1 of allele 301),tdmScarlet3S2:H2B-tol2 (F1 of allele 324),,,,X:\abcabc\Korra_Foundation\20251013_mem-histone,pDQM005,301,pDQM133,324,,
20251013_mem-histone,fish1_96hpf_roi2,fish1_96hpf_roi2,fish1_96hpf_roi2,2880,/clusterfs/vast/abcabc/Korra_Foundation/20251013_mem-histone/fish1_96hpf_roi2,korra,mem-histone,33.0,10/13/25,2,ef1a:2xLynk:tdmSG(J) (F1 of allele 301),tdmScarlet3S2:H2B-tol2 (F1 of allele 324),,,,X:\abcabc\Korra_Foundation\20251013_mem-histone,pDQM005,301,pDQM133,324,,
20251013_mem-histone,fish1_96hpf_roi3,fish1_96hpf_roi3,fish1_96hpf_roi3,2880,/clusterfs/vast/abcabc/Korra_Foundation/20251013_mem-histone/fish1_96hpf_roi3,korra,mem-histone,33.0,10/13/25,2,ef1a:2xLynk:tdmSG(J) (F1 of allele 301),tdmScarlet3S2:H2B-tol2 (F1 of allele 324),,,,X:\abcabc\Korra_Foundation\20251013_mem-histone,pDQM005,301,pDQM133,324,,
20251013_mem-histone,fish2_96hpf_roi1,fish2_96hpf_roi1,fish2_96hpf_roi1,2880,/clusterfs/vast/abcabc/Korra_Foundation/20251013_mem-histone/fish2_96hpf_roi1,korra,mem-histone,33.0,10/13/25,2,ef1a:2xLynk:tdmSG(J) (F1 of allele 301),tdmScarlet3S2:H2B-tol2 (F1 of allele 324),,,,X:\abcabc\Korra_Foundation\20251013_mem-histone,pDQM005,301,pDQM133,324,,
20251013_mem-histone,fish2_96hpf_roi2,fish2_96hpf_roi2,fish2_96hpf_roi2,2880,/clusterfs/vast/abcabc/Korra_Foundation/20251013_mem-histone/fish2_96hpf_roi2,korra,mem-histone,33.0,10/13/25,2,ef1a:2xLynk:tdmSG(J) (F1 of allele 301),tdmScarlet3S2:H2B-tol2 (F1 of allele 324),,,,X:\abcabc\Korra_Foundation\20251013_mem-histone,pDQM005,301,pDQM133,324,,
20251013_mem-histone,fish3_96hpf_roi1,fish3_96hpf_roi1,fish3_96hpf_roi1,2880,/clusterfs/vast/abcabc/Korra_Foundation/20251013_mem-histone/fish3_96hpf_roi1,korra,mem-histone,33.0,10/13/25,2,ef1a:2xLynk:tdmSG(J) (F1 of allele 301),tdmScarlet3S2:H2B-tol2 (F1 of allele 324),,,,X:\abcabc\Korra_Foundation\20251013_mem-histone,pDQM005,301,pDQM133,324,,
20251013_mem-histone,fish3_96hpf_roi2,fish3_96hpf_roi2,fish3_96hpf_roi2,2880,/clusterfs/vast/abcabc/Korra_Foundation/20251013_mem-histone/fish3_96hpf_roi2,korra,mem-histone,33.0,10/13/25,2,ef1a:2xLynk:tdmSG(J) (F1 of allele 301),tdmScarlet3S2:H2B-tol2 (F1 of allele 324),,,,X:\abcabc\Korra_Foundation\20251013_mem-histone,pDQM005,301,pDQM133,324,,
20251013_mem-histone,fish3_96hpf_roi3,fish3_96hpf_roi3,fish3_96hpf_roi3,2880,/clusterfs/vast/abcabc/Korra_Foundation/20251013_mem-histone/fish3_96hpf_roi3,korra,mem-histone,33.0,10/13/25,2,ef1a:2xLynk:tdmSG(J) (F1 of allele 301),tdmScarlet3S2:H2B-tol2 (F1 of allele 324),,,,X:\abcabc\Korra_Foundation\20251013_mem-histone,pDQM005,301,pDQM133,324,,
20251015_mem-histone,fish1_48hpf_roi1,fish1_48hpf_roi1,fish1_48hpf_roi1,2880,/clusterfs/vast/abcabc/Korra_Foundation/20251015_mem-histone/fish1_48hpf_roi1,korra,mem-histone,29.0,10/15/25,1,ef1a:2xLynk:tdmSG(J) (F1 of allele 302),tdmScarlet3S2:H2B-tol2 (F1 of allele 324),,,,X:\abcabc\Korra_Foundation\20251015_mem-histone,pDQM005,302,pDQM133,324,,
20251015_mem-histone,fish2_48hpf_roi1,fish2_48hpf_roi1,fish2_48hpf_roi1,2880,/clusterfs/vast/abcabc/Korra_Foundation/20251015_mem-histone/fish2_48hpf_roi1,korra,mem-histone,29.0,10/15/25,1,ef1a:2xLynk:tdmSG(J) (F1 of allele 302),tdmScarlet3S2:H2B-tol2 (F1 of allele 324),,,,X:\abcabc\Korra_Foundation\20251015_mem-histone,pDQM005,302,pDQM133,324,,
20251015_mem-histone,fish3_48hpf_roi1,fish3_48hpf_roi1,fish3_48hpf_roi1,2880,/clusterfs/vast/abcabc/Korra_Foundation/20251015_mem-histone/fish3_48hpf_roi1,korra,mem-histone,29.0,10/15/25,1,ef1a:2xLynk:tdmSG(J) (F1 of allele 302),tdmScarlet3S2:H2B-tol2 (F1 of allele 324),,,,X:\abcabc\Korra_Foundation\20251015_mem-histone,pDQM005,302,pDQM133,324,,
20251015_mem-histone,fish3_48hpf_roi2,fish3_48hpf_roi2,fish3_48hpf_roi2,2880,/clusterfs/vast/abcabc/Korra_Foundation/20251015_mem-histone/fish3_48hpf_roi2,korra,mem-histone,29.0,10/15/25,1,ef1a:2xLynk:tdmSG(J) (F1 of allele 302),tdmScarlet3S2:H2B-tol2 (F1 of allele 324),,,,X:\abcabc\Korra_Foundation\20251015_mem-histone,pDQM005,302,pDQM133,324,,
20251015_mem-histone,fish4_48hpf_roi1,fish4_48hpf_roi1,fish4_48hpf_roi1,2880,/clusterfs/vast/abcabc/Korra_Foundation/20251015_mem-histone/fish4_48hpf_roi1,korra,mem-histone,29.0,10/15/25,1,ef1a:2xLynk:tdmSG(J) (F1 of allele 302),tdmScarlet3S2:H2B-tol2 (F1 of allele 324),,,,X:\abcabc\Korra_Foundation\20251015_mem-histone,pDQM005,302,pDQM133,324,,
20251016_mem-histone,fish1_72hpf_roi1,fish1_72hpf_roi1,fish1_72hpf_roi1,2880,/clusterfs/vast/abcabc/Korra_Foundation/20251016_mem-histone/fish1_72hpf_roi1,korra,mem-histone,27.0,10/16/25,1,ef1a:2xLynk:tdmSG(J) (F1 of allele 302),tdmScarlet3S2:H2B-tol2 (F1 of allele 324),,,,X:\abcabc\Korra_Foundation\20251016_mem-histone,pDQM005,302,pDQM133,324,,
20251016_mem-histone,fish2_72hpf_roi1,fish2_72hpf_roi1,fish2_72hpf_roi1,2880,/clusterfs/vast/abcabc/Korra_Foundation/20251016_mem-histone/fish2_72hpf_roi1,korra,mem-histone,27.0,10/16/25,1,ef1a:2xLynk:tdmSG(J) (F1 of allele 302),tdmScarlet3S2:H2B-tol2 (F1 of allele 324),,,,X:\abcabc\Korra_Foundation\20251016_mem-histone,pDQM005,302,pDQM133,324,,
20251016_mem-histone,fish2_72hpf_roi2,fish2_72hpf_roi2,fish2_72hpf_roi2,2880,/clusterfs/vast/abcabc/Korra_Foundation/20251016_mem-histone/fish2_72hpf_roi2,korra,mem-histone,27.0,10/16/25,1,ef1a:2xLynk:tdmSG(J) (F1 of allele 302),tdmScarlet3S2:H2B-tol2 (F1 of allele 324),,,,X:\abcabc\Korra_Foundation\20251016_mem-histone,pDQM005,302,pDQM133,324,,
20251016_mem-histone,fish2_72hpf_roi3,fish2_72hpf_roi3,fish2_72hpf_roi3,2880,/clusterfs/vast/abcabc/Korra_Foundation/20251016_mem-histone/fish2_72hpf_roi3,korra,mem-histone,27.0,10/16/25,1,ef1a:2xLynk:tdmSG(J) (F1 of allele 302),tdmScarlet3S2:H2B-tol2 (F1 of allele 324),,,,X:\abcabc\Korra_Foundation\20251016_mem-histone,pDQM005,302,pDQM133,324,,
20251016_mem-histone,fish3_72hpf_roi1,fish3_72hpf_roi1,fish3_72hpf_roi1,2880,/clusterfs/vast/abcabc/Korra_Foundation/20251016_mem-histone/fish3_72hpf_roi1,korra,mem-histone,27.0,10/16/25,1,ef1a:2xLynk:tdmSG(J) (F1 of allele 302),tdmScarlet3S2:H2B-tol2 (F1 of allele 324),,,,X:\abcabc\Korra_Foundation\20251016_mem-histone,pDQM005,302,pDQM133,324,,
20251016_mem-histone,fish3_72hpf_roi2,fish3_72hpf_roi2,fish3_72hpf_roi2,2880,/clusterfs/vast/abcabc/Korra_Foundation/20251016_mem-histone/fish3_72hpf_roi2,korra,mem-histone,27.0,10/16/25,1,ef1a:2xLynk:tdmSG(J) (F1 of allele 302),tdmScarlet3S2:H2B-tol2 (F1 of allele 324),,,,X:\abcabc\Korra_Foundation\20251016_mem-histone,pDQM005,302,pDQM133,324,,
20251017_microtubules,fish2_24hpf_roi1_test,fish2_24hpf_roi1_test,fish2_24hpf_roi1_test,2880,/clusterfs/vast/abcabc/Korra_Foundation/20251017_microtubules/fish2_24hpf_roi1_test,korra,microtubules,25.0,10/17/25,1,casper/rnf,casper/rnf,MGCO50(microtubule-A2UCOE-attb_entire+pDQM147-EB3-mStayGold),,,X:\abcabc\Korra_Foundation\20251017_microtubules,,,,,,
20251020_mem-histone,fish1_72hpf_roi1,fish1_72hpf_roi1,fish1_72hpf_roi1,2880,/clusterfs/vast/abcabc/Korra_Foundation/20251020_mem-histone/fish1_72hpf_roi1,korra,mem-histone,24.0,10/20/25,2,ef1a:2xLynk:tdmSG(J) (F1 of allele 301),tdmScarlet3S2:H2B-tol2 (F1 of allele 324),,,,X:\abcabc\Korra_Foundation\20251020_mem-histone,pDQM005,301,pDQM133,324,,
20251020_mem-histone,fish1_72hpf_roi2,fish1_72hpf_roi2,fish1_72hpf_roi2,2880,/clusterfs/vast/abcabc/Korra_Foundation/20251020_mem-histone/fish1_72hpf_roi2,korra,mem-histone,24.0,10/20/25,2,ef1a:2xLynk:tdmSG(J) (F1 of allele 301),tdmScarlet3S2:H2B-tol2 (F1 of allele 324),,,,X:\abcabc\Korra_Foundation\20251020_mem-histone,pDQM005,301,pDQM133,324,,
20251020_mem-histone,fish1_72hpf_roi3,fish1_72hpf_roi3,fish1_72hpf_roi3,2880,/clusterfs/vast/abcabc/Korra_Foundation/20251020_mem-histone/fish1_72hpf_roi3,korra,mem-histone,24.0,10/20/25,2,ef1a:2xLynk:tdmSG(J) (F1 of allele 301),tdmScarlet3S2:H2B-tol2 (F1 of allele 324),,,,X:\abcabc\Korra_Foundation\20251020_mem-histone,pDQM005,301,pDQM133,324,,
20251020_mem-histone,fish1_72hpf_roi4,fish1_72hpf_roi4,fish1_72hpf_roi4,2880,/clusterfs/vast/abcabc/Korra_Foundation/20251020_mem-histone/fish1_72hpf_roi4,korra,mem-histone,24.0,10/20/25,2,ef1a:2xLynk:tdmSG(J) (F1 of allele 301),tdmScarlet3S2:H2B-tol2 (F1 of allele 324),,,,X:\abcabc\Korra_Foundation\20251020_mem-histone,pDQM005,301,pDQM133,324,,
20251020_mem-histone,fish1_72hpf_roi5,fish1_72hpf_roi5,fish1_72hpf_roi5,2880,/clusterfs/vast/abcabc/Korra_Foundation/20251020_mem-histone/fish1_72hpf_roi5,korra,mem-histone,24.0,10/20/25,2,ef1a:2xLynk:tdmSG(J) (F1 of allele 301),tdmScarlet3S2:H2B-tol2 (F1 of allele 324),,,,X:\abcabc\Korra_Foundation\20251020_mem-histone,pDQM005,301,pDQM133,324,,
20251020_mem-histone,fish2_72hpf_roi1,fish2_72hpf_roi1,fish2_72hpf_roi1,2880,/clusterfs/vast/abcabc/Korra_Foundation/20251020_mem-histone/fish2_72hpf_roi1,korra,mem-histone,24.0,10/20/25,2,ef1a:2xLynk:tdmSG(J) (F1 of allele 301),tdmScarlet3S2:H2B-tol2 (F1 of allele 324),,,,X:\abcabc\Korra_Foundation\20251020_mem-histone,pDQM005,301,pDQM133,324,,
20251020_mem-histone,fish2_72hpf_roi2,fish2_72hpf_roi2,fish2_72hpf_roi2,2880,/clusterfs/vast/abcabc/Korra_Foundation/20251020_mem-histone/fish2_72hpf_roi2,korra,mem-histone,24.0,10/20/25,2,ef1a:2xLynk:tdmSG(J) (F1 of allele 301),tdmScarlet3S2:H2B-tol2 (F1 of allele 324),,,,X:\abcabc\Korra_Foundation\20251020_mem-histone,pDQM005,301,pDQM133,324,,
20251020_mem-histone,fish2_72hpf_roi3,fish2_72hpf_roi3,fish2_72hpf_roi3,104,/clusterfs/vast/abcabc/Korra_Foundation/20251020_mem-histone/fish2_72hpf_roi3,korra,mem-histone,24.0,10/20/25,2,ef1a:2xLynk:tdmSG(J) (F1 of allele 301),tdmScarlet3S2:H2B-tol2 (F1 of allele 324),,,,X:\abcabc\Korra_Foundation\20251020_mem-histone,pDQM005,301,pDQM133,324,,
20251022_mem-histone,fish1_24hpf_roi2,fish1_24hpf_roi2,fish1_24hpf_roi2,2880,/clusterfs/vast/abcabc/Korra_Foundation/20251022_mem-histone/fish1_24hpf_roi2,korra,mem-histone,18.0,10/22/25,1,ef1a:2xLynk:tdmSG(J) (F1 of allele 302),tdmScarlet3S2:H2B-tol2 (F1 of allele 324),,,,X:\abcabc\Korra_Foundation\20251022_mem-histone,pDQM005,302,pDQM133,324,,
20251022_mem-histone,fish1_24hpf_roi3,fish1_24hpf_roi3,fish1_24hpf_roi3,2880,/clusterfs/vast/abcabc/Korra_Foundation/20251022_mem-histone/fish1_24hpf_roi3,korra,mem-histone,18.0,10/22/25,1,ef1a:2xLynk:tdmSG(J) (F1 of allele 302),tdmScarlet3S2:H2B-tol2 (F1 of allele 324),,,,X:\abcabc\Korra_Foundation\20251022_mem-histone,pDQM005,302,pDQM133,324,,
20251022_mem-histone,fish2_24hpf_roi1,fish2_24hpf_roi1,fish2_24hpf_roi1,2880,/clusterfs/vast/abcabc/Korra_Foundation/20251022_mem-histone/fish2_24hpf_roi1,korra,mem-histone,18.0,10/22/25,1,ef1a:2xLynk:tdmSG(J) (F1 of allele 302),tdmScarlet3S2:H2B-tol2 (F1 of allele 324),,,,X:\abcabc\Korra_Foundation\20251022_mem-histone,pDQM005,302,pDQM133,324,,
20251022_mem-histone,fish2_24hpf_roi2,fish2_24hpf_roi2,fish2_24hpf_roi2,2880,/clusterfs/vast/abcabc/Korra_Foundation/20251022_mem-histone/fish2_24hpf_roi2,korra,mem-histone,18.0,10/22/25,1,ef1a:2xLynk:tdmSG(J) (F1 of allele 302),tdmScarlet3S2:H2B-tol2 (F1 of allele 324),,,,X:\abcabc\Korra_Foundation\20251022_mem-histone,pDQM005,302,pDQM133,324,,
20251022_mem-histone,fish2_24hpf_roi3,fish2_24hpf_roi3,fish2_24hpf_roi3,2880,/clusterfs/vast/abcabc/Korra_Foundation/20251022_mem-histone/fish2_24hpf_roi3,korra,mem-histone,18.0,10/22/25,1,ef1a:2xLynk:tdmSG(J) (F1 of allele 302),tdmScarlet3S2:H2B-tol2 (F1 of allele 324),,,,X:\abcabc\Korra_Foundation\20251022_mem-histone,pDQM005,302,pDQM133,324,,
20251022_mem-histone,fish3_24hpf_roi1,fish3_24hpf_roi1,fish3_24hpf_roi1,2880,/clusterfs/vast/abcabc/Korra_Foundation/20251022_mem-histone/fish3_24hpf_roi1,korra,mem-histone,18.0,10/22/25,1,ef1a:2xLynk:tdmSG(J) (F1 of allele 302),tdmScarlet3S2:H2B-tol2 (F1 of allele 324),,,,X:\abcabc\Korra_Foundation\20251022_mem-histone,pDQM005,302,pDQM133,324,,
20251022_mem-histone,fish3_24hpf_roi2,fish3_24hpf_roi2,fish3_24hpf_roi2,2880,/clusterfs/vast/abcabc/Korra_Foundation/20251022_mem-histone/fish3_24hpf_roi2,korra,mem-histone,18.0,10/22/25,1,ef1a:2xLynk:tdmSG(J) (F1 of allele 302),tdmScarlet3S2:H2B-tol2 (F1 of allele 324),,,,X:\abcabc\Korra_Foundation\20251022_mem-histone,pDQM005,302,pDQM133,324,,
20251022_mem-histone,fish4_24hpf_roi1,fish4_24hpf_roi1,fish4_24hpf_roi1,2880,/clusterfs/vast/abcabc/Korra_Foundation/20251022_mem-histone/fish4_24hpf_roi1,korra,mem-histone,18.0,10/22/25,1,ef1a:2xLynk:tdmSG(J) (F1 of allele 302),tdmScarlet3S2:H2B-tol2 (F1 of allele 324),,,,X:\abcabc\Korra_Foundation\20251022_mem-histone,pDQM005,302,pDQM133,324,,
20251022_mem-histone,fish4_24hpf_roi2,fish4_24hpf_roi2,fish4_24hpf_roi2,2880,/clusterfs/vast/abcabc/Korra_Foundation/20251022_mem-histone/fish4_24hpf_roi2,korra,mem-histone,18.0,10/22/25,1,ef1a:2xLynk:tdmSG(J) (F1 of allele 302),tdmScarlet3S2:H2B-tol2 (F1 of allele 324),,,,X:\abcabc\Korra_Foundation\20251022_mem-histone,pDQM005,302,pDQM133,324,,
20251022_mem-histone,fish4_24hpf_roi3,fish4_24hpf_roi3,fish4_24hpf_roi3,2880,/clusterfs/vast/abcabc/Korra_Foundation/20251022_mem-histone/fish4_24hpf_roi3,korra,mem-histone,18.0,10/22/25,1,ef1a:2xLynk:tdmSG(J) (F1 of allele 302),tdmScarlet3S2:H2B-tol2 (F1 of allele 324),,,,X:\abcabc\Korra_Foundation\20251022_mem-histone,pDQM005,302,pDQM133,324,,
20251024_mem-histone,fish2_72hpf_roi1,fish2_72hpf_roi1,fish2_72hpf_roi1,2880,/clusterfs/vast/abcabc/Korra_Foundation/20251024_mem-histone/fish2_72hpf_roi1,korra,mem-histone,16.0,10/24/25,3,ef1a:2xLynk:tdmSG(J) (F1 of allele 302),tdmScarlet3S2:H2B-tol2 (F1 of allele 324),,,,X:\abcabc\Korra_Foundation\20251024_mem-histone,pDQM005,302,pDQM133,324,,
20251024_mem-histone,fish2_72hpf_roi2,fish2_72hpf_roi2,fish2_72hpf_roi2,2880,/clusterfs/vast/abcabc/Korra_Foundation/20251024_mem-histone/fish2_72hpf_roi2,korra,mem-histone,16.0,10/24/25,3,ef1a:2xLynk:tdmSG(J) (F1 of allele 302),tdmScarlet3S2:H2B-tol2 (F1 of allele 324),,,,X:\abcabc\Korra_Foundation\20251024_mem-histone,pDQM005,302,pDQM133,324,,
20251024_mem-histone,fish2_72hpf_roi3,fish2_72hpf_roi3,fish2_72hpf_roi3,2880,/clusterfs/vast/abcabc/Korra_Foundation/20251024_mem-histone/fish2_72hpf_roi3,korra,mem-histone,16.0,10/24/25,3,ef1a:2xLynk:tdmSG(J) (F1 of allele 302),tdmScarlet3S2:H2B-tol2 (F1 of allele 324),,,,X:\abcabc\Korra_Foundation\20251024_mem-histone,pDQM005,302,pDQM133,324,,
20251024_mem-histone,fish3_72hpf_roi1,fish3_72hpf_roi1,fish3_72hpf_roi1,2880,/clusterfs/vast/abcabc/Korra_Foundation/20251024_mem-histone/fish3_72hpf_roi1,korra,mem-histone,16.0,10/24/25,3,ef1a:2xLynk:tdmSG(J) (F1 of allele 302),tdmScarlet3S2:H2B-tol2 (F1 of allele 324),,,,X:\abcabc\Korra_Foundation\20251024_mem-histone,pDQM005,302,pDQM133,324,,
20251024_mem-histone,fish3_72hpf_roi2,fish3_72hpf_roi2,fish3_72hpf_roi2,2880,/clusterfs/vast/abcabc/Korra_Foundation/20251024_mem-histone/fish3_72hpf_roi2,korra,mem-histone,16.0,10/24/25,3,ef1a:2xLynk:tdmSG(J) (F1 of allele 302),tdmScarlet3S2:H2B-tol2 (F1 of allele 324),,,,X:\abcabc\Korra_Foundation\20251024_mem-histone,pDQM005,302,pDQM133,324,,
20251024_mem-histone,fish3_72hpf_roi3,fish3_72hpf_roi3,fish3_72hpf_roi3,2880,/clusterfs/vast/abcabc/Korra_Foundation/20251024_mem-histone/fish3_72hpf_roi3,korra,mem-histone,16.0,10/24/25,3,ef1a:2xLynk:tdmSG(J) (F1 of allele 302),tdmScarlet3S2:H2B-tol2 (F1 of allele 324),,,,X:\abcabc\Korra_Foundation\20251024_mem-histone,pDQM005,302,pDQM133,324,,
20251024_mem-histone,fish3_72hpf_roi4,fish3_72hpf_roi4,fish3_72hpf_roi4,2880,/clusterfs/vast/abcabc/Korra_Foundation/20251024_mem-histone/fish3_72hpf_roi4,korra,mem-histone,16.0,10/24/25,3,ef1a:2xLynk:tdmSG(J) (F1 of allele 302),tdmScarlet3S2:H2B-tol2 (F1 of allele 324),,,,X:\abcabc\Korra_Foundation\20251024_mem-histone,pDQM005,302,pDQM133,324,,
20251024_mem-histone,fish3_72hpf_roi5,fish3_72hpf_roi5,fish3_72hpf_roi5,2880,/clusterfs/vast/abcabc/Korra_Foundation/20251024_mem-histone/fish3_72hpf_roi5,korra,mem-histone,16.0,10/24/25,3,ef1a:2xLynk:tdmSG(J) (F1 of allele 302),tdmScarlet3S2:H2B-tol2 (F1 of allele 324),,,,X:\abcabc\Korra_Foundation\20251024_mem-histone,pDQM005,302,pDQM133,324,,
20251027_mem-histone,fish3_72hpf_roi1,fish3_72hpf_roi1,fish3_72hpf_roi1,2880,/clusterfs/vast/abcabc/Korra_Foundation/20251027_mem-histone/fish3_72hpf_roi1,korra,mem-histone,12.0,10/27/25,1,ef1a:2xLynk:tdmSG(J) (F1 of allele 302),tdmScarlet3S2:H2B-tol2 (F1 of allele 324),,,,X:\abcabc\Korra_Foundation\20251027_mem-histone,pDQM005,302,pDQM133,324,,
20251027_mem-histone,fish3_72hpf_roi2,fish3_72hpf_roi2,fish3_72hpf_roi2,2880,/clusterfs/vast/abcabc/Korra_Foundation/20251027_mem-histone/fish3_72hpf_roi2,korra,mem-histone,12.0,10/27/25,1,ef1a:2xLynk:tdmSG(J) (F1 of allele 302),tdmScarlet3S2:H2B-tol2 (F1 of allele 324),,,,X:\abcabc\Korra_Foundation\20251027_mem-histone,pDQM005,302,pDQM133,324,,
20251027_mem-histone,fish3_72hpf_roi3,fish3_72hpf_roi3,fish3_72hpf_roi3,2880,/clusterfs/vast/abcabc/Korra_Foundation/20251027_mem-histone/fish3_72hpf_roi3,korra,mem-histone,12.0,10/27/25,1,ef1a:2xLynk:tdmSG(J) (F1 of allele 302),tdmScarlet3S2:H2B-tol2 (F1 of allele 324),,,,X:\abcabc\Korra_Foundation\20251027_mem-histone,pDQM005,302,pDQM133,324,,
20251027_mem-histone,fish3_72hpf_roi4,fish3_72hpf_roi4,fish3_72hpf_roi4,2880,/clusterfs/vast/abcabc/Korra_Foundation/20251027_mem-histone/fish3_72hpf_roi4,korra,mem-histone,12.0,10/27/25,1,ef1a:2xLynk:tdmSG(J) (F1 of allele 302),tdmScarlet3S2:H2B-tol2 (F1 of allele 324),,,,X:\abcabc\Korra_Foundation\20251027_mem-histone,pDQM005,302,pDQM133,324,,
20251029_mem-histone,fish2_24hpf_roi1,fish2_24hpf_roi1,fish2_24hpf_roi1,2880,/clusterfs/vast/abcabc/Korra_Foundation/20251029_mem-histone/fish2_24hpf_roi1,korra,mem-histone,7.0,10/29/25,1,ef1a:2xLynk:tdmSG(J) (F1 of allele 302),tdmScarlet3S2:H2B-tol2 (F1 of allele 324),,2xCox8A:mSG,,X:\abcabc\Korra_Foundation\20251029_mem-histone,pDQM005,302,pDQM133,324,,MGCO-01
20251029_mem-histone,fish3_24hpf_roi1,fish3_24hpf_roi1,fish3_24hpf_roi1,2880,/clusterfs/vast/abcabc/Korra_Foundation/20251029_mem-histone/fish3_24hpf_roi1,korra,mem-histone,7.0,10/29/25,1,ef1a:2xLynk:tdmSG(J) (F1 of allele 302),tdmScarlet3S2:H2B-tol2 (F1 of allele 324),,2xCox8A:mSG,,X:\abcabc\Korra_Foundation\20251029_mem-histone,pDQM005,302,pDQM133,324,,MGCO-01
20251029_mem-histone,fish5_24hpf_roi1,fish5_24hpf_roi1,fish5_24hpf_roi1,2880,/clusterfs/vast/abcabc/Korra_Foundation/20251029_mem-histone/fish5_24hpf_roi1,korra,mem-histone,7.0,10/29/25,1,ef1a:2xLynk:tdmSG(J) (F1 of allele 302),tdmScarlet3S2:H2B-tol2 (F1 of allele 324),,2xCox8A:mSG,,X:\abcabc\Korra_Foundation\20251029_mem-histone,pDQM005,302,pDQM133,324,,MGCO-01
20251029_mem-histone,fish5_24hpf_roi2,fish5_24hpf_roi2,fish5_24hpf_roi2,2880,/clusterfs/vast/abcabc/Korra_Foundation/20251029_mem-histone/fish5_24hpf_roi2,korra,mem-histone,7.0,10/29/25,1,ef1a:2xLynk:tdmSG(J) (F1 of allele 302),tdmScarlet3S2:H2B-tol2 (F1 of allele 324),,2xCox8A:mSG,,X:\abcabc\Korra_Foundation\20251029_mem-histone,pDQM005,302,pDQM133,324,,MGCO-01
20251106_mem-mito,fish1_48hpf_roi1,fish1_48hpf_roi1,fish1_48hpf_roi1,768,/clusterfs/vast/abcabc/Korra_Foundation/20251106_mem-mito/fish1_48hpf_roi1,korra,mem-mito,6.0,11/5/25,1,casper,ef1a:2xLynk:tdmChilada (F1 of allele 315),,2xCox8A:mSG,,X:\abcabc\Korra_Foundation\20251106_mem-mito,,,pDQM082,315,,MGCO-01
20251106_mem-mito,fish1_48hpf_roi2,fish1_48hpf_roi2,fish1_48hpf_roi2,768,/clusterfs/vast/abcabc/Korra_Foundation/20251106_mem-mito/fish1_48hpf_roi2,korra,mem-mito,6.0,11/5/25,1,casper,ef1a:2xLynk:tdmChilada (F1 of allele 315),,2xCox8A:mSG,,X:\abcabc\Korra_Foundation\20251106_mem-mito,,,pDQM082,315,,MGCO-01
20251106_mem-mito,fish1_48hpf_roi3,fish1_48hpf_roi3,fish1_48hpf_roi3,768,/clusterfs/vast/abcabc/Korra_Foundation/20251106_mem-mito/fish1_48hpf_roi3,korra,mem-mito,6.0,11/5/25,1,casper,ef1a:2xLynk:tdmChilada (F1 of allele 315),,2xCox8A:mSG,,X:\abcabc\Korra_Foundation\20251106_mem-mito,,,pDQM082,315,,MGCO-01
20251106_mem-mito,fish1_48hpf_roi4,fish1_48hpf_roi4,fish1_48hpf_roi4,768,/clusterfs/vast/abcabc/Korra_Foundation/20251106_mem-mito/fish1_48hpf_roi4,korra,mem-mito,6.0,11/5/25,1,casper,ef1a:2xLynk:tdmChilada (F1 of allele 315),,2xCox8A:mSG,,X:\abcabc\Korra_Foundation\20251106_mem-mito,,,pDQM082,315,,MGCO-01
20251106_mem-mito,fish1_48hpf_roi5,fish1_48hpf_roi5,fish1_48hpf_roi5,768,/clusterfs/vast/abcabc/Korra_Foundation/20251106_mem-mito/fish1_48hpf_roi5,korra,mem-mito,6.0,11/5/25,1,casper,ef1a:2xLynk:tdmChilada (F1 of allele 315),,2xCox8A:mSG,,X:\abcabc\Korra_Foundation\20251106_mem-mito,,,pDQM082,315,,MGCO-01
20251106_mem-mito,fish2_48hpf_roi1,fish2_48hpf_roi1,fish2_48hpf_roi1,1024,/clusterfs/vast/abcabc/Korra_Foundation/20251106_mem-mito/fish2_48hpf_roi1,korra,mem-mito,6.0,11/5/25,1,casper,ef1a:2xLynk:tdmChilada (F1 of allele 315),,2xCox8A:mSG,,X:\abcabc\Korra_Foundation\20251106_mem-mito,,,pDQM082,315,,MGCO-01
20251106_mem-mito,fish2_48hpf_roi2,fish2_48hpf_roi2,fish2_48hpf_roi2,1024,/clusterfs/vast/abcabc/Korra_Foundation/20251106_mem-mito/fish2_48hpf_roi2,korra,mem-mito,6.0,11/5/25,1,casper,ef1a:2xLynk:tdmChilada (F1 of allele 315),,2xCox8A:mSG,,X:\abcabc\Korra_Foundation\20251106_mem-mito,,,pDQM082,315,,MGCO-01
20251106_mem-mito,fish2_48hpf_roi3,fish2_48hpf_roi3,fish2_48hpf_roi3,1024,/clusterfs/vast/abcabc/Korra_Foundation/20251106_mem-mito/fish2_48hpf_roi3,korra,mem-mito,6.0,11/5/25,1,casper,ef1a:2xLynk:tdmChilada (F1 of allele 315),,2xCox8A:mSG,,X:\abcabc\Korra_Foundation\20251106_mem-mito,,,pDQM082,315,,MGCO-01
20251106_mem-mito,fish2_48hpf_roi4,fish2_48hpf_roi4,fish2_48hpf_roi4,1024,/clusterfs/vast/abcabc/Korra_Foundation/20251106_mem-mito/fish2_48hpf_roi4,korra,mem-mito,6.0,11/5/25,1,casper,ef1a:2xLynk:tdmChilada (F1 of allele 315),,2xCox8A:mSG,,X:\abcabc\Korra_Foundation\20251106_mem-mito,,,pDQM082,315,,MGCO-01
20251106_mem-mito,fish2_48hpf_roi5,fish2_48hpf_roi5,fish2_48hpf_roi5,1024,/clusterfs/vast/abcabc/Korra_Foundation/20251106_mem-mito/fish2_48hpf_roi5,korra,mem-mito,6.0,11/5/25,1,casper,ef1a:2xLynk:tdmChilada (F1 of allele 315),,2xCox8A:mSG,,X:\abcabc\Korra_Foundation\20251106_mem-mito,,,pDQM082,315,,MGCO-01
20251110_mem-histone,fish1_48hpf_roi1,fish1_48hpf_roi1,fish1_48hpf_roi1,12,/clusterfs/vast/abcabc/Korra_Foundation/20251110_mem-histone/fish1_48hpf_roi1,korra,mem-histone,3.0,11/10/25,1,ef1a:2xLynk:tdmSG(J) (F1 of allele 301),tdmScarlet3S2:H2B-tol2 (F1 of allele 324),,,,X:\abcabc\Korra_Foundation\20251110_mem-histone,pDQM005,301,pDQM133,324,,
20251110_mem-histone,fish1_48hpf_roi2,fish1_48hpf_roi2,fish1_48hpf_roi2,1920,/clusterfs/vast/abcabc/Korra_Foundation/20251110_mem-histone/fish1_48hpf_roi2,korra,mem-histone,3.0,11/10/25,1,ef1a:2xLynk:tdmSG(J) (F1 of allele 301),tdmScarlet3S2:H2B-tol2 (F1 of allele 324),,,,X:\abcabc\Korra_Foundation\20251110_mem-histone,pDQM005,301,pDQM133,324,,
20251110_mem-histone,fish2_48hpf_roi1,fish2_48hpf_roi1,fish2_48hpf_roi1,12,/clusterfs/vast/abcabc/Korra_Foundation/20251110_mem-histone/fish2_48hpf_roi1,korra,mem-histone,3.0,11/10/25,1,ef1a:2xLynk:tdmSG(J) (F1 of allele 301),tdmScarlet3S2:H2B-tol2 (F1 of allele 324),,,,X:\abcabc\Korra_Foundation\20251110_mem-histone,pDQM005,301,pDQM133,324,,
20251110_mem-histone,fish2_48hpf_roi1-2,fish2_48hpf_roi1-2,fish2_48hpf_roi1-2,3840,/clusterfs/vast/abcabc/Korra_Foundation/20251110_mem-histone/fish2_48hpf_roi1-2,korra,mem-histone,3.0,11/10/25,1,ef1a:2xLynk:tdmSG(J) (F1 of allele 301),tdmScarlet3S2:H2B-tol2 (F1 of allele 324),,,,X:\abcabc\Korra_Foundation\20251110_mem-histone,pDQM005,301,pDQM133,324,,
20251110_mem-histone,fish3_48hpf_roi1,fish3_48hpf_roi1,fish3_48hpf_roi1,9360,/clusterfs/vast/abcabc/Korra_Foundation/20251110_mem-histone/fish3_48hpf_roi1,korra,mem-histone,3.0,11/10/25,1,ef1a:2xLynk:tdmSG(J) (F1 of allele 301),tdmScarlet3S2:H2B-tol2 (F1 of allele 324),,,,X:\abcabc\Korra_Foundation\20251110_mem-histone,pDQM005,301,pDQM133,324,,
20251110_mem-histone,fish4_48hpf_roi1,fish4_48hpf_roi1,fish4_48hpf_roi1,144,/clusterfs/vast/abcabc/Korra_Foundation/20251110_mem-histone/fish4_48hpf_roi1,korra,mem-histone,3.0,11/10/25,1,ef1a:2xLynk:tdmSG(J) (F1 of allele 301),tdmScarlet3S2:H2B-tol2 (F1 of allele 324),,,,X:\abcabc\Korra_Foundation\20251110_mem-histone,pDQM005,301,pDQM133,324,,
20251112_mem-mito,fish2_48hpf_roi1,fish2_48hpf_roi1,fish2_48hpf_roi1,1280,/clusterfs/vast/abcabc/Korra_Foundation/20251112_mem-mito/fish2_48hpf_roi1,korra,mem-mito,0.0,11/12/25,1,casper,memrane tdmScarlet3S2 (F1 of allele 325),MGCO-01(ef1a-2Xcox8A-linker-mStayGold-SV40-attb-tol2),,,X:\abcabc\Korra_Foundation\20251112_mem-mito,,,pDQM136,325,,
20251112_mem-mito,fish2_48hpf_roi2,fish2_48hpf_roi2,fish2_48hpf_roi2,1280,/clusterfs/vast/abcabc/Korra_Foundation/20251112_mem-mito/fish2_48hpf_roi2,korra,mem-mito,0.0,11/12/25,1,casper,memrane tdmScarlet3S2 (F1 of allele 325),MGCO-01(ef1a-2Xcox8A-linker-mStayGold-SV40-attb-tol2),,,X:\abcabc\Korra_Foundation\20251112_mem-mito,,,pDQM136,325,,
20251112_mem-mito,fish2_48hpf_roi3,fish2_48hpf_roi3,fish2_48hpf_roi3,1280,/clusterfs/vast/abcabc/Korra_Foundation/20251112_mem-mito/fish2_48hpf_roi3,korra,mem-mito,0.0,11/12/25,1,casper,memrane tdmScarlet3S2 (F1 of allele 325),MGCO-01(ef1a-2Xcox8A-linker-mStayGold-SV40-attb-tol2),,,X:\abcabc\Korra_Foundation\20251112_mem-mito,,,pDQM136,325,,
20251112_mem-mito,fish3_48hpf_roi1,fish3_48hpf_roi1,fish3_48hpf_roi1,1280,/clusterfs/vast/abcabc/Korra_Foundation/20251112_mem-mito/fish3_48hpf_roi1,korra,mem-mito,0.0,11/12/25,1,casper,memrane tdmScarlet3S2 (F1 of allele 325),MGCO-01(ef1a-2Xcox8A-linker-mStayGold-SV40-attb-tol2),,,X:\abcabc\Korra_Foundation\20251112_mem-mito,,,pDQM136,325,,
20251112_mem-mito,fish3_48hpf_roi2,fish3_48hpf_roi2,fish3_48hpf_roi2,1280,/clusterfs/vast/abcabc/Korra_Foundation/20251112_mem-mito/fish3_48hpf_roi2,korra,mem-mito,0.0,11/12/25,1,casper,memrane tdmScarlet3S2 (F1 of allele 325),MGCO-01(ef1a-2Xcox8A-linker-mStayGold-SV40-attb-tol2),,,X:\abcabc\Korra_Foundation\20251112_mem-mito,,,pDQM136,325,,
20251112_mem-mito,fish3_48hpf_roi3,fish3_48hpf_roi3,fish3_48hpf_roi3,1280,/clusterfs/vast/abcabc/Korra_Foundation/20251112_mem-mito/fish3_48hpf_roi3,korra,mem-mito,0.0,11/12/25,1,casper,memrane tdmScarlet3S2 (F1 of allele 325),MGCO-01(ef1a-2Xcox8A-linker-mStayGold-SV40-attb-tol2),,,X:\abcabc\Korra_Foundation\20251112_mem-mito,,,pDQM136,325,,
20251112_mem-mito,fish3_48hpf_roi4,fish3_48hpf_roi4,fish3_48hpf_roi4,1280,/clusterfs/vast/abcabc/Korra_Foundation/20251112_mem-mito/fish3_48hpf_roi4,korra,mem-mito,0.0,11/12/25,1,casper,memrane tdmScarlet3S2 (F1 of allele 325),MGCO-01(ef1a-2Xcox8A-linker-mStayGold-SV40-attb-tol2),,,X:\abcabc\Korra_Foundation\20251112_mem-mito,,,pDQM136,325,,
20251112_mem-mito,fish4_48hpf_roi1,fish4_48hpf_roi1,fish4_48hpf_roi1,1280,/clusterfs/vast/abcabc/Korra_Foundation/20251112_mem-mito/fish4_48hpf_roi1,korra,mem-mito,0.0,11/12/25,1,casper,memrane tdmScarlet3S2 (F1 of allele 325),MGCO-01(ef1a-2Xcox8A-linker-mStayGold-SV40-attb-tol2),,,X:\abcabc\Korra_Foundation\20251112_mem-mito,,,pDQM136,325,,
20251112_mem-mito,fish4_48hpf_roi2,fish4_48hpf_roi2,fish4_48hpf_roi2,852,/clusterfs/vast/abcabc/Korra_Foundation/20251112_mem-mito/fish4_48hpf_roi2,korra,mem-mito,0.0,11/12/25,1,casper,memrane tdmScarlet3S2 (F1 of allele 325),MGCO-01(ef1a-2Xcox8A-linker-mStayGold-SV40-attb-tol2),,,X:\abcabc\Korra_Foundation\20251112_mem-mito,,,pDQM136,325,,
analysis_test,fish1_roi1,fish1_roi1,fish1_roi1,96,/clusterfs/vast/abcabc/Korra_Foundation/analysis_test/fish1_roi1,korra,test,,,,,,,,,,,,,,,
20250721_72hpf_mrna_mSG_organelle_LLS-SIM,er_roi1,er_roi1,er_roi1,74,/clusterfs/vast/abcabc/Aang_Foundation/20250721_72hpf_mrna_mSG_organelle_LLS-SIM/er_roi1,aang,72hpf_mrna_mSG_organelle_LLS-SIM,118.0,7/22/25,,membrane Halo,membrane Halo,,mSG:sec61b,JF 635,X:\abcabc\Aang_Foundation\20250722_mem-halo_er-mSG,Swinburne,Swinburne,Swinburne,Swinburne,,MGCO-04
20250721_72hpf_mrna_mSG_organelle_LLS-SIM,er_roi2,er_roi2,er_roi2,74,/clusterfs/vast/abcabc/Aang_Foundation/20250721_72hpf_mrna_mSG_organelle_LLS-SIM/er_roi2,aang,72hpf_mrna_mSG_organelle_LLS-SIM,118.0,7/22/25,,membrane Halo,membrane Halo,,mSG:sec61b,JF 635,X:\abcabc\Aang_Foundation\20250722_mem-halo_er-mSG,Swinburne,Swinburne,Swinburne,Swinburne,,MGCO-04
20250721_72hpf_mrna_mSG_organelle_LLS-SIM,er_roi3,er_roi3,er_roi3,80,/clusterfs/vast/abcabc/Aang_Foundation/20250721_72hpf_mrna_mSG_organelle_LLS-SIM/er_roi3,aang,72hpf_mrna_mSG_organelle_LLS-SIM,118.0,7/22/25,,membrane Halo,membrane Halo,,mSG:sec61b,JF 635,X:\abcabc\Aang_Foundation\20250722_mem-halo_er-mSG,Swinburne,Swinburne,Swinburne,Swinburne,,MGCO-04
20250721_72hpf_mrna_mSG_organelle_LLS-SIM,mito_roi1,mito_roi1,mito_roi1,50,/clusterfs/vast/abcabc/Aang_Foundation/20250721_72hpf_mrna_mSG_organelle_LLS-SIM/mito_roi1,aang,72hpf_mrna_mSG_organelle_LLS-SIM,118.0,7/22/25,,membrane Halo,membrane Halo,,mSG:sec61b,JF 635,X:\abcabc\Aang_Foundation\20250722_mem-halo_er-mSG,Swinburne,Swinburne,Swinburne,Swinburne,,MGCO-04
20250721_72hpf_mrna_mSG_organelle_LLS-SIM,mito_roi2,mito_roi2,mito_roi2,80,/clusterfs/vast/abcabc/Aang_Foundation/20250721_72hpf_mrna_mSG_organelle_LLS-SIM/mito_roi2,aang,72hpf_mrna_mSG_organelle_LLS-SIM,118.0,7/22/25,,membrane Halo,membrane Halo,,mSG:sec61b,JF 635,X:\abcabc\Aang_Foundation\20250722_mem-halo_er-mSG,Swinburne,Swinburne,Swinburne,Swinburne,,MGCO-04
20250722_mem-halo_er-mSG,fish1_24hpf_roi1,fish1_24hpf_roi1,fish1_24hpf_roi1,33,/clusterfs/vast/abcabc/Aang_Foundation/20250722_mem-halo_er-mSG/fish1_24hpf_roi1,aang,mem-halo_er-mSG,118.0,7/22/25,,membrane Halo,membrane Halo,,mSG:sec61b,JF 635,X:\abcabc\Aang_Foundation\20250722_mem-halo_er-mSG,Swinburne,Swinburne,Swinburne,Swinburne,,MGCO-04
20250722_mem-halo_er-mSG,fish1_24hpf_roi2,fish1_24hpf_roi2,fish1_24hpf_roi2,109,/clusterfs/vast/abcabc/Aang_Foundation/20250722_mem-halo_er-mSG/fish1_24hpf_roi2,aang,mem-halo_er-mSG,118.0,7/22/25,,membrane Halo,membrane Halo,,mSG:sec61b,JF 635,X:\abcabc\Aang_Foundation\20250722_mem-halo_er-mSG,Swinburne,Swinburne,Swinburne,Swinburne,,MGCO-04
20250722_mem-halo_er-mSG,fish1_24hpf_roi3,fish1_24hpf_roi3,fish1_24hpf_roi3,37,/clusterfs/vast/abcabc/Aang_Foundation/20250722_mem-halo_er-mSG/fish1_24hpf_roi3,aang,mem-halo_er-mSG,118.0,7/22/25,,membrane Halo,membrane Halo,,mSG:sec61b,JF 635,X:\abcabc\Aang_Foundation\20250722_mem-halo_er-mSG,Swinburne,Swinburne,Swinburne,Swinburne,,MGCO-04
20250722_mem-halo_er-mSG,fish1_24hpf_roi4,fish1_24hpf_roi4,fish1_24hpf_roi4,140,/clusterfs/vast/abcabc/Aang_Foundation/20250722_mem-halo_er-mSG/fish1_24hpf_roi4,aang,mem-halo_er-mSG,118.0,7/22/25,,membrane Halo,membrane Halo,,mSG:sec61b,JF 635,X:\abcabc\Aang_Foundation\20250722_mem-halo_er-mSG,Swinburne,Swinburne,Swinburne,Swinburne,,MGCO-04
20250722_mem-halo_er-mSG,fish1_24hpf_roi5,fish1_24hpf_roi5,fish1_24hpf_roi5,37,/clusterfs/vast/abcabc/Aang_Foundation/20250722_mem-halo_er-mSG/fish1_24hpf_roi5,aang,mem-halo_er-mSG,118.0,7/22/25,,membrane Halo,membrane Halo,,mSG:sec61b,JF 635,X:\abcabc\Aang_Foundation\20250722_mem-halo_er-mSG,Swinburne,Swinburne,Swinburne,Swinburne,,MGCO-04
20250722_mem-halo_er-mSG,fish2_24hpf_roi1,fish2_24hpf_roi1,fish2_24hpf_roi1,109,/clusterfs/vast/abcabc/Aang_Foundation/20250722_mem-halo_er-mSG/fish2_24hpf_roi1,aang,mem-halo_er-mSG,118.0,7/22/25,,membrane Halo,membrane Halo,,mSG:sec61b,JF 635,X:\abcabc\Aang_Foundation\20250722_mem-halo_er-mSG,Swinburne,Swinburne,Swinburne,Swinburne,,MGCO-04
20250722_mem-halo_er-mSG,fish2_24hpf_roi2,fish2_24hpf_roi2,fish2_24hpf_roi2,105,/clusterfs/vast/abcabc/Aang_Foundation/20250722_mem-halo_er-mSG/fish2_24hpf_roi2,aang,mem-halo_er-mSG,118.0,7/22/25,,membrane Halo,membrane Halo,,mSG:sec61b,JF 635,X:\abcabc\Aang_Foundation\20250722_mem-halo_er-mSG,Swinburne,Swinburne,Swinburne,Swinburne,,MGCO-04
20250722_mem-halo_er-mSG,fish2_24hpf_roi3,fish2_24hpf_roi3,fish2_24hpf_roi3,105,/clusterfs/vast/abcabc/Aang_Foundation/20250722_mem-halo_er-mSG/fish2_24hpf_roi3,aang,mem-halo_er-mSG,118.0,7/22/25,,membrane Halo,membrane Halo,,mSG:sec61b,JF 635,X:\abcabc\Aang_Foundation\20250722_mem-halo_er-mSG,Swinburne,Swinburne,Swinburne,Swinburne,,MGCO-04
20250722_mem-halo_er-mSG,fish2_24hpf_roi4,fish2_24hpf_roi4,fish2_24hpf_roi4,35,/clusterfs/vast/abcabc/Aang_Foundation/20250722_mem-halo_er-mSG/fish2_24hpf_roi4,aang,mem-halo_er-mSG,118.0,7/22/25,,membrane Halo,membrane Halo,,mSG:sec61b,JF 635,X:\abcabc\Aang_Foundation\20250722_mem-halo_er-mSG,Swinburne,Swinburne,Swinburne,Swinburne,,MGCO-04
20250722_mrna_mito-mSG_mem-mChilada,fish1_roi1,fish1_roi1,fish1_roi1,40,/clusterfs/vast/abcabc/Aang_Foundation/20250722_mrna_mito-mSG_mem-mChilada/fish1_roi1,aang,mrna_mito-mSG_mem-mChilada,119.0,7/22/25,,membrane mChilada,membrane mChilada,,2xCox8A:mSG,,X:\abcabc\Aang_Foundation\20250722_mrna_mito-mSG_mem-mChilada,pDQM082,315,pDQM082,315,,MGCO-01
20250722_mrna_mito-mSG_mem-mChilada,fish1_roi2,fish1_roi2,fish1_roi2,65,/clusterfs/vast/abcabc/Aang_Foundation/20250722_mrna_mito-mSG_mem-mChilada/fish1_roi2,aang,mrna_mito-mSG_mem-mChilada,119.0,7/22/25,,membrane mChilada,membrane mChilada,,2xCox8A:mSG,,X:\abcabc\Aang_Foundation\20250722_mrna_mito-mSG_mem-mChilada,pDQM082,315,pDQM082,315,,MGCO-01
20250722_mrna_mito-mSG_mem-mChilada,fish1_roi3,fish1_roi3,fish1_roi3,61,/clusterfs/vast/abcabc/Aang_Foundation/20250722_mrna_mito-mSG_mem-mChilada/fish1_roi3,aang,mrna_mito-mSG_mem-mChilada,119.0,7/22/25,,membrane mChilada,membrane mChilada,,2xCox8A:mSG,,X:\abcabc\Aang_Foundation\20250722_mrna_mito-mSG_mem-mChilada,pDQM082,315,pDQM082,315,,MGCO-01
20250722_mrna_mito-mSG_mem-mChilada,fish2_48hpf_roi1,fish2_48hpf_roi1,fish2_48hpf_roi1,56,/clusterfs/vast/abcabc/Aang_Foundation/20250722_mrna_mito-mSG_mem-mChilada/fish2_48hpf_roi1,aang,mrna_mito-mSG_mem-mChilada,119.0,7/22/25,,membrane mChilada,membrane mChilada,,2xCox8A:mSG,,X:\abcabc\Aang_Foundation\20250722_mrna_mito-mSG_mem-mChilada,pDQM082,315,pDQM082,315,,MGCO-01
20250722_mrna_mito-mSG_mem-mChilada,fish2_48hpf_roi2,fish2_48hpf_roi2,fish2_48hpf_roi2,70,/clusterfs/vast/abcabc/Aang_Foundation/20250722_mrna_mito-mSG_mem-mChilada/fish2_48hpf_roi2,aang,mrna_mito-mSG_mem-mChilada,119.0,7/22/25,,membrane mChilada,membrane mChilada,,2xCox8A:mSG,,X:\abcabc\Aang_Foundation\20250722_mrna_mito-mSG_mem-mChilada,pDQM082,315,pDQM082,315,,MGCO-01
20250722_mrna_mito-mSG_mem-mChilada,fish2_48hpf_roi3,fish2_48hpf_roi3,fish2_48hpf_roi3,93,/clusterfs/vast/abcabc/Aang_Foundation/20250722_mrna_mito-mSG_mem-mChilada/fish2_48hpf_roi3,aang,mrna_mito-mSG_mem-mChilada,119.0,7/22/25,,membrane mChilada,membrane mChilada,,2xCox8A:mSG,,X:\abcabc\Aang_Foundation\20250722_mrna_mito-mSG_mem-mChilada,pDQM082,315,pDQM082,315,,MGCO-01
20250722_mrna_mito-mSG_mem-mChilada,fish2_48hpf_roi4,fish2_48hpf_roi4,fish2_48hpf_roi4,70,/clusterfs/vast/abcabc/Aang_Foundation/20250722_mrna_mito-mSG_mem-mChilada/fish2_48hpf_roi4,aang,mrna_mito-mSG_mem-mChilada,119.0,7/22/25,,membrane mChilada,membrane mChilada,,2xCox8A:mSG,,X:\abcabc\Aang_Foundation\20250722_mrna_mito-mSG_mem-mChilada,pDQM082,315,pDQM082,315,,MGCO-01
20250722_mrna_mito-mSG_mem-mChilada,fish2_48hpf_roi5,fish2_48hpf_roi5,fish2_48hpf_roi5,72,/clusterfs/vast/abcabc/Aang_Foundation/20250722_mrna_mito-mSG_mem-mChilada/fish2_48hpf_roi5,aang,mrna_mito-mSG_mem-mChilada,119.0,7/22/25,,membrane mChilada,membrane mChilada,,2xCox8A:mSG,,X:\abcabc\Aang_Foundation\20250722_mrna_mito-mSG_mem-mChilada,pDQM082,315,pDQM082,315,,MGCO-01
20250722_mrna_mito-mSG_mem-mChilada,fish3_48hpf_roi1,fish3_48hpf_roi1,fish3_48hpf_roi1,70,/clusterfs/vast/abcabc/Aang_Foundation/20250722_mrna_mito-mSG_mem-mChilada/fish3_48hpf_roi1,aang,mrna_mito-mSG_mem-mChilada,119.0,7/22/25,,membrane mChilada,membrane mChilada,,2xCox8A:mSG,,X:\abcabc\Aang_Foundation\20250722_mrna_mito-mSG_mem-mChilada,pDQM082,315,pDQM082,315,,MGCO-01
20250722_mrna_mito-mSG_mem-mChilada,fish3_48hpf_roi2,fish3_48hpf_roi2,fish3_48hpf_roi2,70,/clusterfs/vast/abcabc/Aang_Foundation/20250722_mrna_mito-mSG_mem-mChilada/fish3_48hpf_roi2,aang,mrna_mito-mSG_mem-mChilada,119.0,7/22/25,,membrane mChilada,membrane mChilada,,2xCox8A:mSG,,X:\abcabc\Aang_Foundation\20250722_mrna_mito-mSG_mem-mChilada,pDQM082,315,pDQM082,315,,MGCO-01
20250722_mrna_mito-mSG_mem-mChilada,fish3_48hpf_roi3,fish3_48hpf_roi3,fish3_48hpf_roi3,70,/clusterfs/vast/abcabc/Aang_Foundation/20250722_mrna_mito-mSG_mem-mChilada/fish3_48hpf_roi3,aang,mrna_mito-mSG_mem-mChilada,119.0,7/22/25,,membrane mChilada,membrane mChilada,,2xCox8A:mSG,,X:\abcabc\Aang_Foundation\20250722_mrna_mito-mSG_mem-mChilada,pDQM082,315,pDQM082,315,,MGCO-01
20250722_mrna_mito-mSG_mem-mChilada,fish3_48hpf_roi4,fish3_48hpf_roi4,fish3_48hpf_roi4,70,/clusterfs/vast/abcabc/Aang_Foundation/20250722_mrna_mito-mSG_mem-mChilada/fish3_48hpf_roi4,aang,mrna_mito-mSG_mem-mChilada,119.0,7/22/25,,membrane mChilada,membrane mChilada,,2xCox8A:mSG,,X:\abcabc\Aang_Foundation\20250722_mrna_mito-mSG_mem-mChilada,pDQM082,315,pDQM082,315,,MGCO-01
20250723_er-mSG_mem-mChilada,fish1_24hpf_roi1,fish1_24hpf_roi1,fish1_24hpf_roi1,390,/clusterfs/vast/abcabc/Aang_Foundation/20250723_er-mSG_mem-mChilada/fish1_24hpf_roi1,aang,er-mSG_mem-mChilada,118.0,7/22/25,,membrane Halo,membrane Halo,,mSG:sec61b,JF 635,X:\abcabc\Aang_Foundation\20250722_mem-halo_er-mSG,Swinburne,Swinburne,Swinburne,Swinburne,,MGCO-04
20250805_lifeact_mem-halo,fish1_48hpf_roi1,fish1_48hpf_roi1,fish1_48hpf_roi1,390,/clusterfs/vast/abcabc/Aang_Foundation/20250805_lifeact_mem-halo/fish1_48hpf_roi1,aang,lifeact_mem-halo,110.0,8/6/25,,membrane Halo,membrane Halo,,Lifeact:mSG,,X:\abcabc\Aang_Foundation\20250805_lifeact_mem-halo,Swinburne,Swinburne,Swinburne,Swinburne,,MGCO-23
20250805_lifeact_mem-halo,fish1_48hpf_roi2,fish1_48hpf_roi2,fish1_48hpf_roi2,390,/clusterfs/vast/abcabc/Aang_Foundation/20250805_lifeact_mem-halo/fish1_48hpf_roi2,aang,lifeact_mem-halo,110.0,8/6/25,,membrane Halo,membrane Halo,,Lifeact:mSG,,X:\abcabc\Aang_Foundation\20250805_lifeact_mem-halo,Swinburne,Swinburne,Swinburne,Swinburne,,MGCO-23
20250805_lifeact_mem-halo,fish1_48hpf_roi3,fish1_48hpf_roi3,fish1_48hpf_roi3,390,/clusterfs/vast/abcabc/Aang_Foundation/20250805_lifeact_mem-halo/fish1_48hpf_roi3,aang,lifeact_mem-halo,110.0,8/6/25,,membrane Halo,membrane Halo,,Lifeact:mSG,,X:\abcabc\Aang_Foundation\20250805_lifeact_mem-halo,Swinburne,Swinburne,Swinburne,Swinburne,,MGCO-23
20250805_lifeact_mem-halo,fish1_48hpf_roi4,fish1_48hpf_roi4,fish1_48hpf_roi4,390,/clusterfs/vast/abcabc/Aang_Foundation/20250805_lifeact_mem-halo/fish1_48hpf_roi4,aang,lifeact_mem-halo,110.0,8/6/25,,membrane Halo,membrane Halo,,Lifeact:mSG,,X:\abcabc\Aang_Foundation\20250805_lifeact_mem-halo,Swinburne,Swinburne,Swinburne,Swinburne,,MGCO-23
20250805_lifeact_mem-halo,fish1_48hpf_roi5,fish1_48hpf_roi5,fish1_48hpf_roi5,390,/clusterfs/vast/abcabc/Aang_Foundation/20250805_lifeact_mem-halo/fish1_48hpf_roi5,aang,lifeact_mem-halo,110.0,8/6/25,,membrane Halo,membrane Halo,,Lifeact:mSG,,X:\abcabc\Aang_Foundation\20250805_lifeact_mem-halo,Swinburne,Swinburne,Swinburne,Swinburne,,MGCO-23
20250805_mito_mem-halo,fish1_24hpf_roi1,fish1_24hpf_roi1,fish1_24hpf_roi1,390,/clusterfs/vast/abcabc/Aang_Foundation/20250805_mito_mem-halo/fish1_24hpf_roi1,aang,mito_mem-halo,112.0,8/5/25,,membrane Halo,membrane Halo,,2xCox8A:mSG,,X:\abcabc\Aang_Foundation\20250805_mito_mem-halo,Swinburne,Swinburne,Swinburne,Swinburne,,MGCO-01
20250805_mito_mem-halo,fish1_24hpf_roi2,fish1_24hpf_roi2,fish1_24hpf_roi2,390,/clusterfs/vast/abcabc/Aang_Foundation/20250805_mito_mem-halo/fish1_24hpf_roi2,aang,mito_mem-halo,112.0,8/5/25,,membrane Halo,membrane Halo,,2xCox8A:mSG,,X:\abcabc\Aang_Foundation\20250805_mito_mem-halo,Swinburne,Swinburne,Swinburne,Swinburne,,MGCO-01
20250805_mito_mem-halo,fish2_24hpf_roi1,fish2_24hpf_roi1,fish2_24hpf_roi1,390,/clusterfs/vast/abcabc/Aang_Foundation/20250805_mito_mem-halo/fish2_24hpf_roi1,aang,mito_mem-halo,112.0,8/5/25,,membrane Halo,membrane Halo,,2xCox8A:mSG,,X:\abcabc\Aang_Foundation\20250805_mito_mem-halo,Swinburne,Swinburne,Swinburne,Swinburne,,MGCO-01
20250805_mito_mem-halo,fish2_24hpf_roi2,fish2_24hpf_roi2,fish2_24hpf_roi2,390,/clusterfs/vast/abcabc/Aang_Foundation/20250805_mito_mem-halo/fish2_24hpf_roi2,aang,mito_mem-halo,112.0,8/5/25,,membrane Halo,membrane Halo,,2xCox8A:mSG,,X:\abcabc\Aang_Foundation\20250805_mito_mem-halo,Swinburne,Swinburne,Swinburne,Swinburne,,MGCO-01
20250805_mito_mem-halo,fish2_24hpf_roi3,fish2_24hpf_roi3,fish2_24hpf_roi3,390,/clusterfs/vast/abcabc/Aang_Foundation/20250805_mito_mem-halo/fish2_24hpf_roi3,aang,mito_mem-halo,112.0,8/5/25,,membrane Halo,membrane Halo,,2xCox8A:mSG,,X:\abcabc\Aang_Foundation\20250805_mito_mem-halo,Swinburne,Swinburne,Swinburne,Swinburne,,MGCO-01
20250805_mito_mem-halo,fish3_24hpf_roi1,fish3_24hpf_roi1,fish3_24hpf_roi1,390,/clusterfs/vast/abcabc/Aang_Foundation/20250805_mito_mem-halo/fish3_24hpf_roi1,aang,mito_mem-halo,112.0,8/5/25,,membrane Halo,membrane Halo,,2xCox8A:mSG,,X:\abcabc\Aang_Foundation\20250805_mito_mem-halo,Swinburne,Swinburne,Swinburne,Swinburne,,MGCO-01
20250805_mito_mem-halo,fish3_24hpf_roi2,fish3_24hpf_roi2,fish3_24hpf_roi2,780,/clusterfs/vast/abcabc/Aang_Foundation/20250805_mito_mem-halo/fish3_24hpf_roi2,aang,mito_mem-halo,112.0,8/5/25,,membrane Halo,membrane Halo,,2xCox8A:mSG,,X:\abcabc\Aang_Foundation\20250805_mito_mem-halo,Swinburne,Swinburne,Swinburne,Swinburne,,MGCO-01
20250808_mem_organelle,fish1_24hpf_mem-mchilada_lyso-mSG,roi1,roi1,108,/clusterfs/vast/abcabc/Aang_Foundation/20250808_mem_organelle/fish1_24hpf_mem-mchilada_lyso-mSG/roi1,aang,mem_organelle,106.0,8/8/25,,membrane mChilada,membrane mChilada,,2xCox8A:mSG,,X:\abcabc\Aang_Foundation\20250808_mem_organelle,pDQM082,315,pDQM082,315,,MGCO-01
20250808_mem_organelle,fish1_24hpf_mem-mchilada_lyso-mSG,roi1_1,roi1_1,300,/clusterfs/vast/abcabc/Aang_Foundation/20250808_mem_organelle/fish1_24hpf_mem-mchilada_lyso-mSG/roi1_1,aang,mem_organelle,106.0,8/8/25,,membrane mChilada,membrane mChilada,,2xCox8A:mSG,,X:\abcabc\Aang_Foundation\20250808_mem_organelle,pDQM082,315,pDQM082,315,,MGCO-01
20250808_mem_organelle,fish1_24hpf_mem-mchilada_lyso-mSG,roi1_test,roi1_test,6,/clusterfs/vast/abcabc/Aang_Foundation/20250808_mem_organelle/fish1_24hpf_mem-mchilada_lyso-mSG/roi1_test,aang,mem_organelle,106.0,8/8/25,,membrane mChilada,membrane mChilada,,2xCox8A:mSG,,X:\abcabc\Aang_Foundation\20250808_mem_organelle,pDQM082,315,pDQM082,315,,MGCO-01
20250808_mem_organelle,fish1_24hpf_mem-mchilada_lyso-mSG,roi2,roi2,300,/clusterfs/vast/abcabc/Aang_Foundation/20250808_mem_organelle/fish1_24hpf_mem-mchilada_lyso-mSG/roi2,aang,mem_organelle,106.0,8/8/25,,membrane mChilada,membrane mChilada,,2xCox8A:mSG,,X:\abcabc\Aang_Foundation\20250808_mem_organelle,pDQM082,315,pDQM082,315,,MGCO-01
20250808_mem_organelle,fish1_24hpf_mem-mchilada_lyso-mSG,roi3,roi3,300,/clusterfs/vast/abcabc/Aang_Foundation/20250808_mem_organelle/fish1_24hpf_mem-mchilada_lyso-mSG/roi3,aang,mem_organelle,106.0,8/8/25,,membrane mChilada,membrane mChilada,,2xCox8A:mSG,,X:\abcabc\Aang_Foundation\20250808_mem_organelle,pDQM082,315,pDQM082,315,,MGCO-01
20250808_mem_organelle,fish2_24hpf_mem-mchilada_lyso-mSG,roi1,roi1,300,/clusterfs/vast/abcabc/Aang_Foundation/20250808_mem_organelle/fish2_24hpf_mem-mchilada_lyso-mSG/roi1,aang,mem_organelle,106.0,8/8/25,,membrane mChilada,membrane mChilada,,2xCox8A:mSG,,X:\abcabc\Aang_Foundation\20250808_mem_organelle,pDQM082,315,pDQM082,315,,MGCO-01
20250808_mem_organelle,fish2_24hpf_mem-mchilada_lyso-mSG,roi2,roi2,300,/clusterfs/vast/abcabc/Aang_Foundation/20250808_mem_organelle/fish2_24hpf_mem-mchilada_lyso-mSG/roi2,aang,mem_organelle,106.0,8/8/25,,membrane mChilada,membrane mChilada,,2xCox8A:mSG,,X:\abcabc\Aang_Foundation\20250808_mem_organelle,pDQM082,315,pDQM082,315,,MGCO-01
20250808_mem_organelle,fish2_24hpf_mem-mchilada_lyso-mSG,roi3,roi3,300,/clusterfs/vast/abcabc/Aang_Foundation/20250808_mem_organelle/fish2_24hpf_mem-mchilada_lyso-mSG/roi3,aang,mem_organelle,106.0,8/8/25,,membrane mChilada,membrane mChilada,,2xCox8A:mSG,,X:\abcabc\Aang_Foundation\20250808_mem_organelle,pDQM082,315,pDQM082,315,,MGCO-01
20250808_mem_organelle,fish3_24hpf_mem-mchilada_mito-mSG,roi1,roi1,300,/clusterfs/vast/abcabc/Aang_Foundation/20250808_mem_organelle/fish3_24hpf_mem-mchilada_mito-mSG/roi1,aang,mem_organelle,106.0,8/8/25,,membrane mChilada,membrane mChilada,,2xCox8A:mSG,,X:\abcabc\Aang_Foundation\20250808_mem_organelle,pDQM082,315,pDQM082,315,,MGCO-01
20250808_mem_organelle,fish3_24hpf_mem-mchilada_mito-mSG,roi2,roi2,300,/clusterfs/vast/abcabc/Aang_Foundation/20250808_mem_organelle/fish3_24hpf_mem-mchilada_mito-mSG/roi2,aang,mem_organelle,106.0,8/8/25,,membrane mChilada,membrane mChilada,,2xCox8A:mSG,,X:\abcabc\Aang_Foundation\20250808_mem_organelle,pDQM082,315,pDQM082,315,,MGCO-01
20250808_mem_organelle,fish3_24hpf_mem-mchilada_mito-mSG,roi3,roi3,300,/clusterfs/vast/abcabc/Aang_Foundation/20250808_mem_organelle/fish3_24hpf_mem-mchilada_mito-mSG/roi3,aang,mem_organelle,106.0,8/8/25,,membrane mChilada,membrane mChilada,,2xCox8A:mSG,,X:\abcabc\Aang_Foundation\20250808_mem_organelle,pDQM082,315,pDQM082,315,,MGCO-01
20250808_mem_organelle,fish3_24hpf_mem-mchilada_mito-mSG,roi4,roi4,300,/clusterfs/vast/abcabc/Aang_Foundation/20250808_mem_organelle/fish3_24hpf_mem-mchilada_mito-mSG/roi4,aang,mem_organelle,106.0,8/8/25,,membrane mChilada,membrane mChilada,,2xCox8A:mSG,,X:\abcabc\Aang_Foundation\20250808_mem_organelle,pDQM082,315,pDQM082,315,,MGCO-01
20250808_mem_organelle,fish4_24hpf_mem-mchilada_mito-mSG,roi1,roi1,300,/clusterfs/vast/abcabc/Aang_Foundation/20250808_mem_organelle/fish4_24hpf_mem-mchilada_mito-mSG/roi1,aang,mem_organelle,106.0,8/8/25,,membrane mChilada,membrane mChilada,,2xCox8A:mSG,,X:\abcabc\Aang_Foundation\20250808_mem_organelle,pDQM082,315,pDQM082,315,,MGCO-01
20250808_mem_organelle,fish4_24hpf_mem-mchilada_mito-mSG,roi2,roi2,300,/clusterfs/vast/abcabc/Aang_Foundation/20250808_mem_organelle/fish4_24hpf_mem-mchilada_mito-mSG/roi2,aang,mem_organelle,106.0,8/8/25,,membrane mChilada,membrane mChilada,,2xCox8A:mSG,,X:\abcabc\Aang_Foundation\20250808_mem_organelle,pDQM082,315,pDQM082,315,,MGCO-01
20250808_mem_organelle,fish4_24hpf_mem-mchilada_mito-mSG,roi3,roi3,300,/clusterfs/vast/abcabc/Aang_Foundation/20250808_mem_organelle/fish4_24hpf_mem-mchilada_mito-mSG/roi3,aang,mem_organelle,106.0,8/8/25,,membrane mChilada,membrane mChilada,,2xCox8A:mSG,,X:\abcabc\Aang_Foundation\20250808_mem_organelle,pDQM082,315,pDQM082,315,,MGCO-01
20250808_mem_organelle,fish4_24hpf_mem-mchilada_mito-mSG,roi4,roi4,300,/clusterfs/vast/abcabc/Aang_Foundation/20250808_mem_organelle/fish4_24hpf_mem-mchilada_mito-mSG/roi4,aang,mem_organelle,106.0,8/8/25,,membrane mChilada,membrane mChilada,,2xCox8A:mSG,,X:\abcabc\Aang_Foundation\20250808_mem_organelle,pDQM082,315,pDQM082,315,,MGCO-01
20250808_mem_organelle,fish4_24hpf_mem-mchilada_mito-mSG,roi5,roi5,300,/clusterfs/vast/abcabc/Aang_Foundation/20250808_mem_organelle/fish4_24hpf_mem-mchilada_mito-mSG/roi5,aang,mem_organelle,106.0,8/8/25,,membrane mChilada,membrane mChilada,,2xCox8A:mSG,,X:\abcabc\Aang_Foundation\20250808_mem_organelle,pDQM082,315,pDQM082,315,,MGCO-01
20250808_mem_organelle,fish4_24hpf_mem-mchilada_mito-mSG,roi6,roi6,300,/clusterfs/vast/abcabc/Aang_Foundation/20250808_mem_organelle/fish4_24hpf_mem-mchilada_mito-mSG/roi6,aang,mem_organelle,106.0,8/8/25,,membrane mChilada,membrane mChilada,,2xCox8A:mSG,,X:\abcabc\Aang_Foundation\20250808_mem_organelle,pDQM082,315,pDQM082,315,,MGCO-01
20250808_mem_organelle,fish4_24hpf_mem-mchilada_mito-mSG,roi7,roi7,300,/clusterfs/vast/abcabc/Aang_Foundation/20250808_mem_organelle/fish4_24hpf_mem-mchilada_mito-mSG/roi7,aang,mem_organelle,106.0,8/8/25,,membrane mChilada,membrane mChilada,,2xCox8A:mSG,,X:\abcabc\Aang_Foundation\20250808_mem_organelle,pDQM082,315,pDQM082,315,,MGCO-01
20250808_mem_organelle,fish4_24hpf_mem-mchilada_mito-mSG,roi8,roi8,300,/clusterfs/vast/abcabc/Aang_Foundation/20250808_mem_organelle/fish4_24hpf_mem-mchilada_mito-mSG/roi8,aang,mem_organelle,106.0,8/8/25,,membrane mChilada,membrane mChilada,,2xCox8A:mSG,,X:\abcabc\Aang_Foundation\20250808_mem_organelle,pDQM082,315,pDQM082,315,,MGCO-01
20250808_mem_organelle,fish4_24hpf_mem-mchilada_mito-mSG,roi9,roi9,300,/clusterfs/vast/abcabc/Aang_Foundation/20250808_mem_organelle/fish4_24hpf_mem-mchilada_mito-mSG/roi9,aang,mem_organelle,106.0,8/8/25,,membrane mChilada,membrane mChilada,,2xCox8A:mSG,,X:\abcabc\Aang_Foundation\20250808_mem_organelle,pDQM082,315,pDQM082,315,,MGCO-01
20250819_mem_ER,fish1_24hpf_roi2,fish1_24hpf_roi2,fish1_24hpf_roi2,400,/clusterfs/vast/abcabc/Aang_Foundation/20250819_mem_ER/fish1_24hpf_roi2,aang,mem_ER,91.0,8/19/25,,casper/rnf,mem:tdmChilada,,mSG:sec61b,,X:\abcabc\Aang_Foundation\20250819_mem_ER,,,pDQM082,315,,MGCO-04
20250819_mem_ER,fish1_24hpf_roi3,fish1_24hpf_roi3,fish1_24hpf_roi3,409,/clusterfs/vast/abcabc/Aang_Foundation/20250819_mem_ER/fish1_24hpf_roi3,aang,mem_ER,91.0,8/19/25,,casper/rnf,mem:tdmChilada,,mSG:sec61b,,X:\abcabc\Aang_Foundation\20250819_mem_ER,,,pDQM082,315,,MGCO-04
20250819_mem_ER,fish1_24hpf_roi4,fish1_24hpf_roi4,fish1_24hpf_roi4,306,/clusterfs/vast/abcabc/Aang_Foundation/20250819_mem_ER/fish1_24hpf_roi4,aang,mem_ER,91.0,8/19/25,,casper/rnf,mem:tdmChilada,,mSG:sec61b,,X:\abcabc\Aang_Foundation\20250819_mem_ER,,,pDQM082,315,,MGCO-04
20250819_mem_ER,fish1_24hpf_roi5,fish1_24hpf_roi5,fish1_24hpf_roi5,306,/clusterfs/vast/abcabc/Aang_Foundation/20250819_mem_ER/fish1_24hpf_roi5,aang,mem_ER,91.0,8/19/25,,casper/rnf,mem:tdmChilada,,mSG:sec61b,,X:\abcabc\Aang_Foundation\20250819_mem_ER,,,pDQM082,315,,MGCO-04
20250819_mem_ER,fish2_24hpf_roi1,fish2_24hpf_roi1,fish2_24hpf_roi1,408,/clusterfs/vast/abcabc/Aang_Foundation/20250819_mem_ER/fish2_24hpf_roi1,aang,mem_ER,91.0,8/19/25,,casper/rnf,mem:tdmChilada,,mSG:sec61b,,X:\abcabc\Aang_Foundation\20250819_mem_ER,,,pDQM082,315,,MGCO-04
20250819_mem_ER,fish2_24hpf_roi2,fish2_24hpf_roi2,fish2_24hpf_roi2,408,/clusterfs/vast/abcabc/Aang_Foundation/20250819_mem_ER/fish2_24hpf_roi2,aang,mem_ER,91.0,8/19/25,,casper/rnf,mem:tdmChilada,,mSG:sec61b,,X:\abcabc\Aang_Foundation\20250819_mem_ER,,,pDQM082,315,,MGCO-04
20250819_mem_ER,fish2_24hpf_roi3,fish2_24hpf_roi3,fish2_24hpf_roi3,408,/clusterfs/vast/abcabc/Aang_Foundation/20250819_mem_ER/fish2_24hpf_roi3,aang,mem_ER,91.0,8/19/25,,casper/rnf,mem:tdmChilada,,mSG:sec61b,,X:\abcabc\Aang_Foundation\20250819_mem_ER,,,pDQM082,315,,MGCO-04
20250819_mem_ER,roi1_newscripttest,roi1_newscripttest,roi1_newscripttest,24,/clusterfs/vast/abcabc/Aang_Foundation/20250819_mem_ER/roi1_newscripttest,aang,mem_ER,91.0,8/19/25,,casper/rnf,mem:tdmChilada,,mSG:sec61b,,X:\abcabc\Aang_Foundation\20250819_mem_ER,,,pDQM082,315,,MGCO-04
20250819_mem_mito,fish1_24hpf_roi1,fish1_24hpf_roi1,fish1_24hpf_roi1,600,/clusterfs/vast/abcabc/Aang_Foundation/20250819_mem_mito/fish1_24hpf_roi1,aang,mem_mito,90.0,8/19/25,,casper/rnf,mem:tdmChilada,,2xCox8A:mSG,,X:\abcabc\Aang_Foundation\20250819_mem_mito,,,pDQM082,315,,MGCO-01
20250819_mem_mito,fish1_24hpf_roi2,fish1_24hpf_roi2,fish1_24hpf_roi2,600,/clusterfs/vast/abcabc/Aang_Foundation/20250819_mem_mito/fish1_24hpf_roi2,aang,mem_mito,90.0,8/19/25,,casper/rnf,mem:tdmChilada,,2xCox8A:mSG,,X:\abcabc\Aang_Foundation\20250819_mem_mito,,,pDQM082,315,,MGCO-01
20250819_mem_mito,fish1_24hpf_roi3,fish1_24hpf_roi3,fish1_24hpf_roi3,600,/clusterfs/vast/abcabc/Aang_Foundation/20250819_mem_mito/fish1_24hpf_roi3,aang,mem_mito,90.0,8/19/25,,casper/rnf,mem:tdmChilada,,2xCox8A:mSG,,X:\abcabc\Aang_Foundation\20250819_mem_mito,,,pDQM082,315,,MGCO-01
20250819_mem_mito,fish1_24hpf_roi4,fish1_24hpf_roi4,fish1_24hpf_roi4,600,/clusterfs/vast/abcabc/Aang_Foundation/20250819_mem_mito/fish1_24hpf_roi4,aang,mem_mito,90.0,8/19/25,,casper/rnf,mem:tdmChilada,,2xCox8A:mSG,,X:\abcabc\Aang_Foundation\20250819_mem_mito,,,pDQM082,315,,MGCO-01
20250819_mem_mito,fish1_24hpf_roi5,fish1_24hpf_roi5,fish1_24hpf_roi5,600,/clusterfs/vast/abcabc/Aang_Foundation/20250819_mem_mito/fish1_24hpf_roi5,aang,mem_mito,90.0,8/19/25,,casper/rnf,mem:tdmChilada,,2xCox8A:mSG,,X:\abcabc\Aang_Foundation\20250819_mem_mito,,,pDQM082,315,,MGCO-01
20250819_mem_mito,fish1_24hpf_roi6,fish1_24hpf_roi6,fish1_24hpf_roi6,600,/clusterfs/vast/abcabc/Aang_Foundation/20250819_mem_mito/fish1_24hpf_roi6,aang,mem_mito,90.0,8/19/25,,casper/rnf,mem:tdmChilada,,2xCox8A:mSG,,X:\abcabc\Aang_Foundation\20250819_mem_mito,,,pDQM082,315,,MGCO-01
20250819_mem_mito,fish1_24hpf_roi7,fish1_24hpf_roi7,fish1_24hpf_roi7,600,/clusterfs/vast/abcabc/Aang_Foundation/20250819_mem_mito/fish1_24hpf_roi7,aang,mem_mito,90.0,8/19/25,,casper/rnf,mem:tdmChilada,,2xCox8A:mSG,,X:\abcabc\Aang_Foundation\20250819_mem_mito,,,pDQM082,315,,MGCO-01
20250819_mem_mito,fish1_24hpf_roi8,fish1_24hpf_roi8,fish1_24hpf_roi8,600,/clusterfs/vast/abcabc/Aang_Foundation/20250819_mem_mito/fish1_24hpf_roi8,aang,mem_mito,90.0,8/19/25,,casper/rnf,mem:tdmChilada,,2xCox8A:mSG,,X:\abcabc\Aang_Foundation\20250819_mem_mito,,,pDQM082,315,,MGCO-01
20250819_mem_mito,fish2_24hpf_roi1,fish2_24hpf_roi1,fish2_24hpf_roi1,600,/clusterfs/vast/abcabc/Aang_Foundation/20250819_mem_mito/fish2_24hpf_roi1,aang,mem_mito,90.0,8/19/25,,casper/rnf,mem:tdmChilada,,2xCox8A:mSG,,X:\abcabc\Aang_Foundation\20250819_mem_mito,,,pDQM082,315,,MGCO-01
20250819_mem_mito,fish2_24hpf_roi2,fish2_24hpf_roi2,fish2_24hpf_roi2,600,/clusterfs/vast/abcabc/Aang_Foundation/20250819_mem_mito/fish2_24hpf_roi2,aang,mem_mito,90.0,8/19/25,,casper/rnf,mem:tdmChilada,,2xCox8A:mSG,,X:\abcabc\Aang_Foundation\20250819_mem_mito,,,pDQM082,315,,MGCO-01
20250819_mem_mito,fish3_24hpf_roi1,fish3_24hpf_roi1,fish3_24hpf_roi1,600,/clusterfs/vast/abcabc/Aang_Foundation/20250819_mem_mito/fish3_24hpf_roi1,aang,mem_mito,90.0,8/19/25,,casper/rnf,mem:tdmChilada,,2xCox8A:mSG,,X:\abcabc\Aang_Foundation\20250819_mem_mito,,,pDQM082,315,,MGCO-01
20250819_mem_mito,fish4_48hpf_roi1,fish4_48hpf_roi1,fish4_48hpf_roi1,600,/clusterfs/vast/abcabc/Aang_Foundation/20250819_mem_mito/fish4_48hpf_roi1,aang,mem_mito,90.0,8/19/25,,casper/rnf,mem:tdmChilada,,2xCox8A:mSG,,X:\abcabc\Aang_Foundation\20250819_mem_mito,,,pDQM082,315,,MGCO-01
20250819_mem_mito,fish4_48hpf_roi3,fish4_48hpf_roi3,fish4_48hpf_roi3,600,/clusterfs/vast/abcabc/Aang_Foundation/20250819_mem_mito/fish4_48hpf_roi3,aang,mem_mito,90.0,8/19/25,,casper/rnf,mem:tdmChilada,,2xCox8A:mSG,,X:\abcabc\Aang_Foundation\20250819_mem_mito,,,pDQM082,315,,MGCO-01
20250819_mem_mito,fish4_48hpf_roi4,fish4_48hpf_roi4,fish4_48hpf_roi4,600,/clusterfs/vast/abcabc/Aang_Foundation/20250819_mem_mito/fish4_48hpf_roi4,aang,mem_mito,90.0,8/19/25,,casper/rnf,mem:tdmChilada,,2xCox8A:mSG,,X:\abcabc\Aang_Foundation\20250819_mem_mito,,,pDQM082,315,,MGCO-01
20250819_mem_mito,fish4_48hpf_roi5,fish4_48hpf_roi5,fish4_48hpf_roi5,600,/clusterfs/vast/abcabc/Aang_Foundation/20250819_mem_mito/fish4_48hpf_roi5,aang,mem_mito,90.0,8/19/25,,casper/rnf,mem:tdmChilada,,2xCox8A:mSG,,X:\abcabc\Aang_Foundation\20250819_mem_mito,,,pDQM082,315,,MGCO-01
20250819_mem_mito,fish4_48hpf_roi6,fish4_48hpf_roi6,fish4_48hpf_roi6,600,/clusterfs/vast/abcabc/Aang_Foundation/20250819_mem_mito/fish4_48hpf_roi6,aang,mem_mito,90.0,8/19/25,,casper/rnf,mem:tdmChilada,,2xCox8A:mSG,,X:\abcabc\Aang_Foundation\20250819_mem_mito,,,pDQM082,315,,MGCO-01
20250819_mem_mito,fish4_48hpf_roi7,fish4_48hpf_roi7,fish4_48hpf_roi7,600,/clusterfs/vast/abcabc/Aang_Foundation/20250819_mem_mito/fish4_48hpf_roi7,aang,mem_mito,90.0,8/19/25,,casper/rnf,mem:tdmChilada,,2xCox8A:mSG,,X:\abcabc\Aang_Foundation\20250819_mem_mito,,,pDQM082,315,,MGCO-01
20250819_mem_mito,fish4_48hpf_roi8,fish4_48hpf_roi8,fish4_48hpf_roi8,600,/clusterfs/vast/abcabc/Aang_Foundation/20250819_mem_mito/fish4_48hpf_roi8,aang,mem_mito,90.0,8/19/25,,casper/rnf,mem:tdmChilada,,2xCox8A:mSG,,X:\abcabc\Aang_Foundation\20250819_mem_mito,,,pDQM082,315,,MGCO-01
20250819_mem_mito,fish5_48hpf_roi11,fish5_48hpf_roi11,fish5_48hpf_roi11,900,/clusterfs/vast/abcabc/Aang_Foundation/20250819_mem_mito/fish5_48hpf_roi11,aang,mem_mito,90.0,8/19/25,,casper/rnf,mem:tdmChilada,,2xCox8A:mSG,,X:\abcabc\Aang_Foundation\20250819_mem_mito,,,pDQM082,315,,MGCO-01
20250819_mem_mito,fish5_48hpf_roi12,fish5_48hpf_roi12,fish5_48hpf_roi12,900,/clusterfs/vast/abcabc/Aang_Foundation/20250819_mem_mito/fish5_48hpf_roi12,aang,mem_mito,90.0,8/19/25,,casper/rnf,mem:tdmChilada,,2xCox8A:mSG,,X:\abcabc\Aang_Foundation\20250819_mem_mito,,,pDQM082,315,,MGCO-01
20250819_mem_mito,fish6_48hpf_roi1,fish6_48hpf_roi1,fish6_48hpf_roi1,900,/clusterfs/vast/abcabc/Aang_Foundation/20250819_mem_mito/fish6_48hpf_roi1,aang,mem_mito,90.0,8/19/25,,casper/rnf,mem:tdmChilada,,2xCox8A:mSG,,X:\abcabc\Aang_Foundation\20250819_mem_mito,,,pDQM082,315,,MGCO-01
20250819_mem_mito,fish6_48hpf_roi2,fish6_48hpf_roi2,fish6_48hpf_roi2,900,/clusterfs/vast/abcabc/Aang_Foundation/20250819_mem_mito/fish6_48hpf_roi2,aang,mem_mito,90.0,8/19/25,,casper/rnf,mem:tdmChilada,,2xCox8A:mSG,,X:\abcabc\Aang_Foundation\20250819_mem_mito,,,pDQM082,315,,MGCO-01
20250819_mem_mito,fish6_48hpf_roi3,fish6_48hpf_roi3,fish6_48hpf_roi3,900,/clusterfs/vast/abcabc/Aang_Foundation/20250819_mem_mito/fish6_48hpf_roi3,aang,mem_mito,90.0,8/19/25,,casper/rnf,mem:tdmChilada,,2xCox8A:mSG,,X:\abcabc\Aang_Foundation\20250819_mem_mito,,,pDQM082,315,,MGCO-01
20250819_mem_mito,fish6_48hpf_roi4,fish6_48hpf_roi4,fish6_48hpf_roi4,900,/clusterfs/vast/abcabc/Aang_Foundation/20250819_mem_mito/fish6_48hpf_roi4,aang,mem_mito,90.0,8/19/25,,casper/rnf,mem:tdmChilada,,2xCox8A:mSG,,X:\abcabc\Aang_Foundation\20250819_mem_mito,,,pDQM082,315,,MGCO-01
20250819_mem_mito,fish6_48hpf_roi5,fish6_48hpf_roi5,fish6_48hpf_roi5,900,/clusterfs/vast/abcabc/Aang_Foundation/20250819_mem_mito/fish6_48hpf_roi5,aang,mem_mito,90.0,8/19/25,,casper/rnf,mem:tdmChilada,,2xCox8A:mSG,,X:\abcabc\Aang_Foundation\20250819_mem_mito,,,pDQM082,315,,MGCO-01
20250821_mem_mito,fish1_24hpf_roi1,fish1_24hpf_roi1,fish1_24hpf_roi1,1500,/clusterfs/vast/abcabc/Aang_Foundation/20250821_mem_mito/fish1_24hpf_roi1,aang,mem_mito,85.0,8/21/25,,casper/rnf,mem:tdmChilada,,2xCox8A:mSG,,X:\abcabc\Aang_Foundation\20250821_mem_mito,,,pDQM082,315,,MGCO-01
20250821_mem_mito,fish1_24hpf_roi2,fish1_24hpf_roi2,fish1_24hpf_roi2,1500,/clusterfs/vast/abcabc/Aang_Foundation/20250821_mem_mito/fish1_24hpf_roi2,aang,mem_mito,85.0,8/21/25,,casper/rnf,mem:tdmChilada,,2xCox8A:mSG,,X:\abcabc\Aang_Foundation\20250821_mem_mito,,,pDQM082,315,,MGCO-01
20250821_mem_mito,fish2_24hpf_roi1,fish2_24hpf_roi1,fish2_24hpf_roi1,900,/clusterfs/vast/abcabc/Aang_Foundation/20250821_mem_mito/fish2_24hpf_roi1,aang,mem_mito,85.0,8/21/25,,casper/rnf,mem:tdmChilada,,2xCox8A:mSG,,X:\abcabc\Aang_Foundation\20250821_mem_mito,,,pDQM082,315,,MGCO-01
20250821_mem_mito,fish2_24hpf_roi2,fish2_24hpf_roi2,fish2_24hpf_roi2,900,/clusterfs/vast/abcabc/Aang_Foundation/20250821_mem_mito/fish2_24hpf_roi2,aang,mem_mito,85.0,8/21/25,,casper/rnf,mem:tdmChilada,,2xCox8A:mSG,,X:\abcabc\Aang_Foundation\20250821_mem_mito,,,pDQM082,315,,MGCO-01
20250821_mem_mito,fish3_24hpf_roi1,fish3_24hpf_roi1,fish3_24hpf_roi1,1500,/clusterfs/vast/abcabc/Aang_Foundation/20250821_mem_mito/fish3_24hpf_roi1,aang,mem_mito,85.0,8/21/25,,casper/rnf,mem:tdmChilada,,2xCox8A:mSG,,X:\abcabc\Aang_Foundation\20250821_mem_mito,,,pDQM082,315,,MGCO-01
20250821_mem_mito,fish3_24hpf_roi2,fish3_24hpf_roi2,fish3_24hpf_roi2,1500,/clusterfs/vast/abcabc/Aang_Foundation/20250821_mem_mito/fish3_24hpf_roi2,aang,mem_mito,85.0,8/21/25,,casper/rnf,mem:tdmChilada,,2xCox8A:mSG,,X:\abcabc\Aang_Foundation\20250821_mem_mito,,,pDQM082,315,,MGCO-01
20250821_mem_mito,fish4_24hpf_roi1,fish4_24hpf_roi1,fish4_24hpf_roi1,1500,/clusterfs/vast/abcabc/Aang_Foundation/20250821_mem_mito/fish4_24hpf_roi1,aang,mem_mito,85.0,8/21/25,,casper/rnf,mem:tdmChilada,,2xCox8A:mSG,,X:\abcabc\Aang_Foundation\20250821_mem_mito,,,pDQM082,315,,MGCO-01
20250821_mem_mito,fish4_24hpf_roi2,fish4_24hpf_roi2,fish4_24hpf_roi2,1500,/clusterfs/vast/abcabc/Aang_Foundation/20250821_mem_mito/fish4_24hpf_roi2,aang,mem_mito,85.0,8/21/25,,casper/rnf,mem:tdmChilada,,2xCox8A:mSG,,X:\abcabc\Aang_Foundation\20250821_mem_mito,,,pDQM082,315,,MGCO-01
20250821_mem_mito,fish6_24hpf_roi1,fish6_24hpf_roi1,fish6_24hpf_roi1,1500,/clusterfs/vast/abcabc/Aang_Foundation/20250821_mem_mito/fish6_24hpf_roi1,aang,mem_mito,85.0,8/21/25,,casper/rnf,mem:tdmChilada,,2xCox8A:mSG,,X:\abcabc\Aang_Foundation\20250821_mem_mito,,,pDQM082,315,,MGCO-01
20250821_mem_mito,fish6_24hpf_roi2,fish6_24hpf_roi2,fish6_24hpf_roi2,1471,/clusterfs/vast/abcabc/Aang_Foundation/20250821_mem_mito/fish6_24hpf_roi2,aang,mem_mito,85.0,8/21/25,,casper/rnf,mem:tdmChilada,,2xCox8A:mSG,,X:\abcabc\Aang_Foundation\20250821_mem_mito,,,pDQM082,315,,MGCO-01
20250821_mem_mito,fish7_48hpf_roi1,fish7_48hpf_roi1,fish7_48hpf_roi1,1500,/clusterfs/vast/abcabc/Aang_Foundation/20250821_mem_mito/fish7_48hpf_roi1,aang,mem_mito,85.0,8/21/25,,casper/rnf,mem:tdmChilada,,2xCox8A:mSG,,X:\abcabc\Aang_Foundation\20250821_mem_mito,,,pDQM082,315,,MGCO-01
20250821_mem_mito,fish7_48hpf_roi2,fish7_48hpf_roi2,fish7_48hpf_roi2,1500,/clusterfs/vast/abcabc/Aang_Foundation/20250821_mem_mito/fish7_48hpf_roi2,aang,mem_mito,85.0,8/21/25,,casper/rnf,mem:tdmChilada,,2xCox8A:mSG,,X:\abcabc\Aang_Foundation\20250821_mem_mito,,,pDQM082,315,,MGCO-01
20250821_mem_mito,fish8_48hpf_roi1,fish8_48hpf_roi1,fish8_48hpf_roi1,1500,/clusterfs/vast/abcabc/Aang_Foundation/20250821_mem_mito/fish8_48hpf_roi1,aang,mem_mito,85.0,8/21/25,,casper/rnf,mem:tdmChilada,,2xCox8A:mSG,,X:\abcabc\Aang_Foundation\20250821_mem_mito,,,pDQM082,315,,MGCO-01
20250821_mem_mito,fish8_48hpf_roi2,fish8_48hpf_roi2,fish8_48hpf_roi2,1500,/clusterfs/vast/abcabc/Aang_Foundation/20250821_mem_mito/fish8_48hpf_roi2,aang,mem_mito,85.0,8/21/25,,casper/rnf,mem:tdmChilada,,2xCox8A:mSG,,X:\abcabc\Aang_Foundation\20250821_mem_mito,,,pDQM082,315,,MGCO-01
20250821_mem_mito,fish8_48hpf_roi3,fish8_48hpf_roi3,fish8_48hpf_roi3,1500,/clusterfs/vast/abcabc/Aang_Foundation/20250821_mem_mito/fish8_48hpf_roi3,aang,mem_mito,85.0,8/21/25,,casper/rnf,mem:tdmChilada,,2xCox8A:mSG,,X:\abcabc\Aang_Foundation\20250821_mem_mito,,,pDQM082,315,,MGCO-01
20250826_mem_actin,fish1_24hpf_roi1,fish1_24hpf_roi1,fish1_24hpf_roi1,1850,/clusterfs/vast/abcabc/Aang_Foundation/20250826_mem_actin/fish1_24hpf_roi1,aang,mem_actin,78.0,8/26/25,,casper/rnf,mem:tdmChilada,,Lifeact:mSG,,X:\abcabc\Aang_Foundation\20250826_mem_actin,,,pDQM082,315,,MGCO-23
20250826_mem_actin,fish1_24hpf_roi2,fish1_24hpf_roi2,fish1_24hpf_roi2,1200,/clusterfs/vast/abcabc/Aang_Foundation/20250826_mem_actin/fish1_24hpf_roi2,aang,mem_actin,78.0,8/26/25,,casper/rnf,mem:tdmChilada,,Lifeact:mSG,,X:\abcabc\Aang_Foundation\20250826_mem_actin,,,pDQM082,315,,MGCO-23
20250826_mem_actin,fish2_24hpf_roi1,fish2_24hpf_roi1,fish2_24hpf_roi1,816,/clusterfs/vast/abcabc/Aang_Foundation/20250826_mem_actin/fish2_24hpf_roi1,aang,mem_actin,78.0,8/26/25,,casper/rnf,mem:tdmChilada,,Lifeact:mSG,,X:\abcabc\Aang_Foundation\20250826_mem_actin,,,pDQM082,315,,MGCO-23
20250826_mem_actin,fish3_24hpf_roi1,fish3_24hpf_roi1,fish3_24hpf_roi1,816,/clusterfs/vast/abcabc/Aang_Foundation/20250826_mem_actin/fish3_24hpf_roi1,aang,mem_actin,78.0,8/26/25,,casper/rnf,mem:tdmChilada,,Lifeact:mSG,,X:\abcabc\Aang_Foundation\20250826_mem_actin,,,pDQM082,315,,MGCO-23
20250826_mem_actin,fish3_24hpf_roi2,fish3_24hpf_roi2,fish3_24hpf_roi2,818,/clusterfs/vast/abcabc/Aang_Foundation/20250826_mem_actin/fish3_24hpf_roi2,aang,mem_actin,78.0,8/26/25,,casper/rnf,mem:tdmChilada,,Lifeact:mSG,,X:\abcabc\Aang_Foundation\20250826_mem_actin,,,pDQM082,315,,MGCO-23
20250826_mem_actin,fish5_24hpf_roi1,fish5_24hpf_roi1,fish5_24hpf_roi1,816,/clusterfs/vast/abcabc/Aang_Foundation/20250826_mem_actin/fish5_24hpf_roi1,aang,mem_actin,78.0,8/26/25,,casper/rnf,mem:tdmChilada,,Lifeact:mSG,,X:\abcabc\Aang_Foundation\20250826_mem_actin,,,pDQM082,315,,MGCO-23
20250826_mem_actin,fish5_24hpf_roi2,fish5_24hpf_roi2,fish5_24hpf_roi2,816,/clusterfs/vast/abcabc/Aang_Foundation/20250826_mem_actin/fish5_24hpf_roi2,aang,mem_actin,78.0,8/26/25,,casper/rnf,mem:tdmChilada,,Lifeact:mSG,,X:\abcabc\Aang_Foundation\20250826_mem_actin,,,pDQM082,315,,MGCO-23
20250826_mem_actin,fish6_24hpf_roi1,fish6_24hpf_roi1,fish6_24hpf_roi1,816,/clusterfs/vast/abcabc/Aang_Foundation/20250826_mem_actin/fish6_24hpf_roi1,aang,mem_actin,78.0,8/26/25,,casper/rnf,mem:tdmChilada,,Lifeact:mSG,,X:\abcabc\Aang_Foundation\20250826_mem_actin,,,pDQM082,315,,MGCO-23
20250827_mem_actin,fish3_48hpf_roi1,fish3_48hpf_roi1,fish3_48hpf_roi1,408,/clusterfs/vast/abcabc/Aang_Foundation/20250827_mem_actin/fish3_48hpf_roi1,aang,mem_actin,74.0,8/27/25,2025-W35-3,casper/rnf,ef1a:2xLynk:tdmChilada (F1 of allele 315),,Lifeact:mSG,,X:\abcabc\Aang_Foundation\20250827_mem_actin,,,pDQM082,315,,MGCO-23
20250827_mem_actin,fish3_48hpf_roi2,fish3_48hpf_roi2,fish3_48hpf_roi2,408,/clusterfs/vast/abcabc/Aang_Foundation/20250827_mem_actin/fish3_48hpf_roi2,aang,mem_actin,74.0,8/27/25,2025-W35-3,casper/rnf,ef1a:2xLynk:tdmChilada (F1 of allele 315),,Lifeact:mSG,,X:\abcabc\Aang_Foundation\20250827_mem_actin,,,pDQM082,315,,MGCO-23
20250827_mem_actin,fish5_48hpf_roi1,fish5_48hpf_roi1,fish5_48hpf_roi1,136,/clusterfs/vast/abcabc/Aang_Foundation/20250827_mem_actin/fish5_48hpf_roi1,aang,mem_actin,74.0,8/27/25,2025-W35-3,casper/rnf,ef1a:2xLynk:tdmChilada (F1 of allele 315),,Lifeact:mSG,,X:\abcabc\Aang_Foundation\20250827_mem_actin,,,pDQM082,315,,MGCO-23
20250827_mem_actin,fish5_48hpf_roi2,fish5_48hpf_roi2,fish5_48hpf_roi2,136,/clusterfs/vast/abcabc/Aang_Foundation/20250827_mem_actin/fish5_48hpf_roi2,aang,mem_actin,74.0,8/27/25,2025-W35-3,casper/rnf,ef1a:2xLynk:tdmChilada (F1 of allele 315),,Lifeact:mSG,,X:\abcabc\Aang_Foundation\20250827_mem_actin,,,pDQM082,315,,MGCO-23
20250827_mem_actin,fish5_48hpf_roi3,fish5_48hpf_roi3,fish5_48hpf_roi3,136,/clusterfs/vast/abcabc/Aang_Foundation/20250827_mem_actin/fish5_48hpf_roi3,aang,mem_actin,74.0,8/27/25,2025-W35-3,casper/rnf,ef1a:2xLynk:tdmChilada (F1 of allele 315),,Lifeact:mSG,,X:\abcabc\Aang_Foundation\20250827_mem_actin,,,pDQM082,315,,MGCO-23
20250828_mem_actin,fish1_24hpf_roi1,fish1_24hpf_roi1,fish1_24hpf_roi1,50,/clusterfs/vast/abcabc/Aang_Foundation/20250828_mem_actin/fish1_24hpf_roi1,aang,mem_actin,73.0,8/28/25,2025-W35-6,casper/rnf,ef1a:2xLynk:tdmChilada (F1 of allele 315),,Lifeact:mSG,,X:\abcabc\Aang_Foundation\20250828_mem_actin,,,pDQM082,315,,MGCO-23
20250828_mem_actin,fish1_24hpf_roi1-2,fish1_24hpf_roi1-2,fish1_24hpf_roi1-2,1476,/clusterfs/vast/abcabc/Aang_Foundation/20250828_mem_actin/fish1_24hpf_roi1-2,aang,mem_actin,73.0,8/28/25,2025-W35-6,casper/rnf,ef1a:2xLynk:tdmChilada (F1 of allele 315),,Lifeact:mSG,,X:\abcabc\Aang_Foundation\20250828_mem_actin,,,pDQM082,315,,MGCO-23
20250828_mem_actin,fish1_24hpf_roi2,fish1_24hpf_roi2,fish1_24hpf_roi2,656,/clusterfs/vast/abcabc/Aang_Foundation/20250828_mem_actin/fish1_24hpf_roi2,aang,mem_actin,73.0,8/28/25,2025-W35-6,casper/rnf,ef1a:2xLynk:tdmChilada (F1 of allele 315),,Lifeact:mSG,,X:\abcabc\Aang_Foundation\20250828_mem_actin,,,pDQM082,315,,MGCO-23
20250828_mem_actin,fish1_24hpf_roi3,fish1_24hpf_roi3,fish1_24hpf_roi3,656,/clusterfs/vast/abcabc/Aang_Foundation/20250828_mem_actin/fish1_24hpf_roi3,aang,mem_actin,73.0,8/28/25,2025-W35-6,casper/rnf,ef1a:2xLynk:tdmChilada (F1 of allele 315),,Lifeact:mSG,,X:\abcabc\Aang_Foundation\20250828_mem_actin,,,pDQM082,315,,MGCO-23
20250828_mem_actin,fish2_24hpf_roi1,fish2_24hpf_roi1,fish2_24hpf_roi1,1925,/clusterfs/vast/abcabc/Aang_Foundation/20250828_mem_actin/fish2_24hpf_roi1,aang,mem_actin,73.0,8/28/25,2025-W35-6,casper/rnf,ef1a:2xLynk:tdmChilada (F1 of allele 315),,Lifeact:mSG,,X:\abcabc\Aang_Foundation\20250828_mem_actin,,,pDQM082,315,,MGCO-23
20250828_mem_actin,fish2_24hpf_roi2,fish2_24hpf_roi2,fish2_24hpf_roi2,1726,/clusterfs/vast/abcabc/Aang_Foundation/20250828_mem_actin/fish2_24hpf_roi2,aang,mem_actin,73.0,8/28/25,2025-W35-6,casper/rnf,ef1a:2xLynk:tdmChilada (F1 of allele 315),,Lifeact:mSG,,X:\abcabc\Aang_Foundation\20250828_mem_actin,,,pDQM082,315,,MGCO-23
20250828_mem_actin,fish2_24hpf_roi2-2,fish2_24hpf_roi2-2,fish2_24hpf_roi2-2,1968,/clusterfs/vast/abcabc/Aang_Foundation/20250828_mem_actin/fish2_24hpf_roi2-2,aang,mem_actin,73.0,8/28/25,2025-W35-6,casper/rnf,ef1a:2xLynk:tdmChilada (F1 of allele 315),,Lifeact:mSG,,X:\abcabc\Aang_Foundation\20250828_mem_actin,,,pDQM082,315,,MGCO-23
20250828_mem_actin,fish4_24hpf_roi1,fish4_24hpf_roi1,fish4_24hpf_roi1,1968,/clusterfs/vast/abcabc/Aang_Foundation/20250828_mem_actin/fish4_24hpf_roi1,aang,mem_actin,73.0,8/28/25,2025-W35-6,casper/rnf,ef1a:2xLynk:tdmChilada (F1 of allele 315),,Lifeact:mSG,,X:\abcabc\Aang_Foundation\20250828_mem_actin,,,pDQM082,315,,MGCO-23
20250828_mem_actin,fish4_24hpf_roi2,fish4_24hpf_roi2,fish4_24hpf_roi2,1968,/clusterfs/vast/abcabc/Aang_Foundation/20250828_mem_actin/fish4_24hpf_roi2,aang,mem_actin,73.0,8/28/25,2025-W35-6,casper/rnf,ef1a:2xLynk:tdmChilada (F1 of allele 315),,Lifeact:mSG,,X:\abcabc\Aang_Foundation\20250828_mem_actin,,,pDQM082,315,,MGCO-23
20250828_mem_actin,fish5_24hpf_roi1,fish5_24hpf_roi1,fish5_24hpf_roi1,656,/clusterfs/vast/abcabc/Aang_Foundation/20250828_mem_actin/fish5_24hpf_roi1,aang,mem_actin,73.0,8/28/25,2025-W35-6,casper/rnf,ef1a:2xLynk:tdmChilada (F1 of allele 315),,Lifeact:mSG,,X:\abcabc\Aang_Foundation\20250828_mem_actin,,,pDQM082,315,,MGCO-23
20250828_mem_actin,fish5_24hpf_roi2,fish5_24hpf_roi2,fish5_24hpf_roi2,656,/clusterfs/vast/abcabc/Aang_Foundation/20250828_mem_actin/fish5_24hpf_roi2,aang,mem_actin,73.0,8/28/25,2025-W35-6,casper/rnf,ef1a:2xLynk:tdmChilada (F1 of allele 315),,Lifeact:mSG,,X:\abcabc\Aang_Foundation\20250828_mem_actin,,,pDQM082,315,,MGCO-23
20250828_mem_actin,fish5_24hpf_roi3,fish5_24hpf_roi3,fish5_24hpf_roi3,656,/clusterfs/vast/abcabc/Aang_Foundation/20250828_mem_actin/fish5_24hpf_roi3,aang,mem_actin,73.0,8/28/25,2025-W35-6,casper/rnf,ef1a:2xLynk:tdmChilada (F1 of allele 315),,Lifeact:mSG,,X:\abcabc\Aang_Foundation\20250828_mem_actin,,,pDQM082,315,,MGCO-23
20250828_mem_actin,fish6_24hpf_roi1,fish6_24hpf_roi1,fish6_24hpf_roi1,1968,/clusterfs/vast/abcabc/Aang_Foundation/20250828_mem_actin/fish6_24hpf_roi1,aang,mem_actin,73.0,8/28/25,2025-W35-6,casper/rnf,ef1a:2xLynk:tdmChilada (F1 of allele 315),,Lifeact:mSG,,X:\abcabc\Aang_Foundation\20250828_mem_actin,,,pDQM082,315,,MGCO-23
20250828_mem_actin,fish6_24hpf_roi2,fish6_24hpf_roi2,fish6_24hpf_roi2,1968,/clusterfs/vast/abcabc/Aang_Foundation/20250828_mem_actin/fish6_24hpf_roi2,aang,mem_actin,73.0,8/28/25,2025-W35-6,casper/rnf,ef1a:2xLynk:tdmChilada (F1 of allele 315),,Lifeact:mSG,,X:\abcabc\Aang_Foundation\20250828_mem_actin,,,pDQM082,315,,MGCO-23
20250903_lifeact-mSG,fish1_24hpf_roi1,fish1_24hpf_roi1,fish1_24hpf_roi1,400,/clusterfs/vast/abcabc/Aang_Foundation/20250903_lifeact-mSG/fish1_24hpf_roi1,aang,lifeact-mSG,70.0,9/3/25,2025-W36-1,casper/rnf,mem:tdmChilada,,HC-9 Lifeact:mStayGold,,X:\abcabc\Aang_Foundation\20250903_lifeact-mSG,,,pDQM082,315,,HC-9
20250903_lifeact-mSG,fish1_24hpf_roi2,fish1_24hpf_roi2,fish1_24hpf_roi2,656,/clusterfs/vast/abcabc/Aang_Foundation/20250903_lifeact-mSG/fish1_24hpf_roi2,aang,lifeact-mSG,70.0,9/3/25,2025-W36-1,casper/rnf,mem:tdmChilada,,HC-9 Lifeact:mStayGold,,X:\abcabc\Aang_Foundation\20250903_lifeact-mSG,,,pDQM082,315,,HC-9
20250903_lifeact-mSG,fish1_24hpf_roi3,fish1_24hpf_roi3,fish1_24hpf_roi3,82,/clusterfs/vast/abcabc/Aang_Foundation/20250903_lifeact-mSG/fish1_24hpf_roi3,aang,lifeact-mSG,70.0,9/3/25,2025-W36-1,casper/rnf,mem:tdmChilada,,HC-9 Lifeact:mStayGold,,X:\abcabc\Aang_Foundation\20250903_lifeact-mSG,,,pDQM082,315,,HC-9
20250903_lifeact-mSG,fish1_24hpf_roi3_2,fish1_24hpf_roi3_2,fish1_24hpf_roi3_2,1312,/clusterfs/vast/abcabc/Aang_Foundation/20250903_lifeact-mSG/fish1_24hpf_roi3_2,aang,lifeact-mSG,70.0,9/3/25,2025-W36-1,casper/rnf,mem:tdmChilada,,HC-9 Lifeact:mStayGold,,X:\abcabc\Aang_Foundation\20250903_lifeact-mSG,,,pDQM082,315,,HC-9
20250903_lifeact-mSG,fish2_24hpf_roi1,fish2_24hpf_roi1,fish2_24hpf_roi1,656,/clusterfs/vast/abcabc/Aang_Foundation/20250903_lifeact-mSG/fish2_24hpf_roi1,aang,lifeact-mSG,70.0,9/3/25,2025-W36-1,casper/rnf,mem:tdmChilada,,HC-9 Lifeact:mStayGold,,X:\abcabc\Aang_Foundation\20250903_lifeact-mSG,,,pDQM082,315,,HC-9
20250903_lifeact-mSG,fish2_24hpf_roi2,fish2_24hpf_roi2,fish2_24hpf_roi2,656,/clusterfs/vast/abcabc/Aang_Foundation/20250903_lifeact-mSG/fish2_24hpf_roi2,aang,lifeact-mSG,70.0,9/3/25,2025-W36-1,casper/rnf,mem:tdmChilada,,HC-9 Lifeact:mStayGold,,X:\abcabc\Aang_Foundation\20250903_lifeact-mSG,,,pDQM082,315,,HC-9
20250904_lifeact-mSG,fish1_24hpf_roi1,fish1_24hpf_roi1,fish1_24hpf_roi1,656,/clusterfs/vast/abcabc/Aang_Foundation/20250904_lifeact-mSG/fish1_24hpf_roi1,aang,lifeact-mSG,69.0,9/4/25,3,casper/rnf,ef1a-extended:2xLynk:tdmScarlet3-S2-tol2 (F1 of allele 325),,HC-9 Lifeact:mStayGold,,X:\abcabc\Aang_Foundation\20250904_lifeact-mSG,,,pDQM136,325,,HC-9
20250904_lifeact-mSG,fish1_24hpf_roi2,fish1_24hpf_roi2,fish1_24hpf_roi2,25,/clusterfs/vast/abcabc/Aang_Foundation/20250904_lifeact-mSG/fish1_24hpf_roi2,aang,lifeact-mSG,69.0,9/4/25,3,casper/rnf,ef1a-extended:2xLynk:tdmScarlet3-S2-tol2 (F1 of allele 325),,HC-9 Lifeact:mStayGold,,X:\abcabc\Aang_Foundation\20250904_lifeact-mSG,,,pDQM136,325,,HC-9
20250904_lifeact-mSG,fish1_24hpf_roi3,fish1_24hpf_roi3,fish1_24hpf_roi3,656,/clusterfs/vast/abcabc/Aang_Foundation/20250904_lifeact-mSG/fish1_24hpf_roi3,aang,lifeact-mSG,69.0,9/4/25,3,casper/rnf,ef1a-extended:2xLynk:tdmScarlet3-S2-tol2 (F1 of allele 325),,HC-9 Lifeact:mStayGold,,X:\abcabc\Aang_Foundation\20250904_lifeact-mSG,,,pDQM136,325,,HC-9
20250904_lifeact-mSG,fish1_24hpf_roi4,fish1_24hpf_roi4,fish1_24hpf_roi4,656,/clusterfs/vast/abcabc/Aang_Foundation/20250904_lifeact-mSG/fish1_24hpf_roi4,aang,lifeact-mSG,69.0,9/4/25,3,casper/rnf,ef1a-extended:2xLynk:tdmScarlet3-S2-tol2 (F1 of allele 325),,HC-9 Lifeact:mStayGold,,X:\abcabc\Aang_Foundation\20250904_lifeact-mSG,,,pDQM136,325,,HC-9
20250904_lifeact-mSG,fish1_24hpf_roi5,fish1_24hpf_roi5,fish1_24hpf_roi5,656,/clusterfs/vast/abcabc/Aang_Foundation/20250904_lifeact-mSG/fish1_24hpf_roi5,aang,lifeact-mSG,69.0,9/4/25,3,casper/rnf,ef1a-extended:2xLynk:tdmScarlet3-S2-tol2 (F1 of allele 325),,HC-9 Lifeact:mStayGold,,X:\abcabc\Aang_Foundation\20250904_lifeact-mSG,,,pDQM136,325,,HC-9
20250905_lifeact-mSG,fish2_72hpf_roi1,fish2_72hpf_roi1,fish2_72hpf_roi1,656,/clusterfs/vast/abcabc/Aang_Foundation/20250905_lifeact-mSG/fish2_72hpf_roi1,aang,lifeact-mSG,68.0,9/5/25,2,casper/rnf,mem:tdmChilada,,HC-9 Lifeact:mStayGold,,X:\abcabc\Aang_Foundation\20250905_lifeact-mSG,,,pDQM082,315,,HC-9
20250905_lifeact-mSG,fish2_72hpf_roi2,fish2_72hpf_roi2,fish2_72hpf_roi2,257,/clusterfs/vast/abcabc/Aang_Foundation/20250905_lifeact-mSG/fish2_72hpf_roi2,aang,lifeact-mSG,68.0,9/5/25,2,casper/rnf,mem:tdmChilada,,HC-9 Lifeact:mStayGold,,X:\abcabc\Aang_Foundation\20250905_lifeact-mSG,,,pDQM082,315,,HC-9
20250905_lifeact-mSG,fish2_72hpf_roi3,fish2_72hpf_roi3,fish2_72hpf_roi3,816,/clusterfs/vast/abcabc/Aang_Foundation/20250905_lifeact-mSG/fish2_72hpf_roi3,aang,lifeact-mSG,68.0,9/5/25,2,casper/rnf,mem:tdmChilada,,HC-9 Lifeact:mStayGold,,X:\abcabc\Aang_Foundation\20250905_lifeact-mSG,,,pDQM082,315,,HC-9
20250905_lifeact-mSG,fish2_72hpf_roi4,fish2_72hpf_roi4,fish2_72hpf_roi4,816,/clusterfs/vast/abcabc/Aang_Foundation/20250905_lifeact-mSG/fish2_72hpf_roi4,aang,lifeact-mSG,68.0,9/5/25,2,casper/rnf,mem:tdmChilada,,HC-9 Lifeact:mStayGold,,X:\abcabc\Aang_Foundation\20250905_lifeact-mSG,,,pDQM082,315,,HC-9
20250908_mem-mito,fish1_24hpf_roi1,fish1_24hpf_roi1,fish1_24hpf_roi1,332,/clusterfs/vast/abcabc/Aang_Foundation/20250908_mem-mito/fish1_24hpf_roi1,aang,mem-mito,66.0,9/8/25,1,ef1a:2xLynk:tdm:mChilada,ef1a:2xLynk:tdm:mChilada,,2xCox8A:mSG,,X:\abcabc\Aang_Foundation\20250908_mem-mito,pDQM082,315,pDQM082,315,,MGCO-01
20250908_mem-mito,fish1_24hpf_roi2,fish1_24hpf_roi2,fish1_24hpf_roi2,1188,/clusterfs/vast/abcabc/Aang_Foundation/20250908_mem-mito/fish1_24hpf_roi2,aang,mem-mito,66.0,9/8/25,1,ef1a:2xLynk:tdm:mChilada,ef1a:2xLynk:tdm:mChilada,,2xCox8A:mSG,,X:\abcabc\Aang_Foundation\20250908_mem-mito,pDQM082,315,pDQM082,315,,MGCO-01
20250908_mem-mito,fish1_24hpf_roi3,fish1_24hpf_roi3,fish1_24hpf_roi3,450,/clusterfs/vast/abcabc/Aang_Foundation/20250908_mem-mito/fish1_24hpf_roi3,aang,mem-mito,66.0,9/8/25,1,ef1a:2xLynk:tdm:mChilada,ef1a:2xLynk:tdm:mChilada,,2xCox8A:mSG,,X:\abcabc\Aang_Foundation\20250908_mem-mito,pDQM082,315,pDQM082,315,,MGCO-01
20250908_mem-mito,fish1_24hpf_roi4,fish1_24hpf_roi4,fish1_24hpf_roi4,450,/clusterfs/vast/abcabc/Aang_Foundation/20250908_mem-mito/fish1_24hpf_roi4,aang,mem-mito,66.0,9/8/25,1,ef1a:2xLynk:tdm:mChilada,ef1a:2xLynk:tdm:mChilada,,2xCox8A:mSG,,X:\abcabc\Aang_Foundation\20250908_mem-mito,pDQM082,315,pDQM082,315,,MGCO-01
20250908_mem-mito,fish2_24hpf_roi1,fish2_24hpf_roi1,fish2_24hpf_roi1,450,/clusterfs/vast/abcabc/Aang_Foundation/20250908_mem-mito/fish2_24hpf_roi1,aang,mem-mito,66.0,9/8/25,1,ef1a:2xLynk:tdm:mChilada,ef1a:2xLynk:tdm:mChilada,,2xCox8A:mSG,,X:\abcabc\Aang_Foundation\20250908_mem-mito,pDQM082,315,pDQM082,315,,MGCO-01
20250908_mem-mito,fish2_24hpf_roi2,fish2_24hpf_roi2,fish2_24hpf_roi2,300,/clusterfs/vast/abcabc/Aang_Foundation/20250908_mem-mito/fish2_24hpf_roi2,aang,mem-mito,66.0,9/8/25,1,ef1a:2xLynk:tdm:mChilada,ef1a:2xLynk:tdm:mChilada,,2xCox8A:mSG,,X:\abcabc\Aang_Foundation\20250908_mem-mito,pDQM082,315,pDQM082,315,,MGCO-01
20250908_mem-mito,fish2_24hpf_roi3,fish2_24hpf_roi3,fish2_24hpf_roi3,4,/clusterfs/vast/abcabc/Aang_Foundation/20250908_mem-mito/fish2_24hpf_roi3,aang,mem-mito,66.0,9/8/25,1,ef1a:2xLynk:tdm:mChilada,ef1a:2xLynk:tdm:mChilada,,2xCox8A:mSG,,X:\abcabc\Aang_Foundation\20250908_mem-mito,pDQM082,315,pDQM082,315,,MGCO-01
20250908_mem-mito,fish2_72hpf_roi1,fish2_72hpf_roi1,fish2_72hpf_roi1,2000,/clusterfs/vast/abcabc/Aang_Foundation/20250908_mem-mito/fish2_72hpf_roi1,aang,mem-mito,66.0,9/8/25,1,ef1a:2xLynk:tdm:mChilada,ef1a:2xLynk:tdm:mChilada,,2xCox8A:mSG,,X:\abcabc\Aang_Foundation\20250908_mem-mito,pDQM082,315,pDQM082,315,,MGCO-01
20250908_mem-mito,fish2_72hpf_roi2,fish2_72hpf_roi2,fish2_72hpf_roi2,1200,/clusterfs/vast/abcabc/Aang_Foundation/20250908_mem-mito/fish2_72hpf_roi2,aang,mem-mito,66.0,9/8/25,1,ef1a:2xLynk:tdm:mChilada,ef1a:2xLynk:tdm:mChilada,,2xCox8A:mSG,,X:\abcabc\Aang_Foundation\20250908_mem-mito,pDQM082,315,pDQM082,315,,MGCO-01
20250908_mem-mito,fish2_72hpf_roi3,fish2_72hpf_roi3,fish2_72hpf_roi3,1200,/clusterfs/vast/abcabc/Aang_Foundation/20250908_mem-mito/fish2_72hpf_roi3,aang,mem-mito,66.0,9/8/25,1,ef1a:2xLynk:tdm:mChilada,ef1a:2xLynk:tdm:mChilada,,2xCox8A:mSG,,X:\abcabc\Aang_Foundation\20250908_mem-mito,pDQM082,315,pDQM082,315,,MGCO-01
20250908_mem-mito,fish2_72hpf_roi4,fish2_72hpf_roi4,fish2_72hpf_roi4,1200,/clusterfs/vast/abcabc/Aang_Foundation/20250908_mem-mito/fish2_72hpf_roi4,aang,mem-mito,66.0,9/8/25,1,ef1a:2xLynk:tdm:mChilada,ef1a:2xLynk:tdm:mChilada,,2xCox8A:mSG,,X:\abcabc\Aang_Foundation\20250908_mem-mito,pDQM082,315,pDQM082,315,,MGCO-01
20250908_mem-mito,fish2_72hpf_roi5,fish2_72hpf_roi5,fish2_72hpf_roi5,1200,/clusterfs/vast/abcabc/Aang_Foundation/20250908_mem-mito/fish2_72hpf_roi5,aang,mem-mito,66.0,9/8/25,1,ef1a:2xLynk:tdm:mChilada,ef1a:2xLynk:tdm:mChilada,,2xCox8A:mSG,,X:\abcabc\Aang_Foundation\20250908_mem-mito,pDQM082,315,pDQM082,315,,MGCO-01
20250908_mem-mito,fish4_24hpf_roi1,fish4_24hpf_roi1,fish4_24hpf_roi1,300,/clusterfs/vast/abcabc/Aang_Foundation/20250908_mem-mito/fish4_24hpf_roi1,aang,mem-mito,66.0,9/8/25,1,ef1a:2xLynk:tdm:mChilada,ef1a:2xLynk:tdm:mChilada,,2xCox8A:mSG,,X:\abcabc\Aang_Foundation\20250908_mem-mito,pDQM082,315,pDQM082,315,,MGCO-01
20250908_mem-mito,fish4_24hpf_roi2,fish4_24hpf_roi2,fish4_24hpf_roi2,300,/clusterfs/vast/abcabc/Aang_Foundation/20250908_mem-mito/fish4_24hpf_roi2,aang,mem-mito,66.0,9/8/25,1,ef1a:2xLynk:tdm:mChilada,ef1a:2xLynk:tdm:mChilada,,2xCox8A:mSG,,X:\abcabc\Aang_Foundation\20250908_mem-mito,pDQM082,315,pDQM082,315,,MGCO-01
20250908_mem-mito,fish4_24hpf_roi3,fish4_24hpf_roi3,fish4_24hpf_roi3,300,/clusterfs/vast/abcabc/Aang_Foundation/20250908_mem-mito/fish4_24hpf_roi3,aang,mem-mito,66.0,9/8/25,1,ef1a:2xLynk:tdm:mChilada,ef1a:2xLynk:tdm:mChilada,,2xCox8A:mSG,,X:\abcabc\Aang_Foundation\20250908_mem-mito,pDQM082,315,pDQM082,315,,MGCO-01
20250908_mem-mito,fish5_24hpf_roi1,fish5_24hpf_roi1,fish5_24hpf_roi1,300,/clusterfs/vast/abcabc/Aang_Foundation/20250908_mem-mito/fish5_24hpf_roi1,aang,mem-mito,66.0,9/8/25,1,ef1a:2xLynk:tdm:mChilada,ef1a:2xLynk:tdm:mChilada,,2xCox8A:mSG,,X:\abcabc\Aang_Foundation\20250908_mem-mito,pDQM082,315,pDQM082,315,,MGCO-01
20250908_mem-mito,fish5_24hpf_roi2,fish5_24hpf_roi2,fish5_24hpf_roi2,300,/clusterfs/vast/abcabc/Aang_Foundation/20250908_mem-mito/fish5_24hpf_roi2,aang,mem-mito,66.0,9/8/25,1,ef1a:2xLynk:tdm:mChilada,ef1a:2xLynk:tdm:mChilada,,2xCox8A:mSG,,X:\abcabc\Aang_Foundation\20250908_mem-mito,pDQM082,315,pDQM082,315,,MGCO-01
20250908_mem-mito,fish5_24hpf_roi3,fish5_24hpf_roi3,fish5_24hpf_roi3,300,/clusterfs/vast/abcabc/Aang_Foundation/20250908_mem-mito/fish5_24hpf_roi3,aang,mem-mito,66.0,9/8/25,1,ef1a:2xLynk:tdm:mChilada,ef1a:2xLynk:tdm:mChilada,,2xCox8A:mSG,,X:\abcabc\Aang_Foundation\20250908_mem-mito,pDQM082,315,pDQM082,315,,MGCO-01
20250908_mem-mito,fish5_24hpf_roi4,fish5_24hpf_roi4,fish5_24hpf_roi4,300,/clusterfs/vast/abcabc/Aang_Foundation/20250908_mem-mito/fish5_24hpf_roi4,aang,mem-mito,66.0,9/8/25,1,ef1a:2xLynk:tdm:mChilada,ef1a:2xLynk:tdm:mChilada,,2xCox8A:mSG,,X:\abcabc\Aang_Foundation\20250908_mem-mito,pDQM082,315,pDQM082,315,,MGCO-01
20250908_mem-mito,fish6_24hpf_roi1,fish6_24hpf_roi1,fish6_24hpf_roi1,300,/clusterfs/vast/abcabc/Aang_Foundation/20250908_mem-mito/fish6_24hpf_roi1,aang,mem-mito,66.0,9/8/25,1,ef1a:2xLynk:tdm:mChilada,ef1a:2xLynk:tdm:mChilada,,2xCox8A:mSG,,X:\abcabc\Aang_Foundation\20250908_mem-mito,pDQM082,315,pDQM082,315,,MGCO-01
20250908_mem-mito,fish6_24hpf_roi2,fish6_24hpf_roi2,fish6_24hpf_roi2,300,/clusterfs/vast/abcabc/Aang_Foundation/20250908_mem-mito/fish6_24hpf_roi2,aang,mem-mito,66.0,9/8/25,1,ef1a:2xLynk:tdm:mChilada,ef1a:2xLynk:tdm:mChilada,,2xCox8A:mSG,,X:\abcabc\Aang_Foundation\20250908_mem-mito,pDQM082,315,pDQM082,315,,MGCO-01
20250908_mem-mito,fish6_24hpf_roi3,fish6_24hpf_roi3,fish6_24hpf_roi3,300,/clusterfs/vast/abcabc/Aang_Foundation/20250908_mem-mito/fish6_24hpf_roi3,aang,mem-mito,66.0,9/8/25,1,ef1a:2xLynk:tdm:mChilada,ef1a:2xLynk:tdm:mChilada,,2xCox8A:mSG,,X:\abcabc\Aang_Foundation\20250908_mem-mito,pDQM082,315,pDQM082,315,,MGCO-01
20250911_mem-mito,fish1_48hpf_roi1,fish1_48hpf_roi1,fish1_48hpf_roi1,400,/clusterfs/vast/abcabc/Aang_Foundation/20250911_mem-mito/fish1_48hpf_roi1,aang,mem-mito,62.0,9/11/25,1,ef1a:2xLynk:tdmChilada (F1 of allele 315),ef1a:2xLynk:tdmChilada (F1 of allele 315),,2xCox8A:mSG,,X:\abcabc\Aang_Foundation\20250911_mem-mito,pDQM082,315,pDQM082,315,,MGCO-01
20250911_mem-mito,fish1_48hpf_roi2,fish1_48hpf_roi2,fish1_48hpf_roi2,400,/clusterfs/vast/abcabc/Aang_Foundation/20250911_mem-mito/fish1_48hpf_roi2,aang,mem-mito,62.0,9/11/25,1,ef1a:2xLynk:tdmChilada (F1 of allele 315),ef1a:2xLynk:tdmChilada (F1 of allele 315),,2xCox8A:mSG,,X:\abcabc\Aang_Foundation\20250911_mem-mito,pDQM082,315,pDQM082,315,,MGCO-01
20250911_mem-mito,fish1_48hpf_roi3,fish1_48hpf_roi3,fish1_48hpf_roi3,400,/clusterfs/vast/abcabc/Aang_Foundation/20250911_mem-mito/fish1_48hpf_roi3,aang,mem-mito,62.0,9/11/25,1,ef1a:2xLynk:tdmChilada (F1 of allele 315),ef1a:2xLynk:tdmChilada (F1 of allele 315),,2xCox8A:mSG,,X:\abcabc\Aang_Foundation\20250911_mem-mito,pDQM082,315,pDQM082,315,,MGCO-01
20250911_mem-mito,fish1_48hpf_roi4,fish1_48hpf_roi4,fish1_48hpf_roi4,400,/clusterfs/vast/abcabc/Aang_Foundation/20250911_mem-mito/fish1_48hpf_roi4,aang,mem-mito,62.0,9/11/25,1,ef1a:2xLynk:tdmChilada (F1 of allele 315),ef1a:2xLynk:tdmChilada (F1 of allele 315),,2xCox8A:mSG,,X:\abcabc\Aang_Foundation\20250911_mem-mito,pDQM082,315,pDQM082,315,,MGCO-01
20250911_mem-mito,fish1_48hpf_roi5,fish1_48hpf_roi5,fish1_48hpf_roi5,400,/clusterfs/vast/abcabc/Aang_Foundation/20250911_mem-mito/fish1_48hpf_roi5,aang,mem-mito,62.0,9/11/25,1,ef1a:2xLynk:tdmChilada (F1 of allele 315),ef1a:2xLynk:tdmChilada (F1 of allele 315),,2xCox8A:mSG,,X:\abcabc\Aang_Foundation\20250911_mem-mito,pDQM082,315,pDQM082,315,,MGCO-01
20250911_mem-mito,fish2_48hpf_roi1,fish2_48hpf_roi1,fish2_48hpf_roi1,400,/clusterfs/vast/abcabc/Aang_Foundation/20250911_mem-mito/fish2_48hpf_roi1,aang,mem-mito,62.0,9/11/25,1,ef1a:2xLynk:tdmChilada (F1 of allele 315),ef1a:2xLynk:tdmChilada (F1 of allele 315),,2xCox8A:mSG,,X:\abcabc\Aang_Foundation\20250911_mem-mito,pDQM082,315,pDQM082,315,,MGCO-01
20250911_mem-mito,fish2_48hpf_roi2,fish2_48hpf_roi2,fish2_48hpf_roi2,400,/clusterfs/vast/abcabc/Aang_Foundation/20250911_mem-mito/fish2_48hpf_roi2,aang,mem-mito,62.0,9/11/25,1,ef1a:2xLynk:tdmChilada (F1 of allele 315),ef1a:2xLynk:tdmChilada (F1 of allele 315),,2xCox8A:mSG,,X:\abcabc\Aang_Foundation\20250911_mem-mito,pDQM082,315,pDQM082,315,,MGCO-01
20250911_mem-mito,fish2_48hpf_roi3,fish2_48hpf_roi3,fish2_48hpf_roi3,400,/clusterfs/vast/abcabc/Aang_Foundation/20250911_mem-mito/fish2_48hpf_roi3,aang,mem-mito,62.0,9/11/25,1,ef1a:2xLynk:tdmChilada (F1 of allele 315),ef1a:2xLynk:tdmChilada (F1 of allele 315),,2xCox8A:mSG,,X:\abcabc\Aang_Foundation\20250911_mem-mito,pDQM082,315,pDQM082,315,,MGCO-01
20250912_mem-mito,fish1_72hpf_roi1,fish1_72hpf_roi1,fish1_72hpf_roi1,400,/clusterfs/vast/abcabc/Aang_Foundation/20250912_mem-mito/fish1_72hpf_roi1,aang,mem-mito,61.0,9/12/25,2,ef1a:2xLynk:tdmChilada (F1 of allele 315),ef1a:2xLynk:tdmChilada (F1 of allele 315),,2xCox8A:mSG,,X:\abcabc\Aang_Foundation\20250912_mem-mito,pDQM082,315,pDQM082,315,,MGCO-01
20250912_mem-mito,fish1_72hpf_roi2,fish1_72hpf_roi2,fish1_72hpf_roi2,200,/clusterfs/vast/abcabc/Aang_Foundation/20250912_mem-mito/fish1_72hpf_roi2,aang,mem-mito,61.0,9/12/25,2,ef1a:2xLynk:tdmChilada (F1 of allele 315),ef1a:2xLynk:tdmChilada (F1 of allele 315),,2xCox8A:mSG,,X:\abcabc\Aang_Foundation\20250912_mem-mito,pDQM082,315,pDQM082,315,,MGCO-01
20250912_mem-mito,fish1_72hpf_roi3,fish1_72hpf_roi3,fish1_72hpf_roi3,350,/clusterfs/vast/abcabc/Aang_Foundation/20250912_mem-mito/fish1_72hpf_roi3,aang,mem-mito,61.0,9/12/25,2,ef1a:2xLynk:tdmChilada (F1 of allele 315),ef1a:2xLynk:tdmChilada (F1 of allele 315),,2xCox8A:mSG,,X:\abcabc\Aang_Foundation\20250912_mem-mito,pDQM082,315,pDQM082,315,,MGCO-01
20250912_mem-mito,fish1_72hpf_roi4,fish1_72hpf_roi4,fish1_72hpf_roi4,350,/clusterfs/vast/abcabc/Aang_Foundation/20250912_mem-mito/fish1_72hpf_roi4,aang,mem-mito,61.0,9/12/25,2,ef1a:2xLynk:tdmChilada (F1 of allele 315),ef1a:2xLynk:tdmChilada (F1 of allele 315),,2xCox8A:mSG,,X:\abcabc\Aang_Foundation\20250912_mem-mito,pDQM082,315,pDQM082,315,,MGCO-01
20250912_mem-mito,fish2_72hpf_roi1,fish2_72hpf_roi1,fish2_72hpf_roi1,350,/clusterfs/vast/abcabc/Aang_Foundation/20250912_mem-mito/fish2_72hpf_roi1,aang,mem-mito,61.0,9/12/25,2,ef1a:2xLynk:tdmChilada (F1 of allele 315),ef1a:2xLynk:tdmChilada (F1 of allele 315),,2xCox8A:mSG,,X:\abcabc\Aang_Foundation\20250912_mem-mito,pDQM082,315,pDQM082,315,,MGCO-01
20250912_mem-mito,fish2_72hpf_roi2,fish2_72hpf_roi2,fish2_72hpf_roi2,200,/clusterfs/vast/abcabc/Aang_Foundation/20250912_mem-mito/fish2_72hpf_roi2,aang,mem-mito,61.0,9/12/25,2,ef1a:2xLynk:tdmChilada (F1 of allele 315),ef1a:2xLynk:tdmChilada (F1 of allele 315),,2xCox8A:mSG,,X:\abcabc\Aang_Foundation\20250912_mem-mito,pDQM082,315,pDQM082,315,,MGCO-01
20250912_mem-mito,fish2_72hpf_roi3,fish2_72hpf_roi3,fish2_72hpf_roi3,400,/clusterfs/vast/abcabc/Aang_Foundation/20250912_mem-mito/fish2_72hpf_roi3,aang,mem-mito,61.0,9/12/25,2,ef1a:2xLynk:tdmChilada (F1 of allele 315),ef1a:2xLynk:tdmChilada (F1 of allele 315),,2xCox8A:mSG,,X:\abcabc\Aang_Foundation\20250912_mem-mito,pDQM082,315,pDQM082,315,,MGCO-01
20250912_mem-mito,fish2_72hpf_roi4,fish2_72hpf_roi4,fish2_72hpf_roi4,350,/clusterfs/vast/abcabc/Aang_Foundation/20250912_mem-mito/fish2_72hpf_roi4,aang,mem-mito,61.0,9/12/25,2,ef1a:2xLynk:tdmChilada (F1 of allele 315),ef1a:2xLynk:tdmChilada (F1 of allele 315),,2xCox8A:mSG,,X:\abcabc\Aang_Foundation\20250912_mem-mito,pDQM082,315,pDQM082,315,,MGCO-01
20250912_mem-mito,fish3_72hpf_roi1,fish3_72hpf_roi1,fish3_72hpf_roi1,400,/clusterfs/vast/abcabc/Aang_Foundation/20250912_mem-mito/fish3_72hpf_roi1,aang,mem-mito,61.0,9/12/25,2,ef1a:2xLynk:tdmChilada (F1 of allele 315),ef1a:2xLynk:tdmChilada (F1 of allele 315),,2xCox8A:mSG,,X:\abcabc\Aang_Foundation\20250912_mem-mito,pDQM082,315,pDQM082,315,,MGCO-01
20250912_mem-mito,fish3_72hpf_roi10,fish3_72hpf_roi10,fish3_72hpf_roi10,300,/clusterfs/vast/abcabc/Aang_Foundation/20250912_mem-mito/fish3_72hpf_roi10,aang,mem-mito,61.0,9/12/25,2,ef1a:2xLynk:tdmChilada (F1 of allele 315),ef1a:2xLynk:tdmChilada (F1 of allele 315),,2xCox8A:mSG,,X:\abcabc\Aang_Foundation\20250912_mem-mito,pDQM082,315,pDQM082,315,,MGCO-01
20250912_mem-mito,fish3_72hpf_roi11,fish3_72hpf_roi11,fish3_72hpf_roi11,400,/clusterfs/vast/abcabc/Aang_Foundation/20250912_mem-mito/fish3_72hpf_roi11,aang,mem-mito,61.0,9/12/25,2,ef1a:2xLynk:tdmChilada (F1 of allele 315),ef1a:2xLynk:tdmChilada (F1 of allele 315),,2xCox8A:mSG,,X:\abcabc\Aang_Foundation\20250912_mem-mito,pDQM082,315,pDQM082,315,,MGCO-01
20250912_mem-mito,fish3_72hpf_roi12,fish3_72hpf_roi12,fish3_72hpf_roi12,400,/clusterfs/vast/abcabc/Aang_Foundation/20250912_mem-mito/fish3_72hpf_roi12,aang,mem-mito,61.0,9/12/25,2,ef1a:2xLynk:tdmChilada (F1 of allele 315),ef1a:2xLynk:tdmChilada (F1 of allele 315),,2xCox8A:mSG,,X:\abcabc\Aang_Foundation\20250912_mem-mito,pDQM082,315,pDQM082,315,,MGCO-01
20250912_mem-mito,fish3_72hpf_roi2,fish3_72hpf_roi2,fish3_72hpf_roi2,350,/clusterfs/vast/abcabc/Aang_Foundation/20250912_mem-mito/fish3_72hpf_roi2,aang,mem-mito,61.0,9/12/25,2,ef1a:2xLynk:tdmChilada (F1 of allele 315),ef1a:2xLynk:tdmChilada (F1 of allele 315),,2xCox8A:mSG,,X:\abcabc\Aang_Foundation\20250912_mem-mito,pDQM082,315,pDQM082,315,,MGCO-01
20250912_mem-mito,fish3_72hpf_roi3,fish3_72hpf_roi3,fish3_72hpf_roi3,400,/clusterfs/vast/abcabc/Aang_Foundation/20250912_mem-mito/fish3_72hpf_roi3,aang,mem-mito,61.0,9/12/25,2,ef1a:2xLynk:tdmChilada (F1 of allele 315),ef1a:2xLynk:tdmChilada (F1 of allele 315),,2xCox8A:mSG,,X:\abcabc\Aang_Foundation\20250912_mem-mito,pDQM082,315,pDQM082,315,,MGCO-01
20250912_mem-mito,fish3_72hpf_roi4,fish3_72hpf_roi4,fish3_72hpf_roi4,400,/clusterfs/vast/abcabc/Aang_Foundation/20250912_mem-mito/fish3_72hpf_roi4,aang,mem-mito,61.0,9/12/25,2,ef1a:2xLynk:tdmChilada (F1 of allele 315),ef1a:2xLynk:tdmChilada (F1 of allele 315),,2xCox8A:mSG,,X:\abcabc\Aang_Foundation\20250912_mem-mito,pDQM082,315,pDQM082,315,,MGCO-01
20250912_mem-mito,fish3_72hpf_roi5,fish3_72hpf_roi5,fish3_72hpf_roi5,400,/clusterfs/vast/abcabc/Aang_Foundation/20250912_mem-mito/fish3_72hpf_roi5,aang,mem-mito,61.0,9/12/25,2,ef1a:2xLynk:tdmChilada (F1 of allele 315),ef1a:2xLynk:tdmChilada (F1 of allele 315),,2xCox8A:mSG,,X:\abcabc\Aang_Foundation\20250912_mem-mito,pDQM082,315,pDQM082,315,,MGCO-01
20250912_mem-mito,fish3_72hpf_roi6,fish3_72hpf_roi6,fish3_72hpf_roi6,400,/clusterfs/vast/abcabc/Aang_Foundation/20250912_mem-mito/fish3_72hpf_roi6,aang,mem-mito,61.0,9/12/25,2,ef1a:2xLynk:tdmChilada (F1 of allele 315),ef1a:2xLynk:tdmChilada (F1 of allele 315),,2xCox8A:mSG,,X:\abcabc\Aang_Foundation\20250912_mem-mito,pDQM082,315,pDQM082,315,,MGCO-01
20250912_mem-mito,fish3_72hpf_roi7,fish3_72hpf_roi7,fish3_72hpf_roi7,400,/clusterfs/vast/abcabc/Aang_Foundation/20250912_mem-mito/fish3_72hpf_roi7,aang,mem-mito,61.0,9/12/25,2,ef1a:2xLynk:tdmChilada (F1 of allele 315),ef1a:2xLynk:tdmChilada (F1 of allele 315),,2xCox8A:mSG,,X:\abcabc\Aang_Foundation\20250912_mem-mito,pDQM082,315,pDQM082,315,,MGCO-01
20250912_mem-mito,fish3_72hpf_roi8,fish3_72hpf_roi8,fish3_72hpf_roi8,400,/clusterfs/vast/abcabc/Aang_Foundation/20250912_mem-mito/fish3_72hpf_roi8,aang,mem-mito,61.0,9/12/25,2,ef1a:2xLynk:tdmChilada (F1 of allele 315),ef1a:2xLynk:tdmChilada (F1 of allele 315),,2xCox8A:mSG,,X:\abcabc\Aang_Foundation\20250912_mem-mito,pDQM082,315,pDQM082,315,,MGCO-01
20250912_mem-mito,fish3_72hpf_roi9,fish3_72hpf_roi9,fish3_72hpf_roi9,350,/clusterfs/vast/abcabc/Aang_Foundation/20250912_mem-mito/fish3_72hpf_roi9,aang,mem-mito,61.0,9/12/25,2,ef1a:2xLynk:tdmChilada (F1 of allele 315),ef1a:2xLynk:tdmChilada (F1 of allele 315),,2xCox8A:mSG,,X:\abcabc\Aang_Foundation\20250912_mem-mito,pDQM082,315,pDQM082,315,,MGCO-01
20250912_mem-mito,fish4_72hpf_roi1,fish4_72hpf_roi1,fish4_72hpf_roi1,400,/clusterfs/vast/abcabc/Aang_Foundation/20250912_mem-mito/fish4_72hpf_roi1,aang,mem-mito,61.0,9/12/25,2,ef1a:2xLynk:tdmChilada (F1 of allele 315),ef1a:2xLynk:tdmChilada (F1 of allele 315),,2xCox8A:mSG,,X:\abcabc\Aang_Foundation\20250912_mem-mito,pDQM082,315,pDQM082,315,,MGCO-01
20250912_mem-mito,fish4_72hpf_roi2,fish4_72hpf_roi2,fish4_72hpf_roi2,300,/clusterfs/vast/abcabc/Aang_Foundation/20250912_mem-mito/fish4_72hpf_roi2,aang,mem-mito,61.0,9/12/25,2,ef1a:2xLynk:tdmChilada (F1 of allele 315),ef1a:2xLynk:tdmChilada (F1 of allele 315),,2xCox8A:mSG,,X:\abcabc\Aang_Foundation\20250912_mem-mito,pDQM082,315,pDQM082,315,,MGCO-01
20250912_mem-mito,fish4_72hpf_roi3,fish4_72hpf_roi3,fish4_72hpf_roi3,200,/clusterfs/vast/abcabc/Aang_Foundation/20250912_mem-mito/fish4_72hpf_roi3,aang,mem-mito,61.0,9/12/25,2,ef1a:2xLynk:tdmChilada (F1 of allele 315),ef1a:2xLynk:tdmChilada (F1 of allele 315),,2xCox8A:mSG,,X:\abcabc\Aang_Foundation\20250912_mem-mito,pDQM082,315,pDQM082,315,,MGCO-01
20250912_mem-mito,fish4_72hpf_roi4,fish4_72hpf_roi4,fish4_72hpf_roi4,200,/clusterfs/vast/abcabc/Aang_Foundation/20250912_mem-mito/fish4_72hpf_roi4,aang,mem-mito,61.0,9/12/25,2,ef1a:2xLynk:tdmChilada (F1 of allele 315),ef1a:2xLynk:tdmChilada (F1 of allele 315),,2xCox8A:mSG,,X:\abcabc\Aang_Foundation\20250912_mem-mito,pDQM082,315,pDQM082,315,,MGCO-01
20250912_mem-mito,fish4_72hpf_roi5,fish4_72hpf_roi5,fish4_72hpf_roi5,300,/clusterfs/vast/abcabc/Aang_Foundation/20250912_mem-mito/fish4_72hpf_roi5,aang,mem-mito,61.0,9/12/25,2,ef1a:2xLynk:tdmChilada (F1 of allele 315),ef1a:2xLynk:tdmChilada (F1 of allele 315),,2xCox8A:mSG,,X:\abcabc\Aang_Foundation\20250912_mem-mito,pDQM082,315,pDQM082,315,,MGCO-01
20250912_mem-mito,fish4_72hpf_roi6,fish4_72hpf_roi6,fish4_72hpf_roi6,350,/clusterfs/vast/abcabc/Aang_Foundation/20250912_mem-mito/fish4_72hpf_roi6,aang,mem-mito,61.0,9/12/25,2,ef1a:2xLynk:tdmChilada (F1 of allele 315),ef1a:2xLynk:tdmChilada (F1 of allele 315),,2xCox8A:mSG,,X:\abcabc\Aang_Foundation\20250912_mem-mito,pDQM082,315,pDQM082,315,,MGCO-01
20250915_mem-mito,fish1_72hpf_roi1,fish1_72hpf_roi1,fish1_72hpf_roi1,250,/clusterfs/vast/abcabc/Aang_Foundation/20250915_mem-mito/fish1_72hpf_roi1,aang,mem-mito,60.0,9/15/25,1,,ef1a:2xLynk:tdm:Halo,,2xCox8A:mSG,,X:\abcabc\Aang_Foundation\20250915_mem-mito,,,Swinburne,Swinburne,,MGCO-01
20250915_mem-mito,fish1_72hpf_roi2,fish1_72hpf_roi2,fish1_72hpf_roi2,250,/clusterfs/vast/abcabc/Aang_Foundation/20250915_mem-mito/fish1_72hpf_roi2,aang,mem-mito,60.0,9/15/25,1,,ef1a:2xLynk:tdm:Halo,,2xCox8A:mSG,,X:\abcabc\Aang_Foundation\20250915_mem-mito,,,Swinburne,Swinburne,,MGCO-01
20250915_mem-mito,fish1_72hpf_roi3,fish1_72hpf_roi3,fish1_72hpf_roi3,200,/clusterfs/vast/abcabc/Aang_Foundation/20250915_mem-mito/fish1_72hpf_roi3,aang,mem-mito,60.0,9/15/25,1,,ef1a:2xLynk:tdm:Halo,,2xCox8A:mSG,,X:\abcabc\Aang_Foundation\20250915_mem-mito,,,Swinburne,Swinburne,,MGCO-01
20250915_mem-mito,fish1_72hpf_roi4,fish1_72hpf_roi4,fish1_72hpf_roi4,350,/clusterfs/vast/abcabc/Aang_Foundation/20250915_mem-mito/fish1_72hpf_roi4,aang,mem-mito,60.0,9/15/25,1,,ef1a:2xLynk:tdm:Halo,,2xCox8A:mSG,,X:\abcabc\Aang_Foundation\20250915_mem-mito,,,Swinburne,Swinburne,,MGCO-01
20250915_mem-mito,fish1_72hpf_roi5,fish1_72hpf_roi5,fish1_72hpf_roi5,200,/clusterfs/vast/abcabc/Aang_Foundation/20250915_mem-mito/fish1_72hpf_roi5,aang,mem-mito,60.0,9/15/25,1,,ef1a:2xLynk:tdm:Halo,,2xCox8A:mSG,,X:\abcabc\Aang_Foundation\20250915_mem-mito,,,Swinburne,Swinburne,,MGCO-01
20250915_mem-mito,fish2_72hpf_roi1,fish2_72hpf_roi1,fish2_72hpf_roi1,350,/clusterfs/vast/abcabc/Aang_Foundation/20250915_mem-mito/fish2_72hpf_roi1,aang,mem-mito,60.0,9/15/25,1,,ef1a:2xLynk:tdm:Halo,,2xCox8A:mSG,,X:\abcabc\Aang_Foundation\20250915_mem-mito,,,Swinburne,Swinburne,,MGCO-01
20250915_mem-mito,fish2_72hpf_roi2,fish2_72hpf_roi2,fish2_72hpf_roi2,250,/clusterfs/vast/abcabc/Aang_Foundation/20250915_mem-mito/fish2_72hpf_roi2,aang,mem-mito,60.0,9/15/25,1,,ef1a:2xLynk:tdm:Halo,,2xCox8A:mSG,,X:\abcabc\Aang_Foundation\20250915_mem-mito,,,Swinburne,Swinburne,,MGCO-01
20250915_mem-mito,fish2_72hpf_roi3,fish2_72hpf_roi3,fish2_72hpf_roi3,200,/clusterfs/vast/abcabc/Aang_Foundation/20250915_mem-mito/fish2_72hpf_roi3,aang,mem-mito,60.0,9/15/25,1,,ef1a:2xLynk:tdm:Halo,,2xCox8A:mSG,,X:\abcabc\Aang_Foundation\20250915_mem-mito,,,Swinburne,Swinburne,,MGCO-01
20250915_mem-mito,fish3_72hpf_roi1,fish3_72hpf_roi1,fish3_72hpf_roi1,250,/clusterfs/vast/abcabc/Aang_Foundation/20250915_mem-mito/fish3_72hpf_roi1,aang,mem-mito,60.0,9/15/25,1,,ef1a:2xLynk:tdm:Halo,,2xCox8A:mSG,,X:\abcabc\Aang_Foundation\20250915_mem-mito,,,Swinburne,Swinburne,,MGCO-01
20250915_mem-mito,fish3_72hpf_roi2,fish3_72hpf_roi2,fish3_72hpf_roi2,400,/clusterfs/vast/abcabc/Aang_Foundation/20250915_mem-mito/fish3_72hpf_roi2,aang,mem-mito,60.0,9/15/25,1,,ef1a:2xLynk:tdm:Halo,,2xCox8A:mSG,,X:\abcabc\Aang_Foundation\20250915_mem-mito,,,Swinburne,Swinburne,,MGCO-01
20250915_mem-mito,fish3_72hpf_roi3,fish3_72hpf_roi3,fish3_72hpf_roi3,300,/clusterfs/vast/abcabc/Aang_Foundation/20250915_mem-mito/fish3_72hpf_roi3,aang,mem-mito,60.0,9/15/25,1,,ef1a:2xLynk:tdm:Halo,,2xCox8A:mSG,,X:\abcabc\Aang_Foundation\20250915_mem-mito,,,Swinburne,Swinburne,,MGCO-01
20250915_mem-mito,fish3_72hpf_roi4,fish3_72hpf_roi4,fish3_72hpf_roi4,400,/clusterfs/vast/abcabc/Aang_Foundation/20250915_mem-mito/fish3_72hpf_roi4,aang,mem-mito,60.0,9/15/25,1,,ef1a:2xLynk:tdm:Halo,,2xCox8A:mSG,,X:\abcabc\Aang_Foundation\20250915_mem-mito,,,Swinburne,Swinburne,,MGCO-01
20250915_mem-mito,fish3_72hpf_roi5,fish3_72hpf_roi5,fish3_72hpf_roi5,250,/clusterfs/vast/abcabc/Aang_Foundation/20250915_mem-mito/fish3_72hpf_roi5,aang,mem-mito,60.0,9/15/25,1,,ef1a:2xLynk:tdm:Halo,,2xCox8A:mSG,,X:\abcabc\Aang_Foundation\20250915_mem-mito,,,Swinburne,Swinburne,,MGCO-01
20250915_mem-mito,fish3_72hpf_roi6,fish3_72hpf_roi6,fish3_72hpf_roi6,400,/clusterfs/vast/abcabc/Aang_Foundation/20250915_mem-mito/fish3_72hpf_roi6,aang,mem-mito,60.0,9/15/25,1,,ef1a:2xLynk:tdm:Halo,,2xCox8A:mSG,,X:\abcabc\Aang_Foundation\20250915_mem-mito,,,Swinburne,Swinburne,,MGCO-01
20250915_mem-mito,fish3_72hpf_roi7,fish3_72hpf_roi7,fish3_72hpf_roi7,200,/clusterfs/vast/abcabc/Aang_Foundation/20250915_mem-mito/fish3_72hpf_roi7,aang,mem-mito,60.0,9/15/25,1,,ef1a:2xLynk:tdm:Halo,,2xCox8A:mSG,,X:\abcabc\Aang_Foundation\20250915_mem-mito,,,Swinburne,Swinburne,,MGCO-01
20250915_mem-mito,fish5_72hpf_roi1,fish5_72hpf_roi1,fish5_72hpf_roi1,200,/clusterfs/vast/abcabc/Aang_Foundation/20250915_mem-mito/fish5_72hpf_roi1,aang,mem-mito,60.0,9/15/25,1,,ef1a:2xLynk:tdm:Halo,,2xCox8A:mSG,,X:\abcabc\Aang_Foundation\20250915_mem-mito,,,Swinburne,Swinburne,,MGCO-01
20250915_mem-mito,fish5_72hpf_roi2,fish5_72hpf_roi2,fish5_72hpf_roi2,300,/clusterfs/vast/abcabc/Aang_Foundation/20250915_mem-mito/fish5_72hpf_roi2,aang,mem-mito,60.0,9/15/25,1,,ef1a:2xLynk:tdm:Halo,,2xCox8A:mSG,,X:\abcabc\Aang_Foundation\20250915_mem-mito,,,Swinburne,Swinburne,,MGCO-01
20250915_mem-mito,fish5_72hpf_roi3,fish5_72hpf_roi3,fish5_72hpf_roi3,350,/clusterfs/vast/abcabc/Aang_Foundation/20250915_mem-mito/fish5_72hpf_roi3,aang,mem-mito,60.0,9/15/25,1,,ef1a:2xLynk:tdm:Halo,,2xCox8A:mSG,,X:\abcabc\Aang_Foundation\20250915_mem-mito,,,Swinburne,Swinburne,,MGCO-01
20250917_mem-mito,fish1_48hpf_roi1,fish1_48hpf_roi1,fish1_48hpf_roi1,300,/clusterfs/vast/abcabc/Aang_Foundation/20250917_mem-mito/fish1_48hpf_roi1,aang,mem-mito,58.0,9/16/25,top,ef1a:2xLynk:tdmChilada (F1 of allele 315),ef1a:2xLynk:tdmChilada (F1 of allele 315),,2xCox8A:mSG,,X:\abcabc\Aang_Foundation\20250917_mem-mito,pDQM082,315,pDQM082,315,,MGCO-01
20250917_mem-mito,fish1_48hpf_roi2,fish1_48hpf_roi2,fish1_48hpf_roi2,200,/clusterfs/vast/abcabc/Aang_Foundation/20250917_mem-mito/fish1_48hpf_roi2,aang,mem-mito,58.0,9/16/25,top,ef1a:2xLynk:tdmChilada (F1 of allele 315),ef1a:2xLynk:tdmChilada (F1 of allele 315),,2xCox8A:mSG,,X:\abcabc\Aang_Foundation\20250917_mem-mito,pDQM082,315,pDQM082,315,,MGCO-01
20250917_mem-mito,fish2_48hpf_roi1,fish2_48hpf_roi1,fish2_48hpf_roi1,300,/clusterfs/vast/abcabc/Aang_Foundation/20250917_mem-mito/fish2_48hpf_roi1,aang,mem-mito,58.0,9/16/25,top,ef1a:2xLynk:tdmChilada (F1 of allele 315),ef1a:2xLynk:tdmChilada (F1 of allele 315),,2xCox8A:mSG,,X:\abcabc\Aang_Foundation\20250917_mem-mito,pDQM082,315,pDQM082,315,,MGCO-01
20250917_mem-mito,fish2_48hpf_roi2,fish2_48hpf_roi2,fish2_48hpf_roi2,250,/clusterfs/vast/abcabc/Aang_Foundation/20250917_mem-mito/fish2_48hpf_roi2,aang,mem-mito,58.0,9/16/25,top,ef1a:2xLynk:tdmChilada (F1 of allele 315),ef1a:2xLynk:tdmChilada (F1 of allele 315),,2xCox8A:mSG,,X:\abcabc\Aang_Foundation\20250917_mem-mito,pDQM082,315,pDQM082,315,,MGCO-01
20250917_mem-mito,fish3_48hpf_roi1,fish3_48hpf_roi1,fish3_48hpf_roi1,400,/clusterfs/vast/abcabc/Aang_Foundation/20250917_mem-mito/fish3_48hpf_roi1,aang,mem-mito,58.0,9/16/25,top,ef1a:2xLynk:tdmChilada (F1 of allele 315),ef1a:2xLynk:tdmChilada (F1 of allele 315),,2xCox8A:mSG,,X:\abcabc\Aang_Foundation\20250917_mem-mito,pDQM082,315,pDQM082,315,,MGCO-01
20250917_mem-mito,fish3_48hpf_roi2,fish3_48hpf_roi2,fish3_48hpf_roi2,400,/clusterfs/vast/abcabc/Aang_Foundation/20250917_mem-mito/fish3_48hpf_roi2,aang,mem-mito,58.0,9/16/25,top,ef1a:2xLynk:tdmChilada (F1 of allele 315),ef1a:2xLynk:tdmChilada (F1 of allele 315),,2xCox8A:mSG,,X:\abcabc\Aang_Foundation\20250917_mem-mito,pDQM082,315,pDQM082,315,,MGCO-01
20250917_mem-mito,fish3_48hpf_roi3,fish3_48hpf_roi3,fish3_48hpf_roi3,350,/clusterfs/vast/abcabc/Aang_Foundation/20250917_mem-mito/fish3_48hpf_roi3,aang,mem-mito,58.0,9/16/25,top,ef1a:2xLynk:tdmChilada (F1 of allele 315),ef1a:2xLynk:tdmChilada (F1 of allele 315),,2xCox8A:mSG,,X:\abcabc\Aang_Foundation\20250917_mem-mito,pDQM082,315,pDQM082,315,,MGCO-01
20250917_mem-mito,fish3_48hpf_roi4,fish3_48hpf_roi4,fish3_48hpf_roi4,300,/clusterfs/vast/abcabc/Aang_Foundation/20250917_mem-mito/fish3_48hpf_roi4,aang,mem-mito,58.0,9/16/25,top,ef1a:2xLynk:tdmChilada (F1 of allele 315),ef1a:2xLynk:tdmChilada (F1 of allele 315),,2xCox8A:mSG,,X:\abcabc\Aang_Foundation\20250917_mem-mito,pDQM082,315,pDQM082,315,,MGCO-01
20250917_mem-mito,fish4_48hpf_roi1,fish4_48hpf_roi1,fish4_48hpf_roi1,250,/clusterfs/vast/abcabc/Aang_Foundation/20250917_mem-mito/fish4_48hpf_roi1,aang,mem-mito,58.0,9/16/25,top,ef1a:2xLynk:tdmChilada (F1 of allele 315),ef1a:2xLynk:tdmChilada (F1 of allele 315),,2xCox8A:mSG,,X:\abcabc\Aang_Foundation\20250917_mem-mito,pDQM082,315,pDQM082,315,,MGCO-01
20250917_mem-mito,fish4_48hpf_roi2,fish4_48hpf_roi2,fish4_48hpf_roi2,250,/clusterfs/vast/abcabc/Aang_Foundation/20250917_mem-mito/fish4_48hpf_roi2,aang,mem-mito,58.0,9/16/25,top,ef1a:2xLynk:tdmChilada (F1 of allele 315),ef1a:2xLynk:tdmChilada (F1 of allele 315),,2xCox8A:mSG,,X:\abcabc\Aang_Foundation\20250917_mem-mito,pDQM082,315,pDQM082,315,,MGCO-01
20250917_mem-mito,fish4_48hpf_roi3,fish4_48hpf_roi3,fish4_48hpf_roi3,300,/clusterfs/vast/abcabc/Aang_Foundation/20250917_mem-mito/fish4_48hpf_roi3,aang,mem-mito,58.0,9/16/25,top,ef1a:2xLynk:tdmChilada (F1 of allele 315),ef1a:2xLynk:tdmChilada (F1 of allele 315),,2xCox8A:mSG,,X:\abcabc\Aang_Foundation\20250917_mem-mito,pDQM082,315,pDQM082,315,,MGCO-01
20250917_mem-mito,fish4_48hpf_roi4,fish4_48hpf_roi4,fish4_48hpf_roi4,200,/clusterfs/vast/abcabc/Aang_Foundation/20250917_mem-mito/fish4_48hpf_roi4,aang,mem-mito,58.0,9/16/25,top,ef1a:2xLynk:tdmChilada (F1 of allele 315),ef1a:2xLynk:tdmChilada (F1 of allele 315),,2xCox8A:mSG,,X:\abcabc\Aang_Foundation\20250917_mem-mito,pDQM082,315,pDQM082,315,,MGCO-01
20250917_mem-mito,fish4_48hpf_roi5,fish4_48hpf_roi5,fish4_48hpf_roi5,400,/clusterfs/vast/abcabc/Aang_Foundation/20250917_mem-mito/fish4_48hpf_roi5,aang,mem-mito,58.0,9/16/25,top,ef1a:2xLynk:tdmChilada (F1 of allele 315),ef1a:2xLynk:tdmChilada (F1 of allele 315),,2xCox8A:mSG,,X:\abcabc\Aang_Foundation\20250917_mem-mito,pDQM082,315,pDQM082,315,,MGCO-01
20250917_mem-mito,fish4_48hpf_roi6,fish4_48hpf_roi6,fish4_48hpf_roi6,400,/clusterfs/vast/abcabc/Aang_Foundation/20250917_mem-mito/fish4_48hpf_roi6,aang,mem-mito,58.0,9/16/25,top,ef1a:2xLynk:tdmChilada (F1 of allele 315),ef1a:2xLynk:tdmChilada (F1 of allele 315),,2xCox8A:mSG,,X:\abcabc\Aang_Foundation\20250917_mem-mito,pDQM082,315,pDQM082,315,,MGCO-01
20250917_mem-mito,fish5_48hpf_roi1,fish5_48hpf_roi1,fish5_48hpf_roi1,300,/clusterfs/vast/abcabc/Aang_Foundation/20250917_mem-mito/fish5_48hpf_roi1,aang,mem-mito,58.0,9/16/25,top,ef1a:2xLynk:tdmChilada (F1 of allele 315),ef1a:2xLynk:tdmChilada (F1 of allele 315),,2xCox8A:mSG,,X:\abcabc\Aang_Foundation\20250917_mem-mito,pDQM082,315,pDQM082,315,,MGCO-01
20250917_mem-mito,fish5_48hpf_roi2,fish5_48hpf_roi2,fish5_48hpf_roi2,150,/clusterfs/vast/abcabc/Aang_Foundation/20250917_mem-mito/fish5_48hpf_roi2,aang,mem-mito,58.0,9/16/25,top,ef1a:2xLynk:tdmChilada (F1 of allele 315),ef1a:2xLynk:tdmChilada (F1 of allele 315),,2xCox8A:mSG,,X:\abcabc\Aang_Foundation\20250917_mem-mito,pDQM082,315,pDQM082,315,,MGCO-01
20250917_mem-mito,fish5_48hpf_roi3,fish5_48hpf_roi3,fish5_48hpf_roi3,150,/clusterfs/vast/abcabc/Aang_Foundation/20250917_mem-mito/fish5_48hpf_roi3,aang,mem-mito,58.0,9/16/25,top,ef1a:2xLynk:tdmChilada (F1 of allele 315),ef1a:2xLynk:tdmChilada (F1 of allele 315),,2xCox8A:mSG,,X:\abcabc\Aang_Foundation\20250917_mem-mito,pDQM082,315,pDQM082,315,,MGCO-01
20250917_mem-mito,fish5_48hpf_roi4,fish5_48hpf_roi4,fish5_48hpf_roi4,400,/clusterfs/vast/abcabc/Aang_Foundation/20250917_mem-mito/fish5_48hpf_roi4,aang,mem-mito,58.0,9/16/25,top,ef1a:2xLynk:tdmChilada (F1 of allele 315),ef1a:2xLynk:tdmChilada (F1 of allele 315),,2xCox8A:mSG,,X:\abcabc\Aang_Foundation\20250917_mem-mito,pDQM082,315,pDQM082,315,,MGCO-01
20250917_mem-mito,fish5_48hpf_roi5,fish5_48hpf_roi5,fish5_48hpf_roi5,200,/clusterfs/vast/abcabc/Aang_Foundation/20250917_mem-mito/fish5_48hpf_roi5,aang,mem-mito,58.0,9/16/25,top,ef1a:2xLynk:tdmChilada (F1 of allele 315),ef1a:2xLynk:tdmChilada (F1 of allele 315),,2xCox8A:mSG,,X:\abcabc\Aang_Foundation\20250917_mem-mito,pDQM082,315,pDQM082,315,,MGCO-01
20250917_mem-mito,fish6_48hpf_roi1,fish6_48hpf_roi1,fish6_48hpf_roi1,400,/clusterfs/vast/abcabc/Aang_Foundation/20250917_mem-mito/fish6_48hpf_roi1,aang,mem-mito,58.0,9/16/25,top,ef1a:2xLynk:tdmChilada (F1 of allele 315),ef1a:2xLynk:tdmChilada (F1 of allele 315),,2xCox8A:mSG,,X:\abcabc\Aang_Foundation\20250917_mem-mito,pDQM082,315,pDQM082,315,,MGCO-01
20250917_mem-mito,fish6_48hpf_roi2,fish6_48hpf_roi2,fish6_48hpf_roi2,350,/clusterfs/vast/abcabc/Aang_Foundation/20250917_mem-mito/fish6_48hpf_roi2,aang,mem-mito,58.0,9/16/25,top,ef1a:2xLynk:tdmChilada (F1 of allele 315),ef1a:2xLynk:tdmChilada (F1 of allele 315),,2xCox8A:mSG,,X:\abcabc\Aang_Foundation\20250917_mem-mito,pDQM082,315,pDQM082,315,,MGCO-01
20250918_mem-mito,fish1_72hpf_roi1,fish1_72hpf_roi1,fish1_72hpf_roi1,400,/clusterfs/vast/abcabc/Aang_Foundation/20250918_mem-mito/fish1_72hpf_roi1,aang,mem-mito,57.0,9/18/25,1,ef1a:2xLynk:tdmChilada (F1 of allele 315),ef1a:2xLynk:tdmChilada (F1 of allele 315),,2xCox8A:mSG,,X:\abcabc\Aang_Foundation\20250918_mem-mito,pDQM082,315,pDQM082,315,,MGCO-01
20250918_mem-mito,fish1_72hpf_roi2,fish1_72hpf_roi2,fish1_72hpf_roi2,350,/clusterfs/vast/abcabc/Aang_Foundation/20250918_mem-mito/fish1_72hpf_roi2,aang,mem-mito,57.0,9/18/25,1,ef1a:2xLynk:tdmChilada (F1 of allele 315),ef1a:2xLynk:tdmChilada (F1 of allele 315),,2xCox8A:mSG,,X:\abcabc\Aang_Foundation\20250918_mem-mito,pDQM082,315,pDQM082,315,,MGCO-01
20250918_mem-mito,fish1_72hpf_roi3,fish1_72hpf_roi3,fish1_72hpf_roi3,350,/clusterfs/vast/abcabc/Aang_Foundation/20250918_mem-mito/fish1_72hpf_roi3,aang,mem-mito,57.0,9/18/25,1,ef1a:2xLynk:tdmChilada (F1 of allele 315),ef1a:2xLynk:tdmChilada (F1 of allele 315),,2xCox8A:mSG,,X:\abcabc\Aang_Foundation\20250918_mem-mito,pDQM082,315,pDQM082,315,,MGCO-01
20250918_mem-mito,fish1_72hpf_roi4,fish1_72hpf_roi4,fish1_72hpf_roi4,250,/clusterfs/vast/abcabc/Aang_Foundation/20250918_mem-mito/fish1_72hpf_roi4,aang,mem-mito,57.0,9/18/25,1,ef1a:2xLynk:tdmChilada (F1 of allele 315),ef1a:2xLynk:tdmChilada (F1 of allele 315),,2xCox8A:mSG,,X:\abcabc\Aang_Foundation\20250918_mem-mito,pDQM082,315,pDQM082,315,,MGCO-01
20250918_mem-mito,fish1_72hpf_roi5,fish1_72hpf_roi5,fish1_72hpf_roi5,200,/clusterfs/vast/abcabc/Aang_Foundation/20250918_mem-mito/fish1_72hpf_roi5,aang,mem-mito,57.0,9/18/25,1,ef1a:2xLynk:tdmChilada (F1 of allele 315),ef1a:2xLynk:tdmChilada (F1 of allele 315),,2xCox8A:mSG,,X:\abcabc\Aang_Foundation\20250918_mem-mito,pDQM082,315,pDQM082,315,,MGCO-01
20250918_mem-mito,fish1_72hpf_roi6,fish1_72hpf_roi6,fish1_72hpf_roi6,400,/clusterfs/vast/abcabc/Aang_Foundation/20250918_mem-mito/fish1_72hpf_roi6,aang,mem-mito,57.0,9/18/25,1,ef1a:2xLynk:tdmChilada (F1 of allele 315),ef1a:2xLynk:tdmChilada (F1 of allele 315),,2xCox8A:mSG,,X:\abcabc\Aang_Foundation\20250918_mem-mito,pDQM082,315,pDQM082,315,,MGCO-01
20250918_mem-mito,fish2_72hpf_roi1,fish2_72hpf_roi1,fish2_72hpf_roi1,350,/clusterfs/vast/abcabc/Aang_Foundation/20250918_mem-mito/fish2_72hpf_roi1,aang,mem-mito,57.0,9/18/25,1,ef1a:2xLynk:tdmChilada (F1 of allele 315),ef1a:2xLynk:tdmChilada (F1 of allele 315),,2xCox8A:mSG,,X:\abcabc\Aang_Foundation\20250918_mem-mito,pDQM082,315,pDQM082,315,,MGCO-01
20250918_mem-mito,fish2_72hpf_roi2,fish2_72hpf_roi2,fish2_72hpf_roi2,350,/clusterfs/vast/abcabc/Aang_Foundation/20250918_mem-mito/fish2_72hpf_roi2,aang,mem-mito,57.0,9/18/25,1,ef1a:2xLynk:tdmChilada (F1 of allele 315),ef1a:2xLynk:tdmChilada (F1 of allele 315),,2xCox8A:mSG,,X:\abcabc\Aang_Foundation\20250918_mem-mito,pDQM082,315,pDQM082,315,,MGCO-01
20250918_mem-mito,fish2_72hpf_roi3,fish2_72hpf_roi3,fish2_72hpf_roi3,250,/clusterfs/vast/abcabc/Aang_Foundation/20250918_mem-mito/fish2_72hpf_roi3,aang,mem-mito,57.0,9/18/25,1,ef1a:2xLynk:tdmChilada (F1 of allele 315),ef1a:2xLynk:tdmChilada (F1 of allele 315),,2xCox8A:mSG,,X:\abcabc\Aang_Foundation\20250918_mem-mito,pDQM082,315,pDQM082,315,,MGCO-01
20250918_mem-mito,fish2_72hpf_roi4,fish2_72hpf_roi4,fish2_72hpf_roi4,300,/clusterfs/vast/abcabc/Aang_Foundation/20250918_mem-mito/fish2_72hpf_roi4,aang,mem-mito,57.0,9/18/25,1,ef1a:2xLynk:tdmChilada (F1 of allele 315),ef1a:2xLynk:tdmChilada (F1 of allele 315),,2xCox8A:mSG,,X:\abcabc\Aang_Foundation\20250918_mem-mito,pDQM082,315,pDQM082,315,,MGCO-01
20250918_mem-mito,fish3_72hpf_roi1,fish3_72hpf_roi1,fish3_72hpf_roi1,400,/clusterfs/vast/abcabc/Aang_Foundation/20250918_mem-mito/fish3_72hpf_roi1,aang,mem-mito,57.0,9/18/25,1,ef1a:2xLynk:tdmChilada (F1 of allele 315),ef1a:2xLynk:tdmChilada (F1 of allele 315),,2xCox8A:mSG,,X:\abcabc\Aang_Foundation\20250918_mem-mito,pDQM082,315,pDQM082,315,,MGCO-01
20250918_mem-mito,fish3_72hpf_roi10,fish3_72hpf_roi10,fish3_72hpf_roi10,400,/clusterfs/vast/abcabc/Aang_Foundation/20250918_mem-mito/fish3_72hpf_roi10,aang,mem-mito,57.0,9/18/25,1,ef1a:2xLynk:tdmChilada (F1 of allele 315),ef1a:2xLynk:tdmChilada (F1 of allele 315),,2xCox8A:mSG,,X:\abcabc\Aang_Foundation\20250918_mem-mito,pDQM082,315,pDQM082,315,,MGCO-01
20250918_mem-mito,fish3_72hpf_roi11,fish3_72hpf_roi11,fish3_72hpf_roi11,400,/clusterfs/vast/abcabc/Aang_Foundation/20250918_mem-mito/fish3_72hpf_roi11,aang,mem-mito,57.0,9/18/25,1,ef1a:2xLynk:tdmChilada (F1 of allele 315),ef1a:2xLynk:tdmChilada (F1 of allele 315),,2xCox8A:mSG,,X:\abcabc\Aang_Foundation\20250918_mem-mito,pDQM082,315,pDQM082,315,,MGCO-01
20250918_mem-mito,fish3_72hpf_roi2,fish3_72hpf_roi2,fish3_72hpf_roi2,200,/clusterfs/vast/abcabc/Aang_Foundation/20250918_mem-mito/fish3_72hpf_roi2,aang,mem-mito,57.0,9/18/25,1,ef1a:2xLynk:tdmChilada (F1 of allele 315),ef1a:2xLynk:tdmChilada (F1 of allele 315),,2xCox8A:mSG,,X:\abcabc\Aang_Foundation\20250918_mem-mito,pDQM082,315,pDQM082,315,,MGCO-01
20250918_mem-mito,fish3_72hpf_roi3,fish3_72hpf_roi3,fish3_72hpf_roi3,300,/clusterfs/vast/abcabc/Aang_Foundation/20250918_mem-mito/fish3_72hpf_roi3,aang,mem-mito,57.0,9/18/25,1,ef1a:2xLynk:tdmChilada (F1 of allele 315),ef1a:2xLynk:tdmChilada (F1 of allele 315),,2xCox8A:mSG,,X:\abcabc\Aang_Foundation\20250918_mem-mito,pDQM082,315,pDQM082,315,,MGCO-01
20250918_mem-mito,fish3_72hpf_roi4,fish3_72hpf_roi4,fish3_72hpf_roi4,200,/clusterfs/vast/abcabc/Aang_Foundation/20250918_mem-mito/fish3_72hpf_roi4,aang,mem-mito,57.0,9/18/25,1,ef1a:2xLynk:tdmChilada (F1 of allele 315),ef1a:2xLynk:tdmChilada (F1 of allele 315),,2xCox8A:mSG,,X:\abcabc\Aang_Foundation\20250918_mem-mito,pDQM082,315,pDQM082,315,,MGCO-01
20250918_mem-mito,fish3_72hpf_roi5,fish3_72hpf_roi5,fish3_72hpf_roi5,400,/clusterfs/vast/abcabc/Aang_Foundation/20250918_mem-mito/fish3_72hpf_roi5,aang,mem-mito,57.0,9/18/25,1,ef1a:2xLynk:tdmChilada (F1 of allele 315),ef1a:2xLynk:tdmChilada (F1 of allele 315),,2xCox8A:mSG,,X:\abcabc\Aang_Foundation\20250918_mem-mito,pDQM082,315,pDQM082,315,,MGCO-01
20250918_mem-mito,fish3_72hpf_roi6,fish3_72hpf_roi6,fish3_72hpf_roi6,250,/clusterfs/vast/abcabc/Aang_Foundation/20250918_mem-mito/fish3_72hpf_roi6,aang,mem-mito,57.0,9/18/25,1,ef1a:2xLynk:tdmChilada (F1 of allele 315),ef1a:2xLynk:tdmChilada (F1 of allele 315),,2xCox8A:mSG,,X:\abcabc\Aang_Foundation\20250918_mem-mito,pDQM082,315,pDQM082,315,,MGCO-01
20250918_mem-mito,fish3_72hpf_roi7,fish3_72hpf_roi7,fish3_72hpf_roi7,400,/clusterfs/vast/abcabc/Aang_Foundation/20250918_mem-mito/fish3_72hpf_roi7,aang,mem-mito,57.0,9/18/25,1,ef1a:2xLynk:tdmChilada (F1 of allele 315),ef1a:2xLynk:tdmChilada (F1 of allele 315),,2xCox8A:mSG,,X:\abcabc\Aang_Foundation\20250918_mem-mito,pDQM082,315,pDQM082,315,,MGCO-01
20250918_mem-mito,fish3_72hpf_roi8,fish3_72hpf_roi8,fish3_72hpf_roi8,350,/clusterfs/vast/abcabc/Aang_Foundation/20250918_mem-mito/fish3_72hpf_roi8,aang,mem-mito,57.0,9/18/25,1,ef1a:2xLynk:tdmChilada (F1 of allele 315),ef1a:2xLynk:tdmChilada (F1 of allele 315),,2xCox8A:mSG,,X:\abcabc\Aang_Foundation\20250918_mem-mito,pDQM082,315,pDQM082,315,,MGCO-01
20250918_mem-mito,fish3_72hpf_roi9,fish3_72hpf_roi9,fish3_72hpf_roi9,400,/clusterfs/vast/abcabc/Aang_Foundation/20250918_mem-mito/fish3_72hpf_roi9,aang,mem-mito,57.0,9/18/25,1,ef1a:2xLynk:tdmChilada (F1 of allele 315),ef1a:2xLynk:tdmChilada (F1 of allele 315),,2xCox8A:mSG,,X:\abcabc\Aang_Foundation\20250918_mem-mito,pDQM082,315,pDQM082,315,,MGCO-01
20250918_mem-mito,fish5_72hpf_roi1,fish5_72hpf_roi1,fish5_72hpf_roi1,400,/clusterfs/vast/abcabc/Aang_Foundation/20250918_mem-mito/fish5_72hpf_roi1,aang,mem-mito,57.0,9/18/25,1,ef1a:2xLynk:tdmChilada (F1 of allele 315),ef1a:2xLynk:tdmChilada (F1 of allele 315),,2xCox8A:mSG,,X:\abcabc\Aang_Foundation\20250918_mem-mito,pDQM082,315,pDQM082,315,,MGCO-01
20250918_mem-mito,fish5_72hpf_roi2,fish5_72hpf_roi2,fish5_72hpf_roi2,300,/clusterfs/vast/abcabc/Aang_Foundation/20250918_mem-mito/fish5_72hpf_roi2,aang,mem-mito,57.0,9/18/25,1,ef1a:2xLynk:tdmChilada (F1 of allele 315),ef1a:2xLynk:tdmChilada (F1 of allele 315),,2xCox8A:mSG,,X:\abcabc\Aang_Foundation\20250918_mem-mito,pDQM082,315,pDQM082,315,,MGCO-01
20250918_mem-mito,fish5_72hpf_roi3,fish5_72hpf_roi3,fish5_72hpf_roi3,250,/clusterfs/vast/abcabc/Aang_Foundation/20250918_mem-mito/fish5_72hpf_roi3,aang,mem-mito,57.0,9/18/25,1,ef1a:2xLynk:tdmChilada (F1 of allele 315),ef1a:2xLynk:tdmChilada (F1 of allele 315),,2xCox8A:mSG,,X:\abcabc\Aang_Foundation\20250918_mem-mito,pDQM082,315,pDQM082,315,,MGCO-01
20250918_mem-mito,fish5_72hpf_roi4,fish5_72hpf_roi4,fish5_72hpf_roi4,200,/clusterfs/vast/abcabc/Aang_Foundation/20250918_mem-mito/fish5_72hpf_roi4,aang,mem-mito,57.0,9/18/25,1,ef1a:2xLynk:tdmChilada (F1 of allele 315),ef1a:2xLynk:tdmChilada (F1 of allele 315),,2xCox8A:mSG,,X:\abcabc\Aang_Foundation\20250918_mem-mito,pDQM082,315,pDQM082,315,,MGCO-01
20250918_mem-mito,fish6_72hpf_roi1,fish6_72hpf_roi1,fish6_72hpf_roi1,400,/clusterfs/vast/abcabc/Aang_Foundation/20250918_mem-mito/fish6_72hpf_roi1,aang,mem-mito,57.0,9/18/25,1,ef1a:2xLynk:tdmChilada (F1 of allele 315),ef1a:2xLynk:tdmChilada (F1 of allele 315),,2xCox8A:mSG,,X:\abcabc\Aang_Foundation\20250918_mem-mito,pDQM082,315,pDQM082,315,,MGCO-01
20250919_mem-mito,fish1_24hpf_roi1,fish1_24hpf_roi1,fish1_24hpf_roi1,626,/clusterfs/vast/abcabc/Aang_Foundation/20250919_mem-mito/fish1_24hpf_roi1,aang,mem-mito,56.0,9/19/25,1,ef1a:2xLynk:tdmChilada (F1 of allele 315),ef1a:2xLynk:tdmChilada (F1 of allele 315),,2xCox8A:mSG,,X:\abcabc\Aang_Foundation\20250919_mem-mito,pDQM082,315,pDQM082,315,,MGCO-01
20250919_mem-mito,fish1_24hpf_roi2,fish1_24hpf_roi2,fish1_24hpf_roi2,528,/clusterfs/vast/abcabc/Aang_Foundation/20250919_mem-mito/fish1_24hpf_roi2,aang,mem-mito,56.0,9/19/25,1,ef1a:2xLynk:tdmChilada (F1 of allele 315),ef1a:2xLynk:tdmChilada (F1 of allele 315),,2xCox8A:mSG,,X:\abcabc\Aang_Foundation\20250919_mem-mito,pDQM082,315,pDQM082,315,,MGCO-01
20250919_mem-mito,fish1_24hpf_roi3,fish1_24hpf_roi3,fish1_24hpf_roi3,462,/clusterfs/vast/abcabc/Aang_Foundation/20250919_mem-mito/fish1_24hpf_roi3,aang,mem-mito,56.0,9/19/25,1,ef1a:2xLynk:tdmChilada (F1 of allele 315),ef1a:2xLynk:tdmChilada (F1 of allele 315),,2xCox8A:mSG,,X:\abcabc\Aang_Foundation\20250919_mem-mito,pDQM082,315,pDQM082,315,,MGCO-01
20250919_mem-mito,fish2_24hpf_roi1,fish2_24hpf_roi1,fish2_24hpf_roi1,528,/clusterfs/vast/abcabc/Aang_Foundation/20250919_mem-mito/fish2_24hpf_roi1,aang,mem-mito,56.0,9/19/25,1,ef1a:2xLynk:tdmChilada (F1 of allele 315),ef1a:2xLynk:tdmChilada (F1 of allele 315),,2xCox8A:mSG,,X:\abcabc\Aang_Foundation\20250919_mem-mito,pDQM082,315,pDQM082,315,,MGCO-01
20250919_mem-mito,fish2_24hpf_roi2,fish2_24hpf_roi2,fish2_24hpf_roi2,462,/clusterfs/vast/abcabc/Aang_Foundation/20250919_mem-mito/fish2_24hpf_roi2,aang,mem-mito,56.0,9/19/25,1,ef1a:2xLynk:tdmChilada (F1 of allele 315),ef1a:2xLynk:tdmChilada (F1 of allele 315),,2xCox8A:mSG,,X:\abcabc\Aang_Foundation\20250919_mem-mito,pDQM082,315,pDQM082,315,,MGCO-01
20250919_mem-mito,fish2_24hpf_roi3,fish2_24hpf_roi3,fish2_24hpf_roi3,528,/clusterfs/vast/abcabc/Aang_Foundation/20250919_mem-mito/fish2_24hpf_roi3,aang,mem-mito,56.0,9/19/25,1,ef1a:2xLynk:tdmChilada (F1 of allele 315),ef1a:2xLynk:tdmChilada (F1 of allele 315),,2xCox8A:mSG,,X:\abcabc\Aang_Foundation\20250919_mem-mito,pDQM082,315,pDQM082,315,,MGCO-01
20250919_mem-mito,fish4_24hpf_roi1,fish4_24hpf_roi1,fish4_24hpf_roi1,528,/clusterfs/vast/abcabc/Aang_Foundation/20250919_mem-mito/fish4_24hpf_roi1,aang,mem-mito,56.0,9/19/25,1,ef1a:2xLynk:tdmChilada (F1 of allele 315),ef1a:2xLynk:tdmChilada (F1 of allele 315),,2xCox8A:mSG,,X:\abcabc\Aang_Foundation\20250919_mem-mito,pDQM082,315,pDQM082,315,,MGCO-01
20250919_mem-mito,fish4_24hpf_roi2,fish4_24hpf_roi2,fish4_24hpf_roi2,462,/clusterfs/vast/abcabc/Aang_Foundation/20250919_mem-mito/fish4_24hpf_roi2,aang,mem-mito,56.0,9/19/25,1,ef1a:2xLynk:tdmChilada (F1 of allele 315),ef1a:2xLynk:tdmChilada (F1 of allele 315),,2xCox8A:mSG,,X:\abcabc\Aang_Foundation\20250919_mem-mito,pDQM082,315,pDQM082,315,,MGCO-01
20250919_mem-mito,fish4_24hpf_roi3,fish4_24hpf_roi3,fish4_24hpf_roi3,330,/clusterfs/vast/abcabc/Aang_Foundation/20250919_mem-mito/fish4_24hpf_roi3,aang,mem-mito,56.0,9/19/25,1,ef1a:2xLynk:tdmChilada (F1 of allele 315),ef1a:2xLynk:tdmChilada (F1 of allele 315),,2xCox8A:mSG,,X:\abcabc\Aang_Foundation\20250919_mem-mito,pDQM082,315,pDQM082,315,,MGCO-01
20250919_mem-mito,fish5_24hpf_roi1,fish5_24hpf_roi1,fish5_24hpf_roi1,462,/clusterfs/vast/abcabc/Aang_Foundation/20250919_mem-mito/fish5_24hpf_roi1,aang,mem-mito,56.0,9/19/25,1,ef1a:2xLynk:tdmChilada (F1 of allele 315),ef1a:2xLynk:tdmChilada (F1 of allele 315),,2xCox8A:mSG,,X:\abcabc\Aang_Foundation\20250919_mem-mito,pDQM082,315,pDQM082,315,,MGCO-01
20250919_mem-mito,fish5_24hpf_roi2,fish5_24hpf_roi2,fish5_24hpf_roi2,528,/clusterfs/vast/abcabc/Aang_Foundation/20250919_mem-mito/fish5_24hpf_roi2,aang,mem-mito,56.0,9/19/25,1,ef1a:2xLynk:tdmChilada (F1 of allele 315),ef1a:2xLynk:tdmChilada (F1 of allele 315),,2xCox8A:mSG,,X:\abcabc\Aang_Foundation\20250919_mem-mito,pDQM082,315,pDQM082,315,,MGCO-01
20250919_mem-mito,fish5_24hpf_roi3,fish5_24hpf_roi3,fish5_24hpf_roi3,330,/clusterfs/vast/abcabc/Aang_Foundation/20250919_mem-mito/fish5_24hpf_roi3,aang,mem-mito,56.0,9/19/25,1,ef1a:2xLynk:tdmChilada (F1 of allele 315),ef1a:2xLynk:tdmChilada (F1 of allele 315),,2xCox8A:mSG,,X:\abcabc\Aang_Foundation\20250919_mem-mito,pDQM082,315,pDQM082,315,,MGCO-01
20250919_mem-mito,fish5_24hpf_roi4,fish5_24hpf_roi4,fish5_24hpf_roi4,330,/clusterfs/vast/abcabc/Aang_Foundation/20250919_mem-mito/fish5_24hpf_roi4,aang,mem-mito,56.0,9/19/25,1,ef1a:2xLynk:tdmChilada (F1 of allele 315),ef1a:2xLynk:tdmChilada (F1 of allele 315),,2xCox8A:mSG,,X:\abcabc\Aang_Foundation\20250919_mem-mito,pDQM082,315,pDQM082,315,,MGCO-01
20250919_mem-mito,fish7_24hpf_roi1,fish7_24hpf_roi1,fish7_24hpf_roi1,528,/clusterfs/vast/abcabc/Aang_Foundation/20250919_mem-mito/fish7_24hpf_roi1,aang,mem-mito,56.0,9/19/25,1,ef1a:2xLynk:tdmChilada (F1 of allele 315),ef1a:2xLynk:tdmChilada (F1 of allele 315),,2xCox8A:mSG,,X:\abcabc\Aang_Foundation\20250919_mem-mito,pDQM082,315,pDQM082,315,,MGCO-01
20250919_mem-mito,fish7_24hpf_roi2,fish7_24hpf_roi2,fish7_24hpf_roi2,462,/clusterfs/vast/abcabc/Aang_Foundation/20250919_mem-mito/fish7_24hpf_roi2,aang,mem-mito,56.0,9/19/25,1,ef1a:2xLynk:tdmChilada (F1 of allele 315),ef1a:2xLynk:tdmChilada (F1 of allele 315),,2xCox8A:mSG,,X:\abcabc\Aang_Foundation\20250919_mem-mito,pDQM082,315,pDQM082,315,,MGCO-01
20250919_mem-mito,fish7_24hpf_roi3,fish7_24hpf_roi3,fish7_24hpf_roi3,528,/clusterfs/vast/abcabc/Aang_Foundation/20250919_mem-mito/fish7_24hpf_roi3,aang,mem-mito,56.0,9/19/25,1,ef1a:2xLynk:tdmChilada (F1 of allele 315),ef1a:2xLynk:tdmChilada (F1 of allele 315),,2xCox8A:mSG,,X:\abcabc\Aang_Foundation\20250919_mem-mito,pDQM082,315,pDQM082,315,,MGCO-01
20250919_mem-mito,fish7_24hpf_roi4,fish7_24hpf_roi4,fish7_24hpf_roi4,330,/clusterfs/vast/abcabc/Aang_Foundation/20250919_mem-mito/fish7_24hpf_roi4,aang,mem-mito,56.0,9/19/25,1,ef1a:2xLynk:tdmChilada (F1 of allele 315),ef1a:2xLynk:tdmChilada (F1 of allele 315),,2xCox8A:mSG,,X:\abcabc\Aang_Foundation\20250919_mem-mito,pDQM082,315,pDQM082,315,,MGCO-01
20250919_mem-mito,fish7_24hpf_roi5,fish7_24hpf_roi5,fish7_24hpf_roi5,264,/clusterfs/vast/abcabc/Aang_Foundation/20250919_mem-mito/fish7_24hpf_roi5,aang,mem-mito,56.0,9/19/25,1,ef1a:2xLynk:tdmChilada (F1 of allele 315),ef1a:2xLynk:tdmChilada (F1 of allele 315),,2xCox8A:mSG,,X:\abcabc\Aang_Foundation\20250919_mem-mito,pDQM082,315,pDQM082,315,,MGCO-01
20250919_mem-mito,fish8_24hpf_roi1,fish8_24hpf_roi1,fish8_24hpf_roi1,462,/clusterfs/vast/abcabc/Aang_Foundation/20250919_mem-mito/fish8_24hpf_roi1,aang,mem-mito,56.0,9/19/25,1,ef1a:2xLynk:tdmChilada (F1 of allele 315),ef1a:2xLynk:tdmChilada (F1 of allele 315),,2xCox8A:mSG,,X:\abcabc\Aang_Foundation\20250919_mem-mito,pDQM082,315,pDQM082,315,,MGCO-01
20250919_mem-mito,fish8_24hpf_roi2,fish8_24hpf_roi2,fish8_24hpf_roi2,462,/clusterfs/vast/abcabc/Aang_Foundation/20250919_mem-mito/fish8_24hpf_roi2,aang,mem-mito,56.0,9/19/25,1,ef1a:2xLynk:tdmChilada (F1 of allele 315),ef1a:2xLynk:tdmChilada (F1 of allele 315),,2xCox8A:mSG,,X:\abcabc\Aang_Foundation\20250919_mem-mito,pDQM082,315,pDQM082,315,,MGCO-01
20250919_mem-mito,fish8_24hpf_roi3,fish8_24hpf_roi3,fish8_24hpf_roi3,330,/clusterfs/vast/abcabc/Aang_Foundation/20250919_mem-mito/fish8_24hpf_roi3,aang,mem-mito,56.0,9/19/25,1,ef1a:2xLynk:tdmChilada (F1 of allele 315),ef1a:2xLynk:tdmChilada (F1 of allele 315),,2xCox8A:mSG,,X:\abcabc\Aang_Foundation\20250919_mem-mito,pDQM082,315,pDQM082,315,,MGCO-01
20250919_mem-mito,fish8_24hpf_roi4,fish8_24hpf_roi4,fish8_24hpf_roi4,330,/clusterfs/vast/abcabc/Aang_Foundation/20250919_mem-mito/fish8_24hpf_roi4,aang,mem-mito,56.0,9/19/25,1,ef1a:2xLynk:tdmChilada (F1 of allele 315),ef1a:2xLynk:tdmChilada (F1 of allele 315),,2xCox8A:mSG,,X:\abcabc\Aang_Foundation\20250919_mem-mito,pDQM082,315,pDQM082,315,,MGCO-01
20250919_mem-mito,fish8_24hpf_roi5,fish8_24hpf_roi5,fish8_24hpf_roi5,396,/clusterfs/vast/abcabc/Aang_Foundation/20250919_mem-mito/fish8_24hpf_roi5,aang,mem-mito,56.0,9/19/25,1,ef1a:2xLynk:tdmChilada (F1 of allele 315),ef1a:2xLynk:tdmChilada (F1 of allele 315),,2xCox8A:mSG,,X:\abcabc\Aang_Foundation\20250919_mem-mito,pDQM082,315,pDQM082,315,,MGCO-01
20250922_mem-mito,fish1_72hpf_roi1,fish1_72hpf_roi1,fish1_72hpf_roi1,400,/clusterfs/vast/abcabc/Aang_Foundation/20250922_mem-mito/fish1_72hpf_roi1,aang,mem-mito,55.0,9/22/25,1,casper/rnf,tdmScarlet3S2 (F1 of allele 325),,2xCox8A:mSG,,X:\abcabc\Aang_Foundation\20250922_mem-mito,,,pDQM136,325,,MGCO-01
20250922_mem-mito,fish1_72hpf_roi2,fish1_72hpf_roi2,fish1_72hpf_roi2,400,/clusterfs/vast/abcabc/Aang_Foundation/20250922_mem-mito/fish1_72hpf_roi2,aang,mem-mito,55.0,9/22/25,1,casper/rnf,tdmScarlet3S2 (F1 of allele 325),,2xCox8A:mSG,,X:\abcabc\Aang_Foundation\20250922_mem-mito,,,pDQM136,325,,MGCO-01
20250922_mem-mito,fish1_72hpf_roi3,fish1_72hpf_roi3,fish1_72hpf_roi3,400,/clusterfs/vast/abcabc/Aang_Foundation/20250922_mem-mito/fish1_72hpf_roi3,aang,mem-mito,55.0,9/22/25,1,casper/rnf,tdmScarlet3S2 (F1 of allele 325),,2xCox8A:mSG,,X:\abcabc\Aang_Foundation\20250922_mem-mito,,,pDQM136,325,,MGCO-01
20250922_mem-mito,fish1_72hpf_roi4,fish1_72hpf_roi4,fish1_72hpf_roi4,400,/clusterfs/vast/abcabc/Aang_Foundation/20250922_mem-mito/fish1_72hpf_roi4,aang,mem-mito,55.0,9/22/25,1,casper/rnf,tdmScarlet3S2 (F1 of allele 325),,2xCox8A:mSG,,X:\abcabc\Aang_Foundation\20250922_mem-mito,,,pDQM136,325,,MGCO-01
20250922_mem-mito,fish1_72hpf_roi5,fish1_72hpf_roi5,fish1_72hpf_roi5,100,/clusterfs/vast/abcabc/Aang_Foundation/20250922_mem-mito/fish1_72hpf_roi5,aang,mem-mito,55.0,9/22/25,1,casper/rnf,tdmScarlet3S2 (F1 of allele 325),,2xCox8A:mSG,,X:\abcabc\Aang_Foundation\20250922_mem-mito,,,pDQM136,325,,MGCO-01
20250922_mem-mito,fish1_72hpf_roi6,fish1_72hpf_roi6,fish1_72hpf_roi6,400,/clusterfs/vast/abcabc/Aang_Foundation/20250922_mem-mito/fish1_72hpf_roi6,aang,mem-mito,55.0,9/22/25,1,casper/rnf,tdmScarlet3S2 (F1 of allele 325),,2xCox8A:mSG,,X:\abcabc\Aang_Foundation\20250922_mem-mito,,,pDQM136,325,,MGCO-01
20250922_mem-mito,fish1_72hpf_roi7,fish1_72hpf_roi7,fish1_72hpf_roi7,400,/clusterfs/vast/abcabc/Aang_Foundation/20250922_mem-mito/fish1_72hpf_roi7,aang,mem-mito,55.0,9/22/25,1,casper/rnf,tdmScarlet3S2 (F1 of allele 325),,2xCox8A:mSG,,X:\abcabc\Aang_Foundation\20250922_mem-mito,,,pDQM136,325,,MGCO-01
20250922_mem-mito,fish1_72hpf_roi8,fish1_72hpf_roi8,fish1_72hpf_roi8,400,/clusterfs/vast/abcabc/Aang_Foundation/20250922_mem-mito/fish1_72hpf_roi8,aang,mem-mito,55.0,9/22/25,1,casper/rnf,tdmScarlet3S2 (F1 of allele 325),,2xCox8A:mSG,,X:\abcabc\Aang_Foundation\20250922_mem-mito,,,pDQM136,325,,MGCO-01
20250922_mem-mito,fish2_72hpf_roi1,fish2_72hpf_roi1,fish2_72hpf_roi1,400,/clusterfs/vast/abcabc/Aang_Foundation/20250922_mem-mito/fish2_72hpf_roi1,aang,mem-mito,55.0,9/22/25,1,casper/rnf,tdmScarlet3S2 (F1 of allele 325),,2xCox8A:mSG,,X:\abcabc\Aang_Foundation\20250922_mem-mito,,,pDQM136,325,,MGCO-01
20250922_mem-mito,fish2_72hpf_roi2,fish2_72hpf_roi2,fish2_72hpf_roi2,400,/clusterfs/vast/abcabc/Aang_Foundation/20250922_mem-mito/fish2_72hpf_roi2,aang,mem-mito,55.0,9/22/25,1,casper/rnf,tdmScarlet3S2 (F1 of allele 325),,2xCox8A:mSG,,X:\abcabc\Aang_Foundation\20250922_mem-mito,,,pDQM136,325,,MGCO-01
20250922_mem-mito,fish2_72hpf_roi3,fish2_72hpf_roi3,fish2_72hpf_roi3,400,/clusterfs/vast/abcabc/Aang_Foundation/20250922_mem-mito/fish2_72hpf_roi3,aang,mem-mito,55.0,9/22/25,1,casper/rnf,tdmScarlet3S2 (F1 of allele 325),,2xCox8A:mSG,,X:\abcabc\Aang_Foundation\20250922_mem-mito,,,pDQM136,325,,MGCO-01
20250922_mem-mito,fish2_72hpf_roi4,fish2_72hpf_roi4,fish2_72hpf_roi4,400,/clusterfs/vast/abcabc/Aang_Foundation/20250922_mem-mito/fish2_72hpf_roi4,aang,mem-mito,55.0,9/22/25,1,casper/rnf,tdmScarlet3S2 (F1 of allele 325),,2xCox8A:mSG,,X:\abcabc\Aang_Foundation\20250922_mem-mito,,,pDQM136,325,,MGCO-01
20250922_mem-mito,fish4_72hpf_roi1,fish4_72hpf_roi1,fish4_72hpf_roi1,400,/clusterfs/vast/abcabc/Aang_Foundation/20250922_mem-mito/fish4_72hpf_roi1,aang,mem-mito,55.0,9/22/25,1,casper/rnf,tdmScarlet3S2 (F1 of allele 325),,2xCox8A:mSG,,X:\abcabc\Aang_Foundation\20250922_mem-mito,,,pDQM136,325,,MGCO-01
20250922_mem-mito,fish5_72hpf_roi1,fish5_72hpf_roi1,fish5_72hpf_roi1,400,/clusterfs/vast/abcabc/Aang_Foundation/20250922_mem-mito/fish5_72hpf_roi1,aang,mem-mito,55.0,9/22/25,1,casper/rnf,tdmScarlet3S2 (F1 of allele 325),,2xCox8A:mSG,,X:\abcabc\Aang_Foundation\20250922_mem-mito,,,pDQM136,325,,MGCO-01
20250922_mem-mito,fish5_72hpf_roi2,fish5_72hpf_roi2,fish5_72hpf_roi2,400,/clusterfs/vast/abcabc/Aang_Foundation/20250922_mem-mito/fish5_72hpf_roi2,aang,mem-mito,55.0,9/22/25,1,casper/rnf,tdmScarlet3S2 (F1 of allele 325),,2xCox8A:mSG,,X:\abcabc\Aang_Foundation\20250922_mem-mito,,,pDQM136,325,,MGCO-01
20250922_mem-mito,fish5_72hpf_roi3,fish5_72hpf_roi3,fish5_72hpf_roi3,400,/clusterfs/vast/abcabc/Aang_Foundation/20250922_mem-mito/fish5_72hpf_roi3,aang,mem-mito,55.0,9/22/25,1,casper/rnf,tdmScarlet3S2 (F1 of allele 325),,2xCox8A:mSG,,X:\abcabc\Aang_Foundation\20250922_mem-mito,,,pDQM136,325,,MGCO-01
20250922_mem-mito,fish5_72hpf_roi4,fish5_72hpf_roi4,fish5_72hpf_roi4,400,/clusterfs/vast/abcabc/Aang_Foundation/20250922_mem-mito/fish5_72hpf_roi4,aang,mem-mito,55.0,9/22/25,1,casper/rnf,tdmScarlet3S2 (F1 of allele 325),,2xCox8A:mSG,,X:\abcabc\Aang_Foundation\20250922_mem-mito,,,pDQM136,325,,MGCO-01
20250924_mem-mito,fish1_24hpf_roi1,fish1_24hpf_roi1,fish1_24hpf_roi1,528,/clusterfs/vast/abcabc/Aang_Foundation/20250924_mem-mito/fish1_24hpf_roi1,aang,mem-mito,54.0,9/24/25,1,casper/rnf,from Swinburne lab - tank ID 344 (F1 of allele 45385),,2xCox8A:mSG,,X:\abcabc\Aang_Foundation\20250924_mem-mito,,,Swinburne,Swinburne,,MGCO-01
20250924_mem-mito,fish1_24hpf_roi2,fish1_24hpf_roi2,fish1_24hpf_roi2,528,/clusterfs/vast/abcabc/Aang_Foundation/20250924_mem-mito/fish1_24hpf_roi2,aang,mem-mito,54.0,9/24/25,1,casper/rnf,from Swinburne lab - tank ID 344 (F1 of allele 45385),,2xCox8A:mSG,,X:\abcabc\Aang_Foundation\20250924_mem-mito,,,Swinburne,Swinburne,,MGCO-01
20250924_mem-mito,fish1_24hpf_roi3,fish1_24hpf_roi3,fish1_24hpf_roi3,528,/clusterfs/vast/abcabc/Aang_Foundation/20250924_mem-mito/fish1_24hpf_roi3,aang,mem-mito,54.0,9/24/25,1,casper/rnf,from Swinburne lab - tank ID 344 (F1 of allele 45385),,2xCox8A:mSG,,X:\abcabc\Aang_Foundation\20250924_mem-mito,,,Swinburne,Swinburne,,MGCO-01
20250924_mem-mito,fish1_24hpf_roi4,fish1_24hpf_roi4,fish1_24hpf_roi4,400,/clusterfs/vast/abcabc/Aang_Foundation/20250924_mem-mito/fish1_24hpf_roi4,aang,mem-mito,54.0,9/24/25,1,casper/rnf,from Swinburne lab - tank ID 344 (F1 of allele 45385),,2xCox8A:mSG,,X:\abcabc\Aang_Foundation\20250924_mem-mito,,,Swinburne,Swinburne,,MGCO-01
20250924_mem-mito,fish1_24hpf_roi5,fish1_24hpf_roi5,fish1_24hpf_roi5,1,/clusterfs/vast/abcabc/Aang_Foundation/20250924_mem-mito/fish1_24hpf_roi5,aang,mem-mito,54.0,9/24/25,1,casper/rnf,from Swinburne lab - tank ID 344 (F1 of allele 45385),,2xCox8A:mSG,,X:\abcabc\Aang_Foundation\20250924_mem-mito,,,Swinburne,Swinburne,,MGCO-01
20250924_mem-mito,fish1_24hpf_roi6,fish1_24hpf_roi6,fish1_24hpf_roi6,12,/clusterfs/vast/abcabc/Aang_Foundation/20250924_mem-mito/fish1_24hpf_roi6,aang,mem-mito,54.0,9/24/25,1,casper/rnf,from Swinburne lab - tank ID 344 (F1 of allele 45385),,2xCox8A:mSG,,X:\abcabc\Aang_Foundation\20250924_mem-mito,,,Swinburne,Swinburne,,MGCO-01
20250924_mem-mito,fish2_24hpf_roi1,fish2_24hpf_roi1,fish2_24hpf_roi1,400,/clusterfs/vast/abcabc/Aang_Foundation/20250924_mem-mito/fish2_24hpf_roi1,aang,mem-mito,54.0,9/24/25,1,casper/rnf,from Swinburne lab - tank ID 344 (F1 of allele 45385),,2xCox8A:mSG,,X:\abcabc\Aang_Foundation\20250924_mem-mito,,,Swinburne,Swinburne,,MGCO-01
20250924_mem-mito,fish2_24hpf_roi2,fish2_24hpf_roi2,fish2_24hpf_roi2,400,/clusterfs/vast/abcabc/Aang_Foundation/20250924_mem-mito/fish2_24hpf_roi2,aang,mem-mito,54.0,9/24/25,1,casper/rnf,from Swinburne lab - tank ID 344 (F1 of allele 45385),,2xCox8A:mSG,,X:\abcabc\Aang_Foundation\20250924_mem-mito,,,Swinburne,Swinburne,,MGCO-01
20250924_mem-mito,fish3_24hpf_roi1,fish3_24hpf_roi1,fish3_24hpf_roi1,800,/clusterfs/vast/abcabc/Aang_Foundation/20250924_mem-mito/fish3_24hpf_roi1,aang,mem-mito,54.0,9/24/25,1,casper/rnf,from Swinburne lab - tank ID 344 (F1 of allele 45385),,2xCox8A:mSG,,X:\abcabc\Aang_Foundation\20250924_mem-mito,,,Swinburne,Swinburne,,MGCO-01
20250924_mem-mito,fish3_24hpf_roi1_test,fish3_24hpf_roi1_test,fish3_24hpf_roi1_test,4,/clusterfs/vast/abcabc/Aang_Foundation/20250924_mem-mito/fish3_24hpf_roi1_test,aang,mem-mito,54.0,9/24/25,1,casper/rnf,from Swinburne lab - tank ID 344 (F1 of allele 45385),,2xCox8A:mSG,,X:\abcabc\Aang_Foundation\20250924_mem-mito,,,Swinburne,Swinburne,,MGCO-01
20250924_mem-mito,fish3_24hpf_roi3,fish3_24hpf_roi3,fish3_24hpf_roi3,400,/clusterfs/vast/abcabc/Aang_Foundation/20250924_mem-mito/fish3_24hpf_roi3,aang,mem-mito,54.0,9/24/25,1,casper/rnf,from Swinburne lab - tank ID 344 (F1 of allele 45385),,2xCox8A:mSG,,X:\abcabc\Aang_Foundation\20250924_mem-mito,,,Swinburne,Swinburne,,MGCO-01
20250924_mem-mito,fish3_24hpf_roi4,fish3_24hpf_roi4,fish3_24hpf_roi4,400,/clusterfs/vast/abcabc/Aang_Foundation/20250924_mem-mito/fish3_24hpf_roi4,aang,mem-mito,54.0,9/24/25,1,casper/rnf,from Swinburne lab - tank ID 344 (F1 of allele 45385),,2xCox8A:mSG,,X:\abcabc\Aang_Foundation\20250924_mem-mito,,,Swinburne,Swinburne,,MGCO-01
20250924_mem-mito,fish3_24hpf_roi5,fish3_24hpf_roi5,fish3_24hpf_roi5,400,/clusterfs/vast/abcabc/Aang_Foundation/20250924_mem-mito/fish3_24hpf_roi5,aang,mem-mito,54.0,9/24/25,1,casper/rnf,from Swinburne lab - tank ID 344 (F1 of allele 45385),,2xCox8A:mSG,,X:\abcabc\Aang_Foundation\20250924_mem-mito,,,Swinburne,Swinburne,,MGCO-01
20250924_mem-mito,fish3_24hpf_roi6,fish3_24hpf_roi6,fish3_24hpf_roi6,400,/clusterfs/vast/abcabc/Aang_Foundation/20250924_mem-mito/fish3_24hpf_roi6,aang,mem-mito,54.0,9/24/25,1,casper/rnf,from Swinburne lab - tank ID 344 (F1 of allele 45385),,2xCox8A:mSG,,X:\abcabc\Aang_Foundation\20250924_mem-mito,,,Swinburne,Swinburne,,MGCO-01
20250924_mem-mito,fish3_24hpf_roi7,fish3_24hpf_roi7,fish3_24hpf_roi7,400,/clusterfs/vast/abcabc/Aang_Foundation/20250924_mem-mito/fish3_24hpf_roi7,aang,mem-mito,54.0,9/24/25,1,casper/rnf,from Swinburne lab - tank ID 344 (F1 of allele 45385),,2xCox8A:mSG,,X:\abcabc\Aang_Foundation\20250924_mem-mito,,,Swinburne,Swinburne,,MGCO-01
20250924_mem-mito,fish4_24hpf_roi1,fish4_24hpf_roi1,fish4_24hpf_roi1,400,/clusterfs/vast/abcabc/Aang_Foundation/20250924_mem-mito/fish4_24hpf_roi1,aang,mem-mito,54.0,9/24/25,1,casper/rnf,from Swinburne lab - tank ID 344 (F1 of allele 45385),,2xCox8A:mSG,,X:\abcabc\Aang_Foundation\20250924_mem-mito,,,Swinburne,Swinburne,,MGCO-01
20250924_mem-mito,fish4_24hpf_roi2,fish4_24hpf_roi2,fish4_24hpf_roi2,400,/clusterfs/vast/abcabc/Aang_Foundation/20250924_mem-mito/fish4_24hpf_roi2,aang,mem-mito,54.0,9/24/25,1,casper/rnf,from Swinburne lab - tank ID 344 (F1 of allele 45385),,2xCox8A:mSG,,X:\abcabc\Aang_Foundation\20250924_mem-mito,,,Swinburne,Swinburne,,MGCO-01
20250924_mem-mito,fish4_24hpf_roi3,fish4_24hpf_roi3,fish4_24hpf_roi3,458,/clusterfs/vast/abcabc/Aang_Foundation/20250924_mem-mito/fish4_24hpf_roi3,aang,mem-mito,54.0,9/24/25,1,casper/rnf,from Swinburne lab - tank ID 344 (F1 of allele 45385),,2xCox8A:mSG,,X:\abcabc\Aang_Foundation\20250924_mem-mito,,,Swinburne,Swinburne,,MGCO-01
20250925_mem-mito,fish1_48hpf_roi1,fish1_48hpf_roi1,fish1_48hpf_roi1,600,/clusterfs/vast/abcabc/Aang_Foundation/20250925_mem-mito/fish1_48hpf_roi1,aang,mem-mito,53.0,9/25/25,2,casper/rnf,from Swinburne lab - tank ID 344 (F1 of allele 45385),,2xCox8A:mSG,,X:\abcabc\Aang_Foundation\20250925_mem-mito,,,Swinburne,Swinburne,,MGCO-01
20250925_mem-mito,fish1_48hpf_roi2,fish1_48hpf_roi2,fish1_48hpf_roi2,600,/clusterfs/vast/abcabc/Aang_Foundation/20250925_mem-mito/fish1_48hpf_roi2,aang,mem-mito,53.0,9/25/25,2,casper/rnf,from Swinburne lab - tank ID 344 (F1 of allele 45385),,2xCox8A:mSG,,X:\abcabc\Aang_Foundation\20250925_mem-mito,,,Swinburne,Swinburne,,MGCO-01
20250925_mem-mito,fish1_48hpf_roi3,fish1_48hpf_roi3,fish1_48hpf_roi3,600,/clusterfs/vast/abcabc/Aang_Foundation/20250925_mem-mito/fish1_48hpf_roi3,aang,mem-mito,53.0,9/25/25,2,casper/rnf,from Swinburne lab - tank ID 344 (F1 of allele 45385),,2xCox8A:mSG,,X:\abcabc\Aang_Foundation\20250925_mem-mito,,,Swinburne,Swinburne,,MGCO-01
20250925_mem-mito,fish3_48hpf_roi1,fish3_48hpf_roi1,fish3_48hpf_roi1,600,/clusterfs/vast/abcabc/Aang_Foundation/20250925_mem-mito/fish3_48hpf_roi1,aang,mem-mito,53.0,9/25/25,2,casper/rnf,from Swinburne lab - tank ID 344 (F1 of allele 45385),,2xCox8A:mSG,,X:\abcabc\Aang_Foundation\20250925_mem-mito,,,Swinburne,Swinburne,,MGCO-01
20250925_mem-mito,fish3_48hpf_roi2,fish3_48hpf_roi2,fish3_48hpf_roi2,600,/clusterfs/vast/abcabc/Aang_Foundation/20250925_mem-mito/fish3_48hpf_roi2,aang,mem-mito,53.0,9/25/25,2,casper/rnf,from Swinburne lab - tank ID 344 (F1 of allele 45385),,2xCox8A:mSG,,X:\abcabc\Aang_Foundation\20250925_mem-mito,,,Swinburne,Swinburne,,MGCO-01
20250925_mem-mito,fish3_48hpf_roi3,fish3_48hpf_roi3,fish3_48hpf_roi3,600,/clusterfs/vast/abcabc/Aang_Foundation/20250925_mem-mito/fish3_48hpf_roi3,aang,mem-mito,53.0,9/25/25,2,casper/rnf,from Swinburne lab - tank ID 344 (F1 of allele 45385),,2xCox8A:mSG,,X:\abcabc\Aang_Foundation\20250925_mem-mito,,,Swinburne,Swinburne,,MGCO-01
20250925_mem-mito,fish3_48hpf_roi4,fish3_48hpf_roi4,fish3_48hpf_roi4,600,/clusterfs/vast/abcabc/Aang_Foundation/20250925_mem-mito/fish3_48hpf_roi4,aang,mem-mito,53.0,9/25/25,2,casper/rnf,from Swinburne lab - tank ID 344 (F1 of allele 45385),,2xCox8A:mSG,,X:\abcabc\Aang_Foundation\20250925_mem-mito,,,Swinburne,Swinburne,,MGCO-01
20250926_mem-mito,fish1_48hpf_roi1,fish1_48hpf_roi1,fish1_48hpf_roi1,335,/clusterfs/vast/abcabc/Aang_Foundation/20250926_mem-mito/fish1_48hpf_roi1,aang,mem-mito,52.0,9/26/25,1,casper/rnf,ef1a:2xLynk:tdmChilada (F1 of allele 315),,2xCox8A:mSG,,X:\abcabc\Aang_Foundation\20250926_mem-mito,,,pDQM082,315,,MGCO-01
20250926_mem-mito,fish1_48hpf_roi2,fish1_48hpf_roi2,fish1_48hpf_roi2,600,/clusterfs/vast/abcabc/Aang_Foundation/20250926_mem-mito/fish1_48hpf_roi2,aang,mem-mito,52.0,9/26/25,1,casper/rnf,ef1a:2xLynk:tdmChilada (F1 of allele 315),,2xCox8A:mSG,,X:\abcabc\Aang_Foundation\20250926_mem-mito,,,pDQM082,315,,MGCO-01
20250926_mem-mito,fish1_48hpf_roi3,fish1_48hpf_roi3,fish1_48hpf_roi3,600,/clusterfs/vast/abcabc/Aang_Foundation/20250926_mem-mito/fish1_48hpf_roi3,aang,mem-mito,52.0,9/26/25,1,casper/rnf,ef1a:2xLynk:tdmChilada (F1 of allele 315),,2xCox8A:mSG,,X:\abcabc\Aang_Foundation\20250926_mem-mito,,,pDQM082,315,,MGCO-01
20250926_mem-mito,fish1_48hpf_roi4,fish1_48hpf_roi4,fish1_48hpf_roi4,600,/clusterfs/vast/abcabc/Aang_Foundation/20250926_mem-mito/fish1_48hpf_roi4,aang,mem-mito,52.0,9/26/25,1,casper/rnf,ef1a:2xLynk:tdmChilada (F1 of allele 315),,2xCox8A:mSG,,X:\abcabc\Aang_Foundation\20250926_mem-mito,,,pDQM082,315,,MGCO-01
20250926_mem-mito,fish2_48hpf_roi1,fish2_48hpf_roi1,fish2_48hpf_roi1,600,/clusterfs/vast/abcabc/Aang_Foundation/20250926_mem-mito/fish2_48hpf_roi1,aang,mem-mito,52.0,9/26/25,1,casper/rnf,ef1a:2xLynk:tdmChilada (F1 of allele 315),,2xCox8A:mSG,,X:\abcabc\Aang_Foundation\20250926_mem-mito,,,pDQM082,315,,MGCO-01
20250926_mem-mito,fish2_48hpf_roi2,fish2_48hpf_roi2,fish2_48hpf_roi2,600,/clusterfs/vast/abcabc/Aang_Foundation/20250926_mem-mito/fish2_48hpf_roi2,aang,mem-mito,52.0,9/26/25,1,casper/rnf,ef1a:2xLynk:tdmChilada (F1 of allele 315),,2xCox8A:mSG,,X:\abcabc\Aang_Foundation\20250926_mem-mito,,,pDQM082,315,,MGCO-01
20250926_mem-mito,fish2_48hpf_roi3,fish2_48hpf_roi3,fish2_48hpf_roi3,600,/clusterfs/vast/abcabc/Aang_Foundation/20250926_mem-mito/fish2_48hpf_roi3,aang,mem-mito,52.0,9/26/25,1,casper/rnf,ef1a:2xLynk:tdmChilada (F1 of allele 315),,2xCox8A:mSG,,X:\abcabc\Aang_Foundation\20250926_mem-mito,,,pDQM082,315,,MGCO-01
20250926_mem-mito,fish2_48hpf_roi4,fish2_48hpf_roi4,fish2_48hpf_roi4,407,/clusterfs/vast/abcabc/Aang_Foundation/20250926_mem-mito/fish2_48hpf_roi4,aang,mem-mito,52.0,9/26/25,1,casper/rnf,ef1a:2xLynk:tdmChilada (F1 of allele 315),,2xCox8A:mSG,,X:\abcabc\Aang_Foundation\20250926_mem-mito,,,pDQM082,315,,MGCO-01
20250926_mem-mito,fish3_48hpf_roi1,fish3_48hpf_roi1,fish3_48hpf_roi1,600,/clusterfs/vast/abcabc/Aang_Foundation/20250926_mem-mito/fish3_48hpf_roi1,aang,mem-mito,52.0,9/26/25,1,casper/rnf,ef1a:2xLynk:tdmChilada (F1 of allele 315),,2xCox8A:mSG,,X:\abcabc\Aang_Foundation\20250926_mem-mito,,,pDQM082,315,,MGCO-01
20250926_mem-mito,fish3_48hpf_roi2,fish3_48hpf_roi2,fish3_48hpf_roi2,600,/clusterfs/vast/abcabc/Aang_Foundation/20250926_mem-mito/fish3_48hpf_roi2,aang,mem-mito,52.0,9/26/25,1,casper/rnf,ef1a:2xLynk:tdmChilada (F1 of allele 315),,2xCox8A:mSG,,X:\abcabc\Aang_Foundation\20250926_mem-mito,,,pDQM082,315,,MGCO-01
20250926_mem-mito,fish3_48hpf_roi3,fish3_48hpf_roi3,fish3_48hpf_roi3,600,/clusterfs/vast/abcabc/Aang_Foundation/20250926_mem-mito/fish3_48hpf_roi3,aang,mem-mito,52.0,9/26/25,1,casper/rnf,ef1a:2xLynk:tdmChilada (F1 of allele 315),,2xCox8A:mSG,,X:\abcabc\Aang_Foundation\20250926_mem-mito,,,pDQM082,315,,MGCO-01
20250926_mem-mito,fish3_48hpf_roi4,fish3_48hpf_roi4,fish3_48hpf_roi4,600,/clusterfs/vast/abcabc/Aang_Foundation/20250926_mem-mito/fish3_48hpf_roi4,aang,mem-mito,52.0,9/26/25,1,casper/rnf,ef1a:2xLynk:tdmChilada (F1 of allele 315),,2xCox8A:mSG,,X:\abcabc\Aang_Foundation\20250926_mem-mito,,,pDQM082,315,,MGCO-01
20250926_mem-mito,fish_48hpf_roi1,fish_48hpf_roi1,fish_48hpf_roi1,600,/clusterfs/vast/abcabc/Aang_Foundation/20250926_mem-mito/fish_48hpf_roi1,aang,mem-mito,52.0,9/26/25,1,casper/rnf,ef1a:2xLynk:tdmChilada (F1 of allele 315),,2xCox8A:mSG,,X:\abcabc\Aang_Foundation\20250926_mem-mito,,,pDQM082,315,,MGCO-01
20250926_mem-mito,fish_48hpf_roi2,fish_48hpf_roi2,fish_48hpf_roi2,600,/clusterfs/vast/abcabc/Aang_Foundation/20250926_mem-mito/fish_48hpf_roi2,aang,mem-mito,52.0,9/26/25,1,casper/rnf,ef1a:2xLynk:tdmChilada (F1 of allele 315),,2xCox8A:mSG,,X:\abcabc\Aang_Foundation\20250926_mem-mito,,,pDQM082,315,,MGCO-01
20250926_mem-mito,fish_48hpf_roi3,fish_48hpf_roi3,fish_48hpf_roi3,600,/clusterfs/vast/abcabc/Aang_Foundation/20250926_mem-mito/fish_48hpf_roi3,aang,mem-mito,52.0,9/26/25,1,casper/rnf,ef1a:2xLynk:tdmChilada (F1 of allele 315),,2xCox8A:mSG,,X:\abcabc\Aang_Foundation\20250926_mem-mito,,,pDQM082,315,,MGCO-01
20250926_mem-mito,fish_48hpf_roi4,fish_48hpf_roi4,fish_48hpf_roi4,600,/clusterfs/vast/abcabc/Aang_Foundation/20250926_mem-mito/fish_48hpf_roi4,aang,mem-mito,52.0,9/26/25,1,casper/rnf,ef1a:2xLynk:tdmChilada (F1 of allele 315),,2xCox8A:mSG,,X:\abcabc\Aang_Foundation\20250926_mem-mito,,,pDQM082,315,,MGCO-01
20251001_mem-histone,fish1_24hpf_roi1,fish1_24hpf_roi1,fish1_24hpf_roi1,2340,/clusterfs/vast/abcabc/Aang_Foundation/20251001_mem-histone/fish1_24hpf_roi1,aang,mem-histone,51.0,10/1/25,2,ef1a:2xLynk:tdmSG(J) (F1 of allele 301),tdmScarlet3S2:H2B-tol2 (F1 of allele 324),,,,X:\abcabc\Aang_Foundation\20251001_mem-histone,pDQM005,301,pDQM133,324,,
20251001_mem-histone,fish1_24hpf_roi2,fish1_24hpf_roi2,fish1_24hpf_roi2,1920,/clusterfs/vast/abcabc/Aang_Foundation/20251001_mem-histone/fish1_24hpf_roi2,aang,mem-histone,51.0,10/1/25,2,ef1a:2xLynk:tdmSG(J) (F1 of allele 301),tdmScarlet3S2:H2B-tol2 (F1 of allele 324),,,,X:\abcabc\Aang_Foundation\20251001_mem-histone,pDQM005,301,pDQM133,324,,
20251001_mem-histone,fish2_24hpf_roi1,fish2_24hpf_roi1,fish2_24hpf_roi1,1920,/clusterfs/vast/abcabc/Aang_Foundation/20251001_mem-histone/fish2_24hpf_roi1,aang,mem-histone,51.0,10/1/25,2,ef1a:2xLynk:tdmSG(J) (F1 of allele 301),tdmScarlet3S2:H2B-tol2 (F1 of allele 324),,,,X:\abcabc\Aang_Foundation\20251001_mem-histone,pDQM005,301,pDQM133,324,,
20251001_mem-histone,fish2_24hpf_roi2,fish2_24hpf_roi2,fish2_24hpf_roi2,1920,/clusterfs/vast/abcabc/Aang_Foundation/20251001_mem-histone/fish2_24hpf_roi2,aang,mem-histone,51.0,10/1/25,2,ef1a:2xLynk:tdmSG(J) (F1 of allele 301),tdmScarlet3S2:H2B-tol2 (F1 of allele 324),,,,X:\abcabc\Aang_Foundation\20251001_mem-histone,pDQM005,301,pDQM133,324,,
20251001_mem-histone,fish2_24hpf_roi3,fish2_24hpf_roi3,fish2_24hpf_roi3,1920,/clusterfs/vast/abcabc/Aang_Foundation/20251001_mem-histone/fish2_24hpf_roi3,aang,mem-histone,51.0,10/1/25,2,ef1a:2xLynk:tdmSG(J) (F1 of allele 301),tdmScarlet3S2:H2B-tol2 (F1 of allele 324),,,,X:\abcabc\Aang_Foundation\20251001_mem-histone,pDQM005,301,pDQM133,324,,
20251001_mem-histone,fish4_24hpf_roi1,fish4_24hpf_roi1,fish4_24hpf_roi1,1920,/clusterfs/vast/abcabc/Aang_Foundation/20251001_mem-histone/fish4_24hpf_roi1,aang,mem-histone,51.0,10/1/25,2,ef1a:2xLynk:tdmSG(J) (F1 of allele 301),tdmScarlet3S2:H2B-tol2 (F1 of allele 324),,,,X:\abcabc\Aang_Foundation\20251001_mem-histone,pDQM005,301,pDQM133,324,,
20251001_mem-histone,fish4_24hpf_roi2,fish4_24hpf_roi2,fish4_24hpf_roi2,1920,/clusterfs/vast/abcabc/Aang_Foundation/20251001_mem-histone/fish4_24hpf_roi2,aang,mem-histone,51.0,10/1/25,2,ef1a:2xLynk:tdmSG(J) (F1 of allele 301),tdmScarlet3S2:H2B-tol2 (F1 of allele 324),,,,X:\abcabc\Aang_Foundation\20251001_mem-histone,pDQM005,301,pDQM133,324,,
20251001_mem-histone,fish5_24hpf_roi1,fish5_24hpf_roi1,fish5_24hpf_roi1,1920,/clusterfs/vast/abcabc/Aang_Foundation/20251001_mem-histone/fish5_24hpf_roi1,aang,mem-histone,51.0,10/1/25,2,ef1a:2xLynk:tdmSG(J) (F1 of allele 301),tdmScarlet3S2:H2B-tol2 (F1 of allele 324),,,,X:\abcabc\Aang_Foundation\20251001_mem-histone,pDQM005,301,pDQM133,324,,
20251001_mem-histone,fish5_24hpf_roi2,fish5_24hpf_roi2,fish5_24hpf_roi2,1920,/clusterfs/vast/abcabc/Aang_Foundation/20251001_mem-histone/fish5_24hpf_roi2,aang,mem-histone,51.0,10/1/25,2,ef1a:2xLynk:tdmSG(J) (F1 of allele 301),tdmScarlet3S2:H2B-tol2 (F1 of allele 324),,,,X:\abcabc\Aang_Foundation\20251001_mem-histone,pDQM005,301,pDQM133,324,,
20251001_mem-histone,fish5_24hpf_roi3,fish5_24hpf_roi3,fish5_24hpf_roi3,1920,/clusterfs/vast/abcabc/Aang_Foundation/20251001_mem-histone/fish5_24hpf_roi3,aang,mem-histone,51.0,10/1/25,2,ef1a:2xLynk:tdmSG(J) (F1 of allele 301),tdmScarlet3S2:H2B-tol2 (F1 of allele 324),,,,X:\abcabc\Aang_Foundation\20251001_mem-histone,pDQM005,301,pDQM133,324,,
20251001_mem-histone,fish5_24hpf_roi4,fish5_24hpf_roi4,fish5_24hpf_roi4,1920,/clusterfs/vast/abcabc/Aang_Foundation/20251001_mem-histone/fish5_24hpf_roi4,aang,mem-histone,51.0,10/1/25,2,ef1a:2xLynk:tdmSG(J) (F1 of allele 301),tdmScarlet3S2:H2B-tol2 (F1 of allele 324),,,,X:\abcabc\Aang_Foundation\20251001_mem-histone,pDQM005,301,pDQM133,324,,
20251002_mem_mito,fish10_24hpf_roi1,fish10_24hpf_roi1,fish10_24hpf_roi1,272,/clusterfs/vast/abcabc/Aang_Foundation/20251002_mem_mito/fish10_24hpf_roi1,aang,mem_mito,51.0,10/1/25,2,ef1a:2xLynk:tdmSG(J) (F1 of allele 301),tdmScarlet3S2:H2B-tol2 (F1 of allele 324),,,,X:\abcabc\Aang_Foundation\20251001_mem-histone,pDQM005,301,pDQM133,324,,
20251002_mem_mito,fish10_24hpf_roi2,fish10_24hpf_roi2,fish10_24hpf_roi2,272,/clusterfs/vast/abcabc/Aang_Foundation/20251002_mem_mito/fish10_24hpf_roi2,aang,mem_mito,51.0,10/1/25,2,ef1a:2xLynk:tdmSG(J) (F1 of allele 301),tdmScarlet3S2:H2B-tol2 (F1 of allele 324),,,,X:\abcabc\Aang_Foundation\20251001_mem-histone,pDQM005,301,pDQM133,324,,
20251002_mem_mito,fish11_24hpf_roi1,fish11_24hpf_roi1,fish11_24hpf_roi1,400,/clusterfs/vast/abcabc/Aang_Foundation/20251002_mem_mito/fish11_24hpf_roi1,aang,mem_mito,51.0,10/1/25,2,ef1a:2xLynk:tdmSG(J) (F1 of allele 301),tdmScarlet3S2:H2B-tol2 (F1 of allele 324),,,,X:\abcabc\Aang_Foundation\20251001_mem-histone,pDQM005,301,pDQM133,324,,
20251002_mem_mito,fish11_24hpf_roi2,fish11_24hpf_roi2,fish11_24hpf_roi2,400,/clusterfs/vast/abcabc/Aang_Foundation/20251002_mem_mito/fish11_24hpf_roi2,aang,mem_mito,51.0,10/1/25,2,ef1a:2xLynk:tdmSG(J) (F1 of allele 301),tdmScarlet3S2:H2B-tol2 (F1 of allele 324),,,,X:\abcabc\Aang_Foundation\20251001_mem-histone,pDQM005,301,pDQM133,324,,
20251002_mem_mito,fish11_24hpf_roi3,fish11_24hpf_roi3,fish11_24hpf_roi3,400,/clusterfs/vast/abcabc/Aang_Foundation/20251002_mem_mito/fish11_24hpf_roi3,aang,mem_mito,51.0,10/1/25,2,ef1a:2xLynk:tdmSG(J) (F1 of allele 301),tdmScarlet3S2:H2B-tol2 (F1 of allele 324),,,,X:\abcabc\Aang_Foundation\20251001_mem-histone,pDQM005,301,pDQM133,324,,
20251002_mem_mito,fish12_24hpf_roi1,fish12_24hpf_roi1,fish12_24hpf_roi1,400,/clusterfs/vast/abcabc/Aang_Foundation/20251002_mem_mito/fish12_24hpf_roi1,aang,mem_mito,51.0,10/1/25,2,ef1a:2xLynk:tdmSG(J) (F1 of allele 301),tdmScarlet3S2:H2B-tol2 (F1 of allele 324),,,,X:\abcabc\Aang_Foundation\20251001_mem-histone,pDQM005,301,pDQM133,324,,
20251002_mem_mito,fish12_24hpf_roi2,fish12_24hpf_roi2,fish12_24hpf_roi2,400,/clusterfs/vast/abcabc/Aang_Foundation/20251002_mem_mito/fish12_24hpf_roi2,aang,mem_mito,51.0,10/1/25,2,ef1a:2xLynk:tdmSG(J) (F1 of allele 301),tdmScarlet3S2:H2B-tol2 (F1 of allele 324),,,,X:\abcabc\Aang_Foundation\20251001_mem-histone,pDQM005,301,pDQM133,324,,
20251002_mem_mito,fish12_24hpf_roi3,fish12_24hpf_roi3,fish12_24hpf_roi3,400,/clusterfs/vast/abcabc/Aang_Foundation/20251002_mem_mito/fish12_24hpf_roi3,aang,mem_mito,51.0,10/1/25,2,ef1a:2xLynk:tdmSG(J) (F1 of allele 301),tdmScarlet3S2:H2B-tol2 (F1 of allele 324),,,,X:\abcabc\Aang_Foundation\20251001_mem-histone,pDQM005,301,pDQM133,324,,
20251002_mem_mito,fish12_24hpf_roi4,fish12_24hpf_roi4,fish12_24hpf_roi4,400,/clusterfs/vast/abcabc/Aang_Foundation/20251002_mem_mito/fish12_24hpf_roi4,aang,mem_mito,51.0,10/1/25,2,ef1a:2xLynk:tdmSG(J) (F1 of allele 301),tdmScarlet3S2:H2B-tol2 (F1 of allele 324),,,,X:\abcabc\Aang_Foundation\20251001_mem-histone,pDQM005,301,pDQM133,324,,
20251002_mem_mito,fish1_24hpf_roi1,fish1_24hpf_roi1,fish1_24hpf_roi1,333,/clusterfs/vast/abcabc/Aang_Foundation/20251002_mem_mito/fish1_24hpf_roi1,aang,mem_mito,51.0,10/1/25,2,ef1a:2xLynk:tdmSG(J) (F1 of allele 301),tdmScarlet3S2:H2B-tol2 (F1 of allele 324),,,,X:\abcabc\Aang_Foundation\20251001_mem-histone,pDQM005,301,pDQM133,324,,
20251002_mem_mito,fish3_24hpf_roi1,fish3_24hpf_roi1,fish3_24hpf_roi1,277,/clusterfs/vast/abcabc/Aang_Foundation/20251002_mem_mito/fish3_24hpf_roi1,aang,mem_mito,51.0,10/1/25,2,ef1a:2xLynk:tdmSG(J) (F1 of allele 301),tdmScarlet3S2:H2B-tol2 (F1 of allele 324),,,,X:\abcabc\Aang_Foundation\20251001_mem-histone,pDQM005,301,pDQM133,324,,
20251002_mem_mito,fish3_24hpf_roi2,fish3_24hpf_roi2,fish3_24hpf_roi2,144,/clusterfs/vast/abcabc/Aang_Foundation/20251002_mem_mito/fish3_24hpf_roi2,aang,mem_mito,51.0,10/1/25,2,ef1a:2xLynk:tdmSG(J) (F1 of allele 301),tdmScarlet3S2:H2B-tol2 (F1 of allele 324),,,,X:\abcabc\Aang_Foundation\20251001_mem-histone,pDQM005,301,pDQM133,324,,
20251002_mem_mito,fish5_24hpf_roi1,fish5_24hpf_roi1,fish5_24hpf_roi1,144,/clusterfs/vast/abcabc/Aang_Foundation/20251002_mem_mito/fish5_24hpf_roi1,aang,mem_mito,51.0,10/1/25,2,ef1a:2xLynk:tdmSG(J) (F1 of allele 301),tdmScarlet3S2:H2B-tol2 (F1 of allele 324),,,,X:\abcabc\Aang_Foundation\20251001_mem-histone,pDQM005,301,pDQM133,324,,
20251002_mem_mito,fish5_24hpf_roi2,fish5_24hpf_roi2,fish5_24hpf_roi2,144,/clusterfs/vast/abcabc/Aang_Foundation/20251002_mem_mito/fish5_24hpf_roi2,aang,mem_mito,51.0,10/1/25,2,ef1a:2xLynk:tdmSG(J) (F1 of allele 301),tdmScarlet3S2:H2B-tol2 (F1 of allele 324),,,,X:\abcabc\Aang_Foundation\20251001_mem-histone,pDQM005,301,pDQM133,324,,
20251002_mem_mito,fish5_24hpf_roi3,fish5_24hpf_roi3,fish5_24hpf_roi3,144,/clusterfs/vast/abcabc/Aang_Foundation/20251002_mem_mito/fish5_24hpf_roi3,aang,mem_mito,51.0,10/1/25,2,ef1a:2xLynk:tdmSG(J) (F1 of allele 301),tdmScarlet3S2:H2B-tol2 (F1 of allele 324),,,,X:\abcabc\Aang_Foundation\20251001_mem-histone,pDQM005,301,pDQM133,324,,
20251002_mem_mito,fish6_24hpf_roi1,fish6_24hpf_roi1,fish6_24hpf_roi1,408,/clusterfs/vast/abcabc/Aang_Foundation/20251002_mem_mito/fish6_24hpf_roi1,aang,mem_mito,51.0,10/1/25,2,ef1a:2xLynk:tdmSG(J) (F1 of allele 301),tdmScarlet3S2:H2B-tol2 (F1 of allele 324),,,,X:\abcabc\Aang_Foundation\20251001_mem-histone,pDQM005,301,pDQM133,324,,
20251002_mem_mito,fish6_24hpf_roi2,fish6_24hpf_roi2,fish6_24hpf_roi2,408,/clusterfs/vast/abcabc/Aang_Foundation/20251002_mem_mito/fish6_24hpf_roi2,aang,mem_mito,51.0,10/1/25,2,ef1a:2xLynk:tdmSG(J) (F1 of allele 301),tdmScarlet3S2:H2B-tol2 (F1 of allele 324),,,,X:\abcabc\Aang_Foundation\20251001_mem-histone,pDQM005,301,pDQM133,324,,
20251002_mem_mito,fish6_24hpf_roi3,fish6_24hpf_roi3,fish6_24hpf_roi3,238,/clusterfs/vast/abcabc/Aang_Foundation/20251002_mem_mito/fish6_24hpf_roi3,aang,mem_mito,51.0,10/1/25,2,ef1a:2xLynk:tdmSG(J) (F1 of allele 301),tdmScarlet3S2:H2B-tol2 (F1 of allele 324),,,,X:\abcabc\Aang_Foundation\20251001_mem-histone,pDQM005,301,pDQM133,324,,
20251002_mem_mito,fish7_24hpf_roi1,fish7_24hpf_roi1,fish7_24hpf_roi1,272,/clusterfs/vast/abcabc/Aang_Foundation/20251002_mem_mito/fish7_24hpf_roi1,aang,mem_mito,51.0,10/1/25,2,ef1a:2xLynk:tdmSG(J) (F1 of allele 301),tdmScarlet3S2:H2B-tol2 (F1 of allele 324),,,,X:\abcabc\Aang_Foundation\20251001_mem-histone,pDQM005,301,pDQM133,324,,
20251002_mem_mito,fish7_24hpf_roi2,fish7_24hpf_roi2,fish7_24hpf_roi2,272,/clusterfs/vast/abcabc/Aang_Foundation/20251002_mem_mito/fish7_24hpf_roi2,aang,mem_mito,51.0,10/1/25,2,ef1a:2xLynk:tdmSG(J) (F1 of allele 301),tdmScarlet3S2:H2B-tol2 (F1 of allele 324),,,,X:\abcabc\Aang_Foundation\20251001_mem-histone,pDQM005,301,pDQM133,324,,
20251002_mem_mito,fish8_24hpf_roi1,fish8_24hpf_roi1,fish8_24hpf_roi1,272,/clusterfs/vast/abcabc/Aang_Foundation/20251002_mem_mito/fish8_24hpf_roi1,aang,mem_mito,51.0,10/1/25,2,ef1a:2xLynk:tdmSG(J) (F1 of allele 301),tdmScarlet3S2:H2B-tol2 (F1 of allele 324),,,,X:\abcabc\Aang_Foundation\20251001_mem-histone,pDQM005,301,pDQM133,324,,
20251002_mem_mito,fish8_24hpf_roi2,fish8_24hpf_roi2,fish8_24hpf_roi2,272,/clusterfs/vast/abcabc/Aang_Foundation/20251002_mem_mito/fish8_24hpf_roi2,aang,mem_mito,51.0,10/1/25,2,ef1a:2xLynk:tdmSG(J) (F1 of allele 301),tdmScarlet3S2:H2B-tol2 (F1 of allele 324),,,,X:\abcabc\Aang_Foundation\20251001_mem-histone,pDQM005,301,pDQM133,324,,
20251002_mem_mito,fish9_24hpf_roi1,fish9_24hpf_roi1,fish9_24hpf_roi1,408,/clusterfs/vast/abcabc/Aang_Foundation/20251002_mem_mito/fish9_24hpf_roi1,aang,mem_mito,51.0,10/1/25,2,ef1a:2xLynk:tdmSG(J) (F1 of allele 301),tdmScarlet3S2:H2B-tol2 (F1 of allele 324),,,,X:\abcabc\Aang_Foundation\20251001_mem-histone,pDQM005,301,pDQM133,324,,
20251002_mem_mito,fish9_24hpf_roi2,fish9_24hpf_roi2,fish9_24hpf_roi2,408,/clusterfs/vast/abcabc/Aang_Foundation/20251002_mem_mito/fish9_24hpf_roi2,aang,mem_mito,51.0,10/1/25,2,ef1a:2xLynk:tdmSG(J) (F1 of allele 301),tdmScarlet3S2:H2B-tol2 (F1 of allele 324),,,,X:\abcabc\Aang_Foundation\20251001_mem-histone,pDQM005,301,pDQM133,324,,
20251003_mem_tester,fish1_48hpf_xscan_roi1_brain,fish1_48hpf_xscan_roi1_brain,fish1_48hpf_xscan_roi1_brain,31,/clusterfs/vast/abcabc/Aang_Foundation/20251003_mem_tester/fish1_48hpf_xscan_roi1_brain,aang,mem_tester,51.0,10/1/25,2,ef1a:2xLynk:tdmSG(J) (F1 of allele 301),tdmScarlet3S2:H2B-tol2 (F1 of allele 324),,,,X:\abcabc\Aang_Foundation\20251001_mem-histone,pDQM005,301,pDQM133,324,,
20251003_mem_tester,fish1_48hpf_xscan_roi2_spine_muscle,fish1_48hpf_xscan_roi2_spine_muscle,fish1_48hpf_xscan_roi2_spine_muscle,20,/clusterfs/vast/abcabc/Aang_Foundation/20251003_mem_tester/fish1_48hpf_xscan_roi2_spine_muscle,aang,mem_tester,51.0,10/1/25,2,ef1a:2xLynk:tdmSG(J) (F1 of allele 301),tdmScarlet3S2:H2B-tol2 (F1 of allele 324),,,,X:\abcabc\Aang_Foundation\20251001_mem-histone,pDQM005,301,pDQM133,324,,
20251003_mem_tester,fish1_48hpf_xscan_roi3_spine_muscle_tail,fish1_48hpf_xscan_roi3_spine_muscle_tail,fish1_48hpf_xscan_roi3_spine_muscle_tail,20,/clusterfs/vast/abcabc/Aang_Foundation/20251003_mem_tester/fish1_48hpf_xscan_roi3_spine_muscle_tail,aang,mem_tester,51.0,10/1/25,2,ef1a:2xLynk:tdmSG(J) (F1 of allele 301),tdmScarlet3S2:H2B-tol2 (F1 of allele 324),,,,X:\abcabc\Aang_Foundation\20251001_mem-histone,pDQM005,301,pDQM133,324,,
20251003_mem_tester,fish1_48hpf_xscan_roi4_spine_muscle_tail,fish1_48hpf_xscan_roi4_spine_muscle_tail,fish1_48hpf_xscan_roi4_spine_muscle_tail,20,/clusterfs/vast/abcabc/Aang_Foundation/20251003_mem_tester/fish1_48hpf_xscan_roi4_spine_muscle_tail,aang,mem_tester,51.0,10/1/25,2,ef1a:2xLynk:tdmSG(J) (F1 of allele 301),tdmScarlet3S2:H2B-tol2 (F1 of allele 324),,,,X:\abcabc\Aang_Foundation\20251001_mem-histone,pDQM005,301,pDQM133,324,,
20251003_mem_tester,fish1_48hpf_xscan_roi5_spine_muscle_tail,fish1_48hpf_xscan_roi5_spine_muscle_tail,fish1_48hpf_xscan_roi5_spine_muscle_tail,20,/clusterfs/vast/abcabc/Aang_Foundation/20251003_mem_tester/fish1_48hpf_xscan_roi5_spine_muscle_tail,aang,mem_tester,51.0,10/1/25,2,ef1a:2xLynk:tdmSG(J) (F1 of allele 301),tdmScarlet3S2:H2B-tol2 (F1 of allele 324),,,,X:\abcabc\Aang_Foundation\20251001_mem-histone,pDQM005,301,pDQM133,324,,
20251003_mem_tester,fish1_48hpf_xscan_roi6_spine_muscle_tail,fish1_48hpf_xscan_roi6_spine_muscle_tail,fish1_48hpf_xscan_roi6_spine_muscle_tail,20,/clusterfs/vast/abcabc/Aang_Foundation/20251003_mem_tester/fish1_48hpf_xscan_roi6_spine_muscle_tail,aang,mem_tester,51.0,10/1/25,2,ef1a:2xLynk:tdmSG(J) (F1 of allele 301),tdmScarlet3S2:H2B-tol2 (F1 of allele 324),,,,X:\abcabc\Aang_Foundation\20251001_mem-histone,pDQM005,301,pDQM133,324,,
20251003_mem_tester,fish1_48hpf_xscan_roi7_spine_muscle_tail,fish1_48hpf_xscan_roi7_spine_muscle_tail,fish1_48hpf_xscan_roi7_spine_muscle_tail,20,/clusterfs/vast/abcabc/Aang_Foundation/20251003_mem_tester/fish1_48hpf_xscan_roi7_spine_muscle_tail,aang,mem_tester,51.0,10/1/25,2,ef1a:2xLynk:tdmSG(J) (F1 of allele 301),tdmScarlet3S2:H2B-tol2 (F1 of allele 324),,,,X:\abcabc\Aang_Foundation\20251001_mem-histone,pDQM005,301,pDQM133,324,,
20251006_mem_histone,fish1_24hpf_roi1,fish1_24hpf_roi1,fish1_24hpf_roi1,1280,/clusterfs/vast/abcabc/Aang_Foundation/20251006_mem_histone/fish1_24hpf_roi1,aang,mem_histone,41.0,10/6/25,1,ef1a:2xLynk:tdmSG(J) (F1 of allele 302),ef1a:2xLynk:tdmSG(J) (F1 of allele 304),,,,,pDQM005,302,pDQM005,304,,
20251006_mem_histone,fish1_24hpf_roi2,fish1_24hpf_roi2,fish1_24hpf_roi2,1280,/clusterfs/vast/abcabc/Aang_Foundation/20251006_mem_histone/fish1_24hpf_roi2,aang,mem_histone,41.0,10/6/25,1,ef1a:2xLynk:tdmSG(J) (F1 of allele 302),ef1a:2xLynk:tdmSG(J) (F1 of allele 304),,,,,pDQM005,302,pDQM005,304,,
20251006_mem_histone,fish1_24hpf_roi3,fish1_24hpf_roi3,fish1_24hpf_roi3,1280,/clusterfs/vast/abcabc/Aang_Foundation/20251006_mem_histone/fish1_24hpf_roi3,aang,mem_histone,41.0,10/6/25,1,ef1a:2xLynk:tdmSG(J) (F1 of allele 302),ef1a:2xLynk:tdmSG(J) (F1 of allele 304),,,,,pDQM005,302,pDQM005,304,,
20251006_mem_histone,fish1_24hpf_roi4,fish1_24hpf_roi4,fish1_24hpf_roi4,1280,/clusterfs/vast/abcabc/Aang_Foundation/20251006_mem_histone/fish1_24hpf_roi4,aang,mem_histone,41.0,10/6/25,1,ef1a:2xLynk:tdmSG(J) (F1 of allele 302),ef1a:2xLynk:tdmSG(J) (F1 of allele 304),,,,,pDQM005,302,pDQM005,304,,
20251006_mem_histone,fish3_24hpf_roi1,fish3_24hpf_roi1,fish3_24hpf_roi1,1024,/clusterfs/vast/abcabc/Aang_Foundation/20251006_mem_histone/fish3_24hpf_roi1,aang,mem_histone,41.0,10/6/25,1,ef1a:2xLynk:tdmSG(J) (F1 of allele 302),ef1a:2xLynk:tdmSG(J) (F1 of allele 304),,,,,pDQM005,302,pDQM005,304,,
20251006_mem_histone,fish3_24hpf_roi2,fish3_24hpf_roi2,fish3_24hpf_roi2,1024,/clusterfs/vast/abcabc/Aang_Foundation/20251006_mem_histone/fish3_24hpf_roi2,aang,mem_histone,41.0,10/6/25,1,ef1a:2xLynk:tdmSG(J) (F1 of allele 302),ef1a:2xLynk:tdmSG(J) (F1 of allele 304),,,,,pDQM005,302,pDQM005,304,,
20251006_mem_histone,fish4_24hpf_roi1,fish4_24hpf_roi1,fish4_24hpf_roi1,1024,/clusterfs/vast/abcabc/Aang_Foundation/20251006_mem_histone/fish4_24hpf_roi1,aang,mem_histone,41.0,10/6/25,1,ef1a:2xLynk:tdmSG(J) (F1 of allele 302),ef1a:2xLynk:tdmSG(J) (F1 of allele 304),,,,,pDQM005,302,pDQM005,304,,
20251006_mem_histone,fish4_24hpf_roi2,fish4_24hpf_roi2,fish4_24hpf_roi2,1024,/clusterfs/vast/abcabc/Aang_Foundation/20251006_mem_histone/fish4_24hpf_roi2,aang,mem_histone,41.0,10/6/25,1,ef1a:2xLynk:tdmSG(J) (F1 of allele 302),ef1a:2xLynk:tdmSG(J) (F1 of allele 304),,,,,pDQM005,302,pDQM005,304,,
20251006_mem_histone,fish4_24hpf_roi3,fish4_24hpf_roi3,fish4_24hpf_roi3,1024,/clusterfs/vast/abcabc/Aang_Foundation/20251006_mem_histone/fish4_24hpf_roi3,aang,mem_histone,41.0,10/6/25,1,ef1a:2xLynk:tdmSG(J) (F1 of allele 302),ef1a:2xLynk:tdmSG(J) (F1 of allele 304),,,,,pDQM005,302,pDQM005,304,,
20251006_mem_histone,fish6_24hpf_roi1,fish6_24hpf_roi1,fish6_24hpf_roi1,1024,/clusterfs/vast/abcabc/Aang_Foundation/20251006_mem_histone/fish6_24hpf_roi1,aang,mem_histone,41.0,10/6/25,1,ef1a:2xLynk:tdmSG(J) (F1 of allele 302),ef1a:2xLynk:tdmSG(J) (F1 of allele 304),,,,,pDQM005,302,pDQM005,304,,
20251006_mem_histone,fish6_24hpf_roi2,fish6_24hpf_roi2,fish6_24hpf_roi2,1024,/clusterfs/vast/abcabc/Aang_Foundation/20251006_mem_histone/fish6_24hpf_roi2,aang,mem_histone,41.0,10/6/25,1,ef1a:2xLynk:tdmSG(J) (F1 of allele 302),ef1a:2xLynk:tdmSG(J) (F1 of allele 304),,,,,pDQM005,302,pDQM005,304,,
20251007_mem_histone,fish2_48hpf_roi1,fish2_48hpf_roi1,fish2_48hpf_roi1,1024,/clusterfs/vast/abcabc/Aang_Foundation/20251007_mem_histone/fish2_48hpf_roi1,aang,mem_histone,36.0,10/9/25,1,ef1a:2xLynk:tdmChilada (F1 of allele 315),casper/rnf,MGCO-28(ef1a-extended-2Xcox8A-linker-mStayGold-SV40-attb-tol2),,,X:\abcabc\Aang_Foundation\20251010_mem-mito,pDQM082,315,,,,
20251007_mem_histone,fish2_48hpf_roi2,fish2_48hpf_roi2,fish2_48hpf_roi2,46,/clusterfs/vast/abcabc/Aang_Foundation/20251007_mem_histone/fish2_48hpf_roi2,aang,mem_histone,36.0,10/9/25,1,ef1a:2xLynk:tdmChilada (F1 of allele 315),casper/rnf,MGCO-28(ef1a-extended-2Xcox8A-linker-mStayGold-SV40-attb-tol2),,,X:\abcabc\Aang_Foundation\20251010_mem-mito,pDQM082,315,,,,
20251007_mem_histone,fish2_48hpf_roi2_test,fish2_48hpf_roi2_test,fish2_48hpf_roi2_test,70,/clusterfs/vast/abcabc/Aang_Foundation/20251007_mem_histone/fish2_48hpf_roi2_test,aang,mem_histone,36.0,10/9/25,1,ef1a:2xLynk:tdmChilada (F1 of allele 315),casper/rnf,MGCO-28(ef1a-extended-2Xcox8A-linker-mStayGold-SV40-attb-tol2),,,X:\abcabc\Aang_Foundation\20251010_mem-mito,pDQM082,315,,,,
20251007_mem_histone,fish2_48hpf_roi3,fish2_48hpf_roi3,fish2_48hpf_roi3,1024,/clusterfs/vast/abcabc/Aang_Foundation/20251007_mem_histone/fish2_48hpf_roi3,aang,mem_histone,36.0,10/9/25,1,ef1a:2xLynk:tdmChilada (F1 of allele 315),casper/rnf,MGCO-28(ef1a-extended-2Xcox8A-linker-mStayGold-SV40-attb-tol2),,,X:\abcabc\Aang_Foundation\20251010_mem-mito,pDQM082,315,,,,
20251007_mem_histone,fish2_48hpf_roi4,fish2_48hpf_roi4,fish2_48hpf_roi4,1024,/clusterfs/vast/abcabc/Aang_Foundation/20251007_mem_histone/fish2_48hpf_roi4,aang,mem_histone,36.0,10/9/25,1,ef1a:2xLynk:tdmChilada (F1 of allele 315),casper/rnf,MGCO-28(ef1a-extended-2Xcox8A-linker-mStayGold-SV40-attb-tol2),,,X:\abcabc\Aang_Foundation\20251010_mem-mito,pDQM082,315,,,,
20251007_mem_histone,fish2_48hpf_roi5,fish2_48hpf_roi5,fish2_48hpf_roi5,1024,/clusterfs/vast/abcabc/Aang_Foundation/20251007_mem_histone/fish2_48hpf_roi5,aang,mem_histone,36.0,10/9/25,1,ef1a:2xLynk:tdmChilada (F1 of allele 315),casper/rnf,MGCO-28(ef1a-extended-2Xcox8A-linker-mStayGold-SV40-attb-tol2),,,X:\abcabc\Aang_Foundation\20251010_mem-mito,pDQM082,315,,,,
20251007_mem_histone,fish3_48hpf_roi1,fish3_48hpf_roi1,fish3_48hpf_roi1,1024,/clusterfs/vast/abcabc/Aang_Foundation/20251007_mem_histone/fish3_48hpf_roi1,aang,mem_histone,36.0,10/9/25,1,ef1a:2xLynk:tdmChilada (F1 of allele 315),casper/rnf,MGCO-28(ef1a-extended-2Xcox8A-linker-mStayGold-SV40-attb-tol2),,,X:\abcabc\Aang_Foundation\20251010_mem-mito,pDQM082,315,,,,
20251009_mem-mito,fish3_48hpf_roi1,fish3_48hpf_roi1,fish3_48hpf_roi1,271,/clusterfs/vast/abcabc/Aang_Foundation/20251009_mem-mito/fish3_48hpf_roi1,aang,mem-mito,36.0,10/9/25,1,ef1a:2xLynk:tdmChilada (F1 of allele 315),casper/rnf,MGCO-28(ef1a-extended-2Xcox8A-linker-mStayGold-SV40-attb-tol2),,,X:\abcabc\Aang_Foundation\20251010_mem-mito,pDQM082,315,,,,
20251009_mem-mito,fish3_48hpf_roi2,fish3_48hpf_roi2,fish3_48hpf_roi2,408,/clusterfs/vast/abcabc/Aang_Foundation/20251009_mem-mito/fish3_48hpf_roi2,aang,mem-mito,36.0,10/9/25,1,ef1a:2xLynk:tdmChilada (F1 of allele 315),casper/rnf,MGCO-28(ef1a-extended-2Xcox8A-linker-mStayGold-SV40-attb-tol2),,,X:\abcabc\Aang_Foundation\20251010_mem-mito,pDQM082,315,,,,
20251009_mem-mito,fish3_48hpf_roi3,fish3_48hpf_roi3,fish3_48hpf_roi3,408,/clusterfs/vast/abcabc/Aang_Foundation/20251009_mem-mito/fish3_48hpf_roi3,aang,mem-mito,36.0,10/9/25,1,ef1a:2xLynk:tdmChilada (F1 of allele 315),casper/rnf,MGCO-28(ef1a-extended-2Xcox8A-linker-mStayGold-SV40-attb-tol2),,,X:\abcabc\Aang_Foundation\20251010_mem-mito,pDQM082,315,,,,
20251009_mem-mito,fish3_48hpf_roi4,fish3_48hpf_roi4,fish3_48hpf_roi4,408,/clusterfs/vast/abcabc/Aang_Foundation/20251009_mem-mito/fish3_48hpf_roi4,aang,mem-mito,36.0,10/9/25,1,ef1a:2xLynk:tdmChilada (F1 of allele 315),casper/rnf,MGCO-28(ef1a-extended-2Xcox8A-linker-mStayGold-SV40-attb-tol2),,,X:\abcabc\Aang_Foundation\20251010_mem-mito,pDQM082,315,,,,
20251010_mem-mito,fish1_24hpf_roi1,fish1_24hpf_roi1,fish1_24hpf_roi1,1024,/clusterfs/vast/abcabc/Aang_Foundation/20251010_mem-mito/fish1_24hpf_roi1,aang,mem-mito,36.0,10/9/25,1,ef1a:2xLynk:tdmChilada (F1 of allele 315),casper/rnf,MGCO-28(ef1a-extended-2Xcox8A-linker-mStayGold-SV40-attb-tol2),,,X:\abcabc\Aang_Foundation\20251010_mem-mito,pDQM082,315,,,,
20251010_mem-mito,fish1_24hpf_roi2,fish1_24hpf_roi2,fish1_24hpf_roi2,1024,/clusterfs/vast/abcabc/Aang_Foundation/20251010_mem-mito/fish1_24hpf_roi2,aang,mem-mito,36.0,10/9/25,1,ef1a:2xLynk:tdmChilada (F1 of allele 315),casper/rnf,MGCO-28(ef1a-extended-2Xcox8A-linker-mStayGold-SV40-attb-tol2),,,X:\abcabc\Aang_Foundation\20251010_mem-mito,pDQM082,315,,,,
20251010_mem-mito,fish2_24hpf_roi1,fish2_24hpf_roi1,fish2_24hpf_roi1,4608,/clusterfs/vast/abcabc/Aang_Foundation/20251010_mem-mito/fish2_24hpf_roi1,aang,mem-mito,36.0,10/9/25,1,ef1a:2xLynk:tdmChilada (F1 of allele 315),casper/rnf,MGCO-28(ef1a-extended-2Xcox8A-linker-mStayGold-SV40-attb-tol2),,,X:\abcabc\Aang_Foundation\20251010_mem-mito,pDQM082,315,,,,
20251010_mem-mito,fish2_24hpf_roi2,fish2_24hpf_roi2,fish2_24hpf_roi2,4608,/clusterfs/vast/abcabc/Aang_Foundation/20251010_mem-mito/fish2_24hpf_roi2,aang,mem-mito,36.0,10/9/25,1,ef1a:2xLynk:tdmChilada (F1 of allele 315),casper/rnf,MGCO-28(ef1a-extended-2Xcox8A-linker-mStayGold-SV40-attb-tol2),,,X:\abcabc\Aang_Foundation\20251010_mem-mito,pDQM082,315,,,,
20251010_mem-mito,fish3_24hpf_roi1,fish3_24hpf_roi1,fish3_24hpf_roi1,4608,/clusterfs/vast/abcabc/Aang_Foundation/20251010_mem-mito/fish3_24hpf_roi1,aang,mem-mito,36.0,10/9/25,1,ef1a:2xLynk:tdmChilada (F1 of allele 315),casper/rnf,MGCO-28(ef1a-extended-2Xcox8A-linker-mStayGold-SV40-attb-tol2),,,X:\abcabc\Aang_Foundation\20251010_mem-mito,pDQM082,315,,,,
20251010_mem-mito,fish3_24hpf_roi2,fish3_24hpf_roi2,fish3_24hpf_roi2,4608,/clusterfs/vast/abcabc/Aang_Foundation/20251010_mem-mito/fish3_24hpf_roi2,aang,mem-mito,36.0,10/9/25,1,ef1a:2xLynk:tdmChilada (F1 of allele 315),casper/rnf,MGCO-28(ef1a-extended-2Xcox8A-linker-mStayGold-SV40-attb-tol2),,,X:\abcabc\Aang_Foundation\20251010_mem-mito,pDQM082,315,,,,
20251010_mem-mito,fish4_24hpf_roi1,fish4_24hpf_roi1,fish4_24hpf_roi1,4608,/clusterfs/vast/abcabc/Aang_Foundation/20251010_mem-mito/fish4_24hpf_roi1,aang,mem-mito,36.0,10/9/25,1,ef1a:2xLynk:tdmChilada (F1 of allele 315),casper/rnf,MGCO-28(ef1a-extended-2Xcox8A-linker-mStayGold-SV40-attb-tol2),,,X:\abcabc\Aang_Foundation\20251010_mem-mito,pDQM082,315,,,,
20251010_mem-mito,fish4_24hpf_roi2,fish4_24hpf_roi2,fish4_24hpf_roi2,4608,/clusterfs/vast/abcabc/Aang_Foundation/20251010_mem-mito/fish4_24hpf_roi2,aang,mem-mito,36.0,10/9/25,1,ef1a:2xLynk:tdmChilada (F1 of allele 315),casper/rnf,MGCO-28(ef1a-extended-2Xcox8A-linker-mStayGold-SV40-attb-tol2),,,X:\abcabc\Aang_Foundation\20251010_mem-mito,pDQM082,315,,,,
20251010_mem-mito,fish5_24hpf_roi1,fish5_24hpf_roi1,fish5_24hpf_roi1,4608,/clusterfs/vast/abcabc/Aang_Foundation/20251010_mem-mito/fish5_24hpf_roi1,aang,mem-mito,36.0,10/9/25,1,ef1a:2xLynk:tdmChilada (F1 of allele 315),casper/rnf,MGCO-28(ef1a-extended-2Xcox8A-linker-mStayGold-SV40-attb-tol2),,,X:\abcabc\Aang_Foundation\20251010_mem-mito,pDQM082,315,,,,
20251010_mem-mito,fish5_24hpf_roi2,fish5_24hpf_roi2,fish5_24hpf_roi2,4608,/clusterfs/vast/abcabc/Aang_Foundation/20251010_mem-mito/fish5_24hpf_roi2,aang,mem-mito,36.0,10/9/25,1,ef1a:2xLynk:tdmChilada (F1 of allele 315),casper/rnf,MGCO-28(ef1a-extended-2Xcox8A-linker-mStayGold-SV40-attb-tol2),,,X:\abcabc\Aang_Foundation\20251010_mem-mito,pDQM082,315,,,,
20251010_mem-mito,fish6_24hpf_roi1,fish6_24hpf_roi1,fish6_24hpf_roi1,4608,/clusterfs/vast/abcabc/Aang_Foundation/20251010_mem-mito/fish6_24hpf_roi1,aang,mem-mito,36.0,10/9/25,1,ef1a:2xLynk:tdmChilada (F1 of allele 315),casper/rnf,MGCO-28(ef1a-extended-2Xcox8A-linker-mStayGold-SV40-attb-tol2),,,X:\abcabc\Aang_Foundation\20251010_mem-mito,pDQM082,315,,,,
20251010_mem-mito,fish6_24hpf_roi2,fish6_24hpf_roi2,fish6_24hpf_roi2,4608,/clusterfs/vast/abcabc/Aang_Foundation/20251010_mem-mito/fish6_24hpf_roi2,aang,mem-mito,36.0,10/9/25,1,ef1a:2xLynk:tdmChilada (F1 of allele 315),casper/rnf,MGCO-28(ef1a-extended-2Xcox8A-linker-mStayGold-SV40-attb-tol2),,,X:\abcabc\Aang_Foundation\20251010_mem-mito,pDQM082,315,,,,
20251013_mem-histone,fish1_96hpf_roi1,fish1_96hpf_roi1,fish1_96hpf_roi1,4608,/clusterfs/vast/abcabc/Aang_Foundation/20251013_mem-histone/fish1_96hpf_roi1,aang,mem-histone,32.0,10/13/25,1,ef1a:2xLynk:tdmSG(J) (F1 of allele 301),tdmScarlet3S2:H2B-tol2 (F1 of allele 324),,,,X:\abcabc\Aang_Foundation\20251013_mem-histone,pDQM005,301,pDQM133,324,,
20251013_mem-histone,fish1_96hpf_roi3,fish1_96hpf_roi3,fish1_96hpf_roi3,4608,/clusterfs/vast/abcabc/Aang_Foundation/20251013_mem-histone/fish1_96hpf_roi3,aang,mem-histone,32.0,10/13/25,1,ef1a:2xLynk:tdmSG(J) (F1 of allele 301),tdmScarlet3S2:H2B-tol2 (F1 of allele 324),,,,X:\abcabc\Aang_Foundation\20251013_mem-histone,pDQM005,301,pDQM133,324,,
20251013_mem-histone,fish3_96hpf_roi1,fish3_96hpf_roi1,fish3_96hpf_roi1,4608,/clusterfs/vast/abcabc/Aang_Foundation/20251013_mem-histone/fish3_96hpf_roi1,aang,mem-histone,32.0,10/13/25,1,ef1a:2xLynk:tdmSG(J) (F1 of allele 301),tdmScarlet3S2:H2B-tol2 (F1 of allele 324),,,,X:\abcabc\Aang_Foundation\20251013_mem-histone,pDQM005,301,pDQM133,324,,
20251013_mem-histone,fish3_96hpf_roi2,fish3_96hpf_roi2,fish3_96hpf_roi2,4608,/clusterfs/vast/abcabc/Aang_Foundation/20251013_mem-histone/fish3_96hpf_roi2,aang,mem-histone,32.0,10/13/25,1,ef1a:2xLynk:tdmSG(J) (F1 of allele 301),tdmScarlet3S2:H2B-tol2 (F1 of allele 324),,,,X:\abcabc\Aang_Foundation\20251013_mem-histone,pDQM005,301,pDQM133,324,,
20251013_mem-histone,fish3_96hpf_roi3,fish3_96hpf_roi3,fish3_96hpf_roi3,4608,/clusterfs/vast/abcabc/Aang_Foundation/20251013_mem-histone/fish3_96hpf_roi3,aang,mem-histone,32.0,10/13/25,1,ef1a:2xLynk:tdmSG(J) (F1 of allele 301),tdmScarlet3S2:H2B-tol2 (F1 of allele 324),,,,X:\abcabc\Aang_Foundation\20251013_mem-histone,pDQM005,301,pDQM133,324,,
20251013_mem-histone,fish3_96hpf_roi4,fish3_96hpf_roi4,fish3_96hpf_roi4,4608,/clusterfs/vast/abcabc/Aang_Foundation/20251013_mem-histone/fish3_96hpf_roi4,aang,mem-histone,32.0,10/13/25,1,ef1a:2xLynk:tdmSG(J) (F1 of allele 301),tdmScarlet3S2:H2B-tol2 (F1 of allele 324),,,,X:\abcabc\Aang_Foundation\20251013_mem-histone,pDQM005,301,pDQM133,324,,
20251015_mem-histone,fish1_48hpf_roi1,fish1_48hpf_roi1,fish1_48hpf_roi1,4608,/clusterfs/vast/abcabc/Aang_Foundation/20251015_mem-histone/fish1_48hpf_roi1,aang,mem-histone,30.0,10/14/25,1,ef1a:2xLynk:tdmSG(J) (F1 of allele 302),tdmScarlet3S2:H2B-tol2 (F1 of allele 324),,,,X:\abcabc\Aang_Foundation\20251015_mem-histone,pDQM005,302,pDQM133,324,,
20251015_mem-histone,fish1_48hpf_roi2,fish1_48hpf_roi2,fish1_48hpf_roi2,4608,/clusterfs/vast/abcabc/Aang_Foundation/20251015_mem-histone/fish1_48hpf_roi2,aang,mem-histone,30.0,10/14/25,1,ef1a:2xLynk:tdmSG(J) (F1 of allele 302),tdmScarlet3S2:H2B-tol2 (F1 of allele 324),,,,X:\abcabc\Aang_Foundation\20251015_mem-histone,pDQM005,302,pDQM133,324,,
20251015_mem-histone,fish1_48hpf_roi3,fish1_48hpf_roi3,fish1_48hpf_roi3,4608,/clusterfs/vast/abcabc/Aang_Foundation/20251015_mem-histone/fish1_48hpf_roi3,aang,mem-histone,30.0,10/14/25,1,ef1a:2xLynk:tdmSG(J) (F1 of allele 302),tdmScarlet3S2:H2B-tol2 (F1 of allele 324),,,,X:\abcabc\Aang_Foundation\20251015_mem-histone,pDQM005,302,pDQM133,324,,
20251015_mem-histone,fish2_48hpf_roi1,fish2_48hpf_roi1,fish2_48hpf_roi1,4608,/clusterfs/vast/abcabc/Aang_Foundation/20251015_mem-histone/fish2_48hpf_roi1,aang,mem-histone,30.0,10/14/25,1,ef1a:2xLynk:tdmSG(J) (F1 of allele 302),tdmScarlet3S2:H2B-tol2 (F1 of allele 324),,,,X:\abcabc\Aang_Foundation\20251015_mem-histone,pDQM005,302,pDQM133,324,,
20251015_mem-histone,fish3_48hpf_roi1,fish3_48hpf_roi1,fish3_48hpf_roi1,4608,/clusterfs/vast/abcabc/Aang_Foundation/20251015_mem-histone/fish3_48hpf_roi1,aang,mem-histone,30.0,10/14/25,1,ef1a:2xLynk:tdmSG(J) (F1 of allele 302),tdmScarlet3S2:H2B-tol2 (F1 of allele 324),,,,X:\abcabc\Aang_Foundation\20251015_mem-histone,pDQM005,302,pDQM133,324,,
20251015_mem-histone,fish3_48hpf_roi2,fish3_48hpf_roi2,fish3_48hpf_roi2,4608,/clusterfs/vast/abcabc/Aang_Foundation/20251015_mem-histone/fish3_48hpf_roi2,aang,mem-histone,30.0,10/14/25,1,ef1a:2xLynk:tdmSG(J) (F1 of allele 302),tdmScarlet3S2:H2B-tol2 (F1 of allele 324),,,,X:\abcabc\Aang_Foundation\20251015_mem-histone,pDQM005,302,pDQM133,324,,
20251015_mem-histone,fish4_48hpf_roi1,fish4_48hpf_roi1,fish4_48hpf_roi1,4608,/clusterfs/vast/abcabc/Aang_Foundation/20251015_mem-histone/fish4_48hpf_roi1,aang,mem-histone,30.0,10/14/25,1,ef1a:2xLynk:tdmSG(J) (F1 of allele 302),tdmScarlet3S2:H2B-tol2 (F1 of allele 324),,,,X:\abcabc\Aang_Foundation\20251015_mem-histone,pDQM005,302,pDQM133,324,,
20251015_mem-histone,fish4_48hpf_roi2,fish4_48hpf_roi2,fish4_48hpf_roi2,4608,/clusterfs/vast/abcabc/Aang_Foundation/20251015_mem-histone/fish4_48hpf_roi2,aang,mem-histone,30.0,10/14/25,1,ef1a:2xLynk:tdmSG(J) (F1 of allele 302),tdmScarlet3S2:H2B-tol2 (F1 of allele 324),,,,X:\abcabc\Aang_Foundation\20251015_mem-histone,pDQM005,302,pDQM133,324,,
20251015_mem-histone,fish4_48hpf_roi3,fish4_48hpf_roi3,fish4_48hpf_roi3,4608,/clusterfs/vast/abcabc/Aang_Foundation/20251015_mem-histone/fish4_48hpf_roi3,aang,mem-histone,30.0,10/14/25,1,ef1a:2xLynk:tdmSG(J) (F1 of allele 302),tdmScarlet3S2:H2B-tol2 (F1 of allele 324),,,,X:\abcabc\Aang_Foundation\20251015_mem-histone,pDQM005,302,pDQM133,324,,
20251015_mem-histone,fish5_48hpf_roi1,fish5_48hpf_roi1,fish5_48hpf_roi1,4608,/clusterfs/vast/abcabc/Aang_Foundation/20251015_mem-histone/fish5_48hpf_roi1,aang,mem-histone,30.0,10/14/25,1,ef1a:2xLynk:tdmSG(J) (F1 of allele 302),tdmScarlet3S2:H2B-tol2 (F1 of allele 324),,,,X:\abcabc\Aang_Foundation\20251015_mem-histone,pDQM005,302,pDQM133,324,,
20251015_mem-histone,fish6_48hpf_roi1,fish6_48hpf_roi1,fish6_48hpf_roi1,4608,/clusterfs/vast/abcabc/Aang_Foundation/20251015_mem-histone/fish6_48hpf_roi1,aang,mem-histone,30.0,10/14/25,1,ef1a:2xLynk:tdmSG(J) (F1 of allele 302),tdmScarlet3S2:H2B-tol2 (F1 of allele 324),,,,X:\abcabc\Aang_Foundation\20251015_mem-histone,pDQM005,302,pDQM133,324,,
20251016_mem-mito,fish1_72hpf_roi1,fish1_72hpf_roi1,fish1_72hpf_roi1,272,/clusterfs/vast/abcabc/Aang_Foundation/20251016_mem-mito/fish1_72hpf_roi1,aang,mem-mito,31.0,10/14/25,2,ef1a:2xLynk:tdmChilada (F1 of allele 315),casper/rnf,,,,X:\abcabc\Aang_Foundation\20251016_mem-mito,pDQM082,315,,,,
20251016_mem-mito_v2,fish1_72hpf_roi1,fish1_72hpf_roi1,fish1_72hpf_roi1,272,/clusterfs/vast/abcabc/Aang_Foundation/20251016_mem-mito_v2/fish1_72hpf_roi1,aang,mem-mito_v2,28.0,10/16/25,2,ef1a:2xLynk:tdmChilada (F1 of allele 315),casper/rnf,MGCO-28(ef1a-extended-2Xcox8A-linker-mStayGold-SV40-attb-tol2),,,X:\abcabc\Aang_Foundation\20251016_mem-mito_v2,pDQM082,315,,,,
20251016_mem-mito_v2,fish1_72hpf_roi2,fish1_72hpf_roi2,fish1_72hpf_roi2,272,/clusterfs/vast/abcabc/Aang_Foundation/20251016_mem-mito_v2/fish1_72hpf_roi2,aang,mem-mito_v2,28.0,10/16/25,2,ef1a:2xLynk:tdmChilada (F1 of allele 315),casper/rnf,MGCO-28(ef1a-extended-2Xcox8A-linker-mStayGold-SV40-attb-tol2),,,X:\abcabc\Aang_Foundation\20251016_mem-mito_v2,pDQM082,315,,,,
20251017_nuclear_envelope,fish1_24hpf_roi1_test,fish1_24hpf_roi1_test,fish1_24hpf_roi1_test,8,/clusterfs/vast/abcabc/Aang_Foundation/20251017_nuclear_envelope/fish1_24hpf_roi1_test,aang,nuclear_envelope,26.0,10/17/25,2,casper/rnf,casper/rnf,MGCO54(nuclearenvelope-A2UCOE-attb_entire+pDQM147-LEMD2-mStayGold),,,X:\abcabc\Aang_Foundation\20251017_nuclear_envelope,,,,,,
20251017_nuclear_envelope,fish1_24hpf_roi1_test_SIM,fish1_24hpf_roi1_test_SIM,fish1_24hpf_roi1_test_SIM,256,/clusterfs/vast/abcabc/Aang_Foundation/20251017_nuclear_envelope/fish1_24hpf_roi1_test_SIM,aang,nuclear_envelope,26.0,10/17/25,2,casper/rnf,casper/rnf,MGCO54(nuclearenvelope-A2UCOE-attb_entire+pDQM147-LEMD2-mStayGold),,,X:\abcabc\Aang_Foundation\20251017_nuclear_envelope,,,,,,
20251020_mem-histone,fish1_72hpf_roi1,fish1_72hpf_roi1,fish1_72hpf_roi1,3072,/clusterfs/vast/abcabc/Aang_Foundation/20251020_mem-histone/fish1_72hpf_roi1,aang,mem-histone,23.0,10/20/25,1,ef1a:2xLynk:tdmSG(J) (F1 of allele 301),tdmScarlet3S2:H2B-tol2 (F1 of allele 324),,,,X:\abcabc\Aang_Foundation\20251020_mem-histone,pDQM005,301,pDQM133,324,,
20251020_mem-histone,fish1_72hpf_roi2,fish1_72hpf_roi2,fish1_72hpf_roi2,3072,/clusterfs/vast/abcabc/Aang_Foundation/20251020_mem-histone/fish1_72hpf_roi2,aang,mem-histone,23.0,10/20/25,1,ef1a:2xLynk:tdmSG(J) (F1 of allele 301),tdmScarlet3S2:H2B-tol2 (F1 of allele 324),,,,X:\abcabc\Aang_Foundation\20251020_mem-histone,pDQM005,301,pDQM133,324,,
20251020_mem-histone,fish1_72hpf_roi3,fish1_72hpf_roi3,fish1_72hpf_roi3,3072,/clusterfs/vast/abcabc/Aang_Foundation/20251020_mem-histone/fish1_72hpf_roi3,aang,mem-histone,23.0,10/20/25,1,ef1a:2xLynk:tdmSG(J) (F1 of allele 301),tdmScarlet3S2:H2B-tol2 (F1 of allele 324),,,,X:\abcabc\Aang_Foundation\20251020_mem-histone,pDQM005,301,pDQM133,324,,
20251020_mem-histone,fish1_72hpf_roi4,fish1_72hpf_roi4,fish1_72hpf_roi4,3072,/clusterfs/vast/abcabc/Aang_Foundation/20251020_mem-histone/fish1_72hpf_roi4,aang,mem-histone,23.0,10/20/25,1,ef1a:2xLynk:tdmSG(J) (F1 of allele 301),tdmScarlet3S2:H2B-tol2 (F1 of allele 324),,,,X:\abcabc\Aang_Foundation\20251020_mem-histone,pDQM005,301,pDQM133,324,,
20251020_mem-histone,fish1_72hpf_roi5,fish1_72hpf_roi5,fish1_72hpf_roi5,3072,/clusterfs/vast/abcabc/Aang_Foundation/20251020_mem-histone/fish1_72hpf_roi5,aang,mem-histone,23.0,10/20/25,1,ef1a:2xLynk:tdmSG(J) (F1 of allele 301),tdmScarlet3S2:H2B-tol2 (F1 of allele 324),,,,X:\abcabc\Aang_Foundation\20251020_mem-histone,pDQM005,301,pDQM133,324,,
20251020_mem-histone,fish1_72hpf_roi6,fish1_72hpf_roi6,fish1_72hpf_roi6,3072,/clusterfs/vast/abcabc/Aang_Foundation/20251020_mem-histone/fish1_72hpf_roi6,aang,mem-histone,23.0,10/20/25,1,ef1a:2xLynk:tdmSG(J) (F1 of allele 301),tdmScarlet3S2:H2B-tol2 (F1 of allele 324),,,,X:\abcabc\Aang_Foundation\20251020_mem-histone,pDQM005,301,pDQM133,324,,
20251020_mem-histone,fish1_72hpf_roi7,fish1_72hpf_roi7,fish1_72hpf_roi7,3072,/clusterfs/vast/abcabc/Aang_Foundation/20251020_mem-histone/fish1_72hpf_roi7,aang,mem-histone,23.0,10/20/25,1,ef1a:2xLynk:tdmSG(J) (F1 of allele 301),tdmScarlet3S2:H2B-tol2 (F1 of allele 324),,,,X:\abcabc\Aang_Foundation\20251020_mem-histone,pDQM005,301,pDQM133,324,,
20251020_mem-histone,fish2_72hpf_roi1,fish2_72hpf_roi1,fish2_72hpf_roi1,3072,/clusterfs/vast/abcabc/Aang_Foundation/20251020_mem-histone/fish2_72hpf_roi1,aang,mem-histone,23.0,10/20/25,1,ef1a:2xLynk:tdmSG(J) (F1 of allele 301),tdmScarlet3S2:H2B-tol2 (F1 of allele 324),,,,X:\abcabc\Aang_Foundation\20251020_mem-histone,pDQM005,301,pDQM133,324,,
20251020_mem-histone,fish2_72hpf_roi2,fish2_72hpf_roi2,fish2_72hpf_roi2,3072,/clusterfs/vast/abcabc/Aang_Foundation/20251020_mem-histone/fish2_72hpf_roi2,aang,mem-histone,23.0,10/20/25,1,ef1a:2xLynk:tdmSG(J) (F1 of allele 301),tdmScarlet3S2:H2B-tol2 (F1 of allele 324),,,,X:\abcabc\Aang_Foundation\20251020_mem-histone,pDQM005,301,pDQM133,324,,
20251020_mem-histone,fish3_72hpf_roi1,fish3_72hpf_roi1,fish3_72hpf_roi1,3072,/clusterfs/vast/abcabc/Aang_Foundation/20251020_mem-histone/fish3_72hpf_roi1,aang,mem-histone,23.0,10/20/25,1,ef1a:2xLynk:tdmSG(J) (F1 of allele 301),tdmScarlet3S2:H2B-tol2 (F1 of allele 324),,,,X:\abcabc\Aang_Foundation\20251020_mem-histone,pDQM005,301,pDQM133,324,,
20251020_mem-histone,fish3_72hpf_roi2,fish3_72hpf_roi2,fish3_72hpf_roi2,3072,/clusterfs/vast/abcabc/Aang_Foundation/20251020_mem-histone/fish3_72hpf_roi2,aang,mem-histone,23.0,10/20/25,1,ef1a:2xLynk:tdmSG(J) (F1 of allele 301),tdmScarlet3S2:H2B-tol2 (F1 of allele 324),,,,X:\abcabc\Aang_Foundation\20251020_mem-histone,pDQM005,301,pDQM133,324,,
20251020_mem-histone,fish3_72hpf_roi3,fish3_72hpf_roi3,fish3_72hpf_roi3,3072,/clusterfs/vast/abcabc/Aang_Foundation/20251020_mem-histone/fish3_72hpf_roi3,aang,mem-histone,23.0,10/20/25,1,ef1a:2xLynk:tdmSG(J) (F1 of allele 301),tdmScarlet3S2:H2B-tol2 (F1 of allele 324),,,,X:\abcabc\Aang_Foundation\20251020_mem-histone,pDQM005,301,pDQM133,324,,
20251021_mem-mito,fish1_24hpf_roi1,fish1_24hpf_roi1,fish1_24hpf_roi1,544,/clusterfs/vast/abcabc/Aang_Foundation/20251021_mem-mito/fish1_24hpf_roi1,aang,mem-mito,21.0,10/21/25,1,ef1a:2xLynk:tdmChilada (F1 of allele 315),casper/rnf,,2xCox8A:mSG,,X:\abcabc\Aang_Foundation\20251021_mem-mito,pDQM082,315,,,,MGCO-01
20251021_mem-mito,fish1_24hpf_roi2,fish1_24hpf_roi2,fish1_24hpf_roi2,544,/clusterfs/vast/abcabc/Aang_Foundation/20251021_mem-mito/fish1_24hpf_roi2,aang,mem-mito,21.0,10/21/25,1,ef1a:2xLynk:tdmChilada (F1 of allele 315),casper/rnf,,2xCox8A:mSG,,X:\abcabc\Aang_Foundation\20251021_mem-mito,pDQM082,315,,,,MGCO-01
20251021_mem-mito,fish2_24hpf_roi1,fish2_24hpf_roi1,fish2_24hpf_roi1,544,/clusterfs/vast/abcabc/Aang_Foundation/20251021_mem-mito/fish2_24hpf_roi1,aang,mem-mito,21.0,10/21/25,1,ef1a:2xLynk:tdmChilada (F1 of allele 315),casper/rnf,,2xCox8A:mSG,,X:\abcabc\Aang_Foundation\20251021_mem-mito,pDQM082,315,,,,MGCO-01
20251021_mem-mito,fish2_24hpf_roi2,fish2_24hpf_roi2,fish2_24hpf_roi2,544,/clusterfs/vast/abcabc/Aang_Foundation/20251021_mem-mito/fish2_24hpf_roi2,aang,mem-mito,21.0,10/21/25,1,ef1a:2xLynk:tdmChilada (F1 of allele 315),casper/rnf,,2xCox8A:mSG,,X:\abcabc\Aang_Foundation\20251021_mem-mito,pDQM082,315,,,,MGCO-01
20251021_mem-mito,fish3_24hpf_roi1,fish3_24hpf_roi1,fish3_24hpf_roi1,544,/clusterfs/vast/abcabc/Aang_Foundation/20251021_mem-mito/fish3_24hpf_roi1,aang,mem-mito,21.0,10/21/25,1,ef1a:2xLynk:tdmChilada (F1 of allele 315),casper/rnf,,2xCox8A:mSG,,X:\abcabc\Aang_Foundation\20251021_mem-mito,pDQM082,315,,,,MGCO-01
20251021_mem-mito,fish3_24hpf_roi2,fish3_24hpf_roi2,fish3_24hpf_roi2,544,/clusterfs/vast/abcabc/Aang_Foundation/20251021_mem-mito/fish3_24hpf_roi2,aang,mem-mito,21.0,10/21/25,1,ef1a:2xLynk:tdmChilada (F1 of allele 315),casper/rnf,,2xCox8A:mSG,,X:\abcabc\Aang_Foundation\20251021_mem-mito,pDQM082,315,,,,MGCO-01
20251021_mem-mito,fish4_24hpf_roi1,fish4_24hpf_roi1,fish4_24hpf_roi1,544,/clusterfs/vast/abcabc/Aang_Foundation/20251021_mem-mito/fish4_24hpf_roi1,aang,mem-mito,21.0,10/21/25,1,ef1a:2xLynk:tdmChilada (F1 of allele 315),casper/rnf,,2xCox8A:mSG,,X:\abcabc\Aang_Foundation\20251021_mem-mito,pDQM082,315,,,,MGCO-01
20251021_mem-mito,fish5_24hpf_roi1,fish5_24hpf_roi1,fish5_24hpf_roi1,544,/clusterfs/vast/abcabc/Aang_Foundation/20251021_mem-mito/fish5_24hpf_roi1,aang,mem-mito,21.0,10/21/25,1,ef1a:2xLynk:tdmChilada (F1 of allele 315),casper/rnf,,2xCox8A:mSG,,X:\abcabc\Aang_Foundation\20251021_mem-mito,pDQM082,315,,,,MGCO-01
20251021_mem-mito,fish6_24hpf_roi1,fish6_24hpf_roi1,fish6_24hpf_roi1,544,/clusterfs/vast/abcabc/Aang_Foundation/20251021_mem-mito/fish6_24hpf_roi1,aang,mem-mito,21.0,10/21/25,1,ef1a:2xLynk:tdmChilada (F1 of allele 315),casper/rnf,,2xCox8A:mSG,,X:\abcabc\Aang_Foundation\20251021_mem-mito,pDQM082,315,,,,MGCO-01
20251021_mem-mito,fish6_24hpf_roi2,fish6_24hpf_roi2,fish6_24hpf_roi2,544,/clusterfs/vast/abcabc/Aang_Foundation/20251021_mem-mito/fish6_24hpf_roi2,aang,mem-mito,21.0,10/21/25,1,ef1a:2xLynk:tdmChilada (F1 of allele 315),casper/rnf,,2xCox8A:mSG,,X:\abcabc\Aang_Foundation\20251021_mem-mito,pDQM082,315,,,,MGCO-01
20251021_mem-mito_v2,fish1_24hpf_roi1,fish1_24hpf_roi1,fish1_24hpf_roi1,544,/clusterfs/vast/abcabc/Aang_Foundation/20251021_mem-mito_v2/fish1_24hpf_roi1,aang,mem-mito_v2,22.0,10/21/25,2,casper/rnf,tdmScarlet3S2 (F1 of allele 325),,2xCox8A:mSG,,X:\abcabc\Aang_Foundation\20251021_mem-mito_v2,,,pDQM136,325,,MGCO-01
20251021_mem-mito_v2,fish2_24hpf_roi1,fish2_24hpf_roi1,fish2_24hpf_roi1,544,/clusterfs/vast/abcabc/Aang_Foundation/20251021_mem-mito_v2/fish2_24hpf_roi1,aang,mem-mito_v2,22.0,10/21/25,2,casper/rnf,tdmScarlet3S2 (F1 of allele 325),,2xCox8A:mSG,,X:\abcabc\Aang_Foundation\20251021_mem-mito_v2,,,pDQM136,325,,MGCO-01
20251021_mem-mito_v2,fish2_24hpf_roi2,fish2_24hpf_roi2,fish2_24hpf_roi2,544,/clusterfs/vast/abcabc/Aang_Foundation/20251021_mem-mito_v2/fish2_24hpf_roi2,aang,mem-mito_v2,22.0,10/21/25,2,casper/rnf,tdmScarlet3S2 (F1 of allele 325),,2xCox8A:mSG,,X:\abcabc\Aang_Foundation\20251021_mem-mito_v2,,,pDQM136,325,,MGCO-01
20251021_mem-mito_v2,fish4_24hpf_roi1,fish4_24hpf_roi1,fish4_24hpf_roi1,544,/clusterfs/vast/abcabc/Aang_Foundation/20251021_mem-mito_v2/fish4_24hpf_roi1,aang,mem-mito_v2,22.0,10/21/25,2,casper/rnf,tdmScarlet3S2 (F1 of allele 325),,2xCox8A:mSG,,X:\abcabc\Aang_Foundation\20251021_mem-mito_v2,,,pDQM136,325,,MGCO-01
20251021_mem-mito_v2,fish4_24hpf_roi2,fish4_24hpf_roi2,fish4_24hpf_roi2,544,/clusterfs/vast/abcabc/Aang_Foundation/20251021_mem-mito_v2/fish4_24hpf_roi2,aang,mem-mito_v2,22.0,10/21/25,2,casper/rnf,tdmScarlet3S2 (F1 of allele 325),,2xCox8A:mSG,,X:\abcabc\Aang_Foundation\20251021_mem-mito_v2,,,pDQM136,325,,MGCO-01
20251021_mem-mito_v2,fish4_24hpf_roi3,fish4_24hpf_roi3,fish4_24hpf_roi3,544,/clusterfs/vast/abcabc/Aang_Foundation/20251021_mem-mito_v2/fish4_24hpf_roi3,aang,mem-mito_v2,22.0,10/21/25,2,casper/rnf,tdmScarlet3S2 (F1 of allele 325),,2xCox8A:mSG,,X:\abcabc\Aang_Foundation\20251021_mem-mito_v2,,,pDQM136,325,,MGCO-01
20251021_mem-mito_v2,fish4_24hpf_roi4,fish4_24hpf_roi4,fish4_24hpf_roi4,544,/clusterfs/vast/abcabc/Aang_Foundation/20251021_mem-mito_v2/fish4_24hpf_roi4,aang,mem-mito_v2,22.0,10/21/25,2,casper/rnf,tdmScarlet3S2 (F1 of allele 325),,2xCox8A:mSG,,X:\abcabc\Aang_Foundation\20251021_mem-mito_v2,,,pDQM136,325,,MGCO-01
20251022_mem-mito,fish1_48hpf_roi1,fish1_48hpf_roi1,fish1_48hpf_roi1,544,/clusterfs/vast/abcabc/Aang_Foundation/20251022_mem-mito/fish1_48hpf_roi1,aang,mem-mito,19.0,10/22/25,2,ef1a:2xLynk:tdmChilada (F1 of allele 315),casper/rnf,,2xCox8A:mSG,,X:\abcabc\Aang_Foundation\20251022_mem-mito,pDQM082,315,,,,MGCO-01
20251022_mem-mito,fish3_48hpf_roi1,fish3_48hpf_roi1,fish3_48hpf_roi1,544,/clusterfs/vast/abcabc/Aang_Foundation/20251022_mem-mito/fish3_48hpf_roi1,aang,mem-mito,19.0,10/22/25,2,ef1a:2xLynk:tdmChilada (F1 of allele 315),casper/rnf,,2xCox8A:mSG,,X:\abcabc\Aang_Foundation\20251022_mem-mito,pDQM082,315,,,,MGCO-01
20251022_mem-mito,fish3_48hpf_roi2,fish3_48hpf_roi2,fish3_48hpf_roi2,544,/clusterfs/vast/abcabc/Aang_Foundation/20251022_mem-mito/fish3_48hpf_roi2,aang,mem-mito,19.0,10/22/25,2,ef1a:2xLynk:tdmChilada (F1 of allele 315),casper/rnf,,2xCox8A:mSG,,X:\abcabc\Aang_Foundation\20251022_mem-mito,pDQM082,315,,,,MGCO-01
20251022_mem-mito,fish4_48hpf_roi1,fish4_48hpf_roi1,fish4_48hpf_roi1,544,/clusterfs/vast/abcabc/Aang_Foundation/20251022_mem-mito/fish4_48hpf_roi1,aang,mem-mito,19.0,10/22/25,2,ef1a:2xLynk:tdmChilada (F1 of allele 315),casper/rnf,,2xCox8A:mSG,,X:\abcabc\Aang_Foundation\20251022_mem-mito,pDQM082,315,,,,MGCO-01
20251023_mem-mito,fish1_24hpf_roi1,fish1_24hpf_roi1,fish1_24hpf_roi1,544,/clusterfs/vast/abcabc/Aang_Foundation/20251023_mem-mito/fish1_24hpf_roi1,aang,mem-mito,17.0,10/23/25,1,casper/rnf,ef1a:2xLynk:tdmChilada (F1 of allele 315),,2xCox8A:mSG,,X:\abcabc\Aang_Foundation\20251023_mem-mito,,,pDQM082,315,,MGCO-01
20251023_mem-mito,fish1_24hpf_roi2,fish1_24hpf_roi2,fish1_24hpf_roi2,544,/clusterfs/vast/abcabc/Aang_Foundation/20251023_mem-mito/fish1_24hpf_roi2,aang,mem-mito,17.0,10/23/25,1,casper/rnf,ef1a:2xLynk:tdmChilada (F1 of allele 315),,2xCox8A:mSG,,X:\abcabc\Aang_Foundation\20251023_mem-mito,,,pDQM082,315,,MGCO-01
20251023_mem-mito,fish3_24hpf_roi1,fish3_24hpf_roi1,fish3_24hpf_roi1,544,/clusterfs/vast/abcabc/Aang_Foundation/20251023_mem-mito/fish3_24hpf_roi1,aang,mem-mito,17.0,10/23/25,1,casper/rnf,ef1a:2xLynk:tdmChilada (F1 of allele 315),,2xCox8A:mSG,,X:\abcabc\Aang_Foundation\20251023_mem-mito,,,pDQM082,315,,MGCO-01
20251027_mem-histone,fish1_120hpf_roi1,fish1_120hpf_roi1,fish1_120hpf_roi1,4608,/clusterfs/vast/abcabc/Aang_Foundation/20251027_mem-histone/fish1_120hpf_roi1,aang,mem-histone,13.0,10/27/25,2,ef1a:2xLynk:tdmSG(J) (F1 of allele 302),tdmScarlet3S2:H2B-tol2 (F1 of allele 324),,,,X:\abcabc\Aang_Foundation\20251027_mem-histone,pDQM005,302,pDQM133,324,,
20251027_mem-histone,fish1_120hpf_roi2,fish1_120hpf_roi2,fish1_120hpf_roi2,4608,/clusterfs/vast/abcabc/Aang_Foundation/20251027_mem-histone/fish1_120hpf_roi2,aang,mem-histone,13.0,10/27/25,2,ef1a:2xLynk:tdmSG(J) (F1 of allele 302),tdmScarlet3S2:H2B-tol2 (F1 of allele 324),,,,X:\abcabc\Aang_Foundation\20251027_mem-histone,pDQM005,302,pDQM133,324,,
20251027_mem-histone,fish3_120hpf_roi1,fish3_120hpf_roi1,fish3_120hpf_roi1,4608,/clusterfs/vast/abcabc/Aang_Foundation/20251027_mem-histone/fish3_120hpf_roi1,aang,mem-histone,13.0,10/27/25,2,ef1a:2xLynk:tdmSG(J) (F1 of allele 302),tdmScarlet3S2:H2B-tol2 (F1 of allele 324),,,,X:\abcabc\Aang_Foundation\20251027_mem-histone,pDQM005,302,pDQM133,324,,
20251027_mem-histone,fish3_120hpf_roi2,fish3_120hpf_roi2,fish3_120hpf_roi2,4608,/clusterfs/vast/abcabc/Aang_Foundation/20251027_mem-histone/fish3_120hpf_roi2,aang,mem-histone,13.0,10/27/25,2,ef1a:2xLynk:tdmSG(J) (F1 of allele 302),tdmScarlet3S2:H2B-tol2 (F1 of allele 324),,,,X:\abcabc\Aang_Foundation\20251027_mem-histone,pDQM005,302,pDQM133,324,,
20251027_mem-histone,fish3_120hpf_roi3,fish3_120hpf_roi3,fish3_120hpf_roi3,4608,/clusterfs/vast/abcabc/Aang_Foundation/20251027_mem-histone/fish3_120hpf_roi3,aang,mem-histone,13.0,10/27/25,2,ef1a:2xLynk:tdmSG(J) (F1 of allele 302),tdmScarlet3S2:H2B-tol2 (F1 of allele 324),,,,X:\abcabc\Aang_Foundation\20251027_mem-histone,pDQM005,302,pDQM133,324,,
20251027_mem-histone,fish3_120hpf_roi4,fish3_120hpf_roi4,fish3_120hpf_roi4,4608,/clusterfs/vast/abcabc/Aang_Foundation/20251027_mem-histone/fish3_120hpf_roi4,aang,mem-histone,13.0,10/27/25,2,ef1a:2xLynk:tdmSG(J) (F1 of allele 302),tdmScarlet3S2:H2B-tol2 (F1 of allele 324),,,,X:\abcabc\Aang_Foundation\20251027_mem-histone,pDQM005,302,pDQM133,324,,
20251027_mem-histone,fish3_120hpf_roi5,fish3_120hpf_roi5,fish3_120hpf_roi5,4608,/clusterfs/vast/abcabc/Aang_Foundation/20251027_mem-histone/fish3_120hpf_roi5,aang,mem-histone,13.0,10/27/25,2,ef1a:2xLynk:tdmSG(J) (F1 of allele 302),tdmScarlet3S2:H2B-tol2 (F1 of allele 324),,,,X:\abcabc\Aang_Foundation\20251027_mem-histone,pDQM005,302,pDQM133,324,,
20251027_mem-histone,fish3_120hpf_roi6,fish3_120hpf_roi6,fish3_120hpf_roi6,4608,/clusterfs/vast/abcabc/Aang_Foundation/20251027_mem-histone/fish3_120hpf_roi6,aang,mem-histone,13.0,10/27/25,2,ef1a:2xLynk:tdmSG(J) (F1 of allele 302),tdmScarlet3S2:H2B-tol2 (F1 of allele 324),,,,X:\abcabc\Aang_Foundation\20251027_mem-histone,pDQM005,302,pDQM133,324,,
20251027_mem-histone,fish3_120hpf_roi7,fish3_120hpf_roi7,fish3_120hpf_roi7,4608,/clusterfs/vast/abcabc/Aang_Foundation/20251027_mem-histone/fish3_120hpf_roi7,aang,mem-histone,13.0,10/27/25,2,ef1a:2xLynk:tdmSG(J) (F1 of allele 302),tdmScarlet3S2:H2B-tol2 (F1 of allele 324),,,,X:\abcabc\Aang_Foundation\20251027_mem-histone,pDQM005,302,pDQM133,324,,
20251028_mem-mito,fish1_24hpf_roi1,fish1_24hpf_roi1,fish1_24hpf_roi1,989,/clusterfs/vast/abcabc/Aang_Foundation/20251028_mem-mito/fish1_24hpf_roi1,aang,mem-mito,9.0,10/28/25,1,casper/rnf,memrane tdmScarlet3S2 (F1 of allele 325),,2xCox8A:mSG,,X:\abcabc\Aang_Foundation\20251028_mem-mito,,,pDQM136,325,,MGCO-01
20251028_mem-peroxi,fish1_24hpf_roi1,fish1_24hpf_roi1,fish1_24hpf_roi1,1911,/clusterfs/vast/abcabc/Aang_Foundation/20251028_mem-peroxi/fish1_24hpf_roi1,aang,mem-peroxi,10.0,10/28/25,2,casper/rnf,memrane tdmScarlet3S2 (F1 of allele 325),MGCO-49_peroxisome-A2UCOE-ef1aextra-mStayGold-SKL,,,X:\abcabc\Aang_Foundation\20251028_mem-peroxi,,,pDQM136,325,,
20251028_mem-peroxi,fish4_24hpf_roi1,fish4_24hpf_roi1,fish4_24hpf_roi1,612,/clusterfs/vast/abcabc/Aang_Foundation/20251028_mem-peroxi/fish4_24hpf_roi1,aang,mem-peroxi,10.0,10/28/25,2,casper/rnf,memrane tdmScarlet3S2 (F1 of allele 325),MGCO-49_peroxisome-A2UCOE-ef1aextra-mStayGold-SKL,,,X:\abcabc\Aang_Foundation\20251028_mem-peroxi,,,pDQM136,325,,
20251028_mem-peroxi,fish4_24hpf_roi2,fish4_24hpf_roi2,fish4_24hpf_roi2,612,/clusterfs/vast/abcabc/Aang_Foundation/20251028_mem-peroxi/fish4_24hpf_roi2,aang,mem-peroxi,10.0,10/28/25,2,casper/rnf,memrane tdmScarlet3S2 (F1 of allele 325),MGCO-49_peroxisome-A2UCOE-ef1aextra-mStayGold-SKL,,,X:\abcabc\Aang_Foundation\20251028_mem-peroxi,,,pDQM136,325,,
20251028_mem-peroxi,fish5_24hpf_roi1,fish5_24hpf_roi1,fish5_24hpf_roi1,612,/clusterfs/vast/abcabc/Aang_Foundation/20251028_mem-peroxi/fish5_24hpf_roi1,aang,mem-peroxi,10.0,10/28/25,2,casper/rnf,memrane tdmScarlet3S2 (F1 of allele 325),MGCO-49_peroxisome-A2UCOE-ef1aextra-mStayGold-SKL,,,X:\abcabc\Aang_Foundation\20251028_mem-peroxi,,,pDQM136,325,,
20251028_mem-peroxi,fish5_24hpf_roi2,fish5_24hpf_roi2,fish5_24hpf_roi2,612,/clusterfs/vast/abcabc/Aang_Foundation/20251028_mem-peroxi/fish5_24hpf_roi2,aang,mem-peroxi,10.0,10/28/25,2,casper/rnf,memrane tdmScarlet3S2 (F1 of allele 325),MGCO-49_peroxisome-A2UCOE-ef1aextra-mStayGold-SKL,,,X:\abcabc\Aang_Foundation\20251028_mem-peroxi,,,pDQM136,325,,
20251028_mem-peroxi2,fish1_24hpf_roi1,fish1_24hpf_roi1,fish1_24hpf_roi1,612,/clusterfs/vast/abcabc/Aang_Foundation/20251028_mem-peroxi2/fish1_24hpf_roi1,aang,mem-peroxi2,11.0,10/28/25,3,casper/rnf,memrane tdmScarlet3S2 (F1 of allele 325),MGCO-52-peroxisome-A2UCOE-attb_entire+pDQM147-ABCDpmp70-mStayGold,,,X:\abcabc\Aang_Foundation\20251028_mem-peroxi2,,,pDQM136,325,,
20251028_mem-peroxi2,fish2_24hpf_roi1,fish2_24hpf_roi1,fish2_24hpf_roi1,612,/clusterfs/vast/abcabc/Aang_Foundation/20251028_mem-peroxi2/fish2_24hpf_roi1,aang,mem-peroxi2,11.0,10/28/25,3,casper/rnf,memrane tdmScarlet3S2 (F1 of allele 325),MGCO-52-peroxisome-A2UCOE-attb_entire+pDQM147-ABCDpmp70-mStayGold,,,X:\abcabc\Aang_Foundation\20251028_mem-peroxi2,,,pDQM136,325,,
20251028_mem-peroxi2,fish4_24hpf_roi1,fish4_24hpf_roi1,fish4_24hpf_roi1,612,/clusterfs/vast/abcabc/Aang_Foundation/20251028_mem-peroxi2/fish4_24hpf_roi1,aang,mem-peroxi2,11.0,10/28/25,3,casper/rnf,memrane tdmScarlet3S2 (F1 of allele 325),MGCO-52-peroxisome-A2UCOE-attb_entire+pDQM147-ABCDpmp70-mStayGold,,,X:\abcabc\Aang_Foundation\20251028_mem-peroxi2,,,pDQM136,325,,
20251028_mem-peroxi2,fish5_24hpf_roi1,fish5_24hpf_roi1,fish5_24hpf_roi1,816,/clusterfs/vast/abcabc/Aang_Foundation/20251028_mem-peroxi2/fish5_24hpf_roi1,aang,mem-peroxi2,11.0,10/28/25,3,casper/rnf,memrane tdmScarlet3S2 (F1 of allele 325),MGCO-52-peroxisome-A2UCOE-attb_entire+pDQM147-ABCDpmp70-mStayGold,,,X:\abcabc\Aang_Foundation\20251028_mem-peroxi2,,,pDQM136,325,,
20251028_mem-peroxi2,fish6_24hpf_roi1,fish6_24hpf_roi1,fish6_24hpf_roi1,816,/clusterfs/vast/abcabc/Aang_Foundation/20251028_mem-peroxi2/fish6_24hpf_roi1,aang,mem-peroxi2,11.0,10/28/25,3,casper/rnf,memrane tdmScarlet3S2 (F1 of allele 325),MGCO-52-peroxisome-A2UCOE-attb_entire+pDQM147-ABCDpmp70-mStayGold,,,X:\abcabc\Aang_Foundation\20251028_mem-peroxi2,,,pDQM136,325,,
20251029_peroxi,fish1_roi1,fish1_roi1,fish1_roi1,2,/clusterfs/vast/abcabc/Aang_Foundation/20251029_peroxi/fish1_roi1,aang,peroxi,8.0,10/29/25,2,casper/rnf,memrane tdmScarlet3S2 (F1 of allele 325),MGCO-49_peroxisome-A2UCOE-ef1aextra-mStayGold-SKL,,,X:\abcabc\Aang_Foundation\20251029_peroxi,,,pDQM136,325,,
20251105_mem-mito,fish1_24hpf_roi1,fish1_24hpf_roi1,fish1_24hpf_roi1,408,/clusterfs/vast/abcabc/Aang_Foundation/20251105_mem-mito/fish1_24hpf_roi1,aang,mem-mito,5.0,11/5/25,1,casper,ef1a:2xLynk:tdmChilada (F1 of allele 315),,2xCox8A:mSG,,X:\abcabc\Aang_Foundation\20251105_mem-mito,,,pDQM082,315,,MGCO-01
20251105_mem-mito,fish2_24hpf_roi1,fish2_24hpf_roi1,fish2_24hpf_roi1,408,/clusterfs/vast/abcabc/Aang_Foundation/20251105_mem-mito/fish2_24hpf_roi1,aang,mem-mito,5.0,11/5/25,1,casper,ef1a:2xLynk:tdmChilada (F1 of allele 315),,2xCox8A:mSG,,X:\abcabc\Aang_Foundation\20251105_mem-mito,,,pDQM082,315,,MGCO-01
20251105_mem-mito,fish2_24hpf_roi2,fish2_24hpf_roi2,fish2_24hpf_roi2,340,/clusterfs/vast/abcabc/Aang_Foundation/20251105_mem-mito/fish2_24hpf_roi2,aang,mem-mito,5.0,11/5/25,1,casper,ef1a:2xLynk:tdmChilada (F1 of allele 315),,2xCox8A:mSG,,X:\abcabc\Aang_Foundation\20251105_mem-mito,,,pDQM082,315,,MGCO-01
20251105_mem-mito,fish3_24hpf_roi1,fish3_24hpf_roi1,fish3_24hpf_roi1,272,/clusterfs/vast/abcabc/Aang_Foundation/20251105_mem-mito/fish3_24hpf_roi1,aang,mem-mito,5.0,11/5/25,1,casper,ef1a:2xLynk:tdmChilada (F1 of allele 315),,2xCox8A:mSG,,X:\abcabc\Aang_Foundation\20251105_mem-mito,,,pDQM082,315,,MGCO-01
20251105_mem-mito,fish3_24hpf_roi2,fish3_24hpf_roi2,fish3_24hpf_roi2,272,/clusterfs/vast/abcabc/Aang_Foundation/20251105_mem-mito/fish3_24hpf_roi2,aang,mem-mito,5.0,11/5/25,1,casper,ef1a:2xLynk:tdmChilada (F1 of allele 315),,2xCox8A:mSG,,X:\abcabc\Aang_Foundation\20251105_mem-mito,,,pDQM082,315,,MGCO-01
20251105_mem-mito,fish4_24hpf_roi1,fish4_24hpf_roi1,fish4_24hpf_roi1,272,/clusterfs/vast/abcabc/Aang_Foundation/20251105_mem-mito/fish4_24hpf_roi1,aang,mem-mito,5.0,11/5/25,1,casper,ef1a:2xLynk:tdmChilada (F1 of allele 315),,2xCox8A:mSG,,X:\abcabc\Aang_Foundation\20251105_mem-mito,,,pDQM082,315,,MGCO-01
20251105_mem-mito,fish4_24hpf_roi2,fish4_24hpf_roi2,fish4_24hpf_roi2,272,/clusterfs/vast/abcabc/Aang_Foundation/20251105_mem-mito/fish4_24hpf_roi2,aang,mem-mito,5.0,11/5/25,1,casper,ef1a:2xLynk:tdmChilada (F1 of allele 315),,2xCox8A:mSG,,X:\abcabc\Aang_Foundation\20251105_mem-mito,,,pDQM082,315,,MGCO-01
20251105_mem-mito,fish5_24hpf_roi1,fish5_24hpf_roi1,fish5_24hpf_roi1,272,/clusterfs/vast/abcabc/Aang_Foundation/20251105_mem-mito/fish5_24hpf_roi1,aang,mem-mito,5.0,11/5/25,1,casper,ef1a:2xLynk:tdmChilada (F1 of allele 315),,2xCox8A:mSG,,X:\abcabc\Aang_Foundation\20251105_mem-mito,,,pDQM082,315,,MGCO-01
20251105_mem-mito,fish5_24hpf_roi2,fish5_24hpf_roi2,fish5_24hpf_roi2,272,/clusterfs/vast/abcabc/Aang_Foundation/20251105_mem-mito/fish5_24hpf_roi2,aang,mem-mito,5.0,11/5/25,1,casper,ef1a:2xLynk:tdmChilada (F1 of allele 315),,2xCox8A:mSG,,X:\abcabc\Aang_Foundation\20251105_mem-mito,,,pDQM082,315,,MGCO-01
20251106_mem-mito,fish1_48hpf_roi1,fish1_48hpf_roi1,fish1_48hpf_roi1,272,/clusterfs/vast/abcabc/Aang_Foundation/20251106_mem-mito/fish1_48hpf_roi1,aang,mem-mito,4.0,11/6/25,1.1,casper,ef1a:2xLynk:tdmChilada (F1 of allele 315),,2xCox8A:mSG,,X:\abcabc\Aang_Foundation\20251106_mem-mito,,,pDQM082,315,,MGCO-01
20251106_mem-mito,fish1_48hpf_roi2,fish1_48hpf_roi2,fish1_48hpf_roi2,544,/clusterfs/vast/abcabc/Aang_Foundation/20251106_mem-mito/fish1_48hpf_roi2,aang,mem-mito,4.0,11/6/25,1.1,casper,ef1a:2xLynk:tdmChilada (F1 of allele 315),,2xCox8A:mSG,,X:\abcabc\Aang_Foundation\20251106_mem-mito,,,pDQM082,315,,MGCO-01
20251106_mem-mito,fish2_48hpf_roi1,fish2_48hpf_roi1,fish2_48hpf_roi1,272,/clusterfs/vast/abcabc/Aang_Foundation/20251106_mem-mito/fish2_48hpf_roi1,aang,mem-mito,4.0,11/6/25,1.1,casper,ef1a:2xLynk:tdmChilada (F1 of allele 315),,2xCox8A:mSG,,X:\abcabc\Aang_Foundation\20251106_mem-mito,,,pDQM082,315,,MGCO-01
20251106_mem-mito,fish2_48hpf_roi2,fish2_48hpf_roi2,fish2_48hpf_roi2,272,/clusterfs/vast/abcabc/Aang_Foundation/20251106_mem-mito/fish2_48hpf_roi2,aang,mem-mito,4.0,11/6/25,1.1,casper,ef1a:2xLynk:tdmChilada (F1 of allele 315),,2xCox8A:mSG,,X:\abcabc\Aang_Foundation\20251106_mem-mito,,,pDQM082,315,,MGCO-01
20251106_mem-mito,fish2_48hpf_roi3,fish2_48hpf_roi3,fish2_48hpf_roi3,272,/clusterfs/vast/abcabc/Aang_Foundation/20251106_mem-mito/fish2_48hpf_roi3,aang,mem-mito,4.0,11/6/25,1.1,casper,ef1a:2xLynk:tdmChilada (F1 of allele 315),,2xCox8A:mSG,,X:\abcabc\Aang_Foundation\20251106_mem-mito,,,pDQM082,315,,MGCO-01
20251106_mem-mito,fish2_48hpf_roi4,fish2_48hpf_roi4,fish2_48hpf_roi4,272,/clusterfs/vast/abcabc/Aang_Foundation/20251106_mem-mito/fish2_48hpf_roi4,aang,mem-mito,4.0,11/6/25,1.1,casper,ef1a:2xLynk:tdmChilada (F1 of allele 315),,2xCox8A:mSG,,X:\abcabc\Aang_Foundation\20251106_mem-mito,,,pDQM082,315,,MGCO-01
20251106_mem-mito,fish3_48hpf_roi1,fish3_48hpf_roi1,fish3_48hpf_roi1,272,/clusterfs/vast/abcabc/Aang_Foundation/20251106_mem-mito/fish3_48hpf_roi1,aang,mem-mito,4.0,11/6/25,1.1,casper,ef1a:2xLynk:tdmChilada (F1 of allele 315),,2xCox8A:mSG,,X:\abcabc\Aang_Foundation\20251106_mem-mito,,,pDQM082,315,,MGCO-01
20251106_mem-mito,fish3_48hpf_roi2,fish3_48hpf_roi2,fish3_48hpf_roi2,272,/clusterfs/vast/abcabc/Aang_Foundation/20251106_mem-mito/fish3_48hpf_roi2,aang,mem-mito,4.0,11/6/25,1.1,casper,ef1a:2xLynk:tdmChilada (F1 of allele 315),,2xCox8A:mSG,,X:\abcabc\Aang_Foundation\20251106_mem-mito,,,pDQM082,315,,MGCO-01
20251106_mem-mito,fish3_48hpf_roi3,fish3_48hpf_roi3,fish3_48hpf_roi3,272,/clusterfs/vast/abcabc/Aang_Foundation/20251106_mem-mito/fish3_48hpf_roi3,aang,mem-mito,4.0,11/6/25,1.1,casper,ef1a:2xLynk:tdmChilada (F1 of allele 315),,2xCox8A:mSG,,X:\abcabc\Aang_Foundation\20251106_mem-mito,,,pDQM082,315,,MGCO-01
20251106_mem-mito,fish4_48hpf_roi1,fish4_48hpf_roi1,fish4_48hpf_roi1,272,/clusterfs/vast/abcabc/Aang_Foundation/20251106_mem-mito/fish4_48hpf_roi1,aang,mem-mito,4.0,11/6/25,1.1,casper,ef1a:2xLynk:tdmChilada (F1 of allele 315),,2xCox8A:mSG,,X:\abcabc\Aang_Foundation\20251106_mem-mito,,,pDQM082,315,,MGCO-01
20251106_mem-mito,fish4_48hpf_roi2,fish4_48hpf_roi2,fish4_48hpf_roi2,272,/clusterfs/vast/abcabc/Aang_Foundation/20251106_mem-mito/fish4_48hpf_roi2,aang,mem-mito,4.0,11/6/25,1.1,casper,ef1a:2xLynk:tdmChilada (F1 of allele 315),,2xCox8A:mSG,,X:\abcabc\Aang_Foundation\20251106_mem-mito,,,pDQM082,315,,MGCO-01
20251106_mem-mito,fish4_48hpf_roi3,fish4_48hpf_roi3,fish4_48hpf_roi3,272,/clusterfs/vast/abcabc/Aang_Foundation/20251106_mem-mito/fish4_48hpf_roi3,aang,mem-mito,4.0,11/6/25,1.1,casper,ef1a:2xLynk:tdmChilada (F1 of allele 315),,2xCox8A:mSG,,X:\abcabc\Aang_Foundation\20251106_mem-mito,,,pDQM082,315,,MGCO-01
20251106_mem-mito,fish4_48hpf_roi4,fish4_48hpf_roi4,fish4_48hpf_roi4,272,/clusterfs/vast/abcabc/Aang_Foundation/20251106_mem-mito/fish4_48hpf_roi4,aang,mem-mito,4.0,11/6/25,1.1,casper,ef1a:2xLynk:tdmChilada (F1 of allele 315),,2xCox8A:mSG,,X:\abcabc\Aang_Foundation\20251106_mem-mito,,,pDQM082,315,,MGCO-01
20251106_mem-mito,fish5_48hpf_roi1,fish5_48hpf_roi1,fish5_48hpf_roi1,272,/clusterfs/vast/abcabc/Aang_Foundation/20251106_mem-mito/fish5_48hpf_roi1,aang,mem-mito,4.0,11/6/25,1.1,casper,ef1a:2xLynk:tdmChilada (F1 of allele 315),,2xCox8A:mSG,,X:\abcabc\Aang_Foundation\20251106_mem-mito,,,pDQM082,315,,MGCO-01
20251106_mem-mito,fish5_48hpf_roi2,fish5_48hpf_roi2,fish5_48hpf_roi2,272,/clusterfs/vast/abcabc/Aang_Foundation/20251106_mem-mito/fish5_48hpf_roi2,aang,mem-mito,4.0,11/6/25,1.1,casper,ef1a:2xLynk:tdmChilada (F1 of allele 315),,2xCox8A:mSG,,X:\abcabc\Aang_Foundation\20251106_mem-mito,,,pDQM082,315,,MGCO-01
20251106_mem-mito,fish5_48hpf_roi3,fish5_48hpf_roi3,fish5_48hpf_roi3,272,/clusterfs/vast/abcabc/Aang_Foundation/20251106_mem-mito/fish5_48hpf_roi3,aang,mem-mito,4.0,11/6/25,1.1,casper,ef1a:2xLynk:tdmChilada (F1 of allele 315),,2xCox8A:mSG,,X:\abcabc\Aang_Foundation\20251106_mem-mito,,,pDQM082,315,,MGCO-01
20251107_mem-kinectocore,fish1_72hpf_roi1,fish1_72hpf_roi1,fish1_72hpf_roi1,504,/clusterfs/vast/abcabc/Aang_Foundation/20251107_mem-kinectocore/fish1_72hpf_roi1,aang,mem-kinectocore,4.0,11/6/25,1.1,casper,ef1a:2xLynk:tdmChilada (F1 of allele 315),,2xCox8A:mSG,,X:\abcabc\Aang_Foundation\20251106_mem-mito,,,pDQM082,315,,MGCO-01
20251107_mem-mito,fish1_24hpf_roi1,fish1_24hpf_roi1,fish1_24hpf_roi1,37,/clusterfs/vast/abcabc/Aang_Foundation/20251107_mem-mito/fish1_24hpf_roi1,aang,mem-mito,4.0,11/6/25,1.1,casper,ef1a:2xLynk:tdmChilada (F1 of allele 315),,2xCox8A:mSG,,X:\abcabc\Aang_Foundation\20251106_mem-mito,,,pDQM082,315,,MGCO-01
20251107_mem-mito,fish1_24hpf_roi1-2,fish1_24hpf_roi1-2,fish1_24hpf_roi1-2,400,/clusterfs/vast/abcabc/Aang_Foundation/20251107_mem-mito/fish1_24hpf_roi1-2,aang,mem-mito,4.0,11/6/25,1.1,casper,ef1a:2xLynk:tdmChilada (F1 of allele 315),,2xCox8A:mSG,,X:\abcabc\Aang_Foundation\20251106_mem-mito,,,pDQM082,315,,MGCO-01
20251107_mem-mito,fish1_24hpf_roi2,fish1_24hpf_roi2,fish1_24hpf_roi2,400,/clusterfs/vast/abcabc/Aang_Foundation/20251107_mem-mito/fish1_24hpf_roi2,aang,mem-mito,4.0,11/6/25,1.1,casper,ef1a:2xLynk:tdmChilada (F1 of allele 315),,2xCox8A:mSG,,X:\abcabc\Aang_Foundation\20251106_mem-mito,,,pDQM082,315,,MGCO-01
20251107_mem-mito,fish1_24hpf_roi3,fish1_24hpf_roi3,fish1_24hpf_roi3,115,/clusterfs/vast/abcabc/Aang_Foundation/20251107_mem-mito/fish1_24hpf_roi3,aang,mem-mito,4.0,11/6/25,1.1,casper,ef1a:2xLynk:tdmChilada (F1 of allele 315),,2xCox8A:mSG,,X:\abcabc\Aang_Foundation\20251106_mem-mito,,,pDQM082,315,,MGCO-01
20251107_mem-mito,fish2_24hpf_roi3,fish2_24hpf_roi3,fish2_24hpf_roi3,400,/clusterfs/vast/abcabc/Aang_Foundation/20251107_mem-mito/fish2_24hpf_roi3,aang,mem-mito,4.0,11/6/25,1.1,casper,ef1a:2xLynk:tdmChilada (F1 of allele 315),,2xCox8A:mSG,,X:\abcabc\Aang_Foundation\20251106_mem-mito,,,pDQM082,315,,MGCO-01
20251107_mem-mito,fish3_24hpf_roi1,fish3_24hpf_roi1,fish3_24hpf_roi1,400,/clusterfs/vast/abcabc/Aang_Foundation/20251107_mem-mito/fish3_24hpf_roi1,aang,mem-mito,4.0,11/6/25,1.1,casper,ef1a:2xLynk:tdmChilada (F1 of allele 315),,2xCox8A:mSG,,X:\abcabc\Aang_Foundation\20251106_mem-mito,,,pDQM082,315,,MGCO-01
20251107_mem-mito,fish3_24hpf_roi2,fish3_24hpf_roi2,fish3_24hpf_roi2,400,/clusterfs/vast/abcabc/Aang_Foundation/20251107_mem-mito/fish3_24hpf_roi2,aang,mem-mito,4.0,11/6/25,1.1,casper,ef1a:2xLynk:tdmChilada (F1 of allele 315),,2xCox8A:mSG,,X:\abcabc\Aang_Foundation\20251106_mem-mito,,,pDQM082,315,,MGCO-01
20251107_mem-mito,fish4_24hpf_roi1,fish4_24hpf_roi1,fish4_24hpf_roi1,400,/clusterfs/vast/abcabc/Aang_Foundation/20251107_mem-mito/fish4_24hpf_roi1,aang,mem-mito,4.0,11/6/25,1.1,casper,ef1a:2xLynk:tdmChilada (F1 of allele 315),,2xCox8A:mSG,,X:\abcabc\Aang_Foundation\20251106_mem-mito,,,pDQM082,315,,MGCO-01
20251107_mem-mito,fish4_24hpf_roi2,fish4_24hpf_roi2,fish4_24hpf_roi2,400,/clusterfs/vast/abcabc/Aang_Foundation/20251107_mem-mito/fish4_24hpf_roi2,aang,mem-mito,4.0,11/6/25,1.1,casper,ef1a:2xLynk:tdmChilada (F1 of allele 315),,2xCox8A:mSG,,X:\abcabc\Aang_Foundation\20251106_mem-mito,,,pDQM082,315,,MGCO-01
20251107_mem-mito,fish5_24hpf_roi1,fish5_24hpf_roi1,fish5_24hpf_roi1,400,/clusterfs/vast/abcabc/Aang_Foundation/20251107_mem-mito/fish5_24hpf_roi1,aang,mem-mito,4.0,11/6/25,1.1,casper,ef1a:2xLynk:tdmChilada (F1 of allele 315),,2xCox8A:mSG,,X:\abcabc\Aang_Foundation\20251106_mem-mito,,,pDQM082,315,,MGCO-01
20251107_mem-mito,fish5_24hpf_roi2,fish5_24hpf_roi2,fish5_24hpf_roi2,400,/clusterfs/vast/abcabc/Aang_Foundation/20251107_mem-mito/fish5_24hpf_roi2,aang,mem-mito,4.0,11/6/25,1.1,casper,ef1a:2xLynk:tdmChilada (F1 of allele 315),,2xCox8A:mSG,,X:\abcabc\Aang_Foundation\20251106_mem-mito,,,pDQM082,315,,MGCO-01
20251107_mem-mito,fish6_24hpf_roi1,fish6_24hpf_roi1,fish6_24hpf_roi1,400,/clusterfs/vast/abcabc/Aang_Foundation/20251107_mem-mito/fish6_24hpf_roi1,aang,mem-mito,4.0,11/6/25,1.1,casper,ef1a:2xLynk:tdmChilada (F1 of allele 315),,2xCox8A:mSG,,X:\abcabc\Aang_Foundation\20251106_mem-mito,,,pDQM082,315,,MGCO-01
20251107_mem-mito,fish6_24hpf_roi2,fish6_24hpf_roi2,fish6_24hpf_roi2,400,/clusterfs/vast/abcabc/Aang_Foundation/20251107_mem-mito/fish6_24hpf_roi2,aang,mem-mito,4.0,11/6/25,1.1,casper,ef1a:2xLynk:tdmChilada (F1 of allele 315),,2xCox8A:mSG,,X:\abcabc\Aang_Foundation\20251106_mem-mito,,,pDQM082,315,,MGCO-01
Denoising,20251028_peroxi,roi1_560_10ms,roi1_560_10ms,2,/clusterfs/vast/abcabc/Aang_Foundation/Denoising/20251028_peroxi/roi1_560_10ms,aang,,,,,,,,,,,,,,,,
Denoising,20251028_peroxi,roi1_560_76ms,roi1_560_76ms,2,/clusterfs/vast/abcabc/Aang_Foundation/Denoising/20251028_peroxi/roi1_560_76ms,aang,,,,,,,,,,,,,,,,
Denoising,20251029_mem-histone,fish1_roi1,fish1_roi1,96,/clusterfs/vast/abcabc/Aang_Foundation/Denoising/20251029_mem-histone/fish1_roi1,aang,,,,,,,,,,,,,,,,
Denoising,20251029_mem-histone,fish3_roi1,fish3_roi1,288,/clusterfs/vast/abcabc/Aang_Foundation/Denoising/20251029_mem-histone/fish3_roi1,aang,,,,,,,,,,,,,,,,
Denoising,20251029_mem-histone,fish4_roi1,fish4_roi1,288,/clusterfs/vast/abcabc/Aang_Foundation/Denoising/20251029_mem-histone/fish4_roi1,aang,,,,,,,,,,,,,,,,
Denoising,20251029_mem-histone,fish5_roi1,fish5_roi1,288,/clusterfs/vast/abcabc/Aang_Foundation/Denoising/20251029_mem-histone/fish5_roi1,aang,,,,,,,,,,,,,,,,
Denoising,20251029_mem-histone,fish5_roi2,fish5_roi2,288,/clusterfs/vast/abcabc/Aang_Foundation/Denoising/20251029_mem-histone/fish5_roi2,aang,,,,,,,,,,,,,,,,
Denoising,20251029_mem-histone,fish5_roi3,fish5_roi3,288,/clusterfs/vast/abcabc/Aang_Foundation/Denoising/20251029_mem-histone/fish5_roi3,aang,,,,,,,,,,,,,,,,
Denoising,20251029_peroxi,fish1_roi1,fish1_roi1,144,/clusterfs/vast/abcabc/Aang_Foundation/Denoising/20251029_peroxi/fish1_roi1,aang,,,,,,,,,,,,,,,,
Denoising,20251029_peroxi,fish3_roi1,fish3_roi1,444,/clusterfs/vast/abcabc/Aang_Foundation/Denoising/20251029_peroxi/fish3_roi1,aang,,,,,,,,,,,,,,,,
